cenario,k,SOC,PBESS,uref,Pload,Pmax,grid,u_heur,u_fs,SOC_next,Pnao
carga_faixas,0,60.0000000000,0.0000000000,0.0000000000,600.0000000000,800.0000000000,1,0.0000000000,nan,60.0000000000,0.0000000000
carga_faixas,1,60.0000000000,0.0000000000,0.0000000000,600.0000000000,800.0000000000,1,0.0000000000,nan,60.0000000000,0.0000000000
carga_faixas,2,60.0000000000,0.0000000000,0.0000000000,600.0000000000,800.0000000000,1,0.0000000000,nan,60.0000000000,0.0000000000
carga_faixas,3,60.0000000000,0.0000000000,0.0000000000,600.0000000000,800.0000000000,1,0.0000000000,nan,60.0000000000,0.0000000000
carga_faixas,4,60.0000000000,0.0000000000,0.0000000000,600.0000000000,800.0000000000,1,0.0000000000,nan,60.0000000000,0.0000000000
carga_faixas,5,60.0000000000,0.0000000000,0.0000000000,600.0000000000,800.0000000000,1,0.0000000000,nan,60.0000000000,0.0000000000
carga_faixas,6,60.0000000000,0.0000000000,0.0000000000,600.0000000000,800.0000000000,1,0.0000000000,nan,60.0000000000,0.0000000000
carga_faixas,7,60.0000000000,0.0000000000,0.0000000000,600.0000000000,800.0000000000,1,0.0000000000,nan,60.0000000000,0.0000000000
carga_faixas,8,60.0000000000,0.0000000000,0.0000000000,600.0000000000,800.0000000000,1,0.0000000000,nan,60.0000000000,0.0000000000
carga_faixas,9,60.0000000000,0.0000000000,0.0000000000,600.0000000000,800.0000000000,1,0.0000000000,nan,60.0000000000,0.0000000000
carga_faixas,10,60.0000000000,0.0000000000,0.0000000000,600.0000000000,800.0000000000,1,0.0000000000,nan,60.0000000000,0.0000000000
carga_faixas,11,60.0000000000,0.0000000000,0.0000000000,600.0000000000,800.0000000000,1,0.0000000000,nan,60.0000000000,0.0000000000
carga_faixas,12,60.0000000000,0.0000000000,0.0000000000,600.0000000000,800.0000000000,1,0.0000000000,nan,60.0000000000,0.0000000000
carga_faixas,13,60.0000000000,0.0000000000,0.0000000000,600.0000000000,800.0000000000,1,0.0000000000,nan,60.0000000000,0.0000000000
carga_faixas,14,60.0000000000,0.0000000000,0.0000000000,600.0000000000,800.0000000000,1,0.0000000000,nan,60.0000000000,0.0000000000
carga_faixas,15,60.0000000000,0.0000000000,0.0000000000,600.0000000000,800.0000000000,1,0.0000000000,nan,60.0000000000,0.0000000000
carga_faixas,16,60.0000000000,0.0000000000,0.0000000000,600.0000000000,800.0000000000,1,0.0000000000,nan,60.0000000000,0.0000000000
carga_faixas,17,60.0000000000,0.0000000000,0.0000000000,600.0000000000,800.0000000000,1,0.0000000000,nan,60.0000000000,0.0000000000
carga_faixas,18,60.0000000000,0.0000000000,0.0000000000,600.0000000000,800.0000000000,1,0.0000000000,nan,60.0000000000,0.0000000000
carga_faixas,19,60.0000000000,0.0000000000,0.0000000000,600.0000000000,800.0000000000,1,0.0000000000,nan,60.0000000000,0.0000000000
carga_faixas,20,60.0000000000,0.0000000000,0.0000000000,600.0000000000,800.0000000000,1,0.0000000000,nan,60.0000000000,0.0000000000
carga_faixas,21,60.0000000000,0.0000000000,0.0000000000,600.0000000000,800.0000000000,1,0.0000000000,nan,60.0000000000,0.0000000000
carga_faixas,22,60.0000000000,0.0000000000,0.0000000000,600.0000000000,800.0000000000,1,0.0000000000,nan,60.0000000000,0.0000000000
carga_faixas,23,60.0000000000,0.0000000000,0.0000000000,600.0000000000,800.0000000000,1,0.0000000000,nan,60.0000000000,0.0000000000
carga_faixas,24,60.0000000000,0.0000000000,0.0000000000,600.0000000000,800.0000000000,1,0.0000000000,nan,60.0000000000,0.0000000000
carga_faixas,25,60.0000000000,0.0000000000,0.0000000000,600.0000000000,800.0000000000,1,0.0000000000,nan,60.0000000000,0.0000000000
carga_faixas,26,60.0000000000,0.0000000000,0.0000000000,600.0000000000,800.0000000000,1,0.0000000000,nan,60.0000000000,0.0000000000
carga_faixas,27,60.0000000000,0.0000000000,0.0000000000,600.0000000000,800.0000000000,1,0.0000000000,nan,60.0000000000,0.0000000000
carga_faixas,28,60.0000000000,0.0000000000,0.0000000000,600.0000000000,800.0000000000,1,0.0000000000,nan,60.0000000000,0.0000000000
carga_faixas,29,60.0000000000,0.0000000000,0.0000000000,600.0000000000,800.0000000000,1,0.0000000000,nan,60.0000000000,0.0000000000
carga_faixas,30,60.0000000000,0.0000000000,0.0000000000,600.0000000000,800.0000000000,1,0.0000000000,nan,60.0000000000,0.0000000000
carga_faixas,31,60.0000000000,0.0000000000,0.0000000000,600.0000000000,800.0000000000,1,0.0000000000,nan,60.0000000000,0.0000000000
carga_faixas,32,60.0000000000,0.0000000000,0.0000000000,600.0000000000,800.0000000000,1,0.0000000000,nan,60.0000000000,0.0000000000
carga_faixas,33,60.0000000000,0.0000000000,0.0000000000,600.0000000000,800.0000000000,1,0.0000000000,nan,60.0000000000,0.0000000000
carga_faixas,34,60.0000000000,0.0000000000,0.0000000000,600.0000000000,800.0000000000,1,0.0000000000,nan,60.0000000000,0.0000000000
carga_faixas,35,60.0000000000,0.0000000000,0.0000000000,600.0000000000,800.0000000000,1,0.0000000000,nan,60.0000000000,0.0000000000
carga_faixas,36,60.0000000000,0.0000000000,0.0000000000,600.0000000000,800.0000000000,1,0.0000000000,nan,60.0000000000,0.0000000000
carga_faixas,37,60.0000000000,0.0000000000,0.0000000000,600.0000000000,800.0000000000,1,0.0000000000,nan,60.0000000000,0.0000000000
carga_faixas,38,60.0000000000,0.0000000000,0.0000000000,600.0000000000,800.0000000000,1,0.0000000000,nan,60.0000000000,0.0000000000
carga_faixas,39,60.0000000000,0.0000000000,0.0000000000,600.0000000000,800.0000000000,1,0.0000000000,nan,60.0000000000,0.0000000000
carga_faixas,40,60.0000000000,0.0000000000,0.0000000000,600.0000000000,800.0000000000,1,0.0000000000,nan,60.0000000000,0.0000000000
carga_faixas,41,60.0000000000,0.0000000000,0.0000000000,600.0000000000,800.0000000000,1,0.0000000000,nan,60.0000000000,0.0000000000
carga_faixas,42,60.0000000000,0.0000000000,0.0000000000,600.0000000000,800.0000000000,1,0.0000000000,nan,60.0000000000,0.0000000000
carga_faixas,43,60.0000000000,0.0000000000,0.0000000000,600.0000000000,800.0000000000,1,0.0000000000,nan,60.0000000000,0.0000000000
carga_faixas,44,60.0000000000,0.0000000000,0.0000000000,600.0000000000,800.0000000000,1,0.0000000000,nan,60.0000000000,0.0000000000
carga_faixas,45,60.0000000000,0.0000000000,0.0000000000,600.0000000000,800.0000000000,1,0.0000000000,nan,60.0000000000,0.0000000000
carga_faixas,46,60.0000000000,0.0000000000,0.0000000000,600.0000000000,800.0000000000,1,0.0000000000,nan,60.0000000000,0.0000000000
carga_faixas,47,60.0000000000,0.0000000000,0.0000000000,600.0000000000,800.0000000000,1,0.0000000000,nan,60.0000000000,0.0000000000
carga_faixas,48,60.0000000000,0.0000000000,0.0000000000,600.0000000000,800.0000000000,1,0.0000000000,nan,60.0000000000,0.0000000000
carga_faixas,49,60.0000000000,0.0000000000,0.0000000000,600.0000000000,800.0000000000,1,0.0000000000,nan,60.0000000000,0.0000000000
carga_faixas,50,60.0000000000,0.0000000000,0.0000000000,600.0000000000,800.0000000000,1,0.0000000000,nan,60.0000000000,0.0000000000
carga_faixas,51,60.0000000000,0.0000000000,0.0000000000,600.0000000000,800.0000000000,1,0.0000000000,nan,60.0000000000,0.0000000000
carga_faixas,52,60.0000000000,0.0000000000,0.0000000000,600.0000000000,800.0000000000,1,0.0000000000,nan,60.0000000000,0.0000000000
carga_faixas,53,60.0000000000,0.0000000000,0.0000000000,600.0000000000,800.0000000000,1,0.0000000000,nan,60.0000000000,0.0000000000
carga_faixas,54,60.0000000000,0.0000000000,0.0000000000,600.0000000000,800.0000000000,1,0.0000000000,nan,60.0000000000,0.0000000000
carga_faixas,55,60.0000000000,0.0000000000,0.0000000000,600.0000000000,800.0000000000,1,0.0000000000,nan,60.0000000000,0.0000000000
carga_faixas,56,60.0000000000,0.0000000000,0.0000000000,600.0000000000,800.0000000000,1,0.0000000000,nan,60.0000000000,0.0000000000
carga_faixas,57,60.0000000000,0.0000000000,0.0000000000,600.0000000000,800.0000000000,1,0.0000000000,nan,60.0000000000,0.0000000000
carga_faixas,58,60.0000000000,0.0000000000,0.0000000000,600.0000000000,800.0000000000,1,0.0000000000,nan,60.0000000000,0.0000000000
carga_faixas,59,60.0000000000,0.0000000000,0.0000000000,600.0000000000,800.0000000000,1,0.0000000000,nan,60.0000000000,0.0000000000
carga_faixas,60,60.0000000000,0.0000000000,0.0000000000,600.0000000000,800.0000000000,1,0.0000000000,nan,60.0000000000,0.0000000000
carga_faixas,61,60.0000000000,0.0000000000,0.0000000000,600.0000000000,800.0000000000,1,0.0000000000,nan,60.0000000000,0.0000000000
carga_faixas,62,60.0000000000,0.0000000000,0.0000000000,600.0000000000,800.0000000000,1,0.0000000000,nan,60.0000000000,0.0000000000
carga_faixas,63,60.0000000000,0.0000000000,0.0000000000,600.0000000000,800.0000000000,1,0.0000000000,nan,60.0000000000,0.0000000000
carga_faixas,64,60.0000000000,0.0000000000,0.0000000000,600.0000000000,800.0000000000,1,0.0000000000,nan,60.0000000000,0.0000000000
carga_faixas,65,60.0000000000,0.0000000000,0.0000000000,600.0000000000,800.0000000000,1,0.0000000000,nan,60.0000000000,0.0000000000
carga_faixas,66,60.0000000000,0.0000000000,0.0000000000,600.0000000000,800.0000000000,1,0.0000000000,nan,60.0000000000,0.0000000000
carga_faixas,67,60.0000000000,0.0000000000,0.0000000000,600.0000000000,800.0000000000,1,0.0000000000,nan,60.0000000000,0.0000000000
carga_faixas,68,60.0000000000,0.0000000000,0.0000000000,600.0000000000,800.0000000000,1,0.0000000000,nan,60.0000000000,0.0000000000
carga_faixas,69,60.0000000000,0.0000000000,0.0000000000,600.0000000000,800.0000000000,1,0.0000000000,nan,60.0000000000,0.0000000000
carga_faixas,70,60.0000000000,0.0000000000,0.0000000000,600.0000000000,800.0000000000,1,0.0000000000,nan,60.0000000000,0.0000000000
carga_faixas,71,60.0000000000,0.0000000000,0.0000000000,600.0000000000,800.0000000000,1,0.0000000000,nan,60.0000000000,0.0000000000
carga_faixas,72,60.0000000000,0.0000000000,0.0000000000,600.0000000000,800.0000000000,1,0.0000000000,nan,60.0000000000,0.0000000000
carga_faixas,73,60.0000000000,0.0000000000,0.0000000000,600.0000000000,800.0000000000,1,0.0000000000,nan,60.0000000000,0.0000000000
carga_faixas,74,60.0000000000,0.0000000000,0.0000000000,600.0000000000,800.0000000000,1,0.0000000000,nan,60.0000000000,0.0000000000
carga_faixas,75,60.0000000000,0.0000000000,0.0000000000,600.0000000000,800.0000000000,1,0.0000000000,nan,60.0000000000,0.0000000000
carga_faixas,76,60.0000000000,0.0000000000,0.0000000000,600.0000000000,800.0000000000,1,0.0000000000,nan,60.0000000000,0.0000000000
carga_faixas,77,60.0000000000,0.0000000000,0.0000000000,600.0000000000,800.0000000000,1,0.0000000000,nan,60.0000000000,0.0000000000
carga_faixas,78,60.0000000000,0.0000000000,0.0000000000,600.0000000000,800.0000000000,1,0.0000000000,nan,60.0000000000,0.0000000000
carga_faixas,79,60.0000000000,0.0000000000,0.0000000000,600.0000000000,800.0000000000,1,0.0000000000,nan,60.0000000000,0.0000000000
carga_faixas,80,60.0000000000,0.0000000000,0.0000000000,600.0000000000,800.0000000000,1,0.0000000000,nan,60.0000000000,0.0000000000
carga_faixas,81,60.0000000000,0.0000000000,0.0000000000,600.0000000000,800.0000000000,1,0.0000000000,nan,60.0000000000,0.0000000000
carga_faixas,82,60.0000000000,0.0000000000,0.0000000000,600.0000000000,800.0000000000,1,0.0000000000,nan,60.0000000000,0.0000000000
carga_faixas,83,60.0000000000,0.0000000000,0.0000000000,600.0000000000,800.0000000000,1,0.0000000000,nan,60.0000000000,0.0000000000
carga_faixas,84,60.0000000000,0.0000000000,0.0000000000,600.0000000000,800.0000000000,1,0.0000000000,nan,60.0000000000,0.0000000000
carga_faixas,85,60.0000000000,0.0000000000,0.0000000000,600.0000000000,800.0000000000,1,0.0000000000,nan,60.0000000000,0.0000000000
carga_faixas,86,60.0000000000,0.0000000000,0.0000000000,600.0000000000,800.0000000000,1,0.0000000000,nan,60.0000000000,0.0000000000
carga_faixas,87,60.0000000000,0.0000000000,0.0000000000,600.0000000000,800.0000000000,1,0.0000000000,nan,60.0000000000,0.0000000000
carga_faixas,88,60.0000000000,0.0000000000,0.0000000000,600.0000000000,800.0000000000,1,0.0000000000,nan,60.0000000000,0.0000000000
carga_faixas,89,60.0000000000,0.0000000000,0.0000000000,600.0000000000,800.0000000000,1,0.0000000000,nan,60.0000000000,0.0000000000
carga_faixas,90,60.0000000000,0.0000000000,0.0000000000,600.0000000000,800.0000000000,1,0.0000000000,nan,60.0000000000,0.0000000000
carga_faixas,91,60.0000000000,0.0000000000,0.0000000000,600.0000000000,800.0000000000,1,0.0000000000,nan,60.0000000000,0.0000000000
carga_faixas,92,60.0000000000,0.0000000000,0.0000000000,600.0000000000,800.0000000000,1,0.0000000000,nan,60.0000000000,0.0000000000
carga_faixas,93,60.0000000000,0.0000000000,0.0000000000,600.0000000000,800.0000000000,1,0.0000000000,nan,60.0000000000,0.0000000000
carga_faixas,94,60.0000000000,0.0000000000,0.0000000000,600.0000000000,800.0000000000,1,0.0000000000,nan,60.0000000000,0.0000000000
carga_faixas,95,60.0000000000,0.0000000000,0.0000000000,600.0000000000,800.0000000000,1,0.0000000000,nan,60.0000000000,0.0000000000
carga_faixas,96,60.0000000000,0.0000000000,0.0000000000,600.0000000000,800.0000000000,1,0.0000000000,nan,60.0000000000,0.0000000000
carga_faixas,97,60.0000000000,0.0000000000,0.0000000000,600.0000000000,800.0000000000,1,0.0000000000,nan,60.0000000000,0.0000000000
carga_faixas,98,60.0000000000,0.0000000000,0.0000000000,600.0000000000,800.0000000000,1,0.0000000000,nan,60.0000000000,0.0000000000
carga_faixas,99,60.0000000000,0.0000000000,0.0000000000,600.0000000000,800.0000000000,1,0.0000000000,nan,60.0000000000,0.0000000000
carga_faixas,100,60.0000000000,0.0000000000,0.0000000000,600.0000000000,800.0000000000,1,0.0000000000,nan,60.0000000000,0.0000000000
carga_faixas,101,60.0000000000,0.0000000000,0.0000000000,600.0000000000,800.0000000000,1,0.0000000000,nan,60.0000000000,0.0000000000
carga_faixas,102,60.0000000000,0.0000000000,0.0000000000,600.0000000000,800.0000000000,1,0.0000000000,nan,60.0000000000,0.0000000000
carga_faixas,103,60.0000000000,0.0000000000,0.0000000000,600.0000000000,800.0000000000,1,0.0000000000,nan,60.0000000000,0.0000000000
carga_faixas,104,60.0000000000,0.0000000000,0.0000000000,600.0000000000,800.0000000000,1,0.0000000000,nan,60.0000000000,0.0000000000
carga_faixas,105,60.0000000000,0.0000000000,0.0000000000,600.0000000000,800.0000000000,1,0.0000000000,nan,60.0000000000,0.0000000000
carga_faixas,106,60.0000000000,0.0000000000,0.0000000000,600.0000000000,800.0000000000,1,0.0000000000,nan,60.0000000000,0.0000000000
carga_faixas,107,60.0000000000,0.0000000000,0.0000000000,600.0000000000,800.0000000000,1,0.0000000000,nan,60.0000000000,0.0000000000
carga_faixas,108,60.0000000000,0.0000000000,0.0000000000,600.0000000000,800.0000000000,1,0.0000000000,nan,60.0000000000,0.0000000000
carga_faixas,109,60.0000000000,0.0000000000,0.0000000000,600.0000000000,800.0000000000,1,0.0000000000,nan,60.0000000000,0.0000000000
carga_faixas,110,60.0000000000,0.0000000000,0.0000000000,600.0000000000,800.0000000000,1,0.0000000000,nan,60.0000000000,0.0000000000
carga_faixas,111,60.0000000000,0.0000000000,0.0000000000,600.0000000000,800.0000000000,1,0.0000000000,nan,60.0000000000,0.0000000000
carga_faixas,112,60.0000000000,0.0000000000,0.0000000000,600.0000000000,800.0000000000,1,0.0000000000,nan,60.0000000000,0.0000000000
carga_faixas,113,60.0000000000,0.0000000000,0.0000000000,600.0000000000,800.0000000000,1,0.0000000000,nan,60.0000000000,0.0000000000
carga_faixas,114,60.0000000000,0.0000000000,0.0000000000,600.0000000000,800.0000000000,1,0.0000000000,nan,60.0000000000,0.0000000000
carga_faixas,115,60.0000000000,0.0000000000,0.0000000000,600.0000000000,800.0000000000,1,0.0000000000,nan,60.0000000000,0.0000000000
carga_faixas,116,60.0000000000,0.0000000000,0.0000000000,600.0000000000,800.0000000000,1,0.0000000000,nan,60.0000000000,0.0000000000
carga_faixas,117,60.0000000000,0.0000000000,0.0000000000,600.0000000000,800.0000000000,1,0.0000000000,nan,60.0000000000,0.0000000000
carga_faixas,118,60.0000000000,0.0000000000,0.0000000000,600.0000000000,800.0000000000,1,0.0000000000,nan,60.0000000000,0.0000000000
carga_faixas,119,60.0000000000,0.0000000000,0.0000000000,600.0000000000,800.0000000000,1,0.0000000000,nan,60.0000000000,0.0000000000
carga_faixas,120,60.0000000000,0.0000000000,0.0000000000,600.0000000000,800.0000000000,1,0.0000000000,nan,60.0000000000,0.0000000000
carga_faixas,121,60.0000000000,0.0000000000,0.0000000000,600.0000000000,800.0000000000,1,0.0000000000,nan,60.0000000000,0.0000000000
carga_faixas,122,60.0000000000,0.0000000000,0.0000000000,600.0000000000,800.0000000000,1,0.0000000000,nan,60.0000000000,0.0000000000
carga_faixas,123,60.0000000000,0.0000000000,0.0000000000,600.0000000000,800.0000000000,1,0.0000000000,nan,60.0000000000,0.0000000000
carga_faixas,124,60.0000000000,0.0000000000,0.0000000000,600.0000000000,800.0000000000,1,0.0000000000,nan,60.0000000000,0.0000000000
carga_faixas,125,60.0000000000,0.0000000000,0.0000000000,600.0000000000,800.0000000000,1,0.0000000000,nan,60.0000000000,0.0000000000
carga_faixas,126,60.0000000000,0.0000000000,0.0000000000,600.0000000000,800.0000000000,1,0.0000000000,nan,60.0000000000,0.0000000000
carga_faixas,127,60.0000000000,0.0000000000,0.0000000000,600.0000000000,800.0000000000,1,0.0000000000,nan,60.0000000000,0.0000000000
carga_faixas,128,60.0000000000,0.0000000000,0.0000000000,600.0000000000,800.0000000000,1,0.0000000000,nan,60.0000000000,0.0000000000
carga_faixas,129,60.0000000000,0.0000000000,0.0000000000,600.0000000000,800.0000000000,1,0.0000000000,nan,60.0000000000,0.0000000000
carga_faixas,130,60.0000000000,0.0000000000,0.0000000000,600.0000000000,800.0000000000,1,0.0000000000,nan,60.0000000000,0.0000000000
carga_faixas,131,60.0000000000,0.0000000000,0.0000000000,600.0000000000,800.0000000000,1,0.0000000000,nan,60.0000000000,0.0000000000
carga_faixas,132,60.0000000000,0.0000000000,0.0000000000,600.0000000000,800.0000000000,1,0.0000000000,nan,60.0000000000,0.0000000000
carga_faixas,133,60.0000000000,0.0000000000,0.0000000000,600.0000000000,800.0000000000,1,0.0000000000,nan,60.0000000000,0.0000000000
carga_faixas,134,60.0000000000,0.0000000000,0.0000000000,600.0000000000,800.0000000000,1,0.0000000000,nan,60.0000000000,0.0000000000
carga_faixas,135,60.0000000000,0.0000000000,0.0000000000,600.0000000000,800.0000000000,1,0.0000000000,nan,60.0000000000,0.0000000000
carga_faixas,136,60.0000000000,0.0000000000,0.0000000000,600.0000000000,800.0000000000,1,0.0000000000,nan,60.0000000000,0.0000000000
carga_faixas,137,60.0000000000,0.0000000000,0.0000000000,600.0000000000,800.0000000000,1,0.0000000000,nan,60.0000000000,0.0000000000
carga_faixas,138,60.0000000000,0.0000000000,0.0000000000,600.0000000000,800.0000000000,1,0.0000000000,nan,60.0000000000,0.0000000000
carga_faixas,139,60.0000000000,0.0000000000,0.0000000000,600.0000000000,800.0000000000,1,0.0000000000,nan,60.0000000000,0.0000000000
carga_faixas,140,60.0000000000,0.0000000000,0.0000000000,600.0000000000,800.0000000000,1,0.0000000000,nan,60.0000000000,0.0000000000
carga_faixas,141,60.0000000000,0.0000000000,0.0000000000,600.0000000000,800.0000000000,1,0.0000000000,nan,60.0000000000,0.0000000000
carga_faixas,142,60.0000000000,0.0000000000,0.0000000000,600.0000000000,800.0000000000,1,0.0000000000,nan,60.0000000000,0.0000000000
carga_faixas,143,60.0000000000,0.0000000000,0.0000000000,600.0000000000,800.0000000000,1,0.0000000000,nan,60.0000000000,0.0000000000
carga_faixas,144,60.0000000000,0.0000000000,0.0000000000,600.0000000000,800.0000000000,1,0.0000000000,nan,60.0000000000,0.0000000000
carga_faixas,145,60.0000000000,0.0000000000,0.0000000000,600.0000000000,800.0000000000,1,0.0000000000,nan,60.0000000000,0.0000000000
carga_faixas,146,60.0000000000,0.0000000000,0.0000000000,600.0000000000,800.0000000000,1,0.0000000000,nan,60.0000000000,0.0000000000
carga_faixas,147,60.0000000000,0.0000000000,0.0000000000,600.0000000000,800.0000000000,1,0.0000000000,nan,60.0000000000,0.0000000000
carga_faixas,148,60.0000000000,0.0000000000,0.0000000000,600.0000000000,800.0000000000,1,0.0000000000,nan,60.0000000000,0.0000000000
carga_faixas,149,60.0000000000,0.0000000000,0.0000000000,600.0000000000,800.0000000000,1,0.0000000000,nan,60.0000000000,0.0000000000
carga_faixas,150,60.0000000000,0.0000000000,0.0000000000,600.0000000000,800.0000000000,1,0.0000000000,nan,60.0000000000,0.0000000000
carga_faixas,151,60.0000000000,0.0000000000,0.0000000000,600.0000000000,800.0000000000,1,0.0000000000,nan,60.0000000000,0.0000000000
carga_faixas,152,60.0000000000,0.0000000000,0.0000000000,600.0000000000,800.0000000000,1,0.0000000000,nan,60.0000000000,0.0000000000
carga_faixas,153,60.0000000000,0.0000000000,0.0000000000,600.0000000000,800.0000000000,1,0.0000000000,nan,60.0000000000,0.0000000000
carga_faixas,154,60.0000000000,0.0000000000,0.0000000000,600.0000000000,800.0000000000,1,0.0000000000,nan,60.0000000000,0.0000000000
carga_faixas,155,60.0000000000,0.0000000000,0.0000000000,600.0000000000,800.0000000000,1,0.0000000000,nan,60.0000000000,0.0000000000
carga_faixas,156,60.0000000000,0.0000000000,0.0000000000,600.0000000000,800.0000000000,1,0.0000000000,nan,60.0000000000,0.0000000000
carga_faixas,157,60.0000000000,0.0000000000,0.0000000000,600.0000000000,800.0000000000,1,0.0000000000,nan,60.0000000000,0.0000000000
carga_faixas,158,60.0000000000,0.0000000000,0.0000000000,600.0000000000,800.0000000000,1,0.0000000000,nan,60.0000000000,0.0000000000
carga_faixas,159,60.0000000000,0.0000000000,0.0000000000,600.0000000000,800.0000000000,1,0.0000000000,nan,60.0000000000,0.0000000000
carga_faixas,160,60.0000000000,0.0000000000,0.0000000000,600.0000000000,800.0000000000,1,0.0000000000,nan,60.0000000000,0.0000000000
carga_faixas,161,60.0000000000,0.0000000000,0.0000000000,600.0000000000,800.0000000000,1,0.0000000000,nan,60.0000000000,0.0000000000
carga_faixas,162,60.0000000000,0.0000000000,0.0000000000,600.0000000000,800.0000000000,1,0.0000000000,nan,60.0000000000,0.0000000000
carga_faixas,163,60.0000000000,0.0000000000,0.0000000000,600.0000000000,800.0000000000,1,0.0000000000,nan,60.0000000000,0.0000000000
carga_faixas,164,60.0000000000,0.0000000000,0.0000000000,600.0000000000,800.0000000000,1,0.0000000000,nan,60.0000000000,0.0000000000
carga_faixas,165,60.0000000000,0.0000000000,0.0000000000,600.0000000000,800.0000000000,1,0.0000000000,nan,60.0000000000,0.0000000000
carga_faixas,166,60.0000000000,0.0000000000,0.0000000000,600.0000000000,800.0000000000,1,0.0000000000,nan,60.0000000000,0.0000000000
carga_faixas,167,60.0000000000,0.0000000000,0.0000000000,600.0000000000,800.0000000000,1,0.0000000000,nan,60.0000000000,0.0000000000
carga_faixas,168,60.0000000000,0.0000000000,0.0000000000,600.0000000000,800.0000000000,1,0.0000000000,nan,60.0000000000,0.0000000000
carga_faixas,169,60.0000000000,0.0000000000,0.0000000000,600.0000000000,800.0000000000,1,0.0000000000,nan,60.0000000000,0.0000000000
carga_faixas,170,60.0000000000,0.0000000000,0.0000000000,600.0000000000,800.0000000000,1,0.0000000000,nan,60.0000000000,0.0000000000
carga_faixas,171,60.0000000000,0.0000000000,0.0000000000,600.0000000000,800.0000000000,1,0.0000000000,nan,60.0000000000,0.0000000000
carga_faixas,172,60.0000000000,0.0000000000,0.0000000000,600.0000000000,800.0000000000,1,0.0000000000,nan,60.0000000000,0.0000000000
carga_faixas,173,60.0000000000,0.0000000000,0.0000000000,600.0000000000,800.0000000000,1,0.0000000000,nan,60.0000000000,0.0000000000
carga_faixas,174,60.0000000000,0.0000000000,0.0000000000,600.0000000000,800.0000000000,1,0.0000000000,nan,60.0000000000,0.0000000000
carga_faixas,175,60.0000000000,0.0000000000,0.0000000000,600.0000000000,800.0000000000,1,0.0000000000,nan,60.0000000000,0.0000000000
carga_faixas,176,60.0000000000,0.0000000000,0.0000000000,600.0000000000,800.0000000000,1,0.0000000000,nan,60.0000000000,0.0000000000
carga_faixas,177,60.0000000000,0.0000000000,0.0000000000,600.0000000000,800.0000000000,1,0.0000000000,nan,60.0000000000,0.0000000000
carga_faixas,178,60.0000000000,0.0000000000,0.0000000000,600.0000000000,800.0000000000,1,0.0000000000,nan,60.0000000000,0.0000000000
carga_faixas,179,60.0000000000,0.0000000000,0.0000000000,600.0000000000,800.0000000000,1,0.0000000000,nan,60.0000000000,0.0000000000
carga_faixas,180,60.0000000000,0.0000000000,0.0000000000,600.0000000000,800.0000000000,1,0.0000000000,nan,60.0000000000,0.0000000000
carga_faixas,181,60.0000000000,0.0000000000,0.0000000000,600.0000000000,800.0000000000,1,0.0000000000,nan,60.0000000000,0.0000000000
carga_faixas,182,60.0000000000,0.0000000000,0.0000000000,600.0000000000,800.0000000000,1,0.0000000000,nan,60.0000000000,0.0000000000
carga_faixas,183,60.0000000000,0.0000000000,0.0000000000,600.0000000000,800.0000000000,1,0.0000000000,nan,60.0000000000,0.0000000000
carga_faixas,184,60.0000000000,0.0000000000,0.0000000000,600.0000000000,800.0000000000,1,0.0000000000,nan,60.0000000000,0.0000000000
carga_faixas,185,60.0000000000,0.0000000000,0.0000000000,600.0000000000,800.0000000000,1,0.0000000000,nan,60.0000000000,0.0000000000
carga_faixas,186,60.0000000000,0.0000000000,0.0000000000,600.0000000000,800.0000000000,1,0.0000000000,nan,60.0000000000,0.0000000000
carga_faixas,187,60.0000000000,0.0000000000,0.0000000000,600.0000000000,800.0000000000,1,0.0000000000,nan,60.0000000000,0.0000000000
carga_faixas,188,60.0000000000,0.0000000000,0.0000000000,600.0000000000,800.0000000000,1,0.0000000000,nan,60.0000000000,0.0000000000
carga_faixas,189,60.0000000000,0.0000000000,0.0000000000,600.0000000000,800.0000000000,1,0.0000000000,nan,60.0000000000,0.0000000000
carga_faixas,190,60.0000000000,0.0000000000,0.0000000000,600.0000000000,800.0000000000,1,0.0000000000,nan,60.0000000000,0.0000000000
carga_faixas,191,60.0000000000,0.0000000000,0.0000000000,600.0000000000,800.0000000000,1,0.0000000000,nan,60.0000000000,0.0000000000
carga_faixas,192,60.0000000000,0.0000000000,0.0000000000,600.0000000000,800.0000000000,1,0.0000000000,nan,60.0000000000,0.0000000000
carga_faixas,193,60.0000000000,0.0000000000,0.0000000000,600.0000000000,800.0000000000,1,0.0000000000,nan,60.0000000000,0.0000000000
carga_faixas,194,60.0000000000,0.0000000000,0.0000000000,600.0000000000,800.0000000000,1,0.0000000000,nan,60.0000000000,0.0000000000
carga_faixas,195,60.0000000000,0.0000000000,0.0000000000,600.0000000000,800.0000000000,1,0.0000000000,nan,60.0000000000,0.0000000000
carga_faixas,196,60.0000000000,0.0000000000,0.0000000000,600.0000000000,800.0000000000,1,0.0000000000,nan,60.0000000000,0.0000000000
carga_faixas,197,60.0000000000,0.0000000000,0.0000000000,600.0000000000,800.0000000000,1,0.0000000000,nan,60.0000000000,0.0000000000
carga_faixas,198,60.0000000000,0.0000000000,0.0000000000,600.0000000000,800.0000000000,1,0.0000000000,nan,60.0000000000,0.0000000000
carga_faixas,199,60.0000000000,0.0000000000,0.0000000000,600.0000000000,800.0000000000,1,0.0000000000,nan,60.0000000000,0.0000000000
carga_faixas,200,60.0000000000,0.0000000000,0.0000000000,750.0000000000,800.0000000000,1,0.0000000000,nan,60.0000000000,0.0000000000
carga_faixas,201,60.0000000000,0.0000000000,0.0000000000,750.0000000000,800.0000000000,1,0.0000000000,nan,60.0000000000,0.0000000000
carga_faixas,202,60.0000000000,0.0000000000,0.0000000000,750.0000000000,800.0000000000,1,0.0000000000,nan,60.0000000000,0.0000000000
carga_faixas,203,60.0000000000,0.0000000000,0.0000000000,750.0000000000,800.0000000000,1,0.0000000000,nan,60.0000000000,0.0000000000
carga_faixas,204,60.0000000000,0.0000000000,0.0000000000,750.0000000000,800.0000000000,1,0.0000000000,nan,60.0000000000,0.0000000000
carga_faixas,205,60.0000000000,0.0000000000,0.0000000000,750.0000000000,800.0000000000,1,0.0000000000,nan,60.0000000000,0.0000000000
carga_faixas,206,60.0000000000,0.0000000000,0.0000000000,750.0000000000,800.0000000000,1,0.0000000000,nan,60.0000000000,0.0000000000
carga_faixas,207,60.0000000000,0.0000000000,0.0000000000,750.0000000000,800.0000000000,1,0.0000000000,nan,60.0000000000,0.0000000000
carga_faixas,208,60.0000000000,0.0000000000,0.0000000000,750.0000000000,800.0000000000,1,0.0000000000,nan,60.0000000000,0.0000000000
carga_faixas,209,60.0000000000,0.0000000000,0.0000000000,750.0000000000,800.0000000000,1,0.0000000000,nan,60.0000000000,0.0000000000
carga_faixas,210,60.0000000000,0.0000000000,0.0000000000,750.0000000000,800.0000000000,1,0.0000000000,nan,60.0000000000,0.0000000000
carga_faixas,211,60.0000000000,0.0000000000,0.0000000000,750.0000000000,800.0000000000,1,0.0000000000,nan,60.0000000000,0.0000000000
carga_faixas,212,60.0000000000,0.0000000000,0.0000000000,750.0000000000,800.0000000000,1,0.0000000000,nan,60.0000000000,0.0000000000
carga_faixas,213,60.0000000000,0.0000000000,0.0000000000,750.0000000000,800.0000000000,1,0.0000000000,nan,60.0000000000,0.0000000000
carga_faixas,214,60.0000000000,0.0000000000,0.0000000000,750.0000000000,800.0000000000,1,0.0000000000,nan,60.0000000000,0.0000000000
carga_faixas,215,60.0000000000,0.0000000000,0.0000000000,750.0000000000,800.0000000000,1,0.0000000000,nan,60.0000000000,0.0000000000
carga_faixas,216,60.0000000000,0.0000000000,0.0000000000,750.0000000000,800.0000000000,1,0.0000000000,nan,60.0000000000,0.0000000000
carga_faixas,217,60.0000000000,0.0000000000,0.0000000000,750.0000000000,800.0000000000,1,0.0000000000,nan,60.0000000000,0.0000000000
carga_faixas,218,60.0000000000,0.0000000000,0.0000000000,750.0000000000,800.0000000000,1,0.0000000000,nan,60.0000000000,0.0000000000
carga_faixas,219,60.0000000000,0.0000000000,0.0000000000,750.0000000000,800.0000000000,1,0.0000000000,nan,60.0000000000,0.0000000000
carga_faixas,220,60.0000000000,0.0000000000,0.0000000000,750.0000000000,800.0000000000,1,0.0000000000,nan,60.0000000000,0.0000000000
carga_faixas,221,60.0000000000,0.0000000000,0.0000000000,750.0000000000,800.0000000000,1,0.0000000000,nan,60.0000000000,0.0000000000
carga_faixas,222,60.0000000000,0.0000000000,0.0000000000,750.0000000000,800.0000000000,1,0.0000000000,nan,60.0000000000,0.0000000000
carga_faixas,223,60.0000000000,0.0000000000,0.0000000000,750.0000000000,800.0000000000,1,0.0000000000,nan,60.0000000000,0.0000000000
carga_faixas,224,60.0000000000,0.0000000000,0.0000000000,750.0000000000,800.0000000000,1,0.0000000000,nan,60.0000000000,0.0000000000
carga_faixas,225,60.0000000000,0.0000000000,0.0000000000,750.0000000000,800.0000000000,1,0.0000000000,nan,60.0000000000,0.0000000000
carga_faixas,226,60.0000000000,0.0000000000,0.0000000000,750.0000000000,800.0000000000,1,0.0000000000,nan,60.0000000000,0.0000000000
carga_faixas,227,60.0000000000,0.0000000000,0.0000000000,750.0000000000,800.0000000000,1,0.0000000000,nan,60.0000000000,0.0000000000
carga_faixas,228,60.0000000000,0.0000000000,0.0000000000,750.0000000000,800.0000000000,1,0.0000000000,nan,60.0000000000,0.0000000000
carga_faixas,229,60.0000000000,0.0000000000,0.0000000000,750.0000000000,800.0000000000,1,0.0000000000,nan,60.0000000000,0.0000000000
carga_faixas,230,60.0000000000,0.0000000000,0.0000000000,750.0000000000,800.0000000000,1,0.0000000000,nan,60.0000000000,0.0000000000
carga_faixas,231,60.0000000000,0.0000000000,0.0000000000,750.0000000000,800.0000000000,1,0.0000000000,nan,60.0000000000,0.0000000000
carga_faixas,232,60.0000000000,0.0000000000,0.0000000000,750.0000000000,800.0000000000,1,0.0000000000,nan,60.0000000000,0.0000000000
carga_faixas,233,60.0000000000,0.0000000000,0.0000000000,750.0000000000,800.0000000000,1,0.0000000000,nan,60.0000000000,0.0000000000
carga_faixas,234,60.0000000000,0.0000000000,0.0000000000,750.0000000000,800.0000000000,1,0.0000000000,nan,60.0000000000,0.0000000000
carga_faixas,235,60.0000000000,0.0000000000,0.0000000000,750.0000000000,800.0000000000,1,0.0000000000,nan,60.0000000000,0.0000000000
carga_faixas,236,60.0000000000,0.0000000000,0.0000000000,750.0000000000,800.0000000000,1,0.0000000000,nan,60.0000000000,0.0000000000
carga_faixas,237,60.0000000000,0.0000000000,0.0000000000,750.0000000000,800.0000000000,1,0.0000000000,nan,60.0000000000,0.0000000000
carga_faixas,238,60.0000000000,0.0000000000,0.0000000000,750.0000000000,800.0000000000,1,0.0000000000,nan,60.0000000000,0.0000000000
carga_faixas,239,60.0000000000,0.0000000000,0.0000000000,750.0000000000,800.0000000000,1,0.0000000000,nan,60.0000000000,0.0000000000
carga_faixas,240,60.0000000000,0.0000000000,0.0000000000,750.0000000000,800.0000000000,1,0.0000000000,nan,60.0000000000,0.0000000000
carga_faixas,241,60.0000000000,0.0000000000,0.0000000000,750.0000000000,800.0000000000,1,0.0000000000,nan,60.0000000000,0.0000000000
carga_faixas,242,60.0000000000,0.0000000000,0.0000000000,750.0000000000,800.0000000000,1,0.0000000000,nan,60.0000000000,0.0000000000
carga_faixas,243,60.0000000000,0.0000000000,0.0000000000,750.0000000000,800.0000000000,1,0.0000000000,nan,60.0000000000,0.0000000000
carga_faixas,244,60.0000000000,0.0000000000,0.0000000000,750.0000000000,800.0000000000,1,0.0000000000,nan,60.0000000000,0.0000000000
carga_faixas,245,60.0000000000,0.0000000000,0.0000000000,750.0000000000,800.0000000000,1,0.0000000000,nan,60.0000000000,0.0000000000
carga_faixas,246,60.0000000000,0.0000000000,0.0000000000,750.0000000000,800.0000000000,1,0.0000000000,nan,60.0000000000,0.0000000000
carga_faixas,247,60.0000000000,0.0000000000,0.0000000000,750.0000000000,800.0000000000,1,0.0000000000,nan,60.0000000000,0.0000000000
carga_faixas,248,60.0000000000,0.0000000000,0.0000000000,750.0000000000,800.0000000000,1,0.0000000000,nan,60.0000000000,0.0000000000
carga_faixas,249,60.0000000000,0.0000000000,0.0000000000,750.0000000000,800.0000000000,1,0.0000000000,nan,60.0000000000,0.0000000000
carga_faixas,250,60.0000000000,0.0000000000,0.0000000000,750.0000000000,800.0000000000,1,0.0000000000,nan,60.0000000000,0.0000000000
carga_faixas,251,60.0000000000,0.0000000000,0.0000000000,750.0000000000,800.0000000000,1,0.0000000000,nan,60.0000000000,0.0000000000
carga_faixas,252,60.0000000000,0.0000000000,0.0000000000,750.0000000000,800.0000000000,1,0.0000000000,nan,60.0000000000,0.0000000000
carga_faixas,253,60.0000000000,0.0000000000,0.0000000000,750.0000000000,800.0000000000,1,0.0000000000,nan,60.0000000000,0.0000000000
carga_faixas,254,60.0000000000,0.0000000000,0.0000000000,750.0000000000,800.0000000000,1,0.0000000000,nan,60.0000000000,0.0000000000
carga_faixas,255,60.0000000000,0.0000000000,0.0000000000,750.0000000000,800.0000000000,1,0.0000000000,nan,60.0000000000,0.0000000000
carga_faixas,256,60.0000000000,0.0000000000,0.0000000000,750.0000000000,800.0000000000,1,0.0000000000,nan,60.0000000000,0.0000000000
carga_faixas,257,60.0000000000,0.0000000000,0.0000000000,750.0000000000,800.0000000000,1,0.0000000000,nan,60.0000000000,0.0000000000
carga_faixas,258,60.0000000000,0.0000000000,0.0000000000,750.0000000000,800.0000000000,1,0.0000000000,nan,60.0000000000,0.0000000000
carga_faixas,259,60.0000000000,0.0000000000,0.0000000000,750.0000000000,800.0000000000,1,0.0000000000,nan,60.0000000000,0.0000000000
carga_faixas,260,60.0000000000,0.0000000000,0.0000000000,750.0000000000,800.0000000000,1,0.0000000000,nan,60.0000000000,0.0000000000
carga_faixas,261,60.0000000000,0.0000000000,0.0000000000,750.0000000000,800.0000000000,1,0.0000000000,nan,60.0000000000,0.0000000000
carga_faixas,262,60.0000000000,0.0000000000,0.0000000000,750.0000000000,800.0000000000,1,0.0000000000,nan,60.0000000000,0.0000000000
carga_faixas,263,60.0000000000,0.0000000000,0.0000000000,750.0000000000,800.0000000000,1,0.0000000000,nan,60.0000000000,0.0000000000
carga_faixas,264,60.0000000000,0.0000000000,0.0000000000,750.0000000000,800.0000000000,1,0.0000000000,nan,60.0000000000,0.0000000000
carga_faixas,265,60.0000000000,0.0000000000,0.0000000000,750.0000000000,800.0000000000,1,0.0000000000,nan,60.0000000000,0.0000000000
carga_faixas,266,60.0000000000,0.0000000000,0.0000000000,750.0000000000,800.0000000000,1,0.0000000000,nan,60.0000000000,0.0000000000
carga_faixas,267,60.0000000000,0.0000000000,0.0000000000,750.0000000000,800.0000000000,1,0.0000000000,nan,60.0000000000,0.0000000000
carga_faixas,268,60.0000000000,0.0000000000,0.0000000000,750.0000000000,800.0000000000,1,0.0000000000,nan,60.0000000000,0.0000000000
carga_faixas,269,60.0000000000,0.0000000000,0.0000000000,750.0000000000,800.0000000000,1,0.0000000000,nan,60.0000000000,0.0000000000
carga_faixas,270,60.0000000000,0.0000000000,0.0000000000,750.0000000000,800.0000000000,1,0.0000000000,nan,60.0000000000,0.0000000000
carga_faixas,271,60.0000000000,0.0000000000,0.0000000000,750.0000000000,800.0000000000,1,0.0000000000,nan,60.0000000000,0.0000000000
carga_faixas,272,60.0000000000,0.0000000000,0.0000000000,750.0000000000,800.0000000000,1,0.0000000000,nan,60.0000000000,0.0000000000
carga_faixas,273,60.0000000000,0.0000000000,0.0000000000,750.0000000000,800.0000000000,1,0.0000000000,nan,60.0000000000,0.0000000000
carga_faixas,274,60.0000000000,0.0000000000,0.0000000000,750.0000000000,800.0000000000,1,0.0000000000,nan,60.0000000000,0.0000000000
carga_faixas,275,60.0000000000,0.0000000000,0.0000000000,750.0000000000,800.0000000000,1,0.0000000000,nan,60.0000000000,0.0000000000
carga_faixas,276,60.0000000000,0.0000000000,0.0000000000,750.0000000000,800.0000000000,1,0.0000000000,nan,60.0000000000,0.0000000000
carga_faixas,277,60.0000000000,0.0000000000,0.0000000000,750.0000000000,800.0000000000,1,0.0000000000,nan,60.0000000000,0.0000000000
carga_faixas,278,60.0000000000,0.0000000000,0.0000000000,750.0000000000,800.0000000000,1,0.0000000000,nan,60.0000000000,0.0000000000
carga_faixas,279,60.0000000000,0.0000000000,0.0000000000,750.0000000000,800.0000000000,1,0.0000000000,nan,60.0000000000,0.0000000000
carga_faixas,280,60.0000000000,0.0000000000,0.0000000000,750.0000000000,800.0000000000,1,0.0000000000,nan,60.0000000000,0.0000000000
carga_faixas,281,60.0000000000,0.0000000000,0.0000000000,750.0000000000,800.0000000000,1,0.0000000000,nan,60.0000000000,0.0000000000
carga_faixas,282,60.0000000000,0.0000000000,0.0000000000,750.0000000000,800.0000000000,1,0.0000000000,nan,60.0000000000,0.0000000000
carga_faixas,283,60.0000000000,0.0000000000,0.0000000000,750.0000000000,800.0000000000,1,0.0000000000,nan,60.0000000000,0.0000000000
carga_faixas,284,60.0000000000,0.0000000000,0.0000000000,750.0000000000,800.0000000000,1,0.0000000000,nan,60.0000000000,0.0000000000
carga_faixas,285,60.0000000000,0.0000000000,0.0000000000,750.0000000000,800.0000000000,1,0.0000000000,nan,60.0000000000,0.0000000000
carga_faixas,286,60.0000000000,0.0000000000,0.0000000000,750.0000000000,800.0000000000,1,0.0000000000,nan,60.0000000000,0.0000000000
carga_faixas,287,60.0000000000,0.0000000000,0.0000000000,750.0000000000,800.0000000000,1,0.0000000000,nan,60.0000000000,0.0000000000
carga_faixas,288,60.0000000000,0.0000000000,0.0000000000,750.0000000000,800.0000000000,1,0.0000000000,nan,60.0000000000,0.0000000000
carga_faixas,289,60.0000000000,0.0000000000,0.0000000000,750.0000000000,800.0000000000,1,0.0000000000,nan,60.0000000000,0.0000000000
carga_faixas,290,60.0000000000,0.0000000000,0.0000000000,750.0000000000,800.0000000000,1,0.0000000000,nan,60.0000000000,0.0000000000
carga_faixas,291,60.0000000000,0.0000000000,0.0000000000,750.0000000000,800.0000000000,1,0.0000000000,nan,60.0000000000,0.0000000000
carga_faixas,292,60.0000000000,0.0000000000,0.0000000000,750.0000000000,800.0000000000,1,0.0000000000,nan,60.0000000000,0.0000000000
carga_faixas,293,60.0000000000,0.0000000000,0.0000000000,750.0000000000,800.0000000000,1,0.0000000000,nan,60.0000000000,0.0000000000
carga_faixas,294,60.0000000000,0.0000000000,0.0000000000,750.0000000000,800.0000000000,1,0.0000000000,nan,60.0000000000,0.0000000000
carga_faixas,295,60.0000000000,0.0000000000,0.0000000000,750.0000000000,800.0000000000,1,0.0000000000,nan,60.0000000000,0.0000000000
carga_faixas,296,60.0000000000,0.0000000000,0.0000000000,750.0000000000,800.0000000000,1,0.0000000000,nan,60.0000000000,0.0000000000
carga_faixas,297,60.0000000000,0.0000000000,0.0000000000,750.0000000000,800.0000000000,1,0.0000000000,nan,60.0000000000,0.0000000000
carga_faixas,298,60.0000000000,0.0000000000,0.0000000000,750.0000000000,800.0000000000,1,0.0000000000,nan,60.0000000000,0.0000000000
carga_faixas,299,60.0000000000,0.0000000000,0.0000000000,750.0000000000,800.0000000000,1,0.0000000000,nan,60.0000000000,0.0000000000
carga_faixas,300,60.0000000000,0.0000000000,0.0000000000,750.0000000000,800.0000000000,1,0.0000000000,nan,60.0000000000,0.0000000000
carga_faixas,301,60.0000000000,0.0000000000,0.0000000000,750.0000000000,800.0000000000,1,0.0000000000,nan,60.0000000000,0.0000000000
carga_faixas,302,60.0000000000,0.0000000000,0.0000000000,750.0000000000,800.0000000000,1,0.0000000000,nan,60.0000000000,0.0000000000
carga_faixas,303,60.0000000000,0.0000000000,0.0000000000,750.0000000000,800.0000000000,1,0.0000000000,nan,60.0000000000,0.0000000000
carga_faixas,304,60.0000000000,0.0000000000,0.0000000000,750.0000000000,800.0000000000,1,0.0000000000,nan,60.0000000000,0.0000000000
carga_faixas,305,60.0000000000,0.0000000000,0.0000000000,750.0000000000,800.0000000000,1,0.0000000000,nan,60.0000000000,0.0000000000
carga_faixas,306,60.0000000000,0.0000000000,0.0000000000,750.0000000000,800.0000000000,1,0.0000000000,nan,60.0000000000,0.0000000000
carga_faixas,307,60.0000000000,0.0000000000,0.0000000000,750.0000000000,800.0000000000,1,0.0000000000,nan,60.0000000000,0.0000000000
carga_faixas,308,60.0000000000,0.0000000000,0.0000000000,750.0000000000,800.0000000000,1,0.0000000000,nan,60.0000000000,0.0000000000
carga_faixas,309,60.0000000000,0.0000000000,0.0000000000,750.0000000000,800.0000000000,1,0.0000000000,nan,60.0000000000,0.0000000000
carga_faixas,310,60.0000000000,0.0000000000,0.0000000000,750.0000000000,800.0000000000,1,0.0000000000,nan,60.0000000000,0.0000000000
carga_faixas,311,60.0000000000,0.0000000000,0.0000000000,750.0000000000,800.0000000000,1,0.0000000000,nan,60.0000000000,0.0000000000
carga_faixas,312,60.0000000000,0.0000000000,0.0000000000,750.0000000000,800.0000000000,1,0.0000000000,nan,60.0000000000,0.0000000000
carga_faixas,313,60.0000000000,0.0000000000,0.0000000000,750.0000000000,800.0000000000,1,0.0000000000,nan,60.0000000000,0.0000000000
carga_faixas,314,60.0000000000,0.0000000000,0.0000000000,750.0000000000,800.0000000000,1,0.0000000000,nan,60.0000000000,0.0000000000
carga_faixas,315,60.0000000000,0.0000000000,0.0000000000,750.0000000000,800.0000000000,1,0.0000000000,nan,60.0000000000,0.0000000000
carga_faixas,316,60.0000000000,0.0000000000,0.0000000000,750.0000000000,800.0000000000,1,0.0000000000,nan,60.0000000000,0.0000000000
carga_faixas,317,60.0000000000,0.0000000000,0.0000000000,750.0000000000,800.0000000000,1,0.0000000000,nan,60.0000000000,0.0000000000
carga_faixas,318,60.0000000000,0.0000000000,0.0000000000,750.0000000000,800.0000000000,1,0.0000000000,nan,60.0000000000,0.0000000000
carga_faixas,319,60.0000000000,0.0000000000,0.0000000000,750.0000000000,800.0000000000,1,0.0000000000,nan,60.0000000000,0.0000000000
carga_faixas,320,60.0000000000,0.0000000000,0.0000000000,750.0000000000,800.0000000000,1,0.0000000000,nan,60.0000000000,0.0000000000
carga_faixas,321,60.0000000000,0.0000000000,0.0000000000,750.0000000000,800.0000000000,1,0.0000000000,nan,60.0000000000,0.0000000000
carga_faixas,322,60.0000000000,0.0000000000,0.0000000000,750.0000000000,800.0000000000,1,0.0000000000,nan,60.0000000000,0.0000000000
carga_faixas,323,60.0000000000,0.0000000000,0.0000000000,750.0000000000,800.0000000000,1,0.0000000000,nan,60.0000000000,0.0000000000
carga_faixas,324,60.0000000000,0.0000000000,0.0000000000,750.0000000000,800.0000000000,1,0.0000000000,nan,60.0000000000,0.0000000000
carga_faixas,325,60.0000000000,0.0000000000,0.0000000000,750.0000000000,800.0000000000,1,0.0000000000,nan,60.0000000000,0.0000000000
carga_faixas,326,60.0000000000,0.0000000000,0.0000000000,750.0000000000,800.0000000000,1,0.0000000000,nan,60.0000000000,0.0000000000
carga_faixas,327,60.0000000000,0.0000000000,0.0000000000,750.0000000000,800.0000000000,1,0.0000000000,nan,60.0000000000,0.0000000000
carga_faixas,328,60.0000000000,0.0000000000,0.0000000000,750.0000000000,800.0000000000,1,0.0000000000,nan,60.0000000000,0.0000000000
carga_faixas,329,60.0000000000,0.0000000000,0.0000000000,750.0000000000,800.0000000000,1,0.0000000000,nan,60.0000000000,0.0000000000
carga_faixas,330,60.0000000000,0.0000000000,0.0000000000,750.0000000000,800.0000000000,1,0.0000000000,nan,60.0000000000,0.0000000000
carga_faixas,331,60.0000000000,0.0000000000,0.0000000000,750.0000000000,800.0000000000,1,0.0000000000,nan,60.0000000000,0.0000000000
carga_faixas,332,60.0000000000,0.0000000000,0.0000000000,750.0000000000,800.0000000000,1,0.0000000000,nan,60.0000000000,0.0000000000
carga_faixas,333,60.0000000000,0.0000000000,0.0000000000,750.0000000000,800.0000000000,1,0.0000000000,nan,60.0000000000,0.0000000000
carga_faixas,334,60.0000000000,0.0000000000,0.0000000000,750.0000000000,800.0000000000,1,0.0000000000,nan,60.0000000000,0.0000000000
carga_faixas,335,60.0000000000,0.0000000000,0.0000000000,750.0000000000,800.0000000000,1,0.0000000000,nan,60.0000000000,0.0000000000
carga_faixas,336,60.0000000000,0.0000000000,0.0000000000,750.0000000000,800.0000000000,1,0.0000000000,nan,60.0000000000,0.0000000000
carga_faixas,337,60.0000000000,0.0000000000,0.0000000000,750.0000000000,800.0000000000,1,0.0000000000,nan,60.0000000000,0.0000000000
carga_faixas,338,60.0000000000,0.0000000000,0.0000000000,750.0000000000,800.0000000000,1,0.0000000000,nan,60.0000000000,0.0000000000
carga_faixas,339,60.0000000000,0.0000000000,0.0000000000,750.0000000000,800.0000000000,1,0.0000000000,nan,60.0000000000,0.0000000000
carga_faixas,340,60.0000000000,0.0000000000,0.0000000000,750.0000000000,800.0000000000,1,0.0000000000,nan,60.0000000000,0.0000000000
carga_faixas,341,60.0000000000,0.0000000000,0.0000000000,750.0000000000,800.0000000000,1,0.0000000000,nan,60.0000000000,0.0000000000
carga_faixas,342,60.0000000000,0.0000000000,0.0000000000,750.0000000000,800.0000000000,1,0.0000000000,nan,60.0000000000,0.0000000000
carga_faixas,343,60.0000000000,0.0000000000,0.0000000000,750.0000000000,800.0000000000,1,0.0000000000,nan,60.0000000000,0.0000000000
carga_faixas,344,60.0000000000,0.0000000000,0.0000000000,750.0000000000,800.0000000000,1,0.0000000000,nan,60.0000000000,0.0000000000
carga_faixas,345,60.0000000000,0.0000000000,0.0000000000,750.0000000000,800.0000000000,1,0.0000000000,nan,60.0000000000,0.0000000000
carga_faixas,346,60.0000000000,0.0000000000,0.0000000000,750.0000000000,800.0000000000,1,0.0000000000,nan,60.0000000000,0.0000000000
carga_faixas,347,60.0000000000,0.0000000000,0.0000000000,750.0000000000,800.0000000000,1,0.0000000000,nan,60.0000000000,0.0000000000
carga_faixas,348,60.0000000000,0.0000000000,0.0000000000,750.0000000000,800.0000000000,1,0.0000000000,nan,60.0000000000,0.0000000000
carga_faixas,349,60.0000000000,0.0000000000,0.0000000000,750.0000000000,800.0000000000,1,0.0000000000,nan,60.0000000000,0.0000000000
carga_faixas,350,60.0000000000,0.0000000000,0.0000000000,750.0000000000,800.0000000000,1,0.0000000000,nan,60.0000000000,0.0000000000
carga_faixas,351,60.0000000000,0.0000000000,0.0000000000,750.0000000000,800.0000000000,1,0.0000000000,nan,60.0000000000,0.0000000000
carga_faixas,352,60.0000000000,0.0000000000,0.0000000000,750.0000000000,800.0000000000,1,0.0000000000,nan,60.0000000000,0.0000000000
carga_faixas,353,60.0000000000,0.0000000000,0.0000000000,750.0000000000,800.0000000000,1,0.0000000000,nan,60.0000000000,0.0000000000
carga_faixas,354,60.0000000000,0.0000000000,0.0000000000,750.0000000000,800.0000000000,1,0.0000000000,nan,60.0000000000,0.0000000000
carga_faixas,355,60.0000000000,0.0000000000,0.0000000000,750.0000000000,800.0000000000,1,0.0000000000,nan,60.0000000000,0.0000000000
carga_faixas,356,60.0000000000,0.0000000000,0.0000000000,750.0000000000,800.0000000000,1,0.0000000000,nan,60.0000000000,0.0000000000
carga_faixas,357,60.0000000000,0.0000000000,0.0000000000,750.0000000000,800.0000000000,1,0.0000000000,nan,60.0000000000,0.0000000000
carga_faixas,358,60.0000000000,0.0000000000,0.0000000000,750.0000000000,800.0000000000,1,0.0000000000,nan,60.0000000000,0.0000000000
carga_faixas,359,60.0000000000,0.0000000000,0.0000000000,750.0000000000,800.0000000000,1,0.0000000000,nan,60.0000000000,0.0000000000
carga_faixas,360,60.0000000000,0.0000000000,0.0000000000,750.0000000000,800.0000000000,1,0.0000000000,nan,60.0000000000,0.0000000000
carga_faixas,361,60.0000000000,0.0000000000,0.0000000000,750.0000000000,800.0000000000,1,0.0000000000,nan,60.0000000000,0.0000000000
carga_faixas,362,60.0000000000,0.0000000000,0.0000000000,750.0000000000,800.0000000000,1,0.0000000000,nan,60.0000000000,0.0000000000
carga_faixas,363,60.0000000000,0.0000000000,0.0000000000,750.0000000000,800.0000000000,1,0.0000000000,nan,60.0000000000,0.0000000000
carga_faixas,364,60.0000000000,0.0000000000,0.0000000000,750.0000000000,800.0000000000,1,0.0000000000,nan,60.0000000000,0.0000000000
carga_faixas,365,60.0000000000,0.0000000000,0.0000000000,750.0000000000,800.0000000000,1,0.0000000000,nan,60.0000000000,0.0000000000
carga_faixas,366,60.0000000000,0.0000000000,0.0000000000,750.0000000000,800.0000000000,1,0.0000000000,nan,60.0000000000,0.0000000000
carga_faixas,367,60.0000000000,0.0000000000,0.0000000000,750.0000000000,800.0000000000,1,0.0000000000,nan,60.0000000000,0.0000000000
carga_faixas,368,60.0000000000,0.0000000000,0.0000000000,750.0000000000,800.0000000000,1,0.0000000000,nan,60.0000000000,0.0000000000
carga_faixas,369,60.0000000000,0.0000000000,0.0000000000,750.0000000000,800.0000000000,1,0.0000000000,nan,60.0000000000,0.0000000000
carga_faixas,370,60.0000000000,0.0000000000,0.0000000000,750.0000000000,800.0000000000,1,0.0000000000,nan,60.0000000000,0.0000000000
carga_faixas,371,60.0000000000,0.0000000000,0.0000000000,750.0000000000,800.0000000000,1,0.0000000000,nan,60.0000000000,0.0000000000
carga_faixas,372,60.0000000000,0.0000000000,0.0000000000,750.0000000000,800.0000000000,1,0.0000000000,nan,60.0000000000,0.0000000000
carga_faixas,373,60.0000000000,0.0000000000,0.0000000000,750.0000000000,800.0000000000,1,0.0000000000,nan,60.0000000000,0.0000000000
carga_faixas,374,60.0000000000,0.0000000000,0.0000000000,750.0000000000,800.0000000000,1,0.0000000000,nan,60.0000000000,0.0000000000
carga_faixas,375,60.0000000000,0.0000000000,0.0000000000,750.0000000000,800.0000000000,1,0.0000000000,nan,60.0000000000,0.0000000000
carga_faixas,376,60.0000000000,0.0000000000,0.0000000000,750.0000000000,800.0000000000,1,0.0000000000,nan,60.0000000000,0.0000000000
carga_faixas,377,60.0000000000,0.0000000000,0.0000000000,750.0000000000,800.0000000000,1,0.0000000000,nan,60.0000000000,0.0000000000
carga_faixas,378,60.0000000000,0.0000000000,0.0000000000,750.0000000000,800.0000000000,1,0.0000000000,nan,60.0000000000,0.0000000000
carga_faixas,379,60.0000000000,0.0000000000,0.0000000000,750.0000000000,800.0000000000,1,0.0000000000,nan,60.0000000000,0.0000000000
carga_faixas,380,60.0000000000,0.0000000000,0.0000000000,750.0000000000,800.0000000000,1,0.0000000000,nan,60.0000000000,0.0000000000
carga_faixas,381,60.0000000000,0.0000000000,0.0000000000,750.0000000000,800.0000000000,1,0.0000000000,nan,60.0000000000,0.0000000000
carga_faixas,382,60.0000000000,0.0000000000,0.0000000000,750.0000000000,800.0000000000,1,0.0000000000,nan,60.0000000000,0.0000000000
carga_faixas,383,60.0000000000,0.0000000000,0.0000000000,750.0000000000,800.0000000000,1,0.0000000000,nan,60.0000000000,0.0000000000
carga_faixas,384,60.0000000000,0.0000000000,0.0000000000,750.0000000000,800.0000000000,1,0.0000000000,nan,60.0000000000,0.0000000000
carga_faixas,385,60.0000000000,0.0000000000,0.0000000000,750.0000000000,800.0000000000,1,0.0000000000,nan,60.0000000000,0.0000000000
carga_faixas,386,60.0000000000,0.0000000000,0.0000000000,750.0000000000,800.0000000000,1,0.0000000000,nan,60.0000000000,0.0000000000
carga_faixas,387,60.0000000000,0.0000000000,0.0000000000,750.0000000000,800.0000000000,1,0.0000000000,nan,60.0000000000,0.0000000000
carga_faixas,388,60.0000000000,0.0000000000,0.0000000000,750.0000000000,800.0000000000,1,0.0000000000,nan,60.0000000000,0.0000000000
carga_faixas,389,60.0000000000,0.0000000000,0.0000000000,750.0000000000,800.0000000000,1,0.0000000000,nan,60.0000000000,0.0000000000
carga_faixas,390,60.0000000000,0.0000000000,0.0000000000,750.0000000000,800.0000000000,1,0.0000000000,nan,60.0000000000,0.0000000000
carga_faixas,391,60.0000000000,0.0000000000,0.0000000000,750.0000000000,800.0000000000,1,0.0000000000,nan,60.0000000000,0.0000000000
carga_faixas,392,60.0000000000,0.0000000000,0.0000000000,750.0000000000,800.0000000000,1,0.0000000000,nan,60.0000000000,0.0000000000
carga_faixas,393,60.0000000000,0.0000000000,0.0000000000,750.0000000000,800.0000000000,1,0.0000000000,nan,60.0000000000,0.0000000000
carga_faixas,394,60.0000000000,0.0000000000,0.0000000000,750.0000000000,800.0000000000,1,0.0000000000,nan,60.0000000000,0.0000000000
carga_faixas,395,60.0000000000,0.0000000000,0.0000000000,750.0000000000,800.0000000000,1,0.0000000000,nan,60.0000000000,0.0000000000
carga_faixas,396,60.0000000000,0.0000000000,0.0000000000,750.0000000000,800.0000000000,1,0.0000000000,nan,60.0000000000,0.0000000000
carga_faixas,397,60.0000000000,0.0000000000,0.0000000000,750.0000000000,800.0000000000,1,0.0000000000,nan,60.0000000000,0.0000000000
carga_faixas,398,60.0000000000,0.0000000000,0.0000000000,750.0000000000,800.0000000000,1,0.0000000000,nan,60.0000000000,0.0000000000
carga_faixas,399,60.0000000000,0.0000000000,0.0000000000,750.0000000000,800.0000000000,1,0.0000000000,nan,60.0000000000,0.0000000000
carga_faixas,400,60.0000000000,0.0000000000,0.0000000000,950.0000000000,800.0000000000,1,150.0000000000,nan,59.9965485146,90.9795989569
carga_faixas,401,59.9965485146,59.0204010431,150.0000000000,950.0000000000,800.0000000000,1,150.0000000000,nan,59.9910035974,55.1819161757
carga_faixas,402,59.9910035974,94.8180838243,150.0000000000,950.0000000000,800.0000000000,1,150.0000000000,nan,59.9841889497,33.4695240223
carga_faixas,403,59.9841889497,116.5304759777,150.0000000000,950.0000000000,800.0000000000,1,150.0000000000,nan,59.9766041714,20.3002924855
carga_faixas,404,59.9766041714,129.6997075145,150.0000000000,950.0000000000,800.0000000000,1,150.0000000000,nan,59.9685522855,12.3127497936
carga_faixas,405,59.9685522855,137.6872502064,150.0000000000,950.0000000000,800.0000000000,1,150.0000000000,nan,59.9602170843,7.4680602552
carga_faixas,406,59.9602170843,142.5319397448,150.0000000000,950.0000000000,800.0000000000,1,150.0000000000,nan,59.9517100438,4.5296075133
carga_faixas,407,59.9517100438,145.4703924867,150.0000000000,950.0000000000,800.0000000000,1,150.0000000000,nan,59.9430987775,2.7473458333
carga_faixas,408,59.9430987775,147.2526541667,150.0000000000,950.0000000000,800.0000000000,1,150.0000000000,nan,59.9344242950,1.6663494807
carga_faixas,409,59.9344242950,148.3336505193,150.0000000000,950.0000000000,800.0000000000,1,150.0000000000,nan,59.9257114700,1.0106920499
carga_faixas,410,59.9257114700,148.9893079501,150.0000000000,950.0000000000,800.0000000000,1,150.0000000000,nan,59.9169753890,0.6130157158
carga_faixas,411,59.9169753890,149.3869842842,150.0000000000,950.0000000000,800.0000000000,1,150.0000000000,nan,59.9082252026,0.3718128265
carga_faixas,412,59.9082252026,149.6281871735,150.0000000000,950.0000000000,800.0000000000,1,150.0000000000,nan,59.8994664609,0.2255158789
carga_faixas,413,59.8994664609,149.7744841211,150.0000000000,950.0000000000,800.0000000000,1,150.0000000000,nan,59.8907025300,0.1367822948
carga_faixas,414,59.8907025300,149.8632177052,150.0000000000,950.0000000000,800.0000000000,1,150.0000000000,nan,59.8819354518,0.0829626555
carga_faixas,415,59.8819354518,149.9170373445,150.0000000000,950.0000000000,800.0000000000,1,150.0000000000,nan,59.8731664646,0.0503193942
carga_faixas,416,59.8731664646,149.9496806058,150.0000000000,950.0000000000,800.0000000000,1,150.0000000000,nan,59.8643963196,0.0305202554
carga_faixas,417,59.8643963196,149.9694797446,150.0000000000,950.0000000000,800.0000000000,1,150.0000000000,nan,59.8556254723,0.0185114706
carga_faixas,418,59.8556254723,149.9814885294,150.0000000000,950.0000000000,800.0000000000,1,150.0000000000,nan,59.8468541991,0.0112277745
carga_faixas,419,59.8468541991,149.9887722255,150.0000000000,950.0000000000,800.0000000000,1,150.0000000000,nan,59.8380826675,0.0068099895
carga_faixas,420,59.8380826675,149.9931900105,150.0000000000,950.0000000000,800.0000000000,1,150.0000000000,nan,59.8293109793,0.0041304674
carga_faixas,421,59.8293109793,149.9958695326,150.0000000000,950.0000000000,800.0000000000,1,150.0000000000,nan,59.8205391959,0.0025052551
carga_faixas,422,59.8205391959,149.9974947449,150.0000000000,950.0000000000,800.0000000000,1,150.0000000000,nan,59.8117673550,0.0015195140
carga_faixas,423,59.8117673550,149.9984804860,150.0000000000,950.0000000000,800.0000000000,1,150.0000000000,nan,59.8029954790,0.0009216319
carga_faixas,424,59.8029954790,149.9990783681,150.0000000000,950.0000000000,800.0000000000,1,150.0000000000,nan,59.7942235819,0.0005589980
carga_faixas,425,59.7942235819,149.9994410020,150.0000000000,950.0000000000,800.0000000000,1,150.0000000000,nan,59.7854516719,0.0003390494
carga_faixas,426,59.7854516719,149.9996609506,150.0000000000,950.0000000000,800.0000000000,1,150.0000000000,nan,59.7766797541,0.0002056439
carga_faixas,427,59.7766797541,149.9997943561,150.0000000000,950.0000000000,800.0000000000,1,150.0000000000,nan,59.7679078316,0.0001247293
carga_faixas,428,59.7679078316,149.9998752707,150.0000000000,950.0000000000,800.0000000000,1,150.0000000000,nan,59.7591359062,0.0000756521
carga_faixas,429,59.7591359062,149.9999243479,150.0000000000,950.0000000000,800.0000000000,1,150.0000000000,nan,59.7503639790,0.0000458853
carga_faixas,430,59.7503639790,149.9999541147,150.0000000000,950.0000000000,800.0000000000,1,150.0000000000,nan,59.7415920508,0.0000278309
carga_faixas,431,59.7415920508,149.9999721691,150.0000000000,950.0000000000,800.0000000000,1,150.0000000000,nan,59.7328201220,0.0000168803
carga_faixas,432,59.7328201220,149.9999831197,150.0000000000,950.0000000000,800.0000000000,1,150.0000000000,nan,59.7240481928,0.0000102384
carga_faixas,433,59.7240481928,149.9999897616,150.0000000000,950.0000000000,800.0000000000,1,150.0000000000,nan,59.7152762633,0.0000062099
carga_faixas,434,59.7152762633,149.9999937901,150.0000000000,950.0000000000,800.0000000000,1,150.0000000000,nan,59.7065043337,0.0000037665
carga_faixas,435,59.7065043337,149.9999962335,150.0000000000,950.0000000000,800.0000000000,1,150.0000000000,nan,59.6977324040,0.0000022845
carga_faixas,436,59.6977324040,149.9999977155,150.0000000000,950.0000000000,800.0000000000,1,150.0000000000,nan,59.6889604743,0.0000013856
carga_faixas,437,59.6889604743,149.9999986144,150.0000000000,950.0000000000,800.0000000000,1,150.0000000000,nan,59.6801885445,0.0000008404
carga_faixas,438,59.6801885445,149.9999991596,150.0000000000,950.0000000000,800.0000000000,1,150.0000000000,nan,59.6714166147,0.0000005097
carga_faixas,439,59.6714166147,149.9999994903,150.0000000000,950.0000000000,800.0000000000,1,150.0000000000,nan,59.6626446849,0.0000003092
carga_faixas,440,59.6626446849,149.9999996908,150.0000000000,950.0000000000,800.0000000000,1,150.0000000000,nan,59.6538727551,0.0000001875
carga_faixas,441,59.6538727551,149.9999998125,150.0000000000,950.0000000000,800.0000000000,1,150.0000000000,nan,59.6451008253,0.0000001137
carga_faixas,442,59.6451008253,149.9999998863,150.0000000000,950.0000000000,800.0000000000,1,150.0000000000,nan,59.6363288955,0.0000000690
carga_faixas,443,59.6363288955,149.9999999310,150.0000000000,950.0000000000,800.0000000000,1,150.0000000000,nan,59.6275569656,0.0000000418
carga_faixas,444,59.6275569656,149.9999999582,150.0000000000,950.0000000000,800.0000000000,1,150.0000000000,nan,59.6187850358,0.0000000254
carga_faixas,445,59.6187850358,149.9999999746,150.0000000000,950.0000000000,800.0000000000,1,150.0000000000,nan,59.6100131060,0.0000000154
carga_faixas,446,59.6100131060,149.9999999846,150.0000000000,950.0000000000,800.0000000000,1,150.0000000000,nan,59.6012411762,0.0000000093
carga_faixas,447,59.6012411762,149.9999999907,150.0000000000,950.0000000000,800.0000000000,1,150.0000000000,nan,59.5924692463,0.0000000057
carga_faixas,448,59.5924692463,149.9999999943,150.0000000000,950.0000000000,800.0000000000,1,150.0000000000,nan,59.5836973165,0.0000000034
carga_faixas,449,59.5836973165,149.9999999966,150.0000000000,950.0000000000,800.0000000000,1,150.0000000000,nan,59.5749253867,0.0000000021
carga_faixas,450,59.5749253867,149.9999999979,150.0000000000,950.0000000000,800.0000000000,1,150.0000000000,nan,59.5661534569,0.0000000013
carga_faixas,451,59.5661534569,149.9999999987,150.0000000000,950.0000000000,800.0000000000,1,150.0000000000,nan,59.5573815270,0.0000000008
carga_faixas,452,59.5573815270,149.9999999992,150.0000000000,950.0000000000,800.0000000000,1,150.0000000000,nan,59.5486095972,0.0000000005
carga_faixas,453,59.5486095972,149.9999999995,150.0000000000,950.0000000000,800.0000000000,1,150.0000000000,nan,59.5398376674,0.0000000003
carga_faixas,454,59.5398376674,149.9999999997,150.0000000000,950.0000000000,800.0000000000,1,150.0000000000,nan,59.5310657376,0.0000000002
carga_faixas,455,59.5310657376,149.9999999998,150.0000000000,950.0000000000,800.0000000000,1,150.0000000000,nan,59.5222938077,0.0000000001
carga_faixas,456,59.5222938077,149.9999999999,150.0000000000,950.0000000000,800.0000000000,1,150.0000000000,nan,59.5135218779,0.0000000001
carga_faixas,457,59.5135218779,149.9999999999,150.0000000000,950.0000000000,800.0000000000,1,150.0000000000,nan,59.5047499481,0.0000000000
carga_faixas,458,59.5047499481,150.0000000000,150.0000000000,950.0000000000,800.0000000000,1,150.0000000000,nan,59.4959780183,0.0000000000
carga_faixas,459,59.4959780183,150.0000000000,150.0000000000,950.0000000000,800.0000000000,1,150.0000000000,nan,59.4872060884,0.0000000000
carga_faixas,460,59.4872060884,150.0000000000,150.0000000000,950.0000000000,800.0000000000,1,150.0000000000,nan,59.4784341586,0.0000000000
carga_faixas,461,59.4784341586,150.0000000000,150.0000000000,950.0000000000,800.0000000000,1,150.0000000000,nan,59.4696622288,0.0000000000
carga_faixas,462,59.4696622288,150.0000000000,150.0000000000,950.0000000000,800.0000000000,1,150.0000000000,nan,59.4608902990,0.0000000000
carga_faixas,463,59.4608902990,150.0000000000,150.0000000000,950.0000000000,800.0000000000,1,150.0000000000,nan,59.4521183691,0.0000000000
carga_faixas,464,59.4521183691,150.0000000000,150.0000000000,950.0000000000,800.0000000000,1,150.0000000000,nan,59.4433464393,0.0000000000
carga_faixas,465,59.4433464393,150.0000000000,150.0000000000,950.0000000000,800.0000000000,1,150.0000000000,nan,59.4345745095,0.0000000000
carga_faixas,466,59.4345745095,150.0000000000,150.0000000000,950.0000000000,800.0000000000,1,150.0000000000,nan,59.4258025797,0.0000000000
carga_faixas,467,59.4258025797,150.0000000000,150.0000000000,950.0000000000,800.0000000000,1,150.0000000000,nan,59.4170306498,0.0000000000
carga_faixas,468,59.4170306498,150.0000000000,150.0000000000,950.0000000000,800.0000000000,1,150.0000000000,nan,59.4082587200,0.0000000000
carga_faixas,469,59.4082587200,150.0000000000,150.0000000000,950.0000000000,800.0000000000,1,150.0000000000,nan,59.3994867902,0.0000000000
carga_faixas,470,59.3994867902,150.0000000000,150.0000000000,950.0000000000,800.0000000000,1,150.0000000000,nan,59.3907148604,0.0000000000
carga_faixas,471,59.3907148604,150.0000000000,150.0000000000,950.0000000000,800.0000000000,1,150.0000000000,nan,59.3819429305,0.0000000000
carga_faixas,472,59.3819429305,150.0000000000,150.0000000000,950.0000000000,800.0000000000,1,150.0000000000,nan,59.3731710007,0.0000000000
carga_faixas,473,59.3731710007,150.0000000000,150.0000000000,950.0000000000,800.0000000000,1,150.0000000000,nan,59.3643990709,0.0000000000
carga_faixas,474,59.3643990709,150.0000000000,150.0000000000,950.0000000000,800.0000000000,1,150.0000000000,nan,59.3556271411,0.0000000000
carga_faixas,475,59.3556271411,150.0000000000,150.0000000000,950.0000000000,800.0000000000,1,150.0000000000,nan,59.3468552113,0.0000000000
carga_faixas,476,59.3468552113,150.0000000000,150.0000000000,950.0000000000,800.0000000000,1,150.0000000000,nan,59.3380832814,0.0000000000
carga_faixas,477,59.3380832814,150.0000000000,150.0000000000,950.0000000000,800.0000000000,1,150.0000000000,nan,59.3293113516,0.0000000000
carga_faixas,478,59.3293113516,150.0000000000,150.0000000000,950.0000000000,800.0000000000,1,150.0000000000,nan,59.3205394218,0.0000000000
carga_faixas,479,59.3205394218,150.0000000000,150.0000000000,950.0000000000,800.0000000000,1,150.0000000000,nan,59.3117674920,0.0000000000
carga_faixas,480,59.3117674920,150.0000000000,150.0000000000,950.0000000000,800.0000000000,1,150.0000000000,nan,59.3029955621,0.0000000000
carga_faixas,481,59.3029955621,150.0000000000,150.0000000000,950.0000000000,800.0000000000,1,150.0000000000,nan,59.2942236323,0.0000000000
carga_faixas,482,59.2942236323,150.0000000000,150.0000000000,950.0000000000,800.0000000000,1,150.0000000000,nan,59.2854517025,0.0000000000
carga_faixas,483,59.2854517025,150.0000000000,150.0000000000,950.0000000000,800.0000000000,1,150.0000000000,nan,59.2766797727,0.0000000000
carga_faixas,484,59.2766797727,150.0000000000,150.0000000000,950.0000000000,800.0000000000,1,150.0000000000,nan,59.2679078428,0.0000000000
carga_faixas,485,59.2679078428,150.0000000000,150.0000000000,950.0000000000,800.0000000000,1,150.0000000000,nan,59.2591359130,0.0000000000
carga_faixas,486,59.2591359130,150.0000000000,150.0000000000,950.0000000000,800.0000000000,1,150.0000000000,nan,59.2503639832,0.0000000000
carga_faixas,487,59.2503639832,150.0000000000,150.0000000000,950.0000000000,800.0000000000,1,150.0000000000,nan,59.2415920534,0.0000000000
carga_faixas,488,59.2415920534,150.0000000000,150.0000000000,950.0000000000,800.0000000000,1,150.0000000000,nan,59.2328201235,0.0000000000
carga_faixas,489,59.2328201235,150.0000000000,150.0000000000,950.0000000000,800.0000000000,1,150.0000000000,nan,59.2240481937,0.0000000000
carga_faixas,490,59.2240481937,150.0000000000,150.0000000000,950.0000000000,800.0000000000,1,150.0000000000,nan,59.2152762639,0.0000000000
carga_faixas,491,59.2152762639,150.0000000000,150.0000000000,950.0000000000,800.0000000000,1,150.0000000000,nan,59.2065043341,0.0000000000
carga_faixas,492,59.2065043341,150.0000000000,150.0000000000,950.0000000000,800.0000000000,1,150.0000000000,nan,59.1977324042,0.0000000000
carga_faixas,493,59.1977324042,150.0000000000,150.0000000000,950.0000000000,800.0000000000,1,150.0000000000,nan,59.1889604744,0.0000000000
carga_faixas,494,59.1889604744,150.0000000000,150.0000000000,950.0000000000,800.0000000000,1,150.0000000000,nan,59.1801885446,0.0000000000
carga_faixas,495,59.1801885446,150.0000000000,150.0000000000,950.0000000000,800.0000000000,1,150.0000000000,nan,59.1714166148,0.0000000000
carga_faixas,496,59.1714166148,150.0000000000,150.0000000000,950.0000000000,800.0000000000,1,150.0000000000,nan,59.1626446849,0.0000000000
carga_faixas,497,59.1626446849,150.0000000000,150.0000000000,950.0000000000,800.0000000000,1,150.0000000000,nan,59.1538727551,0.0000000000
carga_faixas,498,59.1538727551,150.0000000000,150.0000000000,950.0000000000,800.0000000000,1,150.0000000000,nan,59.1451008253,0.0000000000
carga_faixas,499,59.1451008253,150.0000000000,150.0000000000,950.0000000000,800.0000000000,1,150.0000000000,nan,59.1363288955,0.0000000000
carga_faixas,500,59.1363288955,150.0000000000,150.0000000000,950.0000000000,800.0000000000,1,150.0000000000,nan,59.1275569656,0.0000000000
carga_faixas,501,59.1275569656,150.0000000000,150.0000000000,950.0000000000,800.0000000000,1,150.0000000000,nan,59.1187850358,0.0000000000
carga_faixas,502,59.1187850358,150.0000000000,150.0000000000,950.0000000000,800.0000000000,1,150.0000000000,nan,59.1100131060,0.0000000000
carga_faixas,503,59.1100131060,150.0000000000,150.0000000000,950.0000000000,800.0000000000,1,150.0000000000,nan,59.1012411762,0.0000000000
carga_faixas,504,59.1012411762,150.0000000000,150.0000000000,950.0000000000,800.0000000000,1,150.0000000000,nan,59.0924692463,0.0000000000
carga_faixas,505,59.0924692463,150.0000000000,150.0000000000,950.0000000000,800.0000000000,1,150.0000000000,nan,59.0836973165,0.0000000000
carga_faixas,506,59.0836973165,150.0000000000,150.0000000000,950.0000000000,800.0000000000,1,150.0000000000,nan,59.0749253867,0.0000000000
carga_faixas,507,59.0749253867,150.0000000000,150.0000000000,950.0000000000,800.0000000000,1,150.0000000000,nan,59.0661534569,0.0000000000
carga_faixas,508,59.0661534569,150.0000000000,150.0000000000,950.0000000000,800.0000000000,1,150.0000000000,nan,59.0573815270,0.0000000000
carga_faixas,509,59.0573815270,150.0000000000,150.0000000000,950.0000000000,800.0000000000,1,150.0000000000,nan,59.0486095972,0.0000000000
carga_faixas,510,59.0486095972,150.0000000000,150.0000000000,950.0000000000,800.0000000000,1,150.0000000000,nan,59.0398376674,0.0000000000
carga_faixas,511,59.0398376674,150.0000000000,150.0000000000,950.0000000000,800.0000000000,1,150.0000000000,nan,59.0310657376,0.0000000000
carga_faixas,512,59.0310657376,150.0000000000,150.0000000000,950.0000000000,800.0000000000,1,150.0000000000,nan,59.0222938077,0.0000000000
carga_faixas,513,59.0222938077,150.0000000000,150.0000000000,950.0000000000,800.0000000000,1,150.0000000000,nan,59.0135218779,0.0000000000
carga_faixas,514,59.0135218779,150.0000000000,150.0000000000,950.0000000000,800.0000000000,1,150.0000000000,nan,59.0047499481,0.0000000000
carga_faixas,515,59.0047499481,150.0000000000,150.0000000000,950.0000000000,800.0000000000,1,150.0000000000,nan,58.9959780183,0.0000000000
carga_faixas,516,58.9959780183,150.0000000000,150.0000000000,950.0000000000,800.0000000000,1,150.0000000000,nan,58.9872060884,0.0000000000
carga_faixas,517,58.9872060884,150.0000000000,150.0000000000,950.0000000000,800.0000000000,1,150.0000000000,nan,58.9784341586,0.0000000000
carga_faixas,518,58.9784341586,150.0000000000,150.0000000000,950.0000000000,800.0000000000,1,150.0000000000,nan,58.9696622288,0.0000000000
carga_faixas,519,58.9696622288,150.0000000000,150.0000000000,950.0000000000,800.0000000000,1,150.0000000000,nan,58.9608902990,0.0000000000
carga_faixas,520,58.9608902990,150.0000000000,150.0000000000,950.0000000000,800.0000000000,1,150.0000000000,nan,58.9521183691,0.0000000000
carga_faixas,521,58.9521183691,150.0000000000,150.0000000000,950.0000000000,800.0000000000,1,150.0000000000,nan,58.9433464393,0.0000000000
carga_faixas,522,58.9433464393,150.0000000000,150.0000000000,950.0000000000,800.0000000000,1,150.0000000000,nan,58.9345745095,0.0000000000
carga_faixas,523,58.9345745095,150.0000000000,150.0000000000,950.0000000000,800.0000000000,1,150.0000000000,nan,58.9258025797,0.0000000000
carga_faixas,524,58.9258025797,150.0000000000,150.0000000000,950.0000000000,800.0000000000,1,150.0000000000,nan,58.9170306498,0.0000000000
carga_faixas,525,58.9170306498,150.0000000000,150.0000000000,950.0000000000,800.0000000000,1,150.0000000000,nan,58.9082587200,0.0000000000
carga_faixas,526,58.9082587200,150.0000000000,150.0000000000,950.0000000000,800.0000000000,1,150.0000000000,nan,58.8994867902,0.0000000000
carga_faixas,527,58.8994867902,150.0000000000,150.0000000000,950.0000000000,800.0000000000,1,150.0000000000,nan,58.8907148604,0.0000000000
carga_faixas,528,58.8907148604,150.0000000000,150.0000000000,950.0000000000,800.0000000000,1,150.0000000000,nan,58.8819429305,0.0000000000
carga_faixas,529,58.8819429305,150.0000000000,150.0000000000,950.0000000000,800.0000000000,1,150.0000000000,nan,58.8731710007,0.0000000000
carga_faixas,530,58.8731710007,150.0000000000,150.0000000000,950.0000000000,800.0000000000,1,150.0000000000,nan,58.8643990709,0.0000000000
carga_faixas,531,58.8643990709,150.0000000000,150.0000000000,950.0000000000,800.0000000000,1,150.0000000000,nan,58.8556271411,0.0000000000
carga_faixas,532,58.8556271411,150.0000000000,150.0000000000,950.0000000000,800.0000000000,1,150.0000000000,nan,58.8468552113,0.0000000000
carga_faixas,533,58.8468552113,150.0000000000,150.0000000000,950.0000000000,800.0000000000,1,150.0000000000,nan,58.8380832814,0.0000000000
carga_faixas,534,58.8380832814,150.0000000000,150.0000000000,950.0000000000,800.0000000000,1,150.0000000000,nan,58.8293113516,0.0000000000
carga_faixas,535,58.8293113516,150.0000000000,150.0000000000,950.0000000000,800.0000000000,1,150.0000000000,nan,58.8205394218,0.0000000000
carga_faixas,536,58.8205394218,150.0000000000,150.0000000000,950.0000000000,800.0000000000,1,150.0000000000,nan,58.8117674920,0.0000000000
carga_faixas,537,58.8117674920,150.0000000000,150.0000000000,950.0000000000,800.0000000000,1,150.0000000000,nan,58.8029955621,0.0000000000
carga_faixas,538,58.8029955621,150.0000000000,150.0000000000,950.0000000000,800.0000000000,1,150.0000000000,nan,58.7942236323,0.0000000000
carga_faixas,539,58.7942236323,150.0000000000,150.0000000000,950.0000000000,800.0000000000,1,150.0000000000,nan,58.7854517025,0.0000000000
carga_faixas,540,58.7854517025,150.0000000000,150.0000000000,950.0000000000,800.0000000000,1,150.0000000000,nan,58.7766797727,0.0000000000
carga_faixas,541,58.7766797727,150.0000000000,150.0000000000,950.0000000000,800.0000000000,1,150.0000000000,nan,58.7679078428,0.0000000000
carga_faixas,542,58.7679078428,150.0000000000,150.0000000000,950.0000000000,800.0000000000,1,150.0000000000,nan,58.7591359130,0.0000000000
carga_faixas,543,58.7591359130,150.0000000000,150.0000000000,950.0000000000,800.0000000000,1,150.0000000000,nan,58.7503639832,0.0000000000
carga_faixas,544,58.7503639832,150.0000000000,150.0000000000,950.0000000000,800.0000000000,1,150.0000000000,nan,58.7415920534,0.0000000000
carga_faixas,545,58.7415920534,150.0000000000,150.0000000000,950.0000000000,800.0000000000,1,150.0000000000,nan,58.7328201235,0.0000000000
carga_faixas,546,58.7328201235,150.0000000000,150.0000000000,950.0000000000,800.0000000000,1,150.0000000000,nan,58.7240481937,0.0000000000
carga_faixas,547,58.7240481937,150.0000000000,150.0000000000,950.0000000000,800.0000000000,1,150.0000000000,nan,58.7152762639,0.0000000000
carga_faixas,548,58.7152762639,150.0000000000,150.0000000000,950.0000000000,800.0000000000,1,150.0000000000,nan,58.7065043341,0.0000000000
carga_faixas,549,58.7065043341,150.0000000000,150.0000000000,950.0000000000,800.0000000000,1,150.0000000000,nan,58.6977324042,0.0000000000
carga_faixas,550,58.6977324042,150.0000000000,150.0000000000,950.0000000000,800.0000000000,1,150.0000000000,nan,58.6889604744,0.0000000000
carga_faixas,551,58.6889604744,150.0000000000,150.0000000000,950.0000000000,800.0000000000,1,150.0000000000,nan,58.6801885446,0.0000000000
carga_faixas,552,58.6801885446,150.0000000000,150.0000000000,950.0000000000,800.0000000000,1,150.0000000000,nan,58.6714166148,0.0000000000
carga_faixas,553,58.6714166148,150.0000000000,150.0000000000,950.0000000000,800.0000000000,1,150.0000000000,nan,58.6626446849,0.0000000000
carga_faixas,554,58.6626446849,150.0000000000,150.0000000000,950.0000000000,800.0000000000,1,150.0000000000,nan,58.6538727551,0.0000000000
carga_faixas,555,58.6538727551,150.0000000000,150.0000000000,950.0000000000,800.0000000000,1,150.0000000000,nan,58.6451008253,0.0000000000
carga_faixas,556,58.6451008253,150.0000000000,150.0000000000,950.0000000000,800.0000000000,1,150.0000000000,nan,58.6363288955,0.0000000000
carga_faixas,557,58.6363288955,150.0000000000,150.0000000000,950.0000000000,800.0000000000,1,150.0000000000,nan,58.6275569656,0.0000000000
carga_faixas,558,58.6275569656,150.0000000000,150.0000000000,950.0000000000,800.0000000000,1,150.0000000000,nan,58.6187850358,0.0000000000
carga_faixas,559,58.6187850358,150.0000000000,150.0000000000,950.0000000000,800.0000000000,1,150.0000000000,nan,58.6100131060,0.0000000000
carga_faixas,560,58.6100131060,150.0000000000,150.0000000000,950.0000000000,800.0000000000,1,150.0000000000,nan,58.6012411762,0.0000000000
carga_faixas,561,58.6012411762,150.0000000000,150.0000000000,950.0000000000,800.0000000000,1,150.0000000000,nan,58.5924692463,0.0000000000
carga_faixas,562,58.5924692463,150.0000000000,150.0000000000,950.0000000000,800.0000000000,1,150.0000000000,nan,58.5836973165,0.0000000000
carga_faixas,563,58.5836973165,150.0000000000,150.0000000000,950.0000000000,800.0000000000,1,150.0000000000,nan,58.5749253867,0.0000000000
carga_faixas,564,58.5749253867,150.0000000000,150.0000000000,950.0000000000,800.0000000000,1,150.0000000000,nan,58.5661534569,0.0000000000
carga_faixas,565,58.5661534569,150.0000000000,150.0000000000,950.0000000000,800.0000000000,1,150.0000000000,nan,58.5573815270,0.0000000000
carga_faixas,566,58.5573815270,150.0000000000,150.0000000000,950.0000000000,800.0000000000,1,150.0000000000,nan,58.5486095972,0.0000000000
carga_faixas,567,58.5486095972,150.0000000000,150.0000000000,950.0000000000,800.0000000000,1,150.0000000000,nan,58.5398376674,0.0000000000
carga_faixas,568,58.5398376674,150.0000000000,150.0000000000,950.0000000000,800.0000000000,1,150.0000000000,nan,58.5310657376,0.0000000000
carga_faixas,569,58.5310657376,150.0000000000,150.0000000000,950.0000000000,800.0000000000,1,150.0000000000,nan,58.5222938077,0.0000000000
carga_faixas,570,58.5222938077,150.0000000000,150.0000000000,950.0000000000,800.0000000000,1,150.0000000000,nan,58.5135218779,0.0000000000
carga_faixas,571,58.5135218779,150.0000000000,150.0000000000,950.0000000000,800.0000000000,1,150.0000000000,nan,58.5047499481,0.0000000000
carga_faixas,572,58.5047499481,150.0000000000,150.0000000000,950.0000000000,800.0000000000,1,150.0000000000,nan,58.4959780183,0.0000000000
carga_faixas,573,58.4959780183,150.0000000000,150.0000000000,950.0000000000,800.0000000000,1,150.0000000000,nan,58.4872060884,0.0000000000
carga_faixas,574,58.4872060884,150.0000000000,150.0000000000,950.0000000000,800.0000000000,1,150.0000000000,nan,58.4784341586,0.0000000000
carga_faixas,575,58.4784341586,150.0000000000,150.0000000000,950.0000000000,800.0000000000,1,150.0000000000,nan,58.4696622288,0.0000000000
carga_faixas,576,58.4696622288,150.0000000000,150.0000000000,950.0000000000,800.0000000000,1,150.0000000000,nan,58.4608902990,0.0000000000
carga_faixas,577,58.4608902990,150.0000000000,150.0000000000,950.0000000000,800.0000000000,1,150.0000000000,nan,58.4521183691,0.0000000000
carga_faixas,578,58.4521183691,150.0000000000,150.0000000000,950.0000000000,800.0000000000,1,150.0000000000,nan,58.4433464393,0.0000000000
carga_faixas,579,58.4433464393,150.0000000000,150.0000000000,950.0000000000,800.0000000000,1,150.0000000000,nan,58.4345745095,0.0000000000
carga_faixas,580,58.4345745095,150.0000000000,150.0000000000,950.0000000000,800.0000000000,1,150.0000000000,nan,58.4258025797,0.0000000000
carga_faixas,581,58.4258025797,150.0000000000,150.0000000000,950.0000000000,800.0000000000,1,150.0000000000,nan,58.4170306498,0.0000000000
carga_faixas,582,58.4170306498,150.0000000000,150.0000000000,950.0000000000,800.0000000000,1,150.0000000000,nan,58.4082587200,0.0000000000
carga_faixas,583,58.4082587200,150.0000000000,150.0000000000,950.0000000000,800.0000000000,1,150.0000000000,nan,58.3994867902,0.0000000000
carga_faixas,584,58.3994867902,150.0000000000,150.0000000000,950.0000000000,800.0000000000,1,150.0000000000,nan,58.3907148604,0.0000000000
carga_faixas,585,58.3907148604,150.0000000000,150.0000000000,950.0000000000,800.0000000000,1,150.0000000000,nan,58.3819429305,0.0000000000
carga_faixas,586,58.3819429305,150.0000000000,150.0000000000,950.0000000000,800.0000000000,1,150.0000000000,nan,58.3731710007,0.0000000000
carga_faixas,587,58.3731710007,150.0000000000,150.0000000000,950.0000000000,800.0000000000,1,150.0000000000,nan,58.3643990709,0.0000000000
carga_faixas,588,58.3643990709,150.0000000000,150.0000000000,950.0000000000,800.0000000000,1,150.0000000000,nan,58.3556271411,0.0000000000
carga_faixas,589,58.3556271411,150.0000000000,150.0000000000,950.0000000000,800.0000000000,1,150.0000000000,nan,58.3468552113,0.0000000000
carga_faixas,590,58.3468552113,150.0000000000,150.0000000000,950.0000000000,800.0000000000,1,150.0000000000,nan,58.3380832814,0.0000000000
carga_faixas,591,58.3380832814,150.0000000000,150.0000000000,950.0000000000,800.0000000000,1,150.0000000000,nan,58.3293113516,0.0000000000
carga_faixas,592,58.3293113516,150.0000000000,150.0000000000,950.0000000000,800.0000000000,1,150.0000000000,nan,58.3205394218,0.0000000000
carga_faixas,593,58.3205394218,150.0000000000,150.0000000000,950.0000000000,800.0000000000,1,150.0000000000,nan,58.3117674920,0.0000000000
carga_faixas,594,58.3117674920,150.0000000000,150.0000000000,950.0000000000,800.0000000000,1,150.0000000000,nan,58.3029955621,0.0000000000
carga_faixas,595,58.3029955621,150.0000000000,150.0000000000,950.0000000000,800.0000000000,1,150.0000000000,nan,58.2942236323,0.0000000000
carga_faixas,596,58.2942236323,150.0000000000,150.0000000000,950.0000000000,800.0000000000,1,150.0000000000,nan,58.2854517025,0.0000000000
carga_faixas,597,58.2854517025,150.0000000000,150.0000000000,950.0000000000,800.0000000000,1,150.0000000000,nan,58.2766797727,0.0000000000
carga_faixas,598,58.2766797727,150.0000000000,150.0000000000,950.0000000000,800.0000000000,1,150.0000000000,nan,58.2679078428,0.0000000000
carga_faixas,599,58.2679078428,150.0000000000,150.0000000000,950.0000000000,800.0000000000,1,150.0000000000,nan,58.2591359130,0.0000000000
carga_faixas,600,58.2591359130,150.0000000000,150.0000000000,950.0000000000,800.0000000000,1,150.0000000000,nan,58.2503639832,0.0000000000
carga_faixas,601,58.2503639832,150.0000000000,150.0000000000,950.0000000000,800.0000000000,1,150.0000000000,nan,58.2415920534,0.0000000000
carga_faixas,602,58.2415920534,150.0000000000,150.0000000000,950.0000000000,800.0000000000,1,150.0000000000,nan,58.2328201235,0.0000000000
carga_faixas,603,58.2328201235,150.0000000000,150.0000000000,950.0000000000,800.0000000000,1,150.0000000000,nan,58.2240481937,0.0000000000
carga_faixas,604,58.2240481937,150.0000000000,150.0000000000,950.0000000000,800.0000000000,1,150.0000000000,nan,58.2152762639,0.0000000000
carga_faixas,605,58.2152762639,150.0000000000,150.0000000000,950.0000000000,800.0000000000,1,150.0000000000,nan,58.2065043341,0.0000000000
carga_faixas,606,58.2065043341,150.0000000000,150.0000000000,950.0000000000,800.0000000000,1,150.0000000000,nan,58.1977324042,0.0000000000
carga_faixas,607,58.1977324042,150.0000000000,150.0000000000,950.0000000000,800.0000000000,1,150.0000000000,nan,58.1889604744,0.0000000000
carga_faixas,608,58.1889604744,150.0000000000,150.0000000000,950.0000000000,800.0000000000,1,150.0000000000,nan,58.1801885446,0.0000000000
carga_faixas,609,58.1801885446,150.0000000000,150.0000000000,950.0000000000,800.0000000000,1,150.0000000000,nan,58.1714166148,0.0000000000
carga_faixas,610,58.1714166148,150.0000000000,150.0000000000,950.0000000000,800.0000000000,1,150.0000000000,nan,58.1626446849,0.0000000000
carga_faixas,611,58.1626446849,150.0000000000,150.0000000000,950.0000000000,800.0000000000,1,150.0000000000,nan,58.1538727551,0.0000000000
carga_faixas,612,58.1538727551,150.0000000000,150.0000000000,950.0000000000,800.0000000000,1,150.0000000000,nan,58.1451008253,0.0000000000
carga_faixas,613,58.1451008253,150.0000000000,150.0000000000,950.0000000000,800.0000000000,1,150.0000000000,nan,58.1363288955,0.0000000000
carga_faixas,614,58.1363288955,150.0000000000,150.0000000000,950.0000000000,800.0000000000,1,150.0000000000,nan,58.1275569656,0.0000000000
carga_faixas,615,58.1275569656,150.0000000000,150.0000000000,950.0000000000,800.0000000000,1,150.0000000000,nan,58.1187850358,0.0000000000
carga_faixas,616,58.1187850358,150.0000000000,150.0000000000,950.0000000000,800.0000000000,1,150.0000000000,nan,58.1100131060,0.0000000000
carga_faixas,617,58.1100131060,150.0000000000,150.0000000000,950.0000000000,800.0000000000,1,150.0000000000,nan,58.1012411762,0.0000000000
carga_faixas,618,58.1012411762,150.0000000000,150.0000000000,950.0000000000,800.0000000000,1,150.0000000000,nan,58.0924692463,0.0000000000
carga_faixas,619,58.0924692463,150.0000000000,150.0000000000,950.0000000000,800.0000000000,1,150.0000000000,nan,58.0836973165,0.0000000000
carga_faixas,620,58.0836973165,150.0000000000,150.0000000000,950.0000000000,800.0000000000,1,150.0000000000,nan,58.0749253867,0.0000000000
carga_faixas,621,58.0749253867,150.0000000000,150.0000000000,950.0000000000,800.0000000000,1,150.0000000000,nan,58.0661534569,0.0000000000
carga_faixas,622,58.0661534569,150.0000000000,150.0000000000,950.0000000000,800.0000000000,1,150.0000000000,nan,58.0573815270,0.0000000000
carga_faixas,623,58.0573815270,150.0000000000,150.0000000000,950.0000000000,800.0000000000,1,150.0000000000,nan,58.0486095972,0.0000000000
carga_faixas,624,58.0486095972,150.0000000000,150.0000000000,950.0000000000,800.0000000000,1,150.0000000000,nan,58.0398376674,0.0000000000
carga_faixas,625,58.0398376674,150.0000000000,150.0000000000,950.0000000000,800.0000000000,1,150.0000000000,nan,58.0310657376,0.0000000000
carga_faixas,626,58.0310657376,150.0000000000,150.0000000000,950.0000000000,800.0000000000,1,150.0000000000,nan,58.0222938077,0.0000000000
carga_faixas,627,58.0222938077,150.0000000000,150.0000000000,950.0000000000,800.0000000000,1,150.0000000000,nan,58.0135218779,0.0000000000
carga_faixas,628,58.0135218779,150.0000000000,150.0000000000,950.0000000000,800.0000000000,1,150.0000000000,nan,58.0047499481,0.0000000000
carga_faixas,629,58.0047499481,150.0000000000,150.0000000000,950.0000000000,800.0000000000,1,150.0000000000,nan,57.9959780183,0.0000000000
carga_faixas,630,57.9959780183,150.0000000000,150.0000000000,950.0000000000,800.0000000000,1,150.0000000000,nan,57.9872060884,0.0000000000
carga_faixas,631,57.9872060884,150.0000000000,150.0000000000,950.0000000000,800.0000000000,1,150.0000000000,nan,57.9784341586,0.0000000000
carga_faixas,632,57.9784341586,150.0000000000,150.0000000000,950.0000000000,800.0000000000,1,150.0000000000,nan,57.9696622288,0.0000000000
carga_faixas,633,57.9696622288,150.0000000000,150.0000000000,950.0000000000,800.0000000000,1,150.0000000000,nan,57.9608902990,0.0000000000
carga_faixas,634,57.9608902990,150.0000000000,150.0000000000,950.0000000000,800.0000000000,1,150.0000000000,nan,57.9521183691,0.0000000000
carga_faixas,635,57.9521183691,150.0000000000,150.0000000000,950.0000000000,800.0000000000,1,150.0000000000,nan,57.9433464393,0.0000000000
carga_faixas,636,57.9433464393,150.0000000000,150.0000000000,950.0000000000,800.0000000000,1,150.0000000000,nan,57.9345745095,0.0000000000
carga_faixas,637,57.9345745095,150.0000000000,150.0000000000,950.0000000000,800.0000000000,1,150.0000000000,nan,57.9258025797,0.0000000000
carga_faixas,638,57.9258025797,150.0000000000,150.0000000000,950.0000000000,800.0000000000,1,150.0000000000,nan,57.9170306498,0.0000000000
carga_faixas,639,57.9170306498,150.0000000000,150.0000000000,950.0000000000,800.0000000000,1,150.0000000000,nan,57.9082587200,0.0000000000
carga_faixas,640,57.9082587200,150.0000000000,150.0000000000,950.0000000000,800.0000000000,1,150.0000000000,nan,57.8994867902,0.0000000000
carga_faixas,641,57.8994867902,150.0000000000,150.0000000000,950.0000000000,800.0000000000,1,150.0000000000,nan,57.8907148604,0.0000000000
carga_faixas,642,57.8907148604,150.0000000000,150.0000000000,950.0000000000,800.0000000000,1,150.0000000000,nan,57.8819429305,0.0000000000
carga_faixas,643,57.8819429305,150.0000000000,150.0000000000,950.0000000000,800.0000000000,1,150.0000000000,nan,57.8731710007,0.0000000000
carga_faixas,644,57.8731710007,150.0000000000,150.0000000000,950.0000000000,800.0000000000,1,150.0000000000,nan,57.8643990709,0.0000000000
carga_faixas,645,57.8643990709,150.0000000000,150.0000000000,950.0000000000,800.0000000000,1,150.0000000000,nan,57.8556271411,0.0000000000
carga_faixas,646,57.8556271411,150.0000000000,150.0000000000,950.0000000000,800.0000000000,1,150.0000000000,nan,57.8468552113,0.0000000000
carga_faixas,647,57.8468552113,150.0000000000,150.0000000000,950.0000000000,800.0000000000,1,150.0000000000,nan,57.8380832814,0.0000000000
carga_faixas,648,57.8380832814,150.0000000000,150.0000000000,950.0000000000,800.0000000000,1,150.0000000000,nan,57.8293113516,0.0000000000
carga_faixas,649,57.8293113516,150.0000000000,150.0000000000,950.0000000000,800.0000000000,1,150.0000000000,nan,57.8205394218,0.0000000000
carga_faixas,650,57.8205394218,150.0000000000,150.0000000000,700.0000000000,800.0000000000,1,-100.0000000000,nan,57.8175199677,0.0000000000
carga_faixas,651,57.8175199677,51.6326649282,-100.0000000000,700.0000000000,800.0000000000,1,-100.0000000000,nan,57.8179437806,0.0000000000
carga_faixas,652,57.8179437806,-8.0301397071,-100.0000000000,700.0000000000,800.0000000000,1,-100.0000000000,nan,57.8202774799,0.0000000000
carga_faixas,653,57.8202774799,-44.2174599629,-100.0000000000,700.0000000000,800.0000000000,1,-100.0000000000,nan,57.8237695838,0.0000000000
carga_faixas,654,57.8237695838,-66.1661791908,-100.0000000000,700.0000000000,800.0000000000,1,-100.0000000000,nan,57.8279642956,0.0000000000
carga_faixas,655,57.8279642956,-79.4787503440,-100.0000000000,700.0000000000,800.0000000000,1,-100.0000000000,nan,57.8325851607,0.0000000000
carga_faixas,656,57.8325851607,-87.5532329080,-100.0000000000,700.0000000000,800.0000000000,1,-100.0000000000,nan,57.8374645008,0.0000000000
carga_faixas,657,57.8374645008,-92.4506541444,-100.0000000000,700.0000000000,800.0000000000,1,-100.0000000000,nan,57.8425006139,0.0000000000
carga_faixas,658,57.8425006139,-95.4210902778,-100.0000000000,700.0000000000,800.0000000000,1,-100.0000000000,nan,57.8476318146,0.0000000000
carga_faixas,659,57.8476318146,-97.2227508654,-100.0000000000,700.0000000000,800.0000000000,1,-100.0000000000,nan,57.8528206889,0.0000000000
carga_faixas,660,57.8528206889,-98.3155132502,-100.0000000000,700.0000000000,800.0000000000,1,-100.0000000000,nan,57.8580445440,0.0000000000
carga_faixas,661,57.8580445440,-98.9783071404,-100.0000000000,700.0000000000,800.0000000000,1,-100.0000000000,nan,57.8632896160,0.0000000000
carga_faixas,662,57.8632896160,-99.3803119558,-100.0000000000,700.0000000000,800.0000000000,1,-100.0000000000,nan,57.8685475568,0.0000000000
carga_faixas,663,57.8685475568,-99.6241402018,-100.0000000000,700.0000000000,800.0000000000,1,-100.0000000000,nan,57.8738133028,0.0000000000
carga_faixas,664,57.8738133028,-99.7720295086,-100.0000000000,700.0000000000,800.0000000000,1,-100.0000000000,nan,57.8790837829,0.0000000000
carga_faixas,665,57.8790837829,-99.8617289075,-100.0000000000,700.0000000000,800.0000000000,1,-100.0000000000,nan,57.8843571344,0.0000000000
carga_faixas,666,57.8843571344,-99.9161343430,-100.0000000000,700.0000000000,800.0000000000,1,-100.0000000000,nan,57.8896322276,0.0000000000
carga_faixas,667,57.8896322276,-99.9491329077,-100.0000000000,700.0000000000,800.0000000000,1,-100.0000000000,nan,57.8949083770,0.0000000000
carga_faixas,668,57.8949083770,-99.9691475490,-100.0000000000,700.0000000000,800.0000000000,1,-100.0000000000,nan,57.9001851672,0.0000000000
carga_faixas,669,57.9001851672,-99.9812870425,-100.0000000000,700.0000000000,800.0000000000,1,-100.0000000000,nan,57.9054623459,0.0000000000
carga_faixas,670,57.9054623459,-99.9886500176,-100.0000000000,700.0000000000,800.0000000000,1,-100.0000000000,nan,57.9107397604,0.0000000000
carga_faixas,671,57.9107397604,-99.9931158877,-100.0000000000,700.0000000000,800.0000000000,1,-100.0000000000,nan,57.9160173178,0.0000000000
carga_faixas,672,57.9160173178,-99.9958245748,-100.0000000000,700.0000000000,800.0000000000,1,-100.0000000000,nan,57.9212949619,0.0000000000
carga_faixas,673,57.9212949619,-99.9974674766,-100.0000000000,700.0000000000,800.0000000000,1,-100.0000000000,nan,57.9265726586,0.0000000000
carga_faixas,674,57.9265726586,-99.9984639469,-100.0000000000,700.0000000000,800.0000000000,1,-100.0000000000,nan,57.9318503872,0.0000000000
carga_faixas,675,57.9318503872,-99.9990683367,-100.0000000000,700.0000000000,800.0000000000,1,-100.0000000000,nan,57.9371281352,0.0000000000
carga_faixas,676,57.9371281352,-99.9994349176,-100.0000000000,700.0000000000,800.0000000000,1,-100.0000000000,nan,57.9424058949,0.0000000000
carga_faixas,677,57.9424058949,-99.9996572602,-100.0000000000,700.0000000000,800.0000000000,1,-100.0000000000,nan,57.9476836617,0.0000000000
carga_faixas,678,57.9476836617,-99.9997921178,-100.0000000000,700.0000000000,800.0000000000,1,-100.0000000000,nan,57.9529614328,0.0000000000
carga_faixas,679,57.9529614328,-99.9998739131,-100.0000000000,700.0000000000,800.0000000000,1,-100.0000000000,nan,57.9582392065,0.0000000000
carga_faixas,680,57.9582392065,-99.9999235244,-100.0000000000,700.0000000000,800.0000000000,1,-100.0000000000,nan,57.9635169819,0.0000000000
carga_faixas,681,57.9635169819,-99.9999536152,-100.0000000000,700.0000000000,800.0000000000,1,-100.0000000000,nan,57.9687947581,0.0000000000
carga_faixas,682,57.9687947581,-99.9999718662,-100.0000000000,700.0000000000,800.0000000000,1,-100.0000000000,nan,57.9740725350,0.0000000000
carga_faixas,683,57.9740725350,-99.9999829360,-100.0000000000,700.0000000000,800.0000000000,1,-100.0000000000,nan,57.9793503123,0.0000000000
carga_faixas,684,57.9793503123,-99.9999896502,-100.0000000000,700.0000000000,800.0000000000,1,-100.0000000000,nan,57.9846280897,0.0000000000
carga_faixas,685,57.9846280897,-99.9999937225,-100.0000000000,700.0000000000,800.0000000000,1,-100.0000000000,nan,57.9899058673,0.0000000000
carga_faixas,686,57.9899058673,-99.9999961925,-100.0000000000,700.0000000000,800.0000000000,1,-100.0000000000,nan,57.9951836449,0.0000000000
carga_faixas,687,57.9951836449,-99.9999976906,-100.0000000000,700.0000000000,800.0000000000,1,-100.0000000000,nan,58.0004614226,0.0000000000
carga_faixas,688,58.0004614226,-99.9999985993,-100.0000000000,700.0000000000,800.0000000000,1,-100.0000000000,nan,58.0057392004,0.0000000000
carga_faixas,689,58.0057392004,-99.9999991504,-100.0000000000,700.0000000000,800.0000000000,1,-100.0000000000,nan,58.0110169781,0.0000000000
carga_faixas,690,58.0110169781,-99.9999994847,-100.0000000000,700.0000000000,800.0000000000,1,-100.0000000000,nan,58.0162947559,0.0000000000
carga_faixas,691,58.0162947559,-99.9999996875,-100.0000000000,700.0000000000,800.0000000000,1,-100.0000000000,nan,58.0215725337,0.0000000000
carga_faixas,692,58.0215725337,-99.9999998104,-100.0000000000,700.0000000000,800.0000000000,1,-100.0000000000,nan,58.0268503114,0.0000000000
carga_faixas,693,58.0268503114,-99.9999998850,-100.0000000000,700.0000000000,800.0000000000,1,-100.0000000000,nan,58.0321280892,0.0000000000
carga_faixas,694,58.0321280892,-99.9999999303,-100.0000000000,700.0000000000,800.0000000000,1,-100.0000000000,nan,58.0374058670,0.0000000000
carga_faixas,695,58.0374058670,-99.9999999577,-100.0000000000,700.0000000000,800.0000000000,1,-100.0000000000,nan,58.0426836447,0.0000000000
carga_faixas,696,58.0426836447,-99.9999999743,-100.0000000000,700.0000000000,800.0000000000,1,-100.0000000000,nan,58.0479614225,0.0000000000
carga_faixas,697,58.0479614225,-99.9999999844,-100.0000000000,700.0000000000,800.0000000000,1,-100.0000000000,nan,58.0532392003,0.0000000000
carga_faixas,698,58.0532392003,-99.9999999906,-100.0000000000,700.0000000000,800.0000000000,1,-100.0000000000,nan,58.0585169781,0.0000000000
carga_faixas,699,58.0585169781,-99.9999999943,-100.0000000000,700.0000000000,800.0000000000,1,-100.0000000000,nan,58.0637947559,0.0000000000
carga_faixas,700,58.0637947559,-99.9999999965,-100.0000000000,700.0000000000,800.0000000000,1,-100.0000000000,nan,58.0690725336,0.0000000000
carga_faixas,701,58.0690725336,-99.9999999979,-100.0000000000,700.0000000000,800.0000000000,1,-100.0000000000,nan,58.0743503114,0.0000000000
carga_faixas,702,58.0743503114,-99.9999999987,-100.0000000000,700.0000000000,800.0000000000,1,-100.0000000000,nan,58.0796280892,0.0000000000
carga_faixas,703,58.0796280892,-99.9999999992,-100.0000000000,700.0000000000,800.0000000000,1,-100.0000000000,nan,58.0849058670,0.0000000000
carga_faixas,704,58.0849058670,-99.9999999995,-100.0000000000,700.0000000000,800.0000000000,1,-100.0000000000,nan,58.0901836447,0.0000000000
carga_faixas,705,58.0901836447,-99.9999999997,-100.0000000000,700.0000000000,800.0000000000,1,-100.0000000000,nan,58.0954614225,0.0000000000
carga_faixas,706,58.0954614225,-99.9999999998,-100.0000000000,700.0000000000,800.0000000000,1,-100.0000000000,nan,58.1007392003,0.0000000000
carga_faixas,707,58.1007392003,-99.9999999999,-100.0000000000,700.0000000000,800.0000000000,1,-100.0000000000,nan,58.1060169781,0.0000000000
carga_faixas,708,58.1060169781,-99.9999999999,-100.0000000000,700.0000000000,800.0000000000,1,-100.0000000000,nan,58.1112947559,0.0000000000
carga_faixas,709,58.1112947559,-100.0000000000,-100.0000000000,700.0000000000,800.0000000000,1,-100.0000000000,nan,58.1165725336,0.0000000000
carga_faixas,710,58.1165725336,-100.0000000000,-100.0000000000,700.0000000000,800.0000000000,1,-100.0000000000,nan,58.1218503114,0.0000000000
carga_faixas,711,58.1218503114,-100.0000000000,-100.0000000000,700.0000000000,800.0000000000,1,-100.0000000000,nan,58.1271280892,0.0000000000
carga_faixas,712,58.1271280892,-100.0000000000,-100.0000000000,700.0000000000,800.0000000000,1,-100.0000000000,nan,58.1324058670,0.0000000000
carga_faixas,713,58.1324058670,-100.0000000000,-100.0000000000,700.0000000000,800.0000000000,1,-100.0000000000,nan,58.1376836447,0.0000000000
carga_faixas,714,58.1376836447,-100.0000000000,-100.0000000000,700.0000000000,800.0000000000,1,-100.0000000000,nan,58.1429614225,0.0000000000
carga_faixas,715,58.1429614225,-100.0000000000,-100.0000000000,700.0000000000,800.0000000000,1,-100.0000000000,nan,58.1482392003,0.0000000000
carga_faixas,716,58.1482392003,-100.0000000000,-100.0000000000,700.0000000000,800.0000000000,1,-100.0000000000,nan,58.1535169781,0.0000000000
carga_faixas,717,58.1535169781,-100.0000000000,-100.0000000000,700.0000000000,800.0000000000,1,-100.0000000000,nan,58.1587947559,0.0000000000
carga_faixas,718,58.1587947559,-100.0000000000,-100.0000000000,700.0000000000,800.0000000000,1,-100.0000000000,nan,58.1640725336,0.0000000000
carga_faixas,719,58.1640725336,-100.0000000000,-100.0000000000,700.0000000000,800.0000000000,1,-100.0000000000,nan,58.1693503114,0.0000000000
carga_faixas,720,58.1693503114,-100.0000000000,-100.0000000000,700.0000000000,800.0000000000,1,-100.0000000000,nan,58.1746280892,0.0000000000
carga_faixas,721,58.1746280892,-100.0000000000,-100.0000000000,700.0000000000,800.0000000000,1,-100.0000000000,nan,58.1799058670,0.0000000000
carga_faixas,722,58.1799058670,-100.0000000000,-100.0000000000,700.0000000000,800.0000000000,1,-100.0000000000,nan,58.1851836447,0.0000000000
carga_faixas,723,58.1851836447,-100.0000000000,-100.0000000000,700.0000000000,800.0000000000,1,-100.0000000000,nan,58.1904614225,0.0000000000
carga_faixas,724,58.1904614225,-100.0000000000,-100.0000000000,700.0000000000,800.0000000000,1,-100.0000000000,nan,58.1957392003,0.0000000000
carga_faixas,725,58.1957392003,-100.0000000000,-100.0000000000,700.0000000000,800.0000000000,1,-100.0000000000,nan,58.2010169781,0.0000000000
carga_faixas,726,58.2010169781,-100.0000000000,-100.0000000000,700.0000000000,800.0000000000,1,-100.0000000000,nan,58.2062947559,0.0000000000
carga_faixas,727,58.2062947559,-100.0000000000,-100.0000000000,700.0000000000,800.0000000000,1,-100.0000000000,nan,58.2115725336,0.0000000000
carga_faixas,728,58.2115725336,-100.0000000000,-100.0000000000,700.0000000000,800.0000000000,1,-100.0000000000,nan,58.2168503114,0.0000000000
carga_faixas,729,58.2168503114,-100.0000000000,-100.0000000000,700.0000000000,800.0000000000,1,-100.0000000000,nan,58.2221280892,0.0000000000
carga_faixas,730,58.2221280892,-100.0000000000,-100.0000000000,700.0000000000,800.0000000000,1,-100.0000000000,nan,58.2274058670,0.0000000000
carga_faixas,731,58.2274058670,-100.0000000000,-100.0000000000,700.0000000000,800.0000000000,1,-100.0000000000,nan,58.2326836447,0.0000000000
carga_faixas,732,58.2326836447,-100.0000000000,-100.0000000000,700.0000000000,800.0000000000,1,-100.0000000000,nan,58.2379614225,0.0000000000
carga_faixas,733,58.2379614225,-100.0000000000,-100.0000000000,700.0000000000,800.0000000000,1,-100.0000000000,nan,58.2432392003,0.0000000000
carga_faixas,734,58.2432392003,-100.0000000000,-100.0000000000,700.0000000000,800.0000000000,1,-100.0000000000,nan,58.2485169781,0.0000000000
carga_faixas,735,58.2485169781,-100.0000000000,-100.0000000000,700.0000000000,800.0000000000,1,-100.0000000000,nan,58.2537947559,0.0000000000
carga_faixas,736,58.2537947559,-100.0000000000,-100.0000000000,700.0000000000,800.0000000000,1,-100.0000000000,nan,58.2590725336,0.0000000000
carga_faixas,737,58.2590725336,-100.0000000000,-100.0000000000,700.0000000000,800.0000000000,1,-100.0000000000,nan,58.2643503114,0.0000000000
carga_faixas,738,58.2643503114,-100.0000000000,-100.0000000000,700.0000000000,800.0000000000,1,-100.0000000000,nan,58.2696280892,0.0000000000
carga_faixas,739,58.2696280892,-100.0000000000,-100.0000000000,700.0000000000,800.0000000000,1,-100.0000000000,nan,58.2749058670,0.0000000000
carga_faixas,740,58.2749058670,-100.0000000000,-100.0000000000,700.0000000000,800.0000000000,1,-100.0000000000,nan,58.2801836447,0.0000000000
carga_faixas,741,58.2801836447,-100.0000000000,-100.0000000000,700.0000000000,800.0000000000,1,-100.0000000000,nan,58.2854614225,0.0000000000
carga_faixas,742,58.2854614225,-100.0000000000,-100.0000000000,700.0000000000,800.0000000000,1,-100.0000000000,nan,58.2907392003,0.0000000000
carga_faixas,743,58.2907392003,-100.0000000000,-100.0000000000,700.0000000000,800.0000000000,1,-100.0000000000,nan,58.2960169781,0.0000000000
carga_faixas,744,58.2960169781,-100.0000000000,-100.0000000000,700.0000000000,800.0000000000,1,-100.0000000000,nan,58.3012947559,0.0000000000
carga_faixas,745,58.3012947559,-100.0000000000,-100.0000000000,700.0000000000,800.0000000000,1,-100.0000000000,nan,58.3065725336,0.0000000000
carga_faixas,746,58.3065725336,-100.0000000000,-100.0000000000,700.0000000000,800.0000000000,1,-100.0000000000,nan,58.3118503114,0.0000000000
carga_faixas,747,58.3118503114,-100.0000000000,-100.0000000000,700.0000000000,800.0000000000,1,-100.0000000000,nan,58.3171280892,0.0000000000
carga_faixas,748,58.3171280892,-100.0000000000,-100.0000000000,700.0000000000,800.0000000000,1,-100.0000000000,nan,58.3224058670,0.0000000000
carga_faixas,749,58.3224058670,-100.0000000000,-100.0000000000,700.0000000000,800.0000000000,1,-100.0000000000,nan,58.3276836447,0.0000000000
carga_faixas,750,58.3276836447,-100.0000000000,-100.0000000000,700.0000000000,800.0000000000,1,-100.0000000000,nan,58.3329614225,0.0000000000
carga_faixas,751,58.3329614225,-100.0000000000,-100.0000000000,700.0000000000,800.0000000000,1,-100.0000000000,nan,58.3382392003,0.0000000000
carga_faixas,752,58.3382392003,-100.0000000000,-100.0000000000,700.0000000000,800.0000000000,1,-100.0000000000,nan,58.3435169781,0.0000000000
carga_faixas,753,58.3435169781,-100.0000000000,-100.0000000000,700.0000000000,800.0000000000,1,-100.0000000000,nan,58.3487947559,0.0000000000
carga_faixas,754,58.3487947559,-100.0000000000,-100.0000000000,700.0000000000,800.0000000000,1,-100.0000000000,nan,58.3540725336,0.0000000000
carga_faixas,755,58.3540725336,-100.0000000000,-100.0000000000,700.0000000000,800.0000000000,1,-100.0000000000,nan,58.3593503114,0.0000000000
carga_faixas,756,58.3593503114,-100.0000000000,-100.0000000000,700.0000000000,800.0000000000,1,-100.0000000000,nan,58.3646280892,0.0000000000
carga_faixas,757,58.3646280892,-100.0000000000,-100.0000000000,700.0000000000,800.0000000000,1,-100.0000000000,nan,58.3699058670,0.0000000000
carga_faixas,758,58.3699058670,-100.0000000000,-100.0000000000,700.0000000000,800.0000000000,1,-100.0000000000,nan,58.3751836447,0.0000000000
carga_faixas,759,58.3751836447,-100.0000000000,-100.0000000000,700.0000000000,800.0000000000,1,-100.0000000000,nan,58.3804614225,0.0000000000
carga_faixas,760,58.3804614225,-100.0000000000,-100.0000000000,700.0000000000,800.0000000000,1,-100.0000000000,nan,58.3857392003,0.0000000000
carga_faixas,761,58.3857392003,-100.0000000000,-100.0000000000,700.0000000000,800.0000000000,1,-100.0000000000,nan,58.3910169781,0.0000000000
carga_faixas,762,58.3910169781,-100.0000000000,-100.0000000000,700.0000000000,800.0000000000,1,-100.0000000000,nan,58.3962947559,0.0000000000
carga_faixas,763,58.3962947559,-100.0000000000,-100.0000000000,700.0000000000,800.0000000000,1,-100.0000000000,nan,58.4015725336,0.0000000000
carga_faixas,764,58.4015725336,-100.0000000000,-100.0000000000,700.0000000000,800.0000000000,1,-100.0000000000,nan,58.4068503114,0.0000000000
carga_faixas,765,58.4068503114,-100.0000000000,-100.0000000000,700.0000000000,800.0000000000,1,-100.0000000000,nan,58.4121280892,0.0000000000
carga_faixas,766,58.4121280892,-100.0000000000,-100.0000000000,700.0000000000,800.0000000000,1,-100.0000000000,nan,58.4174058670,0.0000000000
carga_faixas,767,58.4174058670,-100.0000000000,-100.0000000000,700.0000000000,800.0000000000,1,-100.0000000000,nan,58.4226836447,0.0000000000
carga_faixas,768,58.4226836447,-100.0000000000,-100.0000000000,700.0000000000,800.0000000000,1,-100.0000000000,nan,58.4279614225,0.0000000000
carga_faixas,769,58.4279614225,-100.0000000000,-100.0000000000,700.0000000000,800.0000000000,1,-100.0000000000,nan,58.4332392003,0.0000000000
carga_faixas,770,58.4332392003,-100.0000000000,-100.0000000000,700.0000000000,800.0000000000,1,-100.0000000000,nan,58.4385169781,0.0000000000
carga_faixas,771,58.4385169781,-100.0000000000,-100.0000000000,700.0000000000,800.0000000000,1,-100.0000000000,nan,58.4437947559,0.0000000000
carga_faixas,772,58.4437947559,-100.0000000000,-100.0000000000,700.0000000000,800.0000000000,1,-100.0000000000,nan,58.4490725336,0.0000000000
carga_faixas,773,58.4490725336,-100.0000000000,-100.0000000000,700.0000000000,800.0000000000,1,-100.0000000000,nan,58.4543503114,0.0000000000
carga_faixas,774,58.4543503114,-100.0000000000,-100.0000000000,700.0000000000,800.0000000000,1,-100.0000000000,nan,58.4596280892,0.0000000000
carga_faixas,775,58.4596280892,-100.0000000000,-100.0000000000,700.0000000000,800.0000000000,1,-100.0000000000,nan,58.4649058670,0.0000000000
carga_faixas,776,58.4649058670,-100.0000000000,-100.0000000000,700.0000000000,800.0000000000,1,-100.0000000000,nan,58.4701836447,0.0000000000
carga_faixas,777,58.4701836447,-100.0000000000,-100.0000000000,700.0000000000,800.0000000000,1,-100.0000000000,nan,58.4754614225,0.0000000000
carga_faixas,778,58.4754614225,-100.0000000000,-100.0000000000,700.0000000000,800.0000000000,1,-100.0000000000,nan,58.4807392003,0.0000000000
carga_faixas,779,58.4807392003,-100.0000000000,-100.0000000000,700.0000000000,800.0000000000,1,-100.0000000000,nan,58.4860169781,0.0000000000
carga_faixas,780,58.4860169781,-100.0000000000,-100.0000000000,700.0000000000,800.0000000000,1,-100.0000000000,nan,58.4912947559,0.0000000000
carga_faixas,781,58.4912947559,-100.0000000000,-100.0000000000,700.0000000000,800.0000000000,1,-100.0000000000,nan,58.4965725336,0.0000000000
carga_faixas,782,58.4965725336,-100.0000000000,-100.0000000000,700.0000000000,800.0000000000,1,-100.0000000000,nan,58.5018503114,0.0000000000
carga_faixas,783,58.5018503114,-100.0000000000,-100.0000000000,700.0000000000,800.0000000000,1,-100.0000000000,nan,58.5071280892,0.0000000000
carga_faixas,784,58.5071280892,-100.0000000000,-100.0000000000,700.0000000000,800.0000000000,1,-100.0000000000,nan,58.5124058670,0.0000000000
carga_faixas,785,58.5124058670,-100.0000000000,-100.0000000000,700.0000000000,800.0000000000,1,-100.0000000000,nan,58.5176836447,0.0000000000
carga_faixas,786,58.5176836447,-100.0000000000,-100.0000000000,700.0000000000,800.0000000000,1,-100.0000000000,nan,58.5229614225,0.0000000000
carga_faixas,787,58.5229614225,-100.0000000000,-100.0000000000,700.0000000000,800.0000000000,1,-100.0000000000,nan,58.5282392003,0.0000000000
carga_faixas,788,58.5282392003,-100.0000000000,-100.0000000000,700.0000000000,800.0000000000,1,-100.0000000000,nan,58.5335169781,0.0000000000
carga_faixas,789,58.5335169781,-100.0000000000,-100.0000000000,700.0000000000,800.0000000000,1,-100.0000000000,nan,58.5387947559,0.0000000000
carga_faixas,790,58.5387947559,-100.0000000000,-100.0000000000,700.0000000000,800.0000000000,1,-100.0000000000,nan,58.5440725336,0.0000000000
carga_faixas,791,58.5440725336,-100.0000000000,-100.0000000000,700.0000000000,800.0000000000,1,-100.0000000000,nan,58.5493503114,0.0000000000
carga_faixas,792,58.5493503114,-100.0000000000,-100.0000000000,700.0000000000,800.0000000000,1,-100.0000000000,nan,58.5546280892,0.0000000000
carga_faixas,793,58.5546280892,-100.0000000000,-100.0000000000,700.0000000000,800.0000000000,1,-100.0000000000,nan,58.5599058670,0.0000000000
carga_faixas,794,58.5599058670,-100.0000000000,-100.0000000000,700.0000000000,800.0000000000,1,-100.0000000000,nan,58.5651836447,0.0000000000
carga_faixas,795,58.5651836447,-100.0000000000,-100.0000000000,700.0000000000,800.0000000000,1,-100.0000000000,nan,58.5704614225,0.0000000000
carga_faixas,796,58.5704614225,-100.0000000000,-100.0000000000,700.0000000000,800.0000000000,1,-100.0000000000,nan,58.5757392003,0.0000000000
carga_faixas,797,58.5757392003,-100.0000000000,-100.0000000000,700.0000000000,800.0000000000,1,-100.0000000000,nan,58.5810169781,0.0000000000
carga_faixas,798,58.5810169781,-100.0000000000,-100.0000000000,700.0000000000,800.0000000000,1,-100.0000000000,nan,58.5862947559,0.0000000000
carga_faixas,799,58.5862947559,-100.0000000000,-100.0000000000,700.0000000000,800.0000000000,1,-100.0000000000,nan,58.5915725336,0.0000000000
carga_faixas,800,58.5915725336,-100.0000000000,-100.0000000000,700.0000000000,800.0000000000,1,-100.0000000000,nan,58.5968503114,0.0000000000
carga_faixas,801,58.5968503114,-100.0000000000,-100.0000000000,700.0000000000,800.0000000000,1,-100.0000000000,nan,58.6021280892,0.0000000000
carga_faixas,802,58.6021280892,-100.0000000000,-100.0000000000,700.0000000000,800.0000000000,1,-100.0000000000,nan,58.6074058670,0.0000000000
carga_faixas,803,58.6074058670,-100.0000000000,-100.0000000000,700.0000000000,800.0000000000,1,-100.0000000000,nan,58.6126836447,0.0000000000
carga_faixas,804,58.6126836447,-100.0000000000,-100.0000000000,700.0000000000,800.0000000000,1,-100.0000000000,nan,58.6179614225,0.0000000000
carga_faixas,805,58.6179614225,-100.0000000000,-100.0000000000,700.0000000000,800.0000000000,1,-100.0000000000,nan,58.6232392003,0.0000000000
carga_faixas,806,58.6232392003,-100.0000000000,-100.0000000000,700.0000000000,800.0000000000,1,-100.0000000000,nan,58.6285169781,0.0000000000
carga_faixas,807,58.6285169781,-100.0000000000,-100.0000000000,700.0000000000,800.0000000000,1,-100.0000000000,nan,58.6337947559,0.0000000000
carga_faixas,808,58.6337947559,-100.0000000000,-100.0000000000,700.0000000000,800.0000000000,1,-100.0000000000,nan,58.6390725336,0.0000000000
carga_faixas,809,58.6390725336,-100.0000000000,-100.0000000000,700.0000000000,800.0000000000,1,-100.0000000000,nan,58.6443503114,0.0000000000
carga_faixas,810,58.6443503114,-100.0000000000,-100.0000000000,700.0000000000,800.0000000000,1,-100.0000000000,nan,58.6496280892,0.0000000000
carga_faixas,811,58.6496280892,-100.0000000000,-100.0000000000,700.0000000000,800.0000000000,1,-100.0000000000,nan,58.6549058670,0.0000000000
carga_faixas,812,58.6549058670,-100.0000000000,-100.0000000000,700.0000000000,800.0000000000,1,-100.0000000000,nan,58.6601836447,0.0000000000
carga_faixas,813,58.6601836447,-100.0000000000,-100.0000000000,700.0000000000,800.0000000000,1,-100.0000000000,nan,58.6654614225,0.0000000000
carga_faixas,814,58.6654614225,-100.0000000000,-100.0000000000,700.0000000000,800.0000000000,1,-100.0000000000,nan,58.6707392003,0.0000000000
carga_faixas,815,58.6707392003,-100.0000000000,-100.0000000000,700.0000000000,800.0000000000,1,-100.0000000000,nan,58.6760169781,0.0000000000
carga_faixas,816,58.6760169781,-100.0000000000,-100.0000000000,700.0000000000,800.0000000000,1,-100.0000000000,nan,58.6812947559,0.0000000000
carga_faixas,817,58.6812947559,-100.0000000000,-100.0000000000,700.0000000000,800.0000000000,1,-100.0000000000,nan,58.6865725336,0.0000000000
carga_faixas,818,58.6865725336,-100.0000000000,-100.0000000000,700.0000000000,800.0000000000,1,-100.0000000000,nan,58.6918503114,0.0000000000
carga_faixas,819,58.6918503114,-100.0000000000,-100.0000000000,700.0000000000,800.0000000000,1,-100.0000000000,nan,58.6971280892,0.0000000000
carga_faixas,820,58.6971280892,-100.0000000000,-100.0000000000,700.0000000000,800.0000000000,1,-100.0000000000,nan,58.7024058670,0.0000000000
carga_faixas,821,58.7024058670,-100.0000000000,-100.0000000000,700.0000000000,800.0000000000,1,-100.0000000000,nan,58.7076836447,0.0000000000
carga_faixas,822,58.7076836447,-100.0000000000,-100.0000000000,700.0000000000,800.0000000000,1,-100.0000000000,nan,58.7129614225,0.0000000000
carga_faixas,823,58.7129614225,-100.0000000000,-100.0000000000,700.0000000000,800.0000000000,1,-100.0000000000,nan,58.7182392003,0.0000000000
carga_faixas,824,58.7182392003,-100.0000000000,-100.0000000000,700.0000000000,800.0000000000,1,-100.0000000000,nan,58.7235169781,0.0000000000
carga_faixas,825,58.7235169781,-100.0000000000,-100.0000000000,700.0000000000,800.0000000000,1,-100.0000000000,nan,58.7287947559,0.0000000000
carga_faixas,826,58.7287947559,-100.0000000000,-100.0000000000,700.0000000000,800.0000000000,1,-100.0000000000,nan,58.7340725336,0.0000000000
carga_faixas,827,58.7340725336,-100.0000000000,-100.0000000000,700.0000000000,800.0000000000,1,-100.0000000000,nan,58.7393503114,0.0000000000
carga_faixas,828,58.7393503114,-100.0000000000,-100.0000000000,700.0000000000,800.0000000000,1,-100.0000000000,nan,58.7446280892,0.0000000000
carga_faixas,829,58.7446280892,-100.0000000000,-100.0000000000,700.0000000000,800.0000000000,1,-100.0000000000,nan,58.7499058670,0.0000000000
carga_faixas,830,58.7499058670,-100.0000000000,-100.0000000000,700.0000000000,800.0000000000,1,-100.0000000000,nan,58.7551836447,0.0000000000
carga_faixas,831,58.7551836447,-100.0000000000,-100.0000000000,700.0000000000,800.0000000000,1,-100.0000000000,nan,58.7604614225,0.0000000000
carga_faixas,832,58.7604614225,-100.0000000000,-100.0000000000,700.0000000000,800.0000000000,1,-100.0000000000,nan,58.7657392003,0.0000000000
carga_faixas,833,58.7657392003,-100.0000000000,-100.0000000000,700.0000000000,800.0000000000,1,-100.0000000000,nan,58.7710169781,0.0000000000
carga_faixas,834,58.7710169781,-100.0000000000,-100.0000000000,700.0000000000,800.0000000000,1,-100.0000000000,nan,58.7762947559,0.0000000000
carga_faixas,835,58.7762947559,-100.0000000000,-100.0000000000,700.0000000000,800.0000000000,1,-100.0000000000,nan,58.7815725336,0.0000000000
carga_faixas,836,58.7815725336,-100.0000000000,-100.0000000000,700.0000000000,800.0000000000,1,-100.0000000000,nan,58.7868503114,0.0000000000
carga_faixas,837,58.7868503114,-100.0000000000,-100.0000000000,700.0000000000,800.0000000000,1,-100.0000000000,nan,58.7921280892,0.0000000000
carga_faixas,838,58.7921280892,-100.0000000000,-100.0000000000,700.0000000000,800.0000000000,1,-100.0000000000,nan,58.7974058670,0.0000000000
carga_faixas,839,58.7974058670,-100.0000000000,-100.0000000000,700.0000000000,800.0000000000,1,-100.0000000000,nan,58.8026836447,0.0000000000
carga_faixas,840,58.8026836447,-100.0000000000,-100.0000000000,700.0000000000,800.0000000000,1,-100.0000000000,nan,58.8079614225,0.0000000000
carga_faixas,841,58.8079614225,-100.0000000000,-100.0000000000,700.0000000000,800.0000000000,1,-100.0000000000,nan,58.8132392003,0.0000000000
carga_faixas,842,58.8132392003,-100.0000000000,-100.0000000000,700.0000000000,800.0000000000,1,-100.0000000000,nan,58.8185169781,0.0000000000
carga_faixas,843,58.8185169781,-100.0000000000,-100.0000000000,700.0000000000,800.0000000000,1,-100.0000000000,nan,58.8237947559,0.0000000000
carga_faixas,844,58.8237947559,-100.0000000000,-100.0000000000,700.0000000000,800.0000000000,1,-100.0000000000,nan,58.8290725336,0.0000000000
carga_faixas,845,58.8290725336,-100.0000000000,-100.0000000000,700.0000000000,800.0000000000,1,-100.0000000000,nan,58.8343503114,0.0000000000
carga_faixas,846,58.8343503114,-100.0000000000,-100.0000000000,700.0000000000,800.0000000000,1,-100.0000000000,nan,58.8396280892,0.0000000000
carga_faixas,847,58.8396280892,-100.0000000000,-100.0000000000,700.0000000000,800.0000000000,1,-100.0000000000,nan,58.8449058670,0.0000000000
carga_faixas,848,58.8449058670,-100.0000000000,-100.0000000000,700.0000000000,800.0000000000,1,-100.0000000000,nan,58.8501836447,0.0000000000
carga_faixas,849,58.8501836447,-100.0000000000,-100.0000000000,700.0000000000,800.0000000000,1,-100.0000000000,nan,58.8554614225,0.0000000000
carga_faixas,850,58.8554614225,-100.0000000000,-100.0000000000,600.0000000000,800.0000000000,1,-150.0000000000,nan,58.8617775222,0.0000000000
carga_faixas,851,58.8617775222,-119.6734670144,-150.0000000000,600.0000000000,800.0000000000,1,-150.0000000000,nan,58.8687233959,0.0000000000
carga_faixas,852,58.8687233959,-131.6060279414,-150.0000000000,600.0000000000,800.0000000000,1,-150.0000000000,nan,58.8760512468,0.0000000000
carga_faixas,853,58.8760512468,-138.8434919926,-150.0000000000,600.0000000000,800.0000000000,1,-150.0000000000,nan,58.8836107787,0.0000000000
carga_faixas,854,58.8836107787,-143.2332358382,-150.0000000000,600.0000000000,800.0000000000,1,-150.0000000000,nan,58.8913108322,0.0000000000
carga_faixas,855,58.8913108322,-145.8957500688,-150.0000000000,600.0000000000,800.0000000000,1,-150.0000000000,nan,58.8990961163,0.0000000000
carga_faixas,856,58.8990961163,-147.5106465816,-150.0000000000,600.0000000000,800.0000000000,1,-150.0000000000,nan,58.9069330955,0.0000000000
carga_faixas,857,58.9069330955,-148.4901308289,-150.0000000000,600.0000000000,800.0000000000,1,-150.0000000000,nan,58.9148014292,0.0000000000
carga_faixas,858,58.9148014292,-149.0842180556,-150.0000000000,600.0000000000,800.0000000000,1,-150.0000000000,nan,58.9226887804,0.0000000000
carga_faixas,859,58.9226887804,-149.4445501731,-150.0000000000,600.0000000000,800.0000000000,1,-150.0000000000,nan,58.9305876664,0.0000000000
carga_faixas,860,58.9305876664,-149.6631026500,-150.0000000000,600.0000000000,800.0000000000,1,-150.0000000000,nan,58.9384935485,0.0000000000
carga_faixas,861,58.9384935485,-149.7956614281,-150.0000000000,600.0000000000,800.0000000000,1,-150.0000000000,nan,58.9464036741,0.0000000000
carga_faixas,862,58.9464036741,-149.8760623912,-150.0000000000,600.0000000000,800.0000000000,1,-150.0000000000,nan,58.9543163733,0.0000000000
carga_faixas,863,58.9543163733,-149.9248280404,-150.0000000000,600.0000000000,800.0000000000,1,-150.0000000000,nan,58.9622306336,0.0000000000
carga_faixas,864,58.9622306336,-149.9544059017,-150.0000000000,600.0000000000,800.0000000000,1,-150.0000000000,nan,58.9701458408,0.0000000000
carga_faixas,865,58.9701458408,-149.9723457815,-150.0000000000,600.0000000000,800.0000000000,1,-150.0000000000,nan,58.9780616222,0.0000000000
carga_faixas,866,58.9780616222,-149.9832268686,-150.0000000000,600.0000000000,800.0000000000,1,-150.0000000000,nan,58.9859777519,0.0000000000
carga_faixas,867,58.9859777519,-149.9898265815,-150.0000000000,600.0000000000,800.0000000000,1,-150.0000000000,nan,58.9938940929,0.0000000000
carga_faixas,868,58.9938940929,-149.9938295098,-150.0000000000,600.0000000000,800.0000000000,1,-150.0000000000,nan,59.0018105621,0.0000000000
carga_faixas,869,59.0018105621,-149.9962574085,-150.0000000000,600.0000000000,800.0000000000,1,-150.0000000000,nan,59.0097271089,0.0000000000
carga_faixas,870,59.0097271089,-149.9977300035,-150.0000000000,600.0000000000,800.0000000000,1,-150.0000000000,nan,59.0176437029,0.0000000000
carga_faixas,871,59.0176437029,-149.9986231775,-150.0000000000,600.0000000000,800.0000000000,1,-150.0000000000,nan,59.0255603255,0.0000000000
carga_faixas,872,59.0255603255,-149.9991649150,-150.0000000000,600.0000000000,800.0000000000,1,-150.0000000000,nan,59.0334769655,0.0000000000
carga_faixas,873,59.0334769655,-149.9994934953,-150.0000000000,600.0000000000,800.0000000000,1,-150.0000000000,nan,59.0413936159,0.0000000000
carga_faixas,874,59.0413936159,-149.9996927894,-150.0000000000,600.0000000000,800.0000000000,1,-150.0000000000,nan,59.0493102727,0.0000000000
carga_faixas,875,59.0493102727,-149.9998136673,-150.0000000000,600.0000000000,800.0000000000,1,-150.0000000000,nan,59.0572269334,0.0000000000
carga_faixas,876,59.0572269334,-149.9998869835,-150.0000000000,600.0000000000,800.0000000000,1,-150.0000000000,nan,59.0651435965,0.0000000000
carga_faixas,877,59.0651435965,-149.9999314520,-150.0000000000,600.0000000000,800.0000000000,1,-150.0000000000,nan,59.0730602610,0.0000000000
carga_faixas,878,59.0730602610,-149.9999584236,-150.0000000000,600.0000000000,800.0000000000,1,-150.0000000000,nan,59.0809769263,0.0000000000
carga_faixas,879,59.0809769263,-149.9999747826,-150.0000000000,600.0000000000,800.0000000000,1,-150.0000000000,nan,59.0888935922,0.0000000000
carga_faixas,880,59.0888935922,-149.9999847049,-150.0000000000,600.0000000000,800.0000000000,1,-150.0000000000,nan,59.0968102583,0.0000000000
carga_faixas,881,59.0968102583,-149.9999907230,-150.0000000000,600.0000000000,800.0000000000,1,-150.0000000000,nan,59.1047269247,0.0000000000
carga_faixas,882,59.1047269247,-149.9999943732,-150.0000000000,600.0000000000,800.0000000000,1,-150.0000000000,nan,59.1126435912,0.0000000000
carga_faixas,883,59.1126435912,-149.9999965872,-150.0000000000,600.0000000000,800.0000000000,1,-150.0000000000,nan,59.1205602578,0.0000000000
carga_faixas,884,59.1205602578,-149.9999979300,-150.0000000000,600.0000000000,800.0000000000,1,-150.0000000000,nan,59.1284769244,0.0000000000
carga_faixas,885,59.1284769244,-149.9999987445,-150.0000000000,600.0000000000,800.0000000000,1,-150.0000000000,nan,59.1363935910,0.0000000000
carga_faixas,886,59.1363935910,-149.9999992385,-150.0000000000,600.0000000000,800.0000000000,1,-150.0000000000,nan,59.1443102576,0.0000000000
carga_faixas,887,59.1443102576,-149.9999995381,-150.0000000000,600.0000000000,800.0000000000,1,-150.0000000000,nan,59.1522269243,0.0000000000
carga_faixas,888,59.1522269243,-149.9999997199,-150.0000000000,600.0000000000,800.0000000000,1,-150.0000000000,nan,59.1601435909,0.0000000000
carga_faixas,889,59.1601435909,-149.9999998301,-150.0000000000,600.0000000000,800.0000000000,1,-150.0000000000,nan,59.1680602576,0.0000000000
carga_faixas,890,59.1680602576,-149.9999998969,-150.0000000000,600.0000000000,800.0000000000,1,-150.0000000000,nan,59.1759769243,0.0000000000
carga_faixas,891,59.1759769243,-149.9999999375,-150.0000000000,600.0000000000,800.0000000000,1,-150.0000000000,nan,59.1838935909,0.0000000000
carga_faixas,892,59.1838935909,-149.9999999621,-150.0000000000,600.0000000000,800.0000000000,1,-150.0000000000,nan,59.1918102576,0.0000000000
carga_faixas,893,59.1918102576,-149.9999999770,-150.0000000000,600.0000000000,800.0000000000,1,-150.0000000000,nan,59.1997269243,0.0000000000
carga_faixas,894,59.1997269243,-149.9999999861,-150.0000000000,600.0000000000,800.0000000000,1,-150.0000000000,nan,59.2076435909,0.0000000000
carga_faixas,895,59.2076435909,-149.9999999915,-150.0000000000,600.0000000000,800.0000000000,1,-150.0000000000,nan,59.2155602576,0.0000000000
carga_faixas,896,59.2155602576,-149.9999999949,-150.0000000000,600.0000000000,800.0000000000,1,-150.0000000000,nan,59.2234769243,0.0000000000
carga_faixas,897,59.2234769243,-149.9999999969,-150.0000000000,600.0000000000,800.0000000000,1,-150.0000000000,nan,59.2313935909,0.0000000000
carga_faixas,898,59.2313935909,-149.9999999981,-150.0000000000,600.0000000000,800.0000000000,1,-150.0000000000,nan,59.2393102576,0.0000000000
carga_faixas,899,59.2393102576,-149.9999999989,-150.0000000000,600.0000000000,800.0000000000,1,-150.0000000000,nan,59.2472269243,0.0000000000
carga_faixas,900,59.2472269243,-149.9999999993,-150.0000000000,600.0000000000,800.0000000000,1,-150.0000000000,nan,59.2551435909,0.0000000000
carga_faixas,901,59.2551435909,-149.9999999996,-150.0000000000,600.0000000000,800.0000000000,1,-150.0000000000,nan,59.2630602576,0.0000000000
carga_faixas,902,59.2630602576,-149.9999999997,-150.0000000000,600.0000000000,800.0000000000,1,-150.0000000000,nan,59.2709769243,0.0000000000
carga_faixas,903,59.2709769243,-149.9999999998,-150.0000000000,600.0000000000,800.0000000000,1,-150.0000000000,nan,59.2788935909,0.0000000000
carga_faixas,904,59.2788935909,-149.9999999999,-150.0000000000,600.0000000000,800.0000000000,1,-150.0000000000,nan,59.2868102576,0.0000000000
carga_faixas,905,59.2868102576,-149.9999999999,-150.0000000000,600.0000000000,800.0000000000,1,-150.0000000000,nan,59.2947269243,0.0000000000
carga_faixas,906,59.2947269243,-150.0000000000,-150.0000000000,600.0000000000,800.0000000000,1,-150.0000000000,nan,59.3026435909,0.0000000000
carga_faixas,907,59.3026435909,-150.0000000000,-150.0000000000,600.0000000000,800.0000000000,1,-150.0000000000,nan,59.3105602576,0.0000000000
carga_faixas,908,59.3105602576,-150.0000000000,-150.0000000000,600.0000000000,800.0000000000,1,-150.0000000000,nan,59.3184769243,0.0000000000
carga_faixas,909,59.3184769243,-150.0000000000,-150.0000000000,600.0000000000,800.0000000000,1,-150.0000000000,nan,59.3263935909,0.0000000000
carga_faixas,910,59.3263935909,-150.0000000000,-150.0000000000,600.0000000000,800.0000000000,1,-150.0000000000,nan,59.3343102576,0.0000000000
carga_faixas,911,59.3343102576,-150.0000000000,-150.0000000000,600.0000000000,800.0000000000,1,-150.0000000000,nan,59.3422269243,0.0000000000
carga_faixas,912,59.3422269243,-150.0000000000,-150.0000000000,600.0000000000,800.0000000000,1,-150.0000000000,nan,59.3501435909,0.0000000000
carga_faixas,913,59.3501435909,-150.0000000000,-150.0000000000,600.0000000000,800.0000000000,1,-150.0000000000,nan,59.3580602576,0.0000000000
carga_faixas,914,59.3580602576,-150.0000000000,-150.0000000000,600.0000000000,800.0000000000,1,-150.0000000000,nan,59.3659769243,0.0000000000
carga_faixas,915,59.3659769243,-150.0000000000,-150.0000000000,600.0000000000,800.0000000000,1,-150.0000000000,nan,59.3738935909,0.0000000000
carga_faixas,916,59.3738935909,-150.0000000000,-150.0000000000,600.0000000000,800.0000000000,1,-150.0000000000,nan,59.3818102576,0.0000000000
carga_faixas,917,59.3818102576,-150.0000000000,-150.0000000000,600.0000000000,800.0000000000,1,-150.0000000000,nan,59.3897269243,0.0000000000
carga_faixas,918,59.3897269243,-150.0000000000,-150.0000000000,600.0000000000,800.0000000000,1,-150.0000000000,nan,59.3976435909,0.0000000000
carga_faixas,919,59.3976435909,-150.0000000000,-150.0000000000,600.0000000000,800.0000000000,1,-150.0000000000,nan,59.4055602576,0.0000000000
carga_faixas,920,59.4055602576,-150.0000000000,-150.0000000000,600.0000000000,800.0000000000,1,-150.0000000000,nan,59.4134769243,0.0000000000
carga_faixas,921,59.4134769243,-150.0000000000,-150.0000000000,600.0000000000,800.0000000000,1,-150.0000000000,nan,59.4213935909,0.0000000000
carga_faixas,922,59.4213935909,-150.0000000000,-150.0000000000,600.0000000000,800.0000000000,1,-150.0000000000,nan,59.4293102576,0.0000000000
carga_faixas,923,59.4293102576,-150.0000000000,-150.0000000000,600.0000000000,800.0000000000,1,-150.0000000000,nan,59.4372269243,0.0000000000
carga_faixas,924,59.4372269243,-150.0000000000,-150.0000000000,600.0000000000,800.0000000000,1,-150.0000000000,nan,59.4451435909,0.0000000000
carga_faixas,925,59.4451435909,-150.0000000000,-150.0000000000,600.0000000000,800.0000000000,1,-150.0000000000,nan,59.4530602576,0.0000000000
carga_faixas,926,59.4530602576,-150.0000000000,-150.0000000000,600.0000000000,800.0000000000,1,-150.0000000000,nan,59.4609769243,0.0000000000
carga_faixas,927,59.4609769243,-150.0000000000,-150.0000000000,600.0000000000,800.0000000000,1,-150.0000000000,nan,59.4688935909,0.0000000000
carga_faixas,928,59.4688935909,-150.0000000000,-150.0000000000,600.0000000000,800.0000000000,1,-150.0000000000,nan,59.4768102576,0.0000000000
carga_faixas,929,59.4768102576,-150.0000000000,-150.0000000000,600.0000000000,800.0000000000,1,-150.0000000000,nan,59.4847269243,0.0000000000
carga_faixas,930,59.4847269243,-150.0000000000,-150.0000000000,600.0000000000,800.0000000000,1,-150.0000000000,nan,59.4926435909,0.0000000000
carga_faixas,931,59.4926435909,-150.0000000000,-150.0000000000,600.0000000000,800.0000000000,1,-150.0000000000,nan,59.5005602576,0.0000000000
carga_faixas,932,59.5005602576,-150.0000000000,-150.0000000000,600.0000000000,800.0000000000,1,0.0000000000,nan,59.5053619586,0.0000000000
carga_faixas,933,59.5053619586,-90.9795989569,0.0000000000,600.0000000000,800.0000000000,1,0.0000000000,nan,59.5082743376,0.0000000000
carga_faixas,934,59.5082743376,-55.1819161757,0.0000000000,600.0000000000,800.0000000000,1,0.0000000000,nan,59.5100407847,0.0000000000
carga_faixas,935,59.5100407847,-33.4695240223,0.0000000000,600.0000000000,800.0000000000,1,0.0000000000,nan,59.5111121890,0.0000000000
carga_faixas,936,59.5111121890,-20.3002924855,0.0000000000,600.0000000000,800.0000000000,1,0.0000000000,nan,59.5117620285,0.0000000000
carga_faixas,937,59.5117620285,-12.3127497936,0.0000000000,600.0000000000,800.0000000000,1,0.0000000000,nan,59.5121561762,0.0000000000
carga_faixas,938,59.5121561762,-7.4680602552,0.0000000000,600.0000000000,800.0000000000,1,0.0000000000,nan,59.5123952388,0.0000000000
carga_faixas,939,59.5123952388,-4.5296075133,0.0000000000,600.0000000000,800.0000000000,1,0.0000000000,nan,59.5125402376,0.0000000000
carga_faixas,940,59.5125402376,-2.7473458333,0.0000000000,600.0000000000,800.0000000000,1,0.0000000000,nan,59.5126281838,0.0000000000
carga_faixas,941,59.5126281838,-1.6663494807,0.0000000000,600.0000000000,800.0000000000,1,0.0000000000,nan,59.5126815259,0.0000000000
carga_faixas,942,59.5126815259,-1.0106920499,0.0000000000,600.0000000000,800.0000000000,1,0.0000000000,nan,59.5127138795,0.0000000000
carga_faixas,943,59.5127138795,-0.6130157158,0.0000000000,600.0000000000,800.0000000000,1,0.0000000000,nan,59.5127335030,0.0000000000
carga_faixas,944,59.5127335030,-0.3718128265,0.0000000000,600.0000000000,800.0000000000,1,0.0000000000,nan,59.5127454052,0.0000000000
carga_faixas,945,59.5127454052,-0.2255158789,0.0000000000,600.0000000000,800.0000000000,1,0.0000000000,nan,59.5127526243,0.0000000000
carga_faixas,946,59.5127526243,-0.1367822948,0.0000000000,600.0000000000,800.0000000000,1,0.0000000000,nan,59.5127570028,0.0000000000
carga_faixas,947,59.5127570028,-0.0829626555,0.0000000000,600.0000000000,800.0000000000,1,0.0000000000,nan,59.5127596586,0.0000000000
carga_faixas,948,59.5127596586,-0.0503193942,0.0000000000,600.0000000000,800.0000000000,1,0.0000000000,nan,59.5127612694,0.0000000000
carga_faixas,949,59.5127612694,-0.0305202554,0.0000000000,600.0000000000,800.0000000000,1,0.0000000000,nan,59.5127622464,0.0000000000
carga_faixas,950,59.5127622464,-0.0185114706,0.0000000000,600.0000000000,800.0000000000,1,0.0000000000,nan,59.5127628390,0.0000000000
carga_faixas,951,59.5127628390,-0.0112277745,0.0000000000,600.0000000000,800.0000000000,1,0.0000000000,nan,59.5127631984,0.0000000000
carga_faixas,952,59.5127631984,-0.0068099895,0.0000000000,600.0000000000,800.0000000000,1,0.0000000000,nan,59.5127634164,0.0000000000
carga_faixas,953,59.5127634164,-0.0041304674,0.0000000000,600.0000000000,800.0000000000,1,0.0000000000,nan,59.5127635486,0.0000000000
carga_faixas,954,59.5127635486,-0.0025052551,0.0000000000,600.0000000000,800.0000000000,1,0.0000000000,nan,59.5127636288,0.0000000000
carga_faixas,955,59.5127636288,-0.0015195140,0.0000000000,600.0000000000,800.0000000000,1,0.0000000000,nan,59.5127636774,0.0000000000
carga_faixas,956,59.5127636774,-0.0009216319,0.0000000000,600.0000000000,800.0000000000,1,0.0000000000,nan,59.5127637069,0.0000000000
carga_faixas,957,59.5127637069,-0.0005589980,0.0000000000,600.0000000000,800.0000000000,1,0.0000000000,nan,59.5127637248,0.0000000000
carga_faixas,958,59.5127637248,-0.0003390494,0.0000000000,600.0000000000,800.0000000000,1,0.0000000000,nan,59.5127637357,0.0000000000
carga_faixas,959,59.5127637357,-0.0002056439,0.0000000000,600.0000000000,800.0000000000,1,0.0000000000,nan,59.5127637423,0.0000000000
carga_faixas,960,59.5127637423,-0.0001247293,0.0000000000,600.0000000000,800.0000000000,1,0.0000000000,nan,59.5127637463,0.0000000000
carga_faixas,961,59.5127637463,-0.0000756521,0.0000000000,600.0000000000,800.0000000000,1,0.0000000000,nan,59.5127637487,0.0000000000
carga_faixas,962,59.5127637487,-0.0000458853,0.0000000000,600.0000000000,800.0000000000,1,0.0000000000,nan,59.5127637501,0.0000000000
carga_faixas,963,59.5127637501,-0.0000278309,0.0000000000,600.0000000000,800.0000000000,1,0.0000000000,nan,59.5127637510,0.0000000000
carga_faixas,964,59.5127637510,-0.0000168803,0.0000000000,600.0000000000,800.0000000000,1,0.0000000000,nan,59.5127637516,0.0000000000
carga_faixas,965,59.5127637516,-0.0000102384,0.0000000000,600.0000000000,800.0000000000,1,0.0000000000,nan,59.5127637519,0.0000000000
carga_faixas,966,59.5127637519,-0.0000062099,0.0000000000,600.0000000000,800.0000000000,1,0.0000000000,nan,59.5127637521,0.0000000000
carga_faixas,967,59.5127637521,-0.0000037665,0.0000000000,600.0000000000,800.0000000000,1,0.0000000000,nan,59.5127637522,0.0000000000
carga_faixas,968,59.5127637522,-0.0000022845,0.0000000000,600.0000000000,800.0000000000,1,0.0000000000,nan,59.5127637523,0.0000000000
carga_faixas,969,59.5127637523,-0.0000013856,0.0000000000,600.0000000000,800.0000000000,1,0.0000000000,nan,59.5127637523,0.0000000000
carga_faixas,970,59.5127637523,-0.0000008404,0.0000000000,600.0000000000,800.0000000000,1,0.0000000000,nan,59.5127637524,0.0000000000
carga_faixas,971,59.5127637524,-0.0000005097,0.0000000000,600.0000000000,800.0000000000,1,0.0000000000,nan,59.5127637524,0.0000000000
carga_faixas,972,59.5127637524,-0.0000003092,0.0000000000,600.0000000000,800.0000000000,1,0.0000000000,nan,59.5127637524,0.0000000000
carga_faixas,973,59.5127637524,-0.0000001875,0.0000000000,600.0000000000,800.0000000000,1,0.0000000000,nan,59.5127637524,0.0000000000
carga_faixas,974,59.5127637524,-0.0000001137,0.0000000000,600.0000000000,800.0000000000,1,0.0000000000,nan,59.5127637524,0.0000000000
carga_faixas,975,59.5127637524,-0.0000000690,0.0000000000,600.0000000000,800.0000000000,1,0.0000000000,nan,59.5127637524,0.0000000000
carga_faixas,976,59.5127637524,-0.0000000418,0.0000000000,600.0000000000,800.0000000000,1,0.0000000000,nan,59.5127637524,0.0000000000
carga_faixas,977,59.5127637524,-0.0000000254,0.0000000000,600.0000000000,800.0000000000,1,0.0000000000,nan,59.5127637524,0.0000000000
carga_faixas,978,59.5127637524,-0.0000000154,0.0000000000,600.0000000000,800.0000000000,1,0.0000000000,nan,59.5127637524,0.0000000000
carga_faixas,979,59.5127637524,-0.0000000093,0.0000000000,600.0000000000,800.0000000000,1,0.0000000000,nan,59.5127637524,0.0000000000
carga_faixas,980,59.5127637524,-0.0000000057,0.0000000000,600.0000000000,800.0000000000,1,0.0000000000,nan,59.5127637524,0.0000000000
carga_faixas,981,59.5127637524,-0.0000000034,0.0000000000,600.0000000000,800.0000000000,1,0.0000000000,nan,59.5127637524,0.0000000000
carga_faixas,982,59.5127637524,-0.0000000021,0.0000000000,600.0000000000,800.0000000000,1,0.0000000000,nan,59.5127637524,0.0000000000
carga_faixas,983,59.5127637524,-0.0000000013,0.0000000000,600.0000000000,800.0000000000,1,0.0000000000,nan,59.5127637524,0.0000000000
carga_faixas,984,59.5127637524,-0.0000000008,0.0000000000,600.0000000000,800.0000000000,1,0.0000000000,nan,59.5127637524,0.0000000000
carga_faixas,985,59.5127637524,-0.0000000005,0.0000000000,600.0000000000,800.0000000000,1,0.0000000000,nan,59.5127637524,0.0000000000
carga_faixas,986,59.5127637524,-0.0000000003,0.0000000000,600.0000000000,800.0000000000,1,0.0000000000,nan,59.5127637524,0.0000000000
carga_faixas,987,59.5127637524,-0.0000000002,0.0000000000,600.0000000000,800.0000000000,1,0.0000000000,nan,59.5127637524,0.0000000000
carga_faixas,988,59.5127637524,-0.0000000001,0.0000000000,600.0000000000,800.0000000000,1,0.0000000000,nan,59.5127637524,0.0000000000
carga_faixas,989,59.5127637524,-0.0000000001,0.0000000000,600.0000000000,800.0000000000,1,0.0000000000,nan,59.5127637524,0.0000000000
carga_faixas,990,59.5127637524,-0.0000000000,0.0000000000,600.0000000000,800.0000000000,1,0.0000000000,nan,59.5127637524,0.0000000000
carga_faixas,991,59.5127637524,-0.0000000000,0.0000000000,600.0000000000,800.0000000000,1,0.0000000000,nan,59.5127637524,0.0000000000
carga_faixas,992,59.5127637524,-0.0000000000,0.0000000000,600.0000000000,800.0000000000,1,0.0000000000,nan,59.5127637524,0.0000000000
carga_faixas,993,59.5127637524,-0.0000000000,0.0000000000,600.0000000000,800.0000000000,1,0.0000000000,nan,59.5127637524,0.0000000000
carga_faixas,994,59.5127637524,-0.0000000000,0.0000000000,600.0000000000,800.0000000000,1,0.0000000000,nan,59.5127637524,0.0000000000
carga_faixas,995,59.5127637524,-0.0000000000,0.0000000000,600.0000000000,800.0000000000,1,0.0000000000,nan,59.5127637524,0.0000000000
carga_faixas,996,59.5127637524,-0.0000000000,0.0000000000,600.0000000000,800.0000000000,1,0.0000000000,nan,59.5127637524,0.0000000000
carga_faixas,997,59.5127637524,-0.0000000000,0.0000000000,600.0000000000,800.0000000000,1,0.0000000000,nan,59.5127637524,0.0000000000
carga_faixas,998,59.5127637524,-0.0000000000,0.0000000000,600.0000000000,800.0000000000,1,0.0000000000,nan,59.5127637524,0.0000000000
carga_faixas,999,59.5127637524,-0.0000000000,0.0000000000,600.0000000000,800.0000000000,1,0.0000000000,nan,59.5127637524,0.0000000000
carga_faixas,1000,59.5127637524,-0.0000000000,0.0000000000,600.0000000000,800.0000000000,1,0.0000000000,nan,59.5127637524,0.0000000000
carga_faixas,1001,59.5127637524,-0.0000000000,0.0000000000,600.0000000000,800.0000000000,1,0.0000000000,nan,59.5127637524,0.0000000000
carga_faixas,1002,59.5127637524,-0.0000000000,0.0000000000,600.0000000000,800.0000000000,1,0.0000000000,nan,59.5127637524,0.0000000000
carga_faixas,1003,59.5127637524,-0.0000000000,0.0000000000,600.0000000000,800.0000000000,1,0.0000000000,nan,59.5127637524,0.0000000000
carga_faixas,1004,59.5127637524,-0.0000000000,0.0000000000,600.0000000000,800.0000000000,1,0.0000000000,nan,59.5127637524,0.0000000000
carga_faixas,1005,59.5127637524,-0.0000000000,0.0000000000,600.0000000000,800.0000000000,1,0.0000000000,nan,59.5127637524,0.0000000000
carga_faixas,1006,59.5127637524,-0.0000000000,0.0000000000,600.0000000000,800.0000000000,1,0.0000000000,nan,59.5127637524,0.0000000000
carga_faixas,1007,59.5127637524,-0.0000000000,0.0000000000,600.0000000000,800.0000000000,1,0.0000000000,nan,59.5127637524,0.0000000000
carga_faixas,1008,59.5127637524,-0.0000000000,0.0000000000,600.0000000000,800.0000000000,1,0.0000000000,nan,59.5127637524,0.0000000000
carga_faixas,1009,59.5127637524,-0.0000000000,0.0000000000,600.0000000000,800.0000000000,1,0.0000000000,nan,59.5127637524,0.0000000000
carga_faixas,1010,59.5127637524,-0.0000000000,0.0000000000,600.0000000000,800.0000000000,1,0.0000000000,nan,59.5127637524,0.0000000000
carga_faixas,1011,59.5127637524,-0.0000000000,0.0000000000,600.0000000000,800.0000000000,1,0.0000000000,nan,59.5127637524,0.0000000000
carga_faixas,1012,59.5127637524,-0.0000000000,0.0000000000,600.0000000000,800.0000000000,1,0.0000000000,nan,59.5127637524,0.0000000000
carga_faixas,1013,59.5127637524,-0.0000000000,0.0000000000,600.0000000000,800.0000000000,1,0.0000000000,nan,59.5127637524,0.0000000000
carga_faixas,1014,59.5127637524,-0.0000000000,0.0000000000,600.0000000000,800.0000000000,1,0.0000000000,nan,59.5127637524,0.0000000000
carga_faixas,1015,59.5127637524,-0.0000000000,0.0000000000,600.0000000000,800.0000000000,1,0.0000000000,nan,59.5127637524,0.0000000000
carga_faixas,1016,59.5127637524,-0.0000000000,0.0000000000,600.0000000000,800.0000000000,1,0.0000000000,nan,59.5127637524,0.0000000000
carga_faixas,1017,59.5127637524,-0.0000000000,0.0000000000,600.0000000000,800.0000000000,1,0.0000000000,nan,59.5127637524,0.0000000000
carga_faixas,1018,59.5127637524,-0.0000000000,0.0000000000,600.0000000000,800.0000000000,1,0.0000000000,nan,59.5127637524,0.0000000000
carga_faixas,1019,59.5127637524,-0.0000000000,0.0000000000,600.0000000000,800.0000000000,1,0.0000000000,nan,59.5127637524,0.0000000000
carga_faixas,1020,59.5127637524,-0.0000000000,0.0000000000,600.0000000000,800.0000000000,1,0.0000000000,nan,59.5127637524,0.0000000000
carga_faixas,1021,59.5127637524,-0.0000000000,0.0000000000,600.0000000000,800.0000000000,1,0.0000000000,nan,59.5127637524,0.0000000000
carga_faixas,1022,59.5127637524,-0.0000000000,0.0000000000,600.0000000000,800.0000000000,1,0.0000000000,nan,59.5127637524,0.0000000000
carga_faixas,1023,59.5127637524,-0.0000000000,0.0000000000,600.0000000000,800.0000000000,1,0.0000000000,nan,59.5127637524,0.0000000000
carga_faixas,1024,59.5127637524,-0.0000000000,0.0000000000,600.0000000000,800.0000000000,1,0.0000000000,nan,59.5127637524,0.0000000000
carga_faixas,1025,59.5127637524,-0.0000000000,0.0000000000,600.0000000000,800.0000000000,1,0.0000000000,nan,59.5127637524,0.0000000000
carga_faixas,1026,59.5127637524,-0.0000000000,0.0000000000,600.0000000000,800.0000000000,1,0.0000000000,nan,59.5127637524,0.0000000000
carga_faixas,1027,59.5127637524,-0.0000000000,0.0000000000,600.0000000000,800.0000000000,1,0.0000000000,nan,59.5127637524,0.0000000000
carga_faixas,1028,59.5127637524,-0.0000000000,0.0000000000,600.0000000000,800.0000000000,1,0.0000000000,nan,59.5127637524,0.0000000000
carga_faixas,1029,59.5127637524,-0.0000000000,0.0000000000,600.0000000000,800.0000000000,1,0.0000000000,nan,59.5127637524,0.0000000000
carga_faixas,1030,59.5127637524,-0.0000000000,0.0000000000,600.0000000000,800.0000000000,1,0.0000000000,nan,59.5127637524,0.0000000000
carga_faixas,1031,59.5127637524,-0.0000000000,0.0000000000,600.0000000000,800.0000000000,1,0.0000000000,nan,59.5127637524,0.0000000000
carga_faixas,1032,59.5127637524,-0.0000000000,0.0000000000,600.0000000000,800.0000000000,1,0.0000000000,nan,59.5127637524,0.0000000000
carga_faixas,1033,59.5127637524,-0.0000000000,0.0000000000,600.0000000000,800.0000000000,1,0.0000000000,nan,59.5127637524,0.0000000000
carga_faixas,1034,59.5127637524,-0.0000000000,0.0000000000,600.0000000000,800.0000000000,1,0.0000000000,nan,59.5127637524,0.0000000000
carga_faixas,1035,59.5127637524,-0.0000000000,0.0000000000,600.0000000000,800.0000000000,1,0.0000000000,nan,59.5127637524,0.0000000000
carga_faixas,1036,59.5127637524,-0.0000000000,0.0000000000,600.0000000000,800.0000000000,1,0.0000000000,nan,59.5127637524,0.0000000000
carga_faixas,1037,59.5127637524,-0.0000000000,0.0000000000,600.0000000000,800.0000000000,1,0.0000000000,nan,59.5127637524,0.0000000000
carga_faixas,1038,59.5127637524,-0.0000000000,0.0000000000,600.0000000000,800.0000000000,1,0.0000000000,nan,59.5127637524,0.0000000000
carga_faixas,1039,59.5127637524,-0.0000000000,0.0000000000,600.0000000000,800.0000000000,1,0.0000000000,nan,59.5127637524,0.0000000000
carga_faixas,1040,59.5127637524,-0.0000000000,0.0000000000,600.0000000000,800.0000000000,1,0.0000000000,nan,59.5127637524,0.0000000000
carga_faixas,1041,59.5127637524,-0.0000000000,0.0000000000,600.0000000000,800.0000000000,1,0.0000000000,nan,59.5127637524,0.0000000000
carga_faixas,1042,59.5127637524,-0.0000000000,0.0000000000,600.0000000000,800.0000000000,1,0.0000000000,nan,59.5127637524,0.0000000000
carga_faixas,1043,59.5127637524,-0.0000000000,0.0000000000,600.0000000000,800.0000000000,1,0.0000000000,nan,59.5127637524,0.0000000000
carga_faixas,1044,59.5127637524,-0.0000000000,0.0000000000,600.0000000000,800.0000000000,1,0.0000000000,nan,59.5127637524,0.0000000000
carga_faixas,1045,59.5127637524,-0.0000000000,0.0000000000,600.0000000000,800.0000000000,1,0.0000000000,nan,59.5127637524,0.0000000000
carga_faixas,1046,59.5127637524,-0.0000000000,0.0000000000,600.0000000000,800.0000000000,1,0.0000000000,nan,59.5127637524,0.0000000000
carga_faixas,1047,59.5127637524,-0.0000000000,0.0000000000,600.0000000000,800.0000000000,1,0.0000000000,nan,59.5127637524,0.0000000000
carga_faixas,1048,59.5127637524,-0.0000000000,0.0000000000,600.0000000000,800.0000000000,1,0.0000000000,nan,59.5127637524,0.0000000000
carga_faixas,1049,59.5127637524,-0.0000000000,0.0000000000,600.0000000000,800.0000000000,1,0.0000000000,nan,59.5127637524,0.0000000000
carga_faixas,1050,59.5127637524,-0.0000000000,0.0000000000,600.0000000000,800.0000000000,1,0.0000000000,nan,59.5127637524,0.0000000000
carga_faixas,1051,59.5127637524,-0.0000000000,0.0000000000,600.0000000000,800.0000000000,1,0.0000000000,nan,59.5127637524,0.0000000000
carga_faixas,1052,59.5127637524,-0.0000000000,0.0000000000,600.0000000000,800.0000000000,1,0.0000000000,nan,59.5127637524,0.0000000000
carga_faixas,1053,59.5127637524,-0.0000000000,0.0000000000,600.0000000000,800.0000000000,1,0.0000000000,nan,59.5127637524,0.0000000000
carga_faixas,1054,59.5127637524,-0.0000000000,0.0000000000,600.0000000000,800.0000000000,1,0.0000000000,nan,59.5127637524,0.0000000000
carga_faixas,1055,59.5127637524,-0.0000000000,0.0000000000,600.0000000000,800.0000000000,1,0.0000000000,nan,59.5127637524,0.0000000000
carga_faixas,1056,59.5127637524,-0.0000000000,0.0000000000,600.0000000000,800.0000000000,1,0.0000000000,nan,59.5127637524,0.0000000000
carga_faixas,1057,59.5127637524,-0.0000000000,0.0000000000,600.0000000000,800.0000000000,1,0.0000000000,nan,59.5127637524,0.0000000000
carga_faixas,1058,59.5127637524,-0.0000000000,0.0000000000,600.0000000000,800.0000000000,1,0.0000000000,nan,59.5127637524,0.0000000000
carga_faixas,1059,59.5127637524,-0.0000000000,0.0000000000,600.0000000000,800.0000000000,1,0.0000000000,nan,59.5127637524,0.0000000000
carga_faixas,1060,59.5127637524,-0.0000000000,0.0000000000,600.0000000000,800.0000000000,1,0.0000000000,nan,59.5127637524,0.0000000000
carga_faixas,1061,59.5127637524,-0.0000000000,0.0000000000,600.0000000000,800.0000000000,1,0.0000000000,nan,59.5127637524,0.0000000000
carga_faixas,1062,59.5127637524,-0.0000000000,0.0000000000,600.0000000000,800.0000000000,1,0.0000000000,nan,59.5127637524,0.0000000000
carga_faixas,1063,59.5127637524,-0.0000000000,0.0000000000,600.0000000000,800.0000000000,1,0.0000000000,nan,59.5127637524,0.0000000000
carga_faixas,1064,59.5127637524,-0.0000000000,0.0000000000,600.0000000000,800.0000000000,1,0.0000000000,nan,59.5127637524,0.0000000000
carga_faixas,1065,59.5127637524,-0.0000000000,0.0000000000,600.0000000000,800.0000000000,1,0.0000000000,nan,59.5127637524,0.0000000000
carga_faixas,1066,59.5127637524,-0.0000000000,0.0000000000,600.0000000000,800.0000000000,1,0.0000000000,nan,59.5127637524,0.0000000000
carga_faixas,1067,59.5127637524,-0.0000000000,0.0000000000,600.0000000000,800.0000000000,1,0.0000000000,nan,59.5127637524,0.0000000000
carga_faixas,1068,59.5127637524,-0.0000000000,0.0000000000,600.0000000000,800.0000000000,1,0.0000000000,nan,59.5127637524,0.0000000000
carga_faixas,1069,59.5127637524,-0.0000000000,0.0000000000,600.0000000000,800.0000000000,1,0.0000000000,nan,59.5127637524,0.0000000000
carga_faixas,1070,59.5127637524,-0.0000000000,0.0000000000,600.0000000000,800.0000000000,1,0.0000000000,nan,59.5127637524,0.0000000000
carga_faixas,1071,59.5127637524,-0.0000000000,0.0000000000,600.0000000000,800.0000000000,1,0.0000000000,nan,59.5127637524,0.0000000000
carga_faixas,1072,59.5127637524,-0.0000000000,0.0000000000,600.0000000000,800.0000000000,1,0.0000000000,nan,59.5127637524,0.0000000000
carga_faixas,1073,59.5127637524,-0.0000000000,0.0000000000,600.0000000000,800.0000000000,1,0.0000000000,nan,59.5127637524,0.0000000000
carga_faixas,1074,59.5127637524,-0.0000000000,0.0000000000,600.0000000000,800.0000000000,1,0.0000000000,nan,59.5127637524,0.0000000000
carga_faixas,1075,59.5127637524,-0.0000000000,0.0000000000,600.0000000000,800.0000000000,1,0.0000000000,nan,59.5127637524,0.0000000000
carga_faixas,1076,59.5127637524,-0.0000000000,0.0000000000,600.0000000000,800.0000000000,1,0.0000000000,nan,59.5127637524,0.0000000000
carga_faixas,1077,59.5127637524,-0.0000000000,0.0000000000,600.0000000000,800.0000000000,1,0.0000000000,nan,59.5127637524,0.0000000000
carga_faixas,1078,59.5127637524,-0.0000000000,0.0000000000,600.0000000000,800.0000000000,1,0.0000000000,nan,59.5127637524,0.0000000000
carga_faixas,1079,59.5127637524,-0.0000000000,0.0000000000,600.0000000000,800.0000000000,1,0.0000000000,nan,59.5127637524,0.0000000000
carga_faixas,1080,59.5127637524,-0.0000000000,0.0000000000,600.0000000000,800.0000000000,1,0.0000000000,nan,59.5127637524,0.0000000000
carga_faixas,1081,59.5127637524,-0.0000000000,0.0000000000,600.0000000000,800.0000000000,1,0.0000000000,nan,59.5127637524,0.0000000000
carga_faixas,1082,59.5127637524,-0.0000000000,0.0000000000,600.0000000000,800.0000000000,1,0.0000000000,nan,59.5127637524,0.0000000000
carga_faixas,1083,59.5127637524,-0.0000000000,0.0000000000,600.0000000000,800.0000000000,1,0.0000000000,nan,59.5127637524,0.0000000000
carga_faixas,1084,59.5127637524,-0.0000000000,0.0000000000,600.0000000000,800.0000000000,1,0.0000000000,nan,59.5127637524,0.0000000000
carga_faixas,1085,59.5127637524,-0.0000000000,0.0000000000,600.0000000000,800.0000000000,1,0.0000000000,nan,59.5127637524,0.0000000000
carga_faixas,1086,59.5127637524,-0.0000000000,0.0000000000,600.0000000000,800.0000000000,1,0.0000000000,nan,59.5127637524,0.0000000000
carga_faixas,1087,59.5127637524,-0.0000000000,0.0000000000,600.0000000000,800.0000000000,1,0.0000000000,nan,59.5127637524,0.0000000000
carga_faixas,1088,59.5127637524,-0.0000000000,0.0000000000,600.0000000000,800.0000000000,1,0.0000000000,nan,59.5127637524,0.0000000000
carga_faixas,1089,59.5127637524,-0.0000000000,0.0000000000,600.0000000000,800.0000000000,1,0.0000000000,nan,59.5127637524,0.0000000000
carga_faixas,1090,59.5127637524,-0.0000000000,0.0000000000,600.0000000000,800.0000000000,1,0.0000000000,nan,59.5127637524,0.0000000000
carga_faixas,1091,59.5127637524,-0.0000000000,0.0000000000,600.0000000000,800.0000000000,1,0.0000000000,nan,59.5127637524,0.0000000000
carga_faixas,1092,59.5127637524,-0.0000000000,0.0000000000,600.0000000000,800.0000000000,1,0.0000000000,nan,59.5127637524,0.0000000000
carga_faixas,1093,59.5127637524,-0.0000000000,0.0000000000,600.0000000000,800.0000000000,1,0.0000000000,nan,59.5127637524,0.0000000000
carga_faixas,1094,59.5127637524,-0.0000000000,0.0000000000,600.0000000000,800.0000000000,1,0.0000000000,nan,59.5127637524,0.0000000000
carga_faixas,1095,59.5127637524,-0.0000000000,0.0000000000,600.0000000000,800.0000000000,1,0.0000000000,nan,59.5127637524,0.0000000000
carga_faixas,1096,59.5127637524,-0.0000000000,0.0000000000,600.0000000000,800.0000000000,1,0.0000000000,nan,59.5127637524,0.0000000000
carga_faixas,1097,59.5127637524,-0.0000000000,0.0000000000,600.0000000000,800.0000000000,1,0.0000000000,nan,59.5127637524,0.0000000000
carga_faixas,1098,59.5127637524,-0.0000000000,0.0000000000,600.0000000000,800.0000000000,1,0.0000000000,nan,59.5127637524,0.0000000000
carga_faixas,1099,59.5127637524,-0.0000000000,0.0000000000,600.0000000000,800.0000000000,1,0.0000000000,nan,59.5127637524,0.0000000000
carga_faixas,1100,59.5127637524,-0.0000000000,0.0000000000,600.0000000000,800.0000000000,1,0.0000000000,nan,59.5127637524,0.0000000000
carga_faixas,1101,59.5127637524,-0.0000000000,0.0000000000,600.0000000000,800.0000000000,1,0.0000000000,nan,59.5127637524,0.0000000000
carga_faixas,1102,59.5127637524,-0.0000000000,0.0000000000,600.0000000000,800.0000000000,1,0.0000000000,nan,59.5127637524,0.0000000000
carga_faixas,1103,59.5127637524,-0.0000000000,0.0000000000,600.0000000000,800.0000000000,1,0.0000000000,nan,59.5127637524,0.0000000000
carga_faixas,1104,59.5127637524,-0.0000000000,0.0000000000,600.0000000000,800.0000000000,1,0.0000000000,nan,59.5127637524,0.0000000000
carga_faixas,1105,59.5127637524,-0.0000000000,0.0000000000,600.0000000000,800.0000000000,1,0.0000000000,nan,59.5127637524,0.0000000000
carga_faixas,1106,59.5127637524,-0.0000000000,0.0000000000,600.0000000000,800.0000000000,1,0.0000000000,nan,59.5127637524,0.0000000000
carga_faixas,1107,59.5127637524,-0.0000000000,0.0000000000,600.0000000000,800.0000000000,1,0.0000000000,nan,59.5127637524,0.0000000000
carga_faixas,1108,59.5127637524,-0.0000000000,0.0000000000,600.0000000000,800.0000000000,1,0.0000000000,nan,59.5127637524,0.0000000000
carga_faixas,1109,59.5127637524,-0.0000000000,0.0000000000,600.0000000000,800.0000000000,1,0.0000000000,nan,59.5127637524,0.0000000000
carga_faixas,1110,59.5127637524,-0.0000000000,0.0000000000,600.0000000000,800.0000000000,1,0.0000000000,nan,59.5127637524,0.0000000000
carga_faixas,1111,59.5127637524,-0.0000000000,0.0000000000,600.0000000000,800.0000000000,1,0.0000000000,nan,59.5127637524,0.0000000000
carga_faixas,1112,59.5127637524,-0.0000000000,0.0000000000,600.0000000000,800.0000000000,1,0.0000000000,nan,59.5127637524,0.0000000000
carga_faixas,1113,59.5127637524,-0.0000000000,0.0000000000,600.0000000000,800.0000000000,1,0.0000000000,nan,59.5127637524,0.0000000000
carga_faixas,1114,59.5127637524,-0.0000000000,0.0000000000,600.0000000000,800.0000000000,1,0.0000000000,nan,59.5127637524,0.0000000000
carga_faixas,1115,59.5127637524,-0.0000000000,0.0000000000,600.0000000000,800.0000000000,1,0.0000000000,nan,59.5127637524,0.0000000000
carga_faixas,1116,59.5127637524,-0.0000000000,0.0000000000,600.0000000000,800.0000000000,1,0.0000000000,nan,59.5127637524,0.0000000000
carga_faixas,1117,59.5127637524,-0.0000000000,0.0000000000,600.0000000000,800.0000000000,1,0.0000000000,nan,59.5127637524,0.0000000000
carga_faixas,1118,59.5127637524,-0.0000000000,0.0000000000,600.0000000000,800.0000000000,1,0.0000000000,nan,59.5127637524,0.0000000000
carga_faixas,1119,59.5127637524,-0.0000000000,0.0000000000,600.0000000000,800.0000000000,1,0.0000000000,nan,59.5127637524,0.0000000000
carga_faixas,1120,59.5127637524,-0.0000000000,0.0000000000,600.0000000000,800.0000000000,1,0.0000000000,nan,59.5127637524,0.0000000000
carga_faixas,1121,59.5127637524,-0.0000000000,0.0000000000,600.0000000000,800.0000000000,1,0.0000000000,nan,59.5127637524,0.0000000000
carga_faixas,1122,59.5127637524,-0.0000000000,0.0000000000,600.0000000000,800.0000000000,1,0.0000000000,nan,59.5127637524,0.0000000000
carga_faixas,1123,59.5127637524,-0.0000000000,0.0000000000,600.0000000000,800.0000000000,1,0.0000000000,nan,59.5127637524,0.0000000000
carga_faixas,1124,59.5127637524,-0.0000000000,0.0000000000,600.0000000000,800.0000000000,1,0.0000000000,nan,59.5127637524,0.0000000000
carga_faixas,1125,59.5127637524,-0.0000000000,0.0000000000,600.0000000000,800.0000000000,1,0.0000000000,nan,59.5127637524,0.0000000000
carga_faixas,1126,59.5127637524,-0.0000000000,0.0000000000,600.0000000000,800.0000000000,1,0.0000000000,nan,59.5127637524,0.0000000000
carga_faixas,1127,59.5127637524,-0.0000000000,0.0000000000,600.0000000000,800.0000000000,1,0.0000000000,nan,59.5127637524,0.0000000000
carga_faixas,1128,59.5127637524,-0.0000000000,0.0000000000,600.0000000000,800.0000000000,1,0.0000000000,nan,59.5127637524,0.0000000000
carga_faixas,1129,59.5127637524,-0.0000000000,0.0000000000,600.0000000000,800.0000000000,1,0.0000000000,nan,59.5127637524,0.0000000000
carga_faixas,1130,59.5127637524,-0.0000000000,0.0000000000,600.0000000000,800.0000000000,1,0.0000000000,nan,59.5127637524,0.0000000000
carga_faixas,1131,59.5127637524,-0.0000000000,0.0000000000,600.0000000000,800.0000000000,1,0.0000000000,nan,59.5127637524,0.0000000000
carga_faixas,1132,59.5127637524,-0.0000000000,0.0000000000,600.0000000000,800.0000000000,1,0.0000000000,nan,59.5127637524,0.0000000000
carga_faixas,1133,59.5127637524,-0.0000000000,0.0000000000,600.0000000000,800.0000000000,1,0.0000000000,nan,59.5127637524,0.0000000000
carga_faixas,1134,59.5127637524,-0.0000000000,0.0000000000,600.0000000000,800.0000000000,1,0.0000000000,nan,59.5127637524,0.0000000000
carga_faixas,1135,59.5127637524,-0.0000000000,0.0000000000,600.0000000000,800.0000000000,1,0.0000000000,nan,59.5127637524,0.0000000000
carga_faixas,1136,59.5127637524,-0.0000000000,0.0000000000,600.0000000000,800.0000000000,1,0.0000000000,nan,59.5127637524,0.0000000000
carga_faixas,1137,59.5127637524,-0.0000000000,0.0000000000,600.0000000000,800.0000000000,1,0.0000000000,nan,59.5127637524,0.0000000000
carga_faixas,1138,59.5127637524,-0.0000000000,0.0000000000,600.0000000000,800.0000000000,1,0.0000000000,nan,59.5127637524,0.0000000000
carga_faixas,1139,59.5127637524,-0.0000000000,0.0000000000,600.0000000000,800.0000000000,1,0.0000000000,nan,59.5127637524,0.0000000000
carga_faixas,1140,59.5127637524,-0.0000000000,0.0000000000,600.0000000000,800.0000000000,1,0.0000000000,nan,59.5127637524,0.0000000000
carga_faixas,1141,59.5127637524,-0.0000000000,0.0000000000,600.0000000000,800.0000000000,1,0.0000000000,nan,59.5127637524,0.0000000000
carga_faixas,1142,59.5127637524,-0.0000000000,0.0000000000,600.0000000000,800.0000000000,1,0.0000000000,nan,59.5127637524,0.0000000000
carga_faixas,1143,59.5127637524,-0.0000000000,0.0000000000,600.0000000000,800.0000000000,1,0.0000000000,nan,59.5127637524,0.0000000000
carga_faixas,1144,59.5127637524,-0.0000000000,0.0000000000,600.0000000000,800.0000000000,1,0.0000000000,nan,59.5127637524,0.0000000000
carga_faixas,1145,59.5127637524,-0.0000000000,0.0000000000,600.0000000000,800.0000000000,1,0.0000000000,nan,59.5127637524,0.0000000000
carga_faixas,1146,59.5127637524,-0.0000000000,0.0000000000,600.0000000000,800.0000000000,1,0.0000000000,nan,59.5127637524,0.0000000000
carga_faixas,1147,59.5127637524,-0.0000000000,0.0000000000,600.0000000000,800.0000000000,1,0.0000000000,nan,59.5127637524,0.0000000000
carga_faixas,1148,59.5127637524,-0.0000000000,0.0000000000,600.0000000000,800.0000000000,1,0.0000000000,nan,59.5127637524,0.0000000000
carga_faixas,1149,59.5127637524,-0.0000000000,0.0000000000,600.0000000000,800.0000000000,1,0.0000000000,nan,59.5127637524,0.0000000000
carga_faixas,1150,59.5127637524,-0.0000000000,0.0000000000,600.0000000000,800.0000000000,1,0.0000000000,nan,59.5127637524,0.0000000000
carga_faixas,1151,59.5127637524,-0.0000000000,0.0000000000,600.0000000000,800.0000000000,1,0.0000000000,nan,59.5127637524,0.0000000000
carga_faixas,1152,59.5127637524,-0.0000000000,0.0000000000,600.0000000000,800.0000000000,1,0.0000000000,nan,59.5127637524,0.0000000000
carga_faixas,1153,59.5127637524,-0.0000000000,0.0000000000,600.0000000000,800.0000000000,1,0.0000000000,nan,59.5127637524,0.0000000000
carga_faixas,1154,59.5127637524,-0.0000000000,0.0000000000,600.0000000000,800.0000000000,1,0.0000000000,nan,59.5127637524,0.0000000000
carga_faixas,1155,59.5127637524,-0.0000000000,0.0000000000,600.0000000000,800.0000000000,1,0.0000000000,nan,59.5127637524,0.0000000000
carga_faixas,1156,59.5127637524,-0.0000000000,0.0000000000,600.0000000000,800.0000000000,1,0.0000000000,nan,59.5127637524,0.0000000000
carga_faixas,1157,59.5127637524,-0.0000000000,0.0000000000,600.0000000000,800.0000000000,1,0.0000000000,nan,59.5127637524,0.0000000000
carga_faixas,1158,59.5127637524,-0.0000000000,0.0000000000,600.0000000000,800.0000000000,1,0.0000000000,nan,59.5127637524,0.0000000000
carga_faixas,1159,59.5127637524,-0.0000000000,0.0000000000,600.0000000000,800.0000000000,1,0.0000000000,nan,59.5127637524,0.0000000000
carga_faixas,1160,59.5127637524,-0.0000000000,0.0000000000,600.0000000000,800.0000000000,1,0.0000000000,nan,59.5127637524,0.0000000000
carga_faixas,1161,59.5127637524,-0.0000000000,0.0000000000,600.0000000000,800.0000000000,1,0.0000000000,nan,59.5127637524,0.0000000000
carga_faixas,1162,59.5127637524,-0.0000000000,0.0000000000,600.0000000000,800.0000000000,1,0.0000000000,nan,59.5127637524,0.0000000000
carga_faixas,1163,59.5127637524,-0.0000000000,0.0000000000,600.0000000000,800.0000000000,1,0.0000000000,nan,59.5127637524,0.0000000000
carga_faixas,1164,59.5127637524,-0.0000000000,0.0000000000,600.0000000000,800.0000000000,1,0.0000000000,nan,59.5127637524,0.0000000000
carga_faixas,1165,59.5127637524,-0.0000000000,0.0000000000,600.0000000000,800.0000000000,1,0.0000000000,nan,59.5127637524,0.0000000000
carga_faixas,1166,59.5127637524,-0.0000000000,0.0000000000,600.0000000000,800.0000000000,1,0.0000000000,nan,59.5127637524,0.0000000000
carga_faixas,1167,59.5127637524,-0.0000000000,0.0000000000,600.0000000000,800.0000000000,1,0.0000000000,nan,59.5127637524,0.0000000000
carga_faixas,1168,59.5127637524,-0.0000000000,0.0000000000,600.0000000000,800.0000000000,1,0.0000000000,nan,59.5127637524,0.0000000000
carga_faixas,1169,59.5127637524,-0.0000000000,0.0000000000,600.0000000000,800.0000000000,1,0.0000000000,nan,59.5127637524,0.0000000000
carga_faixas,1170,59.5127637524,-0.0000000000,0.0000000000,600.0000000000,800.0000000000,1,0.0000000000,nan,59.5127637524,0.0000000000
carga_faixas,1171,59.5127637524,-0.0000000000,0.0000000000,600.0000000000,800.0000000000,1,0.0000000000,nan,59.5127637524,0.0000000000
carga_faixas,1172,59.5127637524,-0.0000000000,0.0000000000,600.0000000000,800.0000000000,1,0.0000000000,nan,59.5127637524,0.0000000000
carga_faixas,1173,59.5127637524,-0.0000000000,0.0000000000,600.0000000000,800.0000000000,1,0.0000000000,nan,59.5127637524,0.0000000000
carga_faixas,1174,59.5127637524,-0.0000000000,0.0000000000,600.0000000000,800.0000000000,1,0.0000000000,nan,59.5127637524,0.0000000000
carga_faixas,1175,59.5127637524,-0.0000000000,0.0000000000,600.0000000000,800.0000000000,1,0.0000000000,nan,59.5127637524,0.0000000000
carga_faixas,1176,59.5127637524,-0.0000000000,0.0000000000,600.0000000000,800.0000000000,1,0.0000000000,nan,59.5127637524,0.0000000000
carga_faixas,1177,59.5127637524,-0.0000000000,0.0000000000,600.0000000000,800.0000000000,1,0.0000000000,nan,59.5127637524,0.0000000000
carga_faixas,1178,59.5127637524,-0.0000000000,0.0000000000,600.0000000000,800.0000000000,1,0.0000000000,nan,59.5127637524,0.0000000000
carga_faixas,1179,59.5127637524,-0.0000000000,0.0000000000,600.0000000000,800.0000000000,1,0.0000000000,nan,59.5127637524,0.0000000000
carga_faixas,1180,59.5127637524,-0.0000000000,0.0000000000,600.0000000000,800.0000000000,1,0.0000000000,nan,59.5127637524,0.0000000000
carga_faixas,1181,59.5127637524,-0.0000000000,0.0000000000,600.0000000000,800.0000000000,1,0.0000000000,nan,59.5127637524,0.0000000000
carga_faixas,1182,59.5127637524,-0.0000000000,0.0000000000,600.0000000000,800.0000000000,1,0.0000000000,nan,59.5127637524,0.0000000000
carga_faixas,1183,59.5127637524,-0.0000000000,0.0000000000,600.0000000000,800.0000000000,1,0.0000000000,nan,59.5127637524,0.0000000000
carga_faixas,1184,59.5127637524,-0.0000000000,0.0000000000,600.0000000000,800.0000000000,1,0.0000000000,nan,59.5127637524,0.0000000000
carga_faixas,1185,59.5127637524,-0.0000000000,0.0000000000,600.0000000000,800.0000000000,1,0.0000000000,nan,59.5127637524,0.0000000000
carga_faixas,1186,59.5127637524,-0.0000000000,0.0000000000,600.0000000000,800.0000000000,1,0.0000000000,nan,59.5127637524,0.0000000000
carga_faixas,1187,59.5127637524,-0.0000000000,0.0000000000,600.0000000000,800.0000000000,1,0.0000000000,nan,59.5127637524,0.0000000000
carga_faixas,1188,59.5127637524,-0.0000000000,0.0000000000,600.0000000000,800.0000000000,1,0.0000000000,nan,59.5127637524,0.0000000000
carga_faixas,1189,59.5127637524,-0.0000000000,0.0000000000,600.0000000000,800.0000000000,1,0.0000000000,nan,59.5127637524,0.0000000000
carga_faixas,1190,59.5127637524,-0.0000000000,0.0000000000,600.0000000000,800.0000000000,1,0.0000000000,nan,59.5127637524,0.0000000000
carga_faixas,1191,59.5127637524,-0.0000000000,0.0000000000,600.0000000000,800.0000000000,1,0.0000000000,nan,59.5127637524,0.0000000000
carga_faixas,1192,59.5127637524,-0.0000000000,0.0000000000,600.0000000000,800.0000000000,1,0.0000000000,nan,59.5127637524,0.0000000000
carga_faixas,1193,59.5127637524,-0.0000000000,0.0000000000,600.0000000000,800.0000000000,1,0.0000000000,nan,59.5127637524,0.0000000000
carga_faixas,1194,59.5127637524,-0.0000000000,0.0000000000,600.0000000000,800.0000000000,1,0.0000000000,nan,59.5127637524,0.0000000000
carga_faixas,1195,59.5127637524,-0.0000000000,0.0000000000,600.0000000000,800.0000000000,1,0.0000000000,nan,59.5127637524,0.0000000000
carga_faixas,1196,59.5127637524,-0.0000000000,0.0000000000,600.0000000000,800.0000000000,1,0.0000000000,nan,59.5127637524,0.0000000000
carga_faixas,1197,59.5127637524,-0.0000000000,0.0000000000,600.0000000000,800.0000000000,1,0.0000000000,nan,59.5127637524,0.0000000000
carga_faixas,1198,59.5127637524,-0.0000000000,0.0000000000,600.0000000000,800.0000000000,1,0.0000000000,nan,59.5127637524,0.0000000000
carga_faixas,1199,59.5127637524,-0.0000000000,0.0000000000,600.0000000000,800.0000000000,1,0.0000000000,nan,59.5127637524,0.0000000000
limite_fonte,0,60.0000000000,0.0000000000,0.0000000000,750.0000000000,800.0000000000,1,0.0000000000,nan,60.0000000000,0.0000000000
limite_fonte,1,60.0000000000,0.0000000000,0.0000000000,750.0000000000,800.0000000000,1,0.0000000000,nan,60.0000000000,0.0000000000
limite_fonte,2,60.0000000000,0.0000000000,0.0000000000,750.0000000000,800.0000000000,1,0.0000000000,nan,60.0000000000,0.0000000000
limite_fonte,3,60.0000000000,0.0000000000,0.0000000000,750.0000000000,800.0000000000,1,0.0000000000,nan,60.0000000000,0.0000000000
limite_fonte,4,60.0000000000,0.0000000000,0.0000000000,750.0000000000,800.0000000000,1,0.0000000000,nan,60.0000000000,0.0000000000
limite_fonte,5,60.0000000000,0.0000000000,0.0000000000,750.0000000000,800.0000000000,1,0.0000000000,nan,60.0000000000,0.0000000000
limite_fonte,6,60.0000000000,0.0000000000,0.0000000000,750.0000000000,800.0000000000,1,0.0000000000,nan,60.0000000000,0.0000000000
limite_fonte,7,60.0000000000,0.0000000000,0.0000000000,750.0000000000,800.0000000000,1,0.0000000000,nan,60.0000000000,0.0000000000
limite_fonte,8,60.0000000000,0.0000000000,0.0000000000,750.0000000000,800.0000000000,1,0.0000000000,nan,60.0000000000,0.0000000000
limite_fonte,9,60.0000000000,0.0000000000,0.0000000000,750.0000000000,800.0000000000,1,0.0000000000,nan,60.0000000000,0.0000000000
limite_fonte,10,60.0000000000,0.0000000000,0.0000000000,750.0000000000,800.0000000000,1,0.0000000000,nan,60.0000000000,0.0000000000
limite_fonte,11,60.0000000000,0.0000000000,0.0000000000,750.0000000000,800.0000000000,1,0.0000000000,nan,60.0000000000,0.0000000000
limite_fonte,12,60.0000000000,0.0000000000,0.0000000000,750.0000000000,800.0000000000,1,0.0000000000,nan,60.0000000000,0.0000000000
limite_fonte,13,60.0000000000,0.0000000000,0.0000000000,750.0000000000,800.0000000000,1,0.0000000000,nan,60.0000000000,0.0000000000
limite_fonte,14,60.0000000000,0.0000000000,0.0000000000,750.0000000000,800.0000000000,1,0.0000000000,nan,60.0000000000,0.0000000000
limite_fonte,15,60.0000000000,0.0000000000,0.0000000000,750.0000000000,800.0000000000,1,0.0000000000,nan,60.0000000000,0.0000000000
limite_fonte,16,60.0000000000,0.0000000000,0.0000000000,750.0000000000,800.0000000000,1,0.0000000000,nan,60.0000000000,0.0000000000
limite_fonte,17,60.0000000000,0.0000000000,0.0000000000,750.0000000000,800.0000000000,1,0.0000000000,nan,60.0000000000,0.0000000000
limite_fonte,18,60.0000000000,0.0000000000,0.0000000000,750.0000000000,800.0000000000,1,0.0000000000,nan,60.0000000000,0.0000000000
limite_fonte,19,60.0000000000,0.0000000000,0.0000000000,750.0000000000,800.0000000000,1,0.0000000000,nan,60.0000000000,0.0000000000
limite_fonte,20,60.0000000000,0.0000000000,0.0000000000,750.0000000000,800.0000000000,1,0.0000000000,nan,60.0000000000,0.0000000000
limite_fonte,21,60.0000000000,0.0000000000,0.0000000000,750.0000000000,800.0000000000,1,0.0000000000,nan,60.0000000000,0.0000000000
limite_fonte,22,60.0000000000,0.0000000000,0.0000000000,750.0000000000,800.0000000000,1,0.0000000000,nan,60.0000000000,0.0000000000
limite_fonte,23,60.0000000000,0.0000000000,0.0000000000,750.0000000000,800.0000000000,1,0.0000000000,nan,60.0000000000,0.0000000000
limite_fonte,24,60.0000000000,0.0000000000,0.0000000000,750.0000000000,800.0000000000,1,0.0000000000,nan,60.0000000000,0.0000000000
limite_fonte,25,60.0000000000,0.0000000000,0.0000000000,750.0000000000,800.0000000000,1,0.0000000000,nan,60.0000000000,0.0000000000
limite_fonte,26,60.0000000000,0.0000000000,0.0000000000,750.0000000000,800.0000000000,1,0.0000000000,nan,60.0000000000,0.0000000000
limite_fonte,27,60.0000000000,0.0000000000,0.0000000000,750.0000000000,800.0000000000,1,0.0000000000,nan,60.0000000000,0.0000000000
limite_fonte,28,60.0000000000,0.0000000000,0.0000000000,750.0000000000,800.0000000000,1,0.0000000000,nan,60.0000000000,0.0000000000
limite_fonte,29,60.0000000000,0.0000000000,0.0000000000,750.0000000000,800.0000000000,1,0.0000000000,nan,60.0000000000,0.0000000000
limite_fonte,30,60.0000000000,0.0000000000,0.0000000000,750.0000000000,800.0000000000,1,0.0000000000,nan,60.0000000000,0.0000000000
limite_fonte,31,60.0000000000,0.0000000000,0.0000000000,750.0000000000,800.0000000000,1,0.0000000000,nan,60.0000000000,0.0000000000
limite_fonte,32,60.0000000000,0.0000000000,0.0000000000,750.0000000000,800.0000000000,1,0.0000000000,nan,60.0000000000,0.0000000000
limite_fonte,33,60.0000000000,0.0000000000,0.0000000000,750.0000000000,800.0000000000,1,0.0000000000,nan,60.0000000000,0.0000000000
limite_fonte,34,60.0000000000,0.0000000000,0.0000000000,750.0000000000,800.0000000000,1,0.0000000000,nan,60.0000000000,0.0000000000
limite_fonte,35,60.0000000000,0.0000000000,0.0000000000,750.0000000000,800.0000000000,1,0.0000000000,nan,60.0000000000,0.0000000000
limite_fonte,36,60.0000000000,0.0000000000,0.0000000000,750.0000000000,800.0000000000,1,0.0000000000,nan,60.0000000000,0.0000000000
limite_fonte,37,60.0000000000,0.0000000000,0.0000000000,750.0000000000,800.0000000000,1,0.0000000000,nan,60.0000000000,0.0000000000
limite_fonte,38,60.0000000000,0.0000000000,0.0000000000,750.0000000000,800.0000000000,1,0.0000000000,nan,60.0000000000,0.0000000000
limite_fonte,39,60.0000000000,0.0000000000,0.0000000000,750.0000000000,800.0000000000,1,0.0000000000,nan,60.0000000000,0.0000000000
limite_fonte,40,60.0000000000,0.0000000000,0.0000000000,750.0000000000,800.0000000000,1,0.0000000000,nan,60.0000000000,0.0000000000
limite_fonte,41,60.0000000000,0.0000000000,0.0000000000,750.0000000000,800.0000000000,1,0.0000000000,nan,60.0000000000,0.0000000000
limite_fonte,42,60.0000000000,0.0000000000,0.0000000000,750.0000000000,800.0000000000,1,0.0000000000,nan,60.0000000000,0.0000000000
limite_fonte,43,60.0000000000,0.0000000000,0.0000000000,750.0000000000,800.0000000000,1,0.0000000000,nan,60.0000000000,0.0000000000
limite_fonte,44,60.0000000000,0.0000000000,0.0000000000,750.0000000000,800.0000000000,1,0.0000000000,nan,60.0000000000,0.0000000000
limite_fonte,45,60.0000000000,0.0000000000,0.0000000000,750.0000000000,800.0000000000,1,0.0000000000,nan,60.0000000000,0.0000000000
limite_fonte,46,60.0000000000,0.0000000000,0.0000000000,750.0000000000,800.0000000000,1,0.0000000000,nan,60.0000000000,0.0000000000
limite_fonte,47,60.0000000000,0.0000000000,0.0000000000,750.0000000000,800.0000000000,1,0.0000000000,nan,60.0000000000,0.0000000000
limite_fonte,48,60.0000000000,0.0000000000,0.0000000000,750.0000000000,800.0000000000,1,0.0000000000,nan,60.0000000000,0.0000000000
limite_fonte,49,60.0000000000,0.0000000000,0.0000000000,750.0000000000,800.0000000000,1,0.0000000000,nan,60.0000000000,0.0000000000
limite_fonte,50,60.0000000000,0.0000000000,0.0000000000,750.0000000000,800.0000000000,1,0.0000000000,nan,60.0000000000,0.0000000000
limite_fonte,51,60.0000000000,0.0000000000,0.0000000000,750.0000000000,800.0000000000,1,0.0000000000,nan,60.0000000000,0.0000000000
limite_fonte,52,60.0000000000,0.0000000000,0.0000000000,750.0000000000,800.0000000000,1,0.0000000000,nan,60.0000000000,0.0000000000
limite_fonte,53,60.0000000000,0.0000000000,0.0000000000,750.0000000000,800.0000000000,1,0.0000000000,nan,60.0000000000,0.0000000000
limite_fonte,54,60.0000000000,0.0000000000,0.0000000000,750.0000000000,800.0000000000,1,0.0000000000,nan,60.0000000000,0.0000000000
limite_fonte,55,60.0000000000,0.0000000000,0.0000000000,750.0000000000,800.0000000000,1,0.0000000000,nan,60.0000000000,0.0000000000
limite_fonte,56,60.0000000000,0.0000000000,0.0000000000,750.0000000000,800.0000000000,1,0.0000000000,nan,60.0000000000,0.0000000000
limite_fonte,57,60.0000000000,0.0000000000,0.0000000000,750.0000000000,800.0000000000,1,0.0000000000,nan,60.0000000000,0.0000000000
limite_fonte,58,60.0000000000,0.0000000000,0.0000000000,750.0000000000,800.0000000000,1,0.0000000000,nan,60.0000000000,0.0000000000
limite_fonte,59,60.0000000000,0.0000000000,0.0000000000,750.0000000000,800.0000000000,1,0.0000000000,nan,60.0000000000,0.0000000000
limite_fonte,60,60.0000000000,0.0000000000,0.0000000000,750.0000000000,800.0000000000,1,0.0000000000,nan,60.0000000000,0.0000000000
limite_fonte,61,60.0000000000,0.0000000000,0.0000000000,750.0000000000,800.0000000000,1,0.0000000000,nan,60.0000000000,0.0000000000
limite_fonte,62,60.0000000000,0.0000000000,0.0000000000,750.0000000000,800.0000000000,1,0.0000000000,nan,60.0000000000,0.0000000000
limite_fonte,63,60.0000000000,0.0000000000,0.0000000000,750.0000000000,800.0000000000,1,0.0000000000,nan,60.0000000000,0.0000000000
limite_fonte,64,60.0000000000,0.0000000000,0.0000000000,750.0000000000,800.0000000000,1,0.0000000000,nan,60.0000000000,0.0000000000
limite_fonte,65,60.0000000000,0.0000000000,0.0000000000,750.0000000000,800.0000000000,1,0.0000000000,nan,60.0000000000,0.0000000000
limite_fonte,66,60.0000000000,0.0000000000,0.0000000000,750.0000000000,800.0000000000,1,0.0000000000,nan,60.0000000000,0.0000000000
limite_fonte,67,60.0000000000,0.0000000000,0.0000000000,750.0000000000,800.0000000000,1,0.0000000000,nan,60.0000000000,0.0000000000
limite_fonte,68,60.0000000000,0.0000000000,0.0000000000,750.0000000000,800.0000000000,1,0.0000000000,nan,60.0000000000,0.0000000000
limite_fonte,69,60.0000000000,0.0000000000,0.0000000000,750.0000000000,800.0000000000,1,0.0000000000,nan,60.0000000000,0.0000000000
limite_fonte,70,60.0000000000,0.0000000000,0.0000000000,750.0000000000,800.0000000000,1,0.0000000000,nan,60.0000000000,0.0000000000
limite_fonte,71,60.0000000000,0.0000000000,0.0000000000,750.0000000000,800.0000000000,1,0.0000000000,nan,60.0000000000,0.0000000000
limite_fonte,72,60.0000000000,0.0000000000,0.0000000000,750.0000000000,800.0000000000,1,0.0000000000,nan,60.0000000000,0.0000000000
limite_fonte,73,60.0000000000,0.0000000000,0.0000000000,750.0000000000,800.0000000000,1,0.0000000000,nan,60.0000000000,0.0000000000
limite_fonte,74,60.0000000000,0.0000000000,0.0000000000,750.0000000000,800.0000000000,1,0.0000000000,nan,60.0000000000,0.0000000000
limite_fonte,75,60.0000000000,0.0000000000,0.0000000000,750.0000000000,800.0000000000,1,0.0000000000,nan,60.0000000000,0.0000000000
limite_fonte,76,60.0000000000,0.0000000000,0.0000000000,750.0000000000,800.0000000000,1,0.0000000000,nan,60.0000000000,0.0000000000
limite_fonte,77,60.0000000000,0.0000000000,0.0000000000,750.0000000000,800.0000000000,1,0.0000000000,nan,60.0000000000,0.0000000000
limite_fonte,78,60.0000000000,0.0000000000,0.0000000000,750.0000000000,800.0000000000,1,0.0000000000,nan,60.0000000000,0.0000000000
limite_fonte,79,60.0000000000,0.0000000000,0.0000000000,750.0000000000,800.0000000000,1,0.0000000000,nan,60.0000000000,0.0000000000
limite_fonte,80,60.0000000000,0.0000000000,0.0000000000,750.0000000000,800.0000000000,1,0.0000000000,nan,60.0000000000,0.0000000000
limite_fonte,81,60.0000000000,0.0000000000,0.0000000000,750.0000000000,800.0000000000,1,0.0000000000,nan,60.0000000000,0.0000000000
limite_fonte,82,60.0000000000,0.0000000000,0.0000000000,750.0000000000,800.0000000000,1,0.0000000000,nan,60.0000000000,0.0000000000
limite_fonte,83,60.0000000000,0.0000000000,0.0000000000,750.0000000000,800.0000000000,1,0.0000000000,nan,60.0000000000,0.0000000000
limite_fonte,84,60.0000000000,0.0000000000,0.0000000000,750.0000000000,800.0000000000,1,0.0000000000,nan,60.0000000000,0.0000000000
limite_fonte,85,60.0000000000,0.0000000000,0.0000000000,750.0000000000,800.0000000000,1,0.0000000000,nan,60.0000000000,0.0000000000
limite_fonte,86,60.0000000000,0.0000000000,0.0000000000,750.0000000000,800.0000000000,1,0.0000000000,nan,60.0000000000,0.0000000000
limite_fonte,87,60.0000000000,0.0000000000,0.0000000000,750.0000000000,800.0000000000,1,0.0000000000,nan,60.0000000000,0.0000000000
limite_fonte,88,60.0000000000,0.0000000000,0.0000000000,750.0000000000,800.0000000000,1,0.0000000000,nan,60.0000000000,0.0000000000
limite_fonte,89,60.0000000000,0.0000000000,0.0000000000,750.0000000000,800.0000000000,1,0.0000000000,nan,60.0000000000,0.0000000000
limite_fonte,90,60.0000000000,0.0000000000,0.0000000000,750.0000000000,800.0000000000,1,0.0000000000,nan,60.0000000000,0.0000000000
limite_fonte,91,60.0000000000,0.0000000000,0.0000000000,750.0000000000,800.0000000000,1,0.0000000000,nan,60.0000000000,0.0000000000
limite_fonte,92,60.0000000000,0.0000000000,0.0000000000,750.0000000000,800.0000000000,1,0.0000000000,nan,60.0000000000,0.0000000000
limite_fonte,93,60.0000000000,0.0000000000,0.0000000000,750.0000000000,800.0000000000,1,0.0000000000,nan,60.0000000000,0.0000000000
limite_fonte,94,60.0000000000,0.0000000000,0.0000000000,750.0000000000,800.0000000000,1,0.0000000000,nan,60.0000000000,0.0000000000
limite_fonte,95,60.0000000000,0.0000000000,0.0000000000,750.0000000000,800.0000000000,1,0.0000000000,nan,60.0000000000,0.0000000000
limite_fonte,96,60.0000000000,0.0000000000,0.0000000000,750.0000000000,800.0000000000,1,0.0000000000,nan,60.0000000000,0.0000000000
limite_fonte,97,60.0000000000,0.0000000000,0.0000000000,750.0000000000,800.0000000000,1,0.0000000000,nan,60.0000000000,0.0000000000
limite_fonte,98,60.0000000000,0.0000000000,0.0000000000,750.0000000000,800.0000000000,1,0.0000000000,nan,60.0000000000,0.0000000000
limite_fonte,99,60.0000000000,0.0000000000,0.0000000000,750.0000000000,800.0000000000,1,0.0000000000,nan,60.0000000000,0.0000000000
limite_fonte,100,60.0000000000,0.0000000000,0.0000000000,750.0000000000,800.0000000000,1,0.0000000000,nan,60.0000000000,0.0000000000
limite_fonte,101,60.0000000000,0.0000000000,0.0000000000,750.0000000000,800.0000000000,1,0.0000000000,nan,60.0000000000,0.0000000000
limite_fonte,102,60.0000000000,0.0000000000,0.0000000000,750.0000000000,800.0000000000,1,0.0000000000,nan,60.0000000000,0.0000000000
limite_fonte,103,60.0000000000,0.0000000000,0.0000000000,750.0000000000,800.0000000000,1,0.0000000000,nan,60.0000000000,0.0000000000
limite_fonte,104,60.0000000000,0.0000000000,0.0000000000,750.0000000000,800.0000000000,1,0.0000000000,nan,60.0000000000,0.0000000000
limite_fonte,105,60.0000000000,0.0000000000,0.0000000000,750.0000000000,800.0000000000,1,0.0000000000,nan,60.0000000000,0.0000000000
limite_fonte,106,60.0000000000,0.0000000000,0.0000000000,750.0000000000,800.0000000000,1,0.0000000000,nan,60.0000000000,0.0000000000
limite_fonte,107,60.0000000000,0.0000000000,0.0000000000,750.0000000000,800.0000000000,1,0.0000000000,nan,60.0000000000,0.0000000000
limite_fonte,108,60.0000000000,0.0000000000,0.0000000000,750.0000000000,800.0000000000,1,0.0000000000,nan,60.0000000000,0.0000000000
limite_fonte,109,60.0000000000,0.0000000000,0.0000000000,750.0000000000,800.0000000000,1,0.0000000000,nan,60.0000000000,0.0000000000
limite_fonte,110,60.0000000000,0.0000000000,0.0000000000,750.0000000000,800.0000000000,1,0.0000000000,nan,60.0000000000,0.0000000000
limite_fonte,111,60.0000000000,0.0000000000,0.0000000000,750.0000000000,800.0000000000,1,0.0000000000,nan,60.0000000000,0.0000000000
limite_fonte,112,60.0000000000,0.0000000000,0.0000000000,750.0000000000,800.0000000000,1,0.0000000000,nan,60.0000000000,0.0000000000
limite_fonte,113,60.0000000000,0.0000000000,0.0000000000,750.0000000000,800.0000000000,1,0.0000000000,nan,60.0000000000,0.0000000000
limite_fonte,114,60.0000000000,0.0000000000,0.0000000000,750.0000000000,800.0000000000,1,0.0000000000,nan,60.0000000000,0.0000000000
limite_fonte,115,60.0000000000,0.0000000000,0.0000000000,750.0000000000,800.0000000000,1,0.0000000000,nan,60.0000000000,0.0000000000
limite_fonte,116,60.0000000000,0.0000000000,0.0000000000,750.0000000000,800.0000000000,1,0.0000000000,nan,60.0000000000,0.0000000000
limite_fonte,117,60.0000000000,0.0000000000,0.0000000000,750.0000000000,800.0000000000,1,0.0000000000,nan,60.0000000000,0.0000000000
limite_fonte,118,60.0000000000,0.0000000000,0.0000000000,750.0000000000,800.0000000000,1,0.0000000000,nan,60.0000000000,0.0000000000
limite_fonte,119,60.0000000000,0.0000000000,0.0000000000,750.0000000000,800.0000000000,1,0.0000000000,nan,60.0000000000,0.0000000000
limite_fonte,120,60.0000000000,0.0000000000,0.0000000000,750.0000000000,800.0000000000,1,0.0000000000,nan,60.0000000000,0.0000000000
limite_fonte,121,60.0000000000,0.0000000000,0.0000000000,750.0000000000,800.0000000000,1,0.0000000000,nan,60.0000000000,0.0000000000
limite_fonte,122,60.0000000000,0.0000000000,0.0000000000,750.0000000000,800.0000000000,1,0.0000000000,nan,60.0000000000,0.0000000000
limite_fonte,123,60.0000000000,0.0000000000,0.0000000000,750.0000000000,800.0000000000,1,0.0000000000,nan,60.0000000000,0.0000000000
limite_fonte,124,60.0000000000,0.0000000000,0.0000000000,750.0000000000,800.0000000000,1,0.0000000000,nan,60.0000000000,0.0000000000
limite_fonte,125,60.0000000000,0.0000000000,0.0000000000,750.0000000000,800.0000000000,1,0.0000000000,nan,60.0000000000,0.0000000000
limite_fonte,126,60.0000000000,0.0000000000,0.0000000000,750.0000000000,800.0000000000,1,0.0000000000,nan,60.0000000000,0.0000000000
limite_fonte,127,60.0000000000,0.0000000000,0.0000000000,750.0000000000,800.0000000000,1,0.0000000000,nan,60.0000000000,0.0000000000
limite_fonte,128,60.0000000000,0.0000000000,0.0000000000,750.0000000000,800.0000000000,1,0.0000000000,nan,60.0000000000,0.0000000000
limite_fonte,129,60.0000000000,0.0000000000,0.0000000000,750.0000000000,800.0000000000,1,0.0000000000,nan,60.0000000000,0.0000000000
limite_fonte,130,60.0000000000,0.0000000000,0.0000000000,750.0000000000,800.0000000000,1,0.0000000000,nan,60.0000000000,0.0000000000
limite_fonte,131,60.0000000000,0.0000000000,0.0000000000,750.0000000000,800.0000000000,1,0.0000000000,nan,60.0000000000,0.0000000000
limite_fonte,132,60.0000000000,0.0000000000,0.0000000000,750.0000000000,800.0000000000,1,0.0000000000,nan,60.0000000000,0.0000000000
limite_fonte,133,60.0000000000,0.0000000000,0.0000000000,750.0000000000,800.0000000000,1,0.0000000000,nan,60.0000000000,0.0000000000
limite_fonte,134,60.0000000000,0.0000000000,0.0000000000,750.0000000000,800.0000000000,1,0.0000000000,nan,60.0000000000,0.0000000000
limite_fonte,135,60.0000000000,0.0000000000,0.0000000000,750.0000000000,800.0000000000,1,0.0000000000,nan,60.0000000000,0.0000000000
limite_fonte,136,60.0000000000,0.0000000000,0.0000000000,750.0000000000,800.0000000000,1,0.0000000000,nan,60.0000000000,0.0000000000
limite_fonte,137,60.0000000000,0.0000000000,0.0000000000,750.0000000000,800.0000000000,1,0.0000000000,nan,60.0000000000,0.0000000000
limite_fonte,138,60.0000000000,0.0000000000,0.0000000000,750.0000000000,800.0000000000,1,0.0000000000,nan,60.0000000000,0.0000000000
limite_fonte,139,60.0000000000,0.0000000000,0.0000000000,750.0000000000,800.0000000000,1,0.0000000000,nan,60.0000000000,0.0000000000
limite_fonte,140,60.0000000000,0.0000000000,0.0000000000,750.0000000000,800.0000000000,1,0.0000000000,nan,60.0000000000,0.0000000000
limite_fonte,141,60.0000000000,0.0000000000,0.0000000000,750.0000000000,800.0000000000,1,0.0000000000,nan,60.0000000000,0.0000000000
limite_fonte,142,60.0000000000,0.0000000000,0.0000000000,750.0000000000,800.0000000000,1,0.0000000000,nan,60.0000000000,0.0000000000
limite_fonte,143,60.0000000000,0.0000000000,0.0000000000,750.0000000000,800.0000000000,1,0.0000000000,nan,60.0000000000,0.0000000000
limite_fonte,144,60.0000000000,0.0000000000,0.0000000000,750.0000000000,800.0000000000,1,0.0000000000,nan,60.0000000000,0.0000000000
limite_fonte,145,60.0000000000,0.0000000000,0.0000000000,750.0000000000,800.0000000000,1,0.0000000000,nan,60.0000000000,0.0000000000
limite_fonte,146,60.0000000000,0.0000000000,0.0000000000,750.0000000000,800.0000000000,1,0.0000000000,nan,60.0000000000,0.0000000000
limite_fonte,147,60.0000000000,0.0000000000,0.0000000000,750.0000000000,800.0000000000,1,0.0000000000,nan,60.0000000000,0.0000000000
limite_fonte,148,60.0000000000,0.0000000000,0.0000000000,750.0000000000,800.0000000000,1,0.0000000000,nan,60.0000000000,0.0000000000
limite_fonte,149,60.0000000000,0.0000000000,0.0000000000,750.0000000000,800.0000000000,1,0.0000000000,nan,60.0000000000,0.0000000000
limite_fonte,150,60.0000000000,0.0000000000,0.0000000000,750.0000000000,800.0000000000,1,0.0000000000,nan,60.0000000000,0.0000000000
limite_fonte,151,60.0000000000,0.0000000000,0.0000000000,750.0000000000,800.0000000000,1,0.0000000000,nan,60.0000000000,0.0000000000
limite_fonte,152,60.0000000000,0.0000000000,0.0000000000,750.0000000000,800.0000000000,1,0.0000000000,nan,60.0000000000,0.0000000000
limite_fonte,153,60.0000000000,0.0000000000,0.0000000000,750.0000000000,800.0000000000,1,0.0000000000,nan,60.0000000000,0.0000000000
limite_fonte,154,60.0000000000,0.0000000000,0.0000000000,750.0000000000,800.0000000000,1,0.0000000000,nan,60.0000000000,0.0000000000
limite_fonte,155,60.0000000000,0.0000000000,0.0000000000,750.0000000000,800.0000000000,1,0.0000000000,nan,60.0000000000,0.0000000000
limite_fonte,156,60.0000000000,0.0000000000,0.0000000000,750.0000000000,800.0000000000,1,0.0000000000,nan,60.0000000000,0.0000000000
limite_fonte,157,60.0000000000,0.0000000000,0.0000000000,750.0000000000,800.0000000000,1,0.0000000000,nan,60.0000000000,0.0000000000
limite_fonte,158,60.0000000000,0.0000000000,0.0000000000,750.0000000000,800.0000000000,1,0.0000000000,nan,60.0000000000,0.0000000000
limite_fonte,159,60.0000000000,0.0000000000,0.0000000000,750.0000000000,800.0000000000,1,0.0000000000,nan,60.0000000000,0.0000000000
limite_fonte,160,60.0000000000,0.0000000000,0.0000000000,750.0000000000,800.0000000000,1,0.0000000000,nan,60.0000000000,0.0000000000
limite_fonte,161,60.0000000000,0.0000000000,0.0000000000,750.0000000000,800.0000000000,1,0.0000000000,nan,60.0000000000,0.0000000000
limite_fonte,162,60.0000000000,0.0000000000,0.0000000000,750.0000000000,800.0000000000,1,0.0000000000,nan,60.0000000000,0.0000000000
limite_fonte,163,60.0000000000,0.0000000000,0.0000000000,750.0000000000,800.0000000000,1,0.0000000000,nan,60.0000000000,0.0000000000
limite_fonte,164,60.0000000000,0.0000000000,0.0000000000,750.0000000000,800.0000000000,1,0.0000000000,nan,60.0000000000,0.0000000000
limite_fonte,165,60.0000000000,0.0000000000,0.0000000000,750.0000000000,800.0000000000,1,0.0000000000,nan,60.0000000000,0.0000000000
limite_fonte,166,60.0000000000,0.0000000000,0.0000000000,750.0000000000,800.0000000000,1,0.0000000000,nan,60.0000000000,0.0000000000
limite_fonte,167,60.0000000000,0.0000000000,0.0000000000,750.0000000000,800.0000000000,1,0.0000000000,nan,60.0000000000,0.0000000000
limite_fonte,168,60.0000000000,0.0000000000,0.0000000000,750.0000000000,800.0000000000,1,0.0000000000,nan,60.0000000000,0.0000000000
limite_fonte,169,60.0000000000,0.0000000000,0.0000000000,750.0000000000,800.0000000000,1,0.0000000000,nan,60.0000000000,0.0000000000
limite_fonte,170,60.0000000000,0.0000000000,0.0000000000,750.0000000000,800.0000000000,1,0.0000000000,nan,60.0000000000,0.0000000000
limite_fonte,171,60.0000000000,0.0000000000,0.0000000000,750.0000000000,800.0000000000,1,0.0000000000,nan,60.0000000000,0.0000000000
limite_fonte,172,60.0000000000,0.0000000000,0.0000000000,750.0000000000,800.0000000000,1,0.0000000000,nan,60.0000000000,0.0000000000
limite_fonte,173,60.0000000000,0.0000000000,0.0000000000,750.0000000000,800.0000000000,1,0.0000000000,nan,60.0000000000,0.0000000000
limite_fonte,174,60.0000000000,0.0000000000,0.0000000000,750.0000000000,800.0000000000,1,0.0000000000,nan,60.0000000000,0.0000000000
limite_fonte,175,60.0000000000,0.0000000000,0.0000000000,750.0000000000,800.0000000000,1,0.0000000000,nan,60.0000000000,0.0000000000
limite_fonte,176,60.0000000000,0.0000000000,0.0000000000,750.0000000000,800.0000000000,1,0.0000000000,nan,60.0000000000,0.0000000000
limite_fonte,177,60.0000000000,0.0000000000,0.0000000000,750.0000000000,800.0000000000,1,0.0000000000,nan,60.0000000000,0.0000000000
limite_fonte,178,60.0000000000,0.0000000000,0.0000000000,750.0000000000,800.0000000000,1,0.0000000000,nan,60.0000000000,0.0000000000
limite_fonte,179,60.0000000000,0.0000000000,0.0000000000,750.0000000000,800.0000000000,1,0.0000000000,nan,60.0000000000,0.0000000000
limite_fonte,180,60.0000000000,0.0000000000,0.0000000000,750.0000000000,800.0000000000,1,0.0000000000,nan,60.0000000000,0.0000000000
limite_fonte,181,60.0000000000,0.0000000000,0.0000000000,750.0000000000,800.0000000000,1,0.0000000000,nan,60.0000000000,0.0000000000
limite_fonte,182,60.0000000000,0.0000000000,0.0000000000,750.0000000000,800.0000000000,1,0.0000000000,nan,60.0000000000,0.0000000000
limite_fonte,183,60.0000000000,0.0000000000,0.0000000000,750.0000000000,800.0000000000,1,0.0000000000,nan,60.0000000000,0.0000000000
limite_fonte,184,60.0000000000,0.0000000000,0.0000000000,750.0000000000,800.0000000000,1,0.0000000000,nan,60.0000000000,0.0000000000
limite_fonte,185,60.0000000000,0.0000000000,0.0000000000,750.0000000000,800.0000000000,1,0.0000000000,nan,60.0000000000,0.0000000000
limite_fonte,186,60.0000000000,0.0000000000,0.0000000000,750.0000000000,800.0000000000,1,0.0000000000,nan,60.0000000000,0.0000000000
limite_fonte,187,60.0000000000,0.0000000000,0.0000000000,750.0000000000,800.0000000000,1,0.0000000000,nan,60.0000000000,0.0000000000
limite_fonte,188,60.0000000000,0.0000000000,0.0000000000,750.0000000000,800.0000000000,1,0.0000000000,nan,60.0000000000,0.0000000000
limite_fonte,189,60.0000000000,0.0000000000,0.0000000000,750.0000000000,800.0000000000,1,0.0000000000,nan,60.0000000000,0.0000000000
limite_fonte,190,60.0000000000,0.0000000000,0.0000000000,750.0000000000,800.0000000000,1,0.0000000000,nan,60.0000000000,0.0000000000
limite_fonte,191,60.0000000000,0.0000000000,0.0000000000,750.0000000000,800.0000000000,1,0.0000000000,nan,60.0000000000,0.0000000000
limite_fonte,192,60.0000000000,0.0000000000,0.0000000000,750.0000000000,800.0000000000,1,0.0000000000,nan,60.0000000000,0.0000000000
limite_fonte,193,60.0000000000,0.0000000000,0.0000000000,750.0000000000,800.0000000000,1,0.0000000000,nan,60.0000000000,0.0000000000
limite_fonte,194,60.0000000000,0.0000000000,0.0000000000,750.0000000000,800.0000000000,1,0.0000000000,nan,60.0000000000,0.0000000000
limite_fonte,195,60.0000000000,0.0000000000,0.0000000000,750.0000000000,800.0000000000,1,0.0000000000,nan,60.0000000000,0.0000000000
limite_fonte,196,60.0000000000,0.0000000000,0.0000000000,750.0000000000,800.0000000000,1,0.0000000000,nan,60.0000000000,0.0000000000
limite_fonte,197,60.0000000000,0.0000000000,0.0000000000,750.0000000000,800.0000000000,1,0.0000000000,nan,60.0000000000,0.0000000000
limite_fonte,198,60.0000000000,0.0000000000,0.0000000000,750.0000000000,800.0000000000,1,0.0000000000,nan,60.0000000000,0.0000000000
limite_fonte,199,60.0000000000,0.0000000000,0.0000000000,750.0000000000,800.0000000000,1,0.0000000000,nan,60.0000000000,0.0000000000
limite_fonte,200,60.0000000000,0.0000000000,0.0000000000,950.0000000000,800.0000000000,1,150.0000000000,nan,59.9965485146,90.9795989569
limite_fonte,201,59.9965485146,59.0204010431,150.0000000000,950.0000000000,800.0000000000,1,150.0000000000,nan,59.9910035974,55.1819161757
limite_fonte,202,59.9910035974,94.8180838243,150.0000000000,950.0000000000,800.0000000000,1,150.0000000000,nan,59.9841889497,33.4695240223
limite_fonte,203,59.9841889497,116.5304759777,150.0000000000,950.0000000000,800.0000000000,1,150.0000000000,nan,59.9766041714,20.3002924855
limite_fonte,204,59.9766041714,129.6997075145,150.0000000000,950.0000000000,800.0000000000,1,150.0000000000,nan,59.9685522855,12.3127497936
limite_fonte,205,59.9685522855,137.6872502064,150.0000000000,950.0000000000,800.0000000000,1,150.0000000000,nan,59.9602170843,7.4680602552
limite_fonte,206,59.9602170843,142.5319397448,150.0000000000,950.0000000000,800.0000000000,1,150.0000000000,nan,59.9517100438,4.5296075133
limite_fonte,207,59.9517100438,145.4703924867,150.0000000000,950.0000000000,800.0000000000,1,150.0000000000,nan,59.9430987775,2.7473458333
limite_fonte,208,59.9430987775,147.2526541667,150.0000000000,950.0000000000,800.0000000000,1,150.0000000000,nan,59.9344242950,1.6663494807
limite_fonte,209,59.9344242950,148.3336505193,150.0000000000,950.0000000000,800.0000000000,1,150.0000000000,nan,59.9257114700,1.0106920499
limite_fonte,210,59.9257114700,148.9893079501,150.0000000000,950.0000000000,800.0000000000,1,150.0000000000,nan,59.9169753890,0.6130157158
limite_fonte,211,59.9169753890,149.3869842842,150.0000000000,950.0000000000,800.0000000000,1,150.0000000000,nan,59.9082252026,0.3718128265
limite_fonte,212,59.9082252026,149.6281871735,150.0000000000,950.0000000000,800.0000000000,1,150.0000000000,nan,59.8994664609,0.2255158789
limite_fonte,213,59.8994664609,149.7744841211,150.0000000000,950.0000000000,800.0000000000,1,150.0000000000,nan,59.8907025300,0.1367822948
limite_fonte,214,59.8907025300,149.8632177052,150.0000000000,950.0000000000,800.0000000000,1,150.0000000000,nan,59.8819354518,0.0829626555
limite_fonte,215,59.8819354518,149.9170373445,150.0000000000,950.0000000000,800.0000000000,1,150.0000000000,nan,59.8731664646,0.0503193942
limite_fonte,216,59.8731664646,149.9496806058,150.0000000000,950.0000000000,800.0000000000,1,150.0000000000,nan,59.8643963196,0.0305202554
limite_fonte,217,59.8643963196,149.9694797446,150.0000000000,950.0000000000,800.0000000000,1,150.0000000000,nan,59.8556254723,0.0185114706
limite_fonte,218,59.8556254723,149.9814885294,150.0000000000,950.0000000000,800.0000000000,1,150.0000000000,nan,59.8468541991,0.0112277745
limite_fonte,219,59.8468541991,149.9887722255,150.0000000000,950.0000000000,800.0000000000,1,150.0000000000,nan,59.8380826675,0.0068099895
limite_fonte,220,59.8380826675,149.9931900105,150.0000000000,950.0000000000,800.0000000000,1,150.0000000000,nan,59.8293109793,0.0041304674
limite_fonte,221,59.8293109793,149.9958695326,150.0000000000,950.0000000000,800.0000000000,1,150.0000000000,nan,59.8205391959,0.0025052551
limite_fonte,222,59.8205391959,149.9974947449,150.0000000000,950.0000000000,800.0000000000,1,150.0000000000,nan,59.8117673550,0.0015195140
limite_fonte,223,59.8117673550,149.9984804860,150.0000000000,950.0000000000,800.0000000000,1,150.0000000000,nan,59.8029954790,0.0009216319
limite_fonte,224,59.8029954790,149.9990783681,150.0000000000,950.0000000000,800.0000000000,1,150.0000000000,nan,59.7942235819,0.0005589980
limite_fonte,225,59.7942235819,149.9994410020,150.0000000000,950.0000000000,800.0000000000,1,150.0000000000,nan,59.7854516719,0.0003390494
limite_fonte,226,59.7854516719,149.9996609506,150.0000000000,950.0000000000,800.0000000000,1,150.0000000000,nan,59.7766797541,0.0002056439
limite_fonte,227,59.7766797541,149.9997943561,150.0000000000,950.0000000000,800.0000000000,1,150.0000000000,nan,59.7679078316,0.0001247293
limite_fonte,228,59.7679078316,149.9998752707,150.0000000000,950.0000000000,800.0000000000,1,150.0000000000,nan,59.7591359062,0.0000756521
limite_fonte,229,59.7591359062,149.9999243479,150.0000000000,950.0000000000,800.0000000000,1,150.0000000000,nan,59.7503639790,0.0000458853
limite_fonte,230,59.7503639790,149.9999541147,150.0000000000,950.0000000000,800.0000000000,1,150.0000000000,nan,59.7415920508,0.0000278309
limite_fonte,231,59.7415920508,149.9999721691,150.0000000000,950.0000000000,800.0000000000,1,150.0000000000,nan,59.7328201220,0.0000168803
limite_fonte,232,59.7328201220,149.9999831197,150.0000000000,950.0000000000,800.0000000000,1,150.0000000000,nan,59.7240481928,0.0000102384
limite_fonte,233,59.7240481928,149.9999897616,150.0000000000,950.0000000000,800.0000000000,1,150.0000000000,nan,59.7152762633,0.0000062099
limite_fonte,234,59.7152762633,149.9999937901,150.0000000000,950.0000000000,800.0000000000,1,150.0000000000,nan,59.7065043337,0.0000037665
limite_fonte,235,59.7065043337,149.9999962335,150.0000000000,950.0000000000,800.0000000000,1,150.0000000000,nan,59.6977324040,0.0000022845
limite_fonte,236,59.6977324040,149.9999977155,150.0000000000,950.0000000000,800.0000000000,1,150.0000000000,nan,59.6889604743,0.0000013856
limite_fonte,237,59.6889604743,149.9999986144,150.0000000000,950.0000000000,800.0000000000,1,150.0000000000,nan,59.6801885445,0.0000008404
limite_fonte,238,59.6801885445,149.9999991596,150.0000000000,950.0000000000,800.0000000000,1,150.0000000000,nan,59.6714166147,0.0000005097
limite_fonte,239,59.6714166147,149.9999994903,150.0000000000,950.0000000000,800.0000000000,1,150.0000000000,nan,59.6626446849,0.0000003092
limite_fonte,240,59.6626446849,149.9999996908,150.0000000000,950.0000000000,800.0000000000,1,150.0000000000,nan,59.6538727551,0.0000001875
limite_fonte,241,59.6538727551,149.9999998125,150.0000000000,950.0000000000,800.0000000000,1,150.0000000000,nan,59.6451008253,0.0000001137
limite_fonte,242,59.6451008253,149.9999998863,150.0000000000,950.0000000000,800.0000000000,1,150.0000000000,nan,59.6363288955,0.0000000690
limite_fonte,243,59.6363288955,149.9999999310,150.0000000000,950.0000000000,800.0000000000,1,150.0000000000,nan,59.6275569656,0.0000000418
limite_fonte,244,59.6275569656,149.9999999582,150.0000000000,950.0000000000,800.0000000000,1,150.0000000000,nan,59.6187850358,0.0000000254
limite_fonte,245,59.6187850358,149.9999999746,150.0000000000,950.0000000000,800.0000000000,1,150.0000000000,nan,59.6100131060,0.0000000154
limite_fonte,246,59.6100131060,149.9999999846,150.0000000000,950.0000000000,800.0000000000,1,150.0000000000,nan,59.6012411762,0.0000000093
limite_fonte,247,59.6012411762,149.9999999907,150.0000000000,950.0000000000,800.0000000000,1,150.0000000000,nan,59.5924692463,0.0000000057
limite_fonte,248,59.5924692463,149.9999999943,150.0000000000,950.0000000000,800.0000000000,1,150.0000000000,nan,59.5836973165,0.0000000034
limite_fonte,249,59.5836973165,149.9999999966,150.0000000000,950.0000000000,800.0000000000,1,150.0000000000,nan,59.5749253867,0.0000000021
limite_fonte,250,59.5749253867,149.9999999979,150.0000000000,950.0000000000,800.0000000000,1,150.0000000000,nan,59.5661534569,0.0000000013
limite_fonte,251,59.5661534569,149.9999999987,150.0000000000,950.0000000000,800.0000000000,1,150.0000000000,nan,59.5573815270,0.0000000008
limite_fonte,252,59.5573815270,149.9999999992,150.0000000000,950.0000000000,800.0000000000,1,150.0000000000,nan,59.5486095972,0.0000000005
limite_fonte,253,59.5486095972,149.9999999995,150.0000000000,950.0000000000,800.0000000000,1,150.0000000000,nan,59.5398376674,0.0000000003
limite_fonte,254,59.5398376674,149.9999999997,150.0000000000,950.0000000000,800.0000000000,1,150.0000000000,nan,59.5310657376,0.0000000002
limite_fonte,255,59.5310657376,149.9999999998,150.0000000000,950.0000000000,800.0000000000,1,150.0000000000,nan,59.5222938077,0.0000000001
limite_fonte,256,59.5222938077,149.9999999999,150.0000000000,950.0000000000,800.0000000000,1,150.0000000000,nan,59.5135218779,0.0000000001
limite_fonte,257,59.5135218779,149.9999999999,150.0000000000,950.0000000000,800.0000000000,1,150.0000000000,nan,59.5047499481,0.0000000000
limite_fonte,258,59.5047499481,150.0000000000,150.0000000000,950.0000000000,800.0000000000,1,150.0000000000,nan,59.4959780183,0.0000000000
limite_fonte,259,59.4959780183,150.0000000000,150.0000000000,950.0000000000,800.0000000000,1,150.0000000000,nan,59.4872060884,0.0000000000
limite_fonte,260,59.4872060884,150.0000000000,150.0000000000,950.0000000000,800.0000000000,1,150.0000000000,nan,59.4784341586,0.0000000000
limite_fonte,261,59.4784341586,150.0000000000,150.0000000000,950.0000000000,800.0000000000,1,150.0000000000,nan,59.4696622288,0.0000000000
limite_fonte,262,59.4696622288,150.0000000000,150.0000000000,950.0000000000,800.0000000000,1,150.0000000000,nan,59.4608902990,0.0000000000
limite_fonte,263,59.4608902990,150.0000000000,150.0000000000,950.0000000000,800.0000000000,1,150.0000000000,nan,59.4521183691,0.0000000000
limite_fonte,264,59.4521183691,150.0000000000,150.0000000000,950.0000000000,800.0000000000,1,150.0000000000,nan,59.4433464393,0.0000000000
limite_fonte,265,59.4433464393,150.0000000000,150.0000000000,950.0000000000,800.0000000000,1,150.0000000000,nan,59.4345745095,0.0000000000
limite_fonte,266,59.4345745095,150.0000000000,150.0000000000,950.0000000000,800.0000000000,1,150.0000000000,nan,59.4258025797,0.0000000000
limite_fonte,267,59.4258025797,150.0000000000,150.0000000000,950.0000000000,800.0000000000,1,150.0000000000,nan,59.4170306498,0.0000000000
limite_fonte,268,59.4170306498,150.0000000000,150.0000000000,950.0000000000,800.0000000000,1,150.0000000000,nan,59.4082587200,0.0000000000
limite_fonte,269,59.4082587200,150.0000000000,150.0000000000,950.0000000000,800.0000000000,1,150.0000000000,nan,59.3994867902,0.0000000000
limite_fonte,270,59.3994867902,150.0000000000,150.0000000000,950.0000000000,800.0000000000,1,150.0000000000,nan,59.3907148604,0.0000000000
limite_fonte,271,59.3907148604,150.0000000000,150.0000000000,950.0000000000,800.0000000000,1,150.0000000000,nan,59.3819429305,0.0000000000
limite_fonte,272,59.3819429305,150.0000000000,150.0000000000,950.0000000000,800.0000000000,1,150.0000000000,nan,59.3731710007,0.0000000000
limite_fonte,273,59.3731710007,150.0000000000,150.0000000000,950.0000000000,800.0000000000,1,150.0000000000,nan,59.3643990709,0.0000000000
limite_fonte,274,59.3643990709,150.0000000000,150.0000000000,950.0000000000,800.0000000000,1,150.0000000000,nan,59.3556271411,0.0000000000
limite_fonte,275,59.3556271411,150.0000000000,150.0000000000,950.0000000000,800.0000000000,1,150.0000000000,nan,59.3468552113,0.0000000000
limite_fonte,276,59.3468552113,150.0000000000,150.0000000000,950.0000000000,800.0000000000,1,150.0000000000,nan,59.3380832814,0.0000000000
limite_fonte,277,59.3380832814,150.0000000000,150.0000000000,950.0000000000,800.0000000000,1,150.0000000000,nan,59.3293113516,0.0000000000
limite_fonte,278,59.3293113516,150.0000000000,150.0000000000,950.0000000000,800.0000000000,1,150.0000000000,nan,59.3205394218,0.0000000000
limite_fonte,279,59.3205394218,150.0000000000,150.0000000000,950.0000000000,800.0000000000,1,150.0000000000,nan,59.3117674920,0.0000000000
limite_fonte,280,59.3117674920,150.0000000000,150.0000000000,950.0000000000,800.0000000000,1,150.0000000000,nan,59.3029955621,0.0000000000
limite_fonte,281,59.3029955621,150.0000000000,150.0000000000,950.0000000000,800.0000000000,1,150.0000000000,nan,59.2942236323,0.0000000000
limite_fonte,282,59.2942236323,150.0000000000,150.0000000000,950.0000000000,800.0000000000,1,150.0000000000,nan,59.2854517025,0.0000000000
limite_fonte,283,59.2854517025,150.0000000000,150.0000000000,950.0000000000,800.0000000000,1,150.0000000000,nan,59.2766797727,0.0000000000
limite_fonte,284,59.2766797727,150.0000000000,150.0000000000,950.0000000000,800.0000000000,1,150.0000000000,nan,59.2679078428,0.0000000000
limite_fonte,285,59.2679078428,150.0000000000,150.0000000000,950.0000000000,800.0000000000,1,150.0000000000,nan,59.2591359130,0.0000000000
limite_fonte,286,59.2591359130,150.0000000000,150.0000000000,950.0000000000,800.0000000000,1,150.0000000000,nan,59.2503639832,0.0000000000
limite_fonte,287,59.2503639832,150.0000000000,150.0000000000,950.0000000000,800.0000000000,1,150.0000000000,nan,59.2415920534,0.0000000000
limite_fonte,288,59.2415920534,150.0000000000,150.0000000000,950.0000000000,800.0000000000,1,150.0000000000,nan,59.2328201235,0.0000000000
limite_fonte,289,59.2328201235,150.0000000000,150.0000000000,950.0000000000,800.0000000000,1,150.0000000000,nan,59.2240481937,0.0000000000
limite_fonte,290,59.2240481937,150.0000000000,150.0000000000,950.0000000000,800.0000000000,1,150.0000000000,nan,59.2152762639,0.0000000000
limite_fonte,291,59.2152762639,150.0000000000,150.0000000000,950.0000000000,800.0000000000,1,150.0000000000,nan,59.2065043341,0.0000000000
limite_fonte,292,59.2065043341,150.0000000000,150.0000000000,950.0000000000,800.0000000000,1,150.0000000000,nan,59.1977324042,0.0000000000
limite_fonte,293,59.1977324042,150.0000000000,150.0000000000,950.0000000000,800.0000000000,1,150.0000000000,nan,59.1889604744,0.0000000000
limite_fonte,294,59.1889604744,150.0000000000,150.0000000000,950.0000000000,800.0000000000,1,150.0000000000,nan,59.1801885446,0.0000000000
limite_fonte,295,59.1801885446,150.0000000000,150.0000000000,950.0000000000,800.0000000000,1,150.0000000000,nan,59.1714166148,0.0000000000
limite_fonte,296,59.1714166148,150.0000000000,150.0000000000,950.0000000000,800.0000000000,1,150.0000000000,nan,59.1626446849,0.0000000000
limite_fonte,297,59.1626446849,150.0000000000,150.0000000000,950.0000000000,800.0000000000,1,150.0000000000,nan,59.1538727551,0.0000000000
limite_fonte,298,59.1538727551,150.0000000000,150.0000000000,950.0000000000,800.0000000000,1,150.0000000000,nan,59.1451008253,0.0000000000
limite_fonte,299,59.1451008253,150.0000000000,150.0000000000,950.0000000000,800.0000000000,1,150.0000000000,nan,59.1363288955,0.0000000000
limite_fonte,300,59.1363288955,150.0000000000,150.0000000000,950.0000000000,800.0000000000,1,150.0000000000,nan,59.1275569656,0.0000000000
limite_fonte,301,59.1275569656,150.0000000000,150.0000000000,950.0000000000,800.0000000000,1,150.0000000000,nan,59.1187850358,0.0000000000
limite_fonte,302,59.1187850358,150.0000000000,150.0000000000,950.0000000000,800.0000000000,1,150.0000000000,nan,59.1100131060,0.0000000000
limite_fonte,303,59.1100131060,150.0000000000,150.0000000000,950.0000000000,800.0000000000,1,150.0000000000,nan,59.1012411762,0.0000000000
limite_fonte,304,59.1012411762,150.0000000000,150.0000000000,950.0000000000,800.0000000000,1,150.0000000000,nan,59.0924692463,0.0000000000
limite_fonte,305,59.0924692463,150.0000000000,150.0000000000,950.0000000000,800.0000000000,1,150.0000000000,nan,59.0836973165,0.0000000000
limite_fonte,306,59.0836973165,150.0000000000,150.0000000000,950.0000000000,800.0000000000,1,150.0000000000,nan,59.0749253867,0.0000000000
limite_fonte,307,59.0749253867,150.0000000000,150.0000000000,950.0000000000,800.0000000000,1,150.0000000000,nan,59.0661534569,0.0000000000
limite_fonte,308,59.0661534569,150.0000000000,150.0000000000,950.0000000000,800.0000000000,1,150.0000000000,nan,59.0573815270,0.0000000000
limite_fonte,309,59.0573815270,150.0000000000,150.0000000000,950.0000000000,800.0000000000,1,150.0000000000,nan,59.0486095972,0.0000000000
limite_fonte,310,59.0486095972,150.0000000000,150.0000000000,950.0000000000,800.0000000000,1,150.0000000000,nan,59.0398376674,0.0000000000
limite_fonte,311,59.0398376674,150.0000000000,150.0000000000,950.0000000000,800.0000000000,1,150.0000000000,nan,59.0310657376,0.0000000000
limite_fonte,312,59.0310657376,150.0000000000,150.0000000000,950.0000000000,800.0000000000,1,150.0000000000,nan,59.0222938077,0.0000000000
limite_fonte,313,59.0222938077,150.0000000000,150.0000000000,950.0000000000,800.0000000000,1,150.0000000000,nan,59.0135218779,0.0000000000
limite_fonte,314,59.0135218779,150.0000000000,150.0000000000,950.0000000000,800.0000000000,1,150.0000000000,nan,59.0047499481,0.0000000000
limite_fonte,315,59.0047499481,150.0000000000,150.0000000000,950.0000000000,800.0000000000,1,150.0000000000,nan,58.9959780183,0.0000000000
limite_fonte,316,58.9959780183,150.0000000000,150.0000000000,950.0000000000,800.0000000000,1,150.0000000000,nan,58.9872060884,0.0000000000
limite_fonte,317,58.9872060884,150.0000000000,150.0000000000,950.0000000000,800.0000000000,1,150.0000000000,nan,58.9784341586,0.0000000000
limite_fonte,318,58.9784341586,150.0000000000,150.0000000000,950.0000000000,800.0000000000,1,150.0000000000,nan,58.9696622288,0.0000000000
limite_fonte,319,58.9696622288,150.0000000000,150.0000000000,950.0000000000,800.0000000000,1,150.0000000000,nan,58.9608902990,0.0000000000
limite_fonte,320,58.9608902990,150.0000000000,150.0000000000,950.0000000000,800.0000000000,1,150.0000000000,nan,58.9521183691,0.0000000000
limite_fonte,321,58.9521183691,150.0000000000,150.0000000000,950.0000000000,800.0000000000,1,150.0000000000,nan,58.9433464393,0.0000000000
limite_fonte,322,58.9433464393,150.0000000000,150.0000000000,950.0000000000,800.0000000000,1,150.0000000000,nan,58.9345745095,0.0000000000
limite_fonte,323,58.9345745095,150.0000000000,150.0000000000,950.0000000000,800.0000000000,1,150.0000000000,nan,58.9258025797,0.0000000000
limite_fonte,324,58.9258025797,150.0000000000,150.0000000000,950.0000000000,800.0000000000,1,150.0000000000,nan,58.9170306498,0.0000000000
limite_fonte,325,58.9170306498,150.0000000000,150.0000000000,950.0000000000,800.0000000000,1,150.0000000000,nan,58.9082587200,0.0000000000
limite_fonte,326,58.9082587200,150.0000000000,150.0000000000,950.0000000000,800.0000000000,1,150.0000000000,nan,58.8994867902,0.0000000000
limite_fonte,327,58.8994867902,150.0000000000,150.0000000000,950.0000000000,800.0000000000,1,150.0000000000,nan,58.8907148604,0.0000000000
limite_fonte,328,58.8907148604,150.0000000000,150.0000000000,950.0000000000,800.0000000000,1,150.0000000000,nan,58.8819429305,0.0000000000
limite_fonte,329,58.8819429305,150.0000000000,150.0000000000,950.0000000000,800.0000000000,1,150.0000000000,nan,58.8731710007,0.0000000000
limite_fonte,330,58.8731710007,150.0000000000,150.0000000000,950.0000000000,800.0000000000,1,150.0000000000,nan,58.8643990709,0.0000000000
limite_fonte,331,58.8643990709,150.0000000000,150.0000000000,950.0000000000,800.0000000000,1,150.0000000000,nan,58.8556271411,0.0000000000
limite_fonte,332,58.8556271411,150.0000000000,150.0000000000,950.0000000000,800.0000000000,1,150.0000000000,nan,58.8468552113,0.0000000000
limite_fonte,333,58.8468552113,150.0000000000,150.0000000000,950.0000000000,800.0000000000,1,150.0000000000,nan,58.8380832814,0.0000000000
limite_fonte,334,58.8380832814,150.0000000000,150.0000000000,950.0000000000,800.0000000000,1,150.0000000000,nan,58.8293113516,0.0000000000
limite_fonte,335,58.8293113516,150.0000000000,150.0000000000,950.0000000000,800.0000000000,1,150.0000000000,nan,58.8205394218,0.0000000000
limite_fonte,336,58.8205394218,150.0000000000,150.0000000000,950.0000000000,800.0000000000,1,150.0000000000,nan,58.8117674920,0.0000000000
limite_fonte,337,58.8117674920,150.0000000000,150.0000000000,950.0000000000,800.0000000000,1,150.0000000000,nan,58.8029955621,0.0000000000
limite_fonte,338,58.8029955621,150.0000000000,150.0000000000,950.0000000000,800.0000000000,1,150.0000000000,nan,58.7942236323,0.0000000000
limite_fonte,339,58.7942236323,150.0000000000,150.0000000000,950.0000000000,800.0000000000,1,150.0000000000,nan,58.7854517025,0.0000000000
limite_fonte,340,58.7854517025,150.0000000000,150.0000000000,950.0000000000,800.0000000000,1,150.0000000000,nan,58.7766797727,0.0000000000
limite_fonte,341,58.7766797727,150.0000000000,150.0000000000,950.0000000000,800.0000000000,1,150.0000000000,nan,58.7679078428,0.0000000000
limite_fonte,342,58.7679078428,150.0000000000,150.0000000000,950.0000000000,800.0000000000,1,150.0000000000,nan,58.7591359130,0.0000000000
limite_fonte,343,58.7591359130,150.0000000000,150.0000000000,950.0000000000,800.0000000000,1,150.0000000000,nan,58.7503639832,0.0000000000
limite_fonte,344,58.7503639832,150.0000000000,150.0000000000,950.0000000000,800.0000000000,1,150.0000000000,nan,58.7415920534,0.0000000000
limite_fonte,345,58.7415920534,150.0000000000,150.0000000000,950.0000000000,800.0000000000,1,150.0000000000,nan,58.7328201235,0.0000000000
limite_fonte,346,58.7328201235,150.0000000000,150.0000000000,950.0000000000,800.0000000000,1,150.0000000000,nan,58.7240481937,0.0000000000
limite_fonte,347,58.7240481937,150.0000000000,150.0000000000,950.0000000000,800.0000000000,1,150.0000000000,nan,58.7152762639,0.0000000000
limite_fonte,348,58.7152762639,150.0000000000,150.0000000000,950.0000000000,800.0000000000,1,150.0000000000,nan,58.7065043341,0.0000000000
limite_fonte,349,58.7065043341,150.0000000000,150.0000000000,950.0000000000,800.0000000000,1,150.0000000000,nan,58.6977324042,0.0000000000
limite_fonte,350,58.6977324042,150.0000000000,150.0000000000,950.0000000000,800.0000000000,1,150.0000000000,nan,58.6889604744,0.0000000000
limite_fonte,351,58.6889604744,150.0000000000,150.0000000000,950.0000000000,800.0000000000,1,150.0000000000,nan,58.6801885446,0.0000000000
limite_fonte,352,58.6801885446,150.0000000000,150.0000000000,950.0000000000,800.0000000000,1,150.0000000000,nan,58.6714166148,0.0000000000
limite_fonte,353,58.6714166148,150.0000000000,150.0000000000,950.0000000000,800.0000000000,1,150.0000000000,nan,58.6626446849,0.0000000000
limite_fonte,354,58.6626446849,150.0000000000,150.0000000000,950.0000000000,800.0000000000,1,150.0000000000,nan,58.6538727551,0.0000000000
limite_fonte,355,58.6538727551,150.0000000000,150.0000000000,950.0000000000,800.0000000000,1,150.0000000000,nan,58.6451008253,0.0000000000
limite_fonte,356,58.6451008253,150.0000000000,150.0000000000,950.0000000000,800.0000000000,1,150.0000000000,nan,58.6363288955,0.0000000000
limite_fonte,357,58.6363288955,150.0000000000,150.0000000000,950.0000000000,800.0000000000,1,150.0000000000,nan,58.6275569656,0.0000000000
limite_fonte,358,58.6275569656,150.0000000000,150.0000000000,950.0000000000,800.0000000000,1,150.0000000000,nan,58.6187850358,0.0000000000
limite_fonte,359,58.6187850358,150.0000000000,150.0000000000,950.0000000000,800.0000000000,1,150.0000000000,nan,58.6100131060,0.0000000000
limite_fonte,360,58.6100131060,150.0000000000,150.0000000000,950.0000000000,800.0000000000,1,150.0000000000,nan,58.6012411762,0.0000000000
limite_fonte,361,58.6012411762,150.0000000000,150.0000000000,950.0000000000,800.0000000000,1,150.0000000000,nan,58.5924692463,0.0000000000
limite_fonte,362,58.5924692463,150.0000000000,150.0000000000,950.0000000000,800.0000000000,1,150.0000000000,nan,58.5836973165,0.0000000000
limite_fonte,363,58.5836973165,150.0000000000,150.0000000000,950.0000000000,800.0000000000,1,150.0000000000,nan,58.5749253867,0.0000000000
limite_fonte,364,58.5749253867,150.0000000000,150.0000000000,950.0000000000,800.0000000000,1,150.0000000000,nan,58.5661534569,0.0000000000
limite_fonte,365,58.5661534569,150.0000000000,150.0000000000,950.0000000000,800.0000000000,1,150.0000000000,nan,58.5573815270,0.0000000000
limite_fonte,366,58.5573815270,150.0000000000,150.0000000000,950.0000000000,800.0000000000,1,150.0000000000,nan,58.5486095972,0.0000000000
limite_fonte,367,58.5486095972,150.0000000000,150.0000000000,950.0000000000,800.0000000000,1,150.0000000000,nan,58.5398376674,0.0000000000
limite_fonte,368,58.5398376674,150.0000000000,150.0000000000,950.0000000000,800.0000000000,1,150.0000000000,nan,58.5310657376,0.0000000000
limite_fonte,369,58.5310657376,150.0000000000,150.0000000000,950.0000000000,800.0000000000,1,150.0000000000,nan,58.5222938077,0.0000000000
limite_fonte,370,58.5222938077,150.0000000000,150.0000000000,950.0000000000,800.0000000000,1,150.0000000000,nan,58.5135218779,0.0000000000
limite_fonte,371,58.5135218779,150.0000000000,150.0000000000,950.0000000000,800.0000000000,1,150.0000000000,nan,58.5047499481,0.0000000000
limite_fonte,372,58.5047499481,150.0000000000,150.0000000000,950.0000000000,800.0000000000,1,150.0000000000,nan,58.4959780183,0.0000000000
limite_fonte,373,58.4959780183,150.0000000000,150.0000000000,950.0000000000,800.0000000000,1,150.0000000000,nan,58.4872060884,0.0000000000
limite_fonte,374,58.4872060884,150.0000000000,150.0000000000,950.0000000000,800.0000000000,1,150.0000000000,nan,58.4784341586,0.0000000000
limite_fonte,375,58.4784341586,150.0000000000,150.0000000000,950.0000000000,800.0000000000,1,150.0000000000,nan,58.4696622288,0.0000000000
limite_fonte,376,58.4696622288,150.0000000000,150.0000000000,950.0000000000,800.0000000000,1,150.0000000000,nan,58.4608902990,0.0000000000
limite_fonte,377,58.4608902990,150.0000000000,150.0000000000,950.0000000000,800.0000000000,1,150.0000000000,nan,58.4521183691,0.0000000000
limite_fonte,378,58.4521183691,150.0000000000,150.0000000000,950.0000000000,800.0000000000,1,150.0000000000,nan,58.4433464393,0.0000000000
limite_fonte,379,58.4433464393,150.0000000000,150.0000000000,950.0000000000,800.0000000000,1,150.0000000000,nan,58.4345745095,0.0000000000
limite_fonte,380,58.4345745095,150.0000000000,150.0000000000,950.0000000000,800.0000000000,1,150.0000000000,nan,58.4258025797,0.0000000000
limite_fonte,381,58.4258025797,150.0000000000,150.0000000000,950.0000000000,800.0000000000,1,150.0000000000,nan,58.4170306498,0.0000000000
limite_fonte,382,58.4170306498,150.0000000000,150.0000000000,950.0000000000,800.0000000000,1,150.0000000000,nan,58.4082587200,0.0000000000
limite_fonte,383,58.4082587200,150.0000000000,150.0000000000,950.0000000000,800.0000000000,1,150.0000000000,nan,58.3994867902,0.0000000000
limite_fonte,384,58.3994867902,150.0000000000,150.0000000000,950.0000000000,800.0000000000,1,150.0000000000,nan,58.3907148604,0.0000000000
limite_fonte,385,58.3907148604,150.0000000000,150.0000000000,950.0000000000,800.0000000000,1,150.0000000000,nan,58.3819429305,0.0000000000
limite_fonte,386,58.3819429305,150.0000000000,150.0000000000,950.0000000000,800.0000000000,1,150.0000000000,nan,58.3731710007,0.0000000000
limite_fonte,387,58.3731710007,150.0000000000,150.0000000000,950.0000000000,800.0000000000,1,150.0000000000,nan,58.3643990709,0.0000000000
limite_fonte,388,58.3643990709,150.0000000000,150.0000000000,950.0000000000,800.0000000000,1,150.0000000000,nan,58.3556271411,0.0000000000
limite_fonte,389,58.3556271411,150.0000000000,150.0000000000,950.0000000000,800.0000000000,1,150.0000000000,nan,58.3468552113,0.0000000000
limite_fonte,390,58.3468552113,150.0000000000,150.0000000000,950.0000000000,800.0000000000,1,150.0000000000,nan,58.3380832814,0.0000000000
limite_fonte,391,58.3380832814,150.0000000000,150.0000000000,950.0000000000,800.0000000000,1,150.0000000000,nan,58.3293113516,0.0000000000
limite_fonte,392,58.3293113516,150.0000000000,150.0000000000,950.0000000000,800.0000000000,1,150.0000000000,nan,58.3205394218,0.0000000000
limite_fonte,393,58.3205394218,150.0000000000,150.0000000000,950.0000000000,800.0000000000,1,150.0000000000,nan,58.3117674920,0.0000000000
limite_fonte,394,58.3117674920,150.0000000000,150.0000000000,950.0000000000,800.0000000000,1,150.0000000000,nan,58.3029955621,0.0000000000
limite_fonte,395,58.3029955621,150.0000000000,150.0000000000,950.0000000000,800.0000000000,1,150.0000000000,nan,58.2942236323,0.0000000000
limite_fonte,396,58.2942236323,150.0000000000,150.0000000000,950.0000000000,800.0000000000,1,150.0000000000,nan,58.2854517025,0.0000000000
limite_fonte,397,58.2854517025,150.0000000000,150.0000000000,950.0000000000,800.0000000000,1,150.0000000000,nan,58.2766797727,0.0000000000
limite_fonte,398,58.2766797727,150.0000000000,150.0000000000,950.0000000000,800.0000000000,1,150.0000000000,nan,58.2679078428,0.0000000000
limite_fonte,399,58.2679078428,150.0000000000,150.0000000000,950.0000000000,800.0000000000,1,150.0000000000,nan,58.2591359130,0.0000000000
limite_fonte,400,58.2591359130,150.0000000000,150.0000000000,950.0000000000,800.0000000000,1,150.0000000000,nan,58.2503639832,0.0000000000
limite_fonte,401,58.2503639832,150.0000000000,150.0000000000,950.0000000000,800.0000000000,1,150.0000000000,nan,58.2415920534,0.0000000000
limite_fonte,402,58.2415920534,150.0000000000,150.0000000000,950.0000000000,800.0000000000,1,150.0000000000,nan,58.2328201235,0.0000000000
limite_fonte,403,58.2328201235,150.0000000000,150.0000000000,950.0000000000,800.0000000000,1,150.0000000000,nan,58.2240481937,0.0000000000
limite_fonte,404,58.2240481937,150.0000000000,150.0000000000,950.0000000000,800.0000000000,1,150.0000000000,nan,58.2152762639,0.0000000000
limite_fonte,405,58.2152762639,150.0000000000,150.0000000000,950.0000000000,800.0000000000,1,150.0000000000,nan,58.2065043341,0.0000000000
limite_fonte,406,58.2065043341,150.0000000000,150.0000000000,950.0000000000,800.0000000000,1,150.0000000000,nan,58.1977324042,0.0000000000
limite_fonte,407,58.1977324042,150.0000000000,150.0000000000,950.0000000000,800.0000000000,1,150.0000000000,nan,58.1889604744,0.0000000000
limite_fonte,408,58.1889604744,150.0000000000,150.0000000000,950.0000000000,800.0000000000,1,150.0000000000,nan,58.1801885446,0.0000000000
limite_fonte,409,58.1801885446,150.0000000000,150.0000000000,950.0000000000,800.0000000000,1,150.0000000000,nan,58.1714166148,0.0000000000
limite_fonte,410,58.1714166148,150.0000000000,150.0000000000,950.0000000000,800.0000000000,1,150.0000000000,nan,58.1626446849,0.0000000000
limite_fonte,411,58.1626446849,150.0000000000,150.0000000000,950.0000000000,800.0000000000,1,150.0000000000,nan,58.1538727551,0.0000000000
limite_fonte,412,58.1538727551,150.0000000000,150.0000000000,950.0000000000,800.0000000000,1,150.0000000000,nan,58.1451008253,0.0000000000
limite_fonte,413,58.1451008253,150.0000000000,150.0000000000,950.0000000000,800.0000000000,1,150.0000000000,nan,58.1363288955,0.0000000000
limite_fonte,414,58.1363288955,150.0000000000,150.0000000000,950.0000000000,800.0000000000,1,150.0000000000,nan,58.1275569656,0.0000000000
limite_fonte,415,58.1275569656,150.0000000000,150.0000000000,950.0000000000,800.0000000000,1,150.0000000000,nan,58.1187850358,0.0000000000
limite_fonte,416,58.1187850358,150.0000000000,150.0000000000,950.0000000000,800.0000000000,1,150.0000000000,nan,58.1100131060,0.0000000000
limite_fonte,417,58.1100131060,150.0000000000,150.0000000000,950.0000000000,800.0000000000,1,150.0000000000,nan,58.1012411762,0.0000000000
limite_fonte,418,58.1012411762,150.0000000000,150.0000000000,950.0000000000,800.0000000000,1,150.0000000000,nan,58.0924692463,0.0000000000
limite_fonte,419,58.0924692463,150.0000000000,150.0000000000,950.0000000000,800.0000000000,1,150.0000000000,nan,58.0836973165,0.0000000000
limite_fonte,420,58.0836973165,150.0000000000,150.0000000000,950.0000000000,800.0000000000,1,150.0000000000,nan,58.0749253867,0.0000000000
limite_fonte,421,58.0749253867,150.0000000000,150.0000000000,950.0000000000,800.0000000000,1,150.0000000000,nan,58.0661534569,0.0000000000
limite_fonte,422,58.0661534569,150.0000000000,150.0000000000,950.0000000000,800.0000000000,1,150.0000000000,nan,58.0573815270,0.0000000000
limite_fonte,423,58.0573815270,150.0000000000,150.0000000000,950.0000000000,800.0000000000,1,150.0000000000,nan,58.0486095972,0.0000000000
limite_fonte,424,58.0486095972,150.0000000000,150.0000000000,950.0000000000,800.0000000000,1,150.0000000000,nan,58.0398376674,0.0000000000
limite_fonte,425,58.0398376674,150.0000000000,150.0000000000,950.0000000000,800.0000000000,1,150.0000000000,nan,58.0310657376,0.0000000000
limite_fonte,426,58.0310657376,150.0000000000,150.0000000000,950.0000000000,800.0000000000,1,150.0000000000,nan,58.0222938077,0.0000000000
limite_fonte,427,58.0222938077,150.0000000000,150.0000000000,950.0000000000,800.0000000000,1,150.0000000000,nan,58.0135218779,0.0000000000
limite_fonte,428,58.0135218779,150.0000000000,150.0000000000,950.0000000000,800.0000000000,1,150.0000000000,nan,58.0047499481,0.0000000000
limite_fonte,429,58.0047499481,150.0000000000,150.0000000000,950.0000000000,800.0000000000,1,150.0000000000,nan,57.9959780183,0.0000000000
limite_fonte,430,57.9959780183,150.0000000000,150.0000000000,950.0000000000,800.0000000000,1,150.0000000000,nan,57.9872060884,0.0000000000
limite_fonte,431,57.9872060884,150.0000000000,150.0000000000,950.0000000000,800.0000000000,1,150.0000000000,nan,57.9784341586,0.0000000000
limite_fonte,432,57.9784341586,150.0000000000,150.0000000000,950.0000000000,800.0000000000,1,150.0000000000,nan,57.9696622288,0.0000000000
limite_fonte,433,57.9696622288,150.0000000000,150.0000000000,950.0000000000,800.0000000000,1,150.0000000000,nan,57.9608902990,0.0000000000
limite_fonte,434,57.9608902990,150.0000000000,150.0000000000,950.0000000000,800.0000000000,1,150.0000000000,nan,57.9521183691,0.0000000000
limite_fonte,435,57.9521183691,150.0000000000,150.0000000000,950.0000000000,800.0000000000,1,150.0000000000,nan,57.9433464393,0.0000000000
limite_fonte,436,57.9433464393,150.0000000000,150.0000000000,950.0000000000,800.0000000000,1,150.0000000000,nan,57.9345745095,0.0000000000
limite_fonte,437,57.9345745095,150.0000000000,150.0000000000,950.0000000000,800.0000000000,1,150.0000000000,nan,57.9258025797,0.0000000000
limite_fonte,438,57.9258025797,150.0000000000,150.0000000000,950.0000000000,800.0000000000,1,150.0000000000,nan,57.9170306498,0.0000000000
limite_fonte,439,57.9170306498,150.0000000000,150.0000000000,950.0000000000,800.0000000000,1,150.0000000000,nan,57.9082587200,0.0000000000
limite_fonte,440,57.9082587200,150.0000000000,150.0000000000,950.0000000000,800.0000000000,1,150.0000000000,nan,57.8994867902,0.0000000000
limite_fonte,441,57.8994867902,150.0000000000,150.0000000000,950.0000000000,800.0000000000,1,150.0000000000,nan,57.8907148604,0.0000000000
limite_fonte,442,57.8907148604,150.0000000000,150.0000000000,950.0000000000,800.0000000000,1,150.0000000000,nan,57.8819429305,0.0000000000
limite_fonte,443,57.8819429305,150.0000000000,150.0000000000,950.0000000000,800.0000000000,1,150.0000000000,nan,57.8731710007,0.0000000000
limite_fonte,444,57.8731710007,150.0000000000,150.0000000000,950.0000000000,800.0000000000,1,150.0000000000,nan,57.8643990709,0.0000000000
limite_fonte,445,57.8643990709,150.0000000000,150.0000000000,950.0000000000,800.0000000000,1,150.0000000000,nan,57.8556271411,0.0000000000
limite_fonte,446,57.8556271411,150.0000000000,150.0000000000,950.0000000000,800.0000000000,1,150.0000000000,nan,57.8468552113,0.0000000000
limite_fonte,447,57.8468552113,150.0000000000,150.0000000000,950.0000000000,800.0000000000,1,150.0000000000,nan,57.8380832814,0.0000000000
limite_fonte,448,57.8380832814,150.0000000000,150.0000000000,950.0000000000,800.0000000000,1,150.0000000000,nan,57.8293113516,0.0000000000
limite_fonte,449,57.8293113516,150.0000000000,150.0000000000,950.0000000000,800.0000000000,1,150.0000000000,nan,57.8205394218,0.0000000000
limite_fonte,450,57.8205394218,150.0000000000,150.0000000000,950.0000000000,800.0000000000,1,150.0000000000,nan,57.8117674920,0.0000000000
limite_fonte,451,57.8117674920,150.0000000000,150.0000000000,950.0000000000,800.0000000000,1,150.0000000000,nan,57.8029955621,0.0000000000
limite_fonte,452,57.8029955621,150.0000000000,150.0000000000,950.0000000000,800.0000000000,1,150.0000000000,nan,57.7942236323,0.0000000000
limite_fonte,453,57.7942236323,150.0000000000,150.0000000000,950.0000000000,800.0000000000,1,150.0000000000,nan,57.7854517025,0.0000000000
limite_fonte,454,57.7854517025,150.0000000000,150.0000000000,950.0000000000,800.0000000000,1,150.0000000000,nan,57.7766797727,0.0000000000
limite_fonte,455,57.7766797727,150.0000000000,150.0000000000,950.0000000000,800.0000000000,1,150.0000000000,nan,57.7679078428,0.0000000000
limite_fonte,456,57.7679078428,150.0000000000,150.0000000000,950.0000000000,800.0000000000,1,150.0000000000,nan,57.7591359130,0.0000000000
limite_fonte,457,57.7591359130,150.0000000000,150.0000000000,950.0000000000,800.0000000000,1,150.0000000000,nan,57.7503639832,0.0000000000
limite_fonte,458,57.7503639832,150.0000000000,150.0000000000,950.0000000000,800.0000000000,1,150.0000000000,nan,57.7415920534,0.0000000000
limite_fonte,459,57.7415920534,150.0000000000,150.0000000000,950.0000000000,800.0000000000,1,150.0000000000,nan,57.7328201235,0.0000000000
limite_fonte,460,57.7328201235,150.0000000000,150.0000000000,950.0000000000,800.0000000000,1,150.0000000000,nan,57.7240481937,0.0000000000
limite_fonte,461,57.7240481937,150.0000000000,150.0000000000,950.0000000000,800.0000000000,1,150.0000000000,nan,57.7152762639,0.0000000000
limite_fonte,462,57.7152762639,150.0000000000,150.0000000000,950.0000000000,800.0000000000,1,150.0000000000,nan,57.7065043341,0.0000000000
limite_fonte,463,57.7065043341,150.0000000000,150.0000000000,950.0000000000,800.0000000000,1,150.0000000000,nan,57.6977324042,0.0000000000
limite_fonte,464,57.6977324042,150.0000000000,150.0000000000,950.0000000000,800.0000000000,1,150.0000000000,nan,57.6889604744,0.0000000000
limite_fonte,465,57.6889604744,150.0000000000,150.0000000000,950.0000000000,800.0000000000,1,150.0000000000,nan,57.6801885446,0.0000000000
limite_fonte,466,57.6801885446,150.0000000000,150.0000000000,950.0000000000,800.0000000000,1,150.0000000000,nan,57.6714166148,0.0000000000
limite_fonte,467,57.6714166148,150.0000000000,150.0000000000,950.0000000000,800.0000000000,1,150.0000000000,nan,57.6626446849,0.0000000000
limite_fonte,468,57.6626446849,150.0000000000,150.0000000000,950.0000000000,800.0000000000,1,150.0000000000,nan,57.6538727551,0.0000000000
limite_fonte,469,57.6538727551,150.0000000000,150.0000000000,950.0000000000,800.0000000000,1,150.0000000000,nan,57.6451008253,0.0000000000
limite_fonte,470,57.6451008253,150.0000000000,150.0000000000,950.0000000000,800.0000000000,1,150.0000000000,nan,57.6363288955,0.0000000000
limite_fonte,471,57.6363288955,150.0000000000,150.0000000000,950.0000000000,800.0000000000,1,150.0000000000,nan,57.6275569656,0.0000000000
limite_fonte,472,57.6275569656,150.0000000000,150.0000000000,950.0000000000,800.0000000000,1,150.0000000000,nan,57.6187850358,0.0000000000
limite_fonte,473,57.6187850358,150.0000000000,150.0000000000,950.0000000000,800.0000000000,1,150.0000000000,nan,57.6100131060,0.0000000000
limite_fonte,474,57.6100131060,150.0000000000,150.0000000000,950.0000000000,800.0000000000,1,150.0000000000,nan,57.6012411762,0.0000000000
limite_fonte,475,57.6012411762,150.0000000000,150.0000000000,950.0000000000,800.0000000000,1,150.0000000000,nan,57.5924692463,0.0000000000
limite_fonte,476,57.5924692463,150.0000000000,150.0000000000,950.0000000000,800.0000000000,1,150.0000000000,nan,57.5836973165,0.0000000000
limite_fonte,477,57.5836973165,150.0000000000,150.0000000000,950.0000000000,800.0000000000,1,150.0000000000,nan,57.5749253867,0.0000000000
limite_fonte,478,57.5749253867,150.0000000000,150.0000000000,950.0000000000,800.0000000000,1,150.0000000000,nan,57.5661534569,0.0000000000
limite_fonte,479,57.5661534569,150.0000000000,150.0000000000,950.0000000000,800.0000000000,1,150.0000000000,nan,57.5573815270,0.0000000000
limite_fonte,480,57.5573815270,150.0000000000,150.0000000000,950.0000000000,800.0000000000,1,150.0000000000,nan,57.5486095972,0.0000000000
limite_fonte,481,57.5486095972,150.0000000000,150.0000000000,950.0000000000,800.0000000000,1,150.0000000000,nan,57.5398376674,0.0000000000
limite_fonte,482,57.5398376674,150.0000000000,150.0000000000,950.0000000000,800.0000000000,1,150.0000000000,nan,57.5310657376,0.0000000000
limite_fonte,483,57.5310657376,150.0000000000,150.0000000000,950.0000000000,800.0000000000,1,150.0000000000,nan,57.5222938077,0.0000000000
limite_fonte,484,57.5222938077,150.0000000000,150.0000000000,950.0000000000,800.0000000000,1,150.0000000000,nan,57.5135218779,0.0000000000
limite_fonte,485,57.5135218779,150.0000000000,150.0000000000,950.0000000000,800.0000000000,1,150.0000000000,nan,57.5047499481,0.0000000000
limite_fonte,486,57.5047499481,150.0000000000,150.0000000000,950.0000000000,800.0000000000,1,150.0000000000,nan,57.4959780183,0.0000000000
limite_fonte,487,57.4959780183,150.0000000000,150.0000000000,950.0000000000,800.0000000000,1,150.0000000000,nan,57.4872060884,0.0000000000
limite_fonte,488,57.4872060884,150.0000000000,150.0000000000,950.0000000000,800.0000000000,1,150.0000000000,nan,57.4784341586,0.0000000000
limite_fonte,489,57.4784341586,150.0000000000,150.0000000000,950.0000000000,800.0000000000,1,150.0000000000,nan,57.4696622288,0.0000000000
limite_fonte,490,57.4696622288,150.0000000000,150.0000000000,950.0000000000,800.0000000000,1,150.0000000000,nan,57.4608902990,0.0000000000
limite_fonte,491,57.4608902990,150.0000000000,150.0000000000,950.0000000000,800.0000000000,1,150.0000000000,nan,57.4521183691,0.0000000000
limite_fonte,492,57.4521183691,150.0000000000,150.0000000000,950.0000000000,800.0000000000,1,150.0000000000,nan,57.4433464393,0.0000000000
limite_fonte,493,57.4433464393,150.0000000000,150.0000000000,950.0000000000,800.0000000000,1,150.0000000000,nan,57.4345745095,0.0000000000
limite_fonte,494,57.4345745095,150.0000000000,150.0000000000,950.0000000000,800.0000000000,1,150.0000000000,nan,57.4258025797,0.0000000000
limite_fonte,495,57.4258025797,150.0000000000,150.0000000000,950.0000000000,800.0000000000,1,150.0000000000,nan,57.4170306498,0.0000000000
limite_fonte,496,57.4170306498,150.0000000000,150.0000000000,950.0000000000,800.0000000000,1,150.0000000000,nan,57.4082587200,0.0000000000
limite_fonte,497,57.4082587200,150.0000000000,150.0000000000,950.0000000000,800.0000000000,1,150.0000000000,nan,57.3994867902,0.0000000000
limite_fonte,498,57.3994867902,150.0000000000,150.0000000000,950.0000000000,800.0000000000,1,150.0000000000,nan,57.3907148604,0.0000000000
limite_fonte,499,57.3907148604,150.0000000000,150.0000000000,950.0000000000,800.0000000000,1,150.0000000000,nan,57.3819429305,0.0000000000
limite_fonte,500,57.3819429305,150.0000000000,150.0000000000,950.0000000000,800.0000000000,1,150.0000000000,nan,57.3731710007,0.0000000000
limite_fonte,501,57.3731710007,150.0000000000,150.0000000000,950.0000000000,800.0000000000,1,150.0000000000,nan,57.3643990709,0.0000000000
limite_fonte,502,57.3643990709,150.0000000000,150.0000000000,950.0000000000,800.0000000000,1,150.0000000000,nan,57.3556271411,0.0000000000
limite_fonte,503,57.3556271411,150.0000000000,150.0000000000,950.0000000000,800.0000000000,1,150.0000000000,nan,57.3468552113,0.0000000000
limite_fonte,504,57.3468552113,150.0000000000,150.0000000000,950.0000000000,800.0000000000,1,150.0000000000,nan,57.3380832814,0.0000000000
limite_fonte,505,57.3380832814,150.0000000000,150.0000000000,950.0000000000,800.0000000000,1,150.0000000000,nan,57.3293113516,0.0000000000
limite_fonte,506,57.3293113516,150.0000000000,150.0000000000,950.0000000000,800.0000000000,1,150.0000000000,nan,57.3205394218,0.0000000000
limite_fonte,507,57.3205394218,150.0000000000,150.0000000000,950.0000000000,800.0000000000,1,150.0000000000,nan,57.3117674920,0.0000000000
limite_fonte,508,57.3117674920,150.0000000000,150.0000000000,950.0000000000,800.0000000000,1,150.0000000000,nan,57.3029955621,0.0000000000
limite_fonte,509,57.3029955621,150.0000000000,150.0000000000,950.0000000000,800.0000000000,1,150.0000000000,nan,57.2942236323,0.0000000000
limite_fonte,510,57.2942236323,150.0000000000,150.0000000000,950.0000000000,800.0000000000,1,150.0000000000,nan,57.2854517025,0.0000000000
limite_fonte,511,57.2854517025,150.0000000000,150.0000000000,950.0000000000,800.0000000000,1,150.0000000000,nan,57.2766797727,0.0000000000
limite_fonte,512,57.2766797727,150.0000000000,150.0000000000,950.0000000000,800.0000000000,1,150.0000000000,nan,57.2679078428,0.0000000000
limite_fonte,513,57.2679078428,150.0000000000,150.0000000000,950.0000000000,800.0000000000,1,150.0000000000,nan,57.2591359130,0.0000000000
limite_fonte,514,57.2591359130,150.0000000000,150.0000000000,950.0000000000,800.0000000000,1,150.0000000000,nan,57.2503639832,0.0000000000
limite_fonte,515,57.2503639832,150.0000000000,150.0000000000,950.0000000000,800.0000000000,1,150.0000000000,nan,57.2415920534,0.0000000000
limite_fonte,516,57.2415920534,150.0000000000,150.0000000000,950.0000000000,800.0000000000,1,150.0000000000,nan,57.2328201235,0.0000000000
limite_fonte,517,57.2328201235,150.0000000000,150.0000000000,950.0000000000,800.0000000000,1,150.0000000000,nan,57.2240481937,0.0000000000
limite_fonte,518,57.2240481937,150.0000000000,150.0000000000,950.0000000000,800.0000000000,1,150.0000000000,nan,57.2152762639,0.0000000000
limite_fonte,519,57.2152762639,150.0000000000,150.0000000000,950.0000000000,800.0000000000,1,150.0000000000,nan,57.2065043341,0.0000000000
limite_fonte,520,57.2065043341,150.0000000000,150.0000000000,950.0000000000,800.0000000000,1,150.0000000000,nan,57.1977324042,0.0000000000
limite_fonte,521,57.1977324042,150.0000000000,150.0000000000,950.0000000000,800.0000000000,1,150.0000000000,nan,57.1889604744,0.0000000000
limite_fonte,522,57.1889604744,150.0000000000,150.0000000000,950.0000000000,800.0000000000,1,150.0000000000,nan,57.1801885446,0.0000000000
limite_fonte,523,57.1801885446,150.0000000000,150.0000000000,950.0000000000,800.0000000000,1,150.0000000000,nan,57.1714166148,0.0000000000
limite_fonte,524,57.1714166148,150.0000000000,150.0000000000,950.0000000000,800.0000000000,1,150.0000000000,nan,57.1626446849,0.0000000000
limite_fonte,525,57.1626446849,150.0000000000,150.0000000000,950.0000000000,800.0000000000,1,150.0000000000,nan,57.1538727551,0.0000000000
limite_fonte,526,57.1538727551,150.0000000000,150.0000000000,950.0000000000,800.0000000000,1,150.0000000000,nan,57.1451008253,0.0000000000
limite_fonte,527,57.1451008253,150.0000000000,150.0000000000,950.0000000000,800.0000000000,1,150.0000000000,nan,57.1363288955,0.0000000000
limite_fonte,528,57.1363288955,150.0000000000,150.0000000000,950.0000000000,800.0000000000,1,150.0000000000,nan,57.1275569656,0.0000000000
limite_fonte,529,57.1275569656,150.0000000000,150.0000000000,950.0000000000,800.0000000000,1,150.0000000000,nan,57.1187850358,0.0000000000
limite_fonte,530,57.1187850358,150.0000000000,150.0000000000,950.0000000000,800.0000000000,1,150.0000000000,nan,57.1100131060,0.0000000000
limite_fonte,531,57.1100131060,150.0000000000,150.0000000000,950.0000000000,800.0000000000,1,150.0000000000,nan,57.1012411762,0.0000000000
limite_fonte,532,57.1012411762,150.0000000000,150.0000000000,950.0000000000,800.0000000000,1,150.0000000000,nan,57.0924692463,0.0000000000
limite_fonte,533,57.0924692463,150.0000000000,150.0000000000,950.0000000000,800.0000000000,1,150.0000000000,nan,57.0836973165,0.0000000000
limite_fonte,534,57.0836973165,150.0000000000,150.0000000000,950.0000000000,800.0000000000,1,150.0000000000,nan,57.0749253867,0.0000000000
limite_fonte,535,57.0749253867,150.0000000000,150.0000000000,950.0000000000,800.0000000000,1,150.0000000000,nan,57.0661534569,0.0000000000
limite_fonte,536,57.0661534569,150.0000000000,150.0000000000,950.0000000000,800.0000000000,1,150.0000000000,nan,57.0573815270,0.0000000000
limite_fonte,537,57.0573815270,150.0000000000,150.0000000000,950.0000000000,800.0000000000,1,150.0000000000,nan,57.0486095972,0.0000000000
limite_fonte,538,57.0486095972,150.0000000000,150.0000000000,950.0000000000,800.0000000000,1,150.0000000000,nan,57.0398376674,0.0000000000
limite_fonte,539,57.0398376674,150.0000000000,150.0000000000,950.0000000000,800.0000000000,1,150.0000000000,nan,57.0310657376,0.0000000000
limite_fonte,540,57.0310657376,150.0000000000,150.0000000000,950.0000000000,800.0000000000,1,150.0000000000,nan,57.0222938077,0.0000000000
limite_fonte,541,57.0222938077,150.0000000000,150.0000000000,950.0000000000,800.0000000000,1,150.0000000000,nan,57.0135218779,0.0000000000
limite_fonte,542,57.0135218779,150.0000000000,150.0000000000,950.0000000000,800.0000000000,1,150.0000000000,nan,57.0047499481,0.0000000000
limite_fonte,543,57.0047499481,150.0000000000,150.0000000000,950.0000000000,800.0000000000,1,150.0000000000,nan,56.9959780183,0.0000000000
limite_fonte,544,56.9959780183,150.0000000000,150.0000000000,950.0000000000,800.0000000000,1,150.0000000000,nan,56.9872060884,0.0000000000
limite_fonte,545,56.9872060884,150.0000000000,150.0000000000,950.0000000000,800.0000000000,1,150.0000000000,nan,56.9784341586,0.0000000000
limite_fonte,546,56.9784341586,150.0000000000,150.0000000000,950.0000000000,800.0000000000,1,150.0000000000,nan,56.9696622288,0.0000000000
limite_fonte,547,56.9696622288,150.0000000000,150.0000000000,950.0000000000,800.0000000000,1,150.0000000000,nan,56.9608902990,0.0000000000
limite_fonte,548,56.9608902990,150.0000000000,150.0000000000,950.0000000000,800.0000000000,1,150.0000000000,nan,56.9521183691,0.0000000000
limite_fonte,549,56.9521183691,150.0000000000,150.0000000000,950.0000000000,800.0000000000,1,150.0000000000,nan,56.9433464393,0.0000000000
limite_fonte,550,56.9433464393,150.0000000000,150.0000000000,950.0000000000,800.0000000000,1,150.0000000000,nan,56.9345745095,0.0000000000
limite_fonte,551,56.9345745095,150.0000000000,150.0000000000,950.0000000000,800.0000000000,1,150.0000000000,nan,56.9258025797,0.0000000000
limite_fonte,552,56.9258025797,150.0000000000,150.0000000000,950.0000000000,800.0000000000,1,150.0000000000,nan,56.9170306498,0.0000000000
limite_fonte,553,56.9170306498,150.0000000000,150.0000000000,950.0000000000,800.0000000000,1,150.0000000000,nan,56.9082587200,0.0000000000
limite_fonte,554,56.9082587200,150.0000000000,150.0000000000,950.0000000000,800.0000000000,1,150.0000000000,nan,56.8994867902,0.0000000000
limite_fonte,555,56.8994867902,150.0000000000,150.0000000000,950.0000000000,800.0000000000,1,150.0000000000,nan,56.8907148604,0.0000000000
limite_fonte,556,56.8907148604,150.0000000000,150.0000000000,950.0000000000,800.0000000000,1,150.0000000000,nan,56.8819429305,0.0000000000
limite_fonte,557,56.8819429305,150.0000000000,150.0000000000,950.0000000000,800.0000000000,1,150.0000000000,nan,56.8731710007,0.0000000000
limite_fonte,558,56.8731710007,150.0000000000,150.0000000000,950.0000000000,800.0000000000,1,150.0000000000,nan,56.8643990709,0.0000000000
limite_fonte,559,56.8643990709,150.0000000000,150.0000000000,950.0000000000,800.0000000000,1,150.0000000000,nan,56.8556271411,0.0000000000
limite_fonte,560,56.8556271411,150.0000000000,150.0000000000,950.0000000000,800.0000000000,1,150.0000000000,nan,56.8468552113,0.0000000000
limite_fonte,561,56.8468552113,150.0000000000,150.0000000000,950.0000000000,800.0000000000,1,150.0000000000,nan,56.8380832814,0.0000000000
limite_fonte,562,56.8380832814,150.0000000000,150.0000000000,950.0000000000,800.0000000000,1,150.0000000000,nan,56.8293113516,0.0000000000
limite_fonte,563,56.8293113516,150.0000000000,150.0000000000,950.0000000000,800.0000000000,1,150.0000000000,nan,56.8205394218,0.0000000000
limite_fonte,564,56.8205394218,150.0000000000,150.0000000000,950.0000000000,800.0000000000,1,150.0000000000,nan,56.8117674920,0.0000000000
limite_fonte,565,56.8117674920,150.0000000000,150.0000000000,950.0000000000,800.0000000000,1,150.0000000000,nan,56.8029955621,0.0000000000
limite_fonte,566,56.8029955621,150.0000000000,150.0000000000,950.0000000000,800.0000000000,1,150.0000000000,nan,56.7942236323,0.0000000000
limite_fonte,567,56.7942236323,150.0000000000,150.0000000000,950.0000000000,800.0000000000,1,150.0000000000,nan,56.7854517025,0.0000000000
limite_fonte,568,56.7854517025,150.0000000000,150.0000000000,950.0000000000,800.0000000000,1,150.0000000000,nan,56.7766797727,0.0000000000
limite_fonte,569,56.7766797727,150.0000000000,150.0000000000,950.0000000000,800.0000000000,1,150.0000000000,nan,56.7679078428,0.0000000000
limite_fonte,570,56.7679078428,150.0000000000,150.0000000000,950.0000000000,800.0000000000,1,150.0000000000,nan,56.7591359130,0.0000000000
limite_fonte,571,56.7591359130,150.0000000000,150.0000000000,950.0000000000,800.0000000000,1,150.0000000000,nan,56.7503639832,0.0000000000
limite_fonte,572,56.7503639832,150.0000000000,150.0000000000,950.0000000000,800.0000000000,1,150.0000000000,nan,56.7415920534,0.0000000000
limite_fonte,573,56.7415920534,150.0000000000,150.0000000000,950.0000000000,800.0000000000,1,150.0000000000,nan,56.7328201235,0.0000000000
limite_fonte,574,56.7328201235,150.0000000000,150.0000000000,950.0000000000,800.0000000000,1,150.0000000000,nan,56.7240481937,0.0000000000
limite_fonte,575,56.7240481937,150.0000000000,150.0000000000,950.0000000000,800.0000000000,1,150.0000000000,nan,56.7152762639,0.0000000000
limite_fonte,576,56.7152762639,150.0000000000,150.0000000000,950.0000000000,800.0000000000,1,150.0000000000,nan,56.7065043341,0.0000000000
limite_fonte,577,56.7065043341,150.0000000000,150.0000000000,950.0000000000,800.0000000000,1,150.0000000000,nan,56.6977324042,0.0000000000
limite_fonte,578,56.6977324042,150.0000000000,150.0000000000,950.0000000000,800.0000000000,1,150.0000000000,nan,56.6889604744,0.0000000000
limite_fonte,579,56.6889604744,150.0000000000,150.0000000000,950.0000000000,800.0000000000,1,150.0000000000,nan,56.6801885446,0.0000000000
limite_fonte,580,56.6801885446,150.0000000000,150.0000000000,950.0000000000,800.0000000000,1,150.0000000000,nan,56.6714166148,0.0000000000
limite_fonte,581,56.6714166148,150.0000000000,150.0000000000,950.0000000000,800.0000000000,1,150.0000000000,nan,56.6626446849,0.0000000000
limite_fonte,582,56.6626446849,150.0000000000,150.0000000000,950.0000000000,800.0000000000,1,150.0000000000,nan,56.6538727551,0.0000000000
limite_fonte,583,56.6538727551,150.0000000000,150.0000000000,950.0000000000,800.0000000000,1,150.0000000000,nan,56.6451008253,0.0000000000
limite_fonte,584,56.6451008253,150.0000000000,150.0000000000,950.0000000000,800.0000000000,1,150.0000000000,nan,56.6363288955,0.0000000000
limite_fonte,585,56.6363288955,150.0000000000,150.0000000000,950.0000000000,800.0000000000,1,150.0000000000,nan,56.6275569656,0.0000000000
limite_fonte,586,56.6275569656,150.0000000000,150.0000000000,950.0000000000,800.0000000000,1,150.0000000000,nan,56.6187850358,0.0000000000
limite_fonte,587,56.6187850358,150.0000000000,150.0000000000,950.0000000000,800.0000000000,1,150.0000000000,nan,56.6100131060,0.0000000000
limite_fonte,588,56.6100131060,150.0000000000,150.0000000000,950.0000000000,800.0000000000,1,150.0000000000,nan,56.6012411762,0.0000000000
limite_fonte,589,56.6012411762,150.0000000000,150.0000000000,950.0000000000,800.0000000000,1,150.0000000000,nan,56.5924692463,0.0000000000
limite_fonte,590,56.5924692463,150.0000000000,150.0000000000,950.0000000000,800.0000000000,1,150.0000000000,nan,56.5836973165,0.0000000000
limite_fonte,591,56.5836973165,150.0000000000,150.0000000000,950.0000000000,800.0000000000,1,150.0000000000,nan,56.5749253867,0.0000000000
limite_fonte,592,56.5749253867,150.0000000000,150.0000000000,950.0000000000,800.0000000000,1,150.0000000000,nan,56.5661534569,0.0000000000
limite_fonte,593,56.5661534569,150.0000000000,150.0000000000,950.0000000000,800.0000000000,1,150.0000000000,nan,56.5573815270,0.0000000000
limite_fonte,594,56.5573815270,150.0000000000,150.0000000000,950.0000000000,800.0000000000,1,150.0000000000,nan,56.5486095972,0.0000000000
limite_fonte,595,56.5486095972,150.0000000000,150.0000000000,950.0000000000,800.0000000000,1,150.0000000000,nan,56.5398376674,0.0000000000
limite_fonte,596,56.5398376674,150.0000000000,150.0000000000,950.0000000000,800.0000000000,1,150.0000000000,nan,56.5310657376,0.0000000000
limite_fonte,597,56.5310657376,150.0000000000,150.0000000000,950.0000000000,800.0000000000,1,150.0000000000,nan,56.5222938077,0.0000000000
limite_fonte,598,56.5222938077,150.0000000000,150.0000000000,950.0000000000,800.0000000000,1,150.0000000000,nan,56.5135218779,0.0000000000
limite_fonte,599,56.5135218779,150.0000000000,150.0000000000,950.0000000000,800.0000000000,1,150.0000000000,nan,56.5047499481,0.0000000000
limite_fonte,600,56.5047499481,150.0000000000,150.0000000000,950.0000000000,800.0000000000,1,150.0000000000,nan,56.4959780183,0.0000000000
limite_fonte,601,56.4959780183,150.0000000000,150.0000000000,950.0000000000,800.0000000000,1,150.0000000000,nan,56.4872060884,0.0000000000
limite_fonte,602,56.4872060884,150.0000000000,150.0000000000,950.0000000000,800.0000000000,1,150.0000000000,nan,56.4784341586,0.0000000000
limite_fonte,603,56.4784341586,150.0000000000,150.0000000000,950.0000000000,800.0000000000,1,150.0000000000,nan,56.4696622288,0.0000000000
limite_fonte,604,56.4696622288,150.0000000000,150.0000000000,950.0000000000,800.0000000000,1,150.0000000000,nan,56.4608902990,0.0000000000
limite_fonte,605,56.4608902990,150.0000000000,150.0000000000,950.0000000000,800.0000000000,1,150.0000000000,nan,56.4521183691,0.0000000000
limite_fonte,606,56.4521183691,150.0000000000,150.0000000000,950.0000000000,800.0000000000,1,150.0000000000,nan,56.4433464393,0.0000000000
limite_fonte,607,56.4433464393,150.0000000000,150.0000000000,950.0000000000,800.0000000000,1,150.0000000000,nan,56.4345745095,0.0000000000
limite_fonte,608,56.4345745095,150.0000000000,150.0000000000,950.0000000000,800.0000000000,1,150.0000000000,nan,56.4258025797,0.0000000000
limite_fonte,609,56.4258025797,150.0000000000,150.0000000000,950.0000000000,800.0000000000,1,150.0000000000,nan,56.4170306498,0.0000000000
limite_fonte,610,56.4170306498,150.0000000000,150.0000000000,950.0000000000,800.0000000000,1,150.0000000000,nan,56.4082587200,0.0000000000
limite_fonte,611,56.4082587200,150.0000000000,150.0000000000,950.0000000000,800.0000000000,1,150.0000000000,nan,56.3994867902,0.0000000000
limite_fonte,612,56.3994867902,150.0000000000,150.0000000000,950.0000000000,800.0000000000,1,150.0000000000,nan,56.3907148604,0.0000000000
limite_fonte,613,56.3907148604,150.0000000000,150.0000000000,950.0000000000,800.0000000000,1,150.0000000000,nan,56.3819429305,0.0000000000
limite_fonte,614,56.3819429305,150.0000000000,150.0000000000,950.0000000000,800.0000000000,1,150.0000000000,nan,56.3731710007,0.0000000000
limite_fonte,615,56.3731710007,150.0000000000,150.0000000000,950.0000000000,800.0000000000,1,150.0000000000,nan,56.3643990709,0.0000000000
limite_fonte,616,56.3643990709,150.0000000000,150.0000000000,950.0000000000,800.0000000000,1,150.0000000000,nan,56.3556271411,0.0000000000
limite_fonte,617,56.3556271411,150.0000000000,150.0000000000,950.0000000000,800.0000000000,1,150.0000000000,nan,56.3468552113,0.0000000000
limite_fonte,618,56.3468552113,150.0000000000,150.0000000000,950.0000000000,800.0000000000,1,150.0000000000,nan,56.3380832814,0.0000000000
limite_fonte,619,56.3380832814,150.0000000000,150.0000000000,950.0000000000,800.0000000000,1,150.0000000000,nan,56.3293113516,0.0000000000
limite_fonte,620,56.3293113516,150.0000000000,150.0000000000,950.0000000000,800.0000000000,1,150.0000000000,nan,56.3205394218,0.0000000000
limite_fonte,621,56.3205394218,150.0000000000,150.0000000000,950.0000000000,800.0000000000,1,150.0000000000,nan,56.3117674920,0.0000000000
limite_fonte,622,56.3117674920,150.0000000000,150.0000000000,950.0000000000,800.0000000000,1,150.0000000000,nan,56.3029955621,0.0000000000
limite_fonte,623,56.3029955621,150.0000000000,150.0000000000,950.0000000000,800.0000000000,1,150.0000000000,nan,56.2942236323,0.0000000000
limite_fonte,624,56.2942236323,150.0000000000,150.0000000000,950.0000000000,800.0000000000,1,150.0000000000,nan,56.2854517025,0.0000000000
limite_fonte,625,56.2854517025,150.0000000000,150.0000000000,950.0000000000,800.0000000000,1,150.0000000000,nan,56.2766797727,0.0000000000
limite_fonte,626,56.2766797727,150.0000000000,150.0000000000,950.0000000000,800.0000000000,1,150.0000000000,nan,56.2679078428,0.0000000000
limite_fonte,627,56.2679078428,150.0000000000,150.0000000000,950.0000000000,800.0000000000,1,150.0000000000,nan,56.2591359130,0.0000000000
limite_fonte,628,56.2591359130,150.0000000000,150.0000000000,950.0000000000,800.0000000000,1,150.0000000000,nan,56.2503639832,0.0000000000
limite_fonte,629,56.2503639832,150.0000000000,150.0000000000,950.0000000000,800.0000000000,1,150.0000000000,nan,56.2415920534,0.0000000000
limite_fonte,630,56.2415920534,150.0000000000,150.0000000000,950.0000000000,800.0000000000,1,150.0000000000,nan,56.2328201235,0.0000000000
limite_fonte,631,56.2328201235,150.0000000000,150.0000000000,950.0000000000,800.0000000000,1,150.0000000000,nan,56.2240481937,0.0000000000
limite_fonte,632,56.2240481937,150.0000000000,150.0000000000,950.0000000000,800.0000000000,1,150.0000000000,nan,56.2152762639,0.0000000000
limite_fonte,633,56.2152762639,150.0000000000,150.0000000000,950.0000000000,800.0000000000,1,150.0000000000,nan,56.2065043341,0.0000000000
limite_fonte,634,56.2065043341,150.0000000000,150.0000000000,950.0000000000,800.0000000000,1,150.0000000000,nan,56.1977324042,0.0000000000
limite_fonte,635,56.1977324042,150.0000000000,150.0000000000,950.0000000000,800.0000000000,1,150.0000000000,nan,56.1889604744,0.0000000000
limite_fonte,636,56.1889604744,150.0000000000,150.0000000000,950.0000000000,800.0000000000,1,150.0000000000,nan,56.1801885446,0.0000000000
limite_fonte,637,56.1801885446,150.0000000000,150.0000000000,950.0000000000,800.0000000000,1,150.0000000000,nan,56.1714166148,0.0000000000
limite_fonte,638,56.1714166148,150.0000000000,150.0000000000,950.0000000000,800.0000000000,1,150.0000000000,nan,56.1626446849,0.0000000000
limite_fonte,639,56.1626446849,150.0000000000,150.0000000000,950.0000000000,800.0000000000,1,150.0000000000,nan,56.1538727551,0.0000000000
limite_fonte,640,56.1538727551,150.0000000000,150.0000000000,950.0000000000,800.0000000000,1,150.0000000000,nan,56.1451008253,0.0000000000
limite_fonte,641,56.1451008253,150.0000000000,150.0000000000,950.0000000000,800.0000000000,1,150.0000000000,nan,56.1363288955,0.0000000000
limite_fonte,642,56.1363288955,150.0000000000,150.0000000000,950.0000000000,800.0000000000,1,150.0000000000,nan,56.1275569656,0.0000000000
limite_fonte,643,56.1275569656,150.0000000000,150.0000000000,950.0000000000,800.0000000000,1,150.0000000000,nan,56.1187850358,0.0000000000
limite_fonte,644,56.1187850358,150.0000000000,150.0000000000,950.0000000000,800.0000000000,1,150.0000000000,nan,56.1100131060,0.0000000000
limite_fonte,645,56.1100131060,150.0000000000,150.0000000000,950.0000000000,800.0000000000,1,150.0000000000,nan,56.1012411762,0.0000000000
limite_fonte,646,56.1012411762,150.0000000000,150.0000000000,950.0000000000,800.0000000000,1,150.0000000000,nan,56.0924692463,0.0000000000
limite_fonte,647,56.0924692463,150.0000000000,150.0000000000,950.0000000000,800.0000000000,1,150.0000000000,nan,56.0836973165,0.0000000000
limite_fonte,648,56.0836973165,150.0000000000,150.0000000000,950.0000000000,800.0000000000,1,150.0000000000,nan,56.0749253867,0.0000000000
limite_fonte,649,56.0749253867,150.0000000000,150.0000000000,950.0000000000,800.0000000000,1,150.0000000000,nan,56.0661534569,0.0000000000
limite_fonte,650,56.0661534569,150.0000000000,150.0000000000,950.0000000000,800.0000000000,1,150.0000000000,nan,56.0573815270,0.0000000000
limite_fonte,651,56.0573815270,150.0000000000,150.0000000000,950.0000000000,800.0000000000,1,150.0000000000,nan,56.0486095972,0.0000000000
limite_fonte,652,56.0486095972,150.0000000000,150.0000000000,950.0000000000,800.0000000000,1,150.0000000000,nan,56.0398376674,0.0000000000
limite_fonte,653,56.0398376674,150.0000000000,150.0000000000,950.0000000000,800.0000000000,1,150.0000000000,nan,56.0310657376,0.0000000000
limite_fonte,654,56.0310657376,150.0000000000,150.0000000000,950.0000000000,800.0000000000,1,150.0000000000,nan,56.0222938077,0.0000000000
limite_fonte,655,56.0222938077,150.0000000000,150.0000000000,950.0000000000,800.0000000000,1,150.0000000000,nan,56.0135218779,0.0000000000
limite_fonte,656,56.0135218779,150.0000000000,150.0000000000,950.0000000000,800.0000000000,1,150.0000000000,nan,56.0047499481,0.0000000000
limite_fonte,657,56.0047499481,150.0000000000,150.0000000000,950.0000000000,800.0000000000,1,150.0000000000,nan,55.9959780183,0.0000000000
limite_fonte,658,55.9959780183,150.0000000000,150.0000000000,950.0000000000,800.0000000000,1,150.0000000000,nan,55.9872060884,0.0000000000
limite_fonte,659,55.9872060884,150.0000000000,150.0000000000,950.0000000000,800.0000000000,1,150.0000000000,nan,55.9784341586,0.0000000000
limite_fonte,660,55.9784341586,150.0000000000,150.0000000000,950.0000000000,800.0000000000,1,150.0000000000,nan,55.9696622288,0.0000000000
limite_fonte,661,55.9696622288,150.0000000000,150.0000000000,950.0000000000,800.0000000000,1,150.0000000000,nan,55.9608902990,0.0000000000
limite_fonte,662,55.9608902990,150.0000000000,150.0000000000,950.0000000000,800.0000000000,1,150.0000000000,nan,55.9521183691,0.0000000000
limite_fonte,663,55.9521183691,150.0000000000,150.0000000000,950.0000000000,800.0000000000,1,150.0000000000,nan,55.9433464393,0.0000000000
limite_fonte,664,55.9433464393,150.0000000000,150.0000000000,950.0000000000,800.0000000000,1,150.0000000000,nan,55.9345745095,0.0000000000
limite_fonte,665,55.9345745095,150.0000000000,150.0000000000,950.0000000000,800.0000000000,1,150.0000000000,nan,55.9258025797,0.0000000000
limite_fonte,666,55.9258025797,150.0000000000,150.0000000000,950.0000000000,800.0000000000,1,150.0000000000,nan,55.9170306498,0.0000000000
limite_fonte,667,55.9170306498,150.0000000000,150.0000000000,950.0000000000,800.0000000000,1,150.0000000000,nan,55.9082587200,0.0000000000
limite_fonte,668,55.9082587200,150.0000000000,150.0000000000,950.0000000000,800.0000000000,1,150.0000000000,nan,55.8994867902,0.0000000000
limite_fonte,669,55.8994867902,150.0000000000,150.0000000000,950.0000000000,800.0000000000,1,150.0000000000,nan,55.8907148604,0.0000000000
limite_fonte,670,55.8907148604,150.0000000000,150.0000000000,950.0000000000,800.0000000000,1,150.0000000000,nan,55.8819429305,0.0000000000
limite_fonte,671,55.8819429305,150.0000000000,150.0000000000,950.0000000000,800.0000000000,1,150.0000000000,nan,55.8731710007,0.0000000000
limite_fonte,672,55.8731710007,150.0000000000,150.0000000000,950.0000000000,800.0000000000,1,150.0000000000,nan,55.8643990709,0.0000000000
limite_fonte,673,55.8643990709,150.0000000000,150.0000000000,950.0000000000,800.0000000000,1,150.0000000000,nan,55.8556271411,0.0000000000
limite_fonte,674,55.8556271411,150.0000000000,150.0000000000,950.0000000000,800.0000000000,1,150.0000000000,nan,55.8468552113,0.0000000000
limite_fonte,675,55.8468552113,150.0000000000,150.0000000000,950.0000000000,800.0000000000,1,150.0000000000,nan,55.8380832814,0.0000000000
limite_fonte,676,55.8380832814,150.0000000000,150.0000000000,950.0000000000,800.0000000000,1,150.0000000000,nan,55.8293113516,0.0000000000
limite_fonte,677,55.8293113516,150.0000000000,150.0000000000,950.0000000000,800.0000000000,1,150.0000000000,nan,55.8205394218,0.0000000000
limite_fonte,678,55.8205394218,150.0000000000,150.0000000000,950.0000000000,800.0000000000,1,150.0000000000,nan,55.8117674920,0.0000000000
limite_fonte,679,55.8117674920,150.0000000000,150.0000000000,950.0000000000,800.0000000000,1,150.0000000000,nan,55.8029955621,0.0000000000
limite_fonte,680,55.8029955621,150.0000000000,150.0000000000,950.0000000000,800.0000000000,1,150.0000000000,nan,55.7942236323,0.0000000000
limite_fonte,681,55.7942236323,150.0000000000,150.0000000000,950.0000000000,800.0000000000,1,150.0000000000,nan,55.7854517025,0.0000000000
limite_fonte,682,55.7854517025,150.0000000000,150.0000000000,950.0000000000,800.0000000000,1,150.0000000000,nan,55.7766797727,0.0000000000
limite_fonte,683,55.7766797727,150.0000000000,150.0000000000,950.0000000000,800.0000000000,1,150.0000000000,nan,55.7679078428,0.0000000000
limite_fonte,684,55.7679078428,150.0000000000,150.0000000000,950.0000000000,800.0000000000,1,150.0000000000,nan,55.7591359130,0.0000000000
limite_fonte,685,55.7591359130,150.0000000000,150.0000000000,950.0000000000,800.0000000000,1,150.0000000000,nan,55.7503639832,0.0000000000
limite_fonte,686,55.7503639832,150.0000000000,150.0000000000,950.0000000000,800.0000000000,1,150.0000000000,nan,55.7415920534,0.0000000000
limite_fonte,687,55.7415920534,150.0000000000,150.0000000000,950.0000000000,800.0000000000,1,150.0000000000,nan,55.7328201235,0.0000000000
limite_fonte,688,55.7328201235,150.0000000000,150.0000000000,950.0000000000,800.0000000000,1,150.0000000000,nan,55.7240481937,0.0000000000
limite_fonte,689,55.7240481937,150.0000000000,150.0000000000,950.0000000000,800.0000000000,1,150.0000000000,nan,55.7152762639,0.0000000000
limite_fonte,690,55.7152762639,150.0000000000,150.0000000000,950.0000000000,800.0000000000,1,150.0000000000,nan,55.7065043341,0.0000000000
limite_fonte,691,55.7065043341,150.0000000000,150.0000000000,950.0000000000,800.0000000000,1,150.0000000000,nan,55.6977324042,0.0000000000
limite_fonte,692,55.6977324042,150.0000000000,150.0000000000,950.0000000000,800.0000000000,1,150.0000000000,nan,55.6889604744,0.0000000000
limite_fonte,693,55.6889604744,150.0000000000,150.0000000000,950.0000000000,800.0000000000,1,150.0000000000,nan,55.6801885446,0.0000000000
limite_fonte,694,55.6801885446,150.0000000000,150.0000000000,950.0000000000,800.0000000000,1,150.0000000000,nan,55.6714166148,0.0000000000
limite_fonte,695,55.6714166148,150.0000000000,150.0000000000,950.0000000000,800.0000000000,1,150.0000000000,nan,55.6626446849,0.0000000000
limite_fonte,696,55.6626446849,150.0000000000,150.0000000000,950.0000000000,800.0000000000,1,150.0000000000,nan,55.6538727551,0.0000000000
limite_fonte,697,55.6538727551,150.0000000000,150.0000000000,950.0000000000,800.0000000000,1,150.0000000000,nan,55.6451008253,0.0000000000
limite_fonte,698,55.6451008253,150.0000000000,150.0000000000,950.0000000000,800.0000000000,1,150.0000000000,nan,55.6363288955,0.0000000000
limite_fonte,699,55.6363288955,150.0000000000,150.0000000000,950.0000000000,800.0000000000,1,150.0000000000,nan,55.6275569656,0.0000000000
limite_fonte,700,55.6275569656,150.0000000000,150.0000000000,950.0000000000,800.0000000000,1,150.0000000000,nan,55.6187850358,0.0000000000
limite_fonte,701,55.6187850358,150.0000000000,150.0000000000,950.0000000000,800.0000000000,1,150.0000000000,nan,55.6100131060,0.0000000000
limite_fonte,702,55.6100131060,150.0000000000,150.0000000000,950.0000000000,800.0000000000,1,150.0000000000,nan,55.6012411762,0.0000000000
limite_fonte,703,55.6012411762,150.0000000000,150.0000000000,950.0000000000,800.0000000000,1,150.0000000000,nan,55.5924692463,0.0000000000
limite_fonte,704,55.5924692463,150.0000000000,150.0000000000,950.0000000000,800.0000000000,1,150.0000000000,nan,55.5836973165,0.0000000000
limite_fonte,705,55.5836973165,150.0000000000,150.0000000000,950.0000000000,800.0000000000,1,150.0000000000,nan,55.5749253867,0.0000000000
limite_fonte,706,55.5749253867,150.0000000000,150.0000000000,950.0000000000,800.0000000000,1,150.0000000000,nan,55.5661534569,0.0000000000
limite_fonte,707,55.5661534569,150.0000000000,150.0000000000,950.0000000000,800.0000000000,1,150.0000000000,nan,55.5573815270,0.0000000000
limite_fonte,708,55.5573815270,150.0000000000,150.0000000000,950.0000000000,800.0000000000,1,150.0000000000,nan,55.5486095972,0.0000000000
limite_fonte,709,55.5486095972,150.0000000000,150.0000000000,950.0000000000,800.0000000000,1,150.0000000000,nan,55.5398376674,0.0000000000
limite_fonte,710,55.5398376674,150.0000000000,150.0000000000,950.0000000000,800.0000000000,1,150.0000000000,nan,55.5310657376,0.0000000000
limite_fonte,711,55.5310657376,150.0000000000,150.0000000000,950.0000000000,800.0000000000,1,150.0000000000,nan,55.5222938077,0.0000000000
limite_fonte,712,55.5222938077,150.0000000000,150.0000000000,950.0000000000,800.0000000000,1,150.0000000000,nan,55.5135218779,0.0000000000
limite_fonte,713,55.5135218779,150.0000000000,150.0000000000,950.0000000000,800.0000000000,1,150.0000000000,nan,55.5047499481,0.0000000000
limite_fonte,714,55.5047499481,150.0000000000,150.0000000000,950.0000000000,800.0000000000,1,150.0000000000,nan,55.4959780183,0.0000000000
limite_fonte,715,55.4959780183,150.0000000000,150.0000000000,950.0000000000,800.0000000000,1,150.0000000000,nan,55.4872060884,0.0000000000
limite_fonte,716,55.4872060884,150.0000000000,150.0000000000,950.0000000000,800.0000000000,1,150.0000000000,nan,55.4784341586,0.0000000000
limite_fonte,717,55.4784341586,150.0000000000,150.0000000000,950.0000000000,800.0000000000,1,150.0000000000,nan,55.4696622288,0.0000000000
limite_fonte,718,55.4696622288,150.0000000000,150.0000000000,950.0000000000,800.0000000000,1,150.0000000000,nan,55.4608902990,0.0000000000
limite_fonte,719,55.4608902990,150.0000000000,150.0000000000,950.0000000000,800.0000000000,1,150.0000000000,nan,55.4521183691,0.0000000000
limite_fonte,720,55.4521183691,150.0000000000,150.0000000000,950.0000000000,800.0000000000,1,150.0000000000,nan,55.4433464393,0.0000000000
limite_fonte,721,55.4433464393,150.0000000000,150.0000000000,950.0000000000,800.0000000000,1,150.0000000000,nan,55.4345745095,0.0000000000
limite_fonte,722,55.4345745095,150.0000000000,150.0000000000,950.0000000000,800.0000000000,1,150.0000000000,nan,55.4258025797,0.0000000000
limite_fonte,723,55.4258025797,150.0000000000,150.0000000000,950.0000000000,800.0000000000,1,150.0000000000,nan,55.4170306498,0.0000000000
limite_fonte,724,55.4170306498,150.0000000000,150.0000000000,950.0000000000,800.0000000000,1,150.0000000000,nan,55.4082587200,0.0000000000
limite_fonte,725,55.4082587200,150.0000000000,150.0000000000,950.0000000000,800.0000000000,1,150.0000000000,nan,55.3994867902,0.0000000000
limite_fonte,726,55.3994867902,150.0000000000,150.0000000000,950.0000000000,800.0000000000,1,150.0000000000,nan,55.3907148604,0.0000000000
limite_fonte,727,55.3907148604,150.0000000000,150.0000000000,950.0000000000,800.0000000000,1,150.0000000000,nan,55.3819429305,0.0000000000
limite_fonte,728,55.3819429305,150.0000000000,150.0000000000,950.0000000000,800.0000000000,1,150.0000000000,nan,55.3731710007,0.0000000000
limite_fonte,729,55.3731710007,150.0000000000,150.0000000000,950.0000000000,800.0000000000,1,150.0000000000,nan,55.3643990709,0.0000000000
limite_fonte,730,55.3643990709,150.0000000000,150.0000000000,950.0000000000,800.0000000000,1,150.0000000000,nan,55.3556271411,0.0000000000
limite_fonte,731,55.3556271411,150.0000000000,150.0000000000,950.0000000000,800.0000000000,1,150.0000000000,nan,55.3468552113,0.0000000000
limite_fonte,732,55.3468552113,150.0000000000,150.0000000000,950.0000000000,800.0000000000,1,150.0000000000,nan,55.3380832814,0.0000000000
limite_fonte,733,55.3380832814,150.0000000000,150.0000000000,950.0000000000,800.0000000000,1,150.0000000000,nan,55.3293113516,0.0000000000
limite_fonte,734,55.3293113516,150.0000000000,150.0000000000,950.0000000000,800.0000000000,1,150.0000000000,nan,55.3205394218,0.0000000000
limite_fonte,735,55.3205394218,150.0000000000,150.0000000000,950.0000000000,800.0000000000,1,150.0000000000,nan,55.3117674920,0.0000000000
limite_fonte,736,55.3117674920,150.0000000000,150.0000000000,950.0000000000,800.0000000000,1,150.0000000000,nan,55.3029955621,0.0000000000
limite_fonte,737,55.3029955621,150.0000000000,150.0000000000,950.0000000000,800.0000000000,1,150.0000000000,nan,55.2942236323,0.0000000000
limite_fonte,738,55.2942236323,150.0000000000,150.0000000000,950.0000000000,800.0000000000,1,150.0000000000,nan,55.2854517025,0.0000000000
limite_fonte,739,55.2854517025,150.0000000000,150.0000000000,950.0000000000,800.0000000000,1,150.0000000000,nan,55.2766797727,0.0000000000
limite_fonte,740,55.2766797727,150.0000000000,150.0000000000,950.0000000000,800.0000000000,1,150.0000000000,nan,55.2679078428,0.0000000000
limite_fonte,741,55.2679078428,150.0000000000,150.0000000000,950.0000000000,800.0000000000,1,150.0000000000,nan,55.2591359130,0.0000000000
limite_fonte,742,55.2591359130,150.0000000000,150.0000000000,950.0000000000,800.0000000000,1,150.0000000000,nan,55.2503639832,0.0000000000
limite_fonte,743,55.2503639832,150.0000000000,150.0000000000,950.0000000000,800.0000000000,1,150.0000000000,nan,55.2415920534,0.0000000000
limite_fonte,744,55.2415920534,150.0000000000,150.0000000000,950.0000000000,800.0000000000,1,150.0000000000,nan,55.2328201235,0.0000000000
limite_fonte,745,55.2328201235,150.0000000000,150.0000000000,950.0000000000,800.0000000000,1,150.0000000000,nan,55.2240481937,0.0000000000
limite_fonte,746,55.2240481937,150.0000000000,150.0000000000,950.0000000000,800.0000000000,1,150.0000000000,nan,55.2152762639,0.0000000000
limite_fonte,747,55.2152762639,150.0000000000,150.0000000000,950.0000000000,800.0000000000,1,150.0000000000,nan,55.2065043341,0.0000000000
limite_fonte,748,55.2065043341,150.0000000000,150.0000000000,950.0000000000,800.0000000000,1,150.0000000000,nan,55.1977324042,0.0000000000
limite_fonte,749,55.1977324042,150.0000000000,150.0000000000,950.0000000000,800.0000000000,1,150.0000000000,nan,55.1889604744,0.0000000000
limite_fonte,750,55.1889604744,150.0000000000,150.0000000000,950.0000000000,800.0000000000,1,150.0000000000,nan,55.1801885446,0.0000000000
limite_fonte,751,55.1801885446,150.0000000000,150.0000000000,950.0000000000,800.0000000000,1,150.0000000000,nan,55.1714166148,0.0000000000
limite_fonte,752,55.1714166148,150.0000000000,150.0000000000,950.0000000000,800.0000000000,1,150.0000000000,nan,55.1626446849,0.0000000000
limite_fonte,753,55.1626446849,150.0000000000,150.0000000000,950.0000000000,800.0000000000,1,150.0000000000,nan,55.1538727551,0.0000000000
limite_fonte,754,55.1538727551,150.0000000000,150.0000000000,950.0000000000,800.0000000000,1,150.0000000000,nan,55.1451008253,0.0000000000
limite_fonte,755,55.1451008253,150.0000000000,150.0000000000,950.0000000000,800.0000000000,1,150.0000000000,nan,55.1363288955,0.0000000000
limite_fonte,756,55.1363288955,150.0000000000,150.0000000000,950.0000000000,800.0000000000,1,150.0000000000,nan,55.1275569656,0.0000000000
limite_fonte,757,55.1275569656,150.0000000000,150.0000000000,950.0000000000,800.0000000000,1,150.0000000000,nan,55.1187850358,0.0000000000
limite_fonte,758,55.1187850358,150.0000000000,150.0000000000,950.0000000000,800.0000000000,1,150.0000000000,nan,55.1100131060,0.0000000000
limite_fonte,759,55.1100131060,150.0000000000,150.0000000000,950.0000000000,800.0000000000,1,150.0000000000,nan,55.1012411762,0.0000000000
limite_fonte,760,55.1012411762,150.0000000000,150.0000000000,950.0000000000,800.0000000000,1,150.0000000000,nan,55.0924692463,0.0000000000
limite_fonte,761,55.0924692463,150.0000000000,150.0000000000,950.0000000000,800.0000000000,1,150.0000000000,nan,55.0836973165,0.0000000000
limite_fonte,762,55.0836973165,150.0000000000,150.0000000000,950.0000000000,800.0000000000,1,150.0000000000,nan,55.0749253867,0.0000000000
limite_fonte,763,55.0749253867,150.0000000000,150.0000000000,950.0000000000,800.0000000000,1,150.0000000000,nan,55.0661534569,0.0000000000
limite_fonte,764,55.0661534569,150.0000000000,150.0000000000,950.0000000000,800.0000000000,1,150.0000000000,nan,55.0573815270,0.0000000000
limite_fonte,765,55.0573815270,150.0000000000,150.0000000000,950.0000000000,800.0000000000,1,150.0000000000,nan,55.0486095972,0.0000000000
limite_fonte,766,55.0486095972,150.0000000000,150.0000000000,950.0000000000,800.0000000000,1,150.0000000000,nan,55.0398376674,0.0000000000
limite_fonte,767,55.0398376674,150.0000000000,150.0000000000,950.0000000000,800.0000000000,1,150.0000000000,nan,55.0310657376,0.0000000000
limite_fonte,768,55.0310657376,150.0000000000,150.0000000000,950.0000000000,800.0000000000,1,150.0000000000,nan,55.0222938077,0.0000000000
limite_fonte,769,55.0222938077,150.0000000000,150.0000000000,950.0000000000,800.0000000000,1,150.0000000000,nan,55.0135218779,0.0000000000
limite_fonte,770,55.0135218779,150.0000000000,150.0000000000,950.0000000000,800.0000000000,1,150.0000000000,nan,55.0047499481,0.0000000000
limite_fonte,771,55.0047499481,150.0000000000,150.0000000000,950.0000000000,800.0000000000,1,150.0000000000,nan,54.9959780183,0.0000000000
limite_fonte,772,54.9959780183,150.0000000000,150.0000000000,950.0000000000,800.0000000000,1,150.0000000000,nan,54.9872060884,0.0000000000
limite_fonte,773,54.9872060884,150.0000000000,150.0000000000,950.0000000000,800.0000000000,1,150.0000000000,nan,54.9784341586,0.0000000000
limite_fonte,774,54.9784341586,150.0000000000,150.0000000000,950.0000000000,800.0000000000,1,150.0000000000,nan,54.9696622288,0.0000000000
limite_fonte,775,54.9696622288,150.0000000000,150.0000000000,950.0000000000,800.0000000000,1,150.0000000000,nan,54.9608902990,0.0000000000
limite_fonte,776,54.9608902990,150.0000000000,150.0000000000,950.0000000000,800.0000000000,1,150.0000000000,nan,54.9521183691,0.0000000000
limite_fonte,777,54.9521183691,150.0000000000,150.0000000000,950.0000000000,800.0000000000,1,150.0000000000,nan,54.9433464393,0.0000000000
limite_fonte,778,54.9433464393,150.0000000000,150.0000000000,950.0000000000,800.0000000000,1,150.0000000000,nan,54.9345745095,0.0000000000
limite_fonte,779,54.9345745095,150.0000000000,150.0000000000,950.0000000000,800.0000000000,1,150.0000000000,nan,54.9258025797,0.0000000000
limite_fonte,780,54.9258025797,150.0000000000,150.0000000000,950.0000000000,800.0000000000,1,150.0000000000,nan,54.9170306498,0.0000000000
limite_fonte,781,54.9170306498,150.0000000000,150.0000000000,950.0000000000,800.0000000000,1,150.0000000000,nan,54.9082587200,0.0000000000
limite_fonte,782,54.9082587200,150.0000000000,150.0000000000,950.0000000000,800.0000000000,1,150.0000000000,nan,54.8994867902,0.0000000000
limite_fonte,783,54.8994867902,150.0000000000,150.0000000000,950.0000000000,800.0000000000,1,150.0000000000,nan,54.8907148604,0.0000000000
limite_fonte,784,54.8907148604,150.0000000000,150.0000000000,950.0000000000,800.0000000000,1,150.0000000000,nan,54.8819429305,0.0000000000
limite_fonte,785,54.8819429305,150.0000000000,150.0000000000,950.0000000000,800.0000000000,1,150.0000000000,nan,54.8731710007,0.0000000000
limite_fonte,786,54.8731710007,150.0000000000,150.0000000000,950.0000000000,800.0000000000,1,150.0000000000,nan,54.8643990709,0.0000000000
limite_fonte,787,54.8643990709,150.0000000000,150.0000000000,950.0000000000,800.0000000000,1,150.0000000000,nan,54.8556271411,0.0000000000
limite_fonte,788,54.8556271411,150.0000000000,150.0000000000,950.0000000000,800.0000000000,1,150.0000000000,nan,54.8468552113,0.0000000000
limite_fonte,789,54.8468552113,150.0000000000,150.0000000000,950.0000000000,800.0000000000,1,150.0000000000,nan,54.8380832814,0.0000000000
limite_fonte,790,54.8380832814,150.0000000000,150.0000000000,950.0000000000,800.0000000000,1,150.0000000000,nan,54.8293113516,0.0000000000
limite_fonte,791,54.8293113516,150.0000000000,150.0000000000,950.0000000000,800.0000000000,1,150.0000000000,nan,54.8205394218,0.0000000000
limite_fonte,792,54.8205394218,150.0000000000,150.0000000000,950.0000000000,800.0000000000,1,150.0000000000,nan,54.8117674920,0.0000000000
limite_fonte,793,54.8117674920,150.0000000000,150.0000000000,950.0000000000,800.0000000000,1,150.0000000000,nan,54.8029955621,0.0000000000
limite_fonte,794,54.8029955621,150.0000000000,150.0000000000,950.0000000000,800.0000000000,1,150.0000000000,nan,54.7942236323,0.0000000000
limite_fonte,795,54.7942236323,150.0000000000,150.0000000000,950.0000000000,800.0000000000,1,150.0000000000,nan,54.7854517025,0.0000000000
limite_fonte,796,54.7854517025,150.0000000000,150.0000000000,950.0000000000,800.0000000000,1,150.0000000000,nan,54.7766797727,0.0000000000
limite_fonte,797,54.7766797727,150.0000000000,150.0000000000,950.0000000000,800.0000000000,1,150.0000000000,nan,54.7679078428,0.0000000000
limite_fonte,798,54.7679078428,150.0000000000,150.0000000000,950.0000000000,800.0000000000,1,150.0000000000,nan,54.7591359130,0.0000000000
limite_fonte,799,54.7591359130,150.0000000000,150.0000000000,950.0000000000,800.0000000000,1,150.0000000000,nan,54.7503639832,0.0000000000
limite_fonte,800,54.7503639832,150.0000000000,150.0000000000,950.0000000000,800.0000000000,1,150.0000000000,nan,54.7415920534,0.0000000000
limite_fonte,801,54.7415920534,150.0000000000,150.0000000000,950.0000000000,800.0000000000,1,150.0000000000,nan,54.7328201235,0.0000000000
limite_fonte,802,54.7328201235,150.0000000000,150.0000000000,950.0000000000,800.0000000000,1,150.0000000000,nan,54.7240481937,0.0000000000
limite_fonte,803,54.7240481937,150.0000000000,150.0000000000,950.0000000000,800.0000000000,1,150.0000000000,nan,54.7152762639,0.0000000000
limite_fonte,804,54.7152762639,150.0000000000,150.0000000000,950.0000000000,800.0000000000,1,150.0000000000,nan,54.7065043341,0.0000000000
limite_fonte,805,54.7065043341,150.0000000000,150.0000000000,950.0000000000,800.0000000000,1,150.0000000000,nan,54.6977324042,0.0000000000
limite_fonte,806,54.6977324042,150.0000000000,150.0000000000,950.0000000000,800.0000000000,1,150.0000000000,nan,54.6889604744,0.0000000000
limite_fonte,807,54.6889604744,150.0000000000,150.0000000000,950.0000000000,800.0000000000,1,150.0000000000,nan,54.6801885446,0.0000000000
limite_fonte,808,54.6801885446,150.0000000000,150.0000000000,950.0000000000,800.0000000000,1,150.0000000000,nan,54.6714166148,0.0000000000
limite_fonte,809,54.6714166148,150.0000000000,150.0000000000,950.0000000000,800.0000000000,1,150.0000000000,nan,54.6626446849,0.0000000000
limite_fonte,810,54.6626446849,150.0000000000,150.0000000000,950.0000000000,800.0000000000,1,150.0000000000,nan,54.6538727551,0.0000000000
limite_fonte,811,54.6538727551,150.0000000000,150.0000000000,950.0000000000,800.0000000000,1,150.0000000000,nan,54.6451008253,0.0000000000
limite_fonte,812,54.6451008253,150.0000000000,150.0000000000,950.0000000000,800.0000000000,1,150.0000000000,nan,54.6363288955,0.0000000000
limite_fonte,813,54.6363288955,150.0000000000,150.0000000000,950.0000000000,800.0000000000,1,150.0000000000,nan,54.6275569656,0.0000000000
limite_fonte,814,54.6275569656,150.0000000000,150.0000000000,950.0000000000,800.0000000000,1,150.0000000000,nan,54.6187850358,0.0000000000
limite_fonte,815,54.6187850358,150.0000000000,150.0000000000,950.0000000000,800.0000000000,1,150.0000000000,nan,54.6100131060,0.0000000000
limite_fonte,816,54.6100131060,150.0000000000,150.0000000000,950.0000000000,800.0000000000,1,150.0000000000,nan,54.6012411762,0.0000000000
limite_fonte,817,54.6012411762,150.0000000000,150.0000000000,950.0000000000,800.0000000000,1,150.0000000000,nan,54.5924692463,0.0000000000
limite_fonte,818,54.5924692463,150.0000000000,150.0000000000,950.0000000000,800.0000000000,1,150.0000000000,nan,54.5836973165,0.0000000000
limite_fonte,819,54.5836973165,150.0000000000,150.0000000000,950.0000000000,800.0000000000,1,150.0000000000,nan,54.5749253867,0.0000000000
limite_fonte,820,54.5749253867,150.0000000000,150.0000000000,950.0000000000,800.0000000000,1,150.0000000000,nan,54.5661534569,0.0000000000
limite_fonte,821,54.5661534569,150.0000000000,150.0000000000,950.0000000000,800.0000000000,1,150.0000000000,nan,54.5573815270,0.0000000000
limite_fonte,822,54.5573815270,150.0000000000,150.0000000000,950.0000000000,800.0000000000,1,150.0000000000,nan,54.5486095972,0.0000000000
limite_fonte,823,54.5486095972,150.0000000000,150.0000000000,950.0000000000,800.0000000000,1,150.0000000000,nan,54.5398376674,0.0000000000
limite_fonte,824,54.5398376674,150.0000000000,150.0000000000,950.0000000000,800.0000000000,1,150.0000000000,nan,54.5310657376,0.0000000000
limite_fonte,825,54.5310657376,150.0000000000,150.0000000000,950.0000000000,800.0000000000,1,150.0000000000,nan,54.5222938077,0.0000000000
limite_fonte,826,54.5222938077,150.0000000000,150.0000000000,950.0000000000,800.0000000000,1,150.0000000000,nan,54.5135218779,0.0000000000
limite_fonte,827,54.5135218779,150.0000000000,150.0000000000,950.0000000000,800.0000000000,1,150.0000000000,nan,54.5047499481,0.0000000000
limite_fonte,828,54.5047499481,150.0000000000,150.0000000000,950.0000000000,800.0000000000,1,150.0000000000,nan,54.4959780183,0.0000000000
limite_fonte,829,54.4959780183,150.0000000000,150.0000000000,950.0000000000,800.0000000000,1,150.0000000000,nan,54.4872060884,0.0000000000
limite_fonte,830,54.4872060884,150.0000000000,150.0000000000,950.0000000000,800.0000000000,1,150.0000000000,nan,54.4784341586,0.0000000000
limite_fonte,831,54.4784341586,150.0000000000,150.0000000000,950.0000000000,800.0000000000,1,150.0000000000,nan,54.4696622288,0.0000000000
limite_fonte,832,54.4696622288,150.0000000000,150.0000000000,950.0000000000,800.0000000000,1,150.0000000000,nan,54.4608902990,0.0000000000
limite_fonte,833,54.4608902990,150.0000000000,150.0000000000,950.0000000000,800.0000000000,1,150.0000000000,nan,54.4521183691,0.0000000000
limite_fonte,834,54.4521183691,150.0000000000,150.0000000000,950.0000000000,800.0000000000,1,150.0000000000,nan,54.4433464393,0.0000000000
limite_fonte,835,54.4433464393,150.0000000000,150.0000000000,950.0000000000,800.0000000000,1,150.0000000000,nan,54.4345745095,0.0000000000
limite_fonte,836,54.4345745095,150.0000000000,150.0000000000,950.0000000000,800.0000000000,1,150.0000000000,nan,54.4258025797,0.0000000000
limite_fonte,837,54.4258025797,150.0000000000,150.0000000000,950.0000000000,800.0000000000,1,150.0000000000,nan,54.4170306498,0.0000000000
limite_fonte,838,54.4170306498,150.0000000000,150.0000000000,950.0000000000,800.0000000000,1,150.0000000000,nan,54.4082587200,0.0000000000
limite_fonte,839,54.4082587200,150.0000000000,150.0000000000,950.0000000000,800.0000000000,1,150.0000000000,nan,54.3994867902,0.0000000000
limite_fonte,840,54.3994867902,150.0000000000,150.0000000000,950.0000000000,800.0000000000,1,150.0000000000,nan,54.3907148604,0.0000000000
limite_fonte,841,54.3907148604,150.0000000000,150.0000000000,950.0000000000,800.0000000000,1,150.0000000000,nan,54.3819429305,0.0000000000
limite_fonte,842,54.3819429305,150.0000000000,150.0000000000,950.0000000000,800.0000000000,1,150.0000000000,nan,54.3731710007,0.0000000000
limite_fonte,843,54.3731710007,150.0000000000,150.0000000000,950.0000000000,800.0000000000,1,150.0000000000,nan,54.3643990709,0.0000000000
limite_fonte,844,54.3643990709,150.0000000000,150.0000000000,950.0000000000,800.0000000000,1,150.0000000000,nan,54.3556271411,0.0000000000
limite_fonte,845,54.3556271411,150.0000000000,150.0000000000,950.0000000000,800.0000000000,1,150.0000000000,nan,54.3468552113,0.0000000000
limite_fonte,846,54.3468552113,150.0000000000,150.0000000000,950.0000000000,800.0000000000,1,150.0000000000,nan,54.3380832814,0.0000000000
limite_fonte,847,54.3380832814,150.0000000000,150.0000000000,950.0000000000,800.0000000000,1,150.0000000000,nan,54.3293113516,0.0000000000
limite_fonte,848,54.3293113516,150.0000000000,150.0000000000,950.0000000000,800.0000000000,1,150.0000000000,nan,54.3205394218,0.0000000000
limite_fonte,849,54.3205394218,150.0000000000,150.0000000000,950.0000000000,800.0000000000,1,150.0000000000,nan,54.3117674920,0.0000000000
limite_fonte,850,54.3117674920,150.0000000000,150.0000000000,950.0000000000,800.0000000000,1,150.0000000000,nan,54.3029955621,0.0000000000
limite_fonte,851,54.3029955621,150.0000000000,150.0000000000,950.0000000000,800.0000000000,1,150.0000000000,nan,54.2942236323,0.0000000000
limite_fonte,852,54.2942236323,150.0000000000,150.0000000000,950.0000000000,800.0000000000,1,150.0000000000,nan,54.2854517025,0.0000000000
limite_fonte,853,54.2854517025,150.0000000000,150.0000000000,950.0000000000,800.0000000000,1,150.0000000000,nan,54.2766797727,0.0000000000
limite_fonte,854,54.2766797727,150.0000000000,150.0000000000,950.0000000000,800.0000000000,1,150.0000000000,nan,54.2679078428,0.0000000000
limite_fonte,855,54.2679078428,150.0000000000,150.0000000000,950.0000000000,800.0000000000,1,150.0000000000,nan,54.2591359130,0.0000000000
limite_fonte,856,54.2591359130,150.0000000000,150.0000000000,950.0000000000,800.0000000000,1,150.0000000000,nan,54.2503639832,0.0000000000
limite_fonte,857,54.2503639832,150.0000000000,150.0000000000,950.0000000000,800.0000000000,1,150.0000000000,nan,54.2415920534,0.0000000000
limite_fonte,858,54.2415920534,150.0000000000,150.0000000000,950.0000000000,800.0000000000,1,150.0000000000,nan,54.2328201235,0.0000000000
limite_fonte,859,54.2328201235,150.0000000000,150.0000000000,950.0000000000,800.0000000000,1,150.0000000000,nan,54.2240481937,0.0000000000
limite_fonte,860,54.2240481937,150.0000000000,150.0000000000,950.0000000000,800.0000000000,1,150.0000000000,nan,54.2152762639,0.0000000000
limite_fonte,861,54.2152762639,150.0000000000,150.0000000000,950.0000000000,800.0000000000,1,150.0000000000,nan,54.2065043341,0.0000000000
limite_fonte,862,54.2065043341,150.0000000000,150.0000000000,950.0000000000,800.0000000000,1,150.0000000000,nan,54.1977324042,0.0000000000
limite_fonte,863,54.1977324042,150.0000000000,150.0000000000,950.0000000000,800.0000000000,1,150.0000000000,nan,54.1889604744,0.0000000000
limite_fonte,864,54.1889604744,150.0000000000,150.0000000000,950.0000000000,800.0000000000,1,150.0000000000,nan,54.1801885446,0.0000000000
limite_fonte,865,54.1801885446,150.0000000000,150.0000000000,950.0000000000,800.0000000000,1,150.0000000000,nan,54.1714166148,0.0000000000
limite_fonte,866,54.1714166148,150.0000000000,150.0000000000,950.0000000000,800.0000000000,1,150.0000000000,nan,54.1626446849,0.0000000000
limite_fonte,867,54.1626446849,150.0000000000,150.0000000000,950.0000000000,800.0000000000,1,150.0000000000,nan,54.1538727551,0.0000000000
limite_fonte,868,54.1538727551,150.0000000000,150.0000000000,950.0000000000,800.0000000000,1,150.0000000000,nan,54.1451008253,0.0000000000
limite_fonte,869,54.1451008253,150.0000000000,150.0000000000,950.0000000000,800.0000000000,1,150.0000000000,nan,54.1363288955,0.0000000000
limite_fonte,870,54.1363288955,150.0000000000,150.0000000000,950.0000000000,800.0000000000,1,150.0000000000,nan,54.1275569656,0.0000000000
limite_fonte,871,54.1275569656,150.0000000000,150.0000000000,950.0000000000,800.0000000000,1,150.0000000000,nan,54.1187850358,0.0000000000
limite_fonte,872,54.1187850358,150.0000000000,150.0000000000,950.0000000000,800.0000000000,1,150.0000000000,nan,54.1100131060,0.0000000000
limite_fonte,873,54.1100131060,150.0000000000,150.0000000000,950.0000000000,800.0000000000,1,150.0000000000,nan,54.1012411762,0.0000000000
limite_fonte,874,54.1012411762,150.0000000000,150.0000000000,950.0000000000,800.0000000000,1,150.0000000000,nan,54.0924692463,0.0000000000
limite_fonte,875,54.0924692463,150.0000000000,150.0000000000,950.0000000000,800.0000000000,1,150.0000000000,nan,54.0836973165,0.0000000000
limite_fonte,876,54.0836973165,150.0000000000,150.0000000000,950.0000000000,800.0000000000,1,150.0000000000,nan,54.0749253867,0.0000000000
limite_fonte,877,54.0749253867,150.0000000000,150.0000000000,950.0000000000,800.0000000000,1,150.0000000000,nan,54.0661534569,0.0000000000
limite_fonte,878,54.0661534569,150.0000000000,150.0000000000,950.0000000000,800.0000000000,1,150.0000000000,nan,54.0573815270,0.0000000000
limite_fonte,879,54.0573815270,150.0000000000,150.0000000000,950.0000000000,800.0000000000,1,150.0000000000,nan,54.0486095972,0.0000000000
limite_fonte,880,54.0486095972,150.0000000000,150.0000000000,950.0000000000,800.0000000000,1,150.0000000000,nan,54.0398376674,0.0000000000
limite_fonte,881,54.0398376674,150.0000000000,150.0000000000,950.0000000000,800.0000000000,1,150.0000000000,nan,54.0310657376,0.0000000000
limite_fonte,882,54.0310657376,150.0000000000,150.0000000000,950.0000000000,800.0000000000,1,150.0000000000,nan,54.0222938077,0.0000000000
limite_fonte,883,54.0222938077,150.0000000000,150.0000000000,950.0000000000,800.0000000000,1,150.0000000000,nan,54.0135218779,0.0000000000
limite_fonte,884,54.0135218779,150.0000000000,150.0000000000,950.0000000000,800.0000000000,1,150.0000000000,nan,54.0047499481,0.0000000000
limite_fonte,885,54.0047499481,150.0000000000,150.0000000000,950.0000000000,800.0000000000,1,150.0000000000,nan,53.9959780183,0.0000000000
limite_fonte,886,53.9959780183,150.0000000000,150.0000000000,950.0000000000,800.0000000000,1,150.0000000000,nan,53.9872060884,0.0000000000
limite_fonte,887,53.9872060884,150.0000000000,150.0000000000,950.0000000000,800.0000000000,1,150.0000000000,nan,53.9784341586,0.0000000000
limite_fonte,888,53.9784341586,150.0000000000,150.0000000000,950.0000000000,800.0000000000,1,150.0000000000,nan,53.9696622288,0.0000000000
limite_fonte,889,53.9696622288,150.0000000000,150.0000000000,950.0000000000,800.0000000000,1,150.0000000000,nan,53.9608902990,0.0000000000
limite_fonte,890,53.9608902990,150.0000000000,150.0000000000,950.0000000000,800.0000000000,1,150.0000000000,nan,53.9521183691,0.0000000000
limite_fonte,891,53.9521183691,150.0000000000,150.0000000000,950.0000000000,800.0000000000,1,150.0000000000,nan,53.9433464393,0.0000000000
limite_fonte,892,53.9433464393,150.0000000000,150.0000000000,950.0000000000,800.0000000000,1,150.0000000000,nan,53.9345745095,0.0000000000
limite_fonte,893,53.9345745095,150.0000000000,150.0000000000,950.0000000000,800.0000000000,1,150.0000000000,nan,53.9258025797,0.0000000000
limite_fonte,894,53.9258025797,150.0000000000,150.0000000000,950.0000000000,800.0000000000,1,150.0000000000,nan,53.9170306498,0.0000000000
limite_fonte,895,53.9170306498,150.0000000000,150.0000000000,950.0000000000,800.0000000000,1,150.0000000000,nan,53.9082587200,0.0000000000
limite_fonte,896,53.9082587200,150.0000000000,150.0000000000,950.0000000000,800.0000000000,1,150.0000000000,nan,53.8994867902,0.0000000000
limite_fonte,897,53.8994867902,150.0000000000,150.0000000000,950.0000000000,800.0000000000,1,150.0000000000,nan,53.8907148604,0.0000000000
limite_fonte,898,53.8907148604,150.0000000000,150.0000000000,950.0000000000,800.0000000000,1,150.0000000000,nan,53.8819429305,0.0000000000
limite_fonte,899,53.8819429305,150.0000000000,150.0000000000,950.0000000000,800.0000000000,1,150.0000000000,nan,53.8731710007,0.0000000000
limite_fonte,900,53.8731710007,150.0000000000,150.0000000000,950.0000000000,800.0000000000,1,150.0000000000,nan,53.8643990709,0.0000000000
limite_fonte,901,53.8643990709,150.0000000000,150.0000000000,950.0000000000,800.0000000000,1,150.0000000000,nan,53.8556271411,0.0000000000
limite_fonte,902,53.8556271411,150.0000000000,150.0000000000,950.0000000000,800.0000000000,1,150.0000000000,nan,53.8468552113,0.0000000000
limite_fonte,903,53.8468552113,150.0000000000,150.0000000000,950.0000000000,800.0000000000,1,150.0000000000,nan,53.8380832814,0.0000000000
limite_fonte,904,53.8380832814,150.0000000000,150.0000000000,950.0000000000,800.0000000000,1,150.0000000000,nan,53.8293113516,0.0000000000
limite_fonte,905,53.8293113516,150.0000000000,150.0000000000,950.0000000000,800.0000000000,1,150.0000000000,nan,53.8205394218,0.0000000000
limite_fonte,906,53.8205394218,150.0000000000,150.0000000000,950.0000000000,800.0000000000,1,150.0000000000,nan,53.8117674920,0.0000000000
limite_fonte,907,53.8117674920,150.0000000000,150.0000000000,950.0000000000,800.0000000000,1,150.0000000000,nan,53.8029955621,0.0000000000
limite_fonte,908,53.8029955621,150.0000000000,150.0000000000,950.0000000000,800.0000000000,1,150.0000000000,nan,53.7942236323,0.0000000000
limite_fonte,909,53.7942236323,150.0000000000,150.0000000000,950.0000000000,800.0000000000,1,150.0000000000,nan,53.7854517025,0.0000000000
limite_fonte,910,53.7854517025,150.0000000000,150.0000000000,950.0000000000,800.0000000000,1,150.0000000000,nan,53.7766797727,0.0000000000
limite_fonte,911,53.7766797727,150.0000000000,150.0000000000,950.0000000000,800.0000000000,1,150.0000000000,nan,53.7679078428,0.0000000000
limite_fonte,912,53.7679078428,150.0000000000,150.0000000000,950.0000000000,800.0000000000,1,150.0000000000,nan,53.7591359130,0.0000000000
limite_fonte,913,53.7591359130,150.0000000000,150.0000000000,950.0000000000,800.0000000000,1,150.0000000000,nan,53.7503639832,0.0000000000
limite_fonte,914,53.7503639832,150.0000000000,150.0000000000,950.0000000000,800.0000000000,1,150.0000000000,nan,53.7415920534,0.0000000000
limite_fonte,915,53.7415920534,150.0000000000,150.0000000000,950.0000000000,800.0000000000,1,150.0000000000,nan,53.7328201235,0.0000000000
limite_fonte,916,53.7328201235,150.0000000000,150.0000000000,950.0000000000,800.0000000000,1,150.0000000000,nan,53.7240481937,0.0000000000
limite_fonte,917,53.7240481937,150.0000000000,150.0000000000,950.0000000000,800.0000000000,1,150.0000000000,nan,53.7152762639,0.0000000000
limite_fonte,918,53.7152762639,150.0000000000,150.0000000000,950.0000000000,800.0000000000,1,150.0000000000,nan,53.7065043341,0.0000000000
limite_fonte,919,53.7065043341,150.0000000000,150.0000000000,950.0000000000,800.0000000000,1,150.0000000000,nan,53.6977324042,0.0000000000
limite_fonte,920,53.6977324042,150.0000000000,150.0000000000,950.0000000000,800.0000000000,1,150.0000000000,nan,53.6889604744,0.0000000000
limite_fonte,921,53.6889604744,150.0000000000,150.0000000000,950.0000000000,800.0000000000,1,150.0000000000,nan,53.6801885446,0.0000000000
limite_fonte,922,53.6801885446,150.0000000000,150.0000000000,950.0000000000,800.0000000000,1,150.0000000000,nan,53.6714166148,0.0000000000
limite_fonte,923,53.6714166148,150.0000000000,150.0000000000,950.0000000000,800.0000000000,1,150.0000000000,nan,53.6626446849,0.0000000000
limite_fonte,924,53.6626446849,150.0000000000,150.0000000000,950.0000000000,800.0000000000,1,150.0000000000,nan,53.6538727551,0.0000000000
limite_fonte,925,53.6538727551,150.0000000000,150.0000000000,950.0000000000,800.0000000000,1,150.0000000000,nan,53.6451008253,0.0000000000
limite_fonte,926,53.6451008253,150.0000000000,150.0000000000,950.0000000000,800.0000000000,1,150.0000000000,nan,53.6363288955,0.0000000000
limite_fonte,927,53.6363288955,150.0000000000,150.0000000000,950.0000000000,800.0000000000,1,150.0000000000,nan,53.6275569656,0.0000000000
limite_fonte,928,53.6275569656,150.0000000000,150.0000000000,950.0000000000,800.0000000000,1,150.0000000000,nan,53.6187850358,0.0000000000
limite_fonte,929,53.6187850358,150.0000000000,150.0000000000,950.0000000000,800.0000000000,1,150.0000000000,nan,53.6100131060,0.0000000000
limite_fonte,930,53.6100131060,150.0000000000,150.0000000000,950.0000000000,800.0000000000,1,150.0000000000,nan,53.6012411762,0.0000000000
limite_fonte,931,53.6012411762,150.0000000000,150.0000000000,950.0000000000,800.0000000000,1,150.0000000000,nan,53.5924692463,0.0000000000
limite_fonte,932,53.5924692463,150.0000000000,150.0000000000,950.0000000000,800.0000000000,1,150.0000000000,nan,53.5836973165,0.0000000000
limite_fonte,933,53.5836973165,150.0000000000,150.0000000000,950.0000000000,800.0000000000,1,150.0000000000,nan,53.5749253867,0.0000000000
limite_fonte,934,53.5749253867,150.0000000000,150.0000000000,950.0000000000,800.0000000000,1,150.0000000000,nan,53.5661534569,0.0000000000
limite_fonte,935,53.5661534569,150.0000000000,150.0000000000,950.0000000000,800.0000000000,1,150.0000000000,nan,53.5573815270,0.0000000000
limite_fonte,936,53.5573815270,150.0000000000,150.0000000000,950.0000000000,800.0000000000,1,150.0000000000,nan,53.5486095972,0.0000000000
limite_fonte,937,53.5486095972,150.0000000000,150.0000000000,950.0000000000,800.0000000000,1,150.0000000000,nan,53.5398376674,0.0000000000
limite_fonte,938,53.5398376674,150.0000000000,150.0000000000,950.0000000000,800.0000000000,1,150.0000000000,nan,53.5310657376,0.0000000000
limite_fonte,939,53.5310657376,150.0000000000,150.0000000000,950.0000000000,800.0000000000,1,150.0000000000,nan,53.5222938077,0.0000000000
limite_fonte,940,53.5222938077,150.0000000000,150.0000000000,950.0000000000,800.0000000000,1,150.0000000000,nan,53.5135218779,0.0000000000
limite_fonte,941,53.5135218779,150.0000000000,150.0000000000,950.0000000000,800.0000000000,1,150.0000000000,nan,53.5047499481,0.0000000000
limite_fonte,942,53.5047499481,150.0000000000,150.0000000000,950.0000000000,800.0000000000,1,150.0000000000,nan,53.4959780183,0.0000000000
limite_fonte,943,53.4959780183,150.0000000000,150.0000000000,950.0000000000,800.0000000000,1,150.0000000000,nan,53.4872060884,0.0000000000
limite_fonte,944,53.4872060884,150.0000000000,150.0000000000,950.0000000000,800.0000000000,1,150.0000000000,nan,53.4784341586,0.0000000000
limite_fonte,945,53.4784341586,150.0000000000,150.0000000000,950.0000000000,800.0000000000,1,150.0000000000,nan,53.4696622288,0.0000000000
limite_fonte,946,53.4696622288,150.0000000000,150.0000000000,950.0000000000,800.0000000000,1,150.0000000000,nan,53.4608902990,0.0000000000
limite_fonte,947,53.4608902990,150.0000000000,150.0000000000,950.0000000000,800.0000000000,1,150.0000000000,nan,53.4521183691,0.0000000000
limite_fonte,948,53.4521183691,150.0000000000,150.0000000000,950.0000000000,800.0000000000,1,150.0000000000,nan,53.4433464393,0.0000000000
limite_fonte,949,53.4433464393,150.0000000000,150.0000000000,950.0000000000,800.0000000000,1,150.0000000000,nan,53.4345745095,0.0000000000
limite_fonte,950,53.4345745095,150.0000000000,150.0000000000,950.0000000000,800.0000000000,1,150.0000000000,nan,53.4258025797,0.0000000000
limite_fonte,951,53.4258025797,150.0000000000,150.0000000000,950.0000000000,800.0000000000,1,150.0000000000,nan,53.4170306498,0.0000000000
limite_fonte,952,53.4170306498,150.0000000000,150.0000000000,950.0000000000,800.0000000000,1,150.0000000000,nan,53.4082587200,0.0000000000
limite_fonte,953,53.4082587200,150.0000000000,150.0000000000,950.0000000000,800.0000000000,1,150.0000000000,nan,53.3994867902,0.0000000000
limite_fonte,954,53.3994867902,150.0000000000,150.0000000000,950.0000000000,800.0000000000,1,150.0000000000,nan,53.3907148604,0.0000000000
limite_fonte,955,53.3907148604,150.0000000000,150.0000000000,950.0000000000,800.0000000000,1,150.0000000000,nan,53.3819429305,0.0000000000
limite_fonte,956,53.3819429305,150.0000000000,150.0000000000,950.0000000000,800.0000000000,1,150.0000000000,nan,53.3731710007,0.0000000000
limite_fonte,957,53.3731710007,150.0000000000,150.0000000000,950.0000000000,800.0000000000,1,150.0000000000,nan,53.3643990709,0.0000000000
limite_fonte,958,53.3643990709,150.0000000000,150.0000000000,950.0000000000,800.0000000000,1,150.0000000000,nan,53.3556271411,0.0000000000
limite_fonte,959,53.3556271411,150.0000000000,150.0000000000,950.0000000000,800.0000000000,1,150.0000000000,nan,53.3468552113,0.0000000000
limite_fonte,960,53.3468552113,150.0000000000,150.0000000000,950.0000000000,800.0000000000,1,150.0000000000,nan,53.3380832814,0.0000000000
limite_fonte,961,53.3380832814,150.0000000000,150.0000000000,950.0000000000,800.0000000000,1,150.0000000000,nan,53.3293113516,0.0000000000
limite_fonte,962,53.3293113516,150.0000000000,150.0000000000,950.0000000000,800.0000000000,1,150.0000000000,nan,53.3205394218,0.0000000000
limite_fonte,963,53.3205394218,150.0000000000,150.0000000000,950.0000000000,800.0000000000,1,150.0000000000,nan,53.3117674920,0.0000000000
limite_fonte,964,53.3117674920,150.0000000000,150.0000000000,950.0000000000,800.0000000000,1,150.0000000000,nan,53.3029955621,0.0000000000
limite_fonte,965,53.3029955621,150.0000000000,150.0000000000,950.0000000000,800.0000000000,1,150.0000000000,nan,53.2942236323,0.0000000000
limite_fonte,966,53.2942236323,150.0000000000,150.0000000000,950.0000000000,800.0000000000,1,150.0000000000,nan,53.2854517025,0.0000000000
limite_fonte,967,53.2854517025,150.0000000000,150.0000000000,950.0000000000,800.0000000000,1,150.0000000000,nan,53.2766797727,0.0000000000
limite_fonte,968,53.2766797727,150.0000000000,150.0000000000,950.0000000000,800.0000000000,1,150.0000000000,nan,53.2679078428,0.0000000000
limite_fonte,969,53.2679078428,150.0000000000,150.0000000000,950.0000000000,800.0000000000,1,150.0000000000,nan,53.2591359130,0.0000000000
limite_fonte,970,53.2591359130,150.0000000000,150.0000000000,950.0000000000,800.0000000000,1,150.0000000000,nan,53.2503639832,0.0000000000
limite_fonte,971,53.2503639832,150.0000000000,150.0000000000,950.0000000000,800.0000000000,1,150.0000000000,nan,53.2415920534,0.0000000000
limite_fonte,972,53.2415920534,150.0000000000,150.0000000000,950.0000000000,800.0000000000,1,150.0000000000,nan,53.2328201235,0.0000000000
limite_fonte,973,53.2328201235,150.0000000000,150.0000000000,950.0000000000,800.0000000000,1,150.0000000000,nan,53.2240481937,0.0000000000
limite_fonte,974,53.2240481937,150.0000000000,150.0000000000,950.0000000000,800.0000000000,1,150.0000000000,nan,53.2152762639,0.0000000000
limite_fonte,975,53.2152762639,150.0000000000,150.0000000000,950.0000000000,800.0000000000,1,150.0000000000,nan,53.2065043341,0.0000000000
limite_fonte,976,53.2065043341,150.0000000000,150.0000000000,950.0000000000,800.0000000000,1,150.0000000000,nan,53.1977324042,0.0000000000
limite_fonte,977,53.1977324042,150.0000000000,150.0000000000,950.0000000000,800.0000000000,1,150.0000000000,nan,53.1889604744,0.0000000000
limite_fonte,978,53.1889604744,150.0000000000,150.0000000000,950.0000000000,800.0000000000,1,150.0000000000,nan,53.1801885446,0.0000000000
limite_fonte,979,53.1801885446,150.0000000000,150.0000000000,950.0000000000,800.0000000000,1,150.0000000000,nan,53.1714166148,0.0000000000
limite_fonte,980,53.1714166148,150.0000000000,150.0000000000,950.0000000000,800.0000000000,1,150.0000000000,nan,53.1626446849,0.0000000000
limite_fonte,981,53.1626446849,150.0000000000,150.0000000000,950.0000000000,800.0000000000,1,150.0000000000,nan,53.1538727551,0.0000000000
limite_fonte,982,53.1538727551,150.0000000000,150.0000000000,950.0000000000,800.0000000000,1,150.0000000000,nan,53.1451008253,0.0000000000
limite_fonte,983,53.1451008253,150.0000000000,150.0000000000,950.0000000000,800.0000000000,1,150.0000000000,nan,53.1363288955,0.0000000000
limite_fonte,984,53.1363288955,150.0000000000,150.0000000000,950.0000000000,800.0000000000,1,150.0000000000,nan,53.1275569656,0.0000000000
limite_fonte,985,53.1275569656,150.0000000000,150.0000000000,950.0000000000,800.0000000000,1,150.0000000000,nan,53.1187850358,0.0000000000
limite_fonte,986,53.1187850358,150.0000000000,150.0000000000,950.0000000000,800.0000000000,1,150.0000000000,nan,53.1100131060,0.0000000000
limite_fonte,987,53.1100131060,150.0000000000,150.0000000000,950.0000000000,800.0000000000,1,150.0000000000,nan,53.1012411762,0.0000000000
limite_fonte,988,53.1012411762,150.0000000000,150.0000000000,950.0000000000,800.0000000000,1,150.0000000000,nan,53.0924692463,0.0000000000
limite_fonte,989,53.0924692463,150.0000000000,150.0000000000,950.0000000000,800.0000000000,1,150.0000000000,nan,53.0836973165,0.0000000000
limite_fonte,990,53.0836973165,150.0000000000,150.0000000000,950.0000000000,800.0000000000,1,150.0000000000,nan,53.0749253867,0.0000000000
limite_fonte,991,53.0749253867,150.0000000000,150.0000000000,950.0000000000,800.0000000000,1,150.0000000000,nan,53.0661534569,0.0000000000
limite_fonte,992,53.0661534569,150.0000000000,150.0000000000,950.0000000000,800.0000000000,1,150.0000000000,nan,53.0573815270,0.0000000000
limite_fonte,993,53.0573815270,150.0000000000,150.0000000000,950.0000000000,800.0000000000,1,150.0000000000,nan,53.0486095972,0.0000000000
limite_fonte,994,53.0486095972,150.0000000000,150.0000000000,950.0000000000,800.0000000000,1,150.0000000000,nan,53.0398376674,0.0000000000
limite_fonte,995,53.0398376674,150.0000000000,150.0000000000,950.0000000000,800.0000000000,1,150.0000000000,nan,53.0310657376,0.0000000000
limite_fonte,996,53.0310657376,150.0000000000,150.0000000000,950.0000000000,800.0000000000,1,150.0000000000,nan,53.0222938077,0.0000000000
limite_fonte,997,53.0222938077,150.0000000000,150.0000000000,950.0000000000,800.0000000000,1,150.0000000000,nan,53.0135218779,0.0000000000
limite_fonte,998,53.0135218779,150.0000000000,150.0000000000,950.0000000000,800.0000000000,1,150.0000000000,nan,53.0047499481,0.0000000000
limite_fonte,999,53.0047499481,150.0000000000,150.0000000000,950.0000000000,800.0000000000,1,150.0000000000,nan,52.9959780183,0.0000000000
limite_fonte,1000,52.9959780183,150.0000000000,150.0000000000,950.0000000000,800.0000000000,1,150.0000000000,nan,52.9872060884,0.0000000000
limite_fonte,1001,52.9872060884,150.0000000000,150.0000000000,950.0000000000,800.0000000000,1,150.0000000000,nan,52.9784341586,0.0000000000
limite_fonte,1002,52.9784341586,150.0000000000,150.0000000000,950.0000000000,800.0000000000,1,150.0000000000,nan,52.9696622288,0.0000000000
limite_fonte,1003,52.9696622288,150.0000000000,150.0000000000,950.0000000000,800.0000000000,1,150.0000000000,nan,52.9608902990,0.0000000000
limite_fonte,1004,52.9608902990,150.0000000000,150.0000000000,950.0000000000,800.0000000000,1,150.0000000000,nan,52.9521183691,0.0000000000
limite_fonte,1005,52.9521183691,150.0000000000,150.0000000000,950.0000000000,800.0000000000,1,150.0000000000,nan,52.9433464393,0.0000000000
limite_fonte,1006,52.9433464393,150.0000000000,150.0000000000,950.0000000000,800.0000000000,1,150.0000000000,nan,52.9345745095,0.0000000000
limite_fonte,1007,52.9345745095,150.0000000000,150.0000000000,950.0000000000,800.0000000000,1,150.0000000000,nan,52.9258025797,0.0000000000
limite_fonte,1008,52.9258025797,150.0000000000,150.0000000000,950.0000000000,800.0000000000,1,150.0000000000,nan,52.9170306498,0.0000000000
limite_fonte,1009,52.9170306498,150.0000000000,150.0000000000,950.0000000000,800.0000000000,1,150.0000000000,nan,52.9082587200,0.0000000000
limite_fonte,1010,52.9082587200,150.0000000000,150.0000000000,950.0000000000,800.0000000000,1,150.0000000000,nan,52.8994867902,0.0000000000
limite_fonte,1011,52.8994867902,150.0000000000,150.0000000000,950.0000000000,800.0000000000,1,150.0000000000,nan,52.8907148604,0.0000000000
limite_fonte,1012,52.8907148604,150.0000000000,150.0000000000,950.0000000000,800.0000000000,1,150.0000000000,nan,52.8819429305,0.0000000000
limite_fonte,1013,52.8819429305,150.0000000000,150.0000000000,950.0000000000,800.0000000000,1,150.0000000000,nan,52.8731710007,0.0000000000
limite_fonte,1014,52.8731710007,150.0000000000,150.0000000000,950.0000000000,800.0000000000,1,150.0000000000,nan,52.8643990709,0.0000000000
limite_fonte,1015,52.8643990709,150.0000000000,150.0000000000,950.0000000000,800.0000000000,1,150.0000000000,nan,52.8556271411,0.0000000000
limite_fonte,1016,52.8556271411,150.0000000000,150.0000000000,950.0000000000,800.0000000000,1,150.0000000000,nan,52.8468552113,0.0000000000
limite_fonte,1017,52.8468552113,150.0000000000,150.0000000000,950.0000000000,800.0000000000,1,150.0000000000,nan,52.8380832814,0.0000000000
limite_fonte,1018,52.8380832814,150.0000000000,150.0000000000,950.0000000000,800.0000000000,1,150.0000000000,nan,52.8293113516,0.0000000000
limite_fonte,1019,52.8293113516,150.0000000000,150.0000000000,950.0000000000,800.0000000000,1,150.0000000000,nan,52.8205394218,0.0000000000
limite_fonte,1020,52.8205394218,150.0000000000,150.0000000000,950.0000000000,800.0000000000,1,150.0000000000,nan,52.8117674920,0.0000000000
limite_fonte,1021,52.8117674920,150.0000000000,150.0000000000,950.0000000000,800.0000000000,1,150.0000000000,nan,52.8029955621,0.0000000000
limite_fonte,1022,52.8029955621,150.0000000000,150.0000000000,950.0000000000,800.0000000000,1,150.0000000000,nan,52.7942236323,0.0000000000
limite_fonte,1023,52.7942236323,150.0000000000,150.0000000000,950.0000000000,800.0000000000,1,150.0000000000,nan,52.7854517025,0.0000000000
limite_fonte,1024,52.7854517025,150.0000000000,150.0000000000,950.0000000000,800.0000000000,1,150.0000000000,nan,52.7766797727,0.0000000000
limite_fonte,1025,52.7766797727,150.0000000000,150.0000000000,950.0000000000,800.0000000000,1,150.0000000000,nan,52.7679078428,0.0000000000
limite_fonte,1026,52.7679078428,150.0000000000,150.0000000000,950.0000000000,800.0000000000,1,150.0000000000,nan,52.7591359130,0.0000000000
limite_fonte,1027,52.7591359130,150.0000000000,150.0000000000,950.0000000000,800.0000000000,1,150.0000000000,nan,52.7503639832,0.0000000000
limite_fonte,1028,52.7503639832,150.0000000000,150.0000000000,950.0000000000,800.0000000000,1,150.0000000000,nan,52.7415920534,0.0000000000
limite_fonte,1029,52.7415920534,150.0000000000,150.0000000000,950.0000000000,800.0000000000,1,150.0000000000,nan,52.7328201235,0.0000000000
limite_fonte,1030,52.7328201235,150.0000000000,150.0000000000,950.0000000000,800.0000000000,1,150.0000000000,nan,52.7240481937,0.0000000000
limite_fonte,1031,52.7240481937,150.0000000000,150.0000000000,950.0000000000,800.0000000000,1,150.0000000000,nan,52.7152762639,0.0000000000
limite_fonte,1032,52.7152762639,150.0000000000,150.0000000000,950.0000000000,800.0000000000,1,150.0000000000,nan,52.7065043341,0.0000000000
limite_fonte,1033,52.7065043341,150.0000000000,150.0000000000,950.0000000000,800.0000000000,1,150.0000000000,nan,52.6977324042,0.0000000000
limite_fonte,1034,52.6977324042,150.0000000000,150.0000000000,950.0000000000,800.0000000000,1,150.0000000000,nan,52.6889604744,0.0000000000
limite_fonte,1035,52.6889604744,150.0000000000,150.0000000000,950.0000000000,800.0000000000,1,150.0000000000,nan,52.6801885446,0.0000000000
limite_fonte,1036,52.6801885446,150.0000000000,150.0000000000,950.0000000000,800.0000000000,1,150.0000000000,nan,52.6714166148,0.0000000000
limite_fonte,1037,52.6714166148,150.0000000000,150.0000000000,950.0000000000,800.0000000000,1,150.0000000000,nan,52.6626446849,0.0000000000
limite_fonte,1038,52.6626446849,150.0000000000,150.0000000000,950.0000000000,800.0000000000,1,150.0000000000,nan,52.6538727551,0.0000000000
limite_fonte,1039,52.6538727551,150.0000000000,150.0000000000,950.0000000000,800.0000000000,1,150.0000000000,nan,52.6451008253,0.0000000000
limite_fonte,1040,52.6451008253,150.0000000000,150.0000000000,950.0000000000,800.0000000000,1,150.0000000000,nan,52.6363288955,0.0000000000
limite_fonte,1041,52.6363288955,150.0000000000,150.0000000000,950.0000000000,800.0000000000,1,150.0000000000,nan,52.6275569656,0.0000000000
limite_fonte,1042,52.6275569656,150.0000000000,150.0000000000,950.0000000000,800.0000000000,1,150.0000000000,nan,52.6187850358,0.0000000000
limite_fonte,1043,52.6187850358,150.0000000000,150.0000000000,950.0000000000,800.0000000000,1,150.0000000000,nan,52.6100131060,0.0000000000
limite_fonte,1044,52.6100131060,150.0000000000,150.0000000000,950.0000000000,800.0000000000,1,150.0000000000,nan,52.6012411762,0.0000000000
limite_fonte,1045,52.6012411762,150.0000000000,150.0000000000,950.0000000000,800.0000000000,1,150.0000000000,nan,52.5924692463,0.0000000000
limite_fonte,1046,52.5924692463,150.0000000000,150.0000000000,950.0000000000,800.0000000000,1,150.0000000000,nan,52.5836973165,0.0000000000
limite_fonte,1047,52.5836973165,150.0000000000,150.0000000000,950.0000000000,800.0000000000,1,150.0000000000,nan,52.5749253867,0.0000000000
limite_fonte,1048,52.5749253867,150.0000000000,150.0000000000,950.0000000000,800.0000000000,1,150.0000000000,nan,52.5661534569,0.0000000000
limite_fonte,1049,52.5661534569,150.0000000000,150.0000000000,950.0000000000,800.0000000000,1,150.0000000000,nan,52.5573815270,0.0000000000
limite_fonte,1050,52.5573815270,150.0000000000,150.0000000000,950.0000000000,800.0000000000,1,150.0000000000,nan,52.5486095972,0.0000000000
limite_fonte,1051,52.5486095972,150.0000000000,150.0000000000,950.0000000000,800.0000000000,1,150.0000000000,nan,52.5398376674,0.0000000000
limite_fonte,1052,52.5398376674,150.0000000000,150.0000000000,950.0000000000,800.0000000000,1,150.0000000000,nan,52.5310657376,0.0000000000
limite_fonte,1053,52.5310657376,150.0000000000,150.0000000000,950.0000000000,800.0000000000,1,150.0000000000,nan,52.5222938077,0.0000000000
limite_fonte,1054,52.5222938077,150.0000000000,150.0000000000,950.0000000000,800.0000000000,1,150.0000000000,nan,52.5135218779,0.0000000000
limite_fonte,1055,52.5135218779,150.0000000000,150.0000000000,950.0000000000,800.0000000000,1,150.0000000000,nan,52.5047499481,0.0000000000
limite_fonte,1056,52.5047499481,150.0000000000,150.0000000000,950.0000000000,800.0000000000,1,150.0000000000,nan,52.4959780183,0.0000000000
limite_fonte,1057,52.4959780183,150.0000000000,150.0000000000,950.0000000000,800.0000000000,1,150.0000000000,nan,52.4872060884,0.0000000000
limite_fonte,1058,52.4872060884,150.0000000000,150.0000000000,950.0000000000,800.0000000000,1,150.0000000000,nan,52.4784341586,0.0000000000
limite_fonte,1059,52.4784341586,150.0000000000,150.0000000000,950.0000000000,800.0000000000,1,150.0000000000,nan,52.4696622288,0.0000000000
limite_fonte,1060,52.4696622288,150.0000000000,150.0000000000,950.0000000000,800.0000000000,1,150.0000000000,nan,52.4608902990,0.0000000000
limite_fonte,1061,52.4608902990,150.0000000000,150.0000000000,950.0000000000,800.0000000000,1,150.0000000000,nan,52.4521183691,0.0000000000
limite_fonte,1062,52.4521183691,150.0000000000,150.0000000000,950.0000000000,800.0000000000,1,150.0000000000,nan,52.4433464393,0.0000000000
limite_fonte,1063,52.4433464393,150.0000000000,150.0000000000,950.0000000000,800.0000000000,1,150.0000000000,nan,52.4345745095,0.0000000000
limite_fonte,1064,52.4345745095,150.0000000000,150.0000000000,950.0000000000,800.0000000000,1,150.0000000000,nan,52.4258025797,0.0000000000
limite_fonte,1065,52.4258025797,150.0000000000,150.0000000000,950.0000000000,800.0000000000,1,150.0000000000,nan,52.4170306498,0.0000000000
limite_fonte,1066,52.4170306498,150.0000000000,150.0000000000,950.0000000000,800.0000000000,1,150.0000000000,nan,52.4082587200,0.0000000000
limite_fonte,1067,52.4082587200,150.0000000000,150.0000000000,950.0000000000,800.0000000000,1,150.0000000000,nan,52.3994867902,0.0000000000
limite_fonte,1068,52.3994867902,150.0000000000,150.0000000000,950.0000000000,800.0000000000,1,150.0000000000,nan,52.3907148604,0.0000000000
limite_fonte,1069,52.3907148604,150.0000000000,150.0000000000,950.0000000000,800.0000000000,1,150.0000000000,nan,52.3819429305,0.0000000000
limite_fonte,1070,52.3819429305,150.0000000000,150.0000000000,950.0000000000,800.0000000000,1,150.0000000000,nan,52.3731710007,0.0000000000
limite_fonte,1071,52.3731710007,150.0000000000,150.0000000000,950.0000000000,800.0000000000,1,150.0000000000,nan,52.3643990709,0.0000000000
limite_fonte,1072,52.3643990709,150.0000000000,150.0000000000,950.0000000000,800.0000000000,1,150.0000000000,nan,52.3556271411,0.0000000000
limite_fonte,1073,52.3556271411,150.0000000000,150.0000000000,950.0000000000,800.0000000000,1,150.0000000000,nan,52.3468552113,0.0000000000
limite_fonte,1074,52.3468552113,150.0000000000,150.0000000000,950.0000000000,800.0000000000,1,150.0000000000,nan,52.3380832814,0.0000000000
limite_fonte,1075,52.3380832814,150.0000000000,150.0000000000,950.0000000000,800.0000000000,1,150.0000000000,nan,52.3293113516,0.0000000000
limite_fonte,1076,52.3293113516,150.0000000000,150.0000000000,950.0000000000,800.0000000000,1,150.0000000000,nan,52.3205394218,0.0000000000
limite_fonte,1077,52.3205394218,150.0000000000,150.0000000000,950.0000000000,800.0000000000,1,150.0000000000,nan,52.3117674920,0.0000000000
limite_fonte,1078,52.3117674920,150.0000000000,150.0000000000,950.0000000000,800.0000000000,1,150.0000000000,nan,52.3029955621,0.0000000000
limite_fonte,1079,52.3029955621,150.0000000000,150.0000000000,950.0000000000,800.0000000000,1,150.0000000000,nan,52.2942236323,0.0000000000
limite_fonte,1080,52.2942236323,150.0000000000,150.0000000000,950.0000000000,800.0000000000,1,150.0000000000,nan,52.2854517025,0.0000000000
limite_fonte,1081,52.2854517025,150.0000000000,150.0000000000,950.0000000000,800.0000000000,1,150.0000000000,nan,52.2766797727,0.0000000000
limite_fonte,1082,52.2766797727,150.0000000000,150.0000000000,950.0000000000,800.0000000000,1,150.0000000000,nan,52.2679078428,0.0000000000
limite_fonte,1083,52.2679078428,150.0000000000,150.0000000000,950.0000000000,800.0000000000,1,150.0000000000,nan,52.2591359130,0.0000000000
limite_fonte,1084,52.2591359130,150.0000000000,150.0000000000,950.0000000000,800.0000000000,1,150.0000000000,nan,52.2503639832,0.0000000000
limite_fonte,1085,52.2503639832,150.0000000000,150.0000000000,950.0000000000,800.0000000000,1,150.0000000000,nan,52.2415920534,0.0000000000
limite_fonte,1086,52.2415920534,150.0000000000,150.0000000000,950.0000000000,800.0000000000,1,150.0000000000,nan,52.2328201235,0.0000000000
limite_fonte,1087,52.2328201235,150.0000000000,150.0000000000,950.0000000000,800.0000000000,1,150.0000000000,nan,52.2240481937,0.0000000000
limite_fonte,1088,52.2240481937,150.0000000000,150.0000000000,950.0000000000,800.0000000000,1,150.0000000000,nan,52.2152762639,0.0000000000
limite_fonte,1089,52.2152762639,150.0000000000,150.0000000000,950.0000000000,800.0000000000,1,150.0000000000,nan,52.2065043341,0.0000000000
limite_fonte,1090,52.2065043341,150.0000000000,150.0000000000,950.0000000000,800.0000000000,1,150.0000000000,nan,52.1977324042,0.0000000000
limite_fonte,1091,52.1977324042,150.0000000000,150.0000000000,950.0000000000,800.0000000000,1,150.0000000000,nan,52.1889604744,0.0000000000
limite_fonte,1092,52.1889604744,150.0000000000,150.0000000000,950.0000000000,800.0000000000,1,150.0000000000,nan,52.1801885446,0.0000000000
limite_fonte,1093,52.1801885446,150.0000000000,150.0000000000,950.0000000000,800.0000000000,1,150.0000000000,nan,52.1714166148,0.0000000000
limite_fonte,1094,52.1714166148,150.0000000000,150.0000000000,950.0000000000,800.0000000000,1,150.0000000000,nan,52.1626446849,0.0000000000
limite_fonte,1095,52.1626446849,150.0000000000,150.0000000000,950.0000000000,800.0000000000,1,150.0000000000,nan,52.1538727551,0.0000000000
limite_fonte,1096,52.1538727551,150.0000000000,150.0000000000,950.0000000000,800.0000000000,1,150.0000000000,nan,52.1451008253,0.0000000000
limite_fonte,1097,52.1451008253,150.0000000000,150.0000000000,950.0000000000,800.0000000000,1,150.0000000000,nan,52.1363288955,0.0000000000
limite_fonte,1098,52.1363288955,150.0000000000,150.0000000000,950.0000000000,800.0000000000,1,150.0000000000,nan,52.1275569656,0.0000000000
limite_fonte,1099,52.1275569656,150.0000000000,150.0000000000,950.0000000000,800.0000000000,1,150.0000000000,nan,52.1187850358,0.0000000000
limite_fonte,1100,52.1187850358,150.0000000000,150.0000000000,950.0000000000,800.0000000000,1,150.0000000000,nan,52.1100131060,0.0000000000
limite_fonte,1101,52.1100131060,150.0000000000,150.0000000000,950.0000000000,800.0000000000,1,150.0000000000,nan,52.1012411762,0.0000000000
limite_fonte,1102,52.1012411762,150.0000000000,150.0000000000,950.0000000000,800.0000000000,1,150.0000000000,nan,52.0924692463,0.0000000000
limite_fonte,1103,52.0924692463,150.0000000000,150.0000000000,950.0000000000,800.0000000000,1,150.0000000000,nan,52.0836973165,0.0000000000
limite_fonte,1104,52.0836973165,150.0000000000,150.0000000000,950.0000000000,800.0000000000,1,150.0000000000,nan,52.0749253867,0.0000000000
limite_fonte,1105,52.0749253867,150.0000000000,150.0000000000,950.0000000000,800.0000000000,1,150.0000000000,nan,52.0661534569,0.0000000000
limite_fonte,1106,52.0661534569,150.0000000000,150.0000000000,950.0000000000,800.0000000000,1,150.0000000000,nan,52.0573815270,0.0000000000
limite_fonte,1107,52.0573815270,150.0000000000,150.0000000000,950.0000000000,800.0000000000,1,150.0000000000,nan,52.0486095972,0.0000000000
limite_fonte,1108,52.0486095972,150.0000000000,150.0000000000,950.0000000000,800.0000000000,1,150.0000000000,nan,52.0398376674,0.0000000000
limite_fonte,1109,52.0398376674,150.0000000000,150.0000000000,950.0000000000,800.0000000000,1,150.0000000000,nan,52.0310657376,0.0000000000
limite_fonte,1110,52.0310657376,150.0000000000,150.0000000000,950.0000000000,800.0000000000,1,150.0000000000,nan,52.0222938077,0.0000000000
limite_fonte,1111,52.0222938077,150.0000000000,150.0000000000,950.0000000000,800.0000000000,1,150.0000000000,nan,52.0135218779,0.0000000000
limite_fonte,1112,52.0135218779,150.0000000000,150.0000000000,950.0000000000,800.0000000000,1,150.0000000000,nan,52.0047499481,0.0000000000
limite_fonte,1113,52.0047499481,150.0000000000,150.0000000000,950.0000000000,800.0000000000,1,150.0000000000,nan,51.9959780183,0.0000000000
limite_fonte,1114,51.9959780183,150.0000000000,150.0000000000,950.0000000000,800.0000000000,1,150.0000000000,nan,51.9872060884,0.0000000000
limite_fonte,1115,51.9872060884,150.0000000000,150.0000000000,950.0000000000,800.0000000000,1,150.0000000000,nan,51.9784341586,0.0000000000
limite_fonte,1116,51.9784341586,150.0000000000,150.0000000000,950.0000000000,800.0000000000,1,150.0000000000,nan,51.9696622288,0.0000000000
limite_fonte,1117,51.9696622288,150.0000000000,150.0000000000,950.0000000000,800.0000000000,1,150.0000000000,nan,51.9608902990,0.0000000000
limite_fonte,1118,51.9608902990,150.0000000000,150.0000000000,950.0000000000,800.0000000000,1,150.0000000000,nan,51.9521183691,0.0000000000
limite_fonte,1119,51.9521183691,150.0000000000,150.0000000000,950.0000000000,800.0000000000,1,150.0000000000,nan,51.9433464393,0.0000000000
limite_fonte,1120,51.9433464393,150.0000000000,150.0000000000,950.0000000000,800.0000000000,1,150.0000000000,nan,51.9345745095,0.0000000000
limite_fonte,1121,51.9345745095,150.0000000000,150.0000000000,950.0000000000,800.0000000000,1,150.0000000000,nan,51.9258025797,0.0000000000
limite_fonte,1122,51.9258025797,150.0000000000,150.0000000000,950.0000000000,800.0000000000,1,150.0000000000,nan,51.9170306498,0.0000000000
limite_fonte,1123,51.9170306498,150.0000000000,150.0000000000,950.0000000000,800.0000000000,1,150.0000000000,nan,51.9082587200,0.0000000000
limite_fonte,1124,51.9082587200,150.0000000000,150.0000000000,950.0000000000,800.0000000000,1,150.0000000000,nan,51.8994867902,0.0000000000
limite_fonte,1125,51.8994867902,150.0000000000,150.0000000000,950.0000000000,800.0000000000,1,150.0000000000,nan,51.8907148604,0.0000000000
limite_fonte,1126,51.8907148604,150.0000000000,150.0000000000,950.0000000000,800.0000000000,1,150.0000000000,nan,51.8819429305,0.0000000000
limite_fonte,1127,51.8819429305,150.0000000000,150.0000000000,950.0000000000,800.0000000000,1,150.0000000000,nan,51.8731710007,0.0000000000
limite_fonte,1128,51.8731710007,150.0000000000,150.0000000000,950.0000000000,800.0000000000,1,150.0000000000,nan,51.8643990709,0.0000000000
limite_fonte,1129,51.8643990709,150.0000000000,150.0000000000,950.0000000000,800.0000000000,1,150.0000000000,nan,51.8556271411,0.0000000000
limite_fonte,1130,51.8556271411,150.0000000000,150.0000000000,950.0000000000,800.0000000000,1,150.0000000000,nan,51.8468552113,0.0000000000
limite_fonte,1131,51.8468552113,150.0000000000,150.0000000000,950.0000000000,800.0000000000,1,150.0000000000,nan,51.8380832814,0.0000000000
limite_fonte,1132,51.8380832814,150.0000000000,150.0000000000,950.0000000000,800.0000000000,1,150.0000000000,nan,51.8293113516,0.0000000000
limite_fonte,1133,51.8293113516,150.0000000000,150.0000000000,950.0000000000,800.0000000000,1,150.0000000000,nan,51.8205394218,0.0000000000
limite_fonte,1134,51.8205394218,150.0000000000,150.0000000000,950.0000000000,800.0000000000,1,150.0000000000,nan,51.8117674920,0.0000000000
limite_fonte,1135,51.8117674920,150.0000000000,150.0000000000,950.0000000000,800.0000000000,1,150.0000000000,nan,51.8029955621,0.0000000000
limite_fonte,1136,51.8029955621,150.0000000000,150.0000000000,950.0000000000,800.0000000000,1,150.0000000000,nan,51.7942236323,0.0000000000
limite_fonte,1137,51.7942236323,150.0000000000,150.0000000000,950.0000000000,800.0000000000,1,150.0000000000,nan,51.7854517025,0.0000000000
limite_fonte,1138,51.7854517025,150.0000000000,150.0000000000,950.0000000000,800.0000000000,1,150.0000000000,nan,51.7766797727,0.0000000000
limite_fonte,1139,51.7766797727,150.0000000000,150.0000000000,950.0000000000,800.0000000000,1,150.0000000000,nan,51.7679078428,0.0000000000
limite_fonte,1140,51.7679078428,150.0000000000,150.0000000000,950.0000000000,800.0000000000,1,150.0000000000,nan,51.7591359130,0.0000000000
limite_fonte,1141,51.7591359130,150.0000000000,150.0000000000,950.0000000000,800.0000000000,1,150.0000000000,nan,51.7503639832,0.0000000000
limite_fonte,1142,51.7503639832,150.0000000000,150.0000000000,950.0000000000,800.0000000000,1,150.0000000000,nan,51.7415920534,0.0000000000
limite_fonte,1143,51.7415920534,150.0000000000,150.0000000000,950.0000000000,800.0000000000,1,150.0000000000,nan,51.7328201235,0.0000000000
limite_fonte,1144,51.7328201235,150.0000000000,150.0000000000,950.0000000000,800.0000000000,1,150.0000000000,nan,51.7240481937,0.0000000000
limite_fonte,1145,51.7240481937,150.0000000000,150.0000000000,950.0000000000,800.0000000000,1,150.0000000000,nan,51.7152762639,0.0000000000
limite_fonte,1146,51.7152762639,150.0000000000,150.0000000000,950.0000000000,800.0000000000,1,150.0000000000,nan,51.7065043341,0.0000000000
limite_fonte,1147,51.7065043341,150.0000000000,150.0000000000,950.0000000000,800.0000000000,1,150.0000000000,nan,51.6977324042,0.0000000000
limite_fonte,1148,51.6977324042,150.0000000000,150.0000000000,950.0000000000,800.0000000000,1,150.0000000000,nan,51.6889604744,0.0000000000
limite_fonte,1149,51.6889604744,150.0000000000,150.0000000000,950.0000000000,800.0000000000,1,150.0000000000,nan,51.6801885446,0.0000000000
limite_fonte,1150,51.6801885446,150.0000000000,150.0000000000,950.0000000000,800.0000000000,1,150.0000000000,nan,51.6714166148,0.0000000000
limite_fonte,1151,51.6714166148,150.0000000000,150.0000000000,950.0000000000,800.0000000000,1,150.0000000000,nan,51.6626446849,0.0000000000
limite_fonte,1152,51.6626446849,150.0000000000,150.0000000000,950.0000000000,800.0000000000,1,150.0000000000,nan,51.6538727551,0.0000000000
limite_fonte,1153,51.6538727551,150.0000000000,150.0000000000,950.0000000000,800.0000000000,1,150.0000000000,nan,51.6451008253,0.0000000000
limite_fonte,1154,51.6451008253,150.0000000000,150.0000000000,950.0000000000,800.0000000000,1,150.0000000000,nan,51.6363288955,0.0000000000
limite_fonte,1155,51.6363288955,150.0000000000,150.0000000000,950.0000000000,800.0000000000,1,150.0000000000,nan,51.6275569656,0.0000000000
limite_fonte,1156,51.6275569656,150.0000000000,150.0000000000,950.0000000000,800.0000000000,1,150.0000000000,nan,51.6187850358,0.0000000000
limite_fonte,1157,51.6187850358,150.0000000000,150.0000000000,950.0000000000,800.0000000000,1,150.0000000000,nan,51.6100131060,0.0000000000
limite_fonte,1158,51.6100131060,150.0000000000,150.0000000000,950.0000000000,800.0000000000,1,150.0000000000,nan,51.6012411762,0.0000000000
limite_fonte,1159,51.6012411762,150.0000000000,150.0000000000,950.0000000000,800.0000000000,1,150.0000000000,nan,51.5924692463,0.0000000000
limite_fonte,1160,51.5924692463,150.0000000000,150.0000000000,950.0000000000,800.0000000000,1,150.0000000000,nan,51.5836973165,0.0000000000
limite_fonte,1161,51.5836973165,150.0000000000,150.0000000000,950.0000000000,800.0000000000,1,150.0000000000,nan,51.5749253867,0.0000000000
limite_fonte,1162,51.5749253867,150.0000000000,150.0000000000,950.0000000000,800.0000000000,1,150.0000000000,nan,51.5661534569,0.0000000000
limite_fonte,1163,51.5661534569,150.0000000000,150.0000000000,950.0000000000,800.0000000000,1,150.0000000000,nan,51.5573815270,0.0000000000
limite_fonte,1164,51.5573815270,150.0000000000,150.0000000000,950.0000000000,800.0000000000,1,150.0000000000,nan,51.5486095972,0.0000000000
limite_fonte,1165,51.5486095972,150.0000000000,150.0000000000,950.0000000000,800.0000000000,1,150.0000000000,nan,51.5398376674,0.0000000000
limite_fonte,1166,51.5398376674,150.0000000000,150.0000000000,950.0000000000,800.0000000000,1,150.0000000000,nan,51.5310657376,0.0000000000
limite_fonte,1167,51.5310657376,150.0000000000,150.0000000000,950.0000000000,800.0000000000,1,150.0000000000,nan,51.5222938077,0.0000000000
limite_fonte,1168,51.5222938077,150.0000000000,150.0000000000,950.0000000000,800.0000000000,1,150.0000000000,nan,51.5135218779,0.0000000000
limite_fonte,1169,51.5135218779,150.0000000000,150.0000000000,950.0000000000,800.0000000000,1,150.0000000000,nan,51.5047499481,0.0000000000
limite_fonte,1170,51.5047499481,150.0000000000,150.0000000000,950.0000000000,800.0000000000,1,150.0000000000,nan,51.4959780183,0.0000000000
limite_fonte,1171,51.4959780183,150.0000000000,150.0000000000,950.0000000000,800.0000000000,1,150.0000000000,nan,51.4872060884,0.0000000000
limite_fonte,1172,51.4872060884,150.0000000000,150.0000000000,950.0000000000,800.0000000000,1,150.0000000000,nan,51.4784341586,0.0000000000
limite_fonte,1173,51.4784341586,150.0000000000,150.0000000000,950.0000000000,800.0000000000,1,150.0000000000,nan,51.4696622288,0.0000000000
limite_fonte,1174,51.4696622288,150.0000000000,150.0000000000,950.0000000000,800.0000000000,1,150.0000000000,nan,51.4608902990,0.0000000000
limite_fonte,1175,51.4608902990,150.0000000000,150.0000000000,950.0000000000,800.0000000000,1,150.0000000000,nan,51.4521183691,0.0000000000
limite_fonte,1176,51.4521183691,150.0000000000,150.0000000000,950.0000000000,800.0000000000,1,150.0000000000,nan,51.4433464393,0.0000000000
limite_fonte,1177,51.4433464393,150.0000000000,150.0000000000,950.0000000000,800.0000000000,1,150.0000000000,nan,51.4345745095,0.0000000000
limite_fonte,1178,51.4345745095,150.0000000000,150.0000000000,950.0000000000,800.0000000000,1,150.0000000000,nan,51.4258025797,0.0000000000
limite_fonte,1179,51.4258025797,150.0000000000,150.0000000000,950.0000000000,800.0000000000,1,150.0000000000,nan,51.4170306498,0.0000000000
limite_fonte,1180,51.4170306498,150.0000000000,150.0000000000,950.0000000000,800.0000000000,1,150.0000000000,nan,51.4082587200,0.0000000000
limite_fonte,1181,51.4082587200,150.0000000000,150.0000000000,950.0000000000,800.0000000000,1,150.0000000000,nan,51.3994867902,0.0000000000
limite_fonte,1182,51.3994867902,150.0000000000,150.0000000000,950.0000000000,800.0000000000,1,150.0000000000,nan,51.3907148604,0.0000000000
limite_fonte,1183,51.3907148604,150.0000000000,150.0000000000,950.0000000000,800.0000000000,1,150.0000000000,nan,51.3819429305,0.0000000000
limite_fonte,1184,51.3819429305,150.0000000000,150.0000000000,950.0000000000,800.0000000000,1,150.0000000000,nan,51.3731710007,0.0000000000
limite_fonte,1185,51.3731710007,150.0000000000,150.0000000000,950.0000000000,800.0000000000,1,150.0000000000,nan,51.3643990709,0.0000000000
limite_fonte,1186,51.3643990709,150.0000000000,150.0000000000,950.0000000000,800.0000000000,1,150.0000000000,nan,51.3556271411,0.0000000000
limite_fonte,1187,51.3556271411,150.0000000000,150.0000000000,950.0000000000,800.0000000000,1,150.0000000000,nan,51.3468552113,0.0000000000
limite_fonte,1188,51.3468552113,150.0000000000,150.0000000000,950.0000000000,800.0000000000,1,150.0000000000,nan,51.3380832814,0.0000000000
limite_fonte,1189,51.3380832814,150.0000000000,150.0000000000,950.0000000000,800.0000000000,1,150.0000000000,nan,51.3293113516,0.0000000000
limite_fonte,1190,51.3293113516,150.0000000000,150.0000000000,950.0000000000,800.0000000000,1,150.0000000000,nan,51.3205394218,0.0000000000
limite_fonte,1191,51.3205394218,150.0000000000,150.0000000000,950.0000000000,800.0000000000,1,150.0000000000,nan,51.3117674920,0.0000000000
limite_fonte,1192,51.3117674920,150.0000000000,150.0000000000,950.0000000000,800.0000000000,1,150.0000000000,nan,51.3029955621,0.0000000000
limite_fonte,1193,51.3029955621,150.0000000000,150.0000000000,950.0000000000,800.0000000000,1,150.0000000000,nan,51.2942236323,0.0000000000
limite_fonte,1194,51.2942236323,150.0000000000,150.0000000000,950.0000000000,800.0000000000,1,150.0000000000,nan,51.2854517025,0.0000000000
limite_fonte,1195,51.2854517025,150.0000000000,150.0000000000,950.0000000000,800.0000000000,1,150.0000000000,nan,51.2766797727,0.0000000000
limite_fonte,1196,51.2766797727,150.0000000000,150.0000000000,950.0000000000,800.0000000000,1,150.0000000000,nan,51.2679078428,0.0000000000
limite_fonte,1197,51.2679078428,150.0000000000,150.0000000000,950.0000000000,800.0000000000,1,150.0000000000,nan,51.2591359130,0.0000000000
limite_fonte,1198,51.2591359130,150.0000000000,150.0000000000,950.0000000000,800.0000000000,1,150.0000000000,nan,51.2503639832,0.0000000000
limite_fonte,1199,51.2503639832,150.0000000000,150.0000000000,950.0000000000,800.0000000000,1,150.0000000000,nan,51.2415920534,0.0000000000
perda_fonte,0,60.0000000000,0.0000000000,0.0000000000,750.0000000000,800.0000000000,1,0.0000000000,nan,60.0000000000,0.0000000000
perda_fonte,1,60.0000000000,0.0000000000,0.0000000000,750.0000000000,800.0000000000,1,0.0000000000,nan,60.0000000000,0.0000000000
perda_fonte,2,60.0000000000,0.0000000000,0.0000000000,750.0000000000,800.0000000000,1,0.0000000000,nan,60.0000000000,0.0000000000
perda_fonte,3,60.0000000000,0.0000000000,0.0000000000,750.0000000000,800.0000000000,1,0.0000000000,nan,60.0000000000,0.0000000000
perda_fonte,4,60.0000000000,0.0000000000,0.0000000000,750.0000000000,800.0000000000,1,0.0000000000,nan,60.0000000000,0.0000000000
perda_fonte,5,60.0000000000,0.0000000000,0.0000000000,750.0000000000,800.0000000000,1,0.0000000000,nan,60.0000000000,0.0000000000
perda_fonte,6,60.0000000000,0.0000000000,0.0000000000,750.0000000000,800.0000000000,1,0.0000000000,nan,60.0000000000,0.0000000000
perda_fonte,7,60.0000000000,0.0000000000,0.0000000000,750.0000000000,800.0000000000,1,0.0000000000,nan,60.0000000000,0.0000000000
perda_fonte,8,60.0000000000,0.0000000000,0.0000000000,750.0000000000,800.0000000000,1,0.0000000000,nan,60.0000000000,0.0000000000
perda_fonte,9,60.0000000000,0.0000000000,0.0000000000,750.0000000000,800.0000000000,1,0.0000000000,nan,60.0000000000,0.0000000000
perda_fonte,10,60.0000000000,0.0000000000,0.0000000000,750.0000000000,800.0000000000,1,0.0000000000,nan,60.0000000000,0.0000000000
perda_fonte,11,60.0000000000,0.0000000000,0.0000000000,750.0000000000,800.0000000000,1,0.0000000000,nan,60.0000000000,0.0000000000
perda_fonte,12,60.0000000000,0.0000000000,0.0000000000,750.0000000000,800.0000000000,1,0.0000000000,nan,60.0000000000,0.0000000000
perda_fonte,13,60.0000000000,0.0000000000,0.0000000000,750.0000000000,800.0000000000,1,0.0000000000,nan,60.0000000000,0.0000000000
perda_fonte,14,60.0000000000,0.0000000000,0.0000000000,750.0000000000,800.0000000000,1,0.0000000000,nan,60.0000000000,0.0000000000
perda_fonte,15,60.0000000000,0.0000000000,0.0000000000,750.0000000000,800.0000000000,1,0.0000000000,nan,60.0000000000,0.0000000000
perda_fonte,16,60.0000000000,0.0000000000,0.0000000000,750.0000000000,800.0000000000,1,0.0000000000,nan,60.0000000000,0.0000000000
perda_fonte,17,60.0000000000,0.0000000000,0.0000000000,750.0000000000,800.0000000000,1,0.0000000000,nan,60.0000000000,0.0000000000
perda_fonte,18,60.0000000000,0.0000000000,0.0000000000,750.0000000000,800.0000000000,1,0.0000000000,nan,60.0000000000,0.0000000000
perda_fonte,19,60.0000000000,0.0000000000,0.0000000000,750.0000000000,800.0000000000,1,0.0000000000,nan,60.0000000000,0.0000000000
perda_fonte,20,60.0000000000,0.0000000000,0.0000000000,750.0000000000,800.0000000000,1,0.0000000000,nan,60.0000000000,0.0000000000
perda_fonte,21,60.0000000000,0.0000000000,0.0000000000,750.0000000000,800.0000000000,1,0.0000000000,nan,60.0000000000,0.0000000000
perda_fonte,22,60.0000000000,0.0000000000,0.0000000000,750.0000000000,800.0000000000,1,0.0000000000,nan,60.0000000000,0.0000000000
perda_fonte,23,60.0000000000,0.0000000000,0.0000000000,750.0000000000,800.0000000000,1,0.0000000000,nan,60.0000000000,0.0000000000
perda_fonte,24,60.0000000000,0.0000000000,0.0000000000,750.0000000000,800.0000000000,1,0.0000000000,nan,60.0000000000,0.0000000000
perda_fonte,25,60.0000000000,0.0000000000,0.0000000000,750.0000000000,800.0000000000,1,0.0000000000,nan,60.0000000000,0.0000000000
perda_fonte,26,60.0000000000,0.0000000000,0.0000000000,750.0000000000,800.0000000000,1,0.0000000000,nan,60.0000000000,0.0000000000
perda_fonte,27,60.0000000000,0.0000000000,0.0000000000,750.0000000000,800.0000000000,1,0.0000000000,nan,60.0000000000,0.0000000000
perda_fonte,28,60.0000000000,0.0000000000,0.0000000000,750.0000000000,800.0000000000,1,0.0000000000,nan,60.0000000000,0.0000000000
perda_fonte,29,60.0000000000,0.0000000000,0.0000000000,750.0000000000,800.0000000000,1,0.0000000000,nan,60.0000000000,0.0000000000
perda_fonte,30,60.0000000000,0.0000000000,0.0000000000,750.0000000000,800.0000000000,1,0.0000000000,nan,60.0000000000,0.0000000000
perda_fonte,31,60.0000000000,0.0000000000,0.0000000000,750.0000000000,800.0000000000,1,0.0000000000,nan,60.0000000000,0.0000000000
perda_fonte,32,60.0000000000,0.0000000000,0.0000000000,750.0000000000,800.0000000000,1,0.0000000000,nan,60.0000000000,0.0000000000
perda_fonte,33,60.0000000000,0.0000000000,0.0000000000,750.0000000000,800.0000000000,1,0.0000000000,nan,60.0000000000,0.0000000000
perda_fonte,34,60.0000000000,0.0000000000,0.0000000000,750.0000000000,800.0000000000,1,0.0000000000,nan,60.0000000000,0.0000000000
perda_fonte,35,60.0000000000,0.0000000000,0.0000000000,750.0000000000,800.0000000000,1,0.0000000000,nan,60.0000000000,0.0000000000
perda_fonte,36,60.0000000000,0.0000000000,0.0000000000,750.0000000000,800.0000000000,1,0.0000000000,nan,60.0000000000,0.0000000000
perda_fonte,37,60.0000000000,0.0000000000,0.0000000000,750.0000000000,800.0000000000,1,0.0000000000,nan,60.0000000000,0.0000000000
perda_fonte,38,60.0000000000,0.0000000000,0.0000000000,750.0000000000,800.0000000000,1,0.0000000000,nan,60.0000000000,0.0000000000
perda_fonte,39,60.0000000000,0.0000000000,0.0000000000,750.0000000000,800.0000000000,1,0.0000000000,nan,60.0000000000,0.0000000000
perda_fonte,40,60.0000000000,0.0000000000,0.0000000000,750.0000000000,800.0000000000,1,0.0000000000,nan,60.0000000000,0.0000000000
perda_fonte,41,60.0000000000,0.0000000000,0.0000000000,750.0000000000,800.0000000000,1,0.0000000000,nan,60.0000000000,0.0000000000
perda_fonte,42,60.0000000000,0.0000000000,0.0000000000,750.0000000000,800.0000000000,1,0.0000000000,nan,60.0000000000,0.0000000000
perda_fonte,43,60.0000000000,0.0000000000,0.0000000000,750.0000000000,800.0000000000,1,0.0000000000,nan,60.0000000000,0.0000000000
perda_fonte,44,60.0000000000,0.0000000000,0.0000000000,750.0000000000,800.0000000000,1,0.0000000000,nan,60.0000000000,0.0000000000
perda_fonte,45,60.0000000000,0.0000000000,0.0000000000,750.0000000000,800.0000000000,1,0.0000000000,nan,60.0000000000,0.0000000000
perda_fonte,46,60.0000000000,0.0000000000,0.0000000000,750.0000000000,800.0000000000,1,0.0000000000,nan,60.0000000000,0.0000000000
perda_fonte,47,60.0000000000,0.0000000000,0.0000000000,750.0000000000,800.0000000000,1,0.0000000000,nan,60.0000000000,0.0000000000
perda_fonte,48,60.0000000000,0.0000000000,0.0000000000,750.0000000000,800.0000000000,1,0.0000000000,nan,60.0000000000,0.0000000000
perda_fonte,49,60.0000000000,0.0000000000,0.0000000000,750.0000000000,800.0000000000,1,0.0000000000,nan,60.0000000000,0.0000000000
perda_fonte,50,60.0000000000,0.0000000000,0.0000000000,750.0000000000,800.0000000000,1,0.0000000000,nan,60.0000000000,0.0000000000
perda_fonte,51,60.0000000000,0.0000000000,0.0000000000,750.0000000000,800.0000000000,1,0.0000000000,nan,60.0000000000,0.0000000000
perda_fonte,52,60.0000000000,0.0000000000,0.0000000000,750.0000000000,800.0000000000,1,0.0000000000,nan,60.0000000000,0.0000000000
perda_fonte,53,60.0000000000,0.0000000000,0.0000000000,750.0000000000,800.0000000000,1,0.0000000000,nan,60.0000000000,0.0000000000
perda_fonte,54,60.0000000000,0.0000000000,0.0000000000,750.0000000000,800.0000000000,1,0.0000000000,nan,60.0000000000,0.0000000000
perda_fonte,55,60.0000000000,0.0000000000,0.0000000000,750.0000000000,800.0000000000,1,0.0000000000,nan,60.0000000000,0.0000000000
perda_fonte,56,60.0000000000,0.0000000000,0.0000000000,750.0000000000,800.0000000000,1,0.0000000000,nan,60.0000000000,0.0000000000
perda_fonte,57,60.0000000000,0.0000000000,0.0000000000,750.0000000000,800.0000000000,1,0.0000000000,nan,60.0000000000,0.0000000000
perda_fonte,58,60.0000000000,0.0000000000,0.0000000000,750.0000000000,800.0000000000,1,0.0000000000,nan,60.0000000000,0.0000000000
perda_fonte,59,60.0000000000,0.0000000000,0.0000000000,750.0000000000,800.0000000000,1,0.0000000000,nan,60.0000000000,0.0000000000
perda_fonte,60,60.0000000000,0.0000000000,0.0000000000,750.0000000000,800.0000000000,1,0.0000000000,nan,60.0000000000,0.0000000000
perda_fonte,61,60.0000000000,0.0000000000,0.0000000000,750.0000000000,800.0000000000,1,0.0000000000,nan,60.0000000000,0.0000000000
perda_fonte,62,60.0000000000,0.0000000000,0.0000000000,750.0000000000,800.0000000000,1,0.0000000000,nan,60.0000000000,0.0000000000
perda_fonte,63,60.0000000000,0.0000000000,0.0000000000,750.0000000000,800.0000000000,1,0.0000000000,nan,60.0000000000,0.0000000000
perda_fonte,64,60.0000000000,0.0000000000,0.0000000000,750.0000000000,800.0000000000,1,0.0000000000,nan,60.0000000000,0.0000000000
perda_fonte,65,60.0000000000,0.0000000000,0.0000000000,750.0000000000,800.0000000000,1,0.0000000000,nan,60.0000000000,0.0000000000
perda_fonte,66,60.0000000000,0.0000000000,0.0000000000,750.0000000000,800.0000000000,1,0.0000000000,nan,60.0000000000,0.0000000000
perda_fonte,67,60.0000000000,0.0000000000,0.0000000000,750.0000000000,800.0000000000,1,0.0000000000,nan,60.0000000000,0.0000000000
perda_fonte,68,60.0000000000,0.0000000000,0.0000000000,750.0000000000,800.0000000000,1,0.0000000000,nan,60.0000000000,0.0000000000
perda_fonte,69,60.0000000000,0.0000000000,0.0000000000,750.0000000000,800.0000000000,1,0.0000000000,nan,60.0000000000,0.0000000000
perda_fonte,70,60.0000000000,0.0000000000,0.0000000000,750.0000000000,800.0000000000,1,0.0000000000,nan,60.0000000000,0.0000000000
perda_fonte,71,60.0000000000,0.0000000000,0.0000000000,750.0000000000,800.0000000000,1,0.0000000000,nan,60.0000000000,0.0000000000
perda_fonte,72,60.0000000000,0.0000000000,0.0000000000,750.0000000000,800.0000000000,1,0.0000000000,nan,60.0000000000,0.0000000000
perda_fonte,73,60.0000000000,0.0000000000,0.0000000000,750.0000000000,800.0000000000,1,0.0000000000,nan,60.0000000000,0.0000000000
perda_fonte,74,60.0000000000,0.0000000000,0.0000000000,750.0000000000,800.0000000000,1,0.0000000000,nan,60.0000000000,0.0000000000
perda_fonte,75,60.0000000000,0.0000000000,0.0000000000,750.0000000000,800.0000000000,1,0.0000000000,nan,60.0000000000,0.0000000000
perda_fonte,76,60.0000000000,0.0000000000,0.0000000000,750.0000000000,800.0000000000,1,0.0000000000,nan,60.0000000000,0.0000000000
perda_fonte,77,60.0000000000,0.0000000000,0.0000000000,750.0000000000,800.0000000000,1,0.0000000000,nan,60.0000000000,0.0000000000
perda_fonte,78,60.0000000000,0.0000000000,0.0000000000,750.0000000000,800.0000000000,1,0.0000000000,nan,60.0000000000,0.0000000000
perda_fonte,79,60.0000000000,0.0000000000,0.0000000000,750.0000000000,800.0000000000,1,0.0000000000,nan,60.0000000000,0.0000000000
perda_fonte,80,60.0000000000,0.0000000000,0.0000000000,750.0000000000,800.0000000000,1,0.0000000000,nan,60.0000000000,0.0000000000
perda_fonte,81,60.0000000000,0.0000000000,0.0000000000,750.0000000000,800.0000000000,1,0.0000000000,nan,60.0000000000,0.0000000000
perda_fonte,82,60.0000000000,0.0000000000,0.0000000000,750.0000000000,800.0000000000,1,0.0000000000,nan,60.0000000000,0.0000000000
perda_fonte,83,60.0000000000,0.0000000000,0.0000000000,750.0000000000,800.0000000000,1,0.0000000000,nan,60.0000000000,0.0000000000
perda_fonte,84,60.0000000000,0.0000000000,0.0000000000,750.0000000000,800.0000000000,1,0.0000000000,nan,60.0000000000,0.0000000000
perda_fonte,85,60.0000000000,0.0000000000,0.0000000000,750.0000000000,800.0000000000,1,0.0000000000,nan,60.0000000000,0.0000000000
perda_fonte,86,60.0000000000,0.0000000000,0.0000000000,750.0000000000,800.0000000000,1,0.0000000000,nan,60.0000000000,0.0000000000
perda_fonte,87,60.0000000000,0.0000000000,0.0000000000,750.0000000000,800.0000000000,1,0.0000000000,nan,60.0000000000,0.0000000000
perda_fonte,88,60.0000000000,0.0000000000,0.0000000000,750.0000000000,800.0000000000,1,0.0000000000,nan,60.0000000000,0.0000000000
perda_fonte,89,60.0000000000,0.0000000000,0.0000000000,750.0000000000,800.0000000000,1,0.0000000000,nan,60.0000000000,0.0000000000
perda_fonte,90,60.0000000000,0.0000000000,0.0000000000,750.0000000000,800.0000000000,1,0.0000000000,nan,60.0000000000,0.0000000000
perda_fonte,91,60.0000000000,0.0000000000,0.0000000000,750.0000000000,800.0000000000,1,0.0000000000,nan,60.0000000000,0.0000000000
perda_fonte,92,60.0000000000,0.0000000000,0.0000000000,750.0000000000,800.0000000000,1,0.0000000000,nan,60.0000000000,0.0000000000
perda_fonte,93,60.0000000000,0.0000000000,0.0000000000,750.0000000000,800.0000000000,1,0.0000000000,nan,60.0000000000,0.0000000000
perda_fonte,94,60.0000000000,0.0000000000,0.0000000000,750.0000000000,800.0000000000,1,0.0000000000,nan,60.0000000000,0.0000000000
perda_fonte,95,60.0000000000,0.0000000000,0.0000000000,750.0000000000,800.0000000000,1,0.0000000000,nan,60.0000000000,0.0000000000
perda_fonte,96,60.0000000000,0.0000000000,0.0000000000,750.0000000000,800.0000000000,1,0.0000000000,nan,60.0000000000,0.0000000000
perda_fonte,97,60.0000000000,0.0000000000,0.0000000000,750.0000000000,800.0000000000,1,0.0000000000,nan,60.0000000000,0.0000000000
perda_fonte,98,60.0000000000,0.0000000000,0.0000000000,750.0000000000,800.0000000000,1,0.0000000000,nan,60.0000000000,0.0000000000
perda_fonte,99,60.0000000000,0.0000000000,0.0000000000,750.0000000000,800.0000000000,1,0.0000000000,nan,60.0000000000,0.0000000000
perda_fonte,100,60.0000000000,0.0000000000,0.0000000000,750.0000000000,800.0000000000,1,0.0000000000,nan,60.0000000000,0.0000000000
perda_fonte,101,60.0000000000,0.0000000000,0.0000000000,750.0000000000,800.0000000000,1,0.0000000000,nan,60.0000000000,0.0000000000
perda_fonte,102,60.0000000000,0.0000000000,0.0000000000,750.0000000000,800.0000000000,1,0.0000000000,nan,60.0000000000,0.0000000000
perda_fonte,103,60.0000000000,0.0000000000,0.0000000000,750.0000000000,800.0000000000,1,0.0000000000,nan,60.0000000000,0.0000000000
perda_fonte,104,60.0000000000,0.0000000000,0.0000000000,750.0000000000,800.0000000000,1,0.0000000000,nan,60.0000000000,0.0000000000
perda_fonte,105,60.0000000000,0.0000000000,0.0000000000,750.0000000000,800.0000000000,1,0.0000000000,nan,60.0000000000,0.0000000000
perda_fonte,106,60.0000000000,0.0000000000,0.0000000000,750.0000000000,800.0000000000,1,0.0000000000,nan,60.0000000000,0.0000000000
perda_fonte,107,60.0000000000,0.0000000000,0.0000000000,750.0000000000,800.0000000000,1,0.0000000000,nan,60.0000000000,0.0000000000
perda_fonte,108,60.0000000000,0.0000000000,0.0000000000,750.0000000000,800.0000000000,1,0.0000000000,nan,60.0000000000,0.0000000000
perda_fonte,109,60.0000000000,0.0000000000,0.0000000000,750.0000000000,800.0000000000,1,0.0000000000,nan,60.0000000000,0.0000000000
perda_fonte,110,60.0000000000,0.0000000000,0.0000000000,750.0000000000,800.0000000000,1,0.0000000000,nan,60.0000000000,0.0000000000
perda_fonte,111,60.0000000000,0.0000000000,0.0000000000,750.0000000000,800.0000000000,1,0.0000000000,nan,60.0000000000,0.0000000000
perda_fonte,112,60.0000000000,0.0000000000,0.0000000000,750.0000000000,800.0000000000,1,0.0000000000,nan,60.0000000000,0.0000000000
perda_fonte,113,60.0000000000,0.0000000000,0.0000000000,750.0000000000,800.0000000000,1,0.0000000000,nan,60.0000000000,0.0000000000
perda_fonte,114,60.0000000000,0.0000000000,0.0000000000,750.0000000000,800.0000000000,1,0.0000000000,nan,60.0000000000,0.0000000000
perda_fonte,115,60.0000000000,0.0000000000,0.0000000000,750.0000000000,800.0000000000,1,0.0000000000,nan,60.0000000000,0.0000000000
perda_fonte,116,60.0000000000,0.0000000000,0.0000000000,750.0000000000,800.0000000000,1,0.0000000000,nan,60.0000000000,0.0000000000
perda_fonte,117,60.0000000000,0.0000000000,0.0000000000,750.0000000000,800.0000000000,1,0.0000000000,nan,60.0000000000,0.0000000000
perda_fonte,118,60.0000000000,0.0000000000,0.0000000000,750.0000000000,800.0000000000,1,0.0000000000,nan,60.0000000000,0.0000000000
perda_fonte,119,60.0000000000,0.0000000000,0.0000000000,750.0000000000,800.0000000000,1,0.0000000000,nan,60.0000000000,0.0000000000
perda_fonte,120,60.0000000000,0.0000000000,0.0000000000,750.0000000000,800.0000000000,1,0.0000000000,nan,60.0000000000,0.0000000000
perda_fonte,121,60.0000000000,0.0000000000,0.0000000000,750.0000000000,800.0000000000,1,0.0000000000,nan,60.0000000000,0.0000000000
perda_fonte,122,60.0000000000,0.0000000000,0.0000000000,750.0000000000,800.0000000000,1,0.0000000000,nan,60.0000000000,0.0000000000
perda_fonte,123,60.0000000000,0.0000000000,0.0000000000,750.0000000000,800.0000000000,1,0.0000000000,nan,60.0000000000,0.0000000000
perda_fonte,124,60.0000000000,0.0000000000,0.0000000000,750.0000000000,800.0000000000,1,0.0000000000,nan,60.0000000000,0.0000000000
perda_fonte,125,60.0000000000,0.0000000000,0.0000000000,750.0000000000,800.0000000000,1,0.0000000000,nan,60.0000000000,0.0000000000
perda_fonte,126,60.0000000000,0.0000000000,0.0000000000,750.0000000000,800.0000000000,1,0.0000000000,nan,60.0000000000,0.0000000000
perda_fonte,127,60.0000000000,0.0000000000,0.0000000000,750.0000000000,800.0000000000,1,0.0000000000,nan,60.0000000000,0.0000000000
perda_fonte,128,60.0000000000,0.0000000000,0.0000000000,750.0000000000,800.0000000000,1,0.0000000000,nan,60.0000000000,0.0000000000
perda_fonte,129,60.0000000000,0.0000000000,0.0000000000,750.0000000000,800.0000000000,1,0.0000000000,nan,60.0000000000,0.0000000000
perda_fonte,130,60.0000000000,0.0000000000,0.0000000000,750.0000000000,800.0000000000,1,0.0000000000,nan,60.0000000000,0.0000000000
perda_fonte,131,60.0000000000,0.0000000000,0.0000000000,750.0000000000,800.0000000000,1,0.0000000000,nan,60.0000000000,0.0000000000
perda_fonte,132,60.0000000000,0.0000000000,0.0000000000,750.0000000000,800.0000000000,1,0.0000000000,nan,60.0000000000,0.0000000000
perda_fonte,133,60.0000000000,0.0000000000,0.0000000000,750.0000000000,800.0000000000,1,0.0000000000,nan,60.0000000000,0.0000000000
perda_fonte,134,60.0000000000,0.0000000000,0.0000000000,750.0000000000,800.0000000000,1,0.0000000000,nan,60.0000000000,0.0000000000
perda_fonte,135,60.0000000000,0.0000000000,0.0000000000,750.0000000000,800.0000000000,1,0.0000000000,nan,60.0000000000,0.0000000000
perda_fonte,136,60.0000000000,0.0000000000,0.0000000000,750.0000000000,800.0000000000,1,0.0000000000,nan,60.0000000000,0.0000000000
perda_fonte,137,60.0000000000,0.0000000000,0.0000000000,750.0000000000,800.0000000000,1,0.0000000000,nan,60.0000000000,0.0000000000
perda_fonte,138,60.0000000000,0.0000000000,0.0000000000,750.0000000000,800.0000000000,1,0.0000000000,nan,60.0000000000,0.0000000000
perda_fonte,139,60.0000000000,0.0000000000,0.0000000000,750.0000000000,800.0000000000,1,0.0000000000,nan,60.0000000000,0.0000000000
perda_fonte,140,60.0000000000,0.0000000000,0.0000000000,750.0000000000,800.0000000000,1,0.0000000000,nan,60.0000000000,0.0000000000
perda_fonte,141,60.0000000000,0.0000000000,0.0000000000,750.0000000000,800.0000000000,1,0.0000000000,nan,60.0000000000,0.0000000000
perda_fonte,142,60.0000000000,0.0000000000,0.0000000000,750.0000000000,800.0000000000,1,0.0000000000,nan,60.0000000000,0.0000000000
perda_fonte,143,60.0000000000,0.0000000000,0.0000000000,750.0000000000,800.0000000000,1,0.0000000000,nan,60.0000000000,0.0000000000
perda_fonte,144,60.0000000000,0.0000000000,0.0000000000,750.0000000000,800.0000000000,1,0.0000000000,nan,60.0000000000,0.0000000000
perda_fonte,145,60.0000000000,0.0000000000,0.0000000000,750.0000000000,800.0000000000,1,0.0000000000,nan,60.0000000000,0.0000000000
perda_fonte,146,60.0000000000,0.0000000000,0.0000000000,750.0000000000,800.0000000000,1,0.0000000000,nan,60.0000000000,0.0000000000
perda_fonte,147,60.0000000000,0.0000000000,0.0000000000,750.0000000000,800.0000000000,1,0.0000000000,nan,60.0000000000,0.0000000000
perda_fonte,148,60.0000000000,0.0000000000,0.0000000000,750.0000000000,800.0000000000,1,0.0000000000,nan,60.0000000000,0.0000000000
perda_fonte,149,60.0000000000,0.0000000000,0.0000000000,750.0000000000,800.0000000000,1,0.0000000000,nan,60.0000000000,0.0000000000
perda_fonte,150,60.0000000000,0.0000000000,0.0000000000,750.0000000000,800.0000000000,1,0.0000000000,nan,60.0000000000,0.0000000000
perda_fonte,151,60.0000000000,0.0000000000,0.0000000000,750.0000000000,800.0000000000,1,0.0000000000,nan,60.0000000000,0.0000000000
perda_fonte,152,60.0000000000,0.0000000000,0.0000000000,750.0000000000,800.0000000000,1,0.0000000000,nan,60.0000000000,0.0000000000
perda_fonte,153,60.0000000000,0.0000000000,0.0000000000,750.0000000000,800.0000000000,1,0.0000000000,nan,60.0000000000,0.0000000000
perda_fonte,154,60.0000000000,0.0000000000,0.0000000000,750.0000000000,800.0000000000,1,0.0000000000,nan,60.0000000000,0.0000000000
perda_fonte,155,60.0000000000,0.0000000000,0.0000000000,750.0000000000,800.0000000000,1,0.0000000000,nan,60.0000000000,0.0000000000
perda_fonte,156,60.0000000000,0.0000000000,0.0000000000,750.0000000000,800.0000000000,1,0.0000000000,nan,60.0000000000,0.0000000000
perda_fonte,157,60.0000000000,0.0000000000,0.0000000000,750.0000000000,800.0000000000,1,0.0000000000,nan,60.0000000000,0.0000000000
perda_fonte,158,60.0000000000,0.0000000000,0.0000000000,750.0000000000,800.0000000000,1,0.0000000000,nan,60.0000000000,0.0000000000
perda_fonte,159,60.0000000000,0.0000000000,0.0000000000,750.0000000000,800.0000000000,1,0.0000000000,nan,60.0000000000,0.0000000000
perda_fonte,160,60.0000000000,0.0000000000,0.0000000000,750.0000000000,800.0000000000,1,0.0000000000,nan,60.0000000000,0.0000000000
perda_fonte,161,60.0000000000,0.0000000000,0.0000000000,750.0000000000,800.0000000000,1,0.0000000000,nan,60.0000000000,0.0000000000
perda_fonte,162,60.0000000000,0.0000000000,0.0000000000,750.0000000000,800.0000000000,1,0.0000000000,nan,60.0000000000,0.0000000000
perda_fonte,163,60.0000000000,0.0000000000,0.0000000000,750.0000000000,800.0000000000,1,0.0000000000,nan,60.0000000000,0.0000000000
perda_fonte,164,60.0000000000,0.0000000000,0.0000000000,750.0000000000,800.0000000000,1,0.0000000000,nan,60.0000000000,0.0000000000
perda_fonte,165,60.0000000000,0.0000000000,0.0000000000,750.0000000000,800.0000000000,1,0.0000000000,nan,60.0000000000,0.0000000000
perda_fonte,166,60.0000000000,0.0000000000,0.0000000000,750.0000000000,800.0000000000,1,0.0000000000,nan,60.0000000000,0.0000000000
perda_fonte,167,60.0000000000,0.0000000000,0.0000000000,750.0000000000,800.0000000000,1,0.0000000000,nan,60.0000000000,0.0000000000
perda_fonte,168,60.0000000000,0.0000000000,0.0000000000,750.0000000000,800.0000000000,1,0.0000000000,nan,60.0000000000,0.0000000000
perda_fonte,169,60.0000000000,0.0000000000,0.0000000000,750.0000000000,800.0000000000,1,0.0000000000,nan,60.0000000000,0.0000000000
perda_fonte,170,60.0000000000,0.0000000000,0.0000000000,750.0000000000,800.0000000000,1,0.0000000000,nan,60.0000000000,0.0000000000
perda_fonte,171,60.0000000000,0.0000000000,0.0000000000,750.0000000000,800.0000000000,1,0.0000000000,nan,60.0000000000,0.0000000000
perda_fonte,172,60.0000000000,0.0000000000,0.0000000000,750.0000000000,800.0000000000,1,0.0000000000,nan,60.0000000000,0.0000000000
perda_fonte,173,60.0000000000,0.0000000000,0.0000000000,750.0000000000,800.0000000000,1,0.0000000000,nan,60.0000000000,0.0000000000
perda_fonte,174,60.0000000000,0.0000000000,0.0000000000,750.0000000000,800.0000000000,1,0.0000000000,nan,60.0000000000,0.0000000000
perda_fonte,175,60.0000000000,0.0000000000,0.0000000000,750.0000000000,800.0000000000,1,0.0000000000,nan,60.0000000000,0.0000000000
perda_fonte,176,60.0000000000,0.0000000000,0.0000000000,750.0000000000,800.0000000000,1,0.0000000000,nan,60.0000000000,0.0000000000
perda_fonte,177,60.0000000000,0.0000000000,0.0000000000,750.0000000000,800.0000000000,1,0.0000000000,nan,60.0000000000,0.0000000000
perda_fonte,178,60.0000000000,0.0000000000,0.0000000000,750.0000000000,800.0000000000,1,0.0000000000,nan,60.0000000000,0.0000000000
perda_fonte,179,60.0000000000,0.0000000000,0.0000000000,750.0000000000,800.0000000000,1,0.0000000000,nan,60.0000000000,0.0000000000
perda_fonte,180,60.0000000000,0.0000000000,0.0000000000,750.0000000000,800.0000000000,1,0.0000000000,nan,60.0000000000,0.0000000000
perda_fonte,181,60.0000000000,0.0000000000,0.0000000000,750.0000000000,800.0000000000,1,0.0000000000,nan,60.0000000000,0.0000000000
perda_fonte,182,60.0000000000,0.0000000000,0.0000000000,750.0000000000,800.0000000000,1,0.0000000000,nan,60.0000000000,0.0000000000
perda_fonte,183,60.0000000000,0.0000000000,0.0000000000,750.0000000000,800.0000000000,1,0.0000000000,nan,60.0000000000,0.0000000000
perda_fonte,184,60.0000000000,0.0000000000,0.0000000000,750.0000000000,800.0000000000,1,0.0000000000,nan,60.0000000000,0.0000000000
perda_fonte,185,60.0000000000,0.0000000000,0.0000000000,750.0000000000,800.0000000000,1,0.0000000000,nan,60.0000000000,0.0000000000
perda_fonte,186,60.0000000000,0.0000000000,0.0000000000,750.0000000000,800.0000000000,1,0.0000000000,nan,60.0000000000,0.0000000000
perda_fonte,187,60.0000000000,0.0000000000,0.0000000000,750.0000000000,800.0000000000,1,0.0000000000,nan,60.0000000000,0.0000000000
perda_fonte,188,60.0000000000,0.0000000000,0.0000000000,750.0000000000,800.0000000000,1,0.0000000000,nan,60.0000000000,0.0000000000
perda_fonte,189,60.0000000000,0.0000000000,0.0000000000,750.0000000000,800.0000000000,1,0.0000000000,nan,60.0000000000,0.0000000000
perda_fonte,190,60.0000000000,0.0000000000,0.0000000000,750.0000000000,800.0000000000,1,0.0000000000,nan,60.0000000000,0.0000000000
perda_fonte,191,60.0000000000,0.0000000000,0.0000000000,750.0000000000,800.0000000000,1,0.0000000000,nan,60.0000000000,0.0000000000
perda_fonte,192,60.0000000000,0.0000000000,0.0000000000,750.0000000000,800.0000000000,1,0.0000000000,nan,60.0000000000,0.0000000000
perda_fonte,193,60.0000000000,0.0000000000,0.0000000000,750.0000000000,800.0000000000,1,0.0000000000,nan,60.0000000000,0.0000000000
perda_fonte,194,60.0000000000,0.0000000000,0.0000000000,750.0000000000,800.0000000000,1,0.0000000000,nan,60.0000000000,0.0000000000
perda_fonte,195,60.0000000000,0.0000000000,0.0000000000,750.0000000000,800.0000000000,1,0.0000000000,nan,60.0000000000,0.0000000000
perda_fonte,196,60.0000000000,0.0000000000,0.0000000000,750.0000000000,800.0000000000,1,0.0000000000,nan,60.0000000000,0.0000000000
perda_fonte,197,60.0000000000,0.0000000000,0.0000000000,750.0000000000,800.0000000000,1,0.0000000000,nan,60.0000000000,0.0000000000
perda_fonte,198,60.0000000000,0.0000000000,0.0000000000,750.0000000000,800.0000000000,1,0.0000000000,nan,60.0000000000,0.0000000000
perda_fonte,199,60.0000000000,0.0000000000,0.0000000000,750.0000000000,800.0000000000,1,0.0000000000,nan,60.0000000000,0.0000000000
perda_fonte,200,60.0000000000,0.0000000000,0.0000000000,750.0000000000,800.0000000000,1,0.0000000000,nan,60.0000000000,0.0000000000
perda_fonte,201,60.0000000000,0.0000000000,0.0000000000,750.0000000000,800.0000000000,1,0.0000000000,nan,60.0000000000,0.0000000000
perda_fonte,202,60.0000000000,0.0000000000,0.0000000000,750.0000000000,800.0000000000,1,0.0000000000,nan,60.0000000000,0.0000000000
perda_fonte,203,60.0000000000,0.0000000000,0.0000000000,750.0000000000,800.0000000000,1,0.0000000000,nan,60.0000000000,0.0000000000
perda_fonte,204,60.0000000000,0.0000000000,0.0000000000,750.0000000000,800.0000000000,1,0.0000000000,nan,60.0000000000,0.0000000000
perda_fonte,205,60.0000000000,0.0000000000,0.0000000000,750.0000000000,800.0000000000,1,0.0000000000,nan,60.0000000000,0.0000000000
perda_fonte,206,60.0000000000,0.0000000000,0.0000000000,750.0000000000,800.0000000000,1,0.0000000000,nan,60.0000000000,0.0000000000
perda_fonte,207,60.0000000000,0.0000000000,0.0000000000,750.0000000000,800.0000000000,1,0.0000000000,nan,60.0000000000,0.0000000000
perda_fonte,208,60.0000000000,0.0000000000,0.0000000000,750.0000000000,800.0000000000,1,0.0000000000,nan,60.0000000000,0.0000000000
perda_fonte,209,60.0000000000,0.0000000000,0.0000000000,750.0000000000,800.0000000000,1,0.0000000000,nan,60.0000000000,0.0000000000
perda_fonte,210,60.0000000000,0.0000000000,0.0000000000,750.0000000000,800.0000000000,1,0.0000000000,nan,60.0000000000,0.0000000000
perda_fonte,211,60.0000000000,0.0000000000,0.0000000000,750.0000000000,800.0000000000,1,0.0000000000,nan,60.0000000000,0.0000000000
perda_fonte,212,60.0000000000,0.0000000000,0.0000000000,750.0000000000,800.0000000000,1,0.0000000000,nan,60.0000000000,0.0000000000
perda_fonte,213,60.0000000000,0.0000000000,0.0000000000,750.0000000000,800.0000000000,1,0.0000000000,nan,60.0000000000,0.0000000000
perda_fonte,214,60.0000000000,0.0000000000,0.0000000000,750.0000000000,800.0000000000,1,0.0000000000,nan,60.0000000000,0.0000000000
perda_fonte,215,60.0000000000,0.0000000000,0.0000000000,750.0000000000,800.0000000000,1,0.0000000000,nan,60.0000000000,0.0000000000
perda_fonte,216,60.0000000000,0.0000000000,0.0000000000,750.0000000000,800.0000000000,1,0.0000000000,nan,60.0000000000,0.0000000000
perda_fonte,217,60.0000000000,0.0000000000,0.0000000000,750.0000000000,800.0000000000,1,0.0000000000,nan,60.0000000000,0.0000000000
perda_fonte,218,60.0000000000,0.0000000000,0.0000000000,750.0000000000,800.0000000000,1,0.0000000000,nan,60.0000000000,0.0000000000
perda_fonte,219,60.0000000000,0.0000000000,0.0000000000,750.0000000000,800.0000000000,1,0.0000000000,nan,60.0000000000,0.0000000000
perda_fonte,220,60.0000000000,0.0000000000,0.0000000000,750.0000000000,800.0000000000,1,0.0000000000,nan,60.0000000000,0.0000000000
perda_fonte,221,60.0000000000,0.0000000000,0.0000000000,750.0000000000,800.0000000000,1,0.0000000000,nan,60.0000000000,0.0000000000
perda_fonte,222,60.0000000000,0.0000000000,0.0000000000,750.0000000000,800.0000000000,1,0.0000000000,nan,60.0000000000,0.0000000000
perda_fonte,223,60.0000000000,0.0000000000,0.0000000000,750.0000000000,800.0000000000,1,0.0000000000,nan,60.0000000000,0.0000000000
perda_fonte,224,60.0000000000,0.0000000000,0.0000000000,750.0000000000,800.0000000000,1,0.0000000000,nan,60.0000000000,0.0000000000
perda_fonte,225,60.0000000000,0.0000000000,0.0000000000,750.0000000000,800.0000000000,1,0.0000000000,nan,60.0000000000,0.0000000000
perda_fonte,226,60.0000000000,0.0000000000,0.0000000000,750.0000000000,800.0000000000,1,0.0000000000,nan,60.0000000000,0.0000000000
perda_fonte,227,60.0000000000,0.0000000000,0.0000000000,750.0000000000,800.0000000000,1,0.0000000000,nan,60.0000000000,0.0000000000
perda_fonte,228,60.0000000000,0.0000000000,0.0000000000,750.0000000000,800.0000000000,1,0.0000000000,nan,60.0000000000,0.0000000000
perda_fonte,229,60.0000000000,0.0000000000,0.0000000000,750.0000000000,800.0000000000,1,0.0000000000,nan,60.0000000000,0.0000000000
perda_fonte,230,60.0000000000,0.0000000000,0.0000000000,750.0000000000,800.0000000000,1,0.0000000000,nan,60.0000000000,0.0000000000
perda_fonte,231,60.0000000000,0.0000000000,0.0000000000,750.0000000000,800.0000000000,1,0.0000000000,nan,60.0000000000,0.0000000000
perda_fonte,232,60.0000000000,0.0000000000,0.0000000000,750.0000000000,800.0000000000,1,0.0000000000,nan,60.0000000000,0.0000000000
perda_fonte,233,60.0000000000,0.0000000000,0.0000000000,750.0000000000,800.0000000000,1,0.0000000000,nan,60.0000000000,0.0000000000
perda_fonte,234,60.0000000000,0.0000000000,0.0000000000,750.0000000000,800.0000000000,1,0.0000000000,nan,60.0000000000,0.0000000000
perda_fonte,235,60.0000000000,0.0000000000,0.0000000000,750.0000000000,800.0000000000,1,0.0000000000,nan,60.0000000000,0.0000000000
perda_fonte,236,60.0000000000,0.0000000000,0.0000000000,750.0000000000,800.0000000000,1,0.0000000000,nan,60.0000000000,0.0000000000
perda_fonte,237,60.0000000000,0.0000000000,0.0000000000,750.0000000000,800.0000000000,1,0.0000000000,nan,60.0000000000,0.0000000000
perda_fonte,238,60.0000000000,0.0000000000,0.0000000000,750.0000000000,800.0000000000,1,0.0000000000,nan,60.0000000000,0.0000000000
perda_fonte,239,60.0000000000,0.0000000000,0.0000000000,750.0000000000,800.0000000000,1,0.0000000000,nan,60.0000000000,0.0000000000
perda_fonte,240,60.0000000000,0.0000000000,0.0000000000,750.0000000000,800.0000000000,1,0.0000000000,nan,60.0000000000,0.0000000000
perda_fonte,241,60.0000000000,0.0000000000,0.0000000000,750.0000000000,800.0000000000,1,0.0000000000,nan,60.0000000000,0.0000000000
perda_fonte,242,60.0000000000,0.0000000000,0.0000000000,750.0000000000,800.0000000000,1,0.0000000000,nan,60.0000000000,0.0000000000
perda_fonte,243,60.0000000000,0.0000000000,0.0000000000,750.0000000000,800.0000000000,1,0.0000000000,nan,60.0000000000,0.0000000000
perda_fonte,244,60.0000000000,0.0000000000,0.0000000000,750.0000000000,800.0000000000,1,0.0000000000,nan,60.0000000000,0.0000000000
perda_fonte,245,60.0000000000,0.0000000000,0.0000000000,750.0000000000,800.0000000000,1,0.0000000000,nan,60.0000000000,0.0000000000
perda_fonte,246,60.0000000000,0.0000000000,0.0000000000,750.0000000000,800.0000000000,1,0.0000000000,nan,60.0000000000,0.0000000000
perda_fonte,247,60.0000000000,0.0000000000,0.0000000000,750.0000000000,800.0000000000,1,0.0000000000,nan,60.0000000000,0.0000000000
perda_fonte,248,60.0000000000,0.0000000000,0.0000000000,750.0000000000,800.0000000000,1,0.0000000000,nan,60.0000000000,0.0000000000
perda_fonte,249,60.0000000000,0.0000000000,0.0000000000,750.0000000000,800.0000000000,1,0.0000000000,nan,60.0000000000,0.0000000000
perda_fonte,250,60.0000000000,0.0000000000,0.0000000000,750.0000000000,800.0000000000,1,0.0000000000,nan,60.0000000000,0.0000000000
perda_fonte,251,60.0000000000,0.0000000000,0.0000000000,750.0000000000,800.0000000000,1,0.0000000000,nan,60.0000000000,0.0000000000
perda_fonte,252,60.0000000000,0.0000000000,0.0000000000,750.0000000000,800.0000000000,1,0.0000000000,nan,60.0000000000,0.0000000000
perda_fonte,253,60.0000000000,0.0000000000,0.0000000000,750.0000000000,800.0000000000,1,0.0000000000,nan,60.0000000000,0.0000000000
perda_fonte,254,60.0000000000,0.0000000000,0.0000000000,750.0000000000,800.0000000000,1,0.0000000000,nan,60.0000000000,0.0000000000
perda_fonte,255,60.0000000000,0.0000000000,0.0000000000,750.0000000000,800.0000000000,1,0.0000000000,nan,60.0000000000,0.0000000000
perda_fonte,256,60.0000000000,0.0000000000,0.0000000000,750.0000000000,800.0000000000,1,0.0000000000,nan,60.0000000000,0.0000000000
perda_fonte,257,60.0000000000,0.0000000000,0.0000000000,750.0000000000,800.0000000000,1,0.0000000000,nan,60.0000000000,0.0000000000
perda_fonte,258,60.0000000000,0.0000000000,0.0000000000,750.0000000000,800.0000000000,1,0.0000000000,nan,60.0000000000,0.0000000000
perda_fonte,259,60.0000000000,0.0000000000,0.0000000000,750.0000000000,800.0000000000,1,0.0000000000,nan,60.0000000000,0.0000000000
perda_fonte,260,60.0000000000,0.0000000000,0.0000000000,750.0000000000,800.0000000000,1,0.0000000000,nan,60.0000000000,0.0000000000
perda_fonte,261,60.0000000000,0.0000000000,0.0000000000,750.0000000000,800.0000000000,1,0.0000000000,nan,60.0000000000,0.0000000000
perda_fonte,262,60.0000000000,0.0000000000,0.0000000000,750.0000000000,800.0000000000,1,0.0000000000,nan,60.0000000000,0.0000000000
perda_fonte,263,60.0000000000,0.0000000000,0.0000000000,750.0000000000,800.0000000000,1,0.0000000000,nan,60.0000000000,0.0000000000
perda_fonte,264,60.0000000000,0.0000000000,0.0000000000,750.0000000000,800.0000000000,1,0.0000000000,nan,60.0000000000,0.0000000000
perda_fonte,265,60.0000000000,0.0000000000,0.0000000000,750.0000000000,800.0000000000,1,0.0000000000,nan,60.0000000000,0.0000000000
perda_fonte,266,60.0000000000,0.0000000000,0.0000000000,750.0000000000,800.0000000000,1,0.0000000000,nan,60.0000000000,0.0000000000
perda_fonte,267,60.0000000000,0.0000000000,0.0000000000,750.0000000000,800.0000000000,1,0.0000000000,nan,60.0000000000,0.0000000000
perda_fonte,268,60.0000000000,0.0000000000,0.0000000000,750.0000000000,800.0000000000,1,0.0000000000,nan,60.0000000000,0.0000000000
perda_fonte,269,60.0000000000,0.0000000000,0.0000000000,750.0000000000,800.0000000000,1,0.0000000000,nan,60.0000000000,0.0000000000
perda_fonte,270,60.0000000000,0.0000000000,0.0000000000,750.0000000000,800.0000000000,1,0.0000000000,nan,60.0000000000,0.0000000000
perda_fonte,271,60.0000000000,0.0000000000,0.0000000000,750.0000000000,800.0000000000,1,0.0000000000,nan,60.0000000000,0.0000000000
perda_fonte,272,60.0000000000,0.0000000000,0.0000000000,750.0000000000,800.0000000000,1,0.0000000000,nan,60.0000000000,0.0000000000
perda_fonte,273,60.0000000000,0.0000000000,0.0000000000,750.0000000000,800.0000000000,1,0.0000000000,nan,60.0000000000,0.0000000000
perda_fonte,274,60.0000000000,0.0000000000,0.0000000000,750.0000000000,800.0000000000,1,0.0000000000,nan,60.0000000000,0.0000000000
perda_fonte,275,60.0000000000,0.0000000000,0.0000000000,750.0000000000,800.0000000000,1,0.0000000000,nan,60.0000000000,0.0000000000
perda_fonte,276,60.0000000000,0.0000000000,0.0000000000,750.0000000000,800.0000000000,1,0.0000000000,nan,60.0000000000,0.0000000000
perda_fonte,277,60.0000000000,0.0000000000,0.0000000000,750.0000000000,800.0000000000,1,0.0000000000,nan,60.0000000000,0.0000000000
perda_fonte,278,60.0000000000,0.0000000000,0.0000000000,750.0000000000,800.0000000000,1,0.0000000000,nan,60.0000000000,0.0000000000
perda_fonte,279,60.0000000000,0.0000000000,0.0000000000,750.0000000000,800.0000000000,1,0.0000000000,nan,60.0000000000,0.0000000000
perda_fonte,280,60.0000000000,0.0000000000,0.0000000000,750.0000000000,800.0000000000,1,0.0000000000,nan,60.0000000000,0.0000000000
perda_fonte,281,60.0000000000,0.0000000000,0.0000000000,750.0000000000,800.0000000000,1,0.0000000000,nan,60.0000000000,0.0000000000
perda_fonte,282,60.0000000000,0.0000000000,0.0000000000,750.0000000000,800.0000000000,1,0.0000000000,nan,60.0000000000,0.0000000000
perda_fonte,283,60.0000000000,0.0000000000,0.0000000000,750.0000000000,800.0000000000,1,0.0000000000,nan,60.0000000000,0.0000000000
perda_fonte,284,60.0000000000,0.0000000000,0.0000000000,750.0000000000,800.0000000000,1,0.0000000000,nan,60.0000000000,0.0000000000
perda_fonte,285,60.0000000000,0.0000000000,0.0000000000,750.0000000000,800.0000000000,1,0.0000000000,nan,60.0000000000,0.0000000000
perda_fonte,286,60.0000000000,0.0000000000,0.0000000000,750.0000000000,800.0000000000,1,0.0000000000,nan,60.0000000000,0.0000000000
perda_fonte,287,60.0000000000,0.0000000000,0.0000000000,750.0000000000,800.0000000000,1,0.0000000000,nan,60.0000000000,0.0000000000
perda_fonte,288,60.0000000000,0.0000000000,0.0000000000,750.0000000000,800.0000000000,1,0.0000000000,nan,60.0000000000,0.0000000000
perda_fonte,289,60.0000000000,0.0000000000,0.0000000000,750.0000000000,800.0000000000,1,0.0000000000,nan,60.0000000000,0.0000000000
perda_fonte,290,60.0000000000,0.0000000000,0.0000000000,750.0000000000,800.0000000000,1,0.0000000000,nan,60.0000000000,0.0000000000
perda_fonte,291,60.0000000000,0.0000000000,0.0000000000,750.0000000000,800.0000000000,1,0.0000000000,nan,60.0000000000,0.0000000000
perda_fonte,292,60.0000000000,0.0000000000,0.0000000000,750.0000000000,800.0000000000,1,0.0000000000,nan,60.0000000000,0.0000000000
perda_fonte,293,60.0000000000,0.0000000000,0.0000000000,750.0000000000,800.0000000000,1,0.0000000000,nan,60.0000000000,0.0000000000
perda_fonte,294,60.0000000000,0.0000000000,0.0000000000,750.0000000000,800.0000000000,1,0.0000000000,nan,60.0000000000,0.0000000000
perda_fonte,295,60.0000000000,0.0000000000,0.0000000000,750.0000000000,800.0000000000,1,0.0000000000,nan,60.0000000000,0.0000000000
perda_fonte,296,60.0000000000,0.0000000000,0.0000000000,750.0000000000,800.0000000000,1,0.0000000000,nan,60.0000000000,0.0000000000
perda_fonte,297,60.0000000000,0.0000000000,0.0000000000,750.0000000000,800.0000000000,1,0.0000000000,nan,60.0000000000,0.0000000000
perda_fonte,298,60.0000000000,0.0000000000,0.0000000000,750.0000000000,800.0000000000,1,0.0000000000,nan,60.0000000000,0.0000000000
perda_fonte,299,60.0000000000,0.0000000000,0.0000000000,750.0000000000,800.0000000000,1,0.0000000000,nan,60.0000000000,0.0000000000
perda_fonte,300,60.0000000000,0.0000000000,0.0000000000,750.0000000000,800.0000000000,1,0.0000000000,nan,60.0000000000,0.0000000000
perda_fonte,301,60.0000000000,0.0000000000,0.0000000000,750.0000000000,800.0000000000,1,0.0000000000,nan,60.0000000000,0.0000000000
perda_fonte,302,60.0000000000,0.0000000000,0.0000000000,750.0000000000,800.0000000000,1,0.0000000000,nan,60.0000000000,0.0000000000
perda_fonte,303,60.0000000000,0.0000000000,0.0000000000,750.0000000000,800.0000000000,1,0.0000000000,nan,60.0000000000,0.0000000000
perda_fonte,304,60.0000000000,0.0000000000,0.0000000000,750.0000000000,800.0000000000,1,0.0000000000,nan,60.0000000000,0.0000000000
perda_fonte,305,60.0000000000,0.0000000000,0.0000000000,750.0000000000,800.0000000000,1,0.0000000000,nan,60.0000000000,0.0000000000
perda_fonte,306,60.0000000000,0.0000000000,0.0000000000,750.0000000000,800.0000000000,1,0.0000000000,nan,60.0000000000,0.0000000000
perda_fonte,307,60.0000000000,0.0000000000,0.0000000000,750.0000000000,800.0000000000,1,0.0000000000,nan,60.0000000000,0.0000000000
perda_fonte,308,60.0000000000,0.0000000000,0.0000000000,750.0000000000,800.0000000000,1,0.0000000000,nan,60.0000000000,0.0000000000
perda_fonte,309,60.0000000000,0.0000000000,0.0000000000,750.0000000000,800.0000000000,1,0.0000000000,nan,60.0000000000,0.0000000000
perda_fonte,310,60.0000000000,0.0000000000,0.0000000000,750.0000000000,800.0000000000,1,0.0000000000,nan,60.0000000000,0.0000000000
perda_fonte,311,60.0000000000,0.0000000000,0.0000000000,750.0000000000,800.0000000000,1,0.0000000000,nan,60.0000000000,0.0000000000
perda_fonte,312,60.0000000000,0.0000000000,0.0000000000,750.0000000000,800.0000000000,1,0.0000000000,nan,60.0000000000,0.0000000000
perda_fonte,313,60.0000000000,0.0000000000,0.0000000000,750.0000000000,800.0000000000,1,0.0000000000,nan,60.0000000000,0.0000000000
perda_fonte,314,60.0000000000,0.0000000000,0.0000000000,750.0000000000,800.0000000000,1,0.0000000000,nan,60.0000000000,0.0000000000
perda_fonte,315,60.0000000000,0.0000000000,0.0000000000,750.0000000000,800.0000000000,1,0.0000000000,nan,60.0000000000,0.0000000000
perda_fonte,316,60.0000000000,0.0000000000,0.0000000000,750.0000000000,800.0000000000,1,0.0000000000,nan,60.0000000000,0.0000000000
perda_fonte,317,60.0000000000,0.0000000000,0.0000000000,750.0000000000,800.0000000000,1,0.0000000000,nan,60.0000000000,0.0000000000
perda_fonte,318,60.0000000000,0.0000000000,0.0000000000,750.0000000000,800.0000000000,1,0.0000000000,nan,60.0000000000,0.0000000000
perda_fonte,319,60.0000000000,0.0000000000,0.0000000000,750.0000000000,800.0000000000,1,0.0000000000,nan,60.0000000000,0.0000000000
perda_fonte,320,60.0000000000,0.0000000000,0.0000000000,750.0000000000,800.0000000000,1,0.0000000000,nan,60.0000000000,0.0000000000
perda_fonte,321,60.0000000000,0.0000000000,0.0000000000,750.0000000000,800.0000000000,1,0.0000000000,nan,60.0000000000,0.0000000000
perda_fonte,322,60.0000000000,0.0000000000,0.0000000000,750.0000000000,800.0000000000,1,0.0000000000,nan,60.0000000000,0.0000000000
perda_fonte,323,60.0000000000,0.0000000000,0.0000000000,750.0000000000,800.0000000000,1,0.0000000000,nan,60.0000000000,0.0000000000
perda_fonte,324,60.0000000000,0.0000000000,0.0000000000,750.0000000000,800.0000000000,1,0.0000000000,nan,60.0000000000,0.0000000000
perda_fonte,325,60.0000000000,0.0000000000,0.0000000000,750.0000000000,800.0000000000,1,0.0000000000,nan,60.0000000000,0.0000000000
perda_fonte,326,60.0000000000,0.0000000000,0.0000000000,750.0000000000,800.0000000000,1,0.0000000000,nan,60.0000000000,0.0000000000
perda_fonte,327,60.0000000000,0.0000000000,0.0000000000,750.0000000000,800.0000000000,1,0.0000000000,nan,60.0000000000,0.0000000000
perda_fonte,328,60.0000000000,0.0000000000,0.0000000000,750.0000000000,800.0000000000,1,0.0000000000,nan,60.0000000000,0.0000000000
perda_fonte,329,60.0000000000,0.0000000000,0.0000000000,750.0000000000,800.0000000000,1,0.0000000000,nan,60.0000000000,0.0000000000
perda_fonte,330,60.0000000000,0.0000000000,0.0000000000,750.0000000000,800.0000000000,1,0.0000000000,nan,60.0000000000,0.0000000000
perda_fonte,331,60.0000000000,0.0000000000,0.0000000000,750.0000000000,800.0000000000,1,0.0000000000,nan,60.0000000000,0.0000000000
perda_fonte,332,60.0000000000,0.0000000000,0.0000000000,750.0000000000,800.0000000000,1,0.0000000000,nan,60.0000000000,0.0000000000
perda_fonte,333,60.0000000000,0.0000000000,0.0000000000,750.0000000000,800.0000000000,1,0.0000000000,nan,60.0000000000,0.0000000000
perda_fonte,334,60.0000000000,0.0000000000,0.0000000000,750.0000000000,800.0000000000,1,0.0000000000,nan,60.0000000000,0.0000000000
perda_fonte,335,60.0000000000,0.0000000000,0.0000000000,750.0000000000,800.0000000000,1,0.0000000000,nan,60.0000000000,0.0000000000
perda_fonte,336,60.0000000000,0.0000000000,0.0000000000,750.0000000000,800.0000000000,1,0.0000000000,nan,60.0000000000,0.0000000000
perda_fonte,337,60.0000000000,0.0000000000,0.0000000000,750.0000000000,800.0000000000,1,0.0000000000,nan,60.0000000000,0.0000000000
perda_fonte,338,60.0000000000,0.0000000000,0.0000000000,750.0000000000,800.0000000000,1,0.0000000000,nan,60.0000000000,0.0000000000
perda_fonte,339,60.0000000000,0.0000000000,0.0000000000,750.0000000000,800.0000000000,1,0.0000000000,nan,60.0000000000,0.0000000000
perda_fonte,340,60.0000000000,0.0000000000,0.0000000000,750.0000000000,800.0000000000,1,0.0000000000,nan,60.0000000000,0.0000000000
perda_fonte,341,60.0000000000,0.0000000000,0.0000000000,750.0000000000,800.0000000000,1,0.0000000000,nan,60.0000000000,0.0000000000
perda_fonte,342,60.0000000000,0.0000000000,0.0000000000,750.0000000000,800.0000000000,1,0.0000000000,nan,60.0000000000,0.0000000000
perda_fonte,343,60.0000000000,0.0000000000,0.0000000000,750.0000000000,800.0000000000,1,0.0000000000,nan,60.0000000000,0.0000000000
perda_fonte,344,60.0000000000,0.0000000000,0.0000000000,750.0000000000,800.0000000000,1,0.0000000000,nan,60.0000000000,0.0000000000
perda_fonte,345,60.0000000000,0.0000000000,0.0000000000,750.0000000000,800.0000000000,1,0.0000000000,nan,60.0000000000,0.0000000000
perda_fonte,346,60.0000000000,0.0000000000,0.0000000000,750.0000000000,800.0000000000,1,0.0000000000,nan,60.0000000000,0.0000000000
perda_fonte,347,60.0000000000,0.0000000000,0.0000000000,750.0000000000,800.0000000000,1,0.0000000000,nan,60.0000000000,0.0000000000
perda_fonte,348,60.0000000000,0.0000000000,0.0000000000,750.0000000000,800.0000000000,1,0.0000000000,nan,60.0000000000,0.0000000000
perda_fonte,349,60.0000000000,0.0000000000,0.0000000000,750.0000000000,800.0000000000,1,0.0000000000,nan,60.0000000000,0.0000000000
perda_fonte,350,60.0000000000,0.0000000000,0.0000000000,750.0000000000,800.0000000000,1,0.0000000000,nan,60.0000000000,0.0000000000
perda_fonte,351,60.0000000000,0.0000000000,0.0000000000,750.0000000000,800.0000000000,1,0.0000000000,nan,60.0000000000,0.0000000000
perda_fonte,352,60.0000000000,0.0000000000,0.0000000000,750.0000000000,800.0000000000,1,0.0000000000,nan,60.0000000000,0.0000000000
perda_fonte,353,60.0000000000,0.0000000000,0.0000000000,750.0000000000,800.0000000000,1,0.0000000000,nan,60.0000000000,0.0000000000
perda_fonte,354,60.0000000000,0.0000000000,0.0000000000,750.0000000000,800.0000000000,1,0.0000000000,nan,60.0000000000,0.0000000000
perda_fonte,355,60.0000000000,0.0000000000,0.0000000000,750.0000000000,800.0000000000,1,0.0000000000,nan,60.0000000000,0.0000000000
perda_fonte,356,60.0000000000,0.0000000000,0.0000000000,750.0000000000,800.0000000000,1,0.0000000000,nan,60.0000000000,0.0000000000
perda_fonte,357,60.0000000000,0.0000000000,0.0000000000,750.0000000000,800.0000000000,1,0.0000000000,nan,60.0000000000,0.0000000000
perda_fonte,358,60.0000000000,0.0000000000,0.0000000000,750.0000000000,800.0000000000,1,0.0000000000,nan,60.0000000000,0.0000000000
perda_fonte,359,60.0000000000,0.0000000000,0.0000000000,750.0000000000,800.0000000000,1,0.0000000000,nan,60.0000000000,0.0000000000
perda_fonte,360,60.0000000000,0.0000000000,0.0000000000,750.0000000000,800.0000000000,1,0.0000000000,nan,60.0000000000,0.0000000000
perda_fonte,361,60.0000000000,0.0000000000,0.0000000000,750.0000000000,800.0000000000,1,0.0000000000,nan,60.0000000000,0.0000000000
perda_fonte,362,60.0000000000,0.0000000000,0.0000000000,750.0000000000,800.0000000000,1,0.0000000000,nan,60.0000000000,0.0000000000
perda_fonte,363,60.0000000000,0.0000000000,0.0000000000,750.0000000000,800.0000000000,1,0.0000000000,nan,60.0000000000,0.0000000000
perda_fonte,364,60.0000000000,0.0000000000,0.0000000000,750.0000000000,800.0000000000,1,0.0000000000,nan,60.0000000000,0.0000000000
perda_fonte,365,60.0000000000,0.0000000000,0.0000000000,750.0000000000,800.0000000000,1,0.0000000000,nan,60.0000000000,0.0000000000
perda_fonte,366,60.0000000000,0.0000000000,0.0000000000,750.0000000000,800.0000000000,1,0.0000000000,nan,60.0000000000,0.0000000000
perda_fonte,367,60.0000000000,0.0000000000,0.0000000000,750.0000000000,800.0000000000,1,0.0000000000,nan,60.0000000000,0.0000000000
perda_fonte,368,60.0000000000,0.0000000000,0.0000000000,750.0000000000,800.0000000000,1,0.0000000000,nan,60.0000000000,0.0000000000
perda_fonte,369,60.0000000000,0.0000000000,0.0000000000,750.0000000000,800.0000000000,1,0.0000000000,nan,60.0000000000,0.0000000000
perda_fonte,370,60.0000000000,0.0000000000,0.0000000000,750.0000000000,800.0000000000,1,0.0000000000,nan,60.0000000000,0.0000000000
perda_fonte,371,60.0000000000,0.0000000000,0.0000000000,750.0000000000,800.0000000000,1,0.0000000000,nan,60.0000000000,0.0000000000
perda_fonte,372,60.0000000000,0.0000000000,0.0000000000,750.0000000000,800.0000000000,1,0.0000000000,nan,60.0000000000,0.0000000000
perda_fonte,373,60.0000000000,0.0000000000,0.0000000000,750.0000000000,800.0000000000,1,0.0000000000,nan,60.0000000000,0.0000000000
perda_fonte,374,60.0000000000,0.0000000000,0.0000000000,750.0000000000,800.0000000000,1,0.0000000000,nan,60.0000000000,0.0000000000
perda_fonte,375,60.0000000000,0.0000000000,0.0000000000,750.0000000000,800.0000000000,1,0.0000000000,nan,60.0000000000,0.0000000000
perda_fonte,376,60.0000000000,0.0000000000,0.0000000000,750.0000000000,800.0000000000,1,0.0000000000,nan,60.0000000000,0.0000000000
perda_fonte,377,60.0000000000,0.0000000000,0.0000000000,750.0000000000,800.0000000000,1,0.0000000000,nan,60.0000000000,0.0000000000
perda_fonte,378,60.0000000000,0.0000000000,0.0000000000,750.0000000000,800.0000000000,1,0.0000000000,nan,60.0000000000,0.0000000000
perda_fonte,379,60.0000000000,0.0000000000,0.0000000000,750.0000000000,800.0000000000,1,0.0000000000,nan,60.0000000000,0.0000000000
perda_fonte,380,60.0000000000,0.0000000000,0.0000000000,750.0000000000,800.0000000000,1,0.0000000000,nan,60.0000000000,0.0000000000
perda_fonte,381,60.0000000000,0.0000000000,0.0000000000,750.0000000000,800.0000000000,1,0.0000000000,nan,60.0000000000,0.0000000000
perda_fonte,382,60.0000000000,0.0000000000,0.0000000000,750.0000000000,800.0000000000,1,0.0000000000,nan,60.0000000000,0.0000000000
perda_fonte,383,60.0000000000,0.0000000000,0.0000000000,750.0000000000,800.0000000000,1,0.0000000000,nan,60.0000000000,0.0000000000
perda_fonte,384,60.0000000000,0.0000000000,0.0000000000,750.0000000000,800.0000000000,1,0.0000000000,nan,60.0000000000,0.0000000000
perda_fonte,385,60.0000000000,0.0000000000,0.0000000000,750.0000000000,800.0000000000,1,0.0000000000,nan,60.0000000000,0.0000000000
perda_fonte,386,60.0000000000,0.0000000000,0.0000000000,750.0000000000,800.0000000000,1,0.0000000000,nan,60.0000000000,0.0000000000
perda_fonte,387,60.0000000000,0.0000000000,0.0000000000,750.0000000000,800.0000000000,1,0.0000000000,nan,60.0000000000,0.0000000000
perda_fonte,388,60.0000000000,0.0000000000,0.0000000000,750.0000000000,800.0000000000,1,0.0000000000,nan,60.0000000000,0.0000000000
perda_fonte,389,60.0000000000,0.0000000000,0.0000000000,750.0000000000,800.0000000000,1,0.0000000000,nan,60.0000000000,0.0000000000
perda_fonte,390,60.0000000000,0.0000000000,0.0000000000,750.0000000000,800.0000000000,1,0.0000000000,nan,60.0000000000,0.0000000000
perda_fonte,391,60.0000000000,0.0000000000,0.0000000000,750.0000000000,800.0000000000,1,0.0000000000,nan,60.0000000000,0.0000000000
perda_fonte,392,60.0000000000,0.0000000000,0.0000000000,750.0000000000,800.0000000000,1,0.0000000000,nan,60.0000000000,0.0000000000
perda_fonte,393,60.0000000000,0.0000000000,0.0000000000,750.0000000000,800.0000000000,1,0.0000000000,nan,60.0000000000,0.0000000000
perda_fonte,394,60.0000000000,0.0000000000,0.0000000000,750.0000000000,800.0000000000,1,0.0000000000,nan,60.0000000000,0.0000000000
perda_fonte,395,60.0000000000,0.0000000000,0.0000000000,750.0000000000,800.0000000000,1,0.0000000000,nan,60.0000000000,0.0000000000
perda_fonte,396,60.0000000000,0.0000000000,0.0000000000,750.0000000000,800.0000000000,1,0.0000000000,nan,60.0000000000,0.0000000000
perda_fonte,397,60.0000000000,0.0000000000,0.0000000000,750.0000000000,800.0000000000,1,0.0000000000,nan,60.0000000000,0.0000000000
perda_fonte,398,60.0000000000,0.0000000000,0.0000000000,750.0000000000,800.0000000000,1,0.0000000000,nan,60.0000000000,0.0000000000
perda_fonte,399,60.0000000000,0.0000000000,0.0000000000,750.0000000000,800.0000000000,1,0.0000000000,nan,60.0000000000,0.0000000000
perda_fonte,400,60.0000000000,0.0000000000,0.0000000000,750.0000000000,800.0000000000,1,0.0000000000,nan,60.0000000000,0.0000000000
perda_fonte,401,60.0000000000,0.0000000000,0.0000000000,750.0000000000,800.0000000000,1,0.0000000000,nan,60.0000000000,0.0000000000
perda_fonte,402,60.0000000000,0.0000000000,0.0000000000,750.0000000000,800.0000000000,1,0.0000000000,nan,60.0000000000,0.0000000000
perda_fonte,403,60.0000000000,0.0000000000,0.0000000000,750.0000000000,800.0000000000,1,0.0000000000,nan,60.0000000000,0.0000000000
perda_fonte,404,60.0000000000,0.0000000000,0.0000000000,750.0000000000,800.0000000000,1,0.0000000000,nan,60.0000000000,0.0000000000
perda_fonte,405,60.0000000000,0.0000000000,0.0000000000,750.0000000000,800.0000000000,1,0.0000000000,nan,60.0000000000,0.0000000000
perda_fonte,406,60.0000000000,0.0000000000,0.0000000000,750.0000000000,800.0000000000,1,0.0000000000,nan,60.0000000000,0.0000000000
perda_fonte,407,60.0000000000,0.0000000000,0.0000000000,750.0000000000,800.0000000000,1,0.0000000000,nan,60.0000000000,0.0000000000
perda_fonte,408,60.0000000000,0.0000000000,0.0000000000,750.0000000000,800.0000000000,1,0.0000000000,nan,60.0000000000,0.0000000000
perda_fonte,409,60.0000000000,0.0000000000,0.0000000000,750.0000000000,800.0000000000,1,0.0000000000,nan,60.0000000000,0.0000000000
perda_fonte,410,60.0000000000,0.0000000000,0.0000000000,750.0000000000,800.0000000000,1,0.0000000000,nan,60.0000000000,0.0000000000
perda_fonte,411,60.0000000000,0.0000000000,0.0000000000,750.0000000000,800.0000000000,1,0.0000000000,nan,60.0000000000,0.0000000000
perda_fonte,412,60.0000000000,0.0000000000,0.0000000000,750.0000000000,800.0000000000,1,0.0000000000,nan,60.0000000000,0.0000000000
perda_fonte,413,60.0000000000,0.0000000000,0.0000000000,750.0000000000,800.0000000000,1,0.0000000000,nan,60.0000000000,0.0000000000
perda_fonte,414,60.0000000000,0.0000000000,0.0000000000,750.0000000000,800.0000000000,1,0.0000000000,nan,60.0000000000,0.0000000000
perda_fonte,415,60.0000000000,0.0000000000,0.0000000000,750.0000000000,800.0000000000,1,0.0000000000,nan,60.0000000000,0.0000000000
perda_fonte,416,60.0000000000,0.0000000000,0.0000000000,750.0000000000,800.0000000000,1,0.0000000000,nan,60.0000000000,0.0000000000
perda_fonte,417,60.0000000000,0.0000000000,0.0000000000,750.0000000000,800.0000000000,1,0.0000000000,nan,60.0000000000,0.0000000000
perda_fonte,418,60.0000000000,0.0000000000,0.0000000000,750.0000000000,800.0000000000,1,0.0000000000,nan,60.0000000000,0.0000000000
perda_fonte,419,60.0000000000,0.0000000000,0.0000000000,750.0000000000,800.0000000000,1,0.0000000000,nan,60.0000000000,0.0000000000
perda_fonte,420,60.0000000000,0.0000000000,0.0000000000,750.0000000000,800.0000000000,1,0.0000000000,nan,60.0000000000,0.0000000000
perda_fonte,421,60.0000000000,0.0000000000,0.0000000000,750.0000000000,800.0000000000,1,0.0000000000,nan,60.0000000000,0.0000000000
perda_fonte,422,60.0000000000,0.0000000000,0.0000000000,750.0000000000,800.0000000000,1,0.0000000000,nan,60.0000000000,0.0000000000
perda_fonte,423,60.0000000000,0.0000000000,0.0000000000,750.0000000000,800.0000000000,1,0.0000000000,nan,60.0000000000,0.0000000000
perda_fonte,424,60.0000000000,0.0000000000,0.0000000000,750.0000000000,800.0000000000,1,0.0000000000,nan,60.0000000000,0.0000000000
perda_fonte,425,60.0000000000,0.0000000000,0.0000000000,750.0000000000,800.0000000000,1,0.0000000000,nan,60.0000000000,0.0000000000
perda_fonte,426,60.0000000000,0.0000000000,0.0000000000,750.0000000000,800.0000000000,1,0.0000000000,nan,60.0000000000,0.0000000000
perda_fonte,427,60.0000000000,0.0000000000,0.0000000000,750.0000000000,800.0000000000,1,0.0000000000,nan,60.0000000000,0.0000000000
perda_fonte,428,60.0000000000,0.0000000000,0.0000000000,750.0000000000,800.0000000000,1,0.0000000000,nan,60.0000000000,0.0000000000
perda_fonte,429,60.0000000000,0.0000000000,0.0000000000,750.0000000000,800.0000000000,1,0.0000000000,nan,60.0000000000,0.0000000000
perda_fonte,430,60.0000000000,0.0000000000,0.0000000000,750.0000000000,800.0000000000,1,0.0000000000,nan,60.0000000000,0.0000000000
perda_fonte,431,60.0000000000,0.0000000000,0.0000000000,750.0000000000,800.0000000000,1,0.0000000000,nan,60.0000000000,0.0000000000
perda_fonte,432,60.0000000000,0.0000000000,0.0000000000,750.0000000000,800.0000000000,1,0.0000000000,nan,60.0000000000,0.0000000000
perda_fonte,433,60.0000000000,0.0000000000,0.0000000000,750.0000000000,800.0000000000,1,0.0000000000,nan,60.0000000000,0.0000000000
perda_fonte,434,60.0000000000,0.0000000000,0.0000000000,750.0000000000,800.0000000000,1,0.0000000000,nan,60.0000000000,0.0000000000
perda_fonte,435,60.0000000000,0.0000000000,0.0000000000,750.0000000000,800.0000000000,1,0.0000000000,nan,60.0000000000,0.0000000000
perda_fonte,436,60.0000000000,0.0000000000,0.0000000000,750.0000000000,800.0000000000,1,0.0000000000,nan,60.0000000000,0.0000000000
perda_fonte,437,60.0000000000,0.0000000000,0.0000000000,750.0000000000,800.0000000000,1,0.0000000000,nan,60.0000000000,0.0000000000
perda_fonte,438,60.0000000000,0.0000000000,0.0000000000,750.0000000000,800.0000000000,1,0.0000000000,nan,60.0000000000,0.0000000000
perda_fonte,439,60.0000000000,0.0000000000,0.0000000000,750.0000000000,800.0000000000,1,0.0000000000,nan,60.0000000000,0.0000000000
perda_fonte,440,60.0000000000,0.0000000000,0.0000000000,750.0000000000,800.0000000000,1,0.0000000000,nan,60.0000000000,0.0000000000
perda_fonte,441,60.0000000000,0.0000000000,0.0000000000,750.0000000000,800.0000000000,1,0.0000000000,nan,60.0000000000,0.0000000000
perda_fonte,442,60.0000000000,0.0000000000,0.0000000000,750.0000000000,800.0000000000,1,0.0000000000,nan,60.0000000000,0.0000000000
perda_fonte,443,60.0000000000,0.0000000000,0.0000000000,750.0000000000,800.0000000000,1,0.0000000000,nan,60.0000000000,0.0000000000
perda_fonte,444,60.0000000000,0.0000000000,0.0000000000,750.0000000000,800.0000000000,1,0.0000000000,nan,60.0000000000,0.0000000000
perda_fonte,445,60.0000000000,0.0000000000,0.0000000000,750.0000000000,800.0000000000,1,0.0000000000,nan,60.0000000000,0.0000000000
perda_fonte,446,60.0000000000,0.0000000000,0.0000000000,750.0000000000,800.0000000000,1,0.0000000000,nan,60.0000000000,0.0000000000
perda_fonte,447,60.0000000000,0.0000000000,0.0000000000,750.0000000000,800.0000000000,1,0.0000000000,nan,60.0000000000,0.0000000000
perda_fonte,448,60.0000000000,0.0000000000,0.0000000000,750.0000000000,800.0000000000,1,0.0000000000,nan,60.0000000000,0.0000000000
perda_fonte,449,60.0000000000,0.0000000000,0.0000000000,750.0000000000,800.0000000000,1,0.0000000000,nan,60.0000000000,0.0000000000
perda_fonte,450,60.0000000000,0.0000000000,0.0000000000,750.0000000000,800.0000000000,1,0.0000000000,nan,60.0000000000,0.0000000000
perda_fonte,451,60.0000000000,0.0000000000,0.0000000000,750.0000000000,800.0000000000,1,0.0000000000,nan,60.0000000000,0.0000000000
perda_fonte,452,60.0000000000,0.0000000000,0.0000000000,750.0000000000,800.0000000000,1,0.0000000000,nan,60.0000000000,0.0000000000
perda_fonte,453,60.0000000000,0.0000000000,0.0000000000,750.0000000000,800.0000000000,1,0.0000000000,nan,60.0000000000,0.0000000000
perda_fonte,454,60.0000000000,0.0000000000,0.0000000000,750.0000000000,800.0000000000,1,0.0000000000,nan,60.0000000000,0.0000000000
perda_fonte,455,60.0000000000,0.0000000000,0.0000000000,750.0000000000,800.0000000000,1,0.0000000000,nan,60.0000000000,0.0000000000
perda_fonte,456,60.0000000000,0.0000000000,0.0000000000,750.0000000000,800.0000000000,1,0.0000000000,nan,60.0000000000,0.0000000000
perda_fonte,457,60.0000000000,0.0000000000,0.0000000000,750.0000000000,800.0000000000,1,0.0000000000,nan,60.0000000000,0.0000000000
perda_fonte,458,60.0000000000,0.0000000000,0.0000000000,750.0000000000,800.0000000000,1,0.0000000000,nan,60.0000000000,0.0000000000
perda_fonte,459,60.0000000000,0.0000000000,0.0000000000,750.0000000000,800.0000000000,1,0.0000000000,nan,60.0000000000,0.0000000000
perda_fonte,460,60.0000000000,0.0000000000,0.0000000000,750.0000000000,800.0000000000,1,0.0000000000,nan,60.0000000000,0.0000000000
perda_fonte,461,60.0000000000,0.0000000000,0.0000000000,750.0000000000,800.0000000000,1,0.0000000000,nan,60.0000000000,0.0000000000
perda_fonte,462,60.0000000000,0.0000000000,0.0000000000,750.0000000000,800.0000000000,1,0.0000000000,nan,60.0000000000,0.0000000000
perda_fonte,463,60.0000000000,0.0000000000,0.0000000000,750.0000000000,800.0000000000,1,0.0000000000,nan,60.0000000000,0.0000000000
perda_fonte,464,60.0000000000,0.0000000000,0.0000000000,750.0000000000,800.0000000000,1,0.0000000000,nan,60.0000000000,0.0000000000
perda_fonte,465,60.0000000000,0.0000000000,0.0000000000,750.0000000000,800.0000000000,1,0.0000000000,nan,60.0000000000,0.0000000000
perda_fonte,466,60.0000000000,0.0000000000,0.0000000000,750.0000000000,800.0000000000,1,0.0000000000,nan,60.0000000000,0.0000000000
perda_fonte,467,60.0000000000,0.0000000000,0.0000000000,750.0000000000,800.0000000000,1,0.0000000000,nan,60.0000000000,0.0000000000
perda_fonte,468,60.0000000000,0.0000000000,0.0000000000,750.0000000000,800.0000000000,1,0.0000000000,nan,60.0000000000,0.0000000000
perda_fonte,469,60.0000000000,0.0000000000,0.0000000000,750.0000000000,800.0000000000,1,0.0000000000,nan,60.0000000000,0.0000000000
perda_fonte,470,60.0000000000,0.0000000000,0.0000000000,750.0000000000,800.0000000000,1,0.0000000000,nan,60.0000000000,0.0000000000
perda_fonte,471,60.0000000000,0.0000000000,0.0000000000,750.0000000000,800.0000000000,1,0.0000000000,nan,60.0000000000,0.0000000000
perda_fonte,472,60.0000000000,0.0000000000,0.0000000000,750.0000000000,800.0000000000,1,0.0000000000,nan,60.0000000000,0.0000000000
perda_fonte,473,60.0000000000,0.0000000000,0.0000000000,750.0000000000,800.0000000000,1,0.0000000000,nan,60.0000000000,0.0000000000
perda_fonte,474,60.0000000000,0.0000000000,0.0000000000,750.0000000000,800.0000000000,1,0.0000000000,nan,60.0000000000,0.0000000000
perda_fonte,475,60.0000000000,0.0000000000,0.0000000000,750.0000000000,800.0000000000,1,0.0000000000,nan,60.0000000000,0.0000000000
perda_fonte,476,60.0000000000,0.0000000000,0.0000000000,750.0000000000,800.0000000000,1,0.0000000000,nan,60.0000000000,0.0000000000
perda_fonte,477,60.0000000000,0.0000000000,0.0000000000,750.0000000000,800.0000000000,1,0.0000000000,nan,60.0000000000,0.0000000000
perda_fonte,478,60.0000000000,0.0000000000,0.0000000000,750.0000000000,800.0000000000,1,0.0000000000,nan,60.0000000000,0.0000000000
perda_fonte,479,60.0000000000,0.0000000000,0.0000000000,750.0000000000,800.0000000000,1,0.0000000000,nan,60.0000000000,0.0000000000
perda_fonte,480,60.0000000000,0.0000000000,0.0000000000,750.0000000000,800.0000000000,1,0.0000000000,nan,60.0000000000,0.0000000000
perda_fonte,481,60.0000000000,0.0000000000,0.0000000000,750.0000000000,800.0000000000,1,0.0000000000,nan,60.0000000000,0.0000000000
perda_fonte,482,60.0000000000,0.0000000000,0.0000000000,750.0000000000,800.0000000000,1,0.0000000000,nan,60.0000000000,0.0000000000
perda_fonte,483,60.0000000000,0.0000000000,0.0000000000,750.0000000000,800.0000000000,1,0.0000000000,nan,60.0000000000,0.0000000000
perda_fonte,484,60.0000000000,0.0000000000,0.0000000000,750.0000000000,800.0000000000,1,0.0000000000,nan,60.0000000000,0.0000000000
perda_fonte,485,60.0000000000,0.0000000000,0.0000000000,750.0000000000,800.0000000000,1,0.0000000000,nan,60.0000000000,0.0000000000
perda_fonte,486,60.0000000000,0.0000000000,0.0000000000,750.0000000000,800.0000000000,1,0.0000000000,nan,60.0000000000,0.0000000000
perda_fonte,487,60.0000000000,0.0000000000,0.0000000000,750.0000000000,800.0000000000,1,0.0000000000,nan,60.0000000000,0.0000000000
perda_fonte,488,60.0000000000,0.0000000000,0.0000000000,750.0000000000,800.0000000000,1,0.0000000000,nan,60.0000000000,0.0000000000
perda_fonte,489,60.0000000000,0.0000000000,0.0000000000,750.0000000000,800.0000000000,1,0.0000000000,nan,60.0000000000,0.0000000000
perda_fonte,490,60.0000000000,0.0000000000,0.0000000000,750.0000000000,800.0000000000,1,0.0000000000,nan,60.0000000000,0.0000000000
perda_fonte,491,60.0000000000,0.0000000000,0.0000000000,750.0000000000,800.0000000000,1,0.0000000000,nan,60.0000000000,0.0000000000
perda_fonte,492,60.0000000000,0.0000000000,0.0000000000,750.0000000000,800.0000000000,1,0.0000000000,nan,60.0000000000,0.0000000000
perda_fonte,493,60.0000000000,0.0000000000,0.0000000000,750.0000000000,800.0000000000,1,0.0000000000,nan,60.0000000000,0.0000000000
perda_fonte,494,60.0000000000,0.0000000000,0.0000000000,750.0000000000,800.0000000000,1,0.0000000000,nan,60.0000000000,0.0000000000
perda_fonte,495,60.0000000000,0.0000000000,0.0000000000,750.0000000000,800.0000000000,1,0.0000000000,nan,60.0000000000,0.0000000000
perda_fonte,496,60.0000000000,0.0000000000,0.0000000000,750.0000000000,800.0000000000,1,0.0000000000,nan,60.0000000000,0.0000000000
perda_fonte,497,60.0000000000,0.0000000000,0.0000000000,750.0000000000,800.0000000000,1,0.0000000000,nan,60.0000000000,0.0000000000
perda_fonte,498,60.0000000000,0.0000000000,0.0000000000,750.0000000000,800.0000000000,1,0.0000000000,nan,60.0000000000,0.0000000000
perda_fonte,499,60.0000000000,0.0000000000,0.0000000000,750.0000000000,800.0000000000,1,0.0000000000,nan,60.0000000000,0.0000000000
perda_fonte,500,60.0000000000,0.0000000000,0.0000000000,750.0000000000,0.0000000000,0,400.0000000000,nan,59.9907960388,592.6122638851
perda_fonte,501,59.9907960388,157.3877361149,400.0000000000,750.0000000000,0.0000000000,0,400.0000000000,nan,59.9760095930,497.1517764686
perda_fonte,502,59.9760095930,252.8482235314,400.0000000000,750.0000000000,0.0000000000,0,400.0000000000,nan,59.9578371991,439.2520640594
perda_fonte,503,59.9578371991,310.7479359406,400.0000000000,750.0000000000,0.0000000000,0,400.0000000000,nan,59.9376111238,404.1341132946
perda_fonte,504,59.9376111238,345.8658867054,400.0000000000,750.0000000000,0.0000000000,0,400.0000000000,nan,59.9161394279,382.8339994496
perda_fonte,505,59.9161394279,367.1660005504,400.0000000000,750.0000000000,0.0000000000,0,400.0000000000,nan,59.8939122248,369.9148273471
perda_fonte,506,59.8939122248,380.0851726529,400.0000000000,750.0000000000,0.0000000000,0,400.0000000000,nan,59.8712267835,362.0789533689
perda_fonte,507,59.8712267835,387.9210466311,400.0000000000,750.0000000000,0.0000000000,0,400.0000000000,nan,59.8482634066,357.3262555555
perda_fonte,508,59.8482634066,392.6737444445,400.0000000000,750.0000000000,0.0000000000,0,400.0000000000,nan,59.8251314533,354.4435986153
perda_fonte,509,59.8251314533,395.5564013847,400.0000000000,750.0000000000,0.0000000000,0,400.0000000000,nan,59.8018972533,352.6951787996
perda_fonte,510,59.8018972533,397.3048212004,400.0000000000,750.0000000000,0.0000000000,0,400.0000000000,nan,59.7786010374,351.6347085754
perda_fonte,511,59.7786010374,398.3652914246,400.0000000000,750.0000000000,0.0000000000,0,400.0000000000,nan,59.7552672070,350.9915008707
perda_fonte,512,59.7552672070,399.0084991293,400.0000000000,750.0000000000,0.0000000000,0,400.0000000000,nan,59.7319105623,350.6013756772
perda_fonte,513,59.7319105623,399.3986243228,400.0000000000,750.0000000000,0.0000000000,0,400.0000000000,nan,59.7085400800,350.3647527862
perda_fonte,514,59.7085400800,399.6352472138,400.0000000000,750.0000000000,0.0000000000,0,400.0000000000,nan,59.6851612048,350.2212337481
perda_fonte,515,59.6851612048,399.7787662519,400.0000000000,750.0000000000,0.0000000000,0,400.0000000000,nan,59.6617772390,350.1341850512
perda_fonte,516,59.6617772390,399.8658149488,400.0000000000,750.0000000000,0.0000000000,0,400.0000000000,nan,59.6383901857,350.0813873476
perda_fonte,517,59.6383901857,399.9186126524,400.0000000000,750.0000000000,0.0000000000,0,400.0000000000,nan,59.6150012596,350.0493639216
perda_fonte,518,59.6150012596,399.9506360784,400.0000000000,750.0000000000,0.0000000000,0,400.0000000000,nan,59.5916111976,350.0299407320
perda_fonte,519,59.5916111976,399.9700592680,400.0000000000,750.0000000000,0.0000000000,0,400.0000000000,nan,59.5682204468,350.0181599719
perda_fonte,520,59.5682204468,399.9818400281,400.0000000000,750.0000000000,0.0000000000,0,400.0000000000,nan,59.5448292780,350.0110145797
perda_fonte,521,59.5448292780,399.9889854203,400.0000000000,750.0000000000,0.0000000000,0,400.0000000000,nan,59.5214378558,350.0066806803
perda_fonte,522,59.5214378558,399.9933193197,400.0000000000,750.0000000000,0.0000000000,0,400.0000000000,nan,59.4980462799,350.0040520374
perda_fonte,523,59.4980462799,399.9959479626,400.0000000000,750.0000000000,0.0000000000,0,400.0000000000,nan,59.4746546108,350.0024576849
perda_fonte,524,59.4746546108,399.9975423151,400.0000000000,750.0000000000,0.0000000000,0,400.0000000000,nan,59.4512628851,350.0014906613
perda_fonte,525,59.4512628851,399.9985093387,400.0000000000,750.0000000000,0.0000000000,0,400.0000000000,nan,59.4278711251,350.0009041318
perda_fonte,526,59.4278711251,399.9990958682,400.0000000000,750.0000000000,0.0000000000,0,400.0000000000,nan,59.4044793443,350.0005483836
perda_fonte,527,59.4044793443,399.9994516164,400.0000000000,750.0000000000,0.0000000000,0,400.0000000000,nan,59.3810875509,350.0003326115
perda_fonte,528,59.3810875509,399.9996673885,400.0000000000,750.0000000000,0.0000000000,0,400.0000000000,nan,59.3576957498,350.0002017391
perda_fonte,529,59.3576957498,399.9997982609,400.0000000000,750.0000000000,0.0000000000,0,400.0000000000,nan,59.3343039441,350.0001223609
perda_fonte,530,59.3343039441,399.9998776391,400.0000000000,750.0000000000,0.0000000000,0,400.0000000000,nan,59.3109121356,350.0000742157
perda_fonte,531,59.3109121356,399.9999257843,400.0000000000,750.0000000000,0.0000000000,0,400.0000000000,nan,59.2875203254,350.0000450141
perda_fonte,532,59.2875203254,399.9999549859,400.0000000000,750.0000000000,0.0000000000,0,400.0000000000,nan,59.2641285141,350.0000273024
perda_fonte,533,59.2641285141,399.9999726976,400.0000000000,750.0000000000,0.0000000000,0,400.0000000000,nan,59.2407367022,350.0000165598
perda_fonte,534,59.2407367022,399.9999834402,400.0000000000,750.0000000000,0.0000000000,0,400.0000000000,nan,59.2173448899,350.0000100440
perda_fonte,535,59.2173448899,399.9999899560,400.0000000000,750.0000000000,0.0000000000,0,400.0000000000,nan,59.1939530774,350.0000060920
perda_fonte,536,59.1939530774,399.9999939080,400.0000000000,750.0000000000,0.0000000000,0,400.0000000000,nan,59.1705612648,350.0000036950
perda_fonte,537,59.1705612648,399.9999963050,400.0000000000,750.0000000000,0.0000000000,0,400.0000000000,nan,59.1471694520,350.0000022411
perda_fonte,538,59.1471694520,399.9999977589,400.0000000000,750.0000000000,0.0000000000,0,400.0000000000,nan,59.1237776392,350.0000013593
perda_fonte,539,59.1237776392,399.9999986407,400.0000000000,750.0000000000,0.0000000000,0,400.0000000000,nan,59.1003858264,350.0000008245
perda_fonte,540,59.1003858264,399.9999991755,400.0000000000,750.0000000000,0.0000000000,0,400.0000000000,nan,59.0769940136,350.0000005001
perda_fonte,541,59.0769940136,399.9999994999,400.0000000000,750.0000000000,0.0000000000,0,400.0000000000,nan,59.0536022007,350.0000003033
perda_fonte,542,59.0536022007,399.9999996967,400.0000000000,750.0000000000,0.0000000000,0,400.0000000000,nan,59.0302103879,350.0000001840
perda_fonte,543,59.0302103879,399.9999998160,400.0000000000,750.0000000000,0.0000000000,0,400.0000000000,nan,59.0068185750,350.0000001116
perda_fonte,544,59.0068185750,399.9999998884,400.0000000000,750.0000000000,0.0000000000,0,400.0000000000,nan,58.9834267622,350.0000000677
perda_fonte,545,58.9834267622,399.9999999323,400.0000000000,750.0000000000,0.0000000000,0,400.0000000000,nan,58.9600349493,350.0000000410
perda_fonte,546,58.9600349493,399.9999999590,400.0000000000,750.0000000000,0.0000000000,0,400.0000000000,nan,58.9366431364,350.0000000249
perda_fonte,547,58.9366431364,399.9999999751,400.0000000000,750.0000000000,0.0000000000,0,400.0000000000,nan,58.9132513236,350.0000000151
perda_fonte,548,58.9132513236,399.9999999849,400.0000000000,750.0000000000,0.0000000000,0,400.0000000000,nan,58.8898595107,350.0000000092
perda_fonte,549,58.8898595107,399.9999999908,400.0000000000,750.0000000000,0.0000000000,0,400.0000000000,nan,58.8664676978,350.0000000056
perda_fonte,550,58.8664676978,399.9999999944,400.0000000000,750.0000000000,0.0000000000,0,400.0000000000,nan,58.8430758850,350.0000000034
perda_fonte,551,58.8430758850,399.9999999966,400.0000000000,750.0000000000,0.0000000000,0,400.0000000000,nan,58.8196840721,350.0000000020
perda_fonte,552,58.8196840721,399.9999999980,400.0000000000,750.0000000000,0.0000000000,0,400.0000000000,nan,58.7962922592,350.0000000012
perda_fonte,553,58.7962922592,399.9999999988,400.0000000000,750.0000000000,0.0000000000,0,400.0000000000,nan,58.7729004464,350.0000000008
perda_fonte,554,58.7729004464,399.9999999992,400.0000000000,750.0000000000,0.0000000000,0,400.0000000000,nan,58.7495086335,350.0000000005
perda_fonte,555,58.7495086335,399.9999999995,400.0000000000,750.0000000000,0.0000000000,0,400.0000000000,nan,58.7261168206,350.0000000003
perda_fonte,556,58.7261168206,399.9999999997,400.0000000000,750.0000000000,0.0000000000,0,400.0000000000,nan,58.7027250078,350.0000000002
perda_fonte,557,58.7027250078,399.9999999998,400.0000000000,750.0000000000,0.0000000000,0,400.0000000000,nan,58.6793331949,350.0000000001
perda_fonte,558,58.6793331949,399.9999999999,400.0000000000,750.0000000000,0.0000000000,0,400.0000000000,nan,58.6559413820,350.0000000001
perda_fonte,559,58.6559413820,399.9999999999,400.0000000000,750.0000000000,0.0000000000,0,400.0000000000,nan,58.6325495692,350.0000000000
perda_fonte,560,58.6325495692,400.0000000000,400.0000000000,750.0000000000,0.0000000000,0,400.0000000000,nan,58.6091577563,350.0000000000
perda_fonte,561,58.6091577563,400.0000000000,400.0000000000,750.0000000000,0.0000000000,0,400.0000000000,nan,58.5857659435,350.0000000000
perda_fonte,562,58.5857659435,400.0000000000,400.0000000000,750.0000000000,0.0000000000,0,400.0000000000,nan,58.5623741306,350.0000000000
perda_fonte,563,58.5623741306,400.0000000000,400.0000000000,750.0000000000,0.0000000000,0,400.0000000000,nan,58.5389823177,350.0000000000
perda_fonte,564,58.5389823177,400.0000000000,400.0000000000,750.0000000000,0.0000000000,0,400.0000000000,nan,58.5155905049,350.0000000000
perda_fonte,565,58.5155905049,400.0000000000,400.0000000000,750.0000000000,0.0000000000,0,400.0000000000,nan,58.4921986920,350.0000000000
perda_fonte,566,58.4921986920,400.0000000000,400.0000000000,750.0000000000,0.0000000000,0,400.0000000000,nan,58.4688068791,350.0000000000
perda_fonte,567,58.4688068791,400.0000000000,400.0000000000,750.0000000000,0.0000000000,0,400.0000000000,nan,58.4454150663,350.0000000000
perda_fonte,568,58.4454150663,400.0000000000,400.0000000000,750.0000000000,0.0000000000,0,400.0000000000,nan,58.4220232534,350.0000000000
perda_fonte,569,58.4220232534,400.0000000000,400.0000000000,750.0000000000,0.0000000000,0,400.0000000000,nan,58.3986314405,350.0000000000
perda_fonte,570,58.3986314405,400.0000000000,400.0000000000,750.0000000000,0.0000000000,0,400.0000000000,nan,58.3752396277,350.0000000000
perda_fonte,571,58.3752396277,400.0000000000,400.0000000000,750.0000000000,0.0000000000,0,400.0000000000,nan,58.3518478148,350.0000000000
perda_fonte,572,58.3518478148,400.0000000000,400.0000000000,750.0000000000,0.0000000000,0,400.0000000000,nan,58.3284560019,350.0000000000
perda_fonte,573,58.3284560019,400.0000000000,400.0000000000,750.0000000000,0.0000000000,0,400.0000000000,nan,58.3050641891,350.0000000000
perda_fonte,574,58.3050641891,400.0000000000,400.0000000000,750.0000000000,0.0000000000,0,400.0000000000,nan,58.2816723762,350.0000000000
perda_fonte,575,58.2816723762,400.0000000000,400.0000000000,750.0000000000,0.0000000000,0,400.0000000000,nan,58.2582805633,350.0000000000
perda_fonte,576,58.2582805633,400.0000000000,400.0000000000,750.0000000000,0.0000000000,0,400.0000000000,nan,58.2348887505,350.0000000000
perda_fonte,577,58.2348887505,400.0000000000,400.0000000000,750.0000000000,0.0000000000,0,400.0000000000,nan,58.2114969376,350.0000000000
perda_fonte,578,58.2114969376,400.0000000000,400.0000000000,750.0000000000,0.0000000000,0,400.0000000000,nan,58.1881051247,350.0000000000
perda_fonte,579,58.1881051247,400.0000000000,400.0000000000,750.0000000000,0.0000000000,0,400.0000000000,nan,58.1647133119,350.0000000000
perda_fonte,580,58.1647133119,400.0000000000,400.0000000000,750.0000000000,0.0000000000,0,400.0000000000,nan,58.1413214990,350.0000000000
perda_fonte,581,58.1413214990,400.0000000000,400.0000000000,750.0000000000,0.0000000000,0,400.0000000000,nan,58.1179296861,350.0000000000
perda_fonte,582,58.1179296861,400.0000000000,400.0000000000,750.0000000000,0.0000000000,0,400.0000000000,nan,58.0945378733,350.0000000000
perda_fonte,583,58.0945378733,400.0000000000,400.0000000000,750.0000000000,0.0000000000,0,400.0000000000,nan,58.0711460604,350.0000000000
perda_fonte,584,58.0711460604,400.0000000000,400.0000000000,750.0000000000,0.0000000000,0,400.0000000000,nan,58.0477542475,350.0000000000
perda_fonte,585,58.0477542475,400.0000000000,400.0000000000,750.0000000000,0.0000000000,0,400.0000000000,nan,58.0243624347,350.0000000000
perda_fonte,586,58.0243624347,400.0000000000,400.0000000000,750.0000000000,0.0000000000,0,400.0000000000,nan,58.0009706218,350.0000000000
perda_fonte,587,58.0009706218,400.0000000000,400.0000000000,750.0000000000,0.0000000000,0,400.0000000000,nan,57.9775788089,350.0000000000
perda_fonte,588,57.9775788089,400.0000000000,400.0000000000,750.0000000000,0.0000000000,0,400.0000000000,nan,57.9541869961,350.0000000000
perda_fonte,589,57.9541869961,400.0000000000,400.0000000000,750.0000000000,0.0000000000,0,400.0000000000,nan,57.9307951832,350.0000000000
perda_fonte,590,57.9307951832,400.0000000000,400.0000000000,750.0000000000,0.0000000000,0,400.0000000000,nan,57.9074033704,350.0000000000
perda_fonte,591,57.9074033704,400.0000000000,400.0000000000,750.0000000000,0.0000000000,0,400.0000000000,nan,57.8840115575,350.0000000000
perda_fonte,592,57.8840115575,400.0000000000,400.0000000000,750.0000000000,0.0000000000,0,400.0000000000,nan,57.8606197446,350.0000000000
perda_fonte,593,57.8606197446,400.0000000000,400.0000000000,750.0000000000,0.0000000000,0,400.0000000000,nan,57.8372279318,350.0000000000
perda_fonte,594,57.8372279318,400.0000000000,400.0000000000,750.0000000000,0.0000000000,0,400.0000000000,nan,57.8138361189,350.0000000000
perda_fonte,595,57.8138361189,400.0000000000,400.0000000000,750.0000000000,0.0000000000,0,400.0000000000,nan,57.7904443060,350.0000000000
perda_fonte,596,57.7904443060,400.0000000000,400.0000000000,750.0000000000,0.0000000000,0,400.0000000000,nan,57.7670524932,350.0000000000
perda_fonte,597,57.7670524932,400.0000000000,400.0000000000,750.0000000000,0.0000000000,0,400.0000000000,nan,57.7436606803,350.0000000000
perda_fonte,598,57.7436606803,400.0000000000,400.0000000000,750.0000000000,0.0000000000,0,400.0000000000,nan,57.7202688674,350.0000000000
perda_fonte,599,57.7202688674,400.0000000000,400.0000000000,750.0000000000,0.0000000000,0,400.0000000000,nan,57.6968770546,350.0000000000
perda_fonte,600,57.6968770546,400.0000000000,400.0000000000,750.0000000000,0.0000000000,0,400.0000000000,nan,57.6734852417,350.0000000000
perda_fonte,601,57.6734852417,400.0000000000,400.0000000000,750.0000000000,0.0000000000,0,400.0000000000,nan,57.6500934288,350.0000000000
perda_fonte,602,57.6500934288,400.0000000000,400.0000000000,750.0000000000,0.0000000000,0,400.0000000000,nan,57.6267016160,350.0000000000
perda_fonte,603,57.6267016160,400.0000000000,400.0000000000,750.0000000000,0.0000000000,0,400.0000000000,nan,57.6033098031,350.0000000000
perda_fonte,604,57.6033098031,400.0000000000,400.0000000000,750.0000000000,0.0000000000,0,400.0000000000,nan,57.5799179902,350.0000000000
perda_fonte,605,57.5799179902,400.0000000000,400.0000000000,750.0000000000,0.0000000000,0,400.0000000000,nan,57.5565261774,350.0000000000
perda_fonte,606,57.5565261774,400.0000000000,400.0000000000,750.0000000000,0.0000000000,0,400.0000000000,nan,57.5331343645,350.0000000000
perda_fonte,607,57.5331343645,400.0000000000,400.0000000000,750.0000000000,0.0000000000,0,400.0000000000,nan,57.5097425516,350.0000000000
perda_fonte,608,57.5097425516,400.0000000000,400.0000000000,750.0000000000,0.0000000000,0,400.0000000000,nan,57.4863507388,350.0000000000
perda_fonte,609,57.4863507388,400.0000000000,400.0000000000,750.0000000000,0.0000000000,0,400.0000000000,nan,57.4629589259,350.0000000000
perda_fonte,610,57.4629589259,400.0000000000,400.0000000000,750.0000000000,0.0000000000,0,400.0000000000,nan,57.4395671130,350.0000000000
perda_fonte,611,57.4395671130,400.0000000000,400.0000000000,750.0000000000,0.0000000000,0,400.0000000000,nan,57.4161753002,350.0000000000
perda_fonte,612,57.4161753002,400.0000000000,400.0000000000,750.0000000000,0.0000000000,0,400.0000000000,nan,57.3927834873,350.0000000000
perda_fonte,613,57.3927834873,400.0000000000,400.0000000000,750.0000000000,0.0000000000,0,400.0000000000,nan,57.3693916744,350.0000000000
perda_fonte,614,57.3693916744,400.0000000000,400.0000000000,750.0000000000,0.0000000000,0,400.0000000000,nan,57.3459998616,350.0000000000
perda_fonte,615,57.3459998616,400.0000000000,400.0000000000,750.0000000000,0.0000000000,0,400.0000000000,nan,57.3226080487,350.0000000000
perda_fonte,616,57.3226080487,400.0000000000,400.0000000000,750.0000000000,0.0000000000,0,400.0000000000,nan,57.2992162358,350.0000000000
perda_fonte,617,57.2992162358,400.0000000000,400.0000000000,750.0000000000,0.0000000000,0,400.0000000000,nan,57.2758244230,350.0000000000
perda_fonte,618,57.2758244230,400.0000000000,400.0000000000,750.0000000000,0.0000000000,0,400.0000000000,nan,57.2524326101,350.0000000000
perda_fonte,619,57.2524326101,400.0000000000,400.0000000000,750.0000000000,0.0000000000,0,400.0000000000,nan,57.2290407973,350.0000000000
perda_fonte,620,57.2290407973,400.0000000000,400.0000000000,750.0000000000,0.0000000000,0,400.0000000000,nan,57.2056489844,350.0000000000
perda_fonte,621,57.2056489844,400.0000000000,400.0000000000,750.0000000000,0.0000000000,0,400.0000000000,nan,57.1822571715,350.0000000000
perda_fonte,622,57.1822571715,400.0000000000,400.0000000000,750.0000000000,0.0000000000,0,400.0000000000,nan,57.1588653587,350.0000000000
perda_fonte,623,57.1588653587,400.0000000000,400.0000000000,750.0000000000,0.0000000000,0,400.0000000000,nan,57.1354735458,350.0000000000
perda_fonte,624,57.1354735458,400.0000000000,400.0000000000,750.0000000000,0.0000000000,0,400.0000000000,nan,57.1120817329,350.0000000000
perda_fonte,625,57.1120817329,400.0000000000,400.0000000000,750.0000000000,0.0000000000,0,400.0000000000,nan,57.0886899201,350.0000000000
perda_fonte,626,57.0886899201,400.0000000000,400.0000000000,750.0000000000,0.0000000000,0,400.0000000000,nan,57.0652981072,350.0000000000
perda_fonte,627,57.0652981072,400.0000000000,400.0000000000,750.0000000000,0.0000000000,0,400.0000000000,nan,57.0419062943,350.0000000000
perda_fonte,628,57.0419062943,400.0000000000,400.0000000000,750.0000000000,0.0000000000,0,400.0000000000,nan,57.0185144815,350.0000000000
perda_fonte,629,57.0185144815,400.0000000000,400.0000000000,750.0000000000,0.0000000000,0,400.0000000000,nan,56.9951226686,350.0000000000
perda_fonte,630,56.9951226686,400.0000000000,400.0000000000,750.0000000000,0.0000000000,0,400.0000000000,nan,56.9717308557,350.0000000000
perda_fonte,631,56.9717308557,400.0000000000,400.0000000000,750.0000000000,0.0000000000,0,400.0000000000,nan,56.9483390429,350.0000000000
perda_fonte,632,56.9483390429,400.0000000000,400.0000000000,750.0000000000,0.0000000000,0,400.0000000000,nan,56.9249472300,350.0000000000
perda_fonte,633,56.9249472300,400.0000000000,400.0000000000,750.0000000000,0.0000000000,0,400.0000000000,nan,56.9015554171,350.0000000000
perda_fonte,634,56.9015554171,400.0000000000,400.0000000000,750.0000000000,0.0000000000,0,400.0000000000,nan,56.8781636043,350.0000000000
perda_fonte,635,56.8781636043,400.0000000000,400.0000000000,750.0000000000,0.0000000000,0,400.0000000000,nan,56.8547717914,350.0000000000
perda_fonte,636,56.8547717914,400.0000000000,400.0000000000,750.0000000000,0.0000000000,0,400.0000000000,nan,56.8313799785,350.0000000000
perda_fonte,637,56.8313799785,400.0000000000,400.0000000000,750.0000000000,0.0000000000,0,400.0000000000,nan,56.8079881657,350.0000000000
perda_fonte,638,56.8079881657,400.0000000000,400.0000000000,750.0000000000,0.0000000000,0,400.0000000000,nan,56.7845963528,350.0000000000
perda_fonte,639,56.7845963528,400.0000000000,400.0000000000,750.0000000000,0.0000000000,0,400.0000000000,nan,56.7612045399,350.0000000000
perda_fonte,640,56.7612045399,400.0000000000,400.0000000000,750.0000000000,0.0000000000,0,400.0000000000,nan,56.7378127271,350.0000000000
perda_fonte,641,56.7378127271,400.0000000000,400.0000000000,750.0000000000,0.0000000000,0,400.0000000000,nan,56.7144209142,350.0000000000
perda_fonte,642,56.7144209142,400.0000000000,400.0000000000,750.0000000000,0.0000000000,0,400.0000000000,nan,56.6910291013,350.0000000000
perda_fonte,643,56.6910291013,400.0000000000,400.0000000000,750.0000000000,0.0000000000,0,400.0000000000,nan,56.6676372885,350.0000000000
perda_fonte,644,56.6676372885,400.0000000000,400.0000000000,750.0000000000,0.0000000000,0,400.0000000000,nan,56.6442454756,350.0000000000
perda_fonte,645,56.6442454756,400.0000000000,400.0000000000,750.0000000000,0.0000000000,0,400.0000000000,nan,56.6208536627,350.0000000000
perda_fonte,646,56.6208536627,400.0000000000,400.0000000000,750.0000000000,0.0000000000,0,400.0000000000,nan,56.5974618499,350.0000000000
perda_fonte,647,56.5974618499,400.0000000000,400.0000000000,750.0000000000,0.0000000000,0,400.0000000000,nan,56.5740700370,350.0000000000
perda_fonte,648,56.5740700370,400.0000000000,400.0000000000,750.0000000000,0.0000000000,0,400.0000000000,nan,56.5506782242,350.0000000000
perda_fonte,649,56.5506782242,400.0000000000,400.0000000000,750.0000000000,0.0000000000,0,400.0000000000,nan,56.5272864113,350.0000000000
perda_fonte,650,56.5272864113,400.0000000000,400.0000000000,750.0000000000,800.0000000000,1,-50.0000000000,nan,56.5142490547,0.0000000000
perda_fonte,651,56.5142490547,222.9387968707,-50.0000000000,750.0000000000,800.0000000000,1,-50.0000000000,nan,56.5074919934,0.0000000000
perda_fonte,652,56.5074919934,115.5457485271,-50.0000000000,750.0000000000,800.0000000000,1,-50.0000000000,nan,56.5045441237,0.0000000000
perda_fonte,653,56.5045441237,50.4085720668,-50.0000000000,750.0000000000,800.0000000000,1,-50.0000000000,nan,56.5039066455,0.0000000000
perda_fonte,654,56.5039066455,10.9008774565,-50.0000000000,750.0000000000,800.0000000000,1,-50.0000000000,nan,56.5045960157,0.0000000000
perda_fonte,655,56.5045960157,-13.0617506192,-50.0000000000,750.0000000000,800.0000000000,1,-50.0000000000,nan,56.5060524617,0.0000000000
perda_fonte,656,56.5060524617,-27.5958192345,-50.0000000000,750.0000000000,800.0000000000,1,-50.0000000000,nan,56.5079741627,0.0000000000
perda_fonte,657,56.5079741627,-36.4111774600,-50.0000000000,750.0000000000,800.0000000000,1,-50.0000000000,nan,56.5101780552,0.0000000000
perda_fonte,658,56.5101780552,-41.7579625001,-50.0000000000,750.0000000000,800.0000000000,1,-50.0000000000,nan,56.5125531054,0.0000000000
perda_fonte,659,56.5125531054,-45.0009515578,-50.0000000000,750.0000000000,800.0000000000,1,-50.0000000000,nan,56.5150319681,0.0000000000
perda_fonte,660,56.5150319681,-46.9679238504,-50.0000000000,750.0000000000,800.0000000000,1,-50.0000000000,nan,56.5175737961,0.0000000000
perda_fonte,661,56.5175737961,-48.1609528527,-50.0000000000,750.0000000000,800.0000000000,1,-50.0000000000,nan,56.5201538146,0.0000000000
perda_fonte,662,56.5201538146,-48.8845615205,-50.0000000000,750.0000000000,800.0000000000,1,-50.0000000000,nan,56.5227569969,0.0000000000
perda_fonte,663,56.5227569969,-49.3234523632,-50.0000000000,750.0000000000,800.0000000000,1,-50.0000000000,nan,56.5253742285,0.0000000000
perda_fonte,664,56.5253742285,-49.5896531155,-50.0000000000,750.0000000000,800.0000000000,1,-50.0000000000,nan,56.5279999817,0.0000000000
perda_fonte,665,56.5279999817,-49.7511120334,-50.0000000000,750.0000000000,800.0000000000,1,-50.0000000000,nan,56.5306309033,0.0000000000
perda_fonte,666,56.5306309033,-49.8490418174,-50.0000000000,750.0000000000,800.0000000000,1,-50.0000000000,nan,56.5332649598,0.0000000000
perda_fonte,667,56.5332649598,-49.9084392339,-50.0000000000,750.0000000000,800.0000000000,1,-50.0000000000,nan,56.5359009178,0.0000000000
perda_fonte,668,56.5359009178,-49.9444655882,-50.0000000000,750.0000000000,800.0000000000,1,-50.0000000000,nan,56.5385380289,0.0000000000
perda_fonte,669,56.5385380289,-49.9663166766,-50.0000000000,750.0000000000,800.0000000000,1,-50.0000000000,nan,56.5411758396,0.0000000000
perda_fonte,670,56.5411758396,-49.9795700316,-50.0000000000,750.0000000000,800.0000000000,1,-50.0000000000,nan,56.5438140745,0.0000000000
perda_fonte,671,56.5438140745,-49.9876085978,-50.0000000000,750.0000000000,800.0000000000,1,-50.0000000000,nan,56.5464525667,0.0000000000
perda_fonte,672,56.5464525667,-49.9924842346,-50.0000000000,750.0000000000,800.0000000000,1,-50.0000000000,nan,56.5490912150,0.0000000000
perda_fonte,673,56.5490912150,-49.9954414579,-50.0000000000,750.0000000000,800.0000000000,1,-50.0000000000,nan,56.5517299579,0.0000000000
perda_fonte,674,56.5517299579,-49.9972351044,-50.0000000000,750.0000000000,800.0000000000,1,-50.0000000000,nan,56.5543687583,0.0000000000
perda_fonte,675,56.5543687583,-49.9983230061,-50.0000000000,750.0000000000,800.0000000000,1,-50.0000000000,nan,56.5570075935,0.0000000000
perda_fonte,676,56.5570075935,-49.9989828518,-50.0000000000,750.0000000000,800.0000000000,1,-50.0000000000,nan,56.5596464499,0.0000000000
perda_fonte,677,56.5596464499,-49.9993830684,-50.0000000000,750.0000000000,800.0000000000,1,-50.0000000000,nan,56.5622853190,0.0000000000
perda_fonte,678,56.5622853190,-49.9996258121,-50.0000000000,750.0000000000,800.0000000000,1,-50.0000000000,nan,56.5649241959,0.0000000000
perda_fonte,679,56.5649241959,-49.9997730436,-50.0000000000,750.0000000000,800.0000000000,1,-50.0000000000,nan,56.5675630775,0.0000000000
perda_fonte,680,56.5675630775,-49.9998623440,-50.0000000000,750.0000000000,800.0000000000,1,-50.0000000000,nan,56.5702019620,0.0000000000
perda_fonte,681,56.5702019620,-49.9999165074,-50.0000000000,750.0000000000,800.0000000000,1,-50.0000000000,nan,56.5728408482,0.0000000000
perda_fonte,682,56.5728408482,-49.9999493592,-50.0000000000,750.0000000000,800.0000000000,1,-50.0000000000,nan,56.5754797355,0.0000000000
perda_fonte,683,56.5754797355,-49.9999692848,-50.0000000000,750.0000000000,800.0000000000,1,-50.0000000000,nan,56.5781186234,0.0000000000
perda_fonte,684,56.5781186234,-49.9999813703,-50.0000000000,750.0000000000,800.0000000000,1,-50.0000000000,nan,56.5807575117,0.0000000000
perda_fonte,685,56.5807575117,-49.9999887005,-50.0000000000,750.0000000000,800.0000000000,1,-50.0000000000,nan,56.5833964002,0.0000000000
perda_fonte,686,56.5833964002,-49.9999931465,-50.0000000000,750.0000000000,800.0000000000,1,-50.0000000000,nan,56.5860352889,0.0000000000
perda_fonte,687,56.5860352889,-49.9999958431,-50.0000000000,750.0000000000,800.0000000000,1,-50.0000000000,nan,56.5886741776,0.0000000000
perda_fonte,688,56.5886741776,-49.9999974787,-50.0000000000,750.0000000000,800.0000000000,1,-50.0000000000,nan,56.5913130665,0.0000000000
perda_fonte,689,56.5913130665,-49.9999984708,-50.0000000000,750.0000000000,800.0000000000,1,-50.0000000000,nan,56.5939519553,0.0000000000
perda_fonte,690,56.5939519553,-49.9999990725,-50.0000000000,750.0000000000,800.0000000000,1,-50.0000000000,nan,56.5965908442,0.0000000000
perda_fonte,691,56.5965908442,-49.9999994374,-50.0000000000,750.0000000000,800.0000000000,1,-50.0000000000,nan,56.5992297330,0.0000000000
perda_fonte,692,56.5992297330,-49.9999996588,-50.0000000000,750.0000000000,800.0000000000,1,-50.0000000000,nan,56.6018686219,0.0000000000
perda_fonte,693,56.6018686219,-49.9999997930,-50.0000000000,750.0000000000,800.0000000000,1,-50.0000000000,nan,56.6045075108,0.0000000000
perda_fonte,694,56.6045075108,-49.9999998745,-50.0000000000,750.0000000000,800.0000000000,1,-50.0000000000,nan,56.6071463997,0.0000000000
perda_fonte,695,56.6071463997,-49.9999999239,-50.0000000000,750.0000000000,800.0000000000,1,-50.0000000000,nan,56.6097852886,0.0000000000
perda_fonte,696,56.6097852886,-49.9999999538,-50.0000000000,750.0000000000,800.0000000000,1,-50.0000000000,nan,56.6124241774,0.0000000000
perda_fonte,697,56.6124241774,-49.9999999720,-50.0000000000,750.0000000000,800.0000000000,1,-50.0000000000,nan,56.6150630663,0.0000000000
perda_fonte,698,56.6150630663,-49.9999999830,-50.0000000000,750.0000000000,800.0000000000,1,-50.0000000000,nan,56.6177019552,0.0000000000
perda_fonte,699,56.6177019552,-49.9999999897,-50.0000000000,750.0000000000,800.0000000000,1,-50.0000000000,nan,56.6203408441,0.0000000000
perda_fonte,700,56.6203408441,-49.9999999938,-50.0000000000,750.0000000000,800.0000000000,1,-50.0000000000,nan,56.6229797330,0.0000000000
perda_fonte,701,56.6229797330,-49.9999999962,-50.0000000000,750.0000000000,800.0000000000,1,-50.0000000000,nan,56.6256186219,0.0000000000
perda_fonte,702,56.6256186219,-49.9999999977,-50.0000000000,750.0000000000,800.0000000000,1,-50.0000000000,nan,56.6282575108,0.0000000000
perda_fonte,703,56.6282575108,-49.9999999986,-50.0000000000,750.0000000000,800.0000000000,1,-50.0000000000,nan,56.6308963997,0.0000000000
perda_fonte,704,56.6308963997,-49.9999999992,-50.0000000000,750.0000000000,800.0000000000,1,-50.0000000000,nan,56.6335352886,0.0000000000
perda_fonte,705,56.6335352886,-49.9999999995,-50.0000000000,750.0000000000,800.0000000000,1,-50.0000000000,nan,56.6361741774,0.0000000000
perda_fonte,706,56.6361741774,-49.9999999997,-50.0000000000,750.0000000000,800.0000000000,1,-50.0000000000,nan,56.6388130663,0.0000000000
perda_fonte,707,56.6388130663,-49.9999999998,-50.0000000000,750.0000000000,800.0000000000,1,-50.0000000000,nan,56.6414519552,0.0000000000
perda_fonte,708,56.6414519552,-49.9999999999,-50.0000000000,750.0000000000,800.0000000000,1,-50.0000000000,nan,56.6440908441,0.0000000000
perda_fonte,709,56.6440908441,-49.9999999999,-50.0000000000,750.0000000000,800.0000000000,1,-50.0000000000,nan,56.6467297330,0.0000000000
perda_fonte,710,56.6467297330,-50.0000000000,-50.0000000000,750.0000000000,800.0000000000,1,-50.0000000000,nan,56.6493686219,0.0000000000
perda_fonte,711,56.6493686219,-50.0000000000,-50.0000000000,750.0000000000,800.0000000000,1,-50.0000000000,nan,56.6520075108,0.0000000000
perda_fonte,712,56.6520075108,-50.0000000000,-50.0000000000,750.0000000000,800.0000000000,1,-50.0000000000,nan,56.6546463997,0.0000000000
perda_fonte,713,56.6546463997,-50.0000000000,-50.0000000000,750.0000000000,800.0000000000,1,-50.0000000000,nan,56.6572852886,0.0000000000
perda_fonte,714,56.6572852886,-50.0000000000,-50.0000000000,750.0000000000,800.0000000000,1,-50.0000000000,nan,56.6599241774,0.0000000000
perda_fonte,715,56.6599241774,-50.0000000000,-50.0000000000,750.0000000000,800.0000000000,1,-50.0000000000,nan,56.6625630663,0.0000000000
perda_fonte,716,56.6625630663,-50.0000000000,-50.0000000000,750.0000000000,800.0000000000,1,-50.0000000000,nan,56.6652019552,0.0000000000
perda_fonte,717,56.6652019552,-50.0000000000,-50.0000000000,750.0000000000,800.0000000000,1,-50.0000000000,nan,56.6678408441,0.0000000000
perda_fonte,718,56.6678408441,-50.0000000000,-50.0000000000,750.0000000000,800.0000000000,1,-50.0000000000,nan,56.6704797330,0.0000000000
perda_fonte,719,56.6704797330,-50.0000000000,-50.0000000000,750.0000000000,800.0000000000,1,-50.0000000000,nan,56.6731186219,0.0000000000
perda_fonte,720,56.6731186219,-50.0000000000,-50.0000000000,750.0000000000,800.0000000000,1,-50.0000000000,nan,56.6757575108,0.0000000000
perda_fonte,721,56.6757575108,-50.0000000000,-50.0000000000,750.0000000000,800.0000000000,1,-50.0000000000,nan,56.6783963997,0.0000000000
perda_fonte,722,56.6783963997,-50.0000000000,-50.0000000000,750.0000000000,800.0000000000,1,-50.0000000000,nan,56.6810352886,0.0000000000
perda_fonte,723,56.6810352886,-50.0000000000,-50.0000000000,750.0000000000,800.0000000000,1,-50.0000000000,nan,56.6836741774,0.0000000000
perda_fonte,724,56.6836741774,-50.0000000000,-50.0000000000,750.0000000000,800.0000000000,1,-50.0000000000,nan,56.6863130663,0.0000000000
perda_fonte,725,56.6863130663,-50.0000000000,-50.0000000000,750.0000000000,800.0000000000,1,-50.0000000000,nan,56.6889519552,0.0000000000
perda_fonte,726,56.6889519552,-50.0000000000,-50.0000000000,750.0000000000,800.0000000000,1,-50.0000000000,nan,56.6915908441,0.0000000000
perda_fonte,727,56.6915908441,-50.0000000000,-50.0000000000,750.0000000000,800.0000000000,1,-50.0000000000,nan,56.6942297330,0.0000000000
perda_fonte,728,56.6942297330,-50.0000000000,-50.0000000000,750.0000000000,800.0000000000,1,-50.0000000000,nan,56.6968686219,0.0000000000
perda_fonte,729,56.6968686219,-50.0000000000,-50.0000000000,750.0000000000,800.0000000000,1,-50.0000000000,nan,56.6995075108,0.0000000000
perda_fonte,730,56.6995075108,-50.0000000000,-50.0000000000,750.0000000000,800.0000000000,1,-50.0000000000,nan,56.7021463997,0.0000000000
perda_fonte,731,56.7021463997,-50.0000000000,-50.0000000000,750.0000000000,800.0000000000,1,-50.0000000000,nan,56.7047852886,0.0000000000
perda_fonte,732,56.7047852886,-50.0000000000,-50.0000000000,750.0000000000,800.0000000000,1,-50.0000000000,nan,56.7074241774,0.0000000000
perda_fonte,733,56.7074241774,-50.0000000000,-50.0000000000,750.0000000000,800.0000000000,1,-50.0000000000,nan,56.7100630663,0.0000000000
perda_fonte,734,56.7100630663,-50.0000000000,-50.0000000000,750.0000000000,800.0000000000,1,-50.0000000000,nan,56.7127019552,0.0000000000
perda_fonte,735,56.7127019552,-50.0000000000,-50.0000000000,750.0000000000,800.0000000000,1,-50.0000000000,nan,56.7153408441,0.0000000000
perda_fonte,736,56.7153408441,-50.0000000000,-50.0000000000,750.0000000000,800.0000000000,1,-50.0000000000,nan,56.7179797330,0.0000000000
perda_fonte,737,56.7179797330,-50.0000000000,-50.0000000000,750.0000000000,800.0000000000,1,-50.0000000000,nan,56.7206186219,0.0000000000
perda_fonte,738,56.7206186219,-50.0000000000,-50.0000000000,750.0000000000,800.0000000000,1,-50.0000000000,nan,56.7232575108,0.0000000000
perda_fonte,739,56.7232575108,-50.0000000000,-50.0000000000,750.0000000000,800.0000000000,1,-50.0000000000,nan,56.7258963997,0.0000000000
perda_fonte,740,56.7258963997,-50.0000000000,-50.0000000000,750.0000000000,800.0000000000,1,-50.0000000000,nan,56.7285352886,0.0000000000
perda_fonte,741,56.7285352886,-50.0000000000,-50.0000000000,750.0000000000,800.0000000000,1,-50.0000000000,nan,56.7311741774,0.0000000000
perda_fonte,742,56.7311741774,-50.0000000000,-50.0000000000,750.0000000000,800.0000000000,1,-50.0000000000,nan,56.7338130663,0.0000000000
perda_fonte,743,56.7338130663,-50.0000000000,-50.0000000000,750.0000000000,800.0000000000,1,-50.0000000000,nan,56.7364519552,0.0000000000
perda_fonte,744,56.7364519552,-50.0000000000,-50.0000000000,750.0000000000,800.0000000000,1,-50.0000000000,nan,56.7390908441,0.0000000000
perda_fonte,745,56.7390908441,-50.0000000000,-50.0000000000,750.0000000000,800.0000000000,1,-50.0000000000,nan,56.7417297330,0.0000000000
perda_fonte,746,56.7417297330,-50.0000000000,-50.0000000000,750.0000000000,800.0000000000,1,-50.0000000000,nan,56.7443686219,0.0000000000
perda_fonte,747,56.7443686219,-50.0000000000,-50.0000000000,750.0000000000,800.0000000000,1,-50.0000000000,nan,56.7470075108,0.0000000000
perda_fonte,748,56.7470075108,-50.0000000000,-50.0000000000,750.0000000000,800.0000000000,1,-50.0000000000,nan,56.7496463997,0.0000000000
perda_fonte,749,56.7496463997,-50.0000000000,-50.0000000000,750.0000000000,800.0000000000,1,-50.0000000000,nan,56.7522852886,0.0000000000
perda_fonte,750,56.7522852886,-50.0000000000,-50.0000000000,750.0000000000,800.0000000000,1,-50.0000000000,nan,56.7549241774,0.0000000000
perda_fonte,751,56.7549241774,-50.0000000000,-50.0000000000,750.0000000000,800.0000000000,1,-50.0000000000,nan,56.7575630663,0.0000000000
perda_fonte,752,56.7575630663,-50.0000000000,-50.0000000000,750.0000000000,800.0000000000,1,-50.0000000000,nan,56.7602019552,0.0000000000
perda_fonte,753,56.7602019552,-50.0000000000,-50.0000000000,750.0000000000,800.0000000000,1,-50.0000000000,nan,56.7628408441,0.0000000000
perda_fonte,754,56.7628408441,-50.0000000000,-50.0000000000,750.0000000000,800.0000000000,1,-50.0000000000,nan,56.7654797330,0.0000000000
perda_fonte,755,56.7654797330,-50.0000000000,-50.0000000000,750.0000000000,800.0000000000,1,-50.0000000000,nan,56.7681186219,0.0000000000
perda_fonte,756,56.7681186219,-50.0000000000,-50.0000000000,750.0000000000,800.0000000000,1,-50.0000000000,nan,56.7707575108,0.0000000000
perda_fonte,757,56.7707575108,-50.0000000000,-50.0000000000,750.0000000000,800.0000000000,1,-50.0000000000,nan,56.7733963997,0.0000000000
perda_fonte,758,56.7733963997,-50.0000000000,-50.0000000000,750.0000000000,800.0000000000,1,-50.0000000000,nan,56.7760352886,0.0000000000
perda_fonte,759,56.7760352886,-50.0000000000,-50.0000000000,750.0000000000,800.0000000000,1,-50.0000000000,nan,56.7786741774,0.0000000000
perda_fonte,760,56.7786741774,-50.0000000000,-50.0000000000,750.0000000000,800.0000000000,1,-50.0000000000,nan,56.7813130663,0.0000000000
perda_fonte,761,56.7813130663,-50.0000000000,-50.0000000000,750.0000000000,800.0000000000,1,-50.0000000000,nan,56.7839519552,0.0000000000
perda_fonte,762,56.7839519552,-50.0000000000,-50.0000000000,750.0000000000,800.0000000000,1,-50.0000000000,nan,56.7865908441,0.0000000000
perda_fonte,763,56.7865908441,-50.0000000000,-50.0000000000,750.0000000000,800.0000000000,1,-50.0000000000,nan,56.7892297330,0.0000000000
perda_fonte,764,56.7892297330,-50.0000000000,-50.0000000000,750.0000000000,800.0000000000,1,-50.0000000000,nan,56.7918686219,0.0000000000
perda_fonte,765,56.7918686219,-50.0000000000,-50.0000000000,750.0000000000,800.0000000000,1,-50.0000000000,nan,56.7945075108,0.0000000000
perda_fonte,766,56.7945075108,-50.0000000000,-50.0000000000,750.0000000000,800.0000000000,1,-50.0000000000,nan,56.7971463997,0.0000000000
perda_fonte,767,56.7971463997,-50.0000000000,-50.0000000000,750.0000000000,800.0000000000,1,-50.0000000000,nan,56.7997852886,0.0000000000
perda_fonte,768,56.7997852886,-50.0000000000,-50.0000000000,750.0000000000,800.0000000000,1,-50.0000000000,nan,56.8024241774,0.0000000000
perda_fonte,769,56.8024241774,-50.0000000000,-50.0000000000,750.0000000000,800.0000000000,1,-50.0000000000,nan,56.8050630663,0.0000000000
perda_fonte,770,56.8050630663,-50.0000000000,-50.0000000000,750.0000000000,800.0000000000,1,-50.0000000000,nan,56.8077019552,0.0000000000
perda_fonte,771,56.8077019552,-50.0000000000,-50.0000000000,750.0000000000,800.0000000000,1,-50.0000000000,nan,56.8103408441,0.0000000000
perda_fonte,772,56.8103408441,-50.0000000000,-50.0000000000,750.0000000000,800.0000000000,1,-50.0000000000,nan,56.8129797330,0.0000000000
perda_fonte,773,56.8129797330,-50.0000000000,-50.0000000000,750.0000000000,800.0000000000,1,-50.0000000000,nan,56.8156186219,0.0000000000
perda_fonte,774,56.8156186219,-50.0000000000,-50.0000000000,750.0000000000,800.0000000000,1,-50.0000000000,nan,56.8182575108,0.0000000000
perda_fonte,775,56.8182575108,-50.0000000000,-50.0000000000,750.0000000000,800.0000000000,1,-50.0000000000,nan,56.8208963997,0.0000000000
perda_fonte,776,56.8208963997,-50.0000000000,-50.0000000000,750.0000000000,800.0000000000,1,-50.0000000000,nan,56.8235352886,0.0000000000
perda_fonte,777,56.8235352886,-50.0000000000,-50.0000000000,750.0000000000,800.0000000000,1,-50.0000000000,nan,56.8261741774,0.0000000000
perda_fonte,778,56.8261741774,-50.0000000000,-50.0000000000,750.0000000000,800.0000000000,1,-50.0000000000,nan,56.8288130663,0.0000000000
perda_fonte,779,56.8288130663,-50.0000000000,-50.0000000000,750.0000000000,800.0000000000,1,-50.0000000000,nan,56.8314519552,0.0000000000
perda_fonte,780,56.8314519552,-50.0000000000,-50.0000000000,750.0000000000,800.0000000000,1,-50.0000000000,nan,56.8340908441,0.0000000000
perda_fonte,781,56.8340908441,-50.0000000000,-50.0000000000,750.0000000000,800.0000000000,1,-50.0000000000,nan,56.8367297330,0.0000000000
perda_fonte,782,56.8367297330,-50.0000000000,-50.0000000000,750.0000000000,800.0000000000,1,-50.0000000000,nan,56.8393686219,0.0000000000
perda_fonte,783,56.8393686219,-50.0000000000,-50.0000000000,750.0000000000,800.0000000000,1,-50.0000000000,nan,56.8420075108,0.0000000000
perda_fonte,784,56.8420075108,-50.0000000000,-50.0000000000,750.0000000000,800.0000000000,1,-50.0000000000,nan,56.8446463997,0.0000000000
perda_fonte,785,56.8446463997,-50.0000000000,-50.0000000000,750.0000000000,800.0000000000,1,-50.0000000000,nan,56.8472852886,0.0000000000
perda_fonte,786,56.8472852886,-50.0000000000,-50.0000000000,750.0000000000,800.0000000000,1,-50.0000000000,nan,56.8499241774,0.0000000000
perda_fonte,787,56.8499241774,-50.0000000000,-50.0000000000,750.0000000000,800.0000000000,1,-50.0000000000,nan,56.8525630663,0.0000000000
perda_fonte,788,56.8525630663,-50.0000000000,-50.0000000000,750.0000000000,800.0000000000,1,-50.0000000000,nan,56.8552019552,0.0000000000
perda_fonte,789,56.8552019552,-50.0000000000,-50.0000000000,750.0000000000,800.0000000000,1,-50.0000000000,nan,56.8578408441,0.0000000000
perda_fonte,790,56.8578408441,-50.0000000000,-50.0000000000,750.0000000000,800.0000000000,1,-50.0000000000,nan,56.8604797330,0.0000000000
perda_fonte,791,56.8604797330,-50.0000000000,-50.0000000000,750.0000000000,800.0000000000,1,-50.0000000000,nan,56.8631186219,0.0000000000
perda_fonte,792,56.8631186219,-50.0000000000,-50.0000000000,750.0000000000,800.0000000000,1,-50.0000000000,nan,56.8657575108,0.0000000000
perda_fonte,793,56.8657575108,-50.0000000000,-50.0000000000,750.0000000000,800.0000000000,1,-50.0000000000,nan,56.8683963997,0.0000000000
perda_fonte,794,56.8683963997,-50.0000000000,-50.0000000000,750.0000000000,800.0000000000,1,-50.0000000000,nan,56.8710352886,0.0000000000
perda_fonte,795,56.8710352886,-50.0000000000,-50.0000000000,750.0000000000,800.0000000000,1,-50.0000000000,nan,56.8736741774,0.0000000000
perda_fonte,796,56.8736741774,-50.0000000000,-50.0000000000,750.0000000000,800.0000000000,1,-50.0000000000,nan,56.8763130663,0.0000000000
perda_fonte,797,56.8763130663,-50.0000000000,-50.0000000000,750.0000000000,800.0000000000,1,-50.0000000000,nan,56.8789519552,0.0000000000
perda_fonte,798,56.8789519552,-50.0000000000,-50.0000000000,750.0000000000,800.0000000000,1,-50.0000000000,nan,56.8815908441,0.0000000000
perda_fonte,799,56.8815908441,-50.0000000000,-50.0000000000,750.0000000000,800.0000000000,1,-50.0000000000,nan,56.8842297330,0.0000000000
perda_fonte,800,56.8842297330,-50.0000000000,-50.0000000000,750.0000000000,800.0000000000,1,-50.0000000000,nan,56.8868686219,0.0000000000
perda_fonte,801,56.8868686219,-50.0000000000,-50.0000000000,750.0000000000,800.0000000000,1,-50.0000000000,nan,56.8895075108,0.0000000000
perda_fonte,802,56.8895075108,-50.0000000000,-50.0000000000,750.0000000000,800.0000000000,1,-50.0000000000,nan,56.8921463997,0.0000000000
perda_fonte,803,56.8921463997,-50.0000000000,-50.0000000000,750.0000000000,800.0000000000,1,-50.0000000000,nan,56.8947852886,0.0000000000
perda_fonte,804,56.8947852886,-50.0000000000,-50.0000000000,750.0000000000,800.0000000000,1,-50.0000000000,nan,56.8974241774,0.0000000000
perda_fonte,805,56.8974241774,-50.0000000000,-50.0000000000,750.0000000000,800.0000000000,1,-50.0000000000,nan,56.9000630663,0.0000000000
perda_fonte,806,56.9000630663,-50.0000000000,-50.0000000000,750.0000000000,800.0000000000,1,-50.0000000000,nan,56.9027019552,0.0000000000
perda_fonte,807,56.9027019552,-50.0000000000,-50.0000000000,750.0000000000,800.0000000000,1,-50.0000000000,nan,56.9053408441,0.0000000000
perda_fonte,808,56.9053408441,-50.0000000000,-50.0000000000,750.0000000000,800.0000000000,1,-50.0000000000,nan,56.9079797330,0.0000000000
perda_fonte,809,56.9079797330,-50.0000000000,-50.0000000000,750.0000000000,800.0000000000,1,-50.0000000000,nan,56.9106186219,0.0000000000
perda_fonte,810,56.9106186219,-50.0000000000,-50.0000000000,750.0000000000,800.0000000000,1,-50.0000000000,nan,56.9132575108,0.0000000000
perda_fonte,811,56.9132575108,-50.0000000000,-50.0000000000,750.0000000000,800.0000000000,1,-50.0000000000,nan,56.9158963997,0.0000000000
perda_fonte,812,56.9158963997,-50.0000000000,-50.0000000000,750.0000000000,800.0000000000,1,-50.0000000000,nan,56.9185352886,0.0000000000
perda_fonte,813,56.9185352886,-50.0000000000,-50.0000000000,750.0000000000,800.0000000000,1,-50.0000000000,nan,56.9211741774,0.0000000000
perda_fonte,814,56.9211741774,-50.0000000000,-50.0000000000,750.0000000000,800.0000000000,1,-50.0000000000,nan,56.9238130663,0.0000000000
perda_fonte,815,56.9238130663,-50.0000000000,-50.0000000000,750.0000000000,800.0000000000,1,-50.0000000000,nan,56.9264519552,0.0000000000
perda_fonte,816,56.9264519552,-50.0000000000,-50.0000000000,750.0000000000,800.0000000000,1,-50.0000000000,nan,56.9290908441,0.0000000000
perda_fonte,817,56.9290908441,-50.0000000000,-50.0000000000,750.0000000000,800.0000000000,1,-50.0000000000,nan,56.9317297330,0.0000000000
perda_fonte,818,56.9317297330,-50.0000000000,-50.0000000000,750.0000000000,800.0000000000,1,-50.0000000000,nan,56.9343686219,0.0000000000
perda_fonte,819,56.9343686219,-50.0000000000,-50.0000000000,750.0000000000,800.0000000000,1,-50.0000000000,nan,56.9370075108,0.0000000000
perda_fonte,820,56.9370075108,-50.0000000000,-50.0000000000,750.0000000000,800.0000000000,1,-50.0000000000,nan,56.9396463997,0.0000000000
perda_fonte,821,56.9396463997,-50.0000000000,-50.0000000000,750.0000000000,800.0000000000,1,-50.0000000000,nan,56.9422852886,0.0000000000
perda_fonte,822,56.9422852886,-50.0000000000,-50.0000000000,750.0000000000,800.0000000000,1,-50.0000000000,nan,56.9449241774,0.0000000000
perda_fonte,823,56.9449241774,-50.0000000000,-50.0000000000,750.0000000000,800.0000000000,1,-50.0000000000,nan,56.9475630663,0.0000000000
perda_fonte,824,56.9475630663,-50.0000000000,-50.0000000000,750.0000000000,800.0000000000,1,-50.0000000000,nan,56.9502019552,0.0000000000
perda_fonte,825,56.9502019552,-50.0000000000,-50.0000000000,750.0000000000,800.0000000000,1,-50.0000000000,nan,56.9528408441,0.0000000000
perda_fonte,826,56.9528408441,-50.0000000000,-50.0000000000,750.0000000000,800.0000000000,1,-50.0000000000,nan,56.9554797330,0.0000000000
perda_fonte,827,56.9554797330,-50.0000000000,-50.0000000000,750.0000000000,800.0000000000,1,-50.0000000000,nan,56.9581186219,0.0000000000
perda_fonte,828,56.9581186219,-50.0000000000,-50.0000000000,750.0000000000,800.0000000000,1,-50.0000000000,nan,56.9607575108,0.0000000000
perda_fonte,829,56.9607575108,-50.0000000000,-50.0000000000,750.0000000000,800.0000000000,1,-50.0000000000,nan,56.9633963997,0.0000000000
perda_fonte,830,56.9633963997,-50.0000000000,-50.0000000000,750.0000000000,800.0000000000,1,-50.0000000000,nan,56.9660352886,0.0000000000
perda_fonte,831,56.9660352886,-50.0000000000,-50.0000000000,750.0000000000,800.0000000000,1,-50.0000000000,nan,56.9686741774,0.0000000000
perda_fonte,832,56.9686741774,-50.0000000000,-50.0000000000,750.0000000000,800.0000000000,1,-50.0000000000,nan,56.9713130663,0.0000000000
perda_fonte,833,56.9713130663,-50.0000000000,-50.0000000000,750.0000000000,800.0000000000,1,-50.0000000000,nan,56.9739519552,0.0000000000
perda_fonte,834,56.9739519552,-50.0000000000,-50.0000000000,750.0000000000,800.0000000000,1,-50.0000000000,nan,56.9765908441,0.0000000000
perda_fonte,835,56.9765908441,-50.0000000000,-50.0000000000,750.0000000000,800.0000000000,1,-50.0000000000,nan,56.9792297330,0.0000000000
perda_fonte,836,56.9792297330,-50.0000000000,-50.0000000000,750.0000000000,800.0000000000,1,-50.0000000000,nan,56.9818686219,0.0000000000
perda_fonte,837,56.9818686219,-50.0000000000,-50.0000000000,750.0000000000,800.0000000000,1,-50.0000000000,nan,56.9845075108,0.0000000000
perda_fonte,838,56.9845075108,-50.0000000000,-50.0000000000,750.0000000000,800.0000000000,1,-50.0000000000,nan,56.9871463997,0.0000000000
perda_fonte,839,56.9871463997,-50.0000000000,-50.0000000000,750.0000000000,800.0000000000,1,-50.0000000000,nan,56.9897852886,0.0000000000
perda_fonte,840,56.9897852886,-50.0000000000,-50.0000000000,750.0000000000,800.0000000000,1,-50.0000000000,nan,56.9924241774,0.0000000000
perda_fonte,841,56.9924241774,-50.0000000000,-50.0000000000,750.0000000000,800.0000000000,1,-50.0000000000,nan,56.9950630663,0.0000000000
perda_fonte,842,56.9950630663,-50.0000000000,-50.0000000000,750.0000000000,800.0000000000,1,-50.0000000000,nan,56.9977019552,0.0000000000
perda_fonte,843,56.9977019552,-50.0000000000,-50.0000000000,750.0000000000,800.0000000000,1,-50.0000000000,nan,57.0003408441,0.0000000000
perda_fonte,844,57.0003408441,-50.0000000000,-50.0000000000,750.0000000000,800.0000000000,1,-50.0000000000,nan,57.0029797330,0.0000000000
perda_fonte,845,57.0029797330,-50.0000000000,-50.0000000000,750.0000000000,800.0000000000,1,-50.0000000000,nan,57.0056186219,0.0000000000
perda_fonte,846,57.0056186219,-50.0000000000,-50.0000000000,750.0000000000,800.0000000000,1,-50.0000000000,nan,57.0082575108,0.0000000000
perda_fonte,847,57.0082575108,-50.0000000000,-50.0000000000,750.0000000000,800.0000000000,1,-50.0000000000,nan,57.0108963997,0.0000000000
perda_fonte,848,57.0108963997,-50.0000000000,-50.0000000000,750.0000000000,800.0000000000,1,-50.0000000000,nan,57.0135352886,0.0000000000
perda_fonte,849,57.0135352886,-50.0000000000,-50.0000000000,750.0000000000,800.0000000000,1,-50.0000000000,nan,57.0161741774,0.0000000000
perda_fonte,850,57.0161741774,-50.0000000000,-50.0000000000,750.0000000000,800.0000000000,1,-50.0000000000,nan,57.0188130663,0.0000000000
perda_fonte,851,57.0188130663,-50.0000000000,-50.0000000000,750.0000000000,800.0000000000,1,-50.0000000000,nan,57.0214519552,0.0000000000
perda_fonte,852,57.0214519552,-50.0000000000,-50.0000000000,750.0000000000,800.0000000000,1,-50.0000000000,nan,57.0240908441,0.0000000000
perda_fonte,853,57.0240908441,-50.0000000000,-50.0000000000,750.0000000000,800.0000000000,1,-50.0000000000,nan,57.0267297330,0.0000000000
perda_fonte,854,57.0267297330,-50.0000000000,-50.0000000000,750.0000000000,800.0000000000,1,-50.0000000000,nan,57.0293686219,0.0000000000
perda_fonte,855,57.0293686219,-50.0000000000,-50.0000000000,750.0000000000,800.0000000000,1,-50.0000000000,nan,57.0320075108,0.0000000000
perda_fonte,856,57.0320075108,-50.0000000000,-50.0000000000,750.0000000000,800.0000000000,1,-50.0000000000,nan,57.0346463997,0.0000000000
perda_fonte,857,57.0346463997,-50.0000000000,-50.0000000000,750.0000000000,800.0000000000,1,-50.0000000000,nan,57.0372852886,0.0000000000
perda_fonte,858,57.0372852886,-50.0000000000,-50.0000000000,750.0000000000,800.0000000000,1,-50.0000000000,nan,57.0399241774,0.0000000000
perda_fonte,859,57.0399241774,-50.0000000000,-50.0000000000,750.0000000000,800.0000000000,1,-50.0000000000,nan,57.0425630663,0.0000000000
perda_fonte,860,57.0425630663,-50.0000000000,-50.0000000000,750.0000000000,800.0000000000,1,-50.0000000000,nan,57.0452019552,0.0000000000
perda_fonte,861,57.0452019552,-50.0000000000,-50.0000000000,750.0000000000,800.0000000000,1,-50.0000000000,nan,57.0478408441,0.0000000000
perda_fonte,862,57.0478408441,-50.0000000000,-50.0000000000,750.0000000000,800.0000000000,1,-50.0000000000,nan,57.0504797330,0.0000000000
perda_fonte,863,57.0504797330,-50.0000000000,-50.0000000000,750.0000000000,800.0000000000,1,-50.0000000000,nan,57.0531186219,0.0000000000
perda_fonte,864,57.0531186219,-50.0000000000,-50.0000000000,750.0000000000,800.0000000000,1,-50.0000000000,nan,57.0557575108,0.0000000000
perda_fonte,865,57.0557575108,-50.0000000000,-50.0000000000,750.0000000000,800.0000000000,1,-50.0000000000,nan,57.0583963997,0.0000000000
perda_fonte,866,57.0583963997,-50.0000000000,-50.0000000000,750.0000000000,800.0000000000,1,-50.0000000000,nan,57.0610352886,0.0000000000
perda_fonte,867,57.0610352886,-50.0000000000,-50.0000000000,750.0000000000,800.0000000000,1,-50.0000000000,nan,57.0636741774,0.0000000000
perda_fonte,868,57.0636741774,-50.0000000000,-50.0000000000,750.0000000000,800.0000000000,1,-50.0000000000,nan,57.0663130663,0.0000000000
perda_fonte,869,57.0663130663,-50.0000000000,-50.0000000000,750.0000000000,800.0000000000,1,-50.0000000000,nan,57.0689519552,0.0000000000
perda_fonte,870,57.0689519552,-50.0000000000,-50.0000000000,750.0000000000,800.0000000000,1,-50.0000000000,nan,57.0715908441,0.0000000000
perda_fonte,871,57.0715908441,-50.0000000000,-50.0000000000,750.0000000000,800.0000000000,1,-50.0000000000,nan,57.0742297330,0.0000000000
perda_fonte,872,57.0742297330,-50.0000000000,-50.0000000000,750.0000000000,800.0000000000,1,-50.0000000000,nan,57.0768686219,0.0000000000
perda_fonte,873,57.0768686219,-50.0000000000,-50.0000000000,750.0000000000,800.0000000000,1,-50.0000000000,nan,57.0795075108,0.0000000000
perda_fonte,874,57.0795075108,-50.0000000000,-50.0000000000,750.0000000000,800.0000000000,1,-50.0000000000,nan,57.0821463997,0.0000000000
perda_fonte,875,57.0821463997,-50.0000000000,-50.0000000000,750.0000000000,800.0000000000,1,-50.0000000000,nan,57.0847852886,0.0000000000
perda_fonte,876,57.0847852886,-50.0000000000,-50.0000000000,750.0000000000,800.0000000000,1,-50.0000000000,nan,57.0874241774,0.0000000000
perda_fonte,877,57.0874241774,-50.0000000000,-50.0000000000,750.0000000000,800.0000000000,1,-50.0000000000,nan,57.0900630663,0.0000000000
perda_fonte,878,57.0900630663,-50.0000000000,-50.0000000000,750.0000000000,800.0000000000,1,-50.0000000000,nan,57.0927019552,0.0000000000
perda_fonte,879,57.0927019552,-50.0000000000,-50.0000000000,750.0000000000,800.0000000000,1,-50.0000000000,nan,57.0953408441,0.0000000000
perda_fonte,880,57.0953408441,-50.0000000000,-50.0000000000,750.0000000000,800.0000000000,1,-50.0000000000,nan,57.0979797330,0.0000000000
perda_fonte,881,57.0979797330,-50.0000000000,-50.0000000000,750.0000000000,800.0000000000,1,-50.0000000000,nan,57.1006186219,0.0000000000
perda_fonte,882,57.1006186219,-50.0000000000,-50.0000000000,750.0000000000,800.0000000000,1,-50.0000000000,nan,57.1032575108,0.0000000000
perda_fonte,883,57.1032575108,-50.0000000000,-50.0000000000,750.0000000000,800.0000000000,1,-50.0000000000,nan,57.1058963997,0.0000000000
perda_fonte,884,57.1058963997,-50.0000000000,-50.0000000000,750.0000000000,800.0000000000,1,-50.0000000000,nan,57.1085352886,0.0000000000
perda_fonte,885,57.1085352886,-50.0000000000,-50.0000000000,750.0000000000,800.0000000000,1,-50.0000000000,nan,57.1111741774,0.0000000000
perda_fonte,886,57.1111741774,-50.0000000000,-50.0000000000,750.0000000000,800.0000000000,1,-50.0000000000,nan,57.1138130663,0.0000000000
perda_fonte,887,57.1138130663,-50.0000000000,-50.0000000000,750.0000000000,800.0000000000,1,-50.0000000000,nan,57.1164519552,0.0000000000
perda_fonte,888,57.1164519552,-50.0000000000,-50.0000000000,750.0000000000,800.0000000000,1,-50.0000000000,nan,57.1190908441,0.0000000000
perda_fonte,889,57.1190908441,-50.0000000000,-50.0000000000,750.0000000000,800.0000000000,1,-50.0000000000,nan,57.1217297330,0.0000000000
perda_fonte,890,57.1217297330,-50.0000000000,-50.0000000000,750.0000000000,800.0000000000,1,-50.0000000000,nan,57.1243686219,0.0000000000
perda_fonte,891,57.1243686219,-50.0000000000,-50.0000000000,750.0000000000,800.0000000000,1,-50.0000000000,nan,57.1270075108,0.0000000000
perda_fonte,892,57.1270075108,-50.0000000000,-50.0000000000,750.0000000000,800.0000000000,1,-50.0000000000,nan,57.1296463997,0.0000000000
perda_fonte,893,57.1296463997,-50.0000000000,-50.0000000000,750.0000000000,800.0000000000,1,-50.0000000000,nan,57.1322852886,0.0000000000
perda_fonte,894,57.1322852886,-50.0000000000,-50.0000000000,750.0000000000,800.0000000000,1,-50.0000000000,nan,57.1349241774,0.0000000000
perda_fonte,895,57.1349241774,-50.0000000000,-50.0000000000,750.0000000000,800.0000000000,1,-50.0000000000,nan,57.1375630663,0.0000000000
perda_fonte,896,57.1375630663,-50.0000000000,-50.0000000000,750.0000000000,800.0000000000,1,-50.0000000000,nan,57.1402019552,0.0000000000
perda_fonte,897,57.1402019552,-50.0000000000,-50.0000000000,750.0000000000,800.0000000000,1,-50.0000000000,nan,57.1428408441,0.0000000000
perda_fonte,898,57.1428408441,-50.0000000000,-50.0000000000,750.0000000000,800.0000000000,1,-50.0000000000,nan,57.1454797330,0.0000000000
perda_fonte,899,57.1454797330,-50.0000000000,-50.0000000000,750.0000000000,800.0000000000,1,-50.0000000000,nan,57.1481186219,0.0000000000
perda_fonte,900,57.1481186219,-50.0000000000,-50.0000000000,750.0000000000,800.0000000000,1,-50.0000000000,nan,57.1507575108,0.0000000000
perda_fonte,901,57.1507575108,-50.0000000000,-50.0000000000,750.0000000000,800.0000000000,1,-50.0000000000,nan,57.1533963997,0.0000000000
perda_fonte,902,57.1533963997,-50.0000000000,-50.0000000000,750.0000000000,800.0000000000,1,-50.0000000000,nan,57.1560352886,0.0000000000
perda_fonte,903,57.1560352886,-50.0000000000,-50.0000000000,750.0000000000,800.0000000000,1,-50.0000000000,nan,57.1586741774,0.0000000000
perda_fonte,904,57.1586741774,-50.0000000000,-50.0000000000,750.0000000000,800.0000000000,1,-50.0000000000,nan,57.1613130663,0.0000000000
perda_fonte,905,57.1613130663,-50.0000000000,-50.0000000000,750.0000000000,800.0000000000,1,-50.0000000000,nan,57.1639519552,0.0000000000
perda_fonte,906,57.1639519552,-50.0000000000,-50.0000000000,750.0000000000,800.0000000000,1,-50.0000000000,nan,57.1665908441,0.0000000000
perda_fonte,907,57.1665908441,-50.0000000000,-50.0000000000,750.0000000000,800.0000000000,1,-50.0000000000,nan,57.1692297330,0.0000000000
perda_fonte,908,57.1692297330,-50.0000000000,-50.0000000000,750.0000000000,800.0000000000,1,-50.0000000000,nan,57.1718686219,0.0000000000
perda_fonte,909,57.1718686219,-50.0000000000,-50.0000000000,750.0000000000,800.0000000000,1,-50.0000000000,nan,57.1745075108,0.0000000000
perda_fonte,910,57.1745075108,-50.0000000000,-50.0000000000,750.0000000000,800.0000000000,1,-50.0000000000,nan,57.1771463997,0.0000000000
perda_fonte,911,57.1771463997,-50.0000000000,-50.0000000000,750.0000000000,800.0000000000,1,-50.0000000000,nan,57.1797852886,0.0000000000
perda_fonte,912,57.1797852886,-50.0000000000,-50.0000000000,750.0000000000,800.0000000000,1,-50.0000000000,nan,57.1824241774,0.0000000000
perda_fonte,913,57.1824241774,-50.0000000000,-50.0000000000,750.0000000000,800.0000000000,1,-50.0000000000,nan,57.1850630663,0.0000000000
perda_fonte,914,57.1850630663,-50.0000000000,-50.0000000000,750.0000000000,800.0000000000,1,-50.0000000000,nan,57.1877019552,0.0000000000
perda_fonte,915,57.1877019552,-50.0000000000,-50.0000000000,750.0000000000,800.0000000000,1,-50.0000000000,nan,57.1903408441,0.0000000000
perda_fonte,916,57.1903408441,-50.0000000000,-50.0000000000,750.0000000000,800.0000000000,1,-50.0000000000,nan,57.1929797330,0.0000000000
perda_fonte,917,57.1929797330,-50.0000000000,-50.0000000000,750.0000000000,800.0000000000,1,-50.0000000000,nan,57.1956186219,0.0000000000
perda_fonte,918,57.1956186219,-50.0000000000,-50.0000000000,750.0000000000,800.0000000000,1,-50.0000000000,nan,57.1982575108,0.0000000000
perda_fonte,919,57.1982575108,-50.0000000000,-50.0000000000,750.0000000000,800.0000000000,1,-50.0000000000,nan,57.2008963997,0.0000000000
perda_fonte,920,57.2008963997,-50.0000000000,-50.0000000000,750.0000000000,800.0000000000,1,-50.0000000000,nan,57.2035352886,0.0000000000
perda_fonte,921,57.2035352886,-50.0000000000,-50.0000000000,750.0000000000,800.0000000000,1,-50.0000000000,nan,57.2061741774,0.0000000000
perda_fonte,922,57.2061741774,-50.0000000000,-50.0000000000,750.0000000000,800.0000000000,1,-50.0000000000,nan,57.2088130663,0.0000000000
perda_fonte,923,57.2088130663,-50.0000000000,-50.0000000000,750.0000000000,800.0000000000,1,-50.0000000000,nan,57.2114519552,0.0000000000
perda_fonte,924,57.2114519552,-50.0000000000,-50.0000000000,750.0000000000,800.0000000000,1,-50.0000000000,nan,57.2140908441,0.0000000000
perda_fonte,925,57.2140908441,-50.0000000000,-50.0000000000,750.0000000000,800.0000000000,1,-50.0000000000,nan,57.2167297330,0.0000000000
perda_fonte,926,57.2167297330,-50.0000000000,-50.0000000000,750.0000000000,800.0000000000,1,-50.0000000000,nan,57.2193686219,0.0000000000
perda_fonte,927,57.2193686219,-50.0000000000,-50.0000000000,750.0000000000,800.0000000000,1,-50.0000000000,nan,57.2220075108,0.0000000000
perda_fonte,928,57.2220075108,-50.0000000000,-50.0000000000,750.0000000000,800.0000000000,1,-50.0000000000,nan,57.2246463997,0.0000000000
perda_fonte,929,57.2246463997,-50.0000000000,-50.0000000000,750.0000000000,800.0000000000,1,-50.0000000000,nan,57.2272852886,0.0000000000
perda_fonte,930,57.2272852886,-50.0000000000,-50.0000000000,750.0000000000,800.0000000000,1,-50.0000000000,nan,57.2299241774,0.0000000000
perda_fonte,931,57.2299241774,-50.0000000000,-50.0000000000,750.0000000000,800.0000000000,1,-50.0000000000,nan,57.2325630663,0.0000000000
perda_fonte,932,57.2325630663,-50.0000000000,-50.0000000000,750.0000000000,800.0000000000,1,-50.0000000000,nan,57.2352019552,0.0000000000
perda_fonte,933,57.2352019552,-50.0000000000,-50.0000000000,750.0000000000,800.0000000000,1,-50.0000000000,nan,57.2378408441,0.0000000000
perda_fonte,934,57.2378408441,-50.0000000000,-50.0000000000,750.0000000000,800.0000000000,1,-50.0000000000,nan,57.2404797330,0.0000000000
perda_fonte,935,57.2404797330,-50.0000000000,-50.0000000000,750.0000000000,800.0000000000,1,-50.0000000000,nan,57.2431186219,0.0000000000
perda_fonte,936,57.2431186219,-50.0000000000,-50.0000000000,750.0000000000,800.0000000000,1,-50.0000000000,nan,57.2457575108,0.0000000000
perda_fonte,937,57.2457575108,-50.0000000000,-50.0000000000,750.0000000000,800.0000000000,1,-50.0000000000,nan,57.2483963997,0.0000000000
perda_fonte,938,57.2483963997,-50.0000000000,-50.0000000000,750.0000000000,800.0000000000,1,-50.0000000000,nan,57.2510352886,0.0000000000
perda_fonte,939,57.2510352886,-50.0000000000,-50.0000000000,750.0000000000,800.0000000000,1,-50.0000000000,nan,57.2536741774,0.0000000000
perda_fonte,940,57.2536741774,-50.0000000000,-50.0000000000,750.0000000000,800.0000000000,1,-50.0000000000,nan,57.2563130663,0.0000000000
perda_fonte,941,57.2563130663,-50.0000000000,-50.0000000000,750.0000000000,800.0000000000,1,-50.0000000000,nan,57.2589519552,0.0000000000
perda_fonte,942,57.2589519552,-50.0000000000,-50.0000000000,750.0000000000,800.0000000000,1,-50.0000000000,nan,57.2615908441,0.0000000000
perda_fonte,943,57.2615908441,-50.0000000000,-50.0000000000,750.0000000000,800.0000000000,1,-50.0000000000,nan,57.2642297330,0.0000000000
perda_fonte,944,57.2642297330,-50.0000000000,-50.0000000000,750.0000000000,800.0000000000,1,-50.0000000000,nan,57.2668686219,0.0000000000
perda_fonte,945,57.2668686219,-50.0000000000,-50.0000000000,750.0000000000,800.0000000000,1,-50.0000000000,nan,57.2695075108,0.0000000000
perda_fonte,946,57.2695075108,-50.0000000000,-50.0000000000,750.0000000000,800.0000000000,1,-50.0000000000,nan,57.2721463997,0.0000000000
perda_fonte,947,57.2721463997,-50.0000000000,-50.0000000000,750.0000000000,800.0000000000,1,-50.0000000000,nan,57.2747852886,0.0000000000
perda_fonte,948,57.2747852886,-50.0000000000,-50.0000000000,750.0000000000,800.0000000000,1,-50.0000000000,nan,57.2774241774,0.0000000000
perda_fonte,949,57.2774241774,-50.0000000000,-50.0000000000,750.0000000000,800.0000000000,1,-50.0000000000,nan,57.2800630663,0.0000000000
perda_fonte,950,57.2800630663,-50.0000000000,-50.0000000000,750.0000000000,800.0000000000,1,-50.0000000000,nan,57.2827019552,0.0000000000
perda_fonte,951,57.2827019552,-50.0000000000,-50.0000000000,750.0000000000,800.0000000000,1,-50.0000000000,nan,57.2853408441,0.0000000000
perda_fonte,952,57.2853408441,-50.0000000000,-50.0000000000,750.0000000000,800.0000000000,1,-50.0000000000,nan,57.2879797330,0.0000000000
perda_fonte,953,57.2879797330,-50.0000000000,-50.0000000000,750.0000000000,800.0000000000,1,-50.0000000000,nan,57.2906186219,0.0000000000
perda_fonte,954,57.2906186219,-50.0000000000,-50.0000000000,750.0000000000,800.0000000000,1,-50.0000000000,nan,57.2932575108,0.0000000000
perda_fonte,955,57.2932575108,-50.0000000000,-50.0000000000,750.0000000000,800.0000000000,1,-50.0000000000,nan,57.2958963997,0.0000000000
perda_fonte,956,57.2958963997,-50.0000000000,-50.0000000000,750.0000000000,800.0000000000,1,-50.0000000000,nan,57.2985352886,0.0000000000
perda_fonte,957,57.2985352886,-50.0000000000,-50.0000000000,750.0000000000,800.0000000000,1,-50.0000000000,nan,57.3011741774,0.0000000000
perda_fonte,958,57.3011741774,-50.0000000000,-50.0000000000,750.0000000000,800.0000000000,1,-50.0000000000,nan,57.3038130663,0.0000000000
perda_fonte,959,57.3038130663,-50.0000000000,-50.0000000000,750.0000000000,800.0000000000,1,-50.0000000000,nan,57.3064519552,0.0000000000
perda_fonte,960,57.3064519552,-50.0000000000,-50.0000000000,750.0000000000,800.0000000000,1,-50.0000000000,nan,57.3090908441,0.0000000000
perda_fonte,961,57.3090908441,-50.0000000000,-50.0000000000,750.0000000000,800.0000000000,1,-50.0000000000,nan,57.3117297330,0.0000000000
perda_fonte,962,57.3117297330,-50.0000000000,-50.0000000000,750.0000000000,800.0000000000,1,-50.0000000000,nan,57.3143686219,0.0000000000
perda_fonte,963,57.3143686219,-50.0000000000,-50.0000000000,750.0000000000,800.0000000000,1,-50.0000000000,nan,57.3170075108,0.0000000000
perda_fonte,964,57.3170075108,-50.0000000000,-50.0000000000,750.0000000000,800.0000000000,1,-50.0000000000,nan,57.3196463997,0.0000000000
perda_fonte,965,57.3196463997,-50.0000000000,-50.0000000000,750.0000000000,800.0000000000,1,-50.0000000000,nan,57.3222852886,0.0000000000
perda_fonte,966,57.3222852886,-50.0000000000,-50.0000000000,750.0000000000,800.0000000000,1,-50.0000000000,nan,57.3249241774,0.0000000000
perda_fonte,967,57.3249241774,-50.0000000000,-50.0000000000,750.0000000000,800.0000000000,1,-50.0000000000,nan,57.3275630663,0.0000000000
perda_fonte,968,57.3275630663,-50.0000000000,-50.0000000000,750.0000000000,800.0000000000,1,-50.0000000000,nan,57.3302019552,0.0000000000
perda_fonte,969,57.3302019552,-50.0000000000,-50.0000000000,750.0000000000,800.0000000000,1,-50.0000000000,nan,57.3328408441,0.0000000000
perda_fonte,970,57.3328408441,-50.0000000000,-50.0000000000,750.0000000000,800.0000000000,1,-50.0000000000,nan,57.3354797330,0.0000000000
perda_fonte,971,57.3354797330,-50.0000000000,-50.0000000000,750.0000000000,800.0000000000,1,-50.0000000000,nan,57.3381186219,0.0000000000
perda_fonte,972,57.3381186219,-50.0000000000,-50.0000000000,750.0000000000,800.0000000000,1,-50.0000000000,nan,57.3407575108,0.0000000000
perda_fonte,973,57.3407575108,-50.0000000000,-50.0000000000,750.0000000000,800.0000000000,1,-50.0000000000,nan,57.3433963997,0.0000000000
perda_fonte,974,57.3433963997,-50.0000000000,-50.0000000000,750.0000000000,800.0000000000,1,-50.0000000000,nan,57.3460352886,0.0000000000
perda_fonte,975,57.3460352886,-50.0000000000,-50.0000000000,750.0000000000,800.0000000000,1,-50.0000000000,nan,57.3486741774,0.0000000000
perda_fonte,976,57.3486741774,-50.0000000000,-50.0000000000,750.0000000000,800.0000000000,1,-50.0000000000,nan,57.3513130663,0.0000000000
perda_fonte,977,57.3513130663,-50.0000000000,-50.0000000000,750.0000000000,800.0000000000,1,-50.0000000000,nan,57.3539519552,0.0000000000
perda_fonte,978,57.3539519552,-50.0000000000,-50.0000000000,750.0000000000,800.0000000000,1,-50.0000000000,nan,57.3565908441,0.0000000000
perda_fonte,979,57.3565908441,-50.0000000000,-50.0000000000,750.0000000000,800.0000000000,1,-50.0000000000,nan,57.3592297330,0.0000000000
perda_fonte,980,57.3592297330,-50.0000000000,-50.0000000000,750.0000000000,800.0000000000,1,-50.0000000000,nan,57.3618686219,0.0000000000
perda_fonte,981,57.3618686219,-50.0000000000,-50.0000000000,750.0000000000,800.0000000000,1,-50.0000000000,nan,57.3645075108,0.0000000000
perda_fonte,982,57.3645075108,-50.0000000000,-50.0000000000,750.0000000000,800.0000000000,1,-50.0000000000,nan,57.3671463997,0.0000000000
perda_fonte,983,57.3671463997,-50.0000000000,-50.0000000000,750.0000000000,800.0000000000,1,-50.0000000000,nan,57.3697852886,0.0000000000
perda_fonte,984,57.3697852886,-50.0000000000,-50.0000000000,750.0000000000,800.0000000000,1,-50.0000000000,nan,57.3724241774,0.0000000000
perda_fonte,985,57.3724241774,-50.0000000000,-50.0000000000,750.0000000000,800.0000000000,1,-50.0000000000,nan,57.3750630663,0.0000000000
perda_fonte,986,57.3750630663,-50.0000000000,-50.0000000000,750.0000000000,800.0000000000,1,-50.0000000000,nan,57.3777019552,0.0000000000
perda_fonte,987,57.3777019552,-50.0000000000,-50.0000000000,750.0000000000,800.0000000000,1,-50.0000000000,nan,57.3803408441,0.0000000000
perda_fonte,988,57.3803408441,-50.0000000000,-50.0000000000,750.0000000000,800.0000000000,1,-50.0000000000,nan,57.3829797330,0.0000000000
perda_fonte,989,57.3829797330,-50.0000000000,-50.0000000000,750.0000000000,800.0000000000,1,-50.0000000000,nan,57.3856186219,0.0000000000
perda_fonte,990,57.3856186219,-50.0000000000,-50.0000000000,750.0000000000,800.0000000000,1,-50.0000000000,nan,57.3882575108,0.0000000000
perda_fonte,991,57.3882575108,-50.0000000000,-50.0000000000,750.0000000000,800.0000000000,1,-50.0000000000,nan,57.3908963997,0.0000000000
perda_fonte,992,57.3908963997,-50.0000000000,-50.0000000000,750.0000000000,800.0000000000,1,-50.0000000000,nan,57.3935352886,0.0000000000
perda_fonte,993,57.3935352886,-50.0000000000,-50.0000000000,750.0000000000,800.0000000000,1,-50.0000000000,nan,57.3961741774,0.0000000000
perda_fonte,994,57.3961741774,-50.0000000000,-50.0000000000,750.0000000000,800.0000000000,1,-50.0000000000,nan,57.3988130663,0.0000000000
perda_fonte,995,57.3988130663,-50.0000000000,-50.0000000000,750.0000000000,800.0000000000,1,-50.0000000000,nan,57.4014519552,0.0000000000
perda_fonte,996,57.4014519552,-50.0000000000,-50.0000000000,750.0000000000,800.0000000000,1,-50.0000000000,nan,57.4040908441,0.0000000000
perda_fonte,997,57.4040908441,-50.0000000000,-50.0000000000,750.0000000000,800.0000000000,1,-50.0000000000,nan,57.4067297330,0.0000000000
perda_fonte,998,57.4067297330,-50.0000000000,-50.0000000000,750.0000000000,800.0000000000,1,-50.0000000000,nan,57.4093686219,0.0000000000
perda_fonte,999,57.4093686219,-50.0000000000,-50.0000000000,750.0000000000,800.0000000000,1,-50.0000000000,nan,57.4120075108,0.0000000000
perda_fonte,1000,57.4120075108,-50.0000000000,-50.0000000000,750.0000000000,800.0000000000,1,-50.0000000000,nan,57.4146463997,0.0000000000
perda_fonte,1001,57.4146463997,-50.0000000000,-50.0000000000,750.0000000000,800.0000000000,1,-50.0000000000,nan,57.4172852886,0.0000000000
perda_fonte,1002,57.4172852886,-50.0000000000,-50.0000000000,750.0000000000,800.0000000000,1,-50.0000000000,nan,57.4199241774,0.0000000000
perda_fonte,1003,57.4199241774,-50.0000000000,-50.0000000000,750.0000000000,800.0000000000,1,-50.0000000000,nan,57.4225630663,0.0000000000
perda_fonte,1004,57.4225630663,-50.0000000000,-50.0000000000,750.0000000000,800.0000000000,1,-50.0000000000,nan,57.4252019552,0.0000000000
perda_fonte,1005,57.4252019552,-50.0000000000,-50.0000000000,750.0000000000,800.0000000000,1,-50.0000000000,nan,57.4278408441,0.0000000000
perda_fonte,1006,57.4278408441,-50.0000000000,-50.0000000000,750.0000000000,800.0000000000,1,-50.0000000000,nan,57.4304797330,0.0000000000
perda_fonte,1007,57.4304797330,-50.0000000000,-50.0000000000,750.0000000000,800.0000000000,1,-50.0000000000,nan,57.4331186219,0.0000000000
perda_fonte,1008,57.4331186219,-50.0000000000,-50.0000000000,750.0000000000,800.0000000000,1,-50.0000000000,nan,57.4357575108,0.0000000000
perda_fonte,1009,57.4357575108,-50.0000000000,-50.0000000000,750.0000000000,800.0000000000,1,-50.0000000000,nan,57.4383963997,0.0000000000
perda_fonte,1010,57.4383963997,-50.0000000000,-50.0000000000,750.0000000000,800.0000000000,1,-50.0000000000,nan,57.4410352886,0.0000000000
perda_fonte,1011,57.4410352886,-50.0000000000,-50.0000000000,750.0000000000,800.0000000000,1,-50.0000000000,nan,57.4436741774,0.0000000000
perda_fonte,1012,57.4436741774,-50.0000000000,-50.0000000000,750.0000000000,800.0000000000,1,-50.0000000000,nan,57.4463130663,0.0000000000
perda_fonte,1013,57.4463130663,-50.0000000000,-50.0000000000,750.0000000000,800.0000000000,1,-50.0000000000,nan,57.4489519552,0.0000000000
perda_fonte,1014,57.4489519552,-50.0000000000,-50.0000000000,750.0000000000,800.0000000000,1,-50.0000000000,nan,57.4515908441,0.0000000000
perda_fonte,1015,57.4515908441,-50.0000000000,-50.0000000000,750.0000000000,800.0000000000,1,-50.0000000000,nan,57.4542297330,0.0000000000
perda_fonte,1016,57.4542297330,-50.0000000000,-50.0000000000,750.0000000000,800.0000000000,1,-50.0000000000,nan,57.4568686219,0.0000000000
perda_fonte,1017,57.4568686219,-50.0000000000,-50.0000000000,750.0000000000,800.0000000000,1,-50.0000000000,nan,57.4595075108,0.0000000000
perda_fonte,1018,57.4595075108,-50.0000000000,-50.0000000000,750.0000000000,800.0000000000,1,-50.0000000000,nan,57.4621463997,0.0000000000
perda_fonte,1019,57.4621463997,-50.0000000000,-50.0000000000,750.0000000000,800.0000000000,1,-50.0000000000,nan,57.4647852886,0.0000000000
perda_fonte,1020,57.4647852886,-50.0000000000,-50.0000000000,750.0000000000,800.0000000000,1,-50.0000000000,nan,57.4674241774,0.0000000000
perda_fonte,1021,57.4674241774,-50.0000000000,-50.0000000000,750.0000000000,800.0000000000,1,-50.0000000000,nan,57.4700630663,0.0000000000
perda_fonte,1022,57.4700630663,-50.0000000000,-50.0000000000,750.0000000000,800.0000000000,1,-50.0000000000,nan,57.4727019552,0.0000000000
perda_fonte,1023,57.4727019552,-50.0000000000,-50.0000000000,750.0000000000,800.0000000000,1,-50.0000000000,nan,57.4753408441,0.0000000000
perda_fonte,1024,57.4753408441,-50.0000000000,-50.0000000000,750.0000000000,800.0000000000,1,-50.0000000000,nan,57.4779797330,0.0000000000
perda_fonte,1025,57.4779797330,-50.0000000000,-50.0000000000,750.0000000000,800.0000000000,1,-50.0000000000,nan,57.4806186219,0.0000000000
perda_fonte,1026,57.4806186219,-50.0000000000,-50.0000000000,750.0000000000,800.0000000000,1,-50.0000000000,nan,57.4832575108,0.0000000000
perda_fonte,1027,57.4832575108,-50.0000000000,-50.0000000000,750.0000000000,800.0000000000,1,-50.0000000000,nan,57.4858963997,0.0000000000
perda_fonte,1028,57.4858963997,-50.0000000000,-50.0000000000,750.0000000000,800.0000000000,1,-50.0000000000,nan,57.4885352886,0.0000000000
perda_fonte,1029,57.4885352886,-50.0000000000,-50.0000000000,750.0000000000,800.0000000000,1,-50.0000000000,nan,57.4911741774,0.0000000000
perda_fonte,1030,57.4911741774,-50.0000000000,-50.0000000000,750.0000000000,800.0000000000,1,-50.0000000000,nan,57.4938130663,0.0000000000
perda_fonte,1031,57.4938130663,-50.0000000000,-50.0000000000,750.0000000000,800.0000000000,1,-50.0000000000,nan,57.4964519552,0.0000000000
perda_fonte,1032,57.4964519552,-50.0000000000,-50.0000000000,750.0000000000,800.0000000000,1,-50.0000000000,nan,57.4990908441,0.0000000000
perda_fonte,1033,57.4990908441,-50.0000000000,-50.0000000000,750.0000000000,800.0000000000,1,-50.0000000000,nan,57.5017297330,0.0000000000
perda_fonte,1034,57.5017297330,-50.0000000000,-50.0000000000,750.0000000000,800.0000000000,1,-50.0000000000,nan,57.5043686219,0.0000000000
perda_fonte,1035,57.5043686219,-50.0000000000,-50.0000000000,750.0000000000,800.0000000000,1,-50.0000000000,nan,57.5070075108,0.0000000000
perda_fonte,1036,57.5070075108,-50.0000000000,-50.0000000000,750.0000000000,800.0000000000,1,-50.0000000000,nan,57.5096463997,0.0000000000
perda_fonte,1037,57.5096463997,-50.0000000000,-50.0000000000,750.0000000000,800.0000000000,1,-50.0000000000,nan,57.5122852886,0.0000000000
perda_fonte,1038,57.5122852886,-50.0000000000,-50.0000000000,750.0000000000,800.0000000000,1,-50.0000000000,nan,57.5149241774,0.0000000000
perda_fonte,1039,57.5149241774,-50.0000000000,-50.0000000000,750.0000000000,800.0000000000,1,-50.0000000000,nan,57.5175630663,0.0000000000
perda_fonte,1040,57.5175630663,-50.0000000000,-50.0000000000,750.0000000000,800.0000000000,1,-50.0000000000,nan,57.5202019552,0.0000000000
perda_fonte,1041,57.5202019552,-50.0000000000,-50.0000000000,750.0000000000,800.0000000000,1,-50.0000000000,nan,57.5228408441,0.0000000000
perda_fonte,1042,57.5228408441,-50.0000000000,-50.0000000000,750.0000000000,800.0000000000,1,-50.0000000000,nan,57.5254797330,0.0000000000
perda_fonte,1043,57.5254797330,-50.0000000000,-50.0000000000,750.0000000000,800.0000000000,1,-50.0000000000,nan,57.5281186219,0.0000000000
perda_fonte,1044,57.5281186219,-50.0000000000,-50.0000000000,750.0000000000,800.0000000000,1,-50.0000000000,nan,57.5307575108,0.0000000000
perda_fonte,1045,57.5307575108,-50.0000000000,-50.0000000000,750.0000000000,800.0000000000,1,-50.0000000000,nan,57.5333963997,0.0000000000
perda_fonte,1046,57.5333963997,-50.0000000000,-50.0000000000,750.0000000000,800.0000000000,1,-50.0000000000,nan,57.5360352886,0.0000000000
perda_fonte,1047,57.5360352886,-50.0000000000,-50.0000000000,750.0000000000,800.0000000000,1,-50.0000000000,nan,57.5386741774,0.0000000000
perda_fonte,1048,57.5386741774,-50.0000000000,-50.0000000000,750.0000000000,800.0000000000,1,-50.0000000000,nan,57.5413130663,0.0000000000
perda_fonte,1049,57.5413130663,-50.0000000000,-50.0000000000,750.0000000000,800.0000000000,1,-50.0000000000,nan,57.5439519552,0.0000000000
perda_fonte,1050,57.5439519552,-50.0000000000,-50.0000000000,750.0000000000,800.0000000000,1,-50.0000000000,nan,57.5465908441,0.0000000000
perda_fonte,1051,57.5465908441,-50.0000000000,-50.0000000000,750.0000000000,800.0000000000,1,-50.0000000000,nan,57.5492297330,0.0000000000
perda_fonte,1052,57.5492297330,-50.0000000000,-50.0000000000,750.0000000000,800.0000000000,1,-50.0000000000,nan,57.5518686219,0.0000000000
perda_fonte,1053,57.5518686219,-50.0000000000,-50.0000000000,750.0000000000,800.0000000000,1,-50.0000000000,nan,57.5545075108,0.0000000000
perda_fonte,1054,57.5545075108,-50.0000000000,-50.0000000000,750.0000000000,800.0000000000,1,-50.0000000000,nan,57.5571463997,0.0000000000
perda_fonte,1055,57.5571463997,-50.0000000000,-50.0000000000,750.0000000000,800.0000000000,1,-50.0000000000,nan,57.5597852886,0.0000000000
perda_fonte,1056,57.5597852886,-50.0000000000,-50.0000000000,750.0000000000,800.0000000000,1,-50.0000000000,nan,57.5624241774,0.0000000000
perda_fonte,1057,57.5624241774,-50.0000000000,-50.0000000000,750.0000000000,800.0000000000,1,-50.0000000000,nan,57.5650630663,0.0000000000
perda_fonte,1058,57.5650630663,-50.0000000000,-50.0000000000,750.0000000000,800.0000000000,1,-50.0000000000,nan,57.5677019552,0.0000000000
perda_fonte,1059,57.5677019552,-50.0000000000,-50.0000000000,750.0000000000,800.0000000000,1,-50.0000000000,nan,57.5703408441,0.0000000000
perda_fonte,1060,57.5703408441,-50.0000000000,-50.0000000000,750.0000000000,800.0000000000,1,-50.0000000000,nan,57.5729797330,0.0000000000
perda_fonte,1061,57.5729797330,-50.0000000000,-50.0000000000,750.0000000000,800.0000000000,1,-50.0000000000,nan,57.5756186219,0.0000000000
perda_fonte,1062,57.5756186219,-50.0000000000,-50.0000000000,750.0000000000,800.0000000000,1,-50.0000000000,nan,57.5782575108,0.0000000000
perda_fonte,1063,57.5782575108,-50.0000000000,-50.0000000000,750.0000000000,800.0000000000,1,-50.0000000000,nan,57.5808963997,0.0000000000
perda_fonte,1064,57.5808963997,-50.0000000000,-50.0000000000,750.0000000000,800.0000000000,1,-50.0000000000,nan,57.5835352886,0.0000000000
perda_fonte,1065,57.5835352886,-50.0000000000,-50.0000000000,750.0000000000,800.0000000000,1,-50.0000000000,nan,57.5861741774,0.0000000000
perda_fonte,1066,57.5861741774,-50.0000000000,-50.0000000000,750.0000000000,800.0000000000,1,-50.0000000000,nan,57.5888130663,0.0000000000
perda_fonte,1067,57.5888130663,-50.0000000000,-50.0000000000,750.0000000000,800.0000000000,1,-50.0000000000,nan,57.5914519552,0.0000000000
perda_fonte,1068,57.5914519552,-50.0000000000,-50.0000000000,750.0000000000,800.0000000000,1,-50.0000000000,nan,57.5940908441,0.0000000000
perda_fonte,1069,57.5940908441,-50.0000000000,-50.0000000000,750.0000000000,800.0000000000,1,-50.0000000000,nan,57.5967297330,0.0000000000
perda_fonte,1070,57.5967297330,-50.0000000000,-50.0000000000,750.0000000000,800.0000000000,1,-50.0000000000,nan,57.5993686219,0.0000000000
perda_fonte,1071,57.5993686219,-50.0000000000,-50.0000000000,750.0000000000,800.0000000000,1,-50.0000000000,nan,57.6020075108,0.0000000000
perda_fonte,1072,57.6020075108,-50.0000000000,-50.0000000000,750.0000000000,800.0000000000,1,-50.0000000000,nan,57.6046463997,0.0000000000
perda_fonte,1073,57.6046463997,-50.0000000000,-50.0000000000,750.0000000000,800.0000000000,1,-50.0000000000,nan,57.6072852886,0.0000000000
perda_fonte,1074,57.6072852886,-50.0000000000,-50.0000000000,750.0000000000,800.0000000000,1,-50.0000000000,nan,57.6099241774,0.0000000000
perda_fonte,1075,57.6099241774,-50.0000000000,-50.0000000000,750.0000000000,800.0000000000,1,-50.0000000000,nan,57.6125630663,0.0000000000
perda_fonte,1076,57.6125630663,-50.0000000000,-50.0000000000,750.0000000000,800.0000000000,1,-50.0000000000,nan,57.6152019552,0.0000000000
perda_fonte,1077,57.6152019552,-50.0000000000,-50.0000000000,750.0000000000,800.0000000000,1,-50.0000000000,nan,57.6178408441,0.0000000000
perda_fonte,1078,57.6178408441,-50.0000000000,-50.0000000000,750.0000000000,800.0000000000,1,-50.0000000000,nan,57.6204797330,0.0000000000
perda_fonte,1079,57.6204797330,-50.0000000000,-50.0000000000,750.0000000000,800.0000000000,1,-50.0000000000,nan,57.6231186219,0.0000000000
perda_fonte,1080,57.6231186219,-50.0000000000,-50.0000000000,750.0000000000,800.0000000000,1,-50.0000000000,nan,57.6257575108,0.0000000000
perda_fonte,1081,57.6257575108,-50.0000000000,-50.0000000000,750.0000000000,800.0000000000,1,-50.0000000000,nan,57.6283963997,0.0000000000
perda_fonte,1082,57.6283963997,-50.0000000000,-50.0000000000,750.0000000000,800.0000000000,1,-50.0000000000,nan,57.6310352886,0.0000000000
perda_fonte,1083,57.6310352886,-50.0000000000,-50.0000000000,750.0000000000,800.0000000000,1,-50.0000000000,nan,57.6336741774,0.0000000000
perda_fonte,1084,57.6336741774,-50.0000000000,-50.0000000000,750.0000000000,800.0000000000,1,-50.0000000000,nan,57.6363130663,0.0000000000
perda_fonte,1085,57.6363130663,-50.0000000000,-50.0000000000,750.0000000000,800.0000000000,1,-50.0000000000,nan,57.6389519552,0.0000000000
perda_fonte,1086,57.6389519552,-50.0000000000,-50.0000000000,750.0000000000,800.0000000000,1,-50.0000000000,nan,57.6415908441,0.0000000000
perda_fonte,1087,57.6415908441,-50.0000000000,-50.0000000000,750.0000000000,800.0000000000,1,-50.0000000000,nan,57.6442297330,0.0000000000
perda_fonte,1088,57.6442297330,-50.0000000000,-50.0000000000,750.0000000000,800.0000000000,1,-50.0000000000,nan,57.6468686219,0.0000000000
perda_fonte,1089,57.6468686219,-50.0000000000,-50.0000000000,750.0000000000,800.0000000000,1,-50.0000000000,nan,57.6495075108,0.0000000000
perda_fonte,1090,57.6495075108,-50.0000000000,-50.0000000000,750.0000000000,800.0000000000,1,-50.0000000000,nan,57.6521463997,0.0000000000
perda_fonte,1091,57.6521463997,-50.0000000000,-50.0000000000,750.0000000000,800.0000000000,1,-50.0000000000,nan,57.6547852886,0.0000000000
perda_fonte,1092,57.6547852886,-50.0000000000,-50.0000000000,750.0000000000,800.0000000000,1,-50.0000000000,nan,57.6574241774,0.0000000000
perda_fonte,1093,57.6574241774,-50.0000000000,-50.0000000000,750.0000000000,800.0000000000,1,-50.0000000000,nan,57.6600630663,0.0000000000
perda_fonte,1094,57.6600630663,-50.0000000000,-50.0000000000,750.0000000000,800.0000000000,1,-50.0000000000,nan,57.6627019552,0.0000000000
perda_fonte,1095,57.6627019552,-50.0000000000,-50.0000000000,750.0000000000,800.0000000000,1,-50.0000000000,nan,57.6653408441,0.0000000000
perda_fonte,1096,57.6653408441,-50.0000000000,-50.0000000000,750.0000000000,800.0000000000,1,-50.0000000000,nan,57.6679797330,0.0000000000
perda_fonte,1097,57.6679797330,-50.0000000000,-50.0000000000,750.0000000000,800.0000000000,1,-50.0000000000,nan,57.6706186219,0.0000000000
perda_fonte,1098,57.6706186219,-50.0000000000,-50.0000000000,750.0000000000,800.0000000000,1,-50.0000000000,nan,57.6732575108,0.0000000000
perda_fonte,1099,57.6732575108,-50.0000000000,-50.0000000000,750.0000000000,800.0000000000,1,-50.0000000000,nan,57.6758963997,0.0000000000
perda_fonte,1100,57.6758963997,-50.0000000000,-50.0000000000,750.0000000000,800.0000000000,1,-50.0000000000,nan,57.6785352886,0.0000000000
perda_fonte,1101,57.6785352886,-50.0000000000,-50.0000000000,750.0000000000,800.0000000000,1,-50.0000000000,nan,57.6811741774,0.0000000000
perda_fonte,1102,57.6811741774,-50.0000000000,-50.0000000000,750.0000000000,800.0000000000,1,-50.0000000000,nan,57.6838130663,0.0000000000
perda_fonte,1103,57.6838130663,-50.0000000000,-50.0000000000,750.0000000000,800.0000000000,1,-50.0000000000,nan,57.6864519552,0.0000000000
perda_fonte,1104,57.6864519552,-50.0000000000,-50.0000000000,750.0000000000,800.0000000000,1,-50.0000000000,nan,57.6890908441,0.0000000000
perda_fonte,1105,57.6890908441,-50.0000000000,-50.0000000000,750.0000000000,800.0000000000,1,-50.0000000000,nan,57.6917297330,0.0000000000
perda_fonte,1106,57.6917297330,-50.0000000000,-50.0000000000,750.0000000000,800.0000000000,1,-50.0000000000,nan,57.6943686219,0.0000000000
perda_fonte,1107,57.6943686219,-50.0000000000,-50.0000000000,750.0000000000,800.0000000000,1,-50.0000000000,nan,57.6970075108,0.0000000000
perda_fonte,1108,57.6970075108,-50.0000000000,-50.0000000000,750.0000000000,800.0000000000,1,-50.0000000000,nan,57.6996463997,0.0000000000
perda_fonte,1109,57.6996463997,-50.0000000000,-50.0000000000,750.0000000000,800.0000000000,1,-50.0000000000,nan,57.7022852886,0.0000000000
perda_fonte,1110,57.7022852886,-50.0000000000,-50.0000000000,750.0000000000,800.0000000000,1,-50.0000000000,nan,57.7049241774,0.0000000000
perda_fonte,1111,57.7049241774,-50.0000000000,-50.0000000000,750.0000000000,800.0000000000,1,-50.0000000000,nan,57.7075630663,0.0000000000
perda_fonte,1112,57.7075630663,-50.0000000000,-50.0000000000,750.0000000000,800.0000000000,1,-50.0000000000,nan,57.7102019552,0.0000000000
perda_fonte,1113,57.7102019552,-50.0000000000,-50.0000000000,750.0000000000,800.0000000000,1,-50.0000000000,nan,57.7128408441,0.0000000000
perda_fonte,1114,57.7128408441,-50.0000000000,-50.0000000000,750.0000000000,800.0000000000,1,-50.0000000000,nan,57.7154797330,0.0000000000
perda_fonte,1115,57.7154797330,-50.0000000000,-50.0000000000,750.0000000000,800.0000000000,1,-50.0000000000,nan,57.7181186219,0.0000000000
perda_fonte,1116,57.7181186219,-50.0000000000,-50.0000000000,750.0000000000,800.0000000000,1,-50.0000000000,nan,57.7207575108,0.0000000000
perda_fonte,1117,57.7207575108,-50.0000000000,-50.0000000000,750.0000000000,800.0000000000,1,-50.0000000000,nan,57.7233963997,0.0000000000
perda_fonte,1118,57.7233963997,-50.0000000000,-50.0000000000,750.0000000000,800.0000000000,1,-50.0000000000,nan,57.7260352886,0.0000000000
perda_fonte,1119,57.7260352886,-50.0000000000,-50.0000000000,750.0000000000,800.0000000000,1,-50.0000000000,nan,57.7286741774,0.0000000000
perda_fonte,1120,57.7286741774,-50.0000000000,-50.0000000000,750.0000000000,800.0000000000,1,-50.0000000000,nan,57.7313130663,0.0000000000
perda_fonte,1121,57.7313130663,-50.0000000000,-50.0000000000,750.0000000000,800.0000000000,1,-50.0000000000,nan,57.7339519552,0.0000000000
perda_fonte,1122,57.7339519552,-50.0000000000,-50.0000000000,750.0000000000,800.0000000000,1,-50.0000000000,nan,57.7365908441,0.0000000000
perda_fonte,1123,57.7365908441,-50.0000000000,-50.0000000000,750.0000000000,800.0000000000,1,-50.0000000000,nan,57.7392297330,0.0000000000
perda_fonte,1124,57.7392297330,-50.0000000000,-50.0000000000,750.0000000000,800.0000000000,1,-50.0000000000,nan,57.7418686219,0.0000000000
perda_fonte,1125,57.7418686219,-50.0000000000,-50.0000000000,750.0000000000,800.0000000000,1,-50.0000000000,nan,57.7445075108,0.0000000000
perda_fonte,1126,57.7445075108,-50.0000000000,-50.0000000000,750.0000000000,800.0000000000,1,-50.0000000000,nan,57.7471463997,0.0000000000
perda_fonte,1127,57.7471463997,-50.0000000000,-50.0000000000,750.0000000000,800.0000000000,1,-50.0000000000,nan,57.7497852886,0.0000000000
perda_fonte,1128,57.7497852886,-50.0000000000,-50.0000000000,750.0000000000,800.0000000000,1,-50.0000000000,nan,57.7524241774,0.0000000000
perda_fonte,1129,57.7524241774,-50.0000000000,-50.0000000000,750.0000000000,800.0000000000,1,-50.0000000000,nan,57.7550630663,0.0000000000
perda_fonte,1130,57.7550630663,-50.0000000000,-50.0000000000,750.0000000000,800.0000000000,1,-50.0000000000,nan,57.7577019552,0.0000000000
perda_fonte,1131,57.7577019552,-50.0000000000,-50.0000000000,750.0000000000,800.0000000000,1,-50.0000000000,nan,57.7603408441,0.0000000000
perda_fonte,1132,57.7603408441,-50.0000000000,-50.0000000000,750.0000000000,800.0000000000,1,-50.0000000000,nan,57.7629797330,0.0000000000
perda_fonte,1133,57.7629797330,-50.0000000000,-50.0000000000,750.0000000000,800.0000000000,1,-50.0000000000,nan,57.7656186219,0.0000000000
perda_fonte,1134,57.7656186219,-50.0000000000,-50.0000000000,750.0000000000,800.0000000000,1,-50.0000000000,nan,57.7682575108,0.0000000000
perda_fonte,1135,57.7682575108,-50.0000000000,-50.0000000000,750.0000000000,800.0000000000,1,-50.0000000000,nan,57.7708963997,0.0000000000
perda_fonte,1136,57.7708963997,-50.0000000000,-50.0000000000,750.0000000000,800.0000000000,1,-50.0000000000,nan,57.7735352886,0.0000000000
perda_fonte,1137,57.7735352886,-50.0000000000,-50.0000000000,750.0000000000,800.0000000000,1,-50.0000000000,nan,57.7761741774,0.0000000000
perda_fonte,1138,57.7761741774,-50.0000000000,-50.0000000000,750.0000000000,800.0000000000,1,-50.0000000000,nan,57.7788130663,0.0000000000
perda_fonte,1139,57.7788130663,-50.0000000000,-50.0000000000,750.0000000000,800.0000000000,1,-50.0000000000,nan,57.7814519552,0.0000000000
perda_fonte,1140,57.7814519552,-50.0000000000,-50.0000000000,750.0000000000,800.0000000000,1,-50.0000000000,nan,57.7840908441,0.0000000000
perda_fonte,1141,57.7840908441,-50.0000000000,-50.0000000000,750.0000000000,800.0000000000,1,-50.0000000000,nan,57.7867297330,0.0000000000
perda_fonte,1142,57.7867297330,-50.0000000000,-50.0000000000,750.0000000000,800.0000000000,1,-50.0000000000,nan,57.7893686219,0.0000000000
perda_fonte,1143,57.7893686219,-50.0000000000,-50.0000000000,750.0000000000,800.0000000000,1,-50.0000000000,nan,57.7920075108,0.0000000000
perda_fonte,1144,57.7920075108,-50.0000000000,-50.0000000000,750.0000000000,800.0000000000,1,-50.0000000000,nan,57.7946463997,0.0000000000
perda_fonte,1145,57.7946463997,-50.0000000000,-50.0000000000,750.0000000000,800.0000000000,1,-50.0000000000,nan,57.7972852886,0.0000000000
perda_fonte,1146,57.7972852886,-50.0000000000,-50.0000000000,750.0000000000,800.0000000000,1,-50.0000000000,nan,57.7999241774,0.0000000000
perda_fonte,1147,57.7999241774,-50.0000000000,-50.0000000000,750.0000000000,800.0000000000,1,-50.0000000000,nan,57.8025630663,0.0000000000
perda_fonte,1148,57.8025630663,-50.0000000000,-50.0000000000,750.0000000000,800.0000000000,1,-50.0000000000,nan,57.8052019552,0.0000000000
perda_fonte,1149,57.8052019552,-50.0000000000,-50.0000000000,750.0000000000,800.0000000000,1,-50.0000000000,nan,57.8078408441,0.0000000000
perda_fonte,1150,57.8078408441,-50.0000000000,-50.0000000000,750.0000000000,800.0000000000,1,-50.0000000000,nan,57.8104797330,0.0000000000
perda_fonte,1151,57.8104797330,-50.0000000000,-50.0000000000,750.0000000000,800.0000000000,1,-50.0000000000,nan,57.8131186219,0.0000000000
perda_fonte,1152,57.8131186219,-50.0000000000,-50.0000000000,750.0000000000,800.0000000000,1,-50.0000000000,nan,57.8157575108,0.0000000000
perda_fonte,1153,57.8157575108,-50.0000000000,-50.0000000000,750.0000000000,800.0000000000,1,-50.0000000000,nan,57.8183963997,0.0000000000
perda_fonte,1154,57.8183963997,-50.0000000000,-50.0000000000,750.0000000000,800.0000000000,1,-50.0000000000,nan,57.8210352886,0.0000000000
perda_fonte,1155,57.8210352886,-50.0000000000,-50.0000000000,750.0000000000,800.0000000000,1,-50.0000000000,nan,57.8236741774,0.0000000000
perda_fonte,1156,57.8236741774,-50.0000000000,-50.0000000000,750.0000000000,800.0000000000,1,-50.0000000000,nan,57.8263130663,0.0000000000
perda_fonte,1157,57.8263130663,-50.0000000000,-50.0000000000,750.0000000000,800.0000000000,1,-50.0000000000,nan,57.8289519552,0.0000000000
perda_fonte,1158,57.8289519552,-50.0000000000,-50.0000000000,750.0000000000,800.0000000000,1,-50.0000000000,nan,57.8315908441,0.0000000000
perda_fonte,1159,57.8315908441,-50.0000000000,-50.0000000000,750.0000000000,800.0000000000,1,-50.0000000000,nan,57.8342297330,0.0000000000
perda_fonte,1160,57.8342297330,-50.0000000000,-50.0000000000,750.0000000000,800.0000000000,1,-50.0000000000,nan,57.8368686219,0.0000000000
perda_fonte,1161,57.8368686219,-50.0000000000,-50.0000000000,750.0000000000,800.0000000000,1,-50.0000000000,nan,57.8395075108,0.0000000000
perda_fonte,1162,57.8395075108,-50.0000000000,-50.0000000000,750.0000000000,800.0000000000,1,-50.0000000000,nan,57.8421463997,0.0000000000
perda_fonte,1163,57.8421463997,-50.0000000000,-50.0000000000,750.0000000000,800.0000000000,1,-50.0000000000,nan,57.8447852886,0.0000000000
perda_fonte,1164,57.8447852886,-50.0000000000,-50.0000000000,750.0000000000,800.0000000000,1,-50.0000000000,nan,57.8474241774,0.0000000000
perda_fonte,1165,57.8474241774,-50.0000000000,-50.0000000000,750.0000000000,800.0000000000,1,-50.0000000000,nan,57.8500630663,0.0000000000
perda_fonte,1166,57.8500630663,-50.0000000000,-50.0000000000,750.0000000000,800.0000000000,1,-50.0000000000,nan,57.8527019552,0.0000000000
perda_fonte,1167,57.8527019552,-50.0000000000,-50.0000000000,750.0000000000,800.0000000000,1,-50.0000000000,nan,57.8553408441,0.0000000000
perda_fonte,1168,57.8553408441,-50.0000000000,-50.0000000000,750.0000000000,800.0000000000,1,-50.0000000000,nan,57.8579797330,0.0000000000
perda_fonte,1169,57.8579797330,-50.0000000000,-50.0000000000,750.0000000000,800.0000000000,1,-50.0000000000,nan,57.8606186219,0.0000000000
perda_fonte,1170,57.8606186219,-50.0000000000,-50.0000000000,750.0000000000,800.0000000000,1,-50.0000000000,nan,57.8632575108,0.0000000000
perda_fonte,1171,57.8632575108,-50.0000000000,-50.0000000000,750.0000000000,800.0000000000,1,-50.0000000000,nan,57.8658963997,0.0000000000
perda_fonte,1172,57.8658963997,-50.0000000000,-50.0000000000,750.0000000000,800.0000000000,1,-50.0000000000,nan,57.8685352886,0.0000000000
perda_fonte,1173,57.8685352886,-50.0000000000,-50.0000000000,750.0000000000,800.0000000000,1,-50.0000000000,nan,57.8711741774,0.0000000000
perda_fonte,1174,57.8711741774,-50.0000000000,-50.0000000000,750.0000000000,800.0000000000,1,-50.0000000000,nan,57.8738130663,0.0000000000
perda_fonte,1175,57.8738130663,-50.0000000000,-50.0000000000,750.0000000000,800.0000000000,1,-50.0000000000,nan,57.8764519552,0.0000000000
perda_fonte,1176,57.8764519552,-50.0000000000,-50.0000000000,750.0000000000,800.0000000000,1,-50.0000000000,nan,57.8790908441,0.0000000000
perda_fonte,1177,57.8790908441,-50.0000000000,-50.0000000000,750.0000000000,800.0000000000,1,-50.0000000000,nan,57.8817297330,0.0000000000
perda_fonte,1178,57.8817297330,-50.0000000000,-50.0000000000,750.0000000000,800.0000000000,1,-50.0000000000,nan,57.8843686219,0.0000000000
perda_fonte,1179,57.8843686219,-50.0000000000,-50.0000000000,750.0000000000,800.0000000000,1,-50.0000000000,nan,57.8870075108,0.0000000000
perda_fonte,1180,57.8870075108,-50.0000000000,-50.0000000000,750.0000000000,800.0000000000,1,-50.0000000000,nan,57.8896463997,0.0000000000
perda_fonte,1181,57.8896463997,-50.0000000000,-50.0000000000,750.0000000000,800.0000000000,1,-50.0000000000,nan,57.8922852886,0.0000000000
perda_fonte,1182,57.8922852886,-50.0000000000,-50.0000000000,750.0000000000,800.0000000000,1,-50.0000000000,nan,57.8949241774,0.0000000000
perda_fonte,1183,57.8949241774,-50.0000000000,-50.0000000000,750.0000000000,800.0000000000,1,-50.0000000000,nan,57.8975630663,0.0000000000
perda_fonte,1184,57.8975630663,-50.0000000000,-50.0000000000,750.0000000000,800.0000000000,1,-50.0000000000,nan,57.9002019552,0.0000000000
perda_fonte,1185,57.9002019552,-50.0000000000,-50.0000000000,750.0000000000,800.0000000000,1,-50.0000000000,nan,57.9028408441,0.0000000000
perda_fonte,1186,57.9028408441,-50.0000000000,-50.0000000000,750.0000000000,800.0000000000,1,-50.0000000000,nan,57.9054797330,0.0000000000
perda_fonte,1187,57.9054797330,-50.0000000000,-50.0000000000,750.0000000000,800.0000000000,1,-50.0000000000,nan,57.9081186219,0.0000000000
perda_fonte,1188,57.9081186219,-50.0000000000,-50.0000000000,750.0000000000,800.0000000000,1,-50.0000000000,nan,57.9107575108,0.0000000000
perda_fonte,1189,57.9107575108,-50.0000000000,-50.0000000000,750.0000000000,800.0000000000,1,-50.0000000000,nan,57.9133963997,0.0000000000
perda_fonte,1190,57.9133963997,-50.0000000000,-50.0000000000,750.0000000000,800.0000000000,1,-50.0000000000,nan,57.9160352886,0.0000000000
perda_fonte,1191,57.9160352886,-50.0000000000,-50.0000000000,750.0000000000,800.0000000000,1,-50.0000000000,nan,57.9186741774,0.0000000000
perda_fonte,1192,57.9186741774,-50.0000000000,-50.0000000000,750.0000000000,800.0000000000,1,-50.0000000000,nan,57.9213130663,0.0000000000
perda_fonte,1193,57.9213130663,-50.0000000000,-50.0000000000,750.0000000000,800.0000000000,1,-50.0000000000,nan,57.9239519552,0.0000000000
perda_fonte,1194,57.9239519552,-50.0000000000,-50.0000000000,750.0000000000,800.0000000000,1,-50.0000000000,nan,57.9265908441,0.0000000000
perda_fonte,1195,57.9265908441,-50.0000000000,-50.0000000000,750.0000000000,800.0000000000,1,-50.0000000000,nan,57.9292297330,0.0000000000
perda_fonte,1196,57.9292297330,-50.0000000000,-50.0000000000,750.0000000000,800.0000000000,1,-50.0000000000,nan,57.9318686219,0.0000000000
perda_fonte,1197,57.9318686219,-50.0000000000,-50.0000000000,750.0000000000,800.0000000000,1,-50.0000000000,nan,57.9345075108,0.0000000000
perda_fonte,1198,57.9345075108,-50.0000000000,-50.0000000000,750.0000000000,800.0000000000,1,-50.0000000000,nan,57.9371463997,0.0000000000
perda_fonte,1199,57.9371463997,-50.0000000000,-50.0000000000,750.0000000000,800.0000000000,1,-50.0000000000,nan,57.9397852886,0.0000000000
retorno_fonte,0,60.0000000000,0.0000000000,0.0000000000,750.0000000000,800.0000000000,1,0.0000000000,nan,60.0000000000,0.0000000000
retorno_fonte,1,60.0000000000,0.0000000000,0.0000000000,750.0000000000,800.0000000000,1,0.0000000000,nan,60.0000000000,0.0000000000
retorno_fonte,2,60.0000000000,0.0000000000,0.0000000000,750.0000000000,800.0000000000,1,0.0000000000,nan,60.0000000000,0.0000000000
retorno_fonte,3,60.0000000000,0.0000000000,0.0000000000,750.0000000000,800.0000000000,1,0.0000000000,nan,60.0000000000,0.0000000000
retorno_fonte,4,60.0000000000,0.0000000000,0.0000000000,750.0000000000,800.0000000000,1,0.0000000000,nan,60.0000000000,0.0000000000
retorno_fonte,5,60.0000000000,0.0000000000,0.0000000000,750.0000000000,800.0000000000,1,0.0000000000,nan,60.0000000000,0.0000000000
retorno_fonte,6,60.0000000000,0.0000000000,0.0000000000,750.0000000000,800.0000000000,1,0.0000000000,nan,60.0000000000,0.0000000000
retorno_fonte,7,60.0000000000,0.0000000000,0.0000000000,750.0000000000,800.0000000000,1,0.0000000000,nan,60.0000000000,0.0000000000
retorno_fonte,8,60.0000000000,0.0000000000,0.0000000000,750.0000000000,800.0000000000,1,0.0000000000,nan,60.0000000000,0.0000000000
retorno_fonte,9,60.0000000000,0.0000000000,0.0000000000,750.0000000000,800.0000000000,1,0.0000000000,nan,60.0000000000,0.0000000000
retorno_fonte,10,60.0000000000,0.0000000000,0.0000000000,750.0000000000,800.0000000000,1,0.0000000000,nan,60.0000000000,0.0000000000
retorno_fonte,11,60.0000000000,0.0000000000,0.0000000000,750.0000000000,800.0000000000,1,0.0000000000,nan,60.0000000000,0.0000000000
retorno_fonte,12,60.0000000000,0.0000000000,0.0000000000,750.0000000000,800.0000000000,1,0.0000000000,nan,60.0000000000,0.0000000000
retorno_fonte,13,60.0000000000,0.0000000000,0.0000000000,750.0000000000,800.0000000000,1,0.0000000000,nan,60.0000000000,0.0000000000
retorno_fonte,14,60.0000000000,0.0000000000,0.0000000000,750.0000000000,800.0000000000,1,0.0000000000,nan,60.0000000000,0.0000000000
retorno_fonte,15,60.0000000000,0.0000000000,0.0000000000,750.0000000000,800.0000000000,1,0.0000000000,nan,60.0000000000,0.0000000000
retorno_fonte,16,60.0000000000,0.0000000000,0.0000000000,750.0000000000,800.0000000000,1,0.0000000000,nan,60.0000000000,0.0000000000
retorno_fonte,17,60.0000000000,0.0000000000,0.0000000000,750.0000000000,800.0000000000,1,0.0000000000,nan,60.0000000000,0.0000000000
retorno_fonte,18,60.0000000000,0.0000000000,0.0000000000,750.0000000000,800.0000000000,1,0.0000000000,nan,60.0000000000,0.0000000000
retorno_fonte,19,60.0000000000,0.0000000000,0.0000000000,750.0000000000,800.0000000000,1,0.0000000000,nan,60.0000000000,0.0000000000
retorno_fonte,20,60.0000000000,0.0000000000,0.0000000000,750.0000000000,800.0000000000,1,0.0000000000,nan,60.0000000000,0.0000000000
retorno_fonte,21,60.0000000000,0.0000000000,0.0000000000,750.0000000000,800.0000000000,1,0.0000000000,nan,60.0000000000,0.0000000000
retorno_fonte,22,60.0000000000,0.0000000000,0.0000000000,750.0000000000,800.0000000000,1,0.0000000000,nan,60.0000000000,0.0000000000
retorno_fonte,23,60.0000000000,0.0000000000,0.0000000000,750.0000000000,800.0000000000,1,0.0000000000,nan,60.0000000000,0.0000000000
retorno_fonte,24,60.0000000000,0.0000000000,0.0000000000,750.0000000000,800.0000000000,1,0.0000000000,nan,60.0000000000,0.0000000000
retorno_fonte,25,60.0000000000,0.0000000000,0.0000000000,750.0000000000,800.0000000000,1,0.0000000000,nan,60.0000000000,0.0000000000
retorno_fonte,26,60.0000000000,0.0000000000,0.0000000000,750.0000000000,800.0000000000,1,0.0000000000,nan,60.0000000000,0.0000000000
retorno_fonte,27,60.0000000000,0.0000000000,0.0000000000,750.0000000000,800.0000000000,1,0.0000000000,nan,60.0000000000,0.0000000000
retorno_fonte,28,60.0000000000,0.0000000000,0.0000000000,750.0000000000,800.0000000000,1,0.0000000000,nan,60.0000000000,0.0000000000
retorno_fonte,29,60.0000000000,0.0000000000,0.0000000000,750.0000000000,800.0000000000,1,0.0000000000,nan,60.0000000000,0.0000000000
retorno_fonte,30,60.0000000000,0.0000000000,0.0000000000,750.0000000000,800.0000000000,1,0.0000000000,nan,60.0000000000,0.0000000000
retorno_fonte,31,60.0000000000,0.0000000000,0.0000000000,750.0000000000,800.0000000000,1,0.0000000000,nan,60.0000000000,0.0000000000
retorno_fonte,32,60.0000000000,0.0000000000,0.0000000000,750.0000000000,800.0000000000,1,0.0000000000,nan,60.0000000000,0.0000000000
retorno_fonte,33,60.0000000000,0.0000000000,0.0000000000,750.0000000000,800.0000000000,1,0.0000000000,nan,60.0000000000,0.0000000000
retorno_fonte,34,60.0000000000,0.0000000000,0.0000000000,750.0000000000,800.0000000000,1,0.0000000000,nan,60.0000000000,0.0000000000
retorno_fonte,35,60.0000000000,0.0000000000,0.0000000000,750.0000000000,800.0000000000,1,0.0000000000,nan,60.0000000000,0.0000000000
retorno_fonte,36,60.0000000000,0.0000000000,0.0000000000,750.0000000000,800.0000000000,1,0.0000000000,nan,60.0000000000,0.0000000000
retorno_fonte,37,60.0000000000,0.0000000000,0.0000000000,750.0000000000,800.0000000000,1,0.0000000000,nan,60.0000000000,0.0000000000
retorno_fonte,38,60.0000000000,0.0000000000,0.0000000000,750.0000000000,800.0000000000,1,0.0000000000,nan,60.0000000000,0.0000000000
retorno_fonte,39,60.0000000000,0.0000000000,0.0000000000,750.0000000000,800.0000000000,1,0.0000000000,nan,60.0000000000,0.0000000000
retorno_fonte,40,60.0000000000,0.0000000000,0.0000000000,750.0000000000,800.0000000000,1,0.0000000000,nan,60.0000000000,0.0000000000
retorno_fonte,41,60.0000000000,0.0000000000,0.0000000000,750.0000000000,800.0000000000,1,0.0000000000,nan,60.0000000000,0.0000000000
retorno_fonte,42,60.0000000000,0.0000000000,0.0000000000,750.0000000000,800.0000000000,1,0.0000000000,nan,60.0000000000,0.0000000000
retorno_fonte,43,60.0000000000,0.0000000000,0.0000000000,750.0000000000,800.0000000000,1,0.0000000000,nan,60.0000000000,0.0000000000
retorno_fonte,44,60.0000000000,0.0000000000,0.0000000000,750.0000000000,800.0000000000,1,0.0000000000,nan,60.0000000000,0.0000000000
retorno_fonte,45,60.0000000000,0.0000000000,0.0000000000,750.0000000000,800.0000000000,1,0.0000000000,nan,60.0000000000,0.0000000000
retorno_fonte,46,60.0000000000,0.0000000000,0.0000000000,750.0000000000,800.0000000000,1,0.0000000000,nan,60.0000000000,0.0000000000
retorno_fonte,47,60.0000000000,0.0000000000,0.0000000000,750.0000000000,800.0000000000,1,0.0000000000,nan,60.0000000000,0.0000000000
retorno_fonte,48,60.0000000000,0.0000000000,0.0000000000,750.0000000000,800.0000000000,1,0.0000000000,nan,60.0000000000,0.0000000000
retorno_fonte,49,60.0000000000,0.0000000000,0.0000000000,750.0000000000,800.0000000000,1,0.0000000000,nan,60.0000000000,0.0000000000
retorno_fonte,50,60.0000000000,0.0000000000,0.0000000000,750.0000000000,800.0000000000,1,0.0000000000,nan,60.0000000000,0.0000000000
retorno_fonte,51,60.0000000000,0.0000000000,0.0000000000,750.0000000000,800.0000000000,1,0.0000000000,nan,60.0000000000,0.0000000000
retorno_fonte,52,60.0000000000,0.0000000000,0.0000000000,750.0000000000,800.0000000000,1,0.0000000000,nan,60.0000000000,0.0000000000
retorno_fonte,53,60.0000000000,0.0000000000,0.0000000000,750.0000000000,800.0000000000,1,0.0000000000,nan,60.0000000000,0.0000000000
retorno_fonte,54,60.0000000000,0.0000000000,0.0000000000,750.0000000000,800.0000000000,1,0.0000000000,nan,60.0000000000,0.0000000000
retorno_fonte,55,60.0000000000,0.0000000000,0.0000000000,750.0000000000,800.0000000000,1,0.0000000000,nan,60.0000000000,0.0000000000
retorno_fonte,56,60.0000000000,0.0000000000,0.0000000000,750.0000000000,800.0000000000,1,0.0000000000,nan,60.0000000000,0.0000000000
retorno_fonte,57,60.0000000000,0.0000000000,0.0000000000,750.0000000000,800.0000000000,1,0.0000000000,nan,60.0000000000,0.0000000000
retorno_fonte,58,60.0000000000,0.0000000000,0.0000000000,750.0000000000,800.0000000000,1,0.0000000000,nan,60.0000000000,0.0000000000
retorno_fonte,59,60.0000000000,0.0000000000,0.0000000000,750.0000000000,800.0000000000,1,0.0000000000,nan,60.0000000000,0.0000000000
retorno_fonte,60,60.0000000000,0.0000000000,0.0000000000,750.0000000000,800.0000000000,1,0.0000000000,nan,60.0000000000,0.0000000000
retorno_fonte,61,60.0000000000,0.0000000000,0.0000000000,750.0000000000,800.0000000000,1,0.0000000000,nan,60.0000000000,0.0000000000
retorno_fonte,62,60.0000000000,0.0000000000,0.0000000000,750.0000000000,800.0000000000,1,0.0000000000,nan,60.0000000000,0.0000000000
retorno_fonte,63,60.0000000000,0.0000000000,0.0000000000,750.0000000000,800.0000000000,1,0.0000000000,nan,60.0000000000,0.0000000000
retorno_fonte,64,60.0000000000,0.0000000000,0.0000000000,750.0000000000,800.0000000000,1,0.0000000000,nan,60.0000000000,0.0000000000
retorno_fonte,65,60.0000000000,0.0000000000,0.0000000000,750.0000000000,800.0000000000,1,0.0000000000,nan,60.0000000000,0.0000000000
retorno_fonte,66,60.0000000000,0.0000000000,0.0000000000,750.0000000000,800.0000000000,1,0.0000000000,nan,60.0000000000,0.0000000000
retorno_fonte,67,60.0000000000,0.0000000000,0.0000000000,750.0000000000,800.0000000000,1,0.0000000000,nan,60.0000000000,0.0000000000
retorno_fonte,68,60.0000000000,0.0000000000,0.0000000000,750.0000000000,800.0000000000,1,0.0000000000,nan,60.0000000000,0.0000000000
retorno_fonte,69,60.0000000000,0.0000000000,0.0000000000,750.0000000000,800.0000000000,1,0.0000000000,nan,60.0000000000,0.0000000000
retorno_fonte,70,60.0000000000,0.0000000000,0.0000000000,750.0000000000,800.0000000000,1,0.0000000000,nan,60.0000000000,0.0000000000
retorno_fonte,71,60.0000000000,0.0000000000,0.0000000000,750.0000000000,800.0000000000,1,0.0000000000,nan,60.0000000000,0.0000000000
retorno_fonte,72,60.0000000000,0.0000000000,0.0000000000,750.0000000000,800.0000000000,1,0.0000000000,nan,60.0000000000,0.0000000000
retorno_fonte,73,60.0000000000,0.0000000000,0.0000000000,750.0000000000,800.0000000000,1,0.0000000000,nan,60.0000000000,0.0000000000
retorno_fonte,74,60.0000000000,0.0000000000,0.0000000000,750.0000000000,800.0000000000,1,0.0000000000,nan,60.0000000000,0.0000000000
retorno_fonte,75,60.0000000000,0.0000000000,0.0000000000,750.0000000000,800.0000000000,1,0.0000000000,nan,60.0000000000,0.0000000000
retorno_fonte,76,60.0000000000,0.0000000000,0.0000000000,750.0000000000,800.0000000000,1,0.0000000000,nan,60.0000000000,0.0000000000
retorno_fonte,77,60.0000000000,0.0000000000,0.0000000000,750.0000000000,800.0000000000,1,0.0000000000,nan,60.0000000000,0.0000000000
retorno_fonte,78,60.0000000000,0.0000000000,0.0000000000,750.0000000000,800.0000000000,1,0.0000000000,nan,60.0000000000,0.0000000000
retorno_fonte,79,60.0000000000,0.0000000000,0.0000000000,750.0000000000,800.0000000000,1,0.0000000000,nan,60.0000000000,0.0000000000
retorno_fonte,80,60.0000000000,0.0000000000,0.0000000000,750.0000000000,800.0000000000,1,0.0000000000,nan,60.0000000000,0.0000000000
retorno_fonte,81,60.0000000000,0.0000000000,0.0000000000,750.0000000000,800.0000000000,1,0.0000000000,nan,60.0000000000,0.0000000000
retorno_fonte,82,60.0000000000,0.0000000000,0.0000000000,750.0000000000,800.0000000000,1,0.0000000000,nan,60.0000000000,0.0000000000
retorno_fonte,83,60.0000000000,0.0000000000,0.0000000000,750.0000000000,800.0000000000,1,0.0000000000,nan,60.0000000000,0.0000000000
retorno_fonte,84,60.0000000000,0.0000000000,0.0000000000,750.0000000000,800.0000000000,1,0.0000000000,nan,60.0000000000,0.0000000000
retorno_fonte,85,60.0000000000,0.0000000000,0.0000000000,750.0000000000,800.0000000000,1,0.0000000000,nan,60.0000000000,0.0000000000
retorno_fonte,86,60.0000000000,0.0000000000,0.0000000000,750.0000000000,800.0000000000,1,0.0000000000,nan,60.0000000000,0.0000000000
retorno_fonte,87,60.0000000000,0.0000000000,0.0000000000,750.0000000000,800.0000000000,1,0.0000000000,nan,60.0000000000,0.0000000000
retorno_fonte,88,60.0000000000,0.0000000000,0.0000000000,750.0000000000,800.0000000000,1,0.0000000000,nan,60.0000000000,0.0000000000
retorno_fonte,89,60.0000000000,0.0000000000,0.0000000000,750.0000000000,800.0000000000,1,0.0000000000,nan,60.0000000000,0.0000000000
retorno_fonte,90,60.0000000000,0.0000000000,0.0000000000,750.0000000000,800.0000000000,1,0.0000000000,nan,60.0000000000,0.0000000000
retorno_fonte,91,60.0000000000,0.0000000000,0.0000000000,750.0000000000,800.0000000000,1,0.0000000000,nan,60.0000000000,0.0000000000
retorno_fonte,92,60.0000000000,0.0000000000,0.0000000000,750.0000000000,800.0000000000,1,0.0000000000,nan,60.0000000000,0.0000000000
retorno_fonte,93,60.0000000000,0.0000000000,0.0000000000,750.0000000000,800.0000000000,1,0.0000000000,nan,60.0000000000,0.0000000000
retorno_fonte,94,60.0000000000,0.0000000000,0.0000000000,750.0000000000,800.0000000000,1,0.0000000000,nan,60.0000000000,0.0000000000
retorno_fonte,95,60.0000000000,0.0000000000,0.0000000000,750.0000000000,800.0000000000,1,0.0000000000,nan,60.0000000000,0.0000000000
retorno_fonte,96,60.0000000000,0.0000000000,0.0000000000,750.0000000000,800.0000000000,1,0.0000000000,nan,60.0000000000,0.0000000000
retorno_fonte,97,60.0000000000,0.0000000000,0.0000000000,750.0000000000,800.0000000000,1,0.0000000000,nan,60.0000000000,0.0000000000
retorno_fonte,98,60.0000000000,0.0000000000,0.0000000000,750.0000000000,800.0000000000,1,0.0000000000,nan,60.0000000000,0.0000000000
retorno_fonte,99,60.0000000000,0.0000000000,0.0000000000,750.0000000000,800.0000000000,1,0.0000000000,nan,60.0000000000,0.0000000000
retorno_fonte,100,60.0000000000,0.0000000000,0.0000000000,750.0000000000,800.0000000000,1,0.0000000000,nan,60.0000000000,0.0000000000
retorno_fonte,101,60.0000000000,0.0000000000,0.0000000000,750.0000000000,800.0000000000,1,0.0000000000,nan,60.0000000000,0.0000000000
retorno_fonte,102,60.0000000000,0.0000000000,0.0000000000,750.0000000000,800.0000000000,1,0.0000000000,nan,60.0000000000,0.0000000000
retorno_fonte,103,60.0000000000,0.0000000000,0.0000000000,750.0000000000,800.0000000000,1,0.0000000000,nan,60.0000000000,0.0000000000
retorno_fonte,104,60.0000000000,0.0000000000,0.0000000000,750.0000000000,800.0000000000,1,0.0000000000,nan,60.0000000000,0.0000000000
retorno_fonte,105,60.0000000000,0.0000000000,0.0000000000,750.0000000000,800.0000000000,1,0.0000000000,nan,60.0000000000,0.0000000000
retorno_fonte,106,60.0000000000,0.0000000000,0.0000000000,750.0000000000,800.0000000000,1,0.0000000000,nan,60.0000000000,0.0000000000
retorno_fonte,107,60.0000000000,0.0000000000,0.0000000000,750.0000000000,800.0000000000,1,0.0000000000,nan,60.0000000000,0.0000000000
retorno_fonte,108,60.0000000000,0.0000000000,0.0000000000,750.0000000000,800.0000000000,1,0.0000000000,nan,60.0000000000,0.0000000000
retorno_fonte,109,60.0000000000,0.0000000000,0.0000000000,750.0000000000,800.0000000000,1,0.0000000000,nan,60.0000000000,0.0000000000
retorno_fonte,110,60.0000000000,0.0000000000,0.0000000000,750.0000000000,800.0000000000,1,0.0000000000,nan,60.0000000000,0.0000000000
retorno_fonte,111,60.0000000000,0.0000000000,0.0000000000,750.0000000000,800.0000000000,1,0.0000000000,nan,60.0000000000,0.0000000000
retorno_fonte,112,60.0000000000,0.0000000000,0.0000000000,750.0000000000,800.0000000000,1,0.0000000000,nan,60.0000000000,0.0000000000
retorno_fonte,113,60.0000000000,0.0000000000,0.0000000000,750.0000000000,800.0000000000,1,0.0000000000,nan,60.0000000000,0.0000000000
retorno_fonte,114,60.0000000000,0.0000000000,0.0000000000,750.0000000000,800.0000000000,1,0.0000000000,nan,60.0000000000,0.0000000000
retorno_fonte,115,60.0000000000,0.0000000000,0.0000000000,750.0000000000,800.0000000000,1,0.0000000000,nan,60.0000000000,0.0000000000
retorno_fonte,116,60.0000000000,0.0000000000,0.0000000000,750.0000000000,800.0000000000,1,0.0000000000,nan,60.0000000000,0.0000000000
retorno_fonte,117,60.0000000000,0.0000000000,0.0000000000,750.0000000000,800.0000000000,1,0.0000000000,nan,60.0000000000,0.0000000000
retorno_fonte,118,60.0000000000,0.0000000000,0.0000000000,750.0000000000,800.0000000000,1,0.0000000000,nan,60.0000000000,0.0000000000
retorno_fonte,119,60.0000000000,0.0000000000,0.0000000000,750.0000000000,800.0000000000,1,0.0000000000,nan,60.0000000000,0.0000000000
retorno_fonte,120,60.0000000000,0.0000000000,0.0000000000,750.0000000000,800.0000000000,1,0.0000000000,nan,60.0000000000,0.0000000000
retorno_fonte,121,60.0000000000,0.0000000000,0.0000000000,750.0000000000,800.0000000000,1,0.0000000000,nan,60.0000000000,0.0000000000
retorno_fonte,122,60.0000000000,0.0000000000,0.0000000000,750.0000000000,800.0000000000,1,0.0000000000,nan,60.0000000000,0.0000000000
retorno_fonte,123,60.0000000000,0.0000000000,0.0000000000,750.0000000000,800.0000000000,1,0.0000000000,nan,60.0000000000,0.0000000000
retorno_fonte,124,60.0000000000,0.0000000000,0.0000000000,750.0000000000,800.0000000000,1,0.0000000000,nan,60.0000000000,0.0000000000
retorno_fonte,125,60.0000000000,0.0000000000,0.0000000000,750.0000000000,800.0000000000,1,0.0000000000,nan,60.0000000000,0.0000000000
retorno_fonte,126,60.0000000000,0.0000000000,0.0000000000,750.0000000000,800.0000000000,1,0.0000000000,nan,60.0000000000,0.0000000000
retorno_fonte,127,60.0000000000,0.0000000000,0.0000000000,750.0000000000,800.0000000000,1,0.0000000000,nan,60.0000000000,0.0000000000
retorno_fonte,128,60.0000000000,0.0000000000,0.0000000000,750.0000000000,800.0000000000,1,0.0000000000,nan,60.0000000000,0.0000000000
retorno_fonte,129,60.0000000000,0.0000000000,0.0000000000,750.0000000000,800.0000000000,1,0.0000000000,nan,60.0000000000,0.0000000000
retorno_fonte,130,60.0000000000,0.0000000000,0.0000000000,750.0000000000,800.0000000000,1,0.0000000000,nan,60.0000000000,0.0000000000
retorno_fonte,131,60.0000000000,0.0000000000,0.0000000000,750.0000000000,800.0000000000,1,0.0000000000,nan,60.0000000000,0.0000000000
retorno_fonte,132,60.0000000000,0.0000000000,0.0000000000,750.0000000000,800.0000000000,1,0.0000000000,nan,60.0000000000,0.0000000000
retorno_fonte,133,60.0000000000,0.0000000000,0.0000000000,750.0000000000,800.0000000000,1,0.0000000000,nan,60.0000000000,0.0000000000
retorno_fonte,134,60.0000000000,0.0000000000,0.0000000000,750.0000000000,800.0000000000,1,0.0000000000,nan,60.0000000000,0.0000000000
retorno_fonte,135,60.0000000000,0.0000000000,0.0000000000,750.0000000000,800.0000000000,1,0.0000000000,nan,60.0000000000,0.0000000000
retorno_fonte,136,60.0000000000,0.0000000000,0.0000000000,750.0000000000,800.0000000000,1,0.0000000000,nan,60.0000000000,0.0000000000
retorno_fonte,137,60.0000000000,0.0000000000,0.0000000000,750.0000000000,800.0000000000,1,0.0000000000,nan,60.0000000000,0.0000000000
retorno_fonte,138,60.0000000000,0.0000000000,0.0000000000,750.0000000000,800.0000000000,1,0.0000000000,nan,60.0000000000,0.0000000000
retorno_fonte,139,60.0000000000,0.0000000000,0.0000000000,750.0000000000,800.0000000000,1,0.0000000000,nan,60.0000000000,0.0000000000
retorno_fonte,140,60.0000000000,0.0000000000,0.0000000000,750.0000000000,800.0000000000,1,0.0000000000,nan,60.0000000000,0.0000000000
retorno_fonte,141,60.0000000000,0.0000000000,0.0000000000,750.0000000000,800.0000000000,1,0.0000000000,nan,60.0000000000,0.0000000000
retorno_fonte,142,60.0000000000,0.0000000000,0.0000000000,750.0000000000,800.0000000000,1,0.0000000000,nan,60.0000000000,0.0000000000
retorno_fonte,143,60.0000000000,0.0000000000,0.0000000000,750.0000000000,800.0000000000,1,0.0000000000,nan,60.0000000000,0.0000000000
retorno_fonte,144,60.0000000000,0.0000000000,0.0000000000,750.0000000000,800.0000000000,1,0.0000000000,nan,60.0000000000,0.0000000000
retorno_fonte,145,60.0000000000,0.0000000000,0.0000000000,750.0000000000,800.0000000000,1,0.0000000000,nan,60.0000000000,0.0000000000
retorno_fonte,146,60.0000000000,0.0000000000,0.0000000000,750.0000000000,800.0000000000,1,0.0000000000,nan,60.0000000000,0.0000000000
retorno_fonte,147,60.0000000000,0.0000000000,0.0000000000,750.0000000000,800.0000000000,1,0.0000000000,nan,60.0000000000,0.0000000000
retorno_fonte,148,60.0000000000,0.0000000000,0.0000000000,750.0000000000,800.0000000000,1,0.0000000000,nan,60.0000000000,0.0000000000
retorno_fonte,149,60.0000000000,0.0000000000,0.0000000000,750.0000000000,800.0000000000,1,0.0000000000,nan,60.0000000000,0.0000000000
retorno_fonte,150,60.0000000000,0.0000000000,0.0000000000,750.0000000000,800.0000000000,1,0.0000000000,nan,60.0000000000,0.0000000000
retorno_fonte,151,60.0000000000,0.0000000000,0.0000000000,750.0000000000,800.0000000000,1,0.0000000000,nan,60.0000000000,0.0000000000
retorno_fonte,152,60.0000000000,0.0000000000,0.0000000000,750.0000000000,800.0000000000,1,0.0000000000,nan,60.0000000000,0.0000000000
retorno_fonte,153,60.0000000000,0.0000000000,0.0000000000,750.0000000000,800.0000000000,1,0.0000000000,nan,60.0000000000,0.0000000000
retorno_fonte,154,60.0000000000,0.0000000000,0.0000000000,750.0000000000,800.0000000000,1,0.0000000000,nan,60.0000000000,0.0000000000
retorno_fonte,155,60.0000000000,0.0000000000,0.0000000000,750.0000000000,800.0000000000,1,0.0000000000,nan,60.0000000000,0.0000000000
retorno_fonte,156,60.0000000000,0.0000000000,0.0000000000,750.0000000000,800.0000000000,1,0.0000000000,nan,60.0000000000,0.0000000000
retorno_fonte,157,60.0000000000,0.0000000000,0.0000000000,750.0000000000,800.0000000000,1,0.0000000000,nan,60.0000000000,0.0000000000
retorno_fonte,158,60.0000000000,0.0000000000,0.0000000000,750.0000000000,800.0000000000,1,0.0000000000,nan,60.0000000000,0.0000000000
retorno_fonte,159,60.0000000000,0.0000000000,0.0000000000,750.0000000000,800.0000000000,1,0.0000000000,nan,60.0000000000,0.0000000000
retorno_fonte,160,60.0000000000,0.0000000000,0.0000000000,750.0000000000,800.0000000000,1,0.0000000000,nan,60.0000000000,0.0000000000
retorno_fonte,161,60.0000000000,0.0000000000,0.0000000000,750.0000000000,800.0000000000,1,0.0000000000,nan,60.0000000000,0.0000000000
retorno_fonte,162,60.0000000000,0.0000000000,0.0000000000,750.0000000000,800.0000000000,1,0.0000000000,nan,60.0000000000,0.0000000000
retorno_fonte,163,60.0000000000,0.0000000000,0.0000000000,750.0000000000,800.0000000000,1,0.0000000000,nan,60.0000000000,0.0000000000
retorno_fonte,164,60.0000000000,0.0000000000,0.0000000000,750.0000000000,800.0000000000,1,0.0000000000,nan,60.0000000000,0.0000000000
retorno_fonte,165,60.0000000000,0.0000000000,0.0000000000,750.0000000000,800.0000000000,1,0.0000000000,nan,60.0000000000,0.0000000000
retorno_fonte,166,60.0000000000,0.0000000000,0.0000000000,750.0000000000,800.0000000000,1,0.0000000000,nan,60.0000000000,0.0000000000
retorno_fonte,167,60.0000000000,0.0000000000,0.0000000000,750.0000000000,800.0000000000,1,0.0000000000,nan,60.0000000000,0.0000000000
retorno_fonte,168,60.0000000000,0.0000000000,0.0000000000,750.0000000000,800.0000000000,1,0.0000000000,nan,60.0000000000,0.0000000000
retorno_fonte,169,60.0000000000,0.0000000000,0.0000000000,750.0000000000,800.0000000000,1,0.0000000000,nan,60.0000000000,0.0000000000
retorno_fonte,170,60.0000000000,0.0000000000,0.0000000000,750.0000000000,800.0000000000,1,0.0000000000,nan,60.0000000000,0.0000000000
retorno_fonte,171,60.0000000000,0.0000000000,0.0000000000,750.0000000000,800.0000000000,1,0.0000000000,nan,60.0000000000,0.0000000000
retorno_fonte,172,60.0000000000,0.0000000000,0.0000000000,750.0000000000,800.0000000000,1,0.0000000000,nan,60.0000000000,0.0000000000
retorno_fonte,173,60.0000000000,0.0000000000,0.0000000000,750.0000000000,800.0000000000,1,0.0000000000,nan,60.0000000000,0.0000000000
retorno_fonte,174,60.0000000000,0.0000000000,0.0000000000,750.0000000000,800.0000000000,1,0.0000000000,nan,60.0000000000,0.0000000000
retorno_fonte,175,60.0000000000,0.0000000000,0.0000000000,750.0000000000,800.0000000000,1,0.0000000000,nan,60.0000000000,0.0000000000
retorno_fonte,176,60.0000000000,0.0000000000,0.0000000000,750.0000000000,800.0000000000,1,0.0000000000,nan,60.0000000000,0.0000000000
retorno_fonte,177,60.0000000000,0.0000000000,0.0000000000,750.0000000000,800.0000000000,1,0.0000000000,nan,60.0000000000,0.0000000000
retorno_fonte,178,60.0000000000,0.0000000000,0.0000000000,750.0000000000,800.0000000000,1,0.0000000000,nan,60.0000000000,0.0000000000
retorno_fonte,179,60.0000000000,0.0000000000,0.0000000000,750.0000000000,800.0000000000,1,0.0000000000,nan,60.0000000000,0.0000000000
retorno_fonte,180,60.0000000000,0.0000000000,0.0000000000,750.0000000000,800.0000000000,1,0.0000000000,nan,60.0000000000,0.0000000000
retorno_fonte,181,60.0000000000,0.0000000000,0.0000000000,750.0000000000,800.0000000000,1,0.0000000000,nan,60.0000000000,0.0000000000
retorno_fonte,182,60.0000000000,0.0000000000,0.0000000000,750.0000000000,800.0000000000,1,0.0000000000,nan,60.0000000000,0.0000000000
retorno_fonte,183,60.0000000000,0.0000000000,0.0000000000,750.0000000000,800.0000000000,1,0.0000000000,nan,60.0000000000,0.0000000000
retorno_fonte,184,60.0000000000,0.0000000000,0.0000000000,750.0000000000,800.0000000000,1,0.0000000000,nan,60.0000000000,0.0000000000
retorno_fonte,185,60.0000000000,0.0000000000,0.0000000000,750.0000000000,800.0000000000,1,0.0000000000,nan,60.0000000000,0.0000000000
retorno_fonte,186,60.0000000000,0.0000000000,0.0000000000,750.0000000000,800.0000000000,1,0.0000000000,nan,60.0000000000,0.0000000000
retorno_fonte,187,60.0000000000,0.0000000000,0.0000000000,750.0000000000,800.0000000000,1,0.0000000000,nan,60.0000000000,0.0000000000
retorno_fonte,188,60.0000000000,0.0000000000,0.0000000000,750.0000000000,800.0000000000,1,0.0000000000,nan,60.0000000000,0.0000000000
retorno_fonte,189,60.0000000000,0.0000000000,0.0000000000,750.0000000000,800.0000000000,1,0.0000000000,nan,60.0000000000,0.0000000000
retorno_fonte,190,60.0000000000,0.0000000000,0.0000000000,750.0000000000,800.0000000000,1,0.0000000000,nan,60.0000000000,0.0000000000
retorno_fonte,191,60.0000000000,0.0000000000,0.0000000000,750.0000000000,800.0000000000,1,0.0000000000,nan,60.0000000000,0.0000000000
retorno_fonte,192,60.0000000000,0.0000000000,0.0000000000,750.0000000000,800.0000000000,1,0.0000000000,nan,60.0000000000,0.0000000000
retorno_fonte,193,60.0000000000,0.0000000000,0.0000000000,750.0000000000,800.0000000000,1,0.0000000000,nan,60.0000000000,0.0000000000
retorno_fonte,194,60.0000000000,0.0000000000,0.0000000000,750.0000000000,800.0000000000,1,0.0000000000,nan,60.0000000000,0.0000000000
retorno_fonte,195,60.0000000000,0.0000000000,0.0000000000,750.0000000000,800.0000000000,1,0.0000000000,nan,60.0000000000,0.0000000000
retorno_fonte,196,60.0000000000,0.0000000000,0.0000000000,750.0000000000,800.0000000000,1,0.0000000000,nan,60.0000000000,0.0000000000
retorno_fonte,197,60.0000000000,0.0000000000,0.0000000000,750.0000000000,800.0000000000,1,0.0000000000,nan,60.0000000000,0.0000000000
retorno_fonte,198,60.0000000000,0.0000000000,0.0000000000,750.0000000000,800.0000000000,1,0.0000000000,nan,60.0000000000,0.0000000000
retorno_fonte,199,60.0000000000,0.0000000000,0.0000000000,750.0000000000,800.0000000000,1,0.0000000000,nan,60.0000000000,0.0000000000
retorno_fonte,200,60.0000000000,0.0000000000,0.0000000000,750.0000000000,800.0000000000,1,0.0000000000,nan,60.0000000000,0.0000000000
retorno_fonte,201,60.0000000000,0.0000000000,0.0000000000,750.0000000000,800.0000000000,1,0.0000000000,nan,60.0000000000,0.0000000000
retorno_fonte,202,60.0000000000,0.0000000000,0.0000000000,750.0000000000,800.0000000000,1,0.0000000000,nan,60.0000000000,0.0000000000
retorno_fonte,203,60.0000000000,0.0000000000,0.0000000000,750.0000000000,800.0000000000,1,0.0000000000,nan,60.0000000000,0.0000000000
retorno_fonte,204,60.0000000000,0.0000000000,0.0000000000,750.0000000000,800.0000000000,1,0.0000000000,nan,60.0000000000,0.0000000000
retorno_fonte,205,60.0000000000,0.0000000000,0.0000000000,750.0000000000,800.0000000000,1,0.0000000000,nan,60.0000000000,0.0000000000
retorno_fonte,206,60.0000000000,0.0000000000,0.0000000000,750.0000000000,800.0000000000,1,0.0000000000,nan,60.0000000000,0.0000000000
retorno_fonte,207,60.0000000000,0.0000000000,0.0000000000,750.0000000000,800.0000000000,1,0.0000000000,nan,60.0000000000,0.0000000000
retorno_fonte,208,60.0000000000,0.0000000000,0.0000000000,750.0000000000,800.0000000000,1,0.0000000000,nan,60.0000000000,0.0000000000
retorno_fonte,209,60.0000000000,0.0000000000,0.0000000000,750.0000000000,800.0000000000,1,0.0000000000,nan,60.0000000000,0.0000000000
retorno_fonte,210,60.0000000000,0.0000000000,0.0000000000,750.0000000000,800.0000000000,1,0.0000000000,nan,60.0000000000,0.0000000000
retorno_fonte,211,60.0000000000,0.0000000000,0.0000000000,750.0000000000,800.0000000000,1,0.0000000000,nan,60.0000000000,0.0000000000
retorno_fonte,212,60.0000000000,0.0000000000,0.0000000000,750.0000000000,800.0000000000,1,0.0000000000,nan,60.0000000000,0.0000000000
retorno_fonte,213,60.0000000000,0.0000000000,0.0000000000,750.0000000000,800.0000000000,1,0.0000000000,nan,60.0000000000,0.0000000000
retorno_fonte,214,60.0000000000,0.0000000000,0.0000000000,750.0000000000,800.0000000000,1,0.0000000000,nan,60.0000000000,0.0000000000
retorno_fonte,215,60.0000000000,0.0000000000,0.0000000000,750.0000000000,800.0000000000,1,0.0000000000,nan,60.0000000000,0.0000000000
retorno_fonte,216,60.0000000000,0.0000000000,0.0000000000,750.0000000000,800.0000000000,1,0.0000000000,nan,60.0000000000,0.0000000000
retorno_fonte,217,60.0000000000,0.0000000000,0.0000000000,750.0000000000,800.0000000000,1,0.0000000000,nan,60.0000000000,0.0000000000
retorno_fonte,218,60.0000000000,0.0000000000,0.0000000000,750.0000000000,800.0000000000,1,0.0000000000,nan,60.0000000000,0.0000000000
retorno_fonte,219,60.0000000000,0.0000000000,0.0000000000,750.0000000000,800.0000000000,1,0.0000000000,nan,60.0000000000,0.0000000000
retorno_fonte,220,60.0000000000,0.0000000000,0.0000000000,750.0000000000,800.0000000000,1,0.0000000000,nan,60.0000000000,0.0000000000
retorno_fonte,221,60.0000000000,0.0000000000,0.0000000000,750.0000000000,800.0000000000,1,0.0000000000,nan,60.0000000000,0.0000000000
retorno_fonte,222,60.0000000000,0.0000000000,0.0000000000,750.0000000000,800.0000000000,1,0.0000000000,nan,60.0000000000,0.0000000000
retorno_fonte,223,60.0000000000,0.0000000000,0.0000000000,750.0000000000,800.0000000000,1,0.0000000000,nan,60.0000000000,0.0000000000
retorno_fonte,224,60.0000000000,0.0000000000,0.0000000000,750.0000000000,800.0000000000,1,0.0000000000,nan,60.0000000000,0.0000000000
retorno_fonte,225,60.0000000000,0.0000000000,0.0000000000,750.0000000000,800.0000000000,1,0.0000000000,nan,60.0000000000,0.0000000000
retorno_fonte,226,60.0000000000,0.0000000000,0.0000000000,750.0000000000,800.0000000000,1,0.0000000000,nan,60.0000000000,0.0000000000
retorno_fonte,227,60.0000000000,0.0000000000,0.0000000000,750.0000000000,800.0000000000,1,0.0000000000,nan,60.0000000000,0.0000000000
retorno_fonte,228,60.0000000000,0.0000000000,0.0000000000,750.0000000000,800.0000000000,1,0.0000000000,nan,60.0000000000,0.0000000000
retorno_fonte,229,60.0000000000,0.0000000000,0.0000000000,750.0000000000,800.0000000000,1,0.0000000000,nan,60.0000000000,0.0000000000
retorno_fonte,230,60.0000000000,0.0000000000,0.0000000000,750.0000000000,800.0000000000,1,0.0000000000,nan,60.0000000000,0.0000000000
retorno_fonte,231,60.0000000000,0.0000000000,0.0000000000,750.0000000000,800.0000000000,1,0.0000000000,nan,60.0000000000,0.0000000000
retorno_fonte,232,60.0000000000,0.0000000000,0.0000000000,750.0000000000,800.0000000000,1,0.0000000000,nan,60.0000000000,0.0000000000
retorno_fonte,233,60.0000000000,0.0000000000,0.0000000000,750.0000000000,800.0000000000,1,0.0000000000,nan,60.0000000000,0.0000000000
retorno_fonte,234,60.0000000000,0.0000000000,0.0000000000,750.0000000000,800.0000000000,1,0.0000000000,nan,60.0000000000,0.0000000000
retorno_fonte,235,60.0000000000,0.0000000000,0.0000000000,750.0000000000,800.0000000000,1,0.0000000000,nan,60.0000000000,0.0000000000
retorno_fonte,236,60.0000000000,0.0000000000,0.0000000000,750.0000000000,800.0000000000,1,0.0000000000,nan,60.0000000000,0.0000000000
retorno_fonte,237,60.0000000000,0.0000000000,0.0000000000,750.0000000000,800.0000000000,1,0.0000000000,nan,60.0000000000,0.0000000000
retorno_fonte,238,60.0000000000,0.0000000000,0.0000000000,750.0000000000,800.0000000000,1,0.0000000000,nan,60.0000000000,0.0000000000
retorno_fonte,239,60.0000000000,0.0000000000,0.0000000000,750.0000000000,800.0000000000,1,0.0000000000,nan,60.0000000000,0.0000000000
retorno_fonte,240,60.0000000000,0.0000000000,0.0000000000,750.0000000000,800.0000000000,1,0.0000000000,nan,60.0000000000,0.0000000000
retorno_fonte,241,60.0000000000,0.0000000000,0.0000000000,750.0000000000,800.0000000000,1,0.0000000000,nan,60.0000000000,0.0000000000
retorno_fonte,242,60.0000000000,0.0000000000,0.0000000000,750.0000000000,800.0000000000,1,0.0000000000,nan,60.0000000000,0.0000000000
retorno_fonte,243,60.0000000000,0.0000000000,0.0000000000,750.0000000000,800.0000000000,1,0.0000000000,nan,60.0000000000,0.0000000000
retorno_fonte,244,60.0000000000,0.0000000000,0.0000000000,750.0000000000,800.0000000000,1,0.0000000000,nan,60.0000000000,0.0000000000
retorno_fonte,245,60.0000000000,0.0000000000,0.0000000000,750.0000000000,800.0000000000,1,0.0000000000,nan,60.0000000000,0.0000000000
retorno_fonte,246,60.0000000000,0.0000000000,0.0000000000,750.0000000000,800.0000000000,1,0.0000000000,nan,60.0000000000,0.0000000000
retorno_fonte,247,60.0000000000,0.0000000000,0.0000000000,750.0000000000,800.0000000000,1,0.0000000000,nan,60.0000000000,0.0000000000
retorno_fonte,248,60.0000000000,0.0000000000,0.0000000000,750.0000000000,800.0000000000,1,0.0000000000,nan,60.0000000000,0.0000000000
retorno_fonte,249,60.0000000000,0.0000000000,0.0000000000,750.0000000000,800.0000000000,1,0.0000000000,nan,60.0000000000,0.0000000000
retorno_fonte,250,60.0000000000,0.0000000000,0.0000000000,750.0000000000,800.0000000000,1,0.0000000000,nan,60.0000000000,0.0000000000
retorno_fonte,251,60.0000000000,0.0000000000,0.0000000000,750.0000000000,800.0000000000,1,0.0000000000,nan,60.0000000000,0.0000000000
retorno_fonte,252,60.0000000000,0.0000000000,0.0000000000,750.0000000000,800.0000000000,1,0.0000000000,nan,60.0000000000,0.0000000000
retorno_fonte,253,60.0000000000,0.0000000000,0.0000000000,750.0000000000,800.0000000000,1,0.0000000000,nan,60.0000000000,0.0000000000
retorno_fonte,254,60.0000000000,0.0000000000,0.0000000000,750.0000000000,800.0000000000,1,0.0000000000,nan,60.0000000000,0.0000000000
retorno_fonte,255,60.0000000000,0.0000000000,0.0000000000,750.0000000000,800.0000000000,1,0.0000000000,nan,60.0000000000,0.0000000000
retorno_fonte,256,60.0000000000,0.0000000000,0.0000000000,750.0000000000,800.0000000000,1,0.0000000000,nan,60.0000000000,0.0000000000
retorno_fonte,257,60.0000000000,0.0000000000,0.0000000000,750.0000000000,800.0000000000,1,0.0000000000,nan,60.0000000000,0.0000000000
retorno_fonte,258,60.0000000000,0.0000000000,0.0000000000,750.0000000000,800.0000000000,1,0.0000000000,nan,60.0000000000,0.0000000000
retorno_fonte,259,60.0000000000,0.0000000000,0.0000000000,750.0000000000,800.0000000000,1,0.0000000000,nan,60.0000000000,0.0000000000
retorno_fonte,260,60.0000000000,0.0000000000,0.0000000000,750.0000000000,800.0000000000,1,0.0000000000,nan,60.0000000000,0.0000000000
retorno_fonte,261,60.0000000000,0.0000000000,0.0000000000,750.0000000000,800.0000000000,1,0.0000000000,nan,60.0000000000,0.0000000000
retorno_fonte,262,60.0000000000,0.0000000000,0.0000000000,750.0000000000,800.0000000000,1,0.0000000000,nan,60.0000000000,0.0000000000
retorno_fonte,263,60.0000000000,0.0000000000,0.0000000000,750.0000000000,800.0000000000,1,0.0000000000,nan,60.0000000000,0.0000000000
retorno_fonte,264,60.0000000000,0.0000000000,0.0000000000,750.0000000000,800.0000000000,1,0.0000000000,nan,60.0000000000,0.0000000000
retorno_fonte,265,60.0000000000,0.0000000000,0.0000000000,750.0000000000,800.0000000000,1,0.0000000000,nan,60.0000000000,0.0000000000
retorno_fonte,266,60.0000000000,0.0000000000,0.0000000000,750.0000000000,800.0000000000,1,0.0000000000,nan,60.0000000000,0.0000000000
retorno_fonte,267,60.0000000000,0.0000000000,0.0000000000,750.0000000000,800.0000000000,1,0.0000000000,nan,60.0000000000,0.0000000000
retorno_fonte,268,60.0000000000,0.0000000000,0.0000000000,750.0000000000,800.0000000000,1,0.0000000000,nan,60.0000000000,0.0000000000
retorno_fonte,269,60.0000000000,0.0000000000,0.0000000000,750.0000000000,800.0000000000,1,0.0000000000,nan,60.0000000000,0.0000000000
retorno_fonte,270,60.0000000000,0.0000000000,0.0000000000,750.0000000000,800.0000000000,1,0.0000000000,nan,60.0000000000,0.0000000000
retorno_fonte,271,60.0000000000,0.0000000000,0.0000000000,750.0000000000,800.0000000000,1,0.0000000000,nan,60.0000000000,0.0000000000
retorno_fonte,272,60.0000000000,0.0000000000,0.0000000000,750.0000000000,800.0000000000,1,0.0000000000,nan,60.0000000000,0.0000000000
retorno_fonte,273,60.0000000000,0.0000000000,0.0000000000,750.0000000000,800.0000000000,1,0.0000000000,nan,60.0000000000,0.0000000000
retorno_fonte,274,60.0000000000,0.0000000000,0.0000000000,750.0000000000,800.0000000000,1,0.0000000000,nan,60.0000000000,0.0000000000
retorno_fonte,275,60.0000000000,0.0000000000,0.0000000000,750.0000000000,800.0000000000,1,0.0000000000,nan,60.0000000000,0.0000000000
retorno_fonte,276,60.0000000000,0.0000000000,0.0000000000,750.0000000000,800.0000000000,1,0.0000000000,nan,60.0000000000,0.0000000000
retorno_fonte,277,60.0000000000,0.0000000000,0.0000000000,750.0000000000,800.0000000000,1,0.0000000000,nan,60.0000000000,0.0000000000
retorno_fonte,278,60.0000000000,0.0000000000,0.0000000000,750.0000000000,800.0000000000,1,0.0000000000,nan,60.0000000000,0.0000000000
retorno_fonte,279,60.0000000000,0.0000000000,0.0000000000,750.0000000000,800.0000000000,1,0.0000000000,nan,60.0000000000,0.0000000000
retorno_fonte,280,60.0000000000,0.0000000000,0.0000000000,750.0000000000,800.0000000000,1,0.0000000000,nan,60.0000000000,0.0000000000
retorno_fonte,281,60.0000000000,0.0000000000,0.0000000000,750.0000000000,800.0000000000,1,0.0000000000,nan,60.0000000000,0.0000000000
retorno_fonte,282,60.0000000000,0.0000000000,0.0000000000,750.0000000000,800.0000000000,1,0.0000000000,nan,60.0000000000,0.0000000000
retorno_fonte,283,60.0000000000,0.0000000000,0.0000000000,750.0000000000,800.0000000000,1,0.0000000000,nan,60.0000000000,0.0000000000
retorno_fonte,284,60.0000000000,0.0000000000,0.0000000000,750.0000000000,800.0000000000,1,0.0000000000,nan,60.0000000000,0.0000000000
retorno_fonte,285,60.0000000000,0.0000000000,0.0000000000,750.0000000000,800.0000000000,1,0.0000000000,nan,60.0000000000,0.0000000000
retorno_fonte,286,60.0000000000,0.0000000000,0.0000000000,750.0000000000,800.0000000000,1,0.0000000000,nan,60.0000000000,0.0000000000
retorno_fonte,287,60.0000000000,0.0000000000,0.0000000000,750.0000000000,800.0000000000,1,0.0000000000,nan,60.0000000000,0.0000000000
retorno_fonte,288,60.0000000000,0.0000000000,0.0000000000,750.0000000000,800.0000000000,1,0.0000000000,nan,60.0000000000,0.0000000000
retorno_fonte,289,60.0000000000,0.0000000000,0.0000000000,750.0000000000,800.0000000000,1,0.0000000000,nan,60.0000000000,0.0000000000
retorno_fonte,290,60.0000000000,0.0000000000,0.0000000000,750.0000000000,800.0000000000,1,0.0000000000,nan,60.0000000000,0.0000000000
retorno_fonte,291,60.0000000000,0.0000000000,0.0000000000,750.0000000000,800.0000000000,1,0.0000000000,nan,60.0000000000,0.0000000000
retorno_fonte,292,60.0000000000,0.0000000000,0.0000000000,750.0000000000,800.0000000000,1,0.0000000000,nan,60.0000000000,0.0000000000
retorno_fonte,293,60.0000000000,0.0000000000,0.0000000000,750.0000000000,800.0000000000,1,0.0000000000,nan,60.0000000000,0.0000000000
retorno_fonte,294,60.0000000000,0.0000000000,0.0000000000,750.0000000000,800.0000000000,1,0.0000000000,nan,60.0000000000,0.0000000000
retorno_fonte,295,60.0000000000,0.0000000000,0.0000000000,750.0000000000,800.0000000000,1,0.0000000000,nan,60.0000000000,0.0000000000
retorno_fonte,296,60.0000000000,0.0000000000,0.0000000000,750.0000000000,800.0000000000,1,0.0000000000,nan,60.0000000000,0.0000000000
retorno_fonte,297,60.0000000000,0.0000000000,0.0000000000,750.0000000000,800.0000000000,1,0.0000000000,nan,60.0000000000,0.0000000000
retorno_fonte,298,60.0000000000,0.0000000000,0.0000000000,750.0000000000,800.0000000000,1,0.0000000000,nan,60.0000000000,0.0000000000
retorno_fonte,299,60.0000000000,0.0000000000,0.0000000000,750.0000000000,800.0000000000,1,0.0000000000,nan,60.0000000000,0.0000000000
retorno_fonte,300,60.0000000000,0.0000000000,0.0000000000,750.0000000000,800.0000000000,1,0.0000000000,nan,60.0000000000,0.0000000000
retorno_fonte,301,60.0000000000,0.0000000000,0.0000000000,750.0000000000,800.0000000000,1,0.0000000000,nan,60.0000000000,0.0000000000
retorno_fonte,302,60.0000000000,0.0000000000,0.0000000000,750.0000000000,800.0000000000,1,0.0000000000,nan,60.0000000000,0.0000000000
retorno_fonte,303,60.0000000000,0.0000000000,0.0000000000,750.0000000000,800.0000000000,1,0.0000000000,nan,60.0000000000,0.0000000000
retorno_fonte,304,60.0000000000,0.0000000000,0.0000000000,750.0000000000,800.0000000000,1,0.0000000000,nan,60.0000000000,0.0000000000
retorno_fonte,305,60.0000000000,0.0000000000,0.0000000000,750.0000000000,800.0000000000,1,0.0000000000,nan,60.0000000000,0.0000000000
retorno_fonte,306,60.0000000000,0.0000000000,0.0000000000,750.0000000000,800.0000000000,1,0.0000000000,nan,60.0000000000,0.0000000000
retorno_fonte,307,60.0000000000,0.0000000000,0.0000000000,750.0000000000,800.0000000000,1,0.0000000000,nan,60.0000000000,0.0000000000
retorno_fonte,308,60.0000000000,0.0000000000,0.0000000000,750.0000000000,800.0000000000,1,0.0000000000,nan,60.0000000000,0.0000000000
retorno_fonte,309,60.0000000000,0.0000000000,0.0000000000,750.0000000000,800.0000000000,1,0.0000000000,nan,60.0000000000,0.0000000000
retorno_fonte,310,60.0000000000,0.0000000000,0.0000000000,750.0000000000,800.0000000000,1,0.0000000000,nan,60.0000000000,0.0000000000
retorno_fonte,311,60.0000000000,0.0000000000,0.0000000000,750.0000000000,800.0000000000,1,0.0000000000,nan,60.0000000000,0.0000000000
retorno_fonte,312,60.0000000000,0.0000000000,0.0000000000,750.0000000000,800.0000000000,1,0.0000000000,nan,60.0000000000,0.0000000000
retorno_fonte,313,60.0000000000,0.0000000000,0.0000000000,750.0000000000,800.0000000000,1,0.0000000000,nan,60.0000000000,0.0000000000
retorno_fonte,314,60.0000000000,0.0000000000,0.0000000000,750.0000000000,800.0000000000,1,0.0000000000,nan,60.0000000000,0.0000000000
retorno_fonte,315,60.0000000000,0.0000000000,0.0000000000,750.0000000000,800.0000000000,1,0.0000000000,nan,60.0000000000,0.0000000000
retorno_fonte,316,60.0000000000,0.0000000000,0.0000000000,750.0000000000,800.0000000000,1,0.0000000000,nan,60.0000000000,0.0000000000
retorno_fonte,317,60.0000000000,0.0000000000,0.0000000000,750.0000000000,800.0000000000,1,0.0000000000,nan,60.0000000000,0.0000000000
retorno_fonte,318,60.0000000000,0.0000000000,0.0000000000,750.0000000000,800.0000000000,1,0.0000000000,nan,60.0000000000,0.0000000000
retorno_fonte,319,60.0000000000,0.0000000000,0.0000000000,750.0000000000,800.0000000000,1,0.0000000000,nan,60.0000000000,0.0000000000
retorno_fonte,320,60.0000000000,0.0000000000,0.0000000000,750.0000000000,800.0000000000,1,0.0000000000,nan,60.0000000000,0.0000000000
retorno_fonte,321,60.0000000000,0.0000000000,0.0000000000,750.0000000000,800.0000000000,1,0.0000000000,nan,60.0000000000,0.0000000000
retorno_fonte,322,60.0000000000,0.0000000000,0.0000000000,750.0000000000,800.0000000000,1,0.0000000000,nan,60.0000000000,0.0000000000
retorno_fonte,323,60.0000000000,0.0000000000,0.0000000000,750.0000000000,800.0000000000,1,0.0000000000,nan,60.0000000000,0.0000000000
retorno_fonte,324,60.0000000000,0.0000000000,0.0000000000,750.0000000000,800.0000000000,1,0.0000000000,nan,60.0000000000,0.0000000000
retorno_fonte,325,60.0000000000,0.0000000000,0.0000000000,750.0000000000,800.0000000000,1,0.0000000000,nan,60.0000000000,0.0000000000
retorno_fonte,326,60.0000000000,0.0000000000,0.0000000000,750.0000000000,800.0000000000,1,0.0000000000,nan,60.0000000000,0.0000000000
retorno_fonte,327,60.0000000000,0.0000000000,0.0000000000,750.0000000000,800.0000000000,1,0.0000000000,nan,60.0000000000,0.0000000000
retorno_fonte,328,60.0000000000,0.0000000000,0.0000000000,750.0000000000,800.0000000000,1,0.0000000000,nan,60.0000000000,0.0000000000
retorno_fonte,329,60.0000000000,0.0000000000,0.0000000000,750.0000000000,800.0000000000,1,0.0000000000,nan,60.0000000000,0.0000000000
retorno_fonte,330,60.0000000000,0.0000000000,0.0000000000,750.0000000000,800.0000000000,1,0.0000000000,nan,60.0000000000,0.0000000000
retorno_fonte,331,60.0000000000,0.0000000000,0.0000000000,750.0000000000,800.0000000000,1,0.0000000000,nan,60.0000000000,0.0000000000
retorno_fonte,332,60.0000000000,0.0000000000,0.0000000000,750.0000000000,800.0000000000,1,0.0000000000,nan,60.0000000000,0.0000000000
retorno_fonte,333,60.0000000000,0.0000000000,0.0000000000,750.0000000000,800.0000000000,1,0.0000000000,nan,60.0000000000,0.0000000000
retorno_fonte,334,60.0000000000,0.0000000000,0.0000000000,750.0000000000,800.0000000000,1,0.0000000000,nan,60.0000000000,0.0000000000
retorno_fonte,335,60.0000000000,0.0000000000,0.0000000000,750.0000000000,800.0000000000,1,0.0000000000,nan,60.0000000000,0.0000000000
retorno_fonte,336,60.0000000000,0.0000000000,0.0000000000,750.0000000000,800.0000000000,1,0.0000000000,nan,60.0000000000,0.0000000000
retorno_fonte,337,60.0000000000,0.0000000000,0.0000000000,750.0000000000,800.0000000000,1,0.0000000000,nan,60.0000000000,0.0000000000
retorno_fonte,338,60.0000000000,0.0000000000,0.0000000000,750.0000000000,800.0000000000,1,0.0000000000,nan,60.0000000000,0.0000000000
retorno_fonte,339,60.0000000000,0.0000000000,0.0000000000,750.0000000000,800.0000000000,1,0.0000000000,nan,60.0000000000,0.0000000000
retorno_fonte,340,60.0000000000,0.0000000000,0.0000000000,750.0000000000,800.0000000000,1,0.0000000000,nan,60.0000000000,0.0000000000
retorno_fonte,341,60.0000000000,0.0000000000,0.0000000000,750.0000000000,800.0000000000,1,0.0000000000,nan,60.0000000000,0.0000000000
retorno_fonte,342,60.0000000000,0.0000000000,0.0000000000,750.0000000000,800.0000000000,1,0.0000000000,nan,60.0000000000,0.0000000000
retorno_fonte,343,60.0000000000,0.0000000000,0.0000000000,750.0000000000,800.0000000000,1,0.0000000000,nan,60.0000000000,0.0000000000
retorno_fonte,344,60.0000000000,0.0000000000,0.0000000000,750.0000000000,800.0000000000,1,0.0000000000,nan,60.0000000000,0.0000000000
retorno_fonte,345,60.0000000000,0.0000000000,0.0000000000,750.0000000000,800.0000000000,1,0.0000000000,nan,60.0000000000,0.0000000000
retorno_fonte,346,60.0000000000,0.0000000000,0.0000000000,750.0000000000,800.0000000000,1,0.0000000000,nan,60.0000000000,0.0000000000
retorno_fonte,347,60.0000000000,0.0000000000,0.0000000000,750.0000000000,800.0000000000,1,0.0000000000,nan,60.0000000000,0.0000000000
retorno_fonte,348,60.0000000000,0.0000000000,0.0000000000,750.0000000000,800.0000000000,1,0.0000000000,nan,60.0000000000,0.0000000000
retorno_fonte,349,60.0000000000,0.0000000000,0.0000000000,750.0000000000,800.0000000000,1,0.0000000000,nan,60.0000000000,0.0000000000
retorno_fonte,350,60.0000000000,0.0000000000,0.0000000000,750.0000000000,800.0000000000,1,0.0000000000,nan,60.0000000000,0.0000000000
retorno_fonte,351,60.0000000000,0.0000000000,0.0000000000,750.0000000000,800.0000000000,1,0.0000000000,nan,60.0000000000,0.0000000000
retorno_fonte,352,60.0000000000,0.0000000000,0.0000000000,750.0000000000,800.0000000000,1,0.0000000000,nan,60.0000000000,0.0000000000
retorno_fonte,353,60.0000000000,0.0000000000,0.0000000000,750.0000000000,800.0000000000,1,0.0000000000,nan,60.0000000000,0.0000000000
retorno_fonte,354,60.0000000000,0.0000000000,0.0000000000,750.0000000000,800.0000000000,1,0.0000000000,nan,60.0000000000,0.0000000000
retorno_fonte,355,60.0000000000,0.0000000000,0.0000000000,750.0000000000,800.0000000000,1,0.0000000000,nan,60.0000000000,0.0000000000
retorno_fonte,356,60.0000000000,0.0000000000,0.0000000000,750.0000000000,800.0000000000,1,0.0000000000,nan,60.0000000000,0.0000000000
retorno_fonte,357,60.0000000000,0.0000000000,0.0000000000,750.0000000000,800.0000000000,1,0.0000000000,nan,60.0000000000,0.0000000000
retorno_fonte,358,60.0000000000,0.0000000000,0.0000000000,750.0000000000,800.0000000000,1,0.0000000000,nan,60.0000000000,0.0000000000
retorno_fonte,359,60.0000000000,0.0000000000,0.0000000000,750.0000000000,800.0000000000,1,0.0000000000,nan,60.0000000000,0.0000000000
retorno_fonte,360,60.0000000000,0.0000000000,0.0000000000,750.0000000000,800.0000000000,1,0.0000000000,nan,60.0000000000,0.0000000000
retorno_fonte,361,60.0000000000,0.0000000000,0.0000000000,750.0000000000,800.0000000000,1,0.0000000000,nan,60.0000000000,0.0000000000
retorno_fonte,362,60.0000000000,0.0000000000,0.0000000000,750.0000000000,800.0000000000,1,0.0000000000,nan,60.0000000000,0.0000000000
retorno_fonte,363,60.0000000000,0.0000000000,0.0000000000,750.0000000000,800.0000000000,1,0.0000000000,nan,60.0000000000,0.0000000000
retorno_fonte,364,60.0000000000,0.0000000000,0.0000000000,750.0000000000,800.0000000000,1,0.0000000000,nan,60.0000000000,0.0000000000
retorno_fonte,365,60.0000000000,0.0000000000,0.0000000000,750.0000000000,800.0000000000,1,0.0000000000,nan,60.0000000000,0.0000000000
retorno_fonte,366,60.0000000000,0.0000000000,0.0000000000,750.0000000000,800.0000000000,1,0.0000000000,nan,60.0000000000,0.0000000000
retorno_fonte,367,60.0000000000,0.0000000000,0.0000000000,750.0000000000,800.0000000000,1,0.0000000000,nan,60.0000000000,0.0000000000
retorno_fonte,368,60.0000000000,0.0000000000,0.0000000000,750.0000000000,800.0000000000,1,0.0000000000,nan,60.0000000000,0.0000000000
retorno_fonte,369,60.0000000000,0.0000000000,0.0000000000,750.0000000000,800.0000000000,1,0.0000000000,nan,60.0000000000,0.0000000000
retorno_fonte,370,60.0000000000,0.0000000000,0.0000000000,750.0000000000,800.0000000000,1,0.0000000000,nan,60.0000000000,0.0000000000
retorno_fonte,371,60.0000000000,0.0000000000,0.0000000000,750.0000000000,800.0000000000,1,0.0000000000,nan,60.0000000000,0.0000000000
retorno_fonte,372,60.0000000000,0.0000000000,0.0000000000,750.0000000000,800.0000000000,1,0.0000000000,nan,60.0000000000,0.0000000000
retorno_fonte,373,60.0000000000,0.0000000000,0.0000000000,750.0000000000,800.0000000000,1,0.0000000000,nan,60.0000000000,0.0000000000
retorno_fonte,374,60.0000000000,0.0000000000,0.0000000000,750.0000000000,800.0000000000,1,0.0000000000,nan,60.0000000000,0.0000000000
retorno_fonte,375,60.0000000000,0.0000000000,0.0000000000,750.0000000000,800.0000000000,1,0.0000000000,nan,60.0000000000,0.0000000000
retorno_fonte,376,60.0000000000,0.0000000000,0.0000000000,750.0000000000,800.0000000000,1,0.0000000000,nan,60.0000000000,0.0000000000
retorno_fonte,377,60.0000000000,0.0000000000,0.0000000000,750.0000000000,800.0000000000,1,0.0000000000,nan,60.0000000000,0.0000000000
retorno_fonte,378,60.0000000000,0.0000000000,0.0000000000,750.0000000000,800.0000000000,1,0.0000000000,nan,60.0000000000,0.0000000000
retorno_fonte,379,60.0000000000,0.0000000000,0.0000000000,750.0000000000,800.0000000000,1,0.0000000000,nan,60.0000000000,0.0000000000
retorno_fonte,380,60.0000000000,0.0000000000,0.0000000000,750.0000000000,800.0000000000,1,0.0000000000,nan,60.0000000000,0.0000000000
retorno_fonte,381,60.0000000000,0.0000000000,0.0000000000,750.0000000000,800.0000000000,1,0.0000000000,nan,60.0000000000,0.0000000000
retorno_fonte,382,60.0000000000,0.0000000000,0.0000000000,750.0000000000,800.0000000000,1,0.0000000000,nan,60.0000000000,0.0000000000
retorno_fonte,383,60.0000000000,0.0000000000,0.0000000000,750.0000000000,800.0000000000,1,0.0000000000,nan,60.0000000000,0.0000000000
retorno_fonte,384,60.0000000000,0.0000000000,0.0000000000,750.0000000000,800.0000000000,1,0.0000000000,nan,60.0000000000,0.0000000000
retorno_fonte,385,60.0000000000,0.0000000000,0.0000000000,750.0000000000,800.0000000000,1,0.0000000000,nan,60.0000000000,0.0000000000
retorno_fonte,386,60.0000000000,0.0000000000,0.0000000000,750.0000000000,800.0000000000,1,0.0000000000,nan,60.0000000000,0.0000000000
retorno_fonte,387,60.0000000000,0.0000000000,0.0000000000,750.0000000000,800.0000000000,1,0.0000000000,nan,60.0000000000,0.0000000000
retorno_fonte,388,60.0000000000,0.0000000000,0.0000000000,750.0000000000,800.0000000000,1,0.0000000000,nan,60.0000000000,0.0000000000
retorno_fonte,389,60.0000000000,0.0000000000,0.0000000000,750.0000000000,800.0000000000,1,0.0000000000,nan,60.0000000000,0.0000000000
retorno_fonte,390,60.0000000000,0.0000000000,0.0000000000,750.0000000000,800.0000000000,1,0.0000000000,nan,60.0000000000,0.0000000000
retorno_fonte,391,60.0000000000,0.0000000000,0.0000000000,750.0000000000,800.0000000000,1,0.0000000000,nan,60.0000000000,0.0000000000
retorno_fonte,392,60.0000000000,0.0000000000,0.0000000000,750.0000000000,800.0000000000,1,0.0000000000,nan,60.0000000000,0.0000000000
retorno_fonte,393,60.0000000000,0.0000000000,0.0000000000,750.0000000000,800.0000000000,1,0.0000000000,nan,60.0000000000,0.0000000000
retorno_fonte,394,60.0000000000,0.0000000000,0.0000000000,750.0000000000,800.0000000000,1,0.0000000000,nan,60.0000000000,0.0000000000
retorno_fonte,395,60.0000000000,0.0000000000,0.0000000000,750.0000000000,800.0000000000,1,0.0000000000,nan,60.0000000000,0.0000000000
retorno_fonte,396,60.0000000000,0.0000000000,0.0000000000,750.0000000000,800.0000000000,1,0.0000000000,nan,60.0000000000,0.0000000000
retorno_fonte,397,60.0000000000,0.0000000000,0.0000000000,750.0000000000,800.0000000000,1,0.0000000000,nan,60.0000000000,0.0000000000
retorno_fonte,398,60.0000000000,0.0000000000,0.0000000000,750.0000000000,800.0000000000,1,0.0000000000,nan,60.0000000000,0.0000000000
retorno_fonte,399,60.0000000000,0.0000000000,0.0000000000,750.0000000000,800.0000000000,1,0.0000000000,nan,60.0000000000,0.0000000000
retorno_fonte,400,60.0000000000,0.0000000000,0.0000000000,750.0000000000,0.0000000000,0,400.0000000000,nan,59.9907960388,592.6122638851
retorno_fonte,401,59.9907960388,157.3877361149,400.0000000000,750.0000000000,0.0000000000,0,400.0000000000,nan,59.9760095930,497.1517764686
retorno_fonte,402,59.9760095930,252.8482235314,400.0000000000,750.0000000000,0.0000000000,0,400.0000000000,nan,59.9578371991,439.2520640594
retorno_fonte,403,59.9578371991,310.7479359406,400.0000000000,750.0000000000,0.0000000000,0,400.0000000000,nan,59.9376111238,404.1341132946
retorno_fonte,404,59.9376111238,345.8658867054,400.0000000000,750.0000000000,0.0000000000,0,400.0000000000,nan,59.9161394279,382.8339994496
retorno_fonte,405,59.9161394279,367.1660005504,400.0000000000,750.0000000000,0.0000000000,0,400.0000000000,nan,59.8939122248,369.9148273471
retorno_fonte,406,59.8939122248,380.0851726529,400.0000000000,750.0000000000,0.0000000000,0,400.0000000000,nan,59.8712267835,362.0789533689
retorno_fonte,407,59.8712267835,387.9210466311,400.0000000000,750.0000000000,0.0000000000,0,400.0000000000,nan,59.8482634066,357.3262555555
retorno_fonte,408,59.8482634066,392.6737444445,400.0000000000,750.0000000000,0.0000000000,0,400.0000000000,nan,59.8251314533,354.4435986153
retorno_fonte,409,59.8251314533,395.5564013847,400.0000000000,750.0000000000,0.0000000000,0,400.0000000000,nan,59.8018972533,352.6951787996
retorno_fonte,410,59.8018972533,397.3048212004,400.0000000000,750.0000000000,0.0000000000,0,400.0000000000,nan,59.7786010374,351.6347085754
retorno_fonte,411,59.7786010374,398.3652914246,400.0000000000,750.0000000000,0.0000000000,0,400.0000000000,nan,59.7552672070,350.9915008707
retorno_fonte,412,59.7552672070,399.0084991293,400.0000000000,750.0000000000,0.0000000000,0,400.0000000000,nan,59.7319105623,350.6013756772
retorno_fonte,413,59.7319105623,399.3986243228,400.0000000000,750.0000000000,0.0000000000,0,400.0000000000,nan,59.7085400800,350.3647527862
retorno_fonte,414,59.7085400800,399.6352472138,400.0000000000,750.0000000000,0.0000000000,0,400.0000000000,nan,59.6851612048,350.2212337481
retorno_fonte,415,59.6851612048,399.7787662519,400.0000000000,750.0000000000,0.0000000000,0,400.0000000000,nan,59.6617772390,350.1341850512
retorno_fonte,416,59.6617772390,399.8658149488,400.0000000000,750.0000000000,0.0000000000,0,400.0000000000,nan,59.6383901857,350.0813873476
retorno_fonte,417,59.6383901857,399.9186126524,400.0000000000,750.0000000000,0.0000000000,0,400.0000000000,nan,59.6150012596,350.0493639216
retorno_fonte,418,59.6150012596,399.9506360784,400.0000000000,750.0000000000,0.0000000000,0,400.0000000000,nan,59.5916111976,350.0299407320
retorno_fonte,419,59.5916111976,399.9700592680,400.0000000000,750.0000000000,0.0000000000,0,400.0000000000,nan,59.5682204468,350.0181599719
retorno_fonte,420,59.5682204468,399.9818400281,400.0000000000,750.0000000000,0.0000000000,0,400.0000000000,nan,59.5448292780,350.0110145797
retorno_fonte,421,59.5448292780,399.9889854203,400.0000000000,750.0000000000,0.0000000000,0,400.0000000000,nan,59.5214378558,350.0066806803
retorno_fonte,422,59.5214378558,399.9933193197,400.0000000000,750.0000000000,0.0000000000,0,400.0000000000,nan,59.4980462799,350.0040520374
retorno_fonte,423,59.4980462799,399.9959479626,400.0000000000,750.0000000000,0.0000000000,0,400.0000000000,nan,59.4746546108,350.0024576849
retorno_fonte,424,59.4746546108,399.9975423151,400.0000000000,750.0000000000,0.0000000000,0,400.0000000000,nan,59.4512628851,350.0014906613
retorno_fonte,425,59.4512628851,399.9985093387,400.0000000000,750.0000000000,0.0000000000,0,400.0000000000,nan,59.4278711251,350.0009041318
retorno_fonte,426,59.4278711251,399.9990958682,400.0000000000,750.0000000000,0.0000000000,0,400.0000000000,nan,59.4044793443,350.0005483836
retorno_fonte,427,59.4044793443,399.9994516164,400.0000000000,750.0000000000,0.0000000000,0,400.0000000000,nan,59.3810875509,350.0003326115
retorno_fonte,428,59.3810875509,399.9996673885,400.0000000000,750.0000000000,0.0000000000,0,400.0000000000,nan,59.3576957498,350.0002017391
retorno_fonte,429,59.3576957498,399.9997982609,400.0000000000,750.0000000000,0.0000000000,0,400.0000000000,nan,59.3343039441,350.0001223609
retorno_fonte,430,59.3343039441,399.9998776391,400.0000000000,750.0000000000,0.0000000000,0,400.0000000000,nan,59.3109121356,350.0000742157
retorno_fonte,431,59.3109121356,399.9999257843,400.0000000000,750.0000000000,0.0000000000,0,400.0000000000,nan,59.2875203254,350.0000450141
retorno_fonte,432,59.2875203254,399.9999549859,400.0000000000,750.0000000000,0.0000000000,0,400.0000000000,nan,59.2641285141,350.0000273024
retorno_fonte,433,59.2641285141,399.9999726976,400.0000000000,750.0000000000,0.0000000000,0,400.0000000000,nan,59.2407367022,350.0000165598
retorno_fonte,434,59.2407367022,399.9999834402,400.0000000000,750.0000000000,0.0000000000,0,400.0000000000,nan,59.2173448899,350.0000100440
retorno_fonte,435,59.2173448899,399.9999899560,400.0000000000,750.0000000000,0.0000000000,0,400.0000000000,nan,59.1939530774,350.0000060920
retorno_fonte,436,59.1939530774,399.9999939080,400.0000000000,750.0000000000,0.0000000000,0,400.0000000000,nan,59.1705612648,350.0000036950
retorno_fonte,437,59.1705612648,399.9999963050,400.0000000000,750.0000000000,0.0000000000,0,400.0000000000,nan,59.1471694520,350.0000022411
retorno_fonte,438,59.1471694520,399.9999977589,400.0000000000,750.0000000000,0.0000000000,0,400.0000000000,nan,59.1237776392,350.0000013593
retorno_fonte,439,59.1237776392,399.9999986407,400.0000000000,750.0000000000,0.0000000000,0,400.0000000000,nan,59.1003858264,350.0000008245
retorno_fonte,440,59.1003858264,399.9999991755,400.0000000000,750.0000000000,0.0000000000,0,400.0000000000,nan,59.0769940136,350.0000005001
retorno_fonte,441,59.0769940136,399.9999994999,400.0000000000,750.0000000000,0.0000000000,0,400.0000000000,nan,59.0536022007,350.0000003033
retorno_fonte,442,59.0536022007,399.9999996967,400.0000000000,750.0000000000,0.0000000000,0,400.0000000000,nan,59.0302103879,350.0000001840
retorno_fonte,443,59.0302103879,399.9999998160,400.0000000000,750.0000000000,0.0000000000,0,400.0000000000,nan,59.0068185750,350.0000001116
retorno_fonte,444,59.0068185750,399.9999998884,400.0000000000,750.0000000000,0.0000000000,0,400.0000000000,nan,58.9834267622,350.0000000677
retorno_fonte,445,58.9834267622,399.9999999323,400.0000000000,750.0000000000,0.0000000000,0,400.0000000000,nan,58.9600349493,350.0000000410
retorno_fonte,446,58.9600349493,399.9999999590,400.0000000000,750.0000000000,0.0000000000,0,400.0000000000,nan,58.9366431364,350.0000000249
retorno_fonte,447,58.9366431364,399.9999999751,400.0000000000,750.0000000000,0.0000000000,0,400.0000000000,nan,58.9132513236,350.0000000151
retorno_fonte,448,58.9132513236,399.9999999849,400.0000000000,750.0000000000,0.0000000000,0,400.0000000000,nan,58.8898595107,350.0000000092
retorno_fonte,449,58.8898595107,399.9999999908,400.0000000000,750.0000000000,0.0000000000,0,400.0000000000,nan,58.8664676978,350.0000000056
retorno_fonte,450,58.8664676978,399.9999999944,400.0000000000,750.0000000000,0.0000000000,0,400.0000000000,nan,58.8430758850,350.0000000034
retorno_fonte,451,58.8430758850,399.9999999966,400.0000000000,750.0000000000,0.0000000000,0,400.0000000000,nan,58.8196840721,350.0000000020
retorno_fonte,452,58.8196840721,399.9999999980,400.0000000000,750.0000000000,0.0000000000,0,400.0000000000,nan,58.7962922592,350.0000000012
retorno_fonte,453,58.7962922592,399.9999999988,400.0000000000,750.0000000000,0.0000000000,0,400.0000000000,nan,58.7729004464,350.0000000008
retorno_fonte,454,58.7729004464,399.9999999992,400.0000000000,750.0000000000,0.0000000000,0,400.0000000000,nan,58.7495086335,350.0000000005
retorno_fonte,455,58.7495086335,399.9999999995,400.0000000000,750.0000000000,0.0000000000,0,400.0000000000,nan,58.7261168206,350.0000000003
retorno_fonte,456,58.7261168206,399.9999999997,400.0000000000,750.0000000000,0.0000000000,0,400.0000000000,nan,58.7027250078,350.0000000002
retorno_fonte,457,58.7027250078,399.9999999998,400.0000000000,750.0000000000,0.0000000000,0,400.0000000000,nan,58.6793331949,350.0000000001
retorno_fonte,458,58.6793331949,399.9999999999,400.0000000000,750.0000000000,0.0000000000,0,400.0000000000,nan,58.6559413820,350.0000000001
retorno_fonte,459,58.6559413820,399.9999999999,400.0000000000,750.0000000000,0.0000000000,0,400.0000000000,nan,58.6325495692,350.0000000000
retorno_fonte,460,58.6325495692,400.0000000000,400.0000000000,750.0000000000,0.0000000000,0,400.0000000000,nan,58.6091577563,350.0000000000
retorno_fonte,461,58.6091577563,400.0000000000,400.0000000000,750.0000000000,0.0000000000,0,400.0000000000,nan,58.5857659435,350.0000000000
retorno_fonte,462,58.5857659435,400.0000000000,400.0000000000,750.0000000000,0.0000000000,0,400.0000000000,nan,58.5623741306,350.0000000000
retorno_fonte,463,58.5623741306,400.0000000000,400.0000000000,750.0000000000,0.0000000000,0,400.0000000000,nan,58.5389823177,350.0000000000
retorno_fonte,464,58.5389823177,400.0000000000,400.0000000000,750.0000000000,0.0000000000,0,400.0000000000,nan,58.5155905049,350.0000000000
retorno_fonte,465,58.5155905049,400.0000000000,400.0000000000,750.0000000000,0.0000000000,0,400.0000000000,nan,58.4921986920,350.0000000000
retorno_fonte,466,58.4921986920,400.0000000000,400.0000000000,750.0000000000,0.0000000000,0,400.0000000000,nan,58.4688068791,350.0000000000
retorno_fonte,467,58.4688068791,400.0000000000,400.0000000000,750.0000000000,0.0000000000,0,400.0000000000,nan,58.4454150663,350.0000000000
retorno_fonte,468,58.4454150663,400.0000000000,400.0000000000,750.0000000000,0.0000000000,0,400.0000000000,nan,58.4220232534,350.0000000000
retorno_fonte,469,58.4220232534,400.0000000000,400.0000000000,750.0000000000,0.0000000000,0,400.0000000000,nan,58.3986314405,350.0000000000
retorno_fonte,470,58.3986314405,400.0000000000,400.0000000000,750.0000000000,0.0000000000,0,400.0000000000,nan,58.3752396277,350.0000000000
retorno_fonte,471,58.3752396277,400.0000000000,400.0000000000,750.0000000000,0.0000000000,0,400.0000000000,nan,58.3518478148,350.0000000000
retorno_fonte,472,58.3518478148,400.0000000000,400.0000000000,750.0000000000,0.0000000000,0,400.0000000000,nan,58.3284560019,350.0000000000
retorno_fonte,473,58.3284560019,400.0000000000,400.0000000000,750.0000000000,0.0000000000,0,400.0000000000,nan,58.3050641891,350.0000000000
retorno_fonte,474,58.3050641891,400.0000000000,400.0000000000,750.0000000000,0.0000000000,0,400.0000000000,nan,58.2816723762,350.0000000000
retorno_fonte,475,58.2816723762,400.0000000000,400.0000000000,750.0000000000,0.0000000000,0,400.0000000000,nan,58.2582805633,350.0000000000
retorno_fonte,476,58.2582805633,400.0000000000,400.0000000000,750.0000000000,0.0000000000,0,400.0000000000,nan,58.2348887505,350.0000000000
retorno_fonte,477,58.2348887505,400.0000000000,400.0000000000,750.0000000000,0.0000000000,0,400.0000000000,nan,58.2114969376,350.0000000000
retorno_fonte,478,58.2114969376,400.0000000000,400.0000000000,750.0000000000,0.0000000000,0,400.0000000000,nan,58.1881051247,350.0000000000
retorno_fonte,479,58.1881051247,400.0000000000,400.0000000000,750.0000000000,0.0000000000,0,400.0000000000,nan,58.1647133119,350.0000000000
retorno_fonte,480,58.1647133119,400.0000000000,400.0000000000,750.0000000000,0.0000000000,0,400.0000000000,nan,58.1413214990,350.0000000000
retorno_fonte,481,58.1413214990,400.0000000000,400.0000000000,750.0000000000,0.0000000000,0,400.0000000000,nan,58.1179296861,350.0000000000
retorno_fonte,482,58.1179296861,400.0000000000,400.0000000000,750.0000000000,0.0000000000,0,400.0000000000,nan,58.0945378733,350.0000000000
retorno_fonte,483,58.0945378733,400.0000000000,400.0000000000,750.0000000000,0.0000000000,0,400.0000000000,nan,58.0711460604,350.0000000000
retorno_fonte,484,58.0711460604,400.0000000000,400.0000000000,750.0000000000,0.0000000000,0,400.0000000000,nan,58.0477542475,350.0000000000
retorno_fonte,485,58.0477542475,400.0000000000,400.0000000000,750.0000000000,0.0000000000,0,400.0000000000,nan,58.0243624347,350.0000000000
retorno_fonte,486,58.0243624347,400.0000000000,400.0000000000,750.0000000000,0.0000000000,0,400.0000000000,nan,58.0009706218,350.0000000000
retorno_fonte,487,58.0009706218,400.0000000000,400.0000000000,750.0000000000,0.0000000000,0,400.0000000000,nan,57.9775788089,350.0000000000
retorno_fonte,488,57.9775788089,400.0000000000,400.0000000000,750.0000000000,0.0000000000,0,400.0000000000,nan,57.9541869961,350.0000000000
retorno_fonte,489,57.9541869961,400.0000000000,400.0000000000,750.0000000000,0.0000000000,0,400.0000000000,nan,57.9307951832,350.0000000000
retorno_fonte,490,57.9307951832,400.0000000000,400.0000000000,750.0000000000,0.0000000000,0,400.0000000000,nan,57.9074033704,350.0000000000
retorno_fonte,491,57.9074033704,400.0000000000,400.0000000000,750.0000000000,0.0000000000,0,400.0000000000,nan,57.8840115575,350.0000000000
retorno_fonte,492,57.8840115575,400.0000000000,400.0000000000,750.0000000000,0.0000000000,0,400.0000000000,nan,57.8606197446,350.0000000000
retorno_fonte,493,57.8606197446,400.0000000000,400.0000000000,750.0000000000,0.0000000000,0,400.0000000000,nan,57.8372279318,350.0000000000
retorno_fonte,494,57.8372279318,400.0000000000,400.0000000000,750.0000000000,0.0000000000,0,400.0000000000,nan,57.8138361189,350.0000000000
retorno_fonte,495,57.8138361189,400.0000000000,400.0000000000,750.0000000000,0.0000000000,0,400.0000000000,nan,57.7904443060,350.0000000000
retorno_fonte,496,57.7904443060,400.0000000000,400.0000000000,750.0000000000,0.0000000000,0,400.0000000000,nan,57.7670524932,350.0000000000
retorno_fonte,497,57.7670524932,400.0000000000,400.0000000000,750.0000000000,0.0000000000,0,400.0000000000,nan,57.7436606803,350.0000000000
retorno_fonte,498,57.7436606803,400.0000000000,400.0000000000,750.0000000000,0.0000000000,0,400.0000000000,nan,57.7202688674,350.0000000000
retorno_fonte,499,57.7202688674,400.0000000000,400.0000000000,750.0000000000,0.0000000000,0,400.0000000000,nan,57.6968770546,350.0000000000
retorno_fonte,500,57.6968770546,400.0000000000,400.0000000000,750.0000000000,0.0000000000,0,400.0000000000,nan,57.6734852417,350.0000000000
retorno_fonte,501,57.6734852417,400.0000000000,400.0000000000,750.0000000000,0.0000000000,0,400.0000000000,nan,57.6500934288,350.0000000000
retorno_fonte,502,57.6500934288,400.0000000000,400.0000000000,750.0000000000,0.0000000000,0,400.0000000000,nan,57.6267016160,350.0000000000
retorno_fonte,503,57.6267016160,400.0000000000,400.0000000000,750.0000000000,0.0000000000,0,400.0000000000,nan,57.6033098031,350.0000000000
retorno_fonte,504,57.6033098031,400.0000000000,400.0000000000,750.0000000000,0.0000000000,0,400.0000000000,nan,57.5799179902,350.0000000000
retorno_fonte,505,57.5799179902,400.0000000000,400.0000000000,750.0000000000,0.0000000000,0,400.0000000000,nan,57.5565261774,350.0000000000
retorno_fonte,506,57.5565261774,400.0000000000,400.0000000000,750.0000000000,0.0000000000,0,400.0000000000,nan,57.5331343645,350.0000000000
retorno_fonte,507,57.5331343645,400.0000000000,400.0000000000,750.0000000000,0.0000000000,0,400.0000000000,nan,57.5097425516,350.0000000000
retorno_fonte,508,57.5097425516,400.0000000000,400.0000000000,750.0000000000,0.0000000000,0,400.0000000000,nan,57.4863507388,350.0000000000
retorno_fonte,509,57.4863507388,400.0000000000,400.0000000000,750.0000000000,0.0000000000,0,400.0000000000,nan,57.4629589259,350.0000000000
retorno_fonte,510,57.4629589259,400.0000000000,400.0000000000,750.0000000000,0.0000000000,0,400.0000000000,nan,57.4395671130,350.0000000000
retorno_fonte,511,57.4395671130,400.0000000000,400.0000000000,750.0000000000,0.0000000000,0,400.0000000000,nan,57.4161753002,350.0000000000
retorno_fonte,512,57.4161753002,400.0000000000,400.0000000000,750.0000000000,0.0000000000,0,400.0000000000,nan,57.3927834873,350.0000000000
retorno_fonte,513,57.3927834873,400.0000000000,400.0000000000,750.0000000000,0.0000000000,0,400.0000000000,nan,57.3693916744,350.0000000000
retorno_fonte,514,57.3693916744,400.0000000000,400.0000000000,750.0000000000,0.0000000000,0,400.0000000000,nan,57.3459998616,350.0000000000
retorno_fonte,515,57.3459998616,400.0000000000,400.0000000000,750.0000000000,0.0000000000,0,400.0000000000,nan,57.3226080487,350.0000000000
retorno_fonte,516,57.3226080487,400.0000000000,400.0000000000,750.0000000000,0.0000000000,0,400.0000000000,nan,57.2992162358,350.0000000000
retorno_fonte,517,57.2992162358,400.0000000000,400.0000000000,750.0000000000,0.0000000000,0,400.0000000000,nan,57.2758244230,350.0000000000
retorno_fonte,518,57.2758244230,400.0000000000,400.0000000000,750.0000000000,0.0000000000,0,400.0000000000,nan,57.2524326101,350.0000000000
retorno_fonte,519,57.2524326101,400.0000000000,400.0000000000,750.0000000000,0.0000000000,0,400.0000000000,nan,57.2290407973,350.0000000000
retorno_fonte,520,57.2290407973,400.0000000000,400.0000000000,750.0000000000,0.0000000000,0,400.0000000000,nan,57.2056489844,350.0000000000
retorno_fonte,521,57.2056489844,400.0000000000,400.0000000000,750.0000000000,0.0000000000,0,400.0000000000,nan,57.1822571715,350.0000000000
retorno_fonte,522,57.1822571715,400.0000000000,400.0000000000,750.0000000000,0.0000000000,0,400.0000000000,nan,57.1588653587,350.0000000000
retorno_fonte,523,57.1588653587,400.0000000000,400.0000000000,750.0000000000,0.0000000000,0,400.0000000000,nan,57.1354735458,350.0000000000
retorno_fonte,524,57.1354735458,400.0000000000,400.0000000000,750.0000000000,0.0000000000,0,400.0000000000,nan,57.1120817329,350.0000000000
retorno_fonte,525,57.1120817329,400.0000000000,400.0000000000,750.0000000000,0.0000000000,0,400.0000000000,nan,57.0886899201,350.0000000000
retorno_fonte,526,57.0886899201,400.0000000000,400.0000000000,750.0000000000,0.0000000000,0,400.0000000000,nan,57.0652981072,350.0000000000
retorno_fonte,527,57.0652981072,400.0000000000,400.0000000000,750.0000000000,0.0000000000,0,400.0000000000,nan,57.0419062943,350.0000000000
retorno_fonte,528,57.0419062943,400.0000000000,400.0000000000,750.0000000000,0.0000000000,0,400.0000000000,nan,57.0185144815,350.0000000000
retorno_fonte,529,57.0185144815,400.0000000000,400.0000000000,750.0000000000,0.0000000000,0,400.0000000000,nan,56.9951226686,350.0000000000
retorno_fonte,530,56.9951226686,400.0000000000,400.0000000000,750.0000000000,0.0000000000,0,400.0000000000,nan,56.9717308557,350.0000000000
retorno_fonte,531,56.9717308557,400.0000000000,400.0000000000,750.0000000000,0.0000000000,0,400.0000000000,nan,56.9483390429,350.0000000000
retorno_fonte,532,56.9483390429,400.0000000000,400.0000000000,750.0000000000,0.0000000000,0,400.0000000000,nan,56.9249472300,350.0000000000
retorno_fonte,533,56.9249472300,400.0000000000,400.0000000000,750.0000000000,0.0000000000,0,400.0000000000,nan,56.9015554171,350.0000000000
retorno_fonte,534,56.9015554171,400.0000000000,400.0000000000,750.0000000000,0.0000000000,0,400.0000000000,nan,56.8781636043,350.0000000000
retorno_fonte,535,56.8781636043,400.0000000000,400.0000000000,750.0000000000,0.0000000000,0,400.0000000000,nan,56.8547717914,350.0000000000
retorno_fonte,536,56.8547717914,400.0000000000,400.0000000000,750.0000000000,0.0000000000,0,400.0000000000,nan,56.8313799785,350.0000000000
retorno_fonte,537,56.8313799785,400.0000000000,400.0000000000,750.0000000000,0.0000000000,0,400.0000000000,nan,56.8079881657,350.0000000000
retorno_fonte,538,56.8079881657,400.0000000000,400.0000000000,750.0000000000,0.0000000000,0,400.0000000000,nan,56.7845963528,350.0000000000
retorno_fonte,539,56.7845963528,400.0000000000,400.0000000000,750.0000000000,0.0000000000,0,400.0000000000,nan,56.7612045399,350.0000000000
retorno_fonte,540,56.7612045399,400.0000000000,400.0000000000,750.0000000000,0.0000000000,0,400.0000000000,nan,56.7378127271,350.0000000000
retorno_fonte,541,56.7378127271,400.0000000000,400.0000000000,750.0000000000,0.0000000000,0,400.0000000000,nan,56.7144209142,350.0000000000
retorno_fonte,542,56.7144209142,400.0000000000,400.0000000000,750.0000000000,0.0000000000,0,400.0000000000,nan,56.6910291013,350.0000000000
retorno_fonte,543,56.6910291013,400.0000000000,400.0000000000,750.0000000000,0.0000000000,0,400.0000000000,nan,56.6676372885,350.0000000000
retorno_fonte,544,56.6676372885,400.0000000000,400.0000000000,750.0000000000,0.0000000000,0,400.0000000000,nan,56.6442454756,350.0000000000
retorno_fonte,545,56.6442454756,400.0000000000,400.0000000000,750.0000000000,0.0000000000,0,400.0000000000,nan,56.6208536627,350.0000000000
retorno_fonte,546,56.6208536627,400.0000000000,400.0000000000,750.0000000000,0.0000000000,0,400.0000000000,nan,56.5974618499,350.0000000000
retorno_fonte,547,56.5974618499,400.0000000000,400.0000000000,750.0000000000,0.0000000000,0,400.0000000000,nan,56.5740700370,350.0000000000
retorno_fonte,548,56.5740700370,400.0000000000,400.0000000000,750.0000000000,0.0000000000,0,400.0000000000,nan,56.5506782242,350.0000000000
retorno_fonte,549,56.5506782242,400.0000000000,400.0000000000,750.0000000000,0.0000000000,0,400.0000000000,nan,56.5272864113,350.0000000000
retorno_fonte,550,56.5272864113,400.0000000000,400.0000000000,750.0000000000,0.0000000000,0,400.0000000000,nan,56.5038945984,350.0000000000
retorno_fonte,551,56.5038945984,400.0000000000,400.0000000000,750.0000000000,0.0000000000,0,400.0000000000,nan,56.4805027856,350.0000000000
retorno_fonte,552,56.4805027856,400.0000000000,400.0000000000,750.0000000000,0.0000000000,0,400.0000000000,nan,56.4571109727,350.0000000000
retorno_fonte,553,56.4571109727,400.0000000000,400.0000000000,750.0000000000,0.0000000000,0,400.0000000000,nan,56.4337191598,350.0000000000
retorno_fonte,554,56.4337191598,400.0000000000,400.0000000000,750.0000000000,0.0000000000,0,400.0000000000,nan,56.4103273470,350.0000000000
retorno_fonte,555,56.4103273470,400.0000000000,400.0000000000,750.0000000000,0.0000000000,0,400.0000000000,nan,56.3869355341,350.0000000000
retorno_fonte,556,56.3869355341,400.0000000000,400.0000000000,750.0000000000,0.0000000000,0,400.0000000000,nan,56.3635437212,350.0000000000
retorno_fonte,557,56.3635437212,400.0000000000,400.0000000000,750.0000000000,0.0000000000,0,400.0000000000,nan,56.3401519084,350.0000000000
retorno_fonte,558,56.3401519084,400.0000000000,400.0000000000,750.0000000000,0.0000000000,0,400.0000000000,nan,56.3167600955,350.0000000000
retorno_fonte,559,56.3167600955,400.0000000000,400.0000000000,750.0000000000,0.0000000000,0,400.0000000000,nan,56.2933682826,350.0000000000
retorno_fonte,560,56.2933682826,400.0000000000,400.0000000000,750.0000000000,0.0000000000,0,400.0000000000,nan,56.2699764698,350.0000000000
retorno_fonte,561,56.2699764698,400.0000000000,400.0000000000,750.0000000000,0.0000000000,0,400.0000000000,nan,56.2465846569,350.0000000000
retorno_fonte,562,56.2465846569,400.0000000000,400.0000000000,750.0000000000,0.0000000000,0,400.0000000000,nan,56.2231928440,350.0000000000
retorno_fonte,563,56.2231928440,400.0000000000,400.0000000000,750.0000000000,0.0000000000,0,400.0000000000,nan,56.1998010312,350.0000000000
retorno_fonte,564,56.1998010312,400.0000000000,400.0000000000,750.0000000000,0.0000000000,0,400.0000000000,nan,56.1764092183,350.0000000000
retorno_fonte,565,56.1764092183,400.0000000000,400.0000000000,750.0000000000,0.0000000000,0,400.0000000000,nan,56.1530174054,350.0000000000
retorno_fonte,566,56.1530174054,400.0000000000,400.0000000000,750.0000000000,0.0000000000,0,400.0000000000,nan,56.1296255926,350.0000000000
retorno_fonte,567,56.1296255926,400.0000000000,400.0000000000,750.0000000000,0.0000000000,0,400.0000000000,nan,56.1062337797,350.0000000000
retorno_fonte,568,56.1062337797,400.0000000000,400.0000000000,750.0000000000,0.0000000000,0,400.0000000000,nan,56.0828419668,350.0000000000
retorno_fonte,569,56.0828419668,400.0000000000,400.0000000000,750.0000000000,0.0000000000,0,400.0000000000,nan,56.0594501540,350.0000000000
retorno_fonte,570,56.0594501540,400.0000000000,400.0000000000,750.0000000000,0.0000000000,0,400.0000000000,nan,56.0360583411,350.0000000000
retorno_fonte,571,56.0360583411,400.0000000000,400.0000000000,750.0000000000,0.0000000000,0,400.0000000000,nan,56.0126665282,350.0000000000
retorno_fonte,572,56.0126665282,400.0000000000,400.0000000000,750.0000000000,0.0000000000,0,400.0000000000,nan,55.9892747154,350.0000000000
retorno_fonte,573,55.9892747154,400.0000000000,400.0000000000,750.0000000000,0.0000000000,0,400.0000000000,nan,55.9658829025,350.0000000000
retorno_fonte,574,55.9658829025,400.0000000000,400.0000000000,750.0000000000,0.0000000000,0,400.0000000000,nan,55.9424910896,350.0000000000
retorno_fonte,575,55.9424910896,400.0000000000,400.0000000000,750.0000000000,0.0000000000,0,400.0000000000,nan,55.9190992768,350.0000000000
retorno_fonte,576,55.9190992768,400.0000000000,400.0000000000,750.0000000000,0.0000000000,0,400.0000000000,nan,55.8957074639,350.0000000000
retorno_fonte,577,55.8957074639,400.0000000000,400.0000000000,750.0000000000,0.0000000000,0,400.0000000000,nan,55.8723156511,350.0000000000
retorno_fonte,578,55.8723156511,400.0000000000,400.0000000000,750.0000000000,0.0000000000,0,400.0000000000,nan,55.8489238382,350.0000000000
retorno_fonte,579,55.8489238382,400.0000000000,400.0000000000,750.0000000000,0.0000000000,0,400.0000000000,nan,55.8255320253,350.0000000000
retorno_fonte,580,55.8255320253,400.0000000000,400.0000000000,750.0000000000,0.0000000000,0,400.0000000000,nan,55.8021402125,350.0000000000
retorno_fonte,581,55.8021402125,400.0000000000,400.0000000000,750.0000000000,0.0000000000,0,400.0000000000,nan,55.7787483996,350.0000000000
retorno_fonte,582,55.7787483996,400.0000000000,400.0000000000,750.0000000000,0.0000000000,0,400.0000000000,nan,55.7553565867,350.0000000000
retorno_fonte,583,55.7553565867,400.0000000000,400.0000000000,750.0000000000,0.0000000000,0,400.0000000000,nan,55.7319647739,350.0000000000
retorno_fonte,584,55.7319647739,400.0000000000,400.0000000000,750.0000000000,0.0000000000,0,400.0000000000,nan,55.7085729610,350.0000000000
retorno_fonte,585,55.7085729610,400.0000000000,400.0000000000,750.0000000000,0.0000000000,0,400.0000000000,nan,55.6851811481,350.0000000000
retorno_fonte,586,55.6851811481,400.0000000000,400.0000000000,750.0000000000,0.0000000000,0,400.0000000000,nan,55.6617893353,350.0000000000
retorno_fonte,587,55.6617893353,400.0000000000,400.0000000000,750.0000000000,0.0000000000,0,400.0000000000,nan,55.6383975224,350.0000000000
retorno_fonte,588,55.6383975224,400.0000000000,400.0000000000,750.0000000000,0.0000000000,0,400.0000000000,nan,55.6150057095,350.0000000000
retorno_fonte,589,55.6150057095,400.0000000000,400.0000000000,750.0000000000,0.0000000000,0,400.0000000000,nan,55.5916138967,350.0000000000
retorno_fonte,590,55.5916138967,400.0000000000,400.0000000000,750.0000000000,0.0000000000,0,400.0000000000,nan,55.5682220838,350.0000000000
retorno_fonte,591,55.5682220838,400.0000000000,400.0000000000,750.0000000000,0.0000000000,0,400.0000000000,nan,55.5448302709,350.0000000000
retorno_fonte,592,55.5448302709,400.0000000000,400.0000000000,750.0000000000,0.0000000000,0,400.0000000000,nan,55.5214384581,350.0000000000
retorno_fonte,593,55.5214384581,400.0000000000,400.0000000000,750.0000000000,0.0000000000,0,400.0000000000,nan,55.4980466452,350.0000000000
retorno_fonte,594,55.4980466452,400.0000000000,400.0000000000,750.0000000000,0.0000000000,0,400.0000000000,nan,55.4746548323,350.0000000000
retorno_fonte,595,55.4746548323,400.0000000000,400.0000000000,750.0000000000,0.0000000000,0,400.0000000000,nan,55.4512630195,350.0000000000
retorno_fonte,596,55.4512630195,400.0000000000,400.0000000000,750.0000000000,0.0000000000,0,400.0000000000,nan,55.4278712066,350.0000000000
retorno_fonte,597,55.4278712066,400.0000000000,400.0000000000,750.0000000000,0.0000000000,0,400.0000000000,nan,55.4044793937,350.0000000000
retorno_fonte,598,55.4044793937,400.0000000000,400.0000000000,750.0000000000,0.0000000000,0,400.0000000000,nan,55.3810875809,350.0000000000
retorno_fonte,599,55.3810875809,400.0000000000,400.0000000000,750.0000000000,0.0000000000,0,400.0000000000,nan,55.3576957680,350.0000000000
retorno_fonte,600,55.3576957680,400.0000000000,400.0000000000,750.0000000000,0.0000000000,0,400.0000000000,nan,55.3343039551,350.0000000000
retorno_fonte,601,55.3343039551,400.0000000000,400.0000000000,750.0000000000,0.0000000000,0,400.0000000000,nan,55.3109121423,350.0000000000
retorno_fonte,602,55.3109121423,400.0000000000,400.0000000000,750.0000000000,0.0000000000,0,400.0000000000,nan,55.2875203294,350.0000000000
retorno_fonte,603,55.2875203294,400.0000000000,400.0000000000,750.0000000000,0.0000000000,0,400.0000000000,nan,55.2641285166,350.0000000000
retorno_fonte,604,55.2641285166,400.0000000000,400.0000000000,750.0000000000,0.0000000000,0,400.0000000000,nan,55.2407367037,350.0000000000
retorno_fonte,605,55.2407367037,400.0000000000,400.0000000000,750.0000000000,0.0000000000,0,400.0000000000,nan,55.2173448908,350.0000000000
retorno_fonte,606,55.2173448908,400.0000000000,400.0000000000,750.0000000000,0.0000000000,0,400.0000000000,nan,55.1939530780,350.0000000000
retorno_fonte,607,55.1939530780,400.0000000000,400.0000000000,750.0000000000,0.0000000000,0,400.0000000000,nan,55.1705612651,350.0000000000
retorno_fonte,608,55.1705612651,400.0000000000,400.0000000000,750.0000000000,0.0000000000,0,400.0000000000,nan,55.1471694522,350.0000000000
retorno_fonte,609,55.1471694522,400.0000000000,400.0000000000,750.0000000000,0.0000000000,0,400.0000000000,nan,55.1237776394,350.0000000000
retorno_fonte,610,55.1237776394,400.0000000000,400.0000000000,750.0000000000,0.0000000000,0,400.0000000000,nan,55.1003858265,350.0000000000
retorno_fonte,611,55.1003858265,400.0000000000,400.0000000000,750.0000000000,0.0000000000,0,400.0000000000,nan,55.0769940136,350.0000000000
retorno_fonte,612,55.0769940136,400.0000000000,400.0000000000,750.0000000000,0.0000000000,0,400.0000000000,nan,55.0536022008,350.0000000000
retorno_fonte,613,55.0536022008,400.0000000000,400.0000000000,750.0000000000,0.0000000000,0,400.0000000000,nan,55.0302103879,350.0000000000
retorno_fonte,614,55.0302103879,400.0000000000,400.0000000000,750.0000000000,0.0000000000,0,400.0000000000,nan,55.0068185750,350.0000000000
retorno_fonte,615,55.0068185750,400.0000000000,400.0000000000,750.0000000000,0.0000000000,0,400.0000000000,nan,54.9834267622,350.0000000000
retorno_fonte,616,54.9834267622,400.0000000000,400.0000000000,750.0000000000,0.0000000000,0,400.0000000000,nan,54.9600349493,350.0000000000
retorno_fonte,617,54.9600349493,400.0000000000,400.0000000000,750.0000000000,0.0000000000,0,400.0000000000,nan,54.9366431364,350.0000000000
retorno_fonte,618,54.9366431364,400.0000000000,400.0000000000,750.0000000000,0.0000000000,0,400.0000000000,nan,54.9132513236,350.0000000000
retorno_fonte,619,54.9132513236,400.0000000000,400.0000000000,750.0000000000,0.0000000000,0,400.0000000000,nan,54.8898595107,350.0000000000
retorno_fonte,620,54.8898595107,400.0000000000,400.0000000000,750.0000000000,0.0000000000,0,400.0000000000,nan,54.8664676978,350.0000000000
retorno_fonte,621,54.8664676978,400.0000000000,400.0000000000,750.0000000000,0.0000000000,0,400.0000000000,nan,54.8430758850,350.0000000000
retorno_fonte,622,54.8430758850,400.0000000000,400.0000000000,750.0000000000,0.0000000000,0,400.0000000000,nan,54.8196840721,350.0000000000
retorno_fonte,623,54.8196840721,400.0000000000,400.0000000000,750.0000000000,0.0000000000,0,400.0000000000,nan,54.7962922592,350.0000000000
retorno_fonte,624,54.7962922592,400.0000000000,400.0000000000,750.0000000000,0.0000000000,0,400.0000000000,nan,54.7729004464,350.0000000000
retorno_fonte,625,54.7729004464,400.0000000000,400.0000000000,750.0000000000,0.0000000000,0,400.0000000000,nan,54.7495086335,350.0000000000
retorno_fonte,626,54.7495086335,400.0000000000,400.0000000000,750.0000000000,0.0000000000,0,400.0000000000,nan,54.7261168206,350.0000000000
retorno_fonte,627,54.7261168206,400.0000000000,400.0000000000,750.0000000000,0.0000000000,0,400.0000000000,nan,54.7027250078,350.0000000000
retorno_fonte,628,54.7027250078,400.0000000000,400.0000000000,750.0000000000,0.0000000000,0,400.0000000000,nan,54.6793331949,350.0000000000
retorno_fonte,629,54.6793331949,400.0000000000,400.0000000000,750.0000000000,0.0000000000,0,400.0000000000,nan,54.6559413820,350.0000000000
retorno_fonte,630,54.6559413820,400.0000000000,400.0000000000,750.0000000000,0.0000000000,0,400.0000000000,nan,54.6325495692,350.0000000000
retorno_fonte,631,54.6325495692,400.0000000000,400.0000000000,750.0000000000,0.0000000000,0,400.0000000000,nan,54.6091577563,350.0000000000
retorno_fonte,632,54.6091577563,400.0000000000,400.0000000000,750.0000000000,0.0000000000,0,400.0000000000,nan,54.5857659435,350.0000000000
retorno_fonte,633,54.5857659435,400.0000000000,400.0000000000,750.0000000000,0.0000000000,0,400.0000000000,nan,54.5623741306,350.0000000000
retorno_fonte,634,54.5623741306,400.0000000000,400.0000000000,750.0000000000,0.0000000000,0,400.0000000000,nan,54.5389823177,350.0000000000
retorno_fonte,635,54.5389823177,400.0000000000,400.0000000000,750.0000000000,0.0000000000,0,400.0000000000,nan,54.5155905049,350.0000000000
retorno_fonte,636,54.5155905049,400.0000000000,400.0000000000,750.0000000000,0.0000000000,0,400.0000000000,nan,54.4921986920,350.0000000000
retorno_fonte,637,54.4921986920,400.0000000000,400.0000000000,750.0000000000,0.0000000000,0,400.0000000000,nan,54.4688068791,350.0000000000
retorno_fonte,638,54.4688068791,400.0000000000,400.0000000000,750.0000000000,0.0000000000,0,400.0000000000,nan,54.4454150663,350.0000000000
retorno_fonte,639,54.4454150663,400.0000000000,400.0000000000,750.0000000000,0.0000000000,0,400.0000000000,nan,54.4220232534,350.0000000000
retorno_fonte,640,54.4220232534,400.0000000000,400.0000000000,750.0000000000,0.0000000000,0,400.0000000000,nan,54.3986314405,350.0000000000
retorno_fonte,641,54.3986314405,400.0000000000,400.0000000000,750.0000000000,0.0000000000,0,400.0000000000,nan,54.3752396277,350.0000000000
retorno_fonte,642,54.3752396277,400.0000000000,400.0000000000,750.0000000000,0.0000000000,0,400.0000000000,nan,54.3518478148,350.0000000000
retorno_fonte,643,54.3518478148,400.0000000000,400.0000000000,750.0000000000,0.0000000000,0,400.0000000000,nan,54.3284560019,350.0000000000
retorno_fonte,644,54.3284560019,400.0000000000,400.0000000000,750.0000000000,0.0000000000,0,400.0000000000,nan,54.3050641891,350.0000000000
retorno_fonte,645,54.3050641891,400.0000000000,400.0000000000,750.0000000000,0.0000000000,0,400.0000000000,nan,54.2816723762,350.0000000000
retorno_fonte,646,54.2816723762,400.0000000000,400.0000000000,750.0000000000,0.0000000000,0,400.0000000000,nan,54.2582805633,350.0000000000
retorno_fonte,647,54.2582805633,400.0000000000,400.0000000000,750.0000000000,0.0000000000,0,400.0000000000,nan,54.2348887505,350.0000000000
retorno_fonte,648,54.2348887505,400.0000000000,400.0000000000,750.0000000000,0.0000000000,0,400.0000000000,nan,54.2114969376,350.0000000000
retorno_fonte,649,54.2114969376,400.0000000000,400.0000000000,750.0000000000,0.0000000000,0,400.0000000000,nan,54.1881051247,350.0000000000
retorno_fonte,650,54.1881051247,400.0000000000,400.0000000000,750.0000000000,800.0000000000,1,-50.0000000000,nan,54.1750677682,0.0000000000
retorno_fonte,651,54.1750677682,222.9387968707,-50.0000000000,750.0000000000,800.0000000000,1,-50.0000000000,nan,54.1683107069,0.0000000000
retorno_fonte,652,54.1683107069,115.5457485271,-50.0000000000,750.0000000000,800.0000000000,1,-50.0000000000,nan,54.1653628372,0.0000000000
retorno_fonte,653,54.1653628372,50.4085720668,-50.0000000000,750.0000000000,800.0000000000,1,-50.0000000000,nan,54.1647253590,0.0000000000
retorno_fonte,654,54.1647253590,10.9008774565,-50.0000000000,750.0000000000,800.0000000000,1,-50.0000000000,nan,54.1654147291,0.0000000000
retorno_fonte,655,54.1654147291,-13.0617506192,-50.0000000000,750.0000000000,800.0000000000,1,-50.0000000000,nan,54.1668711751,0.0000000000
retorno_fonte,656,54.1668711751,-27.5958192345,-50.0000000000,750.0000000000,800.0000000000,1,-50.0000000000,nan,54.1687928762,0.0000000000
retorno_fonte,657,54.1687928762,-36.4111774600,-50.0000000000,750.0000000000,800.0000000000,1,-50.0000000000,nan,54.1709967686,0.0000000000
retorno_fonte,658,54.1709967686,-41.7579625001,-50.0000000000,750.0000000000,800.0000000000,1,-50.0000000000,nan,54.1733718189,0.0000000000
retorno_fonte,659,54.1733718189,-45.0009515578,-50.0000000000,750.0000000000,800.0000000000,1,-50.0000000000,nan,54.1758506815,0.0000000000
retorno_fonte,660,54.1758506815,-46.9679238504,-50.0000000000,750.0000000000,800.0000000000,1,-50.0000000000,nan,54.1783925096,0.0000000000
retorno_fonte,661,54.1783925096,-48.1609528527,-50.0000000000,750.0000000000,800.0000000000,1,-50.0000000000,nan,54.1809725281,0.0000000000
retorno_fonte,662,54.1809725281,-48.8845615205,-50.0000000000,750.0000000000,800.0000000000,1,-50.0000000000,nan,54.1835757103,0.0000000000
retorno_fonte,663,54.1835757103,-49.3234523632,-50.0000000000,750.0000000000,800.0000000000,1,-50.0000000000,nan,54.1861929420,0.0000000000
retorno_fonte,664,54.1861929420,-49.5896531155,-50.0000000000,750.0000000000,800.0000000000,1,-50.0000000000,nan,54.1888186951,0.0000000000
retorno_fonte,665,54.1888186951,-49.7511120334,-50.0000000000,750.0000000000,800.0000000000,1,-50.0000000000,nan,54.1914496168,0.0000000000
retorno_fonte,666,54.1914496168,-49.8490418174,-50.0000000000,750.0000000000,800.0000000000,1,-50.0000000000,nan,54.1940836733,0.0000000000
retorno_fonte,667,54.1940836733,-49.9084392339,-50.0000000000,750.0000000000,800.0000000000,1,-50.0000000000,nan,54.1967196312,0.0000000000
retorno_fonte,668,54.1967196312,-49.9444655882,-50.0000000000,750.0000000000,800.0000000000,1,-50.0000000000,nan,54.1993567424,0.0000000000
retorno_fonte,669,54.1993567424,-49.9663166766,-50.0000000000,750.0000000000,800.0000000000,1,-50.0000000000,nan,54.2019945530,0.0000000000
retorno_fonte,670,54.2019945530,-49.9795700316,-50.0000000000,750.0000000000,800.0000000000,1,-50.0000000000,nan,54.2046327879,0.0000000000
retorno_fonte,671,54.2046327879,-49.9876085978,-50.0000000000,750.0000000000,800.0000000000,1,-50.0000000000,nan,54.2072712801,0.0000000000
retorno_fonte,672,54.2072712801,-49.9924842346,-50.0000000000,750.0000000000,800.0000000000,1,-50.0000000000,nan,54.2099099284,0.0000000000
retorno_fonte,673,54.2099099284,-49.9954414579,-50.0000000000,750.0000000000,800.0000000000,1,-50.0000000000,nan,54.2125486714,0.0000000000
retorno_fonte,674,54.2125486714,-49.9972351044,-50.0000000000,750.0000000000,800.0000000000,1,-50.0000000000,nan,54.2151874718,0.0000000000
retorno_fonte,675,54.2151874718,-49.9983230061,-50.0000000000,750.0000000000,800.0000000000,1,-50.0000000000,nan,54.2178263070,0.0000000000
retorno_fonte,676,54.2178263070,-49.9989828518,-50.0000000000,750.0000000000,800.0000000000,1,-50.0000000000,nan,54.2204651633,0.0000000000
retorno_fonte,677,54.2204651633,-49.9993830684,-50.0000000000,750.0000000000,800.0000000000,1,-50.0000000000,nan,54.2231040324,0.0000000000
retorno_fonte,678,54.2231040324,-49.9996258121,-50.0000000000,750.0000000000,800.0000000000,1,-50.0000000000,nan,54.2257429094,0.0000000000
retorno_fonte,679,54.2257429094,-49.9997730436,-50.0000000000,750.0000000000,800.0000000000,1,-50.0000000000,nan,54.2283817910,0.0000000000
retorno_fonte,680,54.2283817910,-49.9998623440,-50.0000000000,750.0000000000,800.0000000000,1,-50.0000000000,nan,54.2310206755,0.0000000000
retorno_fonte,681,54.2310206755,-49.9999165074,-50.0000000000,750.0000000000,800.0000000000,1,-50.0000000000,nan,54.2336595617,0.0000000000
retorno_fonte,682,54.2336595617,-49.9999493592,-50.0000000000,750.0000000000,800.0000000000,1,-50.0000000000,nan,54.2362984489,0.0000000000
retorno_fonte,683,54.2362984489,-49.9999692848,-50.0000000000,750.0000000000,800.0000000000,1,-50.0000000000,nan,54.2389373369,0.0000000000
retorno_fonte,684,54.2389373369,-49.9999813703,-50.0000000000,750.0000000000,800.0000000000,1,-50.0000000000,nan,54.2415762251,0.0000000000
retorno_fonte,685,54.2415762251,-49.9999887005,-50.0000000000,750.0000000000,800.0000000000,1,-50.0000000000,nan,54.2442151137,0.0000000000
retorno_fonte,686,54.2442151137,-49.9999931465,-50.0000000000,750.0000000000,800.0000000000,1,-50.0000000000,nan,54.2468540023,0.0000000000
retorno_fonte,687,54.2468540023,-49.9999958431,-50.0000000000,750.0000000000,800.0000000000,1,-50.0000000000,nan,54.2494928911,0.0000000000
retorno_fonte,688,54.2494928911,-49.9999974787,-50.0000000000,750.0000000000,800.0000000000,1,-50.0000000000,nan,54.2521317799,0.0000000000
retorno_fonte,689,54.2521317799,-49.9999984708,-50.0000000000,750.0000000000,800.0000000000,1,-50.0000000000,nan,54.2547706687,0.0000000000
retorno_fonte,690,54.2547706687,-49.9999990725,-50.0000000000,750.0000000000,800.0000000000,1,-50.0000000000,nan,54.2574095576,0.0000000000
retorno_fonte,691,54.2574095576,-49.9999994374,-50.0000000000,750.0000000000,800.0000000000,1,-50.0000000000,nan,54.2600484465,0.0000000000
retorno_fonte,692,54.2600484465,-49.9999996588,-50.0000000000,750.0000000000,800.0000000000,1,-50.0000000000,nan,54.2626873354,0.0000000000
retorno_fonte,693,54.2626873354,-49.9999997930,-50.0000000000,750.0000000000,800.0000000000,1,-50.0000000000,nan,54.2653262242,0.0000000000
retorno_fonte,694,54.2653262242,-49.9999998745,-50.0000000000,750.0000000000,800.0000000000,1,-50.0000000000,nan,54.2679651131,0.0000000000
retorno_fonte,695,54.2679651131,-49.9999999239,-50.0000000000,750.0000000000,800.0000000000,1,-50.0000000000,nan,54.2706040020,0.0000000000
retorno_fonte,696,54.2706040020,-49.9999999538,-50.0000000000,750.0000000000,800.0000000000,1,-50.0000000000,nan,54.2732428909,0.0000000000
retorno_fonte,697,54.2732428909,-49.9999999720,-50.0000000000,750.0000000000,800.0000000000,1,-50.0000000000,nan,54.2758817798,0.0000000000
retorno_fonte,698,54.2758817798,-49.9999999830,-50.0000000000,750.0000000000,800.0000000000,1,-50.0000000000,nan,54.2785206687,0.0000000000
retorno_fonte,699,54.2785206687,-49.9999999897,-50.0000000000,750.0000000000,800.0000000000,1,-50.0000000000,nan,54.2811595576,0.0000000000
retorno_fonte,700,54.2811595576,-49.9999999938,-50.0000000000,750.0000000000,800.0000000000,1,-50.0000000000,nan,54.2837984464,0.0000000000
retorno_fonte,701,54.2837984464,-49.9999999962,-50.0000000000,750.0000000000,800.0000000000,1,-50.0000000000,nan,54.2864373353,0.0000000000
retorno_fonte,702,54.2864373353,-49.9999999977,-50.0000000000,750.0000000000,800.0000000000,1,-50.0000000000,nan,54.2890762242,0.0000000000
retorno_fonte,703,54.2890762242,-49.9999999986,-50.0000000000,750.0000000000,800.0000000000,1,-50.0000000000,nan,54.2917151131,0.0000000000
retorno_fonte,704,54.2917151131,-49.9999999992,-50.0000000000,750.0000000000,800.0000000000,1,-50.0000000000,nan,54.2943540020,0.0000000000
retorno_fonte,705,54.2943540020,-49.9999999995,-50.0000000000,750.0000000000,800.0000000000,1,-50.0000000000,nan,54.2969928909,0.0000000000
retorno_fonte,706,54.2969928909,-49.9999999997,-50.0000000000,750.0000000000,800.0000000000,1,-50.0000000000,nan,54.2996317798,0.0000000000
retorno_fonte,707,54.2996317798,-49.9999999998,-50.0000000000,750.0000000000,800.0000000000,1,-50.0000000000,nan,54.3022706687,0.0000000000
retorno_fonte,708,54.3022706687,-49.9999999999,-50.0000000000,750.0000000000,800.0000000000,1,-50.0000000000,nan,54.3049095576,0.0000000000
retorno_fonte,709,54.3049095576,-49.9999999999,-50.0000000000,750.0000000000,800.0000000000,1,-50.0000000000,nan,54.3075484464,0.0000000000
retorno_fonte,710,54.3075484464,-50.0000000000,-50.0000000000,750.0000000000,800.0000000000,1,-50.0000000000,nan,54.3101873353,0.0000000000
retorno_fonte,711,54.3101873353,-50.0000000000,-50.0000000000,750.0000000000,800.0000000000,1,-50.0000000000,nan,54.3128262242,0.0000000000
retorno_fonte,712,54.3128262242,-50.0000000000,-50.0000000000,750.0000000000,800.0000000000,1,-50.0000000000,nan,54.3154651131,0.0000000000
retorno_fonte,713,54.3154651131,-50.0000000000,-50.0000000000,750.0000000000,800.0000000000,1,-50.0000000000,nan,54.3181040020,0.0000000000
retorno_fonte,714,54.3181040020,-50.0000000000,-50.0000000000,750.0000000000,800.0000000000,1,-50.0000000000,nan,54.3207428909,0.0000000000
retorno_fonte,715,54.3207428909,-50.0000000000,-50.0000000000,750.0000000000,800.0000000000,1,-50.0000000000,nan,54.3233817798,0.0000000000
retorno_fonte,716,54.3233817798,-50.0000000000,-50.0000000000,750.0000000000,800.0000000000,1,-50.0000000000,nan,54.3260206687,0.0000000000
retorno_fonte,717,54.3260206687,-50.0000000000,-50.0000000000,750.0000000000,800.0000000000,1,-50.0000000000,nan,54.3286595576,0.0000000000
retorno_fonte,718,54.3286595576,-50.0000000000,-50.0000000000,750.0000000000,800.0000000000,1,-50.0000000000,nan,54.3312984464,0.0000000000
retorno_fonte,719,54.3312984464,-50.0000000000,-50.0000000000,750.0000000000,800.0000000000,1,-50.0000000000,nan,54.3339373353,0.0000000000
retorno_fonte,720,54.3339373353,-50.0000000000,-50.0000000000,750.0000000000,800.0000000000,1,-50.0000000000,nan,54.3365762242,0.0000000000
retorno_fonte,721,54.3365762242,-50.0000000000,-50.0000000000,750.0000000000,800.0000000000,1,-50.0000000000,nan,54.3392151131,0.0000000000
retorno_fonte,722,54.3392151131,-50.0000000000,-50.0000000000,750.0000000000,800.0000000000,1,-50.0000000000,nan,54.3418540020,0.0000000000
retorno_fonte,723,54.3418540020,-50.0000000000,-50.0000000000,750.0000000000,800.0000000000,1,-50.0000000000,nan,54.3444928909,0.0000000000
retorno_fonte,724,54.3444928909,-50.0000000000,-50.0000000000,750.0000000000,800.0000000000,1,-50.0000000000,nan,54.3471317798,0.0000000000
retorno_fonte,725,54.3471317798,-50.0000000000,-50.0000000000,750.0000000000,800.0000000000,1,-50.0000000000,nan,54.3497706687,0.0000000000
retorno_fonte,726,54.3497706687,-50.0000000000,-50.0000000000,750.0000000000,800.0000000000,1,-50.0000000000,nan,54.3524095576,0.0000000000
retorno_fonte,727,54.3524095576,-50.0000000000,-50.0000000000,750.0000000000,800.0000000000,1,-50.0000000000,nan,54.3550484464,0.0000000000
retorno_fonte,728,54.3550484464,-50.0000000000,-50.0000000000,750.0000000000,800.0000000000,1,-50.0000000000,nan,54.3576873353,0.0000000000
retorno_fonte,729,54.3576873353,-50.0000000000,-50.0000000000,750.0000000000,800.0000000000,1,-50.0000000000,nan,54.3603262242,0.0000000000
retorno_fonte,730,54.3603262242,-50.0000000000,-50.0000000000,750.0000000000,800.0000000000,1,-50.0000000000,nan,54.3629651131,0.0000000000
retorno_fonte,731,54.3629651131,-50.0000000000,-50.0000000000,750.0000000000,800.0000000000,1,-50.0000000000,nan,54.3656040020,0.0000000000
retorno_fonte,732,54.3656040020,-50.0000000000,-50.0000000000,750.0000000000,800.0000000000,1,-50.0000000000,nan,54.3682428909,0.0000000000
retorno_fonte,733,54.3682428909,-50.0000000000,-50.0000000000,750.0000000000,800.0000000000,1,-50.0000000000,nan,54.3708817798,0.0000000000
retorno_fonte,734,54.3708817798,-50.0000000000,-50.0000000000,750.0000000000,800.0000000000,1,-50.0000000000,nan,54.3735206687,0.0000000000
retorno_fonte,735,54.3735206687,-50.0000000000,-50.0000000000,750.0000000000,800.0000000000,1,-50.0000000000,nan,54.3761595576,0.0000000000
retorno_fonte,736,54.3761595576,-50.0000000000,-50.0000000000,750.0000000000,800.0000000000,1,-50.0000000000,nan,54.3787984464,0.0000000000
retorno_fonte,737,54.3787984464,-50.0000000000,-50.0000000000,750.0000000000,800.0000000000,1,-50.0000000000,nan,54.3814373353,0.0000000000
retorno_fonte,738,54.3814373353,-50.0000000000,-50.0000000000,750.0000000000,800.0000000000,1,-50.0000000000,nan,54.3840762242,0.0000000000
retorno_fonte,739,54.3840762242,-50.0000000000,-50.0000000000,750.0000000000,800.0000000000,1,-50.0000000000,nan,54.3867151131,0.0000000000
retorno_fonte,740,54.3867151131,-50.0000000000,-50.0000000000,750.0000000000,800.0000000000,1,-50.0000000000,nan,54.3893540020,0.0000000000
retorno_fonte,741,54.3893540020,-50.0000000000,-50.0000000000,750.0000000000,800.0000000000,1,-50.0000000000,nan,54.3919928909,0.0000000000
retorno_fonte,742,54.3919928909,-50.0000000000,-50.0000000000,750.0000000000,800.0000000000,1,-50.0000000000,nan,54.3946317798,0.0000000000
retorno_fonte,743,54.3946317798,-50.0000000000,-50.0000000000,750.0000000000,800.0000000000,1,-50.0000000000,nan,54.3972706687,0.0000000000
retorno_fonte,744,54.3972706687,-50.0000000000,-50.0000000000,750.0000000000,800.0000000000,1,-50.0000000000,nan,54.3999095576,0.0000000000
retorno_fonte,745,54.3999095576,-50.0000000000,-50.0000000000,750.0000000000,800.0000000000,1,-50.0000000000,nan,54.4025484464,0.0000000000
retorno_fonte,746,54.4025484464,-50.0000000000,-50.0000000000,750.0000000000,800.0000000000,1,-50.0000000000,nan,54.4051873353,0.0000000000
retorno_fonte,747,54.4051873353,-50.0000000000,-50.0000000000,750.0000000000,800.0000000000,1,-50.0000000000,nan,54.4078262242,0.0000000000
retorno_fonte,748,54.4078262242,-50.0000000000,-50.0000000000,750.0000000000,800.0000000000,1,-50.0000000000,nan,54.4104651131,0.0000000000
retorno_fonte,749,54.4104651131,-50.0000000000,-50.0000000000,750.0000000000,800.0000000000,1,-50.0000000000,nan,54.4131040020,0.0000000000
retorno_fonte,750,54.4131040020,-50.0000000000,-50.0000000000,750.0000000000,800.0000000000,1,-50.0000000000,nan,54.4157428909,0.0000000000
retorno_fonte,751,54.4157428909,-50.0000000000,-50.0000000000,750.0000000000,800.0000000000,1,-50.0000000000,nan,54.4183817798,0.0000000000
retorno_fonte,752,54.4183817798,-50.0000000000,-50.0000000000,750.0000000000,800.0000000000,1,-50.0000000000,nan,54.4210206687,0.0000000000
retorno_fonte,753,54.4210206687,-50.0000000000,-50.0000000000,750.0000000000,800.0000000000,1,-50.0000000000,nan,54.4236595576,0.0000000000
retorno_fonte,754,54.4236595576,-50.0000000000,-50.0000000000,750.0000000000,800.0000000000,1,-50.0000000000,nan,54.4262984464,0.0000000000
retorno_fonte,755,54.4262984464,-50.0000000000,-50.0000000000,750.0000000000,800.0000000000,1,-50.0000000000,nan,54.4289373353,0.0000000000
retorno_fonte,756,54.4289373353,-50.0000000000,-50.0000000000,750.0000000000,800.0000000000,1,-50.0000000000,nan,54.4315762242,0.0000000000
retorno_fonte,757,54.4315762242,-50.0000000000,-50.0000000000,750.0000000000,800.0000000000,1,-50.0000000000,nan,54.4342151131,0.0000000000
retorno_fonte,758,54.4342151131,-50.0000000000,-50.0000000000,750.0000000000,800.0000000000,1,-50.0000000000,nan,54.4368540020,0.0000000000
retorno_fonte,759,54.4368540020,-50.0000000000,-50.0000000000,750.0000000000,800.0000000000,1,-50.0000000000,nan,54.4394928909,0.0000000000
retorno_fonte,760,54.4394928909,-50.0000000000,-50.0000000000,750.0000000000,800.0000000000,1,-50.0000000000,nan,54.4421317798,0.0000000000
retorno_fonte,761,54.4421317798,-50.0000000000,-50.0000000000,750.0000000000,800.0000000000,1,-50.0000000000,nan,54.4447706687,0.0000000000
retorno_fonte,762,54.4447706687,-50.0000000000,-50.0000000000,750.0000000000,800.0000000000,1,-50.0000000000,nan,54.4474095576,0.0000000000
retorno_fonte,763,54.4474095576,-50.0000000000,-50.0000000000,750.0000000000,800.0000000000,1,-50.0000000000,nan,54.4500484464,0.0000000000
retorno_fonte,764,54.4500484464,-50.0000000000,-50.0000000000,750.0000000000,800.0000000000,1,-50.0000000000,nan,54.4526873353,0.0000000000
retorno_fonte,765,54.4526873353,-50.0000000000,-50.0000000000,750.0000000000,800.0000000000,1,-50.0000000000,nan,54.4553262242,0.0000000000
retorno_fonte,766,54.4553262242,-50.0000000000,-50.0000000000,750.0000000000,800.0000000000,1,-50.0000000000,nan,54.4579651131,0.0000000000
retorno_fonte,767,54.4579651131,-50.0000000000,-50.0000000000,750.0000000000,800.0000000000,1,-50.0000000000,nan,54.4606040020,0.0000000000
retorno_fonte,768,54.4606040020,-50.0000000000,-50.0000000000,750.0000000000,800.0000000000,1,-50.0000000000,nan,54.4632428909,0.0000000000
retorno_fonte,769,54.4632428909,-50.0000000000,-50.0000000000,750.0000000000,800.0000000000,1,-50.0000000000,nan,54.4658817798,0.0000000000
retorno_fonte,770,54.4658817798,-50.0000000000,-50.0000000000,750.0000000000,800.0000000000,1,-50.0000000000,nan,54.4685206687,0.0000000000
retorno_fonte,771,54.4685206687,-50.0000000000,-50.0000000000,750.0000000000,800.0000000000,1,-50.0000000000,nan,54.4711595576,0.0000000000
retorno_fonte,772,54.4711595576,-50.0000000000,-50.0000000000,750.0000000000,800.0000000000,1,-50.0000000000,nan,54.4737984464,0.0000000000
retorno_fonte,773,54.4737984464,-50.0000000000,-50.0000000000,750.0000000000,800.0000000000,1,-50.0000000000,nan,54.4764373353,0.0000000000
retorno_fonte,774,54.4764373353,-50.0000000000,-50.0000000000,750.0000000000,800.0000000000,1,-50.0000000000,nan,54.4790762242,0.0000000000
retorno_fonte,775,54.4790762242,-50.0000000000,-50.0000000000,750.0000000000,800.0000000000,1,-50.0000000000,nan,54.4817151131,0.0000000000
retorno_fonte,776,54.4817151131,-50.0000000000,-50.0000000000,750.0000000000,800.0000000000,1,-50.0000000000,nan,54.4843540020,0.0000000000
retorno_fonte,777,54.4843540020,-50.0000000000,-50.0000000000,750.0000000000,800.0000000000,1,-50.0000000000,nan,54.4869928909,0.0000000000
retorno_fonte,778,54.4869928909,-50.0000000000,-50.0000000000,750.0000000000,800.0000000000,1,-50.0000000000,nan,54.4896317798,0.0000000000
retorno_fonte,779,54.4896317798,-50.0000000000,-50.0000000000,750.0000000000,800.0000000000,1,-50.0000000000,nan,54.4922706687,0.0000000000
retorno_fonte,780,54.4922706687,-50.0000000000,-50.0000000000,750.0000000000,800.0000000000,1,-50.0000000000,nan,54.4949095576,0.0000000000
retorno_fonte,781,54.4949095576,-50.0000000000,-50.0000000000,750.0000000000,800.0000000000,1,-50.0000000000,nan,54.4975484464,0.0000000000
retorno_fonte,782,54.4975484464,-50.0000000000,-50.0000000000,750.0000000000,800.0000000000,1,-50.0000000000,nan,54.5001873353,0.0000000000
retorno_fonte,783,54.5001873353,-50.0000000000,-50.0000000000,750.0000000000,800.0000000000,1,-50.0000000000,nan,54.5028262242,0.0000000000
retorno_fonte,784,54.5028262242,-50.0000000000,-50.0000000000,750.0000000000,800.0000000000,1,-50.0000000000,nan,54.5054651131,0.0000000000
retorno_fonte,785,54.5054651131,-50.0000000000,-50.0000000000,750.0000000000,800.0000000000,1,-50.0000000000,nan,54.5081040020,0.0000000000
retorno_fonte,786,54.5081040020,-50.0000000000,-50.0000000000,750.0000000000,800.0000000000,1,-50.0000000000,nan,54.5107428909,0.0000000000
retorno_fonte,787,54.5107428909,-50.0000000000,-50.0000000000,750.0000000000,800.0000000000,1,-50.0000000000,nan,54.5133817798,0.0000000000
retorno_fonte,788,54.5133817798,-50.0000000000,-50.0000000000,750.0000000000,800.0000000000,1,-50.0000000000,nan,54.5160206687,0.0000000000
retorno_fonte,789,54.5160206687,-50.0000000000,-50.0000000000,750.0000000000,800.0000000000,1,-50.0000000000,nan,54.5186595576,0.0000000000
retorno_fonte,790,54.5186595576,-50.0000000000,-50.0000000000,750.0000000000,800.0000000000,1,-50.0000000000,nan,54.5212984464,0.0000000000
retorno_fonte,791,54.5212984464,-50.0000000000,-50.0000000000,750.0000000000,800.0000000000,1,-50.0000000000,nan,54.5239373353,0.0000000000
retorno_fonte,792,54.5239373353,-50.0000000000,-50.0000000000,750.0000000000,800.0000000000,1,-50.0000000000,nan,54.5265762242,0.0000000000
retorno_fonte,793,54.5265762242,-50.0000000000,-50.0000000000,750.0000000000,800.0000000000,1,-50.0000000000,nan,54.5292151131,0.0000000000
retorno_fonte,794,54.5292151131,-50.0000000000,-50.0000000000,750.0000000000,800.0000000000,1,-50.0000000000,nan,54.5318540020,0.0000000000
retorno_fonte,795,54.5318540020,-50.0000000000,-50.0000000000,750.0000000000,800.0000000000,1,-50.0000000000,nan,54.5344928909,0.0000000000
retorno_fonte,796,54.5344928909,-50.0000000000,-50.0000000000,750.0000000000,800.0000000000,1,-50.0000000000,nan,54.5371317798,0.0000000000
retorno_fonte,797,54.5371317798,-50.0000000000,-50.0000000000,750.0000000000,800.0000000000,1,-50.0000000000,nan,54.5397706687,0.0000000000
retorno_fonte,798,54.5397706687,-50.0000000000,-50.0000000000,750.0000000000,800.0000000000,1,-50.0000000000,nan,54.5424095576,0.0000000000
retorno_fonte,799,54.5424095576,-50.0000000000,-50.0000000000,750.0000000000,800.0000000000,1,-50.0000000000,nan,54.5450484464,0.0000000000
retorno_fonte,800,54.5450484464,-50.0000000000,-50.0000000000,750.0000000000,800.0000000000,1,-50.0000000000,nan,54.5476873353,0.0000000000
retorno_fonte,801,54.5476873353,-50.0000000000,-50.0000000000,750.0000000000,800.0000000000,1,-50.0000000000,nan,54.5503262242,0.0000000000
retorno_fonte,802,54.5503262242,-50.0000000000,-50.0000000000,750.0000000000,800.0000000000,1,-50.0000000000,nan,54.5529651131,0.0000000000
retorno_fonte,803,54.5529651131,-50.0000000000,-50.0000000000,750.0000000000,800.0000000000,1,-50.0000000000,nan,54.5556040020,0.0000000000
retorno_fonte,804,54.5556040020,-50.0000000000,-50.0000000000,750.0000000000,800.0000000000,1,-50.0000000000,nan,54.5582428909,0.0000000000
retorno_fonte,805,54.5582428909,-50.0000000000,-50.0000000000,750.0000000000,800.0000000000,1,-50.0000000000,nan,54.5608817798,0.0000000000
retorno_fonte,806,54.5608817798,-50.0000000000,-50.0000000000,750.0000000000,800.0000000000,1,-50.0000000000,nan,54.5635206687,0.0000000000
retorno_fonte,807,54.5635206687,-50.0000000000,-50.0000000000,750.0000000000,800.0000000000,1,-50.0000000000,nan,54.5661595576,0.0000000000
retorno_fonte,808,54.5661595576,-50.0000000000,-50.0000000000,750.0000000000,800.0000000000,1,-50.0000000000,nan,54.5687984464,0.0000000000
retorno_fonte,809,54.5687984464,-50.0000000000,-50.0000000000,750.0000000000,800.0000000000,1,-50.0000000000,nan,54.5714373353,0.0000000000
retorno_fonte,810,54.5714373353,-50.0000000000,-50.0000000000,750.0000000000,800.0000000000,1,-50.0000000000,nan,54.5740762242,0.0000000000
retorno_fonte,811,54.5740762242,-50.0000000000,-50.0000000000,750.0000000000,800.0000000000,1,-50.0000000000,nan,54.5767151131,0.0000000000
retorno_fonte,812,54.5767151131,-50.0000000000,-50.0000000000,750.0000000000,800.0000000000,1,-50.0000000000,nan,54.5793540020,0.0000000000
retorno_fonte,813,54.5793540020,-50.0000000000,-50.0000000000,750.0000000000,800.0000000000,1,-50.0000000000,nan,54.5819928909,0.0000000000
retorno_fonte,814,54.5819928909,-50.0000000000,-50.0000000000,750.0000000000,800.0000000000,1,-50.0000000000,nan,54.5846317798,0.0000000000
retorno_fonte,815,54.5846317798,-50.0000000000,-50.0000000000,750.0000000000,800.0000000000,1,-50.0000000000,nan,54.5872706687,0.0000000000
retorno_fonte,816,54.5872706687,-50.0000000000,-50.0000000000,750.0000000000,800.0000000000,1,-50.0000000000,nan,54.5899095576,0.0000000000
retorno_fonte,817,54.5899095576,-50.0000000000,-50.0000000000,750.0000000000,800.0000000000,1,-50.0000000000,nan,54.5925484464,0.0000000000
retorno_fonte,818,54.5925484464,-50.0000000000,-50.0000000000,750.0000000000,800.0000000000,1,-50.0000000000,nan,54.5951873353,0.0000000000
retorno_fonte,819,54.5951873353,-50.0000000000,-50.0000000000,750.0000000000,800.0000000000,1,-50.0000000000,nan,54.5978262242,0.0000000000
retorno_fonte,820,54.5978262242,-50.0000000000,-50.0000000000,750.0000000000,800.0000000000,1,-50.0000000000,nan,54.6004651131,0.0000000000
retorno_fonte,821,54.6004651131,-50.0000000000,-50.0000000000,750.0000000000,800.0000000000,1,-50.0000000000,nan,54.6031040020,0.0000000000
retorno_fonte,822,54.6031040020,-50.0000000000,-50.0000000000,750.0000000000,800.0000000000,1,-50.0000000000,nan,54.6057428909,0.0000000000
retorno_fonte,823,54.6057428909,-50.0000000000,-50.0000000000,750.0000000000,800.0000000000,1,-50.0000000000,nan,54.6083817798,0.0000000000
retorno_fonte,824,54.6083817798,-50.0000000000,-50.0000000000,750.0000000000,800.0000000000,1,-50.0000000000,nan,54.6110206687,0.0000000000
retorno_fonte,825,54.6110206687,-50.0000000000,-50.0000000000,750.0000000000,800.0000000000,1,-50.0000000000,nan,54.6136595576,0.0000000000
retorno_fonte,826,54.6136595576,-50.0000000000,-50.0000000000,750.0000000000,800.0000000000,1,-50.0000000000,nan,54.6162984464,0.0000000000
retorno_fonte,827,54.6162984464,-50.0000000000,-50.0000000000,750.0000000000,800.0000000000,1,-50.0000000000,nan,54.6189373353,0.0000000000
retorno_fonte,828,54.6189373353,-50.0000000000,-50.0000000000,750.0000000000,800.0000000000,1,-50.0000000000,nan,54.6215762242,0.0000000000
retorno_fonte,829,54.6215762242,-50.0000000000,-50.0000000000,750.0000000000,800.0000000000,1,-50.0000000000,nan,54.6242151131,0.0000000000
retorno_fonte,830,54.6242151131,-50.0000000000,-50.0000000000,750.0000000000,800.0000000000,1,-50.0000000000,nan,54.6268540020,0.0000000000
retorno_fonte,831,54.6268540020,-50.0000000000,-50.0000000000,750.0000000000,800.0000000000,1,-50.0000000000,nan,54.6294928909,0.0000000000
retorno_fonte,832,54.6294928909,-50.0000000000,-50.0000000000,750.0000000000,800.0000000000,1,-50.0000000000,nan,54.6321317798,0.0000000000
retorno_fonte,833,54.6321317798,-50.0000000000,-50.0000000000,750.0000000000,800.0000000000,1,-50.0000000000,nan,54.6347706687,0.0000000000
retorno_fonte,834,54.6347706687,-50.0000000000,-50.0000000000,750.0000000000,800.0000000000,1,-50.0000000000,nan,54.6374095576,0.0000000000
retorno_fonte,835,54.6374095576,-50.0000000000,-50.0000000000,750.0000000000,800.0000000000,1,-50.0000000000,nan,54.6400484464,0.0000000000
retorno_fonte,836,54.6400484464,-50.0000000000,-50.0000000000,750.0000000000,800.0000000000,1,-50.0000000000,nan,54.6426873353,0.0000000000
retorno_fonte,837,54.6426873353,-50.0000000000,-50.0000000000,750.0000000000,800.0000000000,1,-50.0000000000,nan,54.6453262242,0.0000000000
retorno_fonte,838,54.6453262242,-50.0000000000,-50.0000000000,750.0000000000,800.0000000000,1,-50.0000000000,nan,54.6479651131,0.0000000000
retorno_fonte,839,54.6479651131,-50.0000000000,-50.0000000000,750.0000000000,800.0000000000,1,-50.0000000000,nan,54.6506040020,0.0000000000
retorno_fonte,840,54.6506040020,-50.0000000000,-50.0000000000,750.0000000000,800.0000000000,1,-50.0000000000,nan,54.6532428909,0.0000000000
retorno_fonte,841,54.6532428909,-50.0000000000,-50.0000000000,750.0000000000,800.0000000000,1,-50.0000000000,nan,54.6558817798,0.0000000000
retorno_fonte,842,54.6558817798,-50.0000000000,-50.0000000000,750.0000000000,800.0000000000,1,-50.0000000000,nan,54.6585206687,0.0000000000
retorno_fonte,843,54.6585206687,-50.0000000000,-50.0000000000,750.0000000000,800.0000000000,1,-50.0000000000,nan,54.6611595576,0.0000000000
retorno_fonte,844,54.6611595576,-50.0000000000,-50.0000000000,750.0000000000,800.0000000000,1,-50.0000000000,nan,54.6637984464,0.0000000000
retorno_fonte,845,54.6637984464,-50.0000000000,-50.0000000000,750.0000000000,800.0000000000,1,-50.0000000000,nan,54.6664373353,0.0000000000
retorno_fonte,846,54.6664373353,-50.0000000000,-50.0000000000,750.0000000000,800.0000000000,1,-50.0000000000,nan,54.6690762242,0.0000000000
retorno_fonte,847,54.6690762242,-50.0000000000,-50.0000000000,750.0000000000,800.0000000000,1,-50.0000000000,nan,54.6717151131,0.0000000000
retorno_fonte,848,54.6717151131,-50.0000000000,-50.0000000000,750.0000000000,800.0000000000,1,-50.0000000000,nan,54.6743540020,0.0000000000
retorno_fonte,849,54.6743540020,-50.0000000000,-50.0000000000,750.0000000000,800.0000000000,1,-50.0000000000,nan,54.6769928909,0.0000000000
retorno_fonte,850,54.6769928909,-50.0000000000,-50.0000000000,750.0000000000,800.0000000000,1,-50.0000000000,nan,54.6796317798,0.0000000000
retorno_fonte,851,54.6796317798,-50.0000000000,-50.0000000000,750.0000000000,800.0000000000,1,-50.0000000000,nan,54.6822706687,0.0000000000
retorno_fonte,852,54.6822706687,-50.0000000000,-50.0000000000,750.0000000000,800.0000000000,1,-50.0000000000,nan,54.6849095576,0.0000000000
retorno_fonte,853,54.6849095576,-50.0000000000,-50.0000000000,750.0000000000,800.0000000000,1,-50.0000000000,nan,54.6875484464,0.0000000000
retorno_fonte,854,54.6875484464,-50.0000000000,-50.0000000000,750.0000000000,800.0000000000,1,-50.0000000000,nan,54.6901873353,0.0000000000
retorno_fonte,855,54.6901873353,-50.0000000000,-50.0000000000,750.0000000000,800.0000000000,1,-50.0000000000,nan,54.6928262242,0.0000000000
retorno_fonte,856,54.6928262242,-50.0000000000,-50.0000000000,750.0000000000,800.0000000000,1,-50.0000000000,nan,54.6954651131,0.0000000000
retorno_fonte,857,54.6954651131,-50.0000000000,-50.0000000000,750.0000000000,800.0000000000,1,-50.0000000000,nan,54.6981040020,0.0000000000
retorno_fonte,858,54.6981040020,-50.0000000000,-50.0000000000,750.0000000000,800.0000000000,1,-50.0000000000,nan,54.7007428909,0.0000000000
retorno_fonte,859,54.7007428909,-50.0000000000,-50.0000000000,750.0000000000,800.0000000000,1,-50.0000000000,nan,54.7033817798,0.0000000000
retorno_fonte,860,54.7033817798,-50.0000000000,-50.0000000000,750.0000000000,800.0000000000,1,-50.0000000000,nan,54.7060206687,0.0000000000
retorno_fonte,861,54.7060206687,-50.0000000000,-50.0000000000,750.0000000000,800.0000000000,1,-50.0000000000,nan,54.7086595576,0.0000000000
retorno_fonte,862,54.7086595576,-50.0000000000,-50.0000000000,750.0000000000,800.0000000000,1,-50.0000000000,nan,54.7112984464,0.0000000000
retorno_fonte,863,54.7112984464,-50.0000000000,-50.0000000000,750.0000000000,800.0000000000,1,-50.0000000000,nan,54.7139373353,0.0000000000
retorno_fonte,864,54.7139373353,-50.0000000000,-50.0000000000,750.0000000000,800.0000000000,1,-50.0000000000,nan,54.7165762242,0.0000000000
retorno_fonte,865,54.7165762242,-50.0000000000,-50.0000000000,750.0000000000,800.0000000000,1,-50.0000000000,nan,54.7192151131,0.0000000000
retorno_fonte,866,54.7192151131,-50.0000000000,-50.0000000000,750.0000000000,800.0000000000,1,-50.0000000000,nan,54.7218540020,0.0000000000
retorno_fonte,867,54.7218540020,-50.0000000000,-50.0000000000,750.0000000000,800.0000000000,1,-50.0000000000,nan,54.7244928909,0.0000000000
retorno_fonte,868,54.7244928909,-50.0000000000,-50.0000000000,750.0000000000,800.0000000000,1,-50.0000000000,nan,54.7271317798,0.0000000000
retorno_fonte,869,54.7271317798,-50.0000000000,-50.0000000000,750.0000000000,800.0000000000,1,-50.0000000000,nan,54.7297706687,0.0000000000
retorno_fonte,870,54.7297706687,-50.0000000000,-50.0000000000,750.0000000000,800.0000000000,1,-50.0000000000,nan,54.7324095576,0.0000000000
retorno_fonte,871,54.7324095576,-50.0000000000,-50.0000000000,750.0000000000,800.0000000000,1,-50.0000000000,nan,54.7350484464,0.0000000000
retorno_fonte,872,54.7350484464,-50.0000000000,-50.0000000000,750.0000000000,800.0000000000,1,-50.0000000000,nan,54.7376873353,0.0000000000
retorno_fonte,873,54.7376873353,-50.0000000000,-50.0000000000,750.0000000000,800.0000000000,1,-50.0000000000,nan,54.7403262242,0.0000000000
retorno_fonte,874,54.7403262242,-50.0000000000,-50.0000000000,750.0000000000,800.0000000000,1,-50.0000000000,nan,54.7429651131,0.0000000000
retorno_fonte,875,54.7429651131,-50.0000000000,-50.0000000000,750.0000000000,800.0000000000,1,-50.0000000000,nan,54.7456040020,0.0000000000
retorno_fonte,876,54.7456040020,-50.0000000000,-50.0000000000,750.0000000000,800.0000000000,1,-50.0000000000,nan,54.7482428909,0.0000000000
retorno_fonte,877,54.7482428909,-50.0000000000,-50.0000000000,750.0000000000,800.0000000000,1,-50.0000000000,nan,54.7508817798,0.0000000000
retorno_fonte,878,54.7508817798,-50.0000000000,-50.0000000000,750.0000000000,800.0000000000,1,-50.0000000000,nan,54.7535206687,0.0000000000
retorno_fonte,879,54.7535206687,-50.0000000000,-50.0000000000,750.0000000000,800.0000000000,1,-50.0000000000,nan,54.7561595576,0.0000000000
retorno_fonte,880,54.7561595576,-50.0000000000,-50.0000000000,750.0000000000,800.0000000000,1,-50.0000000000,nan,54.7587984464,0.0000000000
retorno_fonte,881,54.7587984464,-50.0000000000,-50.0000000000,750.0000000000,800.0000000000,1,-50.0000000000,nan,54.7614373353,0.0000000000
retorno_fonte,882,54.7614373353,-50.0000000000,-50.0000000000,750.0000000000,800.0000000000,1,-50.0000000000,nan,54.7640762242,0.0000000000
retorno_fonte,883,54.7640762242,-50.0000000000,-50.0000000000,750.0000000000,800.0000000000,1,-50.0000000000,nan,54.7667151131,0.0000000000
retorno_fonte,884,54.7667151131,-50.0000000000,-50.0000000000,750.0000000000,800.0000000000,1,-50.0000000000,nan,54.7693540020,0.0000000000
retorno_fonte,885,54.7693540020,-50.0000000000,-50.0000000000,750.0000000000,800.0000000000,1,-50.0000000000,nan,54.7719928909,0.0000000000
retorno_fonte,886,54.7719928909,-50.0000000000,-50.0000000000,750.0000000000,800.0000000000,1,-50.0000000000,nan,54.7746317798,0.0000000000
retorno_fonte,887,54.7746317798,-50.0000000000,-50.0000000000,750.0000000000,800.0000000000,1,-50.0000000000,nan,54.7772706687,0.0000000000
retorno_fonte,888,54.7772706687,-50.0000000000,-50.0000000000,750.0000000000,800.0000000000,1,-50.0000000000,nan,54.7799095576,0.0000000000
retorno_fonte,889,54.7799095576,-50.0000000000,-50.0000000000,750.0000000000,800.0000000000,1,-50.0000000000,nan,54.7825484464,0.0000000000
retorno_fonte,890,54.7825484464,-50.0000000000,-50.0000000000,750.0000000000,800.0000000000,1,-50.0000000000,nan,54.7851873353,0.0000000000
retorno_fonte,891,54.7851873353,-50.0000000000,-50.0000000000,750.0000000000,800.0000000000,1,-50.0000000000,nan,54.7878262242,0.0000000000
retorno_fonte,892,54.7878262242,-50.0000000000,-50.0000000000,750.0000000000,800.0000000000,1,-50.0000000000,nan,54.7904651131,0.0000000000
retorno_fonte,893,54.7904651131,-50.0000000000,-50.0000000000,750.0000000000,800.0000000000,1,-50.0000000000,nan,54.7931040020,0.0000000000
retorno_fonte,894,54.7931040020,-50.0000000000,-50.0000000000,750.0000000000,800.0000000000,1,-50.0000000000,nan,54.7957428909,0.0000000000
retorno_fonte,895,54.7957428909,-50.0000000000,-50.0000000000,750.0000000000,800.0000000000,1,-50.0000000000,nan,54.7983817798,0.0000000000
retorno_fonte,896,54.7983817798,-50.0000000000,-50.0000000000,750.0000000000,800.0000000000,1,-50.0000000000,nan,54.8010206687,0.0000000000
retorno_fonte,897,54.8010206687,-50.0000000000,-50.0000000000,750.0000000000,800.0000000000,1,-50.0000000000,nan,54.8036595576,0.0000000000
retorno_fonte,898,54.8036595576,-50.0000000000,-50.0000000000,750.0000000000,800.0000000000,1,-50.0000000000,nan,54.8062984464,0.0000000000
retorno_fonte,899,54.8062984464,-50.0000000000,-50.0000000000,750.0000000000,800.0000000000,1,-50.0000000000,nan,54.8089373353,0.0000000000
retorno_fonte,900,54.8089373353,-50.0000000000,-50.0000000000,750.0000000000,800.0000000000,1,-50.0000000000,nan,54.8115762242,0.0000000000
retorno_fonte,901,54.8115762242,-50.0000000000,-50.0000000000,750.0000000000,800.0000000000,1,-50.0000000000,nan,54.8142151131,0.0000000000
retorno_fonte,902,54.8142151131,-50.0000000000,-50.0000000000,750.0000000000,800.0000000000,1,-50.0000000000,nan,54.8168540020,0.0000000000
retorno_fonte,903,54.8168540020,-50.0000000000,-50.0000000000,750.0000000000,800.0000000000,1,-50.0000000000,nan,54.8194928909,0.0000000000
retorno_fonte,904,54.8194928909,-50.0000000000,-50.0000000000,750.0000000000,800.0000000000,1,-50.0000000000,nan,54.8221317798,0.0000000000
retorno_fonte,905,54.8221317798,-50.0000000000,-50.0000000000,750.0000000000,800.0000000000,1,-50.0000000000,nan,54.8247706687,0.0000000000
retorno_fonte,906,54.8247706687,-50.0000000000,-50.0000000000,750.0000000000,800.0000000000,1,-50.0000000000,nan,54.8274095576,0.0000000000
retorno_fonte,907,54.8274095576,-50.0000000000,-50.0000000000,750.0000000000,800.0000000000,1,-50.0000000000,nan,54.8300484464,0.0000000000
retorno_fonte,908,54.8300484464,-50.0000000000,-50.0000000000,750.0000000000,800.0000000000,1,-50.0000000000,nan,54.8326873353,0.0000000000
retorno_fonte,909,54.8326873353,-50.0000000000,-50.0000000000,750.0000000000,800.0000000000,1,-50.0000000000,nan,54.8353262242,0.0000000000
retorno_fonte,910,54.8353262242,-50.0000000000,-50.0000000000,750.0000000000,800.0000000000,1,-50.0000000000,nan,54.8379651131,0.0000000000
retorno_fonte,911,54.8379651131,-50.0000000000,-50.0000000000,750.0000000000,800.0000000000,1,-50.0000000000,nan,54.8406040020,0.0000000000
retorno_fonte,912,54.8406040020,-50.0000000000,-50.0000000000,750.0000000000,800.0000000000,1,-50.0000000000,nan,54.8432428909,0.0000000000
retorno_fonte,913,54.8432428909,-50.0000000000,-50.0000000000,750.0000000000,800.0000000000,1,-50.0000000000,nan,54.8458817798,0.0000000000
retorno_fonte,914,54.8458817798,-50.0000000000,-50.0000000000,750.0000000000,800.0000000000,1,-50.0000000000,nan,54.8485206687,0.0000000000
retorno_fonte,915,54.8485206687,-50.0000000000,-50.0000000000,750.0000000000,800.0000000000,1,-50.0000000000,nan,54.8511595576,0.0000000000
retorno_fonte,916,54.8511595576,-50.0000000000,-50.0000000000,750.0000000000,800.0000000000,1,-50.0000000000,nan,54.8537984464,0.0000000000
retorno_fonte,917,54.8537984464,-50.0000000000,-50.0000000000,750.0000000000,800.0000000000,1,-50.0000000000,nan,54.8564373353,0.0000000000
retorno_fonte,918,54.8564373353,-50.0000000000,-50.0000000000,750.0000000000,800.0000000000,1,-50.0000000000,nan,54.8590762242,0.0000000000
retorno_fonte,919,54.8590762242,-50.0000000000,-50.0000000000,750.0000000000,800.0000000000,1,-50.0000000000,nan,54.8617151131,0.0000000000
retorno_fonte,920,54.8617151131,-50.0000000000,-50.0000000000,750.0000000000,800.0000000000,1,-50.0000000000,nan,54.8643540020,0.0000000000
retorno_fonte,921,54.8643540020,-50.0000000000,-50.0000000000,750.0000000000,800.0000000000,1,-50.0000000000,nan,54.8669928909,0.0000000000
retorno_fonte,922,54.8669928909,-50.0000000000,-50.0000000000,750.0000000000,800.0000000000,1,-50.0000000000,nan,54.8696317798,0.0000000000
retorno_fonte,923,54.8696317798,-50.0000000000,-50.0000000000,750.0000000000,800.0000000000,1,-50.0000000000,nan,54.8722706687,0.0000000000
retorno_fonte,924,54.8722706687,-50.0000000000,-50.0000000000,750.0000000000,800.0000000000,1,-50.0000000000,nan,54.8749095576,0.0000000000
retorno_fonte,925,54.8749095576,-50.0000000000,-50.0000000000,750.0000000000,800.0000000000,1,-50.0000000000,nan,54.8775484464,0.0000000000
retorno_fonte,926,54.8775484464,-50.0000000000,-50.0000000000,750.0000000000,800.0000000000,1,-50.0000000000,nan,54.8801873353,0.0000000000
retorno_fonte,927,54.8801873353,-50.0000000000,-50.0000000000,750.0000000000,800.0000000000,1,-50.0000000000,nan,54.8828262242,0.0000000000
retorno_fonte,928,54.8828262242,-50.0000000000,-50.0000000000,750.0000000000,800.0000000000,1,-50.0000000000,nan,54.8854651131,0.0000000000
retorno_fonte,929,54.8854651131,-50.0000000000,-50.0000000000,750.0000000000,800.0000000000,1,-50.0000000000,nan,54.8881040020,0.0000000000
retorno_fonte,930,54.8881040020,-50.0000000000,-50.0000000000,750.0000000000,800.0000000000,1,-50.0000000000,nan,54.8907428909,0.0000000000
retorno_fonte,931,54.8907428909,-50.0000000000,-50.0000000000,750.0000000000,800.0000000000,1,-50.0000000000,nan,54.8933817798,0.0000000000
retorno_fonte,932,54.8933817798,-50.0000000000,-50.0000000000,750.0000000000,800.0000000000,1,-50.0000000000,nan,54.8960206687,0.0000000000
retorno_fonte,933,54.8960206687,-50.0000000000,-50.0000000000,750.0000000000,800.0000000000,1,-50.0000000000,nan,54.8986595576,0.0000000000
retorno_fonte,934,54.8986595576,-50.0000000000,-50.0000000000,750.0000000000,800.0000000000,1,-50.0000000000,nan,54.9012984464,0.0000000000
retorno_fonte,935,54.9012984464,-50.0000000000,-50.0000000000,750.0000000000,800.0000000000,1,-50.0000000000,nan,54.9039373353,0.0000000000
retorno_fonte,936,54.9039373353,-50.0000000000,-50.0000000000,750.0000000000,800.0000000000,1,-50.0000000000,nan,54.9065762242,0.0000000000
retorno_fonte,937,54.9065762242,-50.0000000000,-50.0000000000,750.0000000000,800.0000000000,1,-50.0000000000,nan,54.9092151131,0.0000000000
retorno_fonte,938,54.9092151131,-50.0000000000,-50.0000000000,750.0000000000,800.0000000000,1,-50.0000000000,nan,54.9118540020,0.0000000000
retorno_fonte,939,54.9118540020,-50.0000000000,-50.0000000000,750.0000000000,800.0000000000,1,-50.0000000000,nan,54.9144928909,0.0000000000
retorno_fonte,940,54.9144928909,-50.0000000000,-50.0000000000,750.0000000000,800.0000000000,1,-50.0000000000,nan,54.9171317798,0.0000000000
retorno_fonte,941,54.9171317798,-50.0000000000,-50.0000000000,750.0000000000,800.0000000000,1,-50.0000000000,nan,54.9197706687,0.0000000000
retorno_fonte,942,54.9197706687,-50.0000000000,-50.0000000000,750.0000000000,800.0000000000,1,-50.0000000000,nan,54.9224095576,0.0000000000
retorno_fonte,943,54.9224095576,-50.0000000000,-50.0000000000,750.0000000000,800.0000000000,1,-50.0000000000,nan,54.9250484464,0.0000000000
retorno_fonte,944,54.9250484464,-50.0000000000,-50.0000000000,750.0000000000,800.0000000000,1,-50.0000000000,nan,54.9276873353,0.0000000000
retorno_fonte,945,54.9276873353,-50.0000000000,-50.0000000000,750.0000000000,800.0000000000,1,-50.0000000000,nan,54.9303262242,0.0000000000
retorno_fonte,946,54.9303262242,-50.0000000000,-50.0000000000,750.0000000000,800.0000000000,1,-50.0000000000,nan,54.9329651131,0.0000000000
retorno_fonte,947,54.9329651131,-50.0000000000,-50.0000000000,750.0000000000,800.0000000000,1,-50.0000000000,nan,54.9356040020,0.0000000000
retorno_fonte,948,54.9356040020,-50.0000000000,-50.0000000000,750.0000000000,800.0000000000,1,-50.0000000000,nan,54.9382428909,0.0000000000
retorno_fonte,949,54.9382428909,-50.0000000000,-50.0000000000,750.0000000000,800.0000000000,1,-50.0000000000,nan,54.9408817798,0.0000000000
retorno_fonte,950,54.9408817798,-50.0000000000,-50.0000000000,750.0000000000,800.0000000000,1,-50.0000000000,nan,54.9435206687,0.0000000000
retorno_fonte,951,54.9435206687,-50.0000000000,-50.0000000000,750.0000000000,800.0000000000,1,-50.0000000000,nan,54.9461595576,0.0000000000
retorno_fonte,952,54.9461595576,-50.0000000000,-50.0000000000,750.0000000000,800.0000000000,1,-50.0000000000,nan,54.9487984464,0.0000000000
retorno_fonte,953,54.9487984464,-50.0000000000,-50.0000000000,750.0000000000,800.0000000000,1,-50.0000000000,nan,54.9514373353,0.0000000000
retorno_fonte,954,54.9514373353,-50.0000000000,-50.0000000000,750.0000000000,800.0000000000,1,-50.0000000000,nan,54.9540762242,0.0000000000
retorno_fonte,955,54.9540762242,-50.0000000000,-50.0000000000,750.0000000000,800.0000000000,1,-50.0000000000,nan,54.9567151131,0.0000000000
retorno_fonte,956,54.9567151131,-50.0000000000,-50.0000000000,750.0000000000,800.0000000000,1,-50.0000000000,nan,54.9593540020,0.0000000000
retorno_fonte,957,54.9593540020,-50.0000000000,-50.0000000000,750.0000000000,800.0000000000,1,-50.0000000000,nan,54.9619928909,0.0000000000
retorno_fonte,958,54.9619928909,-50.0000000000,-50.0000000000,750.0000000000,800.0000000000,1,-50.0000000000,nan,54.9646317798,0.0000000000
retorno_fonte,959,54.9646317798,-50.0000000000,-50.0000000000,750.0000000000,800.0000000000,1,-50.0000000000,nan,54.9672706687,0.0000000000
retorno_fonte,960,54.9672706687,-50.0000000000,-50.0000000000,750.0000000000,800.0000000000,1,-50.0000000000,nan,54.9699095576,0.0000000000
retorno_fonte,961,54.9699095576,-50.0000000000,-50.0000000000,750.0000000000,800.0000000000,1,-50.0000000000,nan,54.9725484464,0.0000000000
retorno_fonte,962,54.9725484464,-50.0000000000,-50.0000000000,750.0000000000,800.0000000000,1,-50.0000000000,nan,54.9751873353,0.0000000000
retorno_fonte,963,54.9751873353,-50.0000000000,-50.0000000000,750.0000000000,800.0000000000,1,-50.0000000000,nan,54.9778262242,0.0000000000
retorno_fonte,964,54.9778262242,-50.0000000000,-50.0000000000,750.0000000000,800.0000000000,1,-50.0000000000,nan,54.9804651131,0.0000000000
retorno_fonte,965,54.9804651131,-50.0000000000,-50.0000000000,750.0000000000,800.0000000000,1,-50.0000000000,nan,54.9831040020,0.0000000000
retorno_fonte,966,54.9831040020,-50.0000000000,-50.0000000000,750.0000000000,800.0000000000,1,-50.0000000000,nan,54.9857428909,0.0000000000
retorno_fonte,967,54.9857428909,-50.0000000000,-50.0000000000,750.0000000000,800.0000000000,1,-50.0000000000,nan,54.9883817798,0.0000000000
retorno_fonte,968,54.9883817798,-50.0000000000,-50.0000000000,750.0000000000,800.0000000000,1,-50.0000000000,nan,54.9910206687,0.0000000000
retorno_fonte,969,54.9910206687,-50.0000000000,-50.0000000000,750.0000000000,800.0000000000,1,-50.0000000000,nan,54.9936595576,0.0000000000
retorno_fonte,970,54.9936595576,-50.0000000000,-50.0000000000,750.0000000000,800.0000000000,1,-50.0000000000,nan,54.9962984464,0.0000000000
retorno_fonte,971,54.9962984464,-50.0000000000,-50.0000000000,750.0000000000,800.0000000000,1,-50.0000000000,nan,54.9989373353,0.0000000000
retorno_fonte,972,54.9989373353,-50.0000000000,-50.0000000000,750.0000000000,800.0000000000,1,-50.0000000000,nan,55.0015762242,0.0000000000
retorno_fonte,973,55.0015762242,-50.0000000000,-50.0000000000,750.0000000000,800.0000000000,1,-50.0000000000,nan,55.0042151131,0.0000000000
retorno_fonte,974,55.0042151131,-50.0000000000,-50.0000000000,750.0000000000,800.0000000000,1,-50.0000000000,nan,55.0068540020,0.0000000000
retorno_fonte,975,55.0068540020,-50.0000000000,-50.0000000000,750.0000000000,800.0000000000,1,-50.0000000000,nan,55.0094928909,0.0000000000
retorno_fonte,976,55.0094928909,-50.0000000000,-50.0000000000,750.0000000000,800.0000000000,1,-50.0000000000,nan,55.0121317798,0.0000000000
retorno_fonte,977,55.0121317798,-50.0000000000,-50.0000000000,750.0000000000,800.0000000000,1,-50.0000000000,nan,55.0147706687,0.0000000000
retorno_fonte,978,55.0147706687,-50.0000000000,-50.0000000000,750.0000000000,800.0000000000,1,-50.0000000000,nan,55.0174095576,0.0000000000
retorno_fonte,979,55.0174095576,-50.0000000000,-50.0000000000,750.0000000000,800.0000000000,1,-50.0000000000,nan,55.0200484464,0.0000000000
retorno_fonte,980,55.0200484464,-50.0000000000,-50.0000000000,750.0000000000,800.0000000000,1,-50.0000000000,nan,55.0226873353,0.0000000000
retorno_fonte,981,55.0226873353,-50.0000000000,-50.0000000000,750.0000000000,800.0000000000,1,-50.0000000000,nan,55.0253262242,0.0000000000
retorno_fonte,982,55.0253262242,-50.0000000000,-50.0000000000,750.0000000000,800.0000000000,1,-50.0000000000,nan,55.0279651131,0.0000000000
retorno_fonte,983,55.0279651131,-50.0000000000,-50.0000000000,750.0000000000,800.0000000000,1,-50.0000000000,nan,55.0306040020,0.0000000000
retorno_fonte,984,55.0306040020,-50.0000000000,-50.0000000000,750.0000000000,800.0000000000,1,-50.0000000000,nan,55.0332428909,0.0000000000
retorno_fonte,985,55.0332428909,-50.0000000000,-50.0000000000,750.0000000000,800.0000000000,1,-50.0000000000,nan,55.0358817798,0.0000000000
retorno_fonte,986,55.0358817798,-50.0000000000,-50.0000000000,750.0000000000,800.0000000000,1,-50.0000000000,nan,55.0385206687,0.0000000000
retorno_fonte,987,55.0385206687,-50.0000000000,-50.0000000000,750.0000000000,800.0000000000,1,-50.0000000000,nan,55.0411595576,0.0000000000
retorno_fonte,988,55.0411595576,-50.0000000000,-50.0000000000,750.0000000000,800.0000000000,1,-50.0000000000,nan,55.0437984464,0.0000000000
retorno_fonte,989,55.0437984464,-50.0000000000,-50.0000000000,750.0000000000,800.0000000000,1,-50.0000000000,nan,55.0464373353,0.0000000000
retorno_fonte,990,55.0464373353,-50.0000000000,-50.0000000000,750.0000000000,800.0000000000,1,-50.0000000000,nan,55.0490762242,0.0000000000
retorno_fonte,991,55.0490762242,-50.0000000000,-50.0000000000,750.0000000000,800.0000000000,1,-50.0000000000,nan,55.0517151131,0.0000000000
retorno_fonte,992,55.0517151131,-50.0000000000,-50.0000000000,750.0000000000,800.0000000000,1,-50.0000000000,nan,55.0543540020,0.0000000000
retorno_fonte,993,55.0543540020,-50.0000000000,-50.0000000000,750.0000000000,800.0000000000,1,-50.0000000000,nan,55.0569928909,0.0000000000
retorno_fonte,994,55.0569928909,-50.0000000000,-50.0000000000,750.0000000000,800.0000000000,1,-50.0000000000,nan,55.0596317798,0.0000000000
retorno_fonte,995,55.0596317798,-50.0000000000,-50.0000000000,750.0000000000,800.0000000000,1,-50.0000000000,nan,55.0622706687,0.0000000000
retorno_fonte,996,55.0622706687,-50.0000000000,-50.0000000000,750.0000000000,800.0000000000,1,-50.0000000000,nan,55.0649095576,0.0000000000
retorno_fonte,997,55.0649095576,-50.0000000000,-50.0000000000,750.0000000000,800.0000000000,1,-50.0000000000,nan,55.0675484464,0.0000000000
retorno_fonte,998,55.0675484464,-50.0000000000,-50.0000000000,750.0000000000,800.0000000000,1,-50.0000000000,nan,55.0701873353,0.0000000000
retorno_fonte,999,55.0701873353,-50.0000000000,-50.0000000000,750.0000000000,800.0000000000,1,-50.0000000000,nan,55.0728262242,0.0000000000
retorno_fonte,1000,55.0728262242,-50.0000000000,-50.0000000000,750.0000000000,800.0000000000,1,-50.0000000000,nan,55.0754651131,0.0000000000
retorno_fonte,1001,55.0754651131,-50.0000000000,-50.0000000000,750.0000000000,800.0000000000,1,-50.0000000000,nan,55.0781040020,0.0000000000
retorno_fonte,1002,55.0781040020,-50.0000000000,-50.0000000000,750.0000000000,800.0000000000,1,-50.0000000000,nan,55.0807428909,0.0000000000
retorno_fonte,1003,55.0807428909,-50.0000000000,-50.0000000000,750.0000000000,800.0000000000,1,-50.0000000000,nan,55.0833817798,0.0000000000
retorno_fonte,1004,55.0833817798,-50.0000000000,-50.0000000000,750.0000000000,800.0000000000,1,-50.0000000000,nan,55.0860206687,0.0000000000
retorno_fonte,1005,55.0860206687,-50.0000000000,-50.0000000000,750.0000000000,800.0000000000,1,-50.0000000000,nan,55.0886595576,0.0000000000
retorno_fonte,1006,55.0886595576,-50.0000000000,-50.0000000000,750.0000000000,800.0000000000,1,-50.0000000000,nan,55.0912984464,0.0000000000
retorno_fonte,1007,55.0912984464,-50.0000000000,-50.0000000000,750.0000000000,800.0000000000,1,-50.0000000000,nan,55.0939373353,0.0000000000
retorno_fonte,1008,55.0939373353,-50.0000000000,-50.0000000000,750.0000000000,800.0000000000,1,-50.0000000000,nan,55.0965762242,0.0000000000
retorno_fonte,1009,55.0965762242,-50.0000000000,-50.0000000000,750.0000000000,800.0000000000,1,-50.0000000000,nan,55.0992151131,0.0000000000
retorno_fonte,1010,55.0992151131,-50.0000000000,-50.0000000000,750.0000000000,800.0000000000,1,-50.0000000000,nan,55.1018540020,0.0000000000
retorno_fonte,1011,55.1018540020,-50.0000000000,-50.0000000000,750.0000000000,800.0000000000,1,-50.0000000000,nan,55.1044928909,0.0000000000
retorno_fonte,1012,55.1044928909,-50.0000000000,-50.0000000000,750.0000000000,800.0000000000,1,-50.0000000000,nan,55.1071317798,0.0000000000
retorno_fonte,1013,55.1071317798,-50.0000000000,-50.0000000000,750.0000000000,800.0000000000,1,-50.0000000000,nan,55.1097706687,0.0000000000
retorno_fonte,1014,55.1097706687,-50.0000000000,-50.0000000000,750.0000000000,800.0000000000,1,-50.0000000000,nan,55.1124095576,0.0000000000
retorno_fonte,1015,55.1124095576,-50.0000000000,-50.0000000000,750.0000000000,800.0000000000,1,-50.0000000000,nan,55.1150484464,0.0000000000
retorno_fonte,1016,55.1150484464,-50.0000000000,-50.0000000000,750.0000000000,800.0000000000,1,-50.0000000000,nan,55.1176873353,0.0000000000
retorno_fonte,1017,55.1176873353,-50.0000000000,-50.0000000000,750.0000000000,800.0000000000,1,-50.0000000000,nan,55.1203262242,0.0000000000
retorno_fonte,1018,55.1203262242,-50.0000000000,-50.0000000000,750.0000000000,800.0000000000,1,-50.0000000000,nan,55.1229651131,0.0000000000
retorno_fonte,1019,55.1229651131,-50.0000000000,-50.0000000000,750.0000000000,800.0000000000,1,-50.0000000000,nan,55.1256040020,0.0000000000
retorno_fonte,1020,55.1256040020,-50.0000000000,-50.0000000000,750.0000000000,800.0000000000,1,-50.0000000000,nan,55.1282428909,0.0000000000
retorno_fonte,1021,55.1282428909,-50.0000000000,-50.0000000000,750.0000000000,800.0000000000,1,-50.0000000000,nan,55.1308817798,0.0000000000
retorno_fonte,1022,55.1308817798,-50.0000000000,-50.0000000000,750.0000000000,800.0000000000,1,-50.0000000000,nan,55.1335206687,0.0000000000
retorno_fonte,1023,55.1335206687,-50.0000000000,-50.0000000000,750.0000000000,800.0000000000,1,-50.0000000000,nan,55.1361595576,0.0000000000
retorno_fonte,1024,55.1361595576,-50.0000000000,-50.0000000000,750.0000000000,800.0000000000,1,-50.0000000000,nan,55.1387984464,0.0000000000
retorno_fonte,1025,55.1387984464,-50.0000000000,-50.0000000000,750.0000000000,800.0000000000,1,-50.0000000000,nan,55.1414373353,0.0000000000
retorno_fonte,1026,55.1414373353,-50.0000000000,-50.0000000000,750.0000000000,800.0000000000,1,-50.0000000000,nan,55.1440762242,0.0000000000
retorno_fonte,1027,55.1440762242,-50.0000000000,-50.0000000000,750.0000000000,800.0000000000,1,-50.0000000000,nan,55.1467151131,0.0000000000
retorno_fonte,1028,55.1467151131,-50.0000000000,-50.0000000000,750.0000000000,800.0000000000,1,-50.0000000000,nan,55.1493540020,0.0000000000
retorno_fonte,1029,55.1493540020,-50.0000000000,-50.0000000000,750.0000000000,800.0000000000,1,-50.0000000000,nan,55.1519928909,0.0000000000
retorno_fonte,1030,55.1519928909,-50.0000000000,-50.0000000000,750.0000000000,800.0000000000,1,-50.0000000000,nan,55.1546317798,0.0000000000
retorno_fonte,1031,55.1546317798,-50.0000000000,-50.0000000000,750.0000000000,800.0000000000,1,-50.0000000000,nan,55.1572706687,0.0000000000
retorno_fonte,1032,55.1572706687,-50.0000000000,-50.0000000000,750.0000000000,800.0000000000,1,-50.0000000000,nan,55.1599095576,0.0000000000
retorno_fonte,1033,55.1599095576,-50.0000000000,-50.0000000000,750.0000000000,800.0000000000,1,-50.0000000000,nan,55.1625484464,0.0000000000
retorno_fonte,1034,55.1625484464,-50.0000000000,-50.0000000000,750.0000000000,800.0000000000,1,-50.0000000000,nan,55.1651873353,0.0000000000
retorno_fonte,1035,55.1651873353,-50.0000000000,-50.0000000000,750.0000000000,800.0000000000,1,-50.0000000000,nan,55.1678262242,0.0000000000
retorno_fonte,1036,55.1678262242,-50.0000000000,-50.0000000000,750.0000000000,800.0000000000,1,-50.0000000000,nan,55.1704651131,0.0000000000
retorno_fonte,1037,55.1704651131,-50.0000000000,-50.0000000000,750.0000000000,800.0000000000,1,-50.0000000000,nan,55.1731040020,0.0000000000
retorno_fonte,1038,55.1731040020,-50.0000000000,-50.0000000000,750.0000000000,800.0000000000,1,-50.0000000000,nan,55.1757428909,0.0000000000
retorno_fonte,1039,55.1757428909,-50.0000000000,-50.0000000000,750.0000000000,800.0000000000,1,-50.0000000000,nan,55.1783817798,0.0000000000
retorno_fonte,1040,55.1783817798,-50.0000000000,-50.0000000000,750.0000000000,800.0000000000,1,-50.0000000000,nan,55.1810206687,0.0000000000
retorno_fonte,1041,55.1810206687,-50.0000000000,-50.0000000000,750.0000000000,800.0000000000,1,-50.0000000000,nan,55.1836595576,0.0000000000
retorno_fonte,1042,55.1836595576,-50.0000000000,-50.0000000000,750.0000000000,800.0000000000,1,-50.0000000000,nan,55.1862984464,0.0000000000
retorno_fonte,1043,55.1862984464,-50.0000000000,-50.0000000000,750.0000000000,800.0000000000,1,-50.0000000000,nan,55.1889373353,0.0000000000
retorno_fonte,1044,55.1889373353,-50.0000000000,-50.0000000000,750.0000000000,800.0000000000,1,-50.0000000000,nan,55.1915762242,0.0000000000
retorno_fonte,1045,55.1915762242,-50.0000000000,-50.0000000000,750.0000000000,800.0000000000,1,-50.0000000000,nan,55.1942151131,0.0000000000
retorno_fonte,1046,55.1942151131,-50.0000000000,-50.0000000000,750.0000000000,800.0000000000,1,-50.0000000000,nan,55.1968540020,0.0000000000
retorno_fonte,1047,55.1968540020,-50.0000000000,-50.0000000000,750.0000000000,800.0000000000,1,-50.0000000000,nan,55.1994928909,0.0000000000
retorno_fonte,1048,55.1994928909,-50.0000000000,-50.0000000000,750.0000000000,800.0000000000,1,-50.0000000000,nan,55.2021317798,0.0000000000
retorno_fonte,1049,55.2021317798,-50.0000000000,-50.0000000000,750.0000000000,800.0000000000,1,-50.0000000000,nan,55.2047706687,0.0000000000
retorno_fonte,1050,55.2047706687,-50.0000000000,-50.0000000000,750.0000000000,800.0000000000,1,-50.0000000000,nan,55.2074095576,0.0000000000
retorno_fonte,1051,55.2074095576,-50.0000000000,-50.0000000000,750.0000000000,800.0000000000,1,-50.0000000000,nan,55.2100484464,0.0000000000
retorno_fonte,1052,55.2100484464,-50.0000000000,-50.0000000000,750.0000000000,800.0000000000,1,-50.0000000000,nan,55.2126873353,0.0000000000
retorno_fonte,1053,55.2126873353,-50.0000000000,-50.0000000000,750.0000000000,800.0000000000,1,-50.0000000000,nan,55.2153262242,0.0000000000
retorno_fonte,1054,55.2153262242,-50.0000000000,-50.0000000000,750.0000000000,800.0000000000,1,-50.0000000000,nan,55.2179651131,0.0000000000
retorno_fonte,1055,55.2179651131,-50.0000000000,-50.0000000000,750.0000000000,800.0000000000,1,-50.0000000000,nan,55.2206040020,0.0000000000
retorno_fonte,1056,55.2206040020,-50.0000000000,-50.0000000000,750.0000000000,800.0000000000,1,-50.0000000000,nan,55.2232428909,0.0000000000
retorno_fonte,1057,55.2232428909,-50.0000000000,-50.0000000000,750.0000000000,800.0000000000,1,-50.0000000000,nan,55.2258817798,0.0000000000
retorno_fonte,1058,55.2258817798,-50.0000000000,-50.0000000000,750.0000000000,800.0000000000,1,-50.0000000000,nan,55.2285206687,0.0000000000
retorno_fonte,1059,55.2285206687,-50.0000000000,-50.0000000000,750.0000000000,800.0000000000,1,-50.0000000000,nan,55.2311595576,0.0000000000
retorno_fonte,1060,55.2311595576,-50.0000000000,-50.0000000000,750.0000000000,800.0000000000,1,-50.0000000000,nan,55.2337984464,0.0000000000
retorno_fonte,1061,55.2337984464,-50.0000000000,-50.0000000000,750.0000000000,800.0000000000,1,-50.0000000000,nan,55.2364373353,0.0000000000
retorno_fonte,1062,55.2364373353,-50.0000000000,-50.0000000000,750.0000000000,800.0000000000,1,-50.0000000000,nan,55.2390762242,0.0000000000
retorno_fonte,1063,55.2390762242,-50.0000000000,-50.0000000000,750.0000000000,800.0000000000,1,-50.0000000000,nan,55.2417151131,0.0000000000
retorno_fonte,1064,55.2417151131,-50.0000000000,-50.0000000000,750.0000000000,800.0000000000,1,-50.0000000000,nan,55.2443540020,0.0000000000
retorno_fonte,1065,55.2443540020,-50.0000000000,-50.0000000000,750.0000000000,800.0000000000,1,-50.0000000000,nan,55.2469928909,0.0000000000
retorno_fonte,1066,55.2469928909,-50.0000000000,-50.0000000000,750.0000000000,800.0000000000,1,-50.0000000000,nan,55.2496317798,0.0000000000
retorno_fonte,1067,55.2496317798,-50.0000000000,-50.0000000000,750.0000000000,800.0000000000,1,-50.0000000000,nan,55.2522706687,0.0000000000
retorno_fonte,1068,55.2522706687,-50.0000000000,-50.0000000000,750.0000000000,800.0000000000,1,-50.0000000000,nan,55.2549095576,0.0000000000
retorno_fonte,1069,55.2549095576,-50.0000000000,-50.0000000000,750.0000000000,800.0000000000,1,-50.0000000000,nan,55.2575484464,0.0000000000
retorno_fonte,1070,55.2575484464,-50.0000000000,-50.0000000000,750.0000000000,800.0000000000,1,-50.0000000000,nan,55.2601873353,0.0000000000
retorno_fonte,1071,55.2601873353,-50.0000000000,-50.0000000000,750.0000000000,800.0000000000,1,-50.0000000000,nan,55.2628262242,0.0000000000
retorno_fonte,1072,55.2628262242,-50.0000000000,-50.0000000000,750.0000000000,800.0000000000,1,-50.0000000000,nan,55.2654651131,0.0000000000
retorno_fonte,1073,55.2654651131,-50.0000000000,-50.0000000000,750.0000000000,800.0000000000,1,-50.0000000000,nan,55.2681040020,0.0000000000
retorno_fonte,1074,55.2681040020,-50.0000000000,-50.0000000000,750.0000000000,800.0000000000,1,-50.0000000000,nan,55.2707428909,0.0000000000
retorno_fonte,1075,55.2707428909,-50.0000000000,-50.0000000000,750.0000000000,800.0000000000,1,-50.0000000000,nan,55.2733817798,0.0000000000
retorno_fonte,1076,55.2733817798,-50.0000000000,-50.0000000000,750.0000000000,800.0000000000,1,-50.0000000000,nan,55.2760206687,0.0000000000
retorno_fonte,1077,55.2760206687,-50.0000000000,-50.0000000000,750.0000000000,800.0000000000,1,-50.0000000000,nan,55.2786595576,0.0000000000
retorno_fonte,1078,55.2786595576,-50.0000000000,-50.0000000000,750.0000000000,800.0000000000,1,-50.0000000000,nan,55.2812984464,0.0000000000
retorno_fonte,1079,55.2812984464,-50.0000000000,-50.0000000000,750.0000000000,800.0000000000,1,-50.0000000000,nan,55.2839373353,0.0000000000
retorno_fonte,1080,55.2839373353,-50.0000000000,-50.0000000000,750.0000000000,800.0000000000,1,-50.0000000000,nan,55.2865762242,0.0000000000
retorno_fonte,1081,55.2865762242,-50.0000000000,-50.0000000000,750.0000000000,800.0000000000,1,-50.0000000000,nan,55.2892151131,0.0000000000
retorno_fonte,1082,55.2892151131,-50.0000000000,-50.0000000000,750.0000000000,800.0000000000,1,-50.0000000000,nan,55.2918540020,0.0000000000
retorno_fonte,1083,55.2918540020,-50.0000000000,-50.0000000000,750.0000000000,800.0000000000,1,-50.0000000000,nan,55.2944928909,0.0000000000
retorno_fonte,1084,55.2944928909,-50.0000000000,-50.0000000000,750.0000000000,800.0000000000,1,-50.0000000000,nan,55.2971317798,0.0000000000
retorno_fonte,1085,55.2971317798,-50.0000000000,-50.0000000000,750.0000000000,800.0000000000,1,-50.0000000000,nan,55.2997706687,0.0000000000
retorno_fonte,1086,55.2997706687,-50.0000000000,-50.0000000000,750.0000000000,800.0000000000,1,-50.0000000000,nan,55.3024095576,0.0000000000
retorno_fonte,1087,55.3024095576,-50.0000000000,-50.0000000000,750.0000000000,800.0000000000,1,-50.0000000000,nan,55.3050484464,0.0000000000
retorno_fonte,1088,55.3050484464,-50.0000000000,-50.0000000000,750.0000000000,800.0000000000,1,-50.0000000000,nan,55.3076873353,0.0000000000
retorno_fonte,1089,55.3076873353,-50.0000000000,-50.0000000000,750.0000000000,800.0000000000,1,-50.0000000000,nan,55.3103262242,0.0000000000
retorno_fonte,1090,55.3103262242,-50.0000000000,-50.0000000000,750.0000000000,800.0000000000,1,-50.0000000000,nan,55.3129651131,0.0000000000
retorno_fonte,1091,55.3129651131,-50.0000000000,-50.0000000000,750.0000000000,800.0000000000,1,-50.0000000000,nan,55.3156040020,0.0000000000
retorno_fonte,1092,55.3156040020,-50.0000000000,-50.0000000000,750.0000000000,800.0000000000,1,-50.0000000000,nan,55.3182428909,0.0000000000
retorno_fonte,1093,55.3182428909,-50.0000000000,-50.0000000000,750.0000000000,800.0000000000,1,-50.0000000000,nan,55.3208817798,0.0000000000
retorno_fonte,1094,55.3208817798,-50.0000000000,-50.0000000000,750.0000000000,800.0000000000,1,-50.0000000000,nan,55.3235206687,0.0000000000
retorno_fonte,1095,55.3235206687,-50.0000000000,-50.0000000000,750.0000000000,800.0000000000,1,-50.0000000000,nan,55.3261595576,0.0000000000
retorno_fonte,1096,55.3261595576,-50.0000000000,-50.0000000000,750.0000000000,800.0000000000,1,-50.0000000000,nan,55.3287984464,0.0000000000
retorno_fonte,1097,55.3287984464,-50.0000000000,-50.0000000000,750.0000000000,800.0000000000,1,-50.0000000000,nan,55.3314373353,0.0000000000
retorno_fonte,1098,55.3314373353,-50.0000000000,-50.0000000000,750.0000000000,800.0000000000,1,-50.0000000000,nan,55.3340762242,0.0000000000
retorno_fonte,1099,55.3340762242,-50.0000000000,-50.0000000000,750.0000000000,800.0000000000,1,-50.0000000000,nan,55.3367151131,0.0000000000
retorno_fonte,1100,55.3367151131,-50.0000000000,-50.0000000000,750.0000000000,800.0000000000,1,-50.0000000000,nan,55.3393540020,0.0000000000
retorno_fonte,1101,55.3393540020,-50.0000000000,-50.0000000000,750.0000000000,800.0000000000,1,-50.0000000000,nan,55.3419928909,0.0000000000
retorno_fonte,1102,55.3419928909,-50.0000000000,-50.0000000000,750.0000000000,800.0000000000,1,-50.0000000000,nan,55.3446317798,0.0000000000
retorno_fonte,1103,55.3446317798,-50.0000000000,-50.0000000000,750.0000000000,800.0000000000,1,-50.0000000000,nan,55.3472706687,0.0000000000
retorno_fonte,1104,55.3472706687,-50.0000000000,-50.0000000000,750.0000000000,800.0000000000,1,-50.0000000000,nan,55.3499095576,0.0000000000
retorno_fonte,1105,55.3499095576,-50.0000000000,-50.0000000000,750.0000000000,800.0000000000,1,-50.0000000000,nan,55.3525484464,0.0000000000
retorno_fonte,1106,55.3525484464,-50.0000000000,-50.0000000000,750.0000000000,800.0000000000,1,-50.0000000000,nan,55.3551873353,0.0000000000
retorno_fonte,1107,55.3551873353,-50.0000000000,-50.0000000000,750.0000000000,800.0000000000,1,-50.0000000000,nan,55.3578262242,0.0000000000
retorno_fonte,1108,55.3578262242,-50.0000000000,-50.0000000000,750.0000000000,800.0000000000,1,-50.0000000000,nan,55.3604651131,0.0000000000
retorno_fonte,1109,55.3604651131,-50.0000000000,-50.0000000000,750.0000000000,800.0000000000,1,-50.0000000000,nan,55.3631040020,0.0000000000
retorno_fonte,1110,55.3631040020,-50.0000000000,-50.0000000000,750.0000000000,800.0000000000,1,-50.0000000000,nan,55.3657428909,0.0000000000
retorno_fonte,1111,55.3657428909,-50.0000000000,-50.0000000000,750.0000000000,800.0000000000,1,-50.0000000000,nan,55.3683817798,0.0000000000
retorno_fonte,1112,55.3683817798,-50.0000000000,-50.0000000000,750.0000000000,800.0000000000,1,-50.0000000000,nan,55.3710206687,0.0000000000
retorno_fonte,1113,55.3710206687,-50.0000000000,-50.0000000000,750.0000000000,800.0000000000,1,-50.0000000000,nan,55.3736595576,0.0000000000
retorno_fonte,1114,55.3736595576,-50.0000000000,-50.0000000000,750.0000000000,800.0000000000,1,-50.0000000000,nan,55.3762984464,0.0000000000
retorno_fonte,1115,55.3762984464,-50.0000000000,-50.0000000000,750.0000000000,800.0000000000,1,-50.0000000000,nan,55.3789373353,0.0000000000
retorno_fonte,1116,55.3789373353,-50.0000000000,-50.0000000000,750.0000000000,800.0000000000,1,-50.0000000000,nan,55.3815762242,0.0000000000
retorno_fonte,1117,55.3815762242,-50.0000000000,-50.0000000000,750.0000000000,800.0000000000,1,-50.0000000000,nan,55.3842151131,0.0000000000
retorno_fonte,1118,55.3842151131,-50.0000000000,-50.0000000000,750.0000000000,800.0000000000,1,-50.0000000000,nan,55.3868540020,0.0000000000
retorno_fonte,1119,55.3868540020,-50.0000000000,-50.0000000000,750.0000000000,800.0000000000,1,-50.0000000000,nan,55.3894928909,0.0000000000
retorno_fonte,1120,55.3894928909,-50.0000000000,-50.0000000000,750.0000000000,800.0000000000,1,-50.0000000000,nan,55.3921317798,0.0000000000
retorno_fonte,1121,55.3921317798,-50.0000000000,-50.0000000000,750.0000000000,800.0000000000,1,-50.0000000000,nan,55.3947706687,0.0000000000
retorno_fonte,1122,55.3947706687,-50.0000000000,-50.0000000000,750.0000000000,800.0000000000,1,-50.0000000000,nan,55.3974095576,0.0000000000
retorno_fonte,1123,55.3974095576,-50.0000000000,-50.0000000000,750.0000000000,800.0000000000,1,-50.0000000000,nan,55.4000484464,0.0000000000
retorno_fonte,1124,55.4000484464,-50.0000000000,-50.0000000000,750.0000000000,800.0000000000,1,-50.0000000000,nan,55.4026873353,0.0000000000
retorno_fonte,1125,55.4026873353,-50.0000000000,-50.0000000000,750.0000000000,800.0000000000,1,-50.0000000000,nan,55.4053262242,0.0000000000
retorno_fonte,1126,55.4053262242,-50.0000000000,-50.0000000000,750.0000000000,800.0000000000,1,-50.0000000000,nan,55.4079651131,0.0000000000
retorno_fonte,1127,55.4079651131,-50.0000000000,-50.0000000000,750.0000000000,800.0000000000,1,-50.0000000000,nan,55.4106040020,0.0000000000
retorno_fonte,1128,55.4106040020,-50.0000000000,-50.0000000000,750.0000000000,800.0000000000,1,-50.0000000000,nan,55.4132428909,0.0000000000
retorno_fonte,1129,55.4132428909,-50.0000000000,-50.0000000000,750.0000000000,800.0000000000,1,-50.0000000000,nan,55.4158817798,0.0000000000
retorno_fonte,1130,55.4158817798,-50.0000000000,-50.0000000000,750.0000000000,800.0000000000,1,-50.0000000000,nan,55.4185206687,0.0000000000
retorno_fonte,1131,55.4185206687,-50.0000000000,-50.0000000000,750.0000000000,800.0000000000,1,-50.0000000000,nan,55.4211595576,0.0000000000
retorno_fonte,1132,55.4211595576,-50.0000000000,-50.0000000000,750.0000000000,800.0000000000,1,-50.0000000000,nan,55.4237984464,0.0000000000
retorno_fonte,1133,55.4237984464,-50.0000000000,-50.0000000000,750.0000000000,800.0000000000,1,-50.0000000000,nan,55.4264373353,0.0000000000
retorno_fonte,1134,55.4264373353,-50.0000000000,-50.0000000000,750.0000000000,800.0000000000,1,-50.0000000000,nan,55.4290762242,0.0000000000
retorno_fonte,1135,55.4290762242,-50.0000000000,-50.0000000000,750.0000000000,800.0000000000,1,-50.0000000000,nan,55.4317151131,0.0000000000
retorno_fonte,1136,55.4317151131,-50.0000000000,-50.0000000000,750.0000000000,800.0000000000,1,-50.0000000000,nan,55.4343540020,0.0000000000
retorno_fonte,1137,55.4343540020,-50.0000000000,-50.0000000000,750.0000000000,800.0000000000,1,-50.0000000000,nan,55.4369928909,0.0000000000
retorno_fonte,1138,55.4369928909,-50.0000000000,-50.0000000000,750.0000000000,800.0000000000,1,-50.0000000000,nan,55.4396317798,0.0000000000
retorno_fonte,1139,55.4396317798,-50.0000000000,-50.0000000000,750.0000000000,800.0000000000,1,-50.0000000000,nan,55.4422706687,0.0000000000
retorno_fonte,1140,55.4422706687,-50.0000000000,-50.0000000000,750.0000000000,800.0000000000,1,-50.0000000000,nan,55.4449095576,0.0000000000
retorno_fonte,1141,55.4449095576,-50.0000000000,-50.0000000000,750.0000000000,800.0000000000,1,-50.0000000000,nan,55.4475484464,0.0000000000
retorno_fonte,1142,55.4475484464,-50.0000000000,-50.0000000000,750.0000000000,800.0000000000,1,-50.0000000000,nan,55.4501873353,0.0000000000
retorno_fonte,1143,55.4501873353,-50.0000000000,-50.0000000000,750.0000000000,800.0000000000,1,-50.0000000000,nan,55.4528262242,0.0000000000
retorno_fonte,1144,55.4528262242,-50.0000000000,-50.0000000000,750.0000000000,800.0000000000,1,-50.0000000000,nan,55.4554651131,0.0000000000
retorno_fonte,1145,55.4554651131,-50.0000000000,-50.0000000000,750.0000000000,800.0000000000,1,-50.0000000000,nan,55.4581040020,0.0000000000
retorno_fonte,1146,55.4581040020,-50.0000000000,-50.0000000000,750.0000000000,800.0000000000,1,-50.0000000000,nan,55.4607428909,0.0000000000
retorno_fonte,1147,55.4607428909,-50.0000000000,-50.0000000000,750.0000000000,800.0000000000,1,-50.0000000000,nan,55.4633817798,0.0000000000
retorno_fonte,1148,55.4633817798,-50.0000000000,-50.0000000000,750.0000000000,800.0000000000,1,-50.0000000000,nan,55.4660206687,0.0000000000
retorno_fonte,1149,55.4660206687,-50.0000000000,-50.0000000000,750.0000000000,800.0000000000,1,-50.0000000000,nan,55.4686595576,0.0000000000
retorno_fonte,1150,55.4686595576,-50.0000000000,-50.0000000000,750.0000000000,800.0000000000,1,-50.0000000000,nan,55.4712984464,0.0000000000
retorno_fonte,1151,55.4712984464,-50.0000000000,-50.0000000000,750.0000000000,800.0000000000,1,-50.0000000000,nan,55.4739373353,0.0000000000
retorno_fonte,1152,55.4739373353,-50.0000000000,-50.0000000000,750.0000000000,800.0000000000,1,-50.0000000000,nan,55.4765762242,0.0000000000
retorno_fonte,1153,55.4765762242,-50.0000000000,-50.0000000000,750.0000000000,800.0000000000,1,-50.0000000000,nan,55.4792151131,0.0000000000
retorno_fonte,1154,55.4792151131,-50.0000000000,-50.0000000000,750.0000000000,800.0000000000,1,-50.0000000000,nan,55.4818540020,0.0000000000
retorno_fonte,1155,55.4818540020,-50.0000000000,-50.0000000000,750.0000000000,800.0000000000,1,-50.0000000000,nan,55.4844928909,0.0000000000
retorno_fonte,1156,55.4844928909,-50.0000000000,-50.0000000000,750.0000000000,800.0000000000,1,-50.0000000000,nan,55.4871317798,0.0000000000
retorno_fonte,1157,55.4871317798,-50.0000000000,-50.0000000000,750.0000000000,800.0000000000,1,-50.0000000000,nan,55.4897706687,0.0000000000
retorno_fonte,1158,55.4897706687,-50.0000000000,-50.0000000000,750.0000000000,800.0000000000,1,-50.0000000000,nan,55.4924095576,0.0000000000
retorno_fonte,1159,55.4924095576,-50.0000000000,-50.0000000000,750.0000000000,800.0000000000,1,-50.0000000000,nan,55.4950484464,0.0000000000
retorno_fonte,1160,55.4950484464,-50.0000000000,-50.0000000000,750.0000000000,800.0000000000,1,-50.0000000000,nan,55.4976873353,0.0000000000
retorno_fonte,1161,55.4976873353,-50.0000000000,-50.0000000000,750.0000000000,800.0000000000,1,-50.0000000000,nan,55.5003262242,0.0000000000
retorno_fonte,1162,55.5003262242,-50.0000000000,-50.0000000000,750.0000000000,800.0000000000,1,-50.0000000000,nan,55.5029651131,0.0000000000
retorno_fonte,1163,55.5029651131,-50.0000000000,-50.0000000000,750.0000000000,800.0000000000,1,-50.0000000000,nan,55.5056040020,0.0000000000
retorno_fonte,1164,55.5056040020,-50.0000000000,-50.0000000000,750.0000000000,800.0000000000,1,-50.0000000000,nan,55.5082428909,0.0000000000
retorno_fonte,1165,55.5082428909,-50.0000000000,-50.0000000000,750.0000000000,800.0000000000,1,-50.0000000000,nan,55.5108817798,0.0000000000
retorno_fonte,1166,55.5108817798,-50.0000000000,-50.0000000000,750.0000000000,800.0000000000,1,-50.0000000000,nan,55.5135206687,0.0000000000
retorno_fonte,1167,55.5135206687,-50.0000000000,-50.0000000000,750.0000000000,800.0000000000,1,-50.0000000000,nan,55.5161595576,0.0000000000
retorno_fonte,1168,55.5161595576,-50.0000000000,-50.0000000000,750.0000000000,800.0000000000,1,-50.0000000000,nan,55.5187984464,0.0000000000
retorno_fonte,1169,55.5187984464,-50.0000000000,-50.0000000000,750.0000000000,800.0000000000,1,-50.0000000000,nan,55.5214373353,0.0000000000
retorno_fonte,1170,55.5214373353,-50.0000000000,-50.0000000000,750.0000000000,800.0000000000,1,-50.0000000000,nan,55.5240762242,0.0000000000
retorno_fonte,1171,55.5240762242,-50.0000000000,-50.0000000000,750.0000000000,800.0000000000,1,-50.0000000000,nan,55.5267151131,0.0000000000
retorno_fonte,1172,55.5267151131,-50.0000000000,-50.0000000000,750.0000000000,800.0000000000,1,-50.0000000000,nan,55.5293540020,0.0000000000
retorno_fonte,1173,55.5293540020,-50.0000000000,-50.0000000000,750.0000000000,800.0000000000,1,-50.0000000000,nan,55.5319928909,0.0000000000
retorno_fonte,1174,55.5319928909,-50.0000000000,-50.0000000000,750.0000000000,800.0000000000,1,-50.0000000000,nan,55.5346317798,0.0000000000
retorno_fonte,1175,55.5346317798,-50.0000000000,-50.0000000000,750.0000000000,800.0000000000,1,-50.0000000000,nan,55.5372706687,0.0000000000
retorno_fonte,1176,55.5372706687,-50.0000000000,-50.0000000000,750.0000000000,800.0000000000,1,-50.0000000000,nan,55.5399095576,0.0000000000
retorno_fonte,1177,55.5399095576,-50.0000000000,-50.0000000000,750.0000000000,800.0000000000,1,-50.0000000000,nan,55.5425484464,0.0000000000
retorno_fonte,1178,55.5425484464,-50.0000000000,-50.0000000000,750.0000000000,800.0000000000,1,-50.0000000000,nan,55.5451873353,0.0000000000
retorno_fonte,1179,55.5451873353,-50.0000000000,-50.0000000000,750.0000000000,800.0000000000,1,-50.0000000000,nan,55.5478262242,0.0000000000
retorno_fonte,1180,55.5478262242,-50.0000000000,-50.0000000000,750.0000000000,800.0000000000,1,-50.0000000000,nan,55.5504651131,0.0000000000
retorno_fonte,1181,55.5504651131,-50.0000000000,-50.0000000000,750.0000000000,800.0000000000,1,-50.0000000000,nan,55.5531040020,0.0000000000
retorno_fonte,1182,55.5531040020,-50.0000000000,-50.0000000000,750.0000000000,800.0000000000,1,-50.0000000000,nan,55.5557428909,0.0000000000
retorno_fonte,1183,55.5557428909,-50.0000000000,-50.0000000000,750.0000000000,800.0000000000,1,-50.0000000000,nan,55.5583817798,0.0000000000
retorno_fonte,1184,55.5583817798,-50.0000000000,-50.0000000000,750.0000000000,800.0000000000,1,-50.0000000000,nan,55.5610206687,0.0000000000
retorno_fonte,1185,55.5610206687,-50.0000000000,-50.0000000000,750.0000000000,800.0000000000,1,-50.0000000000,nan,55.5636595576,0.0000000000
retorno_fonte,1186,55.5636595576,-50.0000000000,-50.0000000000,750.0000000000,800.0000000000,1,-50.0000000000,nan,55.5662984464,0.0000000000
retorno_fonte,1187,55.5662984464,-50.0000000000,-50.0000000000,750.0000000000,800.0000000000,1,-50.0000000000,nan,55.5689373353,0.0000000000
retorno_fonte,1188,55.5689373353,-50.0000000000,-50.0000000000,750.0000000000,800.0000000000,1,-50.0000000000,nan,55.5715762242,0.0000000000
retorno_fonte,1189,55.5715762242,-50.0000000000,-50.0000000000,750.0000000000,800.0000000000,1,-50.0000000000,nan,55.5742151131,0.0000000000
retorno_fonte,1190,55.5742151131,-50.0000000000,-50.0000000000,750.0000000000,800.0000000000,1,-50.0000000000,nan,55.5768540020,0.0000000000
retorno_fonte,1191,55.5768540020,-50.0000000000,-50.0000000000,750.0000000000,800.0000000000,1,-50.0000000000,nan,55.5794928909,0.0000000000
retorno_fonte,1192,55.5794928909,-50.0000000000,-50.0000000000,750.0000000000,800.0000000000,1,-50.0000000000,nan,55.5821317798,0.0000000000
retorno_fonte,1193,55.5821317798,-50.0000000000,-50.0000000000,750.0000000000,800.0000000000,1,-50.0000000000,nan,55.5847706687,0.0000000000
retorno_fonte,1194,55.5847706687,-50.0000000000,-50.0000000000,750.0000000000,800.0000000000,1,-50.0000000000,nan,55.5874095576,0.0000000000
retorno_fonte,1195,55.5874095576,-50.0000000000,-50.0000000000,750.0000000000,800.0000000000,1,-50.0000000000,nan,55.5900484464,0.0000000000
retorno_fonte,1196,55.5900484464,-50.0000000000,-50.0000000000,750.0000000000,800.0000000000,1,-50.0000000000,nan,55.5926873353,0.0000000000
retorno_fonte,1197,55.5926873353,-50.0000000000,-50.0000000000,750.0000000000,800.0000000000,1,-50.0000000000,nan,55.5953262242,0.0000000000
retorno_fonte,1198,55.5953262242,-50.0000000000,-50.0000000000,750.0000000000,800.0000000000,1,-50.0000000000,nan,55.5979651131,0.0000000000
retorno_fonte,1199,55.5979651131,-50.0000000000,-50.0000000000,750.0000000000,800.0000000000,1,-50.0000000000,nan,55.6006040020,0.0000000000
