id,group,scenario,ctrl,forecast_shift,params_json,P_raw_kW,P_filtered_kW,filter_kW,E_raw_kWh,E_filtered_kWh,T_gt1_s,T_gt50_s,T_gt100_s,T_gt350_s,SOC_final,SOC_min,SOC_max,throughput_kWh,u_total_variation,source_violation_kW,fallback_pct,EFC,recovery_event_starts_s,recovery_s,SOC_at_events,soc_prediction_max_error_pp,soc_sign_mismatches,soc_prediction_violation_pp,ineq_residual,eq_residual,hess_cond,constraint_gram_cond,cycle_first_s,cycle_p50_s,cycle_p95_s,cycle_p99_s,cycle_max_s,qp_first_s,qp_p50_s,qp_p95_s,qp_p99_s,qp_max_s,assembly_first_s,assembly_p50_s,assembly_p95_s,assembly_p99_s,assembly_max_s,overruns,evidence,campaign
j00199,timing,perda_fonte,heuristico,-20,{},592.6122638850534,592.6122638850534,1,14.754610453615202,14.754610453615202,150,150,150,150,57.93978528855198,56.5039066455025,60,24.16369944991276,850,0,0,0.02416369944991276,500,150,60,nan,0,nan,nan,nan,nan,nan,9.95e-05,8.2e-06,1.06e-05,1.785e-05,0.0003014,nan,nan,nan,nan,nan,nan,nan,nan,nan,nan,0,05_resultados\revisao_operacional\campanha_v1\j00199.mat,campanha_v1
j00200,timing,perda_fonte,heuristico_foresight,-20,{},350.00056596354943,350.00056596354943,1,14.583333732886949,14.583333732886949,150,150,150,150,57.073806785790296,55.64249370169842,60,28.231381675310494,850,0,0,0.028231381675310495,500,150,59.206428627365796,nan,0,nan,nan,nan,nan,nan,7.3e-05,9.1e-06,1.19e-05,3.68e-05,0.0003687,nan,nan,nan,nan,nan,nan,nan,nan,nan,nan,0,05_resultados\revisao_operacional\campanha_v1\j00200.mat,campanha_v1
j00201,timing,perda_fonte,miope_qp,-20,{},592.6116232891053,592.6116232891053,1,14.754610001373313,14.75461000137331,150,150,150,150,57.9147667951044,56.47501255161039,60,24.32134429297718,1150.0008251042025,0,0,0.02432134429297718,500,150,59.99996967342122,nan,0,nan,nan,nan,nan,nan,0.001237,0.0006063500000000001,0.0007263,0.00098065,0.0137125,0.0010639,0.0005365999999999999,0.0006364999999999999,0.0008708,0.0127584,nan,nan,nan,nan,nan,0,05_resultados\revisao_operacional\campanha_v1\j00201.mat,campanha_v1
j00202,timing,perda_fonte,mpc_qp_v5,-20,{},350.0000077437967,350.0000077437967,1,14.583333338820331,14.583333338820331,150,150,150,150,56.79947351473136,55.40572719668943,60,29.158302752787787,1768.8258923010928,0,2.3333333333333335,0.029158302752787787,500,150,59.04673424822603,0.014570789502421633,733,0,0,0.004392504020813703,333283.200808402,4015243775612013.0,0.0212391,0.02511245,0.03232285,0.0402539,0.0681037,0.0152922,0.02077105,0.0275685,0.035889950000000004,0.0625652,0.0043217,0.004042850000000001,0.0046668000000000005,0.00517985,0.0079967,0,05_resultados\revisao_operacional\campanha_v1\j00202.mat,campanha_v1
j00203,timing,perda_fonte,mpc_qp_estocastico_3cen,-20,{},350.0000000441902,350.0000000441902,1,14.583333333376174,14.583333333376173,150,150,150,150,49.18944666227664,49.18944666227664,60,51.3501283541858,2154.8367623949066,0,0.16666666666666669,0.0513501283541858,500,150,55.98561165430024,0.1243114299775101,57,0,0,0.004629179280129847,666566.4042708572,8858386386927326.0,0.0474941,0.0535076,0.07945035,0.1185374,0.1608475,0.0326498,0.0413291,0.06677274999999999,0.10595335,0.1493997,0.0120262,0.011831850000000001,0.01331775,0.0148486,0.0288956,0,05_resultados\revisao_operacional\evento_adiantado_corrigido_v1\j00203.mat,evento_adiantado_corrigido_v1
j00204,timing,perda_fonte,heuristico,-19,{},592.6122638850534,592.6122638850534,1,14.754610453615202,14.754610453615202,150,150,150,150,57.93978528855198,56.5039066455025,60,24.16369944991276,850,0,0,0.02416369944991276,500,150,60,nan,0,nan,nan,nan,nan,nan,4e-05,8e-06,1.04e-05,1.54e-05,4e-05,nan,nan,nan,nan,nan,nan,nan,nan,nan,nan,0,05_resultados\revisao_operacional\campanha_v1\j00204.mat,campanha_v1
j00205,timing,perda_fonte,heuristico_foresight,-19,{},350.0009331161424,350.0009331161424,1,14.583333992085878,14.583333992085878,150,150,150,150,57.097198598655794,55.66588551456392,60,28.12027056419938,850,0,0,0.02812027056419938,500,150,59.229820385663096,nan,0,nan,nan,nan,nan,nan,4.76e-05,8.9e-06,1.16e-05,2.2499999999999998e-05,4.76e-05,nan,nan,nan,nan,nan,nan,nan,nan,nan,nan,0,05_resultados\revisao_operacional\campanha_v1\j00205.mat,campanha_v1
j00206,timing,perda_fonte,miope_qp,-19,{},592.6116232891053,592.6116232891053,1,14.754610001373313,14.75461000137331,150,150,150,150,57.9147667951044,56.47501255161039,60,24.32134429297718,1150.0008251042025,0,0,0.02432134429297718,500,150,59.99996967342122,nan,0,nan,nan,nan,nan,nan,0.0012811,0.0005858,0.00067325,0.0008665000000000001,0.0012811,0.0011332,0.0005211,0.0005933,0.0007714,0.0011332,nan,nan,nan,nan,nan,0,05_resultados\revisao_operacional\campanha_v1\j00206.mat,campanha_v1
j00207,timing,perda_fonte,mpc_qp_v5,-19,{},350.0000051652537,350.0000051652537,1,14.583333337000036,14.583333337000035,150,150,150,150,56.804351387997826,55.41060509215233,60,29.135132632515354,1540.8431100621353,0,2.25,0.029135132632515354,500,150,59.0516121449499,0.014570789106890913,733,0,0,0.004329353967648331,333283.200808402,4015243775612013.0,0.0229108,0.0253037,0.0323661,0.039679,0.0489949,0.0159204,0.0209487,0.02754945,0.035098950000000004,0.0447264,0.0052671,0.0040606,0.00477975,0.0051265,0.0055185,0,05_resultados\revisao_operacional\campanha_v1\j00207.mat,campanha_v1
j00208,timing,perda_fonte,mpc_qp_estocastico_3cen,-19,{},350.0000000011361,350.0000000011361,1,14.58333333334571,14.583333333345708,150,150,150,150,49.07006446819243,49.07006446819243,60,51.917193776085384,831.9827345896824,0,0,0.051917193776085384,500,150,55.86622944431259,7.105427357601002e-15,0,0,0,5.684341886080801e-13,666566.4042708572,8858386386927326.0,0.0473485,0.0534576,0.06729265000000001,0.11078455000000001,0.1217908,0.032497,0.041226399999999996,0.0544028,0.09814895,0.1101004,0.0118913,0.01178155,0.012723499999999999,0.0134682,0.0228729,0,05_resultados\revisao_operacional\evento_adiantado_corrigido_v1\j00208.mat,evento_adiantado_corrigido_v1
j00209,timing,perda_fonte,heuristico,-18,{},592.6122638850534,592.6122638850534,1,14.754610453615202,14.754610453615202,150,150,150,150,57.93978528855198,56.5039066455025,60,24.16369944991276,850,0,0,0.02416369944991276,500,150,60,nan,0,nan,nan,nan,nan,nan,3.86e-05,7.9e-06,1.02e-05,1.35e-05,4.44e-05,nan,nan,nan,nan,nan,nan,nan,nan,nan,nan,0,05_resultados\revisao_operacional\campanha_v1\j00209.mat,campanha_v1
j00210,timing,perda_fonte,heuristico_foresight,-18,{},350.001538448432,350.001538448432,1,14.583334419432662,14.583334419432662,150,150,150,150,57.12059041152129,55.689277327429416,60,28.00915945308827,850,0,0,0.02800915945308827,500,150,59.25321210856085,nan,0,nan,nan,nan,nan,nan,4.35e-05,9e-06,1.17e-05,1.48e-05,4.35e-05,nan,nan,nan,nan,nan,nan,nan,nan,nan,nan,0,05_resultados\revisao_operacional\campanha_v1\j00210.mat,campanha_v1
j00211,timing,perda_fonte,miope_qp,-18,{},592.6116232891053,592.6116232891053,1,14.754610001373313,14.75461000137331,150,150,150,150,57.9147667951044,56.47501255161039,60,24.32134429297718,1150.0008251042025,0,0,0.02432134429297718,500,150,59.99996967342122,nan,0,nan,nan,nan,nan,nan,0.0012044,0.000585,0.000761,0.0009477,0.0012044,0.0010664,0.0005208,0.00065905,0.0008485,0.0010664,nan,nan,nan,nan,nan,0,05_resultados\revisao_operacional\campanha_v1\j00211.mat,campanha_v1
j00212,timing,perda_fonte,mpc_qp_v5,-18,{},350.0000085155741,350.0000085155741,1,14.58333333936542,14.583333339365417,150,150,150,150,56.81952952782349,55.42578330104927,60,29.063035776721545,1642.431511243615,0,2.083333333333333,0.029063035776721546,500,150,59.066790356080226,0.014570787876138525,733,0,0,0.004328680073740543,333283.200808402,4015243775612013.0,0.0210718,0.02520235,0.03283125,0.0408486,0.0493923,0.0155078,0.0208846,0.0278401,0.0360451,0.0445702,0.0039662,0.00411565,0.00483905,0.00517065,0.0078974,0,05_resultados\revisao_operacional\campanha_v1\j00212.mat,campanha_v1
j00213,timing,perda_fonte,mpc_qp_estocastico_3cen,-18,{},350.0000000015305,350.0000000015305,1,14.583333333346069,14.583333333346067,150,150,150,150,49.08762501384482,49.08762501384482,60,51.83378118423686,831.9827337797186,0,0,0.051833781184236864,500,150,55.88378999230513,7.105427357601002e-15,0,0,0,5.684341886080801e-13,666566.4042708572,8858386386927326.0,0.0468269,0.05354475,0.06633775,0.11106235,0.1219904,0.0329281,0.0413752,0.05428165,0.09853605,0.1096287,0.0114648,0.0117567,0.012657149999999999,0.01314345,0.0149444,0,05_resultados\revisao_operacional\evento_adiantado_corrigido_v1\j00213.mat,evento_adiantado_corrigido_v1
j00214,timing,perda_fonte,heuristico,-17,{},592.6122638850534,592.6122638850534,1,14.754610453615202,14.754610453615202,150,150,150,150,57.93978528855198,56.5039066455025,60,24.16369944991276,850,0,0,0.02416369944991276,500,150,60,nan,0,nan,nan,nan,nan,nan,4.11e-05,8.2e-06,1.06e-05,1.63e-05,5.83e-05,nan,nan,nan,nan,nan,nan,nan,nan,nan,nan,0,05_resultados\revisao_operacional\campanha_v1\j00214.mat,campanha_v1
j00215,timing,perda_fonte,heuristico_foresight,-17,{},350.0025364726537,350.0025364726537,1,14.5833351240084,14.5833351240084,150,150,150,150,57.14398222438679,55.71266914029491,60,27.89804834197716,850.0000000000001,0,0,0.02789804834197716,500,150,59.276603773094614,nan,0,nan,nan,nan,nan,nan,4.58e-05,9.1e-06,1.14e-05,1.57e-05,4.96e-05,nan,nan,nan,nan,nan,nan,nan,nan,nan,nan,0,05_resultados\revisao_operacional\campanha_v1\j00215.mat,campanha_v1
j00216,timing,perda_fonte,miope_qp,-17,{},592.6116232891053,592.6116232891053,1,14.754610001373313,14.75461000137331,150,150,150,150,57.9147667951044,56.47501255161039,60,24.32134429297718,1150.0008251042025,0,0,0.02432134429297718,500,150,59.99996967342122,nan,0,nan,nan,nan,nan,nan,0.0012433,0.00060695,0.00071745,0.00085395,0.0012433,0.0011027,0.0005403999999999999,0.00063335,0.0007546499999999999,0.0011027,nan,nan,nan,nan,nan,0,05_resultados\revisao_operacional\campanha_v1\j00216.mat,campanha_v1
j00217,timing,perda_fonte,mpc_qp_v5,-17,{},350.0000137305979,350.0000137305979,1,14.583333343047236,14.583333343047235,150,150,150,150,56.84528887312141,55.45154276358425,60,28.940677712643534,1687.0879707286786,0,2.083333333333333,0.028940677712643536,500,150,59.09254982247555,0.014570785787384466,733,0,0,0.0034725146948630936,333283.200808402,4015243775612013.0,0.0206751,0.026714799999999997,0.03395075,0.04099865,0.0515347,0.0149321,0.0217672,0.028867249999999997,0.03611705,0.0462475,0.0041974,0.004652750000000001,0.00515615,0.0053555,0.0060917,0,05_resultados\revisao_operacional\campanha_v1\j00217.mat,campanha_v1
j00218,timing,perda_fonte,mpc_qp_estocastico_3cen,-17,{},350.0000000256726,350.0000000256726,1,14.583333333363303,14.5833333333633,150,150,150,150,49.23600211945714,49.23600211945714,60,51.12898993257819,1921.6357648891699,0,0.16666666666666669,0.051128989932578195,500,150,56.0321671176879,0.12939660814421217,116,0,0,3.637978807091713e-12,666566.4042708572,8858386386927326.0,0.0468815,0.053839200000000004,0.06618365,0.11030134999999999,0.1491569,0.0329555,0.04162305,0.054027149999999996,0.0978212,0.1370845,0.0114419,0.01178195,0.01273675,0.0134211,0.0175581,0,05_resultados\revisao_operacional\evento_adiantado_corrigido_v1\j00218.mat,evento_adiantado_corrigido_v1
j00219,timing,perda_fonte,heuristico,-16,{},592.6122638850534,592.6122638850534,1,14.754610453615202,14.754610453615202,150,150,150,150,57.93978528855198,56.5039066455025,60,24.16369944991276,850,0,0,0.02416369944991276,500,150,60,nan,0,nan,nan,nan,nan,nan,4.13e-05,8.1e-06,1.31e-05,1.49e-05,4.29e-05,nan,nan,nan,nan,nan,nan,nan,nan,nan,nan,0,05_resultados\revisao_operacional\campanha_v1\j00219.mat,campanha_v1
j00220,timing,perda_fonte,heuristico_foresight,-16,{},350.00418193641667,350.00418193641667,1,14.583336285657406,14.583336285657406,150,150,150,150,57.16737403725229,55.73606095316041,60,27.786937230866048,850,0,0,0.02778693723086605,500,150,59.29999534140243,nan,0,nan,nan,nan,nan,nan,5.57e-05,9.1e-06,1.18e-05,2.315e-05,5.57e-05,nan,nan,nan,nan,nan,nan,nan,nan,nan,nan,0,05_resultados\revisao_operacional\campanha_v1\j00220.mat,campanha_v1
j00221,timing,perda_fonte,miope_qp,-16,{},592.6116232891053,592.6116232891053,1,14.754610001373313,14.75461000137331,150,150,150,150,57.9147667951044,56.47501255161039,60,24.32134429297718,1150.0008251042025,0,0,0.02432134429297718,500,150,59.99996967342122,nan,0,nan,nan,nan,nan,nan,0.0012908,0.00061315,0.0006889999999999999,0.0008439,0.0012908,0.0011516,0.00054505,0.0006131,0.00075165,0.0011516,nan,nan,nan,nan,nan,0,05_resultados\revisao_operacional\campanha_v1\j00221.mat,campanha_v1
j00222,timing,perda_fonte,mpc_qp_v5,-16,{},350.00003118956744,350.00003118956744,1,14.583333355372972,14.583333355372972,150,150,150,150,56.88179331235866,55.488047368991836,60,28.76727996237632,1548.9798732203549,0,2.3333333333333335,0.02876727996237632,500,150,59.12905443185736,0.014570782827348694,733,0,0,0.0016238240433494866,333283.200808402,4015243775612013.0,0.0228975,0.0263554,0.03328805,0.041055999999999995,0.1028003,0.0159109,0.02140465,0.0283324,0.036084950000000005,0.0977642,0.0052913,0.00461045,0.0050701,0.00529845,0.0057045,0,05_resultados\revisao_operacional\campanha_v1\j00222.mat,campanha_v1
j00223,timing,perda_fonte,mpc_qp_estocastico_3cen,-16,{},350.00000006343487,350.00000006343487,1,14.58333333339009,14.58333333339009,150,150,150,150,49.26863206833691,49.26863206833691,60,50.97399767539954,2069.320007626413,0,0.16666666666666669,0.050973997675399535,500,150,56.06479707091052,0.13063491747546152,116,0,0,0.00048680082556984416,666566.4042708572,8858386386927326.0,0.0484503,0.0538409,0.06811105,0.10931715,0.1500083,0.0340342,0.0416175,0.0540287,0.09719375,0.1371975,0.0114402,0.0118619,0.01289585,0.0144005,0.031118,0,05_resultados\revisao_operacional\evento_adiantado_corrigido_v1\j00223.mat,evento_adiantado_corrigido_v1
j00224,timing,perda_fonte,heuristico,-15,{},592.6122638850534,592.6122638850534,1,14.754610453615202,14.754610453615202,150,150,150,150,57.93978528855198,56.5039066455025,60,24.16369944991276,850,0,0,0.02416369944991276,500,150,60,nan,0,nan,nan,nan,nan,nan,4.1e-05,8.1e-06,1.07e-05,1.81e-05,4.1e-05,nan,nan,nan,nan,nan,nan,nan,nan,nan,nan,0,05_resultados\revisao_operacional\campanha_v1\j00224.mat,campanha_v1
j00225,timing,perda_fonte,heuristico_foresight,-15,{},350.00689484752286,350.00689484752286,1,14.583338200892827,14.583338200892827,150,150,150,150,57.190765850117785,55.75945276602591,60,27.675826119754937,850,0,0,0.027675826119754936,500,150,59.32338675106047,nan,0,nan,nan,nan,nan,nan,5.07e-05,9.3e-06,1.21e-05,1.7650000000000002e-05,6.37e-05,nan,nan,nan,nan,nan,nan,nan,nan,nan,nan,0,05_resultados\revisao_operacional\campanha_v1\j00225.mat,campanha_v1
j00226,timing,perda_fonte,miope_qp,-15,{},592.6116232891053,592.6116232891053,1,14.754610001373313,14.75461000137331,150,150,150,150,57.9147667951044,56.47501255161039,60,24.32134429297718,1150.0008251042025,0,0,0.02432134429297718,500,150,59.99996967342122,nan,0,nan,nan,nan,nan,nan,0.0012411,0.00061125,0.0007203,0.0009448,0.0012411,0.0010991,0.00054365,0.0006341999999999999,0.0008468,0.0010991,nan,nan,nan,nan,nan,0,05_resultados\revisao_operacional\campanha_v1\j00226.mat,campanha_v1
j00227,timing,perda_fonte,mpc_qp_v5,-15,{},350.0001435266688,350.0001435266688,1,14.583333434679744,14.583333434679743,150,150,150,150,56.922383048318096,55.52863728975905,60,28.574476866059477,1733.541661653065,0,2.4166666666666665,0.028574476866059476,500,150,59.16964434323266,0.014570779536043688,733,0,0,0.0054509516215830445,333283.200808402,4015243775612013.0,0.0223651,0.02661185,0.03566,0.0417909,0.0630228,0.0155433,0.02165165,0.0303094,0.0368034,0.0581354,0.0046401,0.0046259,0.0050656,0.00531745,0.0057579,0,05_resultados\revisao_operacional\campanha_v1\j00227.mat,campanha_v1
j00228,timing,perda_fonte,mpc_qp_estocastico_3cen,-15,{},350.0000000050963,350.0000000050963,1,14.583333333348838,14.583333333348834,150,150,150,150,49.14030766832423,49.14030766832423,60,51.58353857545957,831.9827313500928,0,0,0.05158353857545957,500,150,55.93647265380494,7.105427357601002e-15,0,0,0,5.684341886080801e-13,666566.4042708572,8858386386927326.0,0.0480494,0.0535746,0.07314925,0.11236245,0.122597,0.0334159,0.04132455,0.05443745,0.09923055,0.1101526,0.0117215,0.011850900000000001,0.01304845,0.01407905,0.0243292,0,05_resultados\revisao_operacional\evento_adiantado_corrigido_v1\j00228.mat,evento_adiantado_corrigido_v1
j00229,timing,perda_fonte,heuristico,-14,{},592.6122638850534,592.6122638850534,1,14.754610453615202,14.754610453615202,150,150,150,150,57.93978528855198,56.5039066455025,60,24.16369944991276,850,0,0,0.02416369944991276,500,150,60,nan,0,nan,nan,nan,nan,nan,4.51e-05,1.75e-05,1.87e-05,2.06e-05,4.51e-05,nan,nan,nan,nan,nan,nan,nan,nan,nan,nan,0,05_resultados\revisao_operacional\campanha_v1\j00229.mat,campanha_v1
j00230,timing,perda_fonte,heuristico_foresight,-14,{},350.0113676817691,350.0113676817691,1,14.583341358582208,14.583341358582208,150,150,150,150,57.21415766298328,55.78284457889141,60,27.564715008643827,850,0,0,0.027564715008643825,500,150,59.34677789914925,nan,0,nan,nan,nan,nan,nan,4.58e-05,9.6e-06,1.15e-05,1.275e-05,5.47e-05,nan,nan,nan,nan,nan,nan,nan,nan,nan,nan,0,05_resultados\revisao_operacional\campanha_v1\j00230.mat,campanha_v1
j00231,timing,perda_fonte,miope_qp,-14,{},592.6116232891053,592.6116232891053,1,14.754610001373313,14.75461000137331,150,150,150,150,57.9147667951044,56.47501255161039,60,24.32134429297718,1150.0008251042025,0,0,0.02432134429297718,500,150,59.99996967342122,nan,0,nan,nan,nan,nan,nan,0.0013232,0.0006255,0.00077155,0.0011102,0.0015457,0.001155,0.0005546,0.00067305,0.0009883499999999998,0.0014023,nan,nan,nan,nan,nan,0,05_resultados\revisao_operacional\campanha_v1\j00231.mat,campanha_v1
j00232,timing,perda_fonte,mpc_qp_v5,-14,{},350.000155055576,350.000155055576,1,14.583333442818915,14.583333442818915,150,150,150,150,56.93851495957455,55.544769274477304,60,28.49784955200729,1785.8475165290336,0,2.3333333333333335,0.02849784955200729,500,150,59.18577632914039,0.014570778227948722,733,0,0,0.0044857222705445565,333283.200808402,4015243775612013.0,0.0242282,0.026706550000000003,0.035361649999999994,0.0419507,0.1009715,0.0162038,0.02172615,0.03029365,0.03678885,0.0959653,0.0056111,0.0046658,0.005186,0.00540025,0.0060799,0,05_resultados\revisao_operacional\campanha_v1\j00232.mat,campanha_v1
j00233,timing,perda_fonte,mpc_qp_estocastico_3cen,-14,{},350.00000000799264,350.00000000799264,1,14.583333333350973,14.583333333350973,150,150,150,150,49.15786891017348,49.15786891017348,60,51.50012267667569,831.9827305402484,0,0,0.05150012267667569,500,150,55.954033897994094,7.105427357601002e-15,0,0,0,5.684341886080801e-13,666566.4042708572,8858386386927326.0,0.0473747,0.053457199999999996,0.06627915,0.11119445,0.1203824,0.0327401,0.041248850000000004,0.0539573,0.0980762,0.1080942,0.0120735,0.011782850000000001,0.01265935,0.013137,0.015075,0,05_resultados\revisao_operacional\evento_adiantado_corrigido_v1\j00233.mat,evento_adiantado_corrigido_v1
j00234,timing,perda_fonte,heuristico,-13,{},592.6122638850534,592.6122638850534,1,14.754610453615202,14.754610453615202,150,150,150,150,57.93978528855198,56.5039066455025,60,24.16369944991276,850,0,0,0.02416369944991276,500,150,60,nan,0,nan,nan,nan,nan,nan,4.86e-05,8.2e-06,1.08e-05,1.42e-05,7.35e-05,nan,nan,nan,nan,nan,nan,nan,nan,nan,nan,0,05_resultados\revisao_operacional\campanha_v1\j00234.mat,campanha_v1
j00235,timing,perda_fonte,heuristico_foresight,-13,{},350.0187421387312,350.0187421387312,1,14.583346564731855,14.583346564731855,150,150,150,150,57.23754947584878,55.806236391756904,60,27.453603897532716,850.0000000000001,0,0,0.027453603897532715,500,150,59.370168615983246,nan,0,nan,nan,nan,nan,nan,5.34e-05,9.5e-06,1.21e-05,1.645e-05,5.34e-05,nan,nan,nan,nan,nan,nan,nan,nan,nan,nan,0,05_resultados\revisao_operacional\campanha_v1\j00235.mat,campanha_v1
j00236,timing,perda_fonte,miope_qp,-13,{},592.6116232891053,592.6116232891053,1,14.754610001373313,14.75461000137331,150,150,150,150,57.9147667951044,56.47501255161039,60,24.32134429297718,1150.0008251042025,0,0,0.02432134429297718,500,150,59.99996967342122,nan,0,nan,nan,nan,nan,nan,0.0012336,0.000608,0.0007048499999999999,0.0009054,0.0012819,0.0010931,0.0005407,0.0006238,0.00080865,0.0011388,nan,nan,nan,nan,nan,0,05_resultados\revisao_operacional\campanha_v1\j00236.mat,campanha_v1
j00237,timing,perda_fonte,mpc_qp_v5,-13,{},350.00010111773,350.00010111773,1,14.583333404740541,14.58333340474054,150,150,150,150,56.93865753676203,55.54491185231401,60,28.497172303865607,1693.1489186803374,0,2.083333333333333,0.028497172303865607,500,150,59.18591891501927,0.014570778216395297,733,0,0,0.003327757881038451,333283.200808402,4015243775612013.0,0.0222395,0.026769349999999997,0.03974065,0.04352255,0.0507048,0.0156368,0.02175675,0.03444005,0.037781350000000005,0.0457502,0.0049693,0.00473575,0.0053219,0.0057686000000000005,0.0064128,0,05_resultados\revisao_operacional\campanha_v1\j00237.mat,campanha_v1
j00238,timing,perda_fonte,mpc_qp_estocastico_3cen,-13,{},350.0000000126802,350.0000000126802,1,14.583333333354389,14.583333333354387,150,150,150,150,49.1754299581873,49.1754299581873,60,51.41670769860988,831.982729730381,0,0,0.051416707698609884,500,150,55.971594948347544,7.105427357601002e-15,0,0,0,5.684341886080801e-13,666566.4042708572,8858386386927326.0,0.0474142,0.0536011,0.0657528,0.11012649999999999,0.1185858,0.0331207,0.041284650000000006,0.0536662,0.09776195,0.1065505,0.0117678,0.01186185,0.01273005,0.0138776,0.0165022,0,05_resultados\revisao_operacional\evento_adiantado_corrigido_v1\j00238.mat,evento_adiantado_corrigido_v1
j00239,timing,perda_fonte,heuristico,-12,{},592.6122638850534,592.6122638850534,1,14.754610453615202,14.754610453615202,150,150,150,150,57.93978528855198,56.5039066455025,60,24.16369944991276,850,0,0,0.02416369944991276,500,150,60,nan,0,nan,nan,nan,nan,nan,4.21e-05,8.3e-06,1.03e-05,1.185e-05,4.76e-05,nan,nan,nan,nan,nan,nan,nan,nan,nan,nan,0,05_resultados\revisao_operacional\campanha_v1\j00239.mat,campanha_v1
j00240,timing,perda_fonte,heuristico_foresight,-12,{},350.03090056278455,350.03090056278455,1,14.583355148221518,14.583355148221518,150,150,150,150,57.26094128871428,55.8296282046224,60,27.342492786421605,850,0,0,0.027342492786421604,500,150,59.39355862179829,nan,0,nan,nan,nan,nan,nan,4.6e-05,9.2e-06,1.155e-05,1.73e-05,5.61e-05,nan,nan,nan,nan,nan,nan,nan,nan,nan,nan,0,05_resultados\revisao_operacional\campanha_v1\j00240.mat,campanha_v1
j00241,timing,perda_fonte,miope_qp,-12,{},592.6116232891053,592.6116232891053,1,14.754610001373313,14.75461000137331,150,150,150,150,57.9147667951044,56.47501255161039,60,24.32134429297718,1150.0008251042025,0,0,0.02432134429297718,500,150,59.99996967342122,nan,0,nan,nan,nan,nan,nan,0.0012718,0.0006128,0.0006962,0.0008636,0.0012718,0.0011236,0.0005449,0.0006152,0.0007728,0.0011236,nan,nan,nan,nan,nan,0,05_resultados\revisao_operacional\campanha_v1\j00241.mat,campanha_v1
j00242,timing,perda_fonte,mpc_qp_v5,-12,{},350.00032992501804,350.00032992501804,1,14.58333356627176,14.583333566271758,150,150,150,150,56.98113244162932,55.58738695063679,60,28.29541456864593,1640.5740162974002,0,2.3333333333333335,0.02829541456864593,500,150,59.22839398697897,0.014570774772231232,733,0,0,2.4355554160138126e-05,333283.200808402,4015243775612013.0,0.0218306,0.02560825,0.032141100000000006,0.0400713,0.1040005,0.0153358,0.02118185,0.02751125,0.035599599999999995,0.0990205,0.0049197,0.00403885,0.0047377,0.00499975,0.0054851,0,05_resultados\revisao_operacional\campanha_v1\j00242.mat,campanha_v1
j00243,timing,perda_fonte,mpc_qp_estocastico_3cen,-12,{},350.0000000203644,350.0000000203644,1,14.58333333335993,14.583333333359928,150,150,150,150,49.19299071777541,49.19299071777541,60,51.33329409056618,831.9827289202155,0,0,0.051333294090566174,500,150,55.9891557102748,7.105427357601002e-15,0,0,0,5.684341886080801e-13,666566.4042708572,8858386386927326.0,0.0473074,0.0539095,0.06654145,0.11110225,0.1199304,0.0330064,0.041483900000000004,0.05442045,0.09852325,0.1074317,0.0114419,0.01192625,0.01327865,0.014655350000000001,0.0219375,0,05_resultados\revisao_operacional\evento_adiantado_corrigido_v1\j00243.mat,evento_adiantado_corrigido_v1
j00244,timing,perda_fonte,heuristico,-11,{},592.6122638850534,592.6122638850534,1,14.754610453615202,14.754610453615202,150,150,150,150,57.93978528855198,56.5039066455025,60,24.16369944991276,850,0,0,0.02416369944991276,500,150,60,nan,0,nan,nan,nan,nan,nan,4.25e-05,8.2e-06,9.6e-06,1.89e-05,5.97e-05,nan,nan,nan,nan,nan,nan,nan,nan,nan,nan,0,05_resultados\revisao_operacional\campanha_v1\j00244.mat,campanha_v1
j00245,timing,perda_fonte,heuristico_foresight,-11,{},350.0509464151395,350.0509464151395,1,14.583369300003502,14.583369300003502,150,150,150,150,57.284333101579776,55.8530200174879,60,27.231381675310494,850,0,0,0.027231381675310494,500,150,59.416947455341266,nan,0,nan,nan,nan,nan,nan,4.62e-05,9e-06,1.14e-05,1.22e-05,5.58e-05,nan,nan,nan,nan,nan,nan,nan,nan,nan,nan,0,05_resultados\revisao_operacional\campanha_v1\j00245.mat,campanha_v1
j00246,timing,perda_fonte,miope_qp,-11,{},592.6116232891053,592.6116232891053,1,14.754610001373313,14.75461000137331,150,150,150,150,57.9147667951044,56.47501255161039,60,24.32134429297718,1150.0008251042025,0,0,0.02432134429297718,500,150,59.99996967342122,nan,0,nan,nan,nan,nan,nan,0.0011986,0.0006028,0.0006798500000000001,0.00081325,0.0013033,0.0010612,0.0005364,0.0005958999999999999,0.00072485,0.0012298,nan,nan,nan,nan,nan,0,05_resultados\revisao_operacional\campanha_v1\j00246.mat,campanha_v1
j00247,timing,perda_fonte,mpc_qp_v5,-11,{},350.0003799614508,350.0003799614508,1,14.583333601596095,14.583333601596093,150,150,150,150,56.99872559380227,55.60498018295296,60,28.211846293337352,1548.9802409245349,0,2.3333333333333335,0.028211846293337353,500,150,59.24598721502437,0.01457077334564616,733,0,0,0.0016238232079217596,333283.200808402,4015243775612013.0,0.0210557,0.025494549999999998,0.03194685,0.0398918,0.1024205,0.0151619,0.021020999999999998,0.027659450000000002,0.0354451,0.0981704,0.0042354,0.00405545,0.00467425,0.0049505,0.0078079,0,05_resultados\revisao_operacional\campanha_v1\j00247.mat,campanha_v1
j00248,timing,perda_fonte,mpc_qp_estocastico_3cen,-11,{},350.0000000330682,350.0000000330682,1,14.583333333369016,14.583333333369012,150,150,150,150,49.210551589467364,49.210551589467364,60,51.24987995002975,831.9827281101302,0,0,0.05124987995002975,500,150,56.00671658430516,7.105427357601002e-15,0,0,0,5.684341886080801e-13,666566.4042708572,8858386386927326.0,0.0487954,0.05418685,0.06615170000000001,0.11234205,0.121158,0.0333643,0.041808750000000006,0.0542141,0.0997927,0.1090096,0.0128774,0.0118227,0.01314985,0.0140067,0.0174716,0,05_resultados\revisao_operacional\evento_adiantado_corrigido_v1\j00248.mat,evento_adiantado_corrigido_v1
j00249,timing,perda_fonte,heuristico,-10,{},592.6122638850534,592.6122638850534,1,14.754610453615202,14.754610453615202,150,150,150,150,57.93978528855198,56.5039066455025,60,24.16369944991276,850,0,0,0.02416369944991276,500,150,60,nan,0,nan,nan,nan,nan,nan,4.32e-05,7.9e-06,1e-05,1.545e-05,5.28e-05,nan,nan,nan,nan,nan,nan,nan,nan,nan,nan,0,05_resultados\revisao_operacional\campanha_v1\j00249.mat,campanha_v1
j00250,timing,perda_fonte,heuristico_foresight,-10,{},350.0839964383063,350.0839964383063,1,14.583392632347477,14.583392632347477,150,150,150,150,57.307724914445274,55.8764118303534,60,27.12027056419938,850,0,0,0.02712027056419938,500,150,59.44033435613435,nan,0,nan,nan,nan,nan,nan,4.4e-05,8.9e-06,1.13e-05,1.465e-05,4.4e-05,nan,nan,nan,nan,nan,nan,nan,nan,nan,nan,0,05_resultados\revisao_operacional\campanha_v1\j00250.mat,campanha_v1
j00251,timing,perda_fonte,miope_qp,-10,{},592.6116232891053,592.6116232891053,1,14.754610001373313,14.75461000137331,150,150,150,150,57.9147667951044,56.47501255161039,60,24.32134429297718,1150.0008251042025,0,0,0.02432134429297718,500,150,59.99996967342122,nan,0,nan,nan,nan,nan,nan,0.0012877,0.00059165,0.0006708,0.0008389000000000001,0.0012877,0.0011411,0.00052625,0.0005916000000000001,0.00074865,0.0011411,nan,nan,nan,nan,nan,0,05_resultados\revisao_operacional\campanha_v1\j00251.mat,campanha_v1
j00252,timing,perda_fonte,mpc_qp_v5,-10,{},350.00089682861125,350.00089682861125,1,14.58333396648913,14.58333396648913,150,150,150,150,56.90028254620591,55.50653668701642,60,28.6794552587207,1648.6929904513322,0,1.8333333333333333,0.0286794552587207,500,150,59.147543624553116,0.014570781328110627,733,0,0,2.4354661604775174e-05,333283.200808402,4015243775612013.0,0.020991,0.025470800000000002,0.0324463,0.03948515,0.0955683,0.0149929,0.021059050000000003,0.027562299999999998,0.034513150000000006,0.0910002,0.0044269,0.0040205499999999995,0.0047559,0.00537265,0.0065099,0,05_resultados\revisao_operacional\campanha_v1\j00252.mat,campanha_v1
j00253,timing,perda_fonte,mpc_qp_estocastico_3cen,-10,{},350.00000079559294,350.00000079559294,1,14.583333333907534,14.583333333907532,150,150,150,150,49.35654103850222,49.35654103850222,60,50.556430067114135,1578.2684074872575,0,0.08333333333333334,0.05055643006711413,500,150,56.15270605268245,0.12157629698069172,58,0,0,9.094947017729282e-13,666566.4042708572,8858386386927326.0,1.1408007,0.0534632,0.08857190000000001,0.11139575,1.1408007,0.2451338,0.04072195,0.06953695,0.0988231,0.2451338,0.1366011,0.0123599,0.01731595,0.0244028,0.1366011,1,05_resultados\revisao_operacional\evento_adiantado_corrigido_v1\j00253.mat,evento_adiantado_corrigido_v1
j00254,timing,perda_fonte,heuristico,-9,{},592.6122638850534,592.6122638850534,1,14.754610453615202,14.754610453615202,150,150,150,150,57.93978528855198,56.5039066455025,60,24.16369944991276,850,0,0,0.02416369944991276,500,150,60,nan,0,nan,nan,nan,nan,nan,3.99e-05,8e-06,9.4e-06,1.0949999999999998e-05,3.99e-05,nan,nan,nan,nan,nan,nan,nan,nan,nan,nan,0,05_resultados\revisao_operacional\campanha_v1\j00254.mat,campanha_v1
j00255,timing,perda_fonte,heuristico_foresight,-9,{},350.13848671449864,350.13848671449864,1,14.583431100879281,14.583431100879281,150,150,150,150,57.33111672731077,55.899803643218895,60,27.00915945308827,850.0000000000001,0,0,0.02700915945308827,500,150,59.46371807036157,nan,0,nan,nan,nan,nan,nan,4.38e-05,8.9e-06,1.19e-05,1.6e-05,5.04e-05,nan,nan,nan,nan,nan,nan,nan,nan,nan,nan,0,05_resultados\revisao_operacional\campanha_v1\j00255.mat,campanha_v1
j00256,timing,perda_fonte,miope_qp,-9,{},592.6116232891053,592.6116232891053,1,14.754610001373313,14.75461000137331,150,150,150,150,57.9147667951044,56.47501255161039,60,24.32134429297718,1150.0008251042025,0,0,0.02432134429297718,500,150,59.99996967342122,nan,0,nan,nan,nan,nan,nan,0.0012134,0.0005991,0.00067775,0.0008305000000000001,0.0012134,0.0010757,0.0005331,0.00060015,0.00073225,0.0010757,nan,nan,nan,nan,nan,0,05_resultados\revisao_operacional\campanha_v1\j00256.mat,campanha_v1
j00257,timing,perda_fonte,mpc_qp_v5,-9,{},350.00074835070313,350.00074835070313,1,14.583333861668214,14.583333861668212,150,150,150,150,57.03032349682015,55.63657822993127,60,28.061754812503928,1688.2332539639349,0,2.083333333333333,0.028061754812503927,500,150,59.277585212936785,0.014570770783464582,733,0,0,0.003397585310381146,333283.200808402,4015243775612013.0,0.0213737,0.02563005,0.031231299999999997,0.0407306,0.0497084,0.0153987,0.0211482,0.0268939,0.03582275,0.0453211,0.0042654,0.0040609,0.0047016,0.0049283,0.0054817,0,05_resultados\revisao_operacional\campanha_v1\j00257.mat,campanha_v1
j00258,timing,perda_fonte,mpc_qp_estocastico_3cen,-9,{},350.00000008883256,350.00000008883256,1,14.583333333408579,14.583333333408577,150,150,150,150,49.24567356751803,49.24567356751803,60,51.08305055428882,831.9827264903178,0,0,0.051083050554288814,500,150,56.041838567028165,7.105427357601002e-15,0,0,0,5.684341886080801e-13,666566.4042708572,8858386386927326.0,0.0659198,0.053486000000000006,0.07975465,0.12093525,0.1400422,0.0356296,0.0408798,0.0640377,0.10460140000000001,0.1257242,0.0145745,0.0121784,0.01545055,0.01888585,0.0437741,0,05_resultados\revisao_operacional\evento_adiantado_corrigido_v1\j00258.mat,evento_adiantado_corrigido_v1
j00259,timing,perda_fonte,heuristico,-8,{},592.6122638850534,592.6122638850534,1,14.754610453615202,14.754610453615202,150,150,150,150,57.93978528855198,56.5039066455025,60,24.16369944991276,850,0,0,0.02416369944991276,500,150,60,nan,0,nan,nan,nan,nan,nan,7.14e-05,8e-06,1.02e-05,1.18e-05,7.14e-05,nan,nan,nan,nan,nan,nan,nan,nan,nan,nan,0,05_resultados\revisao_operacional\campanha_v1\j00259.mat,campanha_v1
j00260,timing,perda_fonte,heuristico_foresight,-8,{},350.22832599190326,350.22832599190326,1,14.583494524765921,14.583494524765921,150,150,150,150,57.35450854017627,55.92319545608439,60,26.89804834197716,850,0,0,0.02689804834197716,500,150,59.48709653082988,nan,0,nan,nan,nan,nan,nan,7e-05,1.49e-05,2.13e-05,2.5450000000000002e-05,7e-05,nan,nan,nan,nan,nan,nan,nan,nan,nan,nan,0,05_resultados\revisao_operacional\campanha_v1\j00260.mat,campanha_v1
j00261,timing,perda_fonte,miope_qp,-8,{},592.6116232891053,592.6116232891053,1,14.754610001373313,14.75461000137331,150,150,150,150,57.9147667951044,56.47501255161039,60,24.32134429297718,1150.0008251042025,0,0,0.02432134429297718,500,150,59.99996967342122,nan,0,nan,nan,nan,nan,nan,0.001309,0.00059685,0.00067475,0.0008239499999999999,0.001309,0.0011586,0.0005302,0.00060085,0.000736,0.0011586,nan,nan,nan,nan,nan,0,05_resultados\revisao_operacional\campanha_v1\j00261.mat,campanha_v1
j00262,timing,perda_fonte,mpc_qp_v5,-8,{},350.00069748167965,350.00069748167965,1,14.583333825756299,14.583333825756297,150,150,150,150,57.04224703890615,55.64850182634789,60,28.00511744357436,1584.474689509972,0,2,0.02800511744357436,500,150,59.28950881905953,0.014570769816629081,733,0,0,0.0017526103815157512,333283.200808402,4015243775612013.0,0.0208354,0.02587295,0.03170565,0.0410104,0.0498187,0.0150506,0.0213297,0.02698885,0.036264950000000004,0.0452598,0.0041732,0.00416775,0.004957100000000001,0.00526505,0.0081007,0,05_resultados\revisao_operacional\campanha_v1\j00262.mat,campanha_v1
j00263,timing,perda_fonte,mpc_qp_estocastico_3cen,-8,{},350.0000001461034,350.0000001461034,1,14.583333333449103,14.583333333449099,150,150,150,150,49.26323437512956,49.26323437512956,60,50.999636718134056,831.9827256804676,0,0,0.05099963671813405,500,150,56.059399376971484,7.105427357601002e-15,0,0,0,5.684341886080801e-13,666566.4042708572,8858386386927326.0,0.0525796,0.05182805,0.0781503,0.11464355000000001,0.1341686,0.0313606,0.0402096,0.06073025,0.1002946,0.1196318,0.011719,0.01132895,0.0141112,0.016754449999999997,0.0222227,0,05_resultados\revisao_operacional\evento_adiantado_corrigido_v1\j00263.mat,evento_adiantado_corrigido_v1
j00264,timing,perda_fonte,heuristico,-7,{},592.6122638850534,592.6122638850534,1,14.754610453615202,14.754610453615202,150,150,150,150,57.93978528855198,56.5039066455025,60,24.16369944991276,850,0,0,0.02416369944991276,500,150,60,nan,0,nan,nan,nan,nan,nan,4.4e-05,7.9e-06,9.9e-06,1.07e-05,4.4e-05,nan,nan,nan,nan,nan,nan,nan,nan,nan,nan,0,05_resultados\revisao_operacional\campanha_v1\j00264.mat,campanha_v1
j00265,timing,perda_fonte,heuristico_foresight,-7,{},350.3764459195046,350.3764459195046,1,14.583599093076895,14.583599093076895,150,150,150,150,57.37790035304177,55.94658726894989,60,26.786937230866048,850,0,0,0.02678693723086605,500,150,59.51046632931412,nan,0,nan,nan,nan,nan,nan,5.79e-05,8.7e-06,1.12e-05,1.425e-05,5.79e-05,nan,nan,nan,nan,nan,nan,nan,nan,nan,nan,0,05_resultados\revisao_operacional\campanha_v1\j00265.mat,campanha_v1
j00266,timing,perda_fonte,miope_qp,-7,{},592.6116232891053,592.6116232891053,1,14.754610001373313,14.75461000137331,150,150,150,150,57.9147667951044,56.47501255161039,60,24.32134429297718,1150.0008251042025,0,0,0.02432134429297718,500,150,59.99996967342122,nan,0,nan,nan,nan,nan,nan,0.0011881,0.0005661,0.00067145,0.0008070499999999999,0.0011881,0.0010477,0.0005035,0.0005991,0.00071995,0.0010477,nan,nan,nan,nan,nan,0,05_resultados\revisao_operacional\campanha_v1\j00266.mat,campanha_v1
j00267,timing,perda_fonte,mpc_qp_v5,-7,{},350.0040719304658,350.0040719304658,1,14.583336208017714,14.583336208017709,150,150,150,150,56.959346985936115,55.565601395714026,60,28.39889647678979,1510.2528506705335,0,1.9166666666666665,0.02839889647678979,500,150,59.2066078719788,0.014570776538747054,733,0,0,4.447902142601379e-05,333283.200808402,4015243775612013.0,0.0213912,0.02473515,0.03002675,0.0379352,0.0912423,0.0151744,0.020612600000000002,0.0258655,0.0335067,0.0871532,0.0045411,0.0038985,0.0045798,0.004972900000000001,0.0083713,0,05_resultados\revisao_operacional\campanha_v1\j00267.mat,campanha_v1
j00268,timing,perda_fonte,mpc_qp_estocastico_3cen,-7,{},350.00000024050837,350.00000024050837,1,14.58333333351584,14.583333333515839,150,150,150,150,49.280795139243125,49.280795139243125,60,50.91622308859482,831.9827248705815,0,0,0.05091622308859482,500,150,56.07696014341126,7.105427357601002e-15,0,0,0,5.684341886080801e-13,666566.4042708572,8858386386927326.0,0.0456731,0.0516692,0.07730305000000001,0.1117846,0.1217495,0.0309972,0.03991035,0.06461755,0.09831855,0.1081186,0.0112393,0.0113739,0.014379550000000001,0.018280499999999998,0.0571905,0,05_resultados\revisao_operacional\evento_adiantado_corrigido_v1\j00268.mat,evento_adiantado_corrigido_v1
j00269,timing,perda_fonte,heuristico,-6,{},592.6122638850534,592.6122638850534,1,14.754610453615202,14.754610453615202,150,150,150,150,57.93978528855198,56.5039066455025,60,24.16369944991276,850,0,0,0.02416369944991276,500,150,60,nan,0,nan,nan,nan,nan,nan,4.47e-05,7.7e-06,9.8e-06,1.2e-05,4.47e-05,nan,nan,nan,nan,nan,nan,nan,nan,nan,nan,0,05_resultados\revisao_operacional\campanha_v1\j00269.mat,campanha_v1
j00270,timing,perda_fonte,heuristico_foresight,-6,{},350.62065439475543,350.62065439475543,1,14.583771497075437,14.583771497075437,150,150,150,150,57.401292165907265,55.96997908181539,60,26.675826119754937,850,0,0,0.02667582611975494,500,150,59.53382184660098,nan,0,nan,nan,nan,nan,nan,4.26e-05,8.7e-06,1.09e-05,1.225e-05,0.0004441,nan,nan,nan,nan,nan,nan,nan,nan,nan,nan,0,05_resultados\revisao_operacional\campanha_v1\j00270.mat,campanha_v1
j00271,timing,perda_fonte,miope_qp,-6,{},592.6116232891053,592.6116232891053,1,14.754610001373313,14.75461000137331,150,150,150,150,57.9147667951044,56.47501255161039,60,24.32134429297718,1150.0008251042025,0,0,0.02432134429297718,500,150,59.99996967342122,nan,0,nan,nan,nan,nan,nan,0.001238,0.0005651,0.000642,0.0008134500000000001,0.001238,0.0011011,0.0005031,0.0005672,0.000735,0.0011011,nan,nan,nan,nan,nan,0,05_resultados\revisao_operacional\campanha_v1\j00271.mat,campanha_v1
j00272,timing,perda_fonte,mpc_qp_v5,-6,{},350.006626715026,350.006626715026,1,14.583338011620484,14.583338011620482,150,150,150,150,57.121451059934266,55.72770620837024,60,27.6288947289989,1640.574492326351,0,2.3333333333333335,0.0276288947289989,500,150,59.36871233410032,0.014570763394196717,733,0,0,2.4355505388484744e-05,333283.200808402,4015243775612013.0,0.0205168,0.0243892,0.029779399999999998,0.03835565,0.0905184,0.0148965,0.020256049999999998,0.0256909,0.033905450000000004,0.0858983,0.0040517,0.00386945,0.00451435,0.00478835,0.005387,0,05_resultados\revisao_operacional\campanha_v1\j00272.mat,campanha_v1
j00273,timing,perda_fonte,mpc_qp_estocastico_3cen,-6,{},350.0000131568702,350.0000131568702,1,14.583333342634663,14.583333342634658,150,150,150,150,49.395081712811994,49.395081712811994,60,50.37336186414247,1631.9827205922438,0,0.08333333333333334,0.050373361864142464,500,150,56.19124673029124,0.12521154592400308,57,0,0,4.8306862936442485e-06,666566.4042708572,8858386386927326.0,0.0473991,0.0524987,0.07625960000000001,0.10968145,0.1367638,0.0321789,0.0405413,0.0583858,0.0965347,0.125415,0.0107397,0.0114854,0.014790500000000002,0.0178129,0.0340801,0,05_resultados\revisao_operacional\evento_adiantado_corrigido_v1\j00273.mat,evento_adiantado_corrigido_v1
j00274,timing,perda_fonte,heuristico,-5,{},592.6122638850534,592.6122638850534,1,14.754610453615202,14.754610453615202,150,150,150,150,57.93978528855198,56.5039066455025,60,24.16369944991276,850,0,0,0.02416369944991276,500,150,60,nan,0,nan,nan,nan,nan,nan,4.03e-05,7.8e-06,9.9e-06,1.575e-05,4.07e-05,nan,nan,nan,nan,nan,nan,nan,nan,nan,nan,0,05_resultados\revisao_operacional\campanha_v1\j00274.mat,campanha_v1
j00275,timing,perda_fonte,heuristico_foresight,-5,{},351.02328610238675,351.02328610238675,1,14.584055743214991,14.584055743214991,150,150,150,150,57.42468397877276,55.993370894680886,60,26.564715008643827,850.0000000000001,0,0,0.026564715008643828,500,150,59.55715381817394,nan,0,nan,nan,nan,nan,nan,4.49e-05,8.8e-06,1.1050000000000001e-05,1.295e-05,4.49e-05,nan,nan,nan,nan,nan,nan,nan,nan,nan,nan,0,05_resultados\revisao_operacional\campanha_v1\j00275.mat,campanha_v1
j00276,timing,perda_fonte,miope_qp,-5,{},592.6116232891053,592.6116232891053,1,14.754610001373313,14.75461000137331,150,150,150,150,57.9147667951044,56.47501255161039,60,24.32134429297718,1150.0008251042025,0,0,0.02432134429297718,500,150,59.99996967342122,nan,0,nan,nan,nan,nan,nan,0.0012288,0.0005619500000000001,0.0006374,0.00083485,0.0012288,0.0010912,0.0005,0.0005665,0.0007607499999999999,0.001133,nan,nan,nan,nan,nan,0,05_resultados\revisao_operacional\campanha_v1\j00276.mat,campanha_v1
j00277,timing,perda_fonte,mpc_qp_v5,-5,{},350.0053920999719,350.0053920999719,1,14.583337140018731,14.583337140018727,150,150,150,150,56.9975986783309,55.603853262347926,60,28.217199193231167,1719.3131451371219,0,1.5833333333333335,0.028217199193231166,500,150,59.244859549285444,0.014570773437029061,733,0,0,0.005380720223172375,333283.200808402,4015243775612013.0,0.0205861,0.025091500000000003,0.032605800000000004,0.04548505,0.0691272,0.0148535,0.020858500000000002,0.02760215,0.039645799999999995,0.0605366,0.0041478,0.004108850000000001,0.0051454,0.0057697,0.0081476,0,05_resultados\revisao_operacional\campanha_v1\j00277.mat,campanha_v1
j00278,timing,perda_fonte,mpc_qp_estocastico_3cen,-5,{},350.0000006527407,350.0000006527407,1,14.583333333807067,14.583333333807065,150,150,150,150,49.315917159341645,49.315917159341645,60,50.74939349312678,831.9827232508247,0,0,0.05074939349312678,500,150,56.11208216812915,7.105427357601002e-15,0,0,0,5.684341886080801e-13,666566.4042708572,8858386386927326.0,0.0445393,0.05166435,0.0732686,0.11037675,0.134649,0.0317367,0.0401336,0.05745195,0.0980595,0.1220419,0.0100679,0.0112155,0.013269650000000001,0.0158359,0.0225252,0,05_resultados\revisao_operacional\evento_adiantado_corrigido_v1\j00278.mat,evento_adiantado_corrigido_v1
j00279,timing,perda_fonte,heuristico,-4,{},592.6122638850534,592.6122638850534,1,14.754610453615202,14.754610453615202,150,150,150,150,57.93978528855198,56.5039066455025,60,24.16369944991276,850,0,0,0.02416369944991276,500,150,60,nan,0,nan,nan,nan,nan,nan,4.1e-05,8.1e-06,9.4e-06,1.395e-05,6.57e-05,nan,nan,nan,nan,nan,nan,nan,nan,nan,nan,0,05_resultados\revisao_operacional\campanha_v1\j00279.mat,campanha_v1
j00280,timing,perda_fonte,heuristico_foresight,-4,{},351.68711356301685,351.68711356301685,1,14.584524385871383,14.584524385871383,150,150,150,150,57.44807579163826,56.016762707546384,60,26.453603897532716,850,0,0,0.026453603897532717,500,150,59.58044696942756,nan,0,nan,nan,nan,nan,nan,4.33e-05,8.9e-06,9.9e-06,1.0549999999999999e-05,4.33e-05,nan,nan,nan,nan,nan,nan,nan,nan,nan,nan,0,05_resultados\revisao_operacional\campanha_v1\j00280.mat,campanha_v1
j00281,timing,perda_fonte,miope_qp,-4,{},592.6116232891053,592.6116232891053,1,14.754610001373313,14.75461000137331,150,150,150,150,57.9147667951044,56.47501255161039,60,24.32134429297718,1150.0008251042025,0,0,0.02432134429297718,500,150,59.99996967342122,nan,0,nan,nan,nan,nan,nan,0.0012496,0.00060425,0.0007075499999999999,0.0008781,0.0012496,0.0011017,0.0005361,0.00062595,0.0007856,0.0011017,nan,nan,nan,nan,nan,0,05_resultados\revisao_operacional\campanha_v1\j00281.mat,campanha_v1
j00282,timing,perda_fonte,mpc_qp_v5,-4,{},350.02567015543787,350.02567015543787,1,14.583351455729206,14.5833514557292,150,150,150,150,57.03143252205746,55.63768726022182,60,28.056486892027962,1678.4139573573036,0,1.8333333333333333,0.028056486892027964,500,150,59.27869053941406,0.014570770693545398,733,0,0,0.003989060329331551,333283.200808402,4015243775612013.0,0.0220292,0.024635999999999998,0.0315617,0.03976365,0.1025462,0.0155391,0.020534700000000003,0.02657715,0.034431149999999994,0.0980773,0.0046588,0.00396845,0.004945349999999999,0.0057535,0.0148819,0,05_resultados\revisao_operacional\campanha_v1\j00282.mat,campanha_v1
j00283,timing,perda_fonte,mpc_qp_estocastico_3cen,-4,{},350.00000107576,350.00000107576,1,14.58333333410581,14.583333334105808,150,150,150,150,49.33347802301825,49.33347802301825,60,50.665979390662756,831.9827224408984,0,0,0.05066597939066276,500,150,56.12964303408318,7.105427357601002e-15,0,0,0,5.684341886080801e-13,666566.4042708572,8858386386927326.0,0.045391,0.05199775,0.07271125,0.10549465,0.118849,0.0321677,0.04035245,0.05782105,0.09360294999999999,0.106357,0.0101208,0.011260949999999999,0.01290665,0.01443355,0.0238589,0,05_resultados\revisao_operacional\evento_adiantado_corrigido_v1\j00283.mat,evento_adiantado_corrigido_v1
j00284,timing,perda_fonte,heuristico,-3,{},592.6122638850534,592.6122638850534,1,14.754610453615202,14.754610453615202,150,150,150,150,57.93978528855198,56.5039066455025,60,24.16369944991276,850,0,0,0.02416369944991276,500,150,60,nan,0,nan,nan,nan,nan,nan,4.2e-05,8e-06,9.9e-06,1.045e-05,4.2e-05,nan,nan,nan,nan,nan,nan,nan,nan,nan,nan,0,05_resultados\revisao_operacional\campanha_v1\j00284.mat,campanha_v1
j00285,timing,perda_fonte,heuristico_foresight,-3,{},352.7815800174326,352.7815800174326,1,14.585297046987337,14.585297046987337,150,150,150,150,57.47146760450376,56.04015452041188,60,26.342492786421605,850,0,0,0.026342492786421604,500,150,59.603676116794965,nan,0,nan,nan,nan,nan,nan,4.73e-05,9.1e-06,1.27e-05,1.9050000000000002e-05,4.73e-05,nan,nan,nan,nan,nan,nan,nan,nan,nan,nan,0,05_resultados\revisao_operacional\campanha_v1\j00285.mat,campanha_v1
j00286,timing,perda_fonte,miope_qp,-3,{},592.6116232891053,592.6116232891053,1,14.754610001373313,14.75461000137331,150,150,150,150,57.9147667951044,56.47501255161039,60,24.32134429297718,1150.0008251042025,0,0,0.02432134429297718,500,150,59.99996967342122,nan,0,nan,nan,nan,nan,nan,0.0012812,0.00060155,0.0009568000000000001,0.00168895,0.0026331,0.001137,0.000535,0.0008473,0.0015075000000000002,0.0023852,nan,nan,nan,nan,nan,0,05_resultados\revisao_operacional\campanha_v1\j00286.mat,campanha_v1
j00287,timing,perda_fonte,mpc_qp_v5,-3,{},350.0600541632341,350.0600541632341,1,14.58337572982692,14.583375729826917,150,150,150,150,57.0785542847509,55.68480923765246,60,27.832656369036346,1701.241120725825,0,1.9166666666666665,0.027832656369036347,500,150,59.32580741498808,0.01457076687258052,733,0,0,0.005874626616389378,333283.200808402,4015243775612013.0,0.0208059,0.024705650000000003,0.03070055,0.038880200000000004,0.1281533,0.0151841,0.02058405,0.02597895,0.0344418,0.1236669,0.0040551,0.00393955,0.00465415,0.0050089,0.0071469,0,05_resultados\revisao_operacional\campanha_v1\j00287.mat,campanha_v1
j00288,timing,perda_fonte,mpc_qp_estocastico_3cen,-3,{},350.00000177331253,350.00000177331253,1,14.583333334598361,14.583333334598361,150,150,150,150,49.35103915475508,49.35103915475508,60,50.582564014912954,831.9827216310468,0,0,0.050582564014912956,500,150,56.14720416805668,7.105427357601002e-15,0,0,0,5.684341886080801e-13,666566.4042708572,8858386386927326.0,0.0463958,0.0521526,0.07647055,0.10971085,0.1185128,0.0323496,0.04038685,0.062024750000000003,0.09767015,0.105825,0.0112634,0.0114208,0.0133191,0.016089850000000003,0.029073,0,05_resultados\revisao_operacional\evento_adiantado_corrigido_v1\j00288.mat,evento_adiantado_corrigido_v1
j00289,timing,perda_fonte,heuristico,-2,{},592.6122638850534,592.6122638850534,1,14.754610453615202,14.754610453615202,150,150,150,150,57.93978528855198,56.5039066455025,60,24.16369944991276,850,0,0,0.02416369944991276,500,150,60,nan,0,nan,nan,nan,nan,nan,4.27e-05,8e-06,9e-06,1.8500000000000002e-05,4.27e-05,nan,nan,nan,nan,nan,nan,nan,nan,nan,nan,0,05_resultados\revisao_operacional\campanha_v1\j00289.mat,campanha_v1
j00290,timing,perda_fonte,heuristico_foresight,-2,{},354.5860501408955,354.5860501408955,1,14.586570949804251,14.586570949804251,150,150,150,150,57.494859417369256,56.06354633327738,60,26.231381675310494,850,0,0,0.026231381675310493,500,150,59.62679973959374,nan,0,nan,nan,nan,nan,nan,4.93e-05,8.9e-06,9.9e-06,1.835e-05,4.93e-05,nan,nan,nan,nan,nan,nan,nan,nan,nan,nan,0,05_resultados\revisao_operacional\campanha_v1\j00290.mat,campanha_v1
j00291,timing,perda_fonte,miope_qp,-2,{},592.6116232891053,592.6116232891053,1,14.754610001373313,14.75461000137331,150,150,150,150,57.9147667951044,56.47501255161039,60,24.32134429297718,1150.0008251042025,0,0,0.02432134429297718,500,150,59.99996967342122,nan,0,nan,nan,nan,nan,nan,0.0012462,0.00057275,0.00064485,0.00079895,0.0012462,0.0011051,0.0005096,0.00057635,0.0007245999999999999,0.0011051,nan,nan,nan,nan,nan,0,05_resultados\revisao_operacional\campanha_v1\j00291.mat,campanha_v1
j00292,timing,perda_fonte,mpc_qp_v5,-2,{},350.0490045216452,350.0490045216452,1,14.583367929105272,14.58336792910527,150,150,150,150,57.21310374700424,55.8193593133776,60,27.19354028054307,1636.108276903788,0,2.3333333333333335,0.02719354028054307,500,150,59.460359157183014,0.014570755962353132,733,0,0,2.5105867621277866e-05,333283.200808402,4015243775612013.0,0.021218,0.0249444,0.031992,0.03831,0.0894136,0.0150656,0.0206923,0.0270285,0.033695199999999995,0.0845173,0.0045331,0.004111399999999999,0.0047285,0.00524955,0.0063303,0,05_resultados\revisao_operacional\campanha_v1\j00292.mat,campanha_v1
j00293,timing,perda_fonte,mpc_qp_estocastico_3cen,-2,{},350.00004526285386,350.00004526285386,1,14.5833333653009,14.583333365300899,150,150,150,150,49.49941564521667,49.49941564521667,60,49.87777568522053,1921.6349319714905,0,0.16666666666666669,0.049877775685220525,500,150,56.29558067182851,0.12939660615018767,116,0,0,2.7284841053187847e-12,666566.4042708572,8858386386927326.0,0.0448649,0.0519248,0.0760949,0.1085862,0.1498224,0.0313972,0.040344649999999996,0.0600135,0.09706685000000001,0.133031,0.0106448,0.01125725,0.0133636,0.01548005,0.0283484,0,05_resultados\revisao_operacional\evento_adiantado_corrigido_v1\j00293.mat,evento_adiantado_corrigido_v1
j00294,timing,perda_fonte,heuristico,-1,{},592.6122638850534,592.6122638850534,1,14.754610453615202,14.754610453615202,150,150,150,150,57.93978528855198,56.5039066455025,60,24.16369944991276,850,0,0,0.02416369944991276,500,150,60,nan,0,nan,nan,nan,nan,nan,4.43e-05,8.4e-06,9.9e-06,1.695e-05,4.43e-05,nan,nan,nan,nan,nan,nan,nan,nan,nan,nan,0,05_resultados\revisao_operacional\campanha_v1\j00294.mat,campanha_v1
j00295,timing,perda_fonte,heuristico_foresight,-1,{},357.5611184157917,357.5611184157917,1,14.588671260475307,14.588671260475307,150,150,150,150,57.51825123023475,56.08693814614288,60,26.12027056419938,850.0000000000001,0,0,0.02612027056419938,500,150,59.64974938179165,nan,0,nan,nan,nan,nan,nan,5.52e-05,9.3e-06,1.265e-05,2.485e-05,5.99e-05,nan,nan,nan,nan,nan,nan,nan,nan,nan,nan,0,05_resultados\revisao_operacional\campanha_v1\j00295.mat,campanha_v1
j00296,timing,perda_fonte,miope_qp,-1,{},592.6116232891053,592.6116232891053,1,14.754610001373313,14.75461000137331,150,150,150,150,57.9147667951044,56.47501255161039,60,24.32134429297718,1150.0008251042025,0,0,0.02432134429297718,500,150,59.99996967342122,nan,0,nan,nan,nan,nan,nan,0.0012426,0.0006142999999999999,0.0007796999999999999,0.0009713,0.001416,0.0011013,0.0005454500000000001,0.0006772,0.0008504000000000001,0.0012696,nan,nan,nan,nan,nan,0,05_resultados\revisao_operacional\campanha_v1\j00296.mat,campanha_v1
j00297,timing,perda_fonte,mpc_qp_v5,-1,{},350.030352113955,350.030352113955,1,14.583354761054576,14.58335476105457,150,150,150,150,57.08745021159629,55.693705205043834,60,27.790400310527765,1557.099532242743,0,1.6666666666666667,0.027790400310527767,500,150,59.33470779845868,0.01457076615123043,733,0,0,0.0005084329904434526,333283.200808402,4015243775612013.0,0.0249831,0.025616350000000003,0.03344175,0.03972015,0.0483011,0.0175455,0.02124615,0.0279596,0.034547850000000005,0.0414769,0.0051824,0.0043928000000000005,0.005759,0.007067550000000001,0.0161733,0,05_resultados\revisao_operacional\campanha_v1\j00297.mat,campanha_v1
j00298,timing,perda_fonte,mpc_qp_estocastico_3cen,-1,{},350.0001392442175,350.0001392442175,1,14.583333431649002,14.583333431648999,150,150,150,150,49.49182023696466,49.49182023696466,60,49.913853874417626,1631.982714748312,0,0.08333333333333334,0.04991385387441762,500,150,56.28798524859623,0.12431142861566968,57,0,0,0.000225200353895616,666566.4042708572,8858386386927326.0,0.0461434,0.05339195,0.0847601,0.11164665,0.1367682,0.0320473,0.041015300000000005,0.06817345,0.09661549999999999,0.1247393,0.0115601,0.011728849999999999,0.01568495,0.023110199999999997,0.0572196,0,05_resultados\revisao_operacional\evento_adiantado_corrigido_v1\j00298.mat,evento_adiantado_corrigido_v1
j00299,timing,perda_fonte,heuristico,0,{},592.6122638850534,592.6122638850534,1,14.754610453615202,14.754610453615202,150,150,150,150,57.93978528855198,56.5039066455025,60,24.16369944991276,850,0,0,0.02416369944991276,500,150,60,nan,0,nan,nan,nan,nan,nan,5.61e-05,8.2e-06,9.4e-06,1.1900000000000001e-05,5.61e-05,nan,nan,nan,nan,nan,nan,nan,nan,nan,nan,0,05_resultados\revisao_operacional\campanha_v1\j00299.mat,campanha_v1
j00300,timing,perda_fonte,heuristico_foresight,0,{},362.4661767623983,362.4661767623983,1,14.59213408735375,14.59213408735375,150,150,150,150,57.54164304310025,56.110329959008375,60,26.00915945308827,850,0,0,0.02600915945308827,500,150,59.672412178472214,nan,0,nan,nan,nan,nan,nan,4.76e-05,9.4e-06,1.06e-05,1.67e-05,4.76e-05,nan,nan,nan,nan,nan,nan,nan,nan,nan,nan,0,05_resultados\revisao_operacional\campanha_v1\j00300.mat,campanha_v1
j00301,timing,perda_fonte,miope_qp,0,{},592.6116232891053,592.6116232891053,1,14.754610001373313,14.75461000137331,150,150,150,150,57.9147667951044,56.47501255161039,60,24.32134429297718,1150.0008251042025,0,0,0.02432134429297718,500,150,59.99996967342122,nan,0,nan,nan,nan,nan,nan,0.0012989,0.0006081999999999999,0.0007684,0.0009530999999999999,0.0012989,0.0011513,0.0005408,0.0006702,0.0008279,0.0011513,nan,nan,nan,nan,nan,0,05_resultados\revisao_operacional\campanha_v1\j00301.mat,campanha_v1
j00302,timing,perda_fonte,mpc_qp_v5,0,{},350.0673643906158,350.0673643906158,1,14.583380890632919,14.583380890632919,150,150,150,150,57.09765980475696,55.703914844740474,60,27.741904277043087,1655.8768161818073,0,1.5833333333333335,0.027741904277043088,500,150,59.3449119390287,0.014570765323362878,733,0,0,0.003397654078071355,333283.200808402,4015243775612013.0,0.0229682,0.026327549999999998,0.0341809,0.04003115,0.0475256,0.0161594,0.021881249999999998,0.028797049999999998,0.03526805,0.0400057,0.004671,0.00435895,0.00546475,0.00716915,0.011705,0,05_resultados\revisao_operacional\campanha_v1\j00302.mat,campanha_v1
j00303,timing,perda_fonte,mpc_qp_estocastico_3cen,0,{},350.0000079452134,350.0000079452134,1,14.58333333895582,14.583333338955818,150,150,150,150,49.403721718446974,49.403721718446974,60,50.33232183737638,831.9827192014416,0,0,0.050332321837376376,500,150,56.199886737852154,7.105427357601002e-15,0,0,0,5.684341886080801e-13,666566.4042708572,8858386386927326.0,0.0472961,0.05288205,0.08214315,0.11081325,0.4984347,0.0320277,0.040796650000000004,0.06583744999999999,0.0972169,0.1056652,0.0123248,0.011721249999999999,0.0145732,0.02024305,0.4401878,0,05_resultados\revisao_operacional\evento_adiantado_corrigido_v1\j00303.mat,evento_adiantado_corrigido_v1
j00304,timing,perda_fonte,heuristico,1,{},592.6122638850534,592.6122638850534,1,14.754610453615202,14.754610453615202,150,150,150,150,57.93978528855198,56.5039066455025,60,24.16369944991276,850,0,0,0.02416369944991276,500,150,60,nan,0,nan,nan,nan,nan,nan,3.91e-05,7.9e-06,1.04e-05,2.115e-05,3.91e-05,nan,nan,nan,nan,nan,nan,nan,nan,nan,nan,0,05_resultados\revisao_operacional\campanha_v1\j00304.mat,campanha_v1
j00305,timing,perda_fonte,heuristico_foresight,1,{},370.5532507924737,370.5532507924737,1,14.597843323684993,14.597843323684993,150,150,150,150,57.56503485596575,56.13372177187387,60,25.89804834197716,850,0,0,0.02589804834197716,500,150,59.694602046846924,nan,0,nan,nan,nan,nan,nan,4.35e-05,8.8e-06,1.01e-05,1.42e-05,4.35e-05,nan,nan,nan,nan,nan,nan,nan,nan,nan,nan,0,05_resultados\revisao_operacional\campanha_v1\j00305.mat,campanha_v1
j00306,timing,perda_fonte,miope_qp,1,{},592.6116232891053,592.6116232891053,1,14.754610001373313,14.75461000137331,150,150,150,150,57.9147667951044,56.47501255161039,60,24.32134429297718,1150.0008251042025,0,0,0.02432134429297718,500,150,59.99996967342122,nan,0,nan,nan,nan,nan,nan,0.0012317,0.0005860500000000001,0.0007264999999999999,0.0008981,0.0012317,0.0010728,0.0005215,0.00064295,0.0007991999999999999,0.0010728,nan,nan,nan,nan,nan,0,05_resultados\revisao_operacional\campanha_v1\j00306.mat,campanha_v1
j00307,timing,perda_fonte,mpc_qp_v5,1,{},350.11181370477163,350.11181370477163,1,14.58341227054095,14.583412270540949,150,150,150,150,57.27009723518743,55.876353061562945,60,26.92281860823072,1608.6626734476151,0,2.166666666666667,0.02692281860823072,500,150,59.517343580585546,0.01457075134091923,733,0,0,0.003684742216421455,333283.200808402,4015243775612013.0,0.0211767,0.0262316,0.03284525,0.039967050000000004,0.049429,0.0154442,0.0218806,0.0276888,0.03551265,0.0448286,0.0040322,0.00408575,0.0050282999999999994,0.00587225,0.0094919,0,05_resultados\revisao_operacional\campanha_v1\j00307.mat,campanha_v1
j00308,timing,perda_fonte,mpc_qp_estocastico_3cen,1,{},350.0011415593664,350.0011415593664,1,14.583334139254006,14.583334139254005,150,150,150,150,49.57777012311766,49.57777012311766,60,49.505591915190635,2126.7976489106322,0,0.16666666666666669,0.04950559191519063,500,150,56.373934997234215,0.12229563290882339,57,0,0,0.0029487140686228486,666566.4042708572,8858386386927326.0,0.045885,0.052213850000000006,0.08043534999999999,0.11142615,0.2337686,0.0321715,0.040545899999999996,0.06369245000000001,0.09792015,0.152688,0.0111719,0.01133205,0.01403865,0.01780385,0.1653516,0,05_resultados\revisao_operacional\evento_adiantado_corrigido_v1\j00308.mat,evento_adiantado_corrigido_v1
j00309,timing,perda_fonte,heuristico,2,{},592.6122638850534,592.6122638850534,1,14.754610453615202,14.754610453615202,150,150,150,150,57.93978528855198,56.5039066455025,60,24.16369944991276,850,0,0,0.02416369944991276,500,150,60,nan,0,nan,nan,nan,nan,nan,4.07e-05,8e-06,1.09e-05,1.17e-05,4.83e-05,nan,nan,nan,nan,nan,nan,nan,nan,nan,nan,0,05_resultados\revisao_operacional\campanha_v1\j00309.mat,campanha_v1
j00310,timing,perda_fonte,heuristico_foresight,2,{},378.6403238930874,378.6403238930874,1,14.603552559360063,14.603552559360063,150,150,150,150,57.56161623998138,56.132942044778396,60,25.887863156791976,850,0,0,0.025887863156791976,500,150,59.71601218826426,nan,0,nan,nan,nan,nan,nan,4.35e-05,8.9e-06,1.06e-05,1.35e-05,4.35e-05,nan,nan,nan,nan,nan,nan,nan,nan,nan,nan,0,05_resultados\revisao_operacional\campanha_v1\j00310.mat,campanha_v1
j00311,timing,perda_fonte,miope_qp,2,{},592.6116232891053,592.6116232891053,1,14.754610001373313,14.75461000137331,150,150,150,150,57.9147667951044,56.47501255161039,60,24.32134429297718,1150.0008251042025,0,0,0.02432134429297718,500,150,59.99996967342122,nan,0,nan,nan,nan,nan,nan,0.0012486,0.00058785,0.0007407,0.0009635,0.0012486,0.0011066,0.0005219000000000001,0.00065505,0.0008916,0.0011066,nan,nan,nan,nan,nan,0,05_resultados\revisao_operacional\campanha_v1\j00311.mat,campanha_v1
j00312,timing,perda_fonte,mpc_qp_v5,2,{},350.3300306623937,350.3300306623937,1,14.583566325292615,14.583566325292615,150,150,150,150,57.27389649954128,55.88278678581731,60,26.878392839597925,1840.3923858232351,0,2.166666666666667,0.026878392839597927,500,150,59.547110708247935,0.014571133976488682,733,0,0,0.0009834831030275382,333283.200808402,4015243775612013.0,0.0206642,0.02564735,0.0318932,0.0400204,0.0934051,0.0150383,0.02133475,0.027049700000000003,0.0355277,0.0890246,0.0039672,0.0040269,0.0048856,0.0053563,0.0078816,0,05_resultados\revisao_operacional\campanha_v1\j00312.mat,campanha_v1
j00313,timing,perda_fonte,mpc_qp_estocastico_3cen,2,{},350.0000215967958,350.0000215967958,1,14.583333348593605,14.583333348593603,150,150,150,150,49.421305944828305,49.421305944828305,60,50.248796762065076,831.9832648875049,0,0,0.050248796762065076,500,150,56.23500860394104,7.105427357601002e-15,0,0,0,5.684341886080801e-13,666566.4042708572,8858386386927326.0,0.0455889,0.0520849,0.0763991,0.10738375,0.1164393,0.0321771,0.04043505,0.06272135,0.09539115000000001,0.1043214,0.0103184,0.011290950000000001,0.0132329,0.014526250000000001,0.0195634,0,05_resultados\revisao_operacional\evento_adiantado_corrigido_v1\j00313.mat,evento_adiantado_corrigido_v1
j00314,timing,perda_fonte,heuristico,3,{},592.6122638850534,592.6122638850534,1,14.754610453615202,14.754610453615202,150,150,150,150,57.93978528855198,56.5039066455025,60,24.16369944991276,850,0,0,0.02416369944991276,500,150,60,nan,0,nan,nan,nan,nan,nan,4.43e-05,8.2e-06,1.115e-05,1.845e-05,6.27e-05,nan,nan,nan,nan,nan,nan,nan,nan,nan,nan,0,05_resultados\revisao_operacional\campanha_v1\j00314.mat,campanha_v1
j00315,timing,perda_fonte,heuristico_foresight,3,{},386.72739546127775,386.72739546127775,1,14.609261793953285,14.609261793953285,150,150,150,150,57.55741789690142,56.13138259058732,60,25.881381675310493,850.0000000000001,0,0,0.025881381675310493,500,150,59.73664260281383,nan,0,nan,nan,nan,nan,nan,4.85e-05,9.1e-06,1.45e-05,2.535e-05,4.85e-05,nan,nan,nan,nan,nan,nan,nan,nan,nan,nan,0,05_resultados\revisao_operacional\campanha_v1\j00315.mat,campanha_v1
j00316,timing,perda_fonte,miope_qp,3,{},592.6116232891053,592.6116232891053,1,14.754610001373313,14.75461000137331,150,150,150,150,57.9147667951044,56.47501255161039,60,24.32134429297718,1150.0008251042025,0,0,0.02432134429297718,500,150,59.99996967342122,nan,0,nan,nan,nan,nan,nan,0.0012959,0.0005939,0.0007366499999999999,0.0009479,0.0012959,0.0011464,0.00052775,0.0006535499999999999,0.0008518499999999999,0.0011464,nan,nan,nan,nan,nan,0,05_resultados\revisao_operacional\campanha_v1\j00316.mat,campanha_v1
j00317,timing,perda_fonte,mpc_qp_v5,3,{},350.1683414036032,350.1683414036032,1,14.583452177433353,14.583452177433351,150,150,150,150,57.10152405859894,55.71305143093493,60,27.67075637497434,1621.2800564006566,0,1.4166666666666665,0.027670756374974338,500,150,59.40079116681502,0.014571147739779633,733,0,0,0.001418580611186826,333283.200808402,4015243775612013.0,0.0216664,0.0251884,0.0315553,0.038160650000000004,0.0442016,0.0156494,0.020964049999999998,0.0265471,0.0334683,0.0394449,0.0038984,0.0040631999999999995,0.00492965,0.005366849999999999,0.0056485,0,05_resultados\revisao_operacional\campanha_v1\j00317.mat,campanha_v1
j00318,timing,perda_fonte,mpc_qp_estocastico_3cen,3,{},350.0016441801557,350.0016441801557,1,14.583334494089573,14.583334494089573,150,150,150,150,49.501124733209394,49.501124733209394,60,49.86965751725518,1631.983260552549,0,0.08333333333333334,0.04986965751725518,500,150,56.33238803146668,0.1255189852420031,56,0,0,0.0012564097638119165,666566.4042708572,8858386386927326.0,0.0456786,0.05204185,0.0772738,0.11694985,0.1392211,0.0316945,0.04049795,0.06448265,0.1032363,0.1285926,0.0115389,0.0112315,0.0132836,0.01461195,0.0183373,0,05_resultados\revisao_operacional\evento_adiantado_corrigido_v1\j00318.mat,evento_adiantado_corrigido_v1
j00319,timing,perda_fonte,heuristico,4,{},592.6122638850534,592.6122638850534,1,14.754610453615202,14.754610453615202,150,150,150,150,57.93978528855198,56.5039066455025,60,24.16369944991276,850,0,0,0.02416369944991276,500,150,60,nan,0,nan,nan,nan,nan,nan,4.7e-05,8e-06,9.1e-06,1.025e-05,4.7e-05,nan,nan,nan,nan,nan,nan,nan,nan,nan,nan,0,05_resultados\revisao_operacional\campanha_v1\j00319.mat,campanha_v1
j00320,timing,perda_fonte,heuristico_foresight,4,{},394.81446450292935,394.81446450292935,1,14.614971026762849,14.614971026762849,150,150,150,150,57.55243982672598,56.12904340930077,60,25.878603897532717,850.0000000000001,0,0,0.02587860389753272,500,150,59.7564932906434,nan,0,nan,nan,nan,nan,nan,4.54e-05,8.9e-06,9.9e-06,1.07e-05,4.54e-05,nan,nan,nan,nan,nan,nan,nan,nan,nan,nan,0,05_resultados\revisao_operacional\campanha_v1\j00320.mat,campanha_v1
j00321,timing,perda_fonte,miope_qp,4,{},592.6116232891053,592.6116232891053,1,14.754610001373313,14.75461000137331,150,150,150,150,57.9147667951044,56.47501255161039,60,24.32134429297718,1150.0008251042025,0,0,0.02432134429297718,500,150,59.99996967342122,nan,0,nan,nan,nan,nan,nan,0.0013147,0.00058265,0.0007262,0.00091815,0.0013147,0.0011523,0.00051855,0.000651,0.0008199500000000001,0.0011523,nan,nan,nan,nan,nan,0,05_resultados\revisao_operacional\campanha_v1\j00321.mat,campanha_v1
j00322,timing,perda_fonte,mpc_qp_v5,4,{},350.50983373774534,350.50983373774534,1,14.583693260973881,14.583693260973881,150,150,150,150,57.1491661986243,55.76333165780753,60,27.41804062971303,1648.9356056329148,0,1.6666666666666667,0.02741804062971303,500,150,59.47441246117157,0.014571143662713837,733,0,0,0.004328677385672108,333283.200808402,4015243775612013.0,0.0214616,0.0254654,0.03279145,0.03854215,0.0427371,0.0157576,0.021207999999999998,0.0276138,0.0337352,0.0385339,0.0040305,0.004088700000000001,0.00507355,0.005451050000000001,0.0092476,0,05_resultados\revisao_operacional\campanha_v1\j00322.mat,campanha_v1
j00323,timing,perda_fonte,mpc_qp_estocastico_3cen,4,{},350.00087183197587,350.00087183197587,1,14.583333948834555,14.583333948834554,150,150,150,150,49.549734230872616,49.549734230872616,60,49.638762403355,1578.2676340392209,0,0.08333333333333334,0.049638762403355005,500,150,56.39855852005826,0.12157630094388594,58,0,0,1.2505552149377763e-12,666566.4042708572,8858386386927326.0,0.0458346,0.052599,0.07555155,0.1120875,0.1560696,0.0320854,0.0407528,0.06343905,0.09904425,0.1426824,0.010833,0.0114882,0.0138469,0.01521025,0.0189006,0,05_resultados\revisao_operacional\evento_adiantado_corrigido_v1\j00323.mat,evento_adiantado_corrigido_v1
j00324,timing,perda_fonte,heuristico,5,{},592.6122638850534,592.6122638850534,1,14.754610453615202,14.754610453615202,150,150,150,150,57.93978528855198,56.5039066455025,60,24.16369944991276,850,0,0,0.02416369944991276,500,150,60,nan,0,nan,nan,nan,nan,nan,4.18e-05,8e-06,9.2e-06,1.64e-05,4.18e-05,nan,nan,nan,nan,nan,nan,nan,nan,nan,nan,0,05_resultados\revisao_operacional\campanha_v1\j00324.mat,campanha_v1
j00325,timing,perda_fonte,heuristico_foresight,5,{},402.9015293790226,402.9015293790226,1,14.620680256631648,14.620680256631648,150,150,150,150,57.54668202945504,56.12592450091872,60,25.879529823458643,850,0,0,0.025879529823458643,500,150,59.775564251996556,nan,0,nan,nan,nan,nan,nan,4.69e-05,8.8e-06,9.8e-06,1.045e-05,4.69e-05,nan,nan,nan,nan,nan,nan,nan,nan,nan,nan,0,05_resultados\revisao_operacional\campanha_v1\j00325.mat,campanha_v1
j00326,timing,perda_fonte,miope_qp,5,{},592.6116232891053,592.6116232891053,1,14.754610001373313,14.75461000137331,150,150,150,150,57.9147667951044,56.47501255161039,60,24.32134429297718,1150.0008251042025,0,0,0.02432134429297718,500,150,59.99996967342122,nan,0,nan,nan,nan,nan,nan,0.0012736,0.00058175,0.0007117,0.0008605500000000001,0.0012736,0.0011293,0.0005178,0.00062265,0.0007733499999999999,0.0011293,nan,nan,nan,nan,nan,0,05_resultados\revisao_operacional\campanha_v1\j00326.mat,campanha_v1
j00327,timing,perda_fonte,mpc_qp_v5,5,{},352.1861831411365,352.1861831411365,1,14.584876714331617,14.584876714331612,150,150,150,150,57.27725960293886,55.89406351270584,60,26.783177736926255,1837.42891841383,0,2.25,0.026783177736926254,500,150,59.62828700438555,0.01457113306209834,733,0,0,0.0022758995551726002,333283.200808402,4015243775612013.0,0.0212461,0.0252877,0.032224249999999996,0.040356649999999994,0.0935414,0.0154363,0.02106635,0.027245600000000002,0.035327399999999995,0.0880802,0.0040507,0.0040102,0.005012849999999999,0.0054439499999999995,0.0083528,0,05_resultados\revisao_operacional\campanha_v1\j00327.mat,campanha_v1
j00328,timing,perda_fonte,mpc_qp_estocastico_3cen,5,{},350.00009678822795,350.00009678822795,1,14.583333401676626,14.583333401676626,150,150,150,150,49.421306119663136,49.421306119663136,60,50.2487959315998,831.9832657213046,0,0,0.0502487959315998,500,150,56.287691376630676,7.105427357601002e-15,0,0,0,5.684341886080801e-13,666566.4042708572,8858386386927326.0,0.0462016,0.05330815,0.08121085,0.1096988,0.1188558,0.0321571,0.04110865,0.0659028,0.0973714,0.1054152,0.0111082,0.01172455,0.014157099999999999,0.0166304,0.0345751,0,05_resultados\revisao_operacional\evento_adiantado_corrigido_v1\j00328.mat,evento_adiantado_corrigido_v1
j00329,timing,perda_fonte,heuristico,6,{},592.6122638850534,592.6122638850534,1,14.754610453615202,14.754610453615202,150,150,150,150,57.93978528855198,56.5039066455025,60,24.16369944991276,850,0,0,0.02416369944991276,500,150,60,nan,0,nan,nan,nan,nan,nan,5.62e-05,8.1e-06,9.35e-06,1.43e-05,5.62e-05,nan,nan,nan,nan,nan,nan,nan,nan,nan,nan,0,05_resultados\revisao_operacional\campanha_v1\j00329.mat,campanha_v1
j00330,timing,perda_fonte,heuristico_foresight,6,{},410.9885873872711,410.9885873872711,1,14.626389481651952,14.626389481651952,150,150,150,150,57.540144505088584,56.12202586544115,60,25.88415945308827,850,0,0,0.02588415945308827,500,150,59.79385548727493,nan,0,nan,nan,nan,nan,nan,4.74e-05,9e-06,1.2e-05,1.75e-05,4.74e-05,nan,nan,nan,nan,nan,nan,nan,nan,nan,nan,0,05_resultados\revisao_operacional\campanha_v1\j00330.mat,campanha_v1
j00331,timing,perda_fonte,miope_qp,6,{},592.6116232891053,592.6116232891053,1,14.754610001373313,14.75461000137331,150,150,150,150,57.9147667951044,56.47501255161039,60,24.32134429297718,1150.0008251042025,0,0,0.02432134429297718,500,150,59.99996967342122,nan,0,nan,nan,nan,nan,nan,0.0013565,0.00058665,0.0007275000000000001,0.0009058,0.0013565,0.0011893,0.0005222,0.0006523,0.00080995,0.0011893,nan,nan,nan,nan,nan,0,05_resultados\revisao_operacional\campanha_v1\j00331.mat,campanha_v1
j00332,timing,perda_fonte,mpc_qp_v5,6,{},352.68383626124967,352.68383626124967,1,14.585228042792641,14.58522804279264,150,150,150,150,57.11120176586696,55.73064279422261,60,27.545546578201666,1653.9775975796326,0,1.6666666666666667,0.027545546578201664,500,150,59.48818410547333,0.014571146313343775,733,0,0,0.0025184844212162716,333283.200808402,4015243775612013.0,0.0212065,0.02539385,0.0330212,0.039787699999999995,0.0987845,0.0151793,0.021159650000000002,0.027804299999999997,0.03487715,0.0938918,0.0038927,0.004119950000000001,0.00502335,0.0055580000000000004,0.011441,0,05_resultados\revisao_operacional\campanha_v1\j00332.mat,campanha_v1
j00333,timing,perda_fonte,mpc_qp_estocastico_3cen,6,{},350.0001595752859,350.0001595752859,1,14.583333446002422,14.583333446002422,150,150,150,150,49.421306171613715,49.421306171613715,60,50.248795684834334,831.9832659961564,0,0,0.050248795684834334,500,150,56.305252288927235,7.105427357601002e-15,0,0,0,5.684341886080801e-13,666566.4042708572,8858386386927326.0,0.0475322,0.0610873,0.10640725000000001,0.12877699999999997,0.1722139,0.0327998,0.04647935,0.0838737,0.10873665,0.1400882,0.0119291,0.0136133,0.0238882,0.02865595,0.0646579,0,05_resultados\revisao_operacional\evento_adiantado_corrigido_v1\j00333.mat,evento_adiantado_corrigido_v1
j00334,timing,perda_fonte,heuristico,7,{},592.6122638850534,592.6122638850534,1,14.754610453615202,14.754610453615202,150,150,150,150,57.93978528855198,56.5039066455025,60,24.16369944991276,850,0,0,0.02416369944991276,500,150,60,nan,0,nan,nan,nan,nan,nan,4.04e-05,8e-06,9.4e-06,1.6e-05,4.04e-05,nan,nan,nan,nan,nan,nan,nan,nan,nan,nan,0,05_resultados\revisao_operacional\campanha_v1\j00334.mat,campanha_v1
j00335,timing,perda_fonte,heuristico_foresight,7,{},419.0756340723581,419.0756340723581,1,14.632098698678437,14.632098698678437,150,150,150,150,57.532827253626564,56.11734750286802,60,25.892492786421602,850,0,0,0.0258924927864216,500,150,59.8113669971407,nan,0,nan,nan,nan,nan,nan,5.15e-05,9.1e-06,1.165e-05,1.9999999999999998e-05,5.15e-05,nan,nan,nan,nan,nan,nan,nan,nan,nan,nan,0,05_resultados\revisao_operacional\campanha_v1\j00335.mat,campanha_v1
j00336,timing,perda_fonte,miope_qp,7,{},592.6116232891053,592.6116232891053,1,14.754610001373313,14.75461000137331,150,150,150,150,57.9147667951044,56.47501255161039,60,24.32134429297718,1150.0008251042025,0,0,0.02432134429297718,500,150,59.99996967342122,nan,0,nan,nan,nan,nan,nan,0.0012589,0.00057555,0.0007621500000000001,0.00098595,0.0013273,0.0011177,0.00051245,0.0006731,0.0008752,0.0011678,nan,nan,nan,nan,nan,0,05_resultados\revisao_operacional\campanha_v1\j00336.mat,campanha_v1
j00337,timing,perda_fonte,mpc_qp_v5,7,{},353.09738930289325,353.09738930289325,1,14.58551999907276,14.58551999907276,150,150,150,150,57.1069630989276,55.729041978807146,60,27.539267022352256,1445.4819864342733,0,1.8333333333333333,0.027539267022352255,500,150,59.509913638155275,0.014571146443152827,733,0,0,0.00774581574074773,333283.200808402,4015243775612013.0,0.0211987,0.025191449999999997,0.031146149999999997,0.039777599999999996,0.0488057,0.0157123,0.0210208,0.02635055,0.034878950000000006,0.0437758,0.0039417,0.004,0.0049079,0.005391399999999999,0.0090988,0,05_resultados\revisao_operacional\campanha_v1\j00337.mat,campanha_v1
j00338,timing,perda_fonte,mpc_qp_estocastico_3cen,7,{},350.0093760385819,350.0093760385819,1,14.583339952554375,14.583339952554375,150,150,150,150,49.57528384860327,49.57528384860327,60,49.517401719134085,2015.540309266095,0,0.16666666666666669,0.04951740171913409,500,150,56.47678948624578,0.12164418273039956,57,0,0,1.0342489531467436e-08,666566.4042708572,8858386386927326.0,0.0526014,0.06276860000000001,0.08910114999999999,0.13100604999999999,0.1672347,0.0343383,0.0477649,0.0743114,0.11641475,0.1518286,0.0150062,0.01395045,0.0179827,0.0199735,0.0273117,0,05_resultados\revisao_operacional\evento_adiantado_corrigido_v1\j00338.mat,evento_adiantado_corrigido_v1
j00339,timing,perda_fonte,heuristico,8,{},592.6122638850534,592.6122638850534,1,14.754610453615202,14.754610453615202,150,150,150,150,57.93978528855198,56.5039066455025,60,24.16369944991276,850,0,0,0.02416369944991276,500,150,60,nan,0,nan,nan,nan,nan,nan,4.01e-05,8.1e-06,9.4e-06,1.535e-05,4.01e-05,nan,nan,nan,nan,nan,nan,nan,nan,nan,nan,0,05_resultados\revisao_operacional\campanha_v1\j00339.mat,campanha_v1
j00340,timing,perda_fonte,heuristico_foresight,8,{},427.16266208870786,427.16266208870786,1,14.637807902525346,14.637807902525346,150,150,150,150,57.52473027506906,56.11188941319941,60,25.90452982345864,850,0,0,0.025904529823458637,500,150,59.8280987826856,nan,0,nan,nan,nan,nan,nan,5.87e-05,9.1e-06,1.22e-05,2.1099999999999998e-05,5.87e-05,nan,nan,nan,nan,nan,nan,nan,nan,nan,nan,0,05_resultados\revisao_operacional\campanha_v1\j00340.mat,campanha_v1
j00341,timing,perda_fonte,miope_qp,8,{},592.6116232891053,592.6116232891053,1,14.754610001373313,14.75461000137331,150,150,150,150,57.9147667951044,56.47501255161039,60,24.32134429297718,1150.0008251042025,0,0,0.02432134429297718,500,150,59.99996967342122,nan,0,nan,nan,nan,nan,nan,0.001295,0.0006154,0.0007515,0.0009404,0.001295,0.0011463,0.0005472999999999999,0.00065945,0.0008491,0.0011463,nan,nan,nan,nan,nan,0,05_resultados\revisao_operacional\campanha_v1\j00341.mat,campanha_v1
j00342,timing,perda_fonte,mpc_qp_v5,8,{},353.7671903960854,353.7671903960854,1,14.585992858938381,14.58599285893838,150,150,150,150,57.251052332857554,55.875769732491406,60,26.828423246276408,1601.5565298002264,0,2.166666666666667,0.02682842324627641,500,150,59.67993368166363,0.014571134545477094,733,0,0,0.0002794634922338446,333283.200808402,4015243775612013.0,0.0273893,0.0252023,0.0314285,0.039707049999999994,0.0489051,0.0199219,0.0210052,0.02670215,0.035148349999999995,0.0448138,0.0043688,0.00406885,0.00487545,0.0052403,0.0084849,0,05_resultados\revisao_operacional\campanha_v1\j00342.mat,campanha_v1
j00343,timing,perda_fonte,mpc_qp_estocastico_3cen,8,{},350.01545846674674,350.01545846674674,1,14.583344246569785,14.583344246569785,150,150,150,150,49.575283889796474,49.575283889796474,60,49.517401523466475,2015.5400095276632,0,0.16666666666666669,0.049517401523466474,500,150,56.494349493102696,0.1216441827454986,57,0,0,1.0342375844629714e-08,666566.4042708572,8858386386927326.0,0.0516922,0.0617456,0.09589875,0.1370445,0.1946185,0.0365117,0.047298,0.0788914,0.12051325,0.1790427,0.0122193,0.01308235,0.01830905,0.02036675,0.0453309,0,05_resultados\revisao_operacional\evento_adiantado_corrigido_v1\j00343.mat,evento_adiantado_corrigido_v1
j00344,timing,perda_fonte,heuristico,9,{},592.6122638850534,592.6122638850534,1,14.754610453615202,14.754610453615202,150,150,150,150,57.93978528855198,56.5039066455025,60,24.16369944991276,850,0,0,0.02416369944991276,500,150,60,nan,0,nan,nan,nan,nan,nan,3.93e-05,7.9e-06,9.8e-06,1.03e-05,0.0001494,nan,nan,nan,nan,nan,nan,nan,nan,nan,nan,0,05_resultados\revisao_operacional\campanha_v1\j00344.mat,campanha_v1
j00345,timing,perda_fonte,heuristico_foresight,9,{},435.2496593255132,435.2496593255132,1,14.643517084642799,14.643517084642799,150,150,150,150,57.51585356941604,56.10565159643527,60,25.92027056419938,850,0,0,0.02592027056419938,500,150,59.8440508457096,nan,0,nan,nan,nan,nan,nan,4.35e-05,8.9e-06,9.9e-06,1.135e-05,4.35e-05,nan,nan,nan,nan,nan,nan,nan,nan,nan,nan,0,05_resultados\revisao_operacional\campanha_v1\j00345.mat,campanha_v1
j00346,timing,perda_fonte,miope_qp,9,{},592.6116232891053,592.6116232891053,1,14.754610001373313,14.75461000137331,150,150,150,150,57.9147667951044,56.47501255161039,60,24.32134429297718,1150.0008251042025,0,0,0.02432134429297718,500,150,59.99996967342122,nan,0,nan,nan,nan,nan,nan,0.0012188,0.00059175,0.0007653499999999999,0.00096185,0.0012188,0.0010816,0.00052665,0.0006808000000000001,0.00085895,0.0010958,nan,nan,nan,nan,nan,0,05_resultados\revisao_operacional\campanha_v1\j00346.mat,campanha_v1
j00347,timing,perda_fonte,mpc_qp_v5,9,{},366.31041237539773,366.31041237539773,1,14.594848004614757,14.594848004614756,150,150,150,150,57.27067349754635,55.89802885495,60,26.70880842633645,1701.0825839043473,0,2.4166666666666665,0.02670880842633645,500,150,59.72372037979825,0.014571132740563542,733,0,0,0.0027628990793573394,333283.200808402,4015243775612013.0,0.0204779,0.025897450000000002,0.0340395,0.040135000000000004,0.1010496,0.0151713,0.021417600000000002,0.0288027,0.03534195,0.0964568,0.0037477,0.004116750000000001,0.00504985,0.0056934,0.0089432,0,05_resultados\revisao_operacional\campanha_v1\j00347.mat,campanha_v1
j00348,timing,perda_fonte,mpc_qp_estocastico_3cen,9,{},350.0254867222348,350.0254867222348,1,14.583351326223195,14.583351326223195,150,150,150,150,49.57528389130262,49.57528389130262,60,49.51740151631219,2015.540443691339,0,0.16666666666666669,0.04951740151631219,500,150,56.51190887382233,0.12164418259774834,57,0,0,0.0032914508112185104,666566.4042708572,8858386386927326.0,0.0621829,0.058454450000000005,0.0877153,0.14111865,0.1847864,0.0443341,0.0443703,0.0735923,0.12526805,0.1709047,0.0138208,0.012428100000000001,0.01754195,0.019395799999999998,0.0323354,0,05_resultados\revisao_operacional\evento_adiantado_corrigido_v1\j00348.mat,evento_adiantado_corrigido_v1
j00349,timing,perda_fonte,heuristico,10,{},592.6122638850534,592.6122638850534,1,14.754610453615202,14.754610453615202,150,150,150,150,57.93978528855198,56.5039066455025,60,24.16369944991276,850,0,0,0.02416369944991276,500,150,60,nan,0,nan,nan,nan,nan,nan,4.18e-05,8e-06,9.5e-06,1.61e-05,4.18e-05,nan,nan,nan,nan,nan,nan,nan,nan,nan,nan,0,05_resultados\revisao_operacional\campanha_v1\j00349.mat,campanha_v1
j00350,timing,perda_fonte,heuristico_foresight,10,{},443.33660581542915,443.33660581542915,1,14.64922623093444,14.64922623093444,150,150,150,150,57.50619713666749,56.09863405257561,60,25.939715008643827,850,0,0,0.025939715008643827,500,150,59.85922318918037,nan,0,nan,nan,nan,nan,nan,4.24e-05,9e-06,1.085e-05,1.6599999999999997e-05,4.24e-05,nan,nan,nan,nan,nan,nan,nan,nan,nan,nan,0,05_resultados\revisao_operacional\campanha_v1\j00350.mat,campanha_v1
j00351,timing,perda_fonte,miope_qp,10,{},592.6116232891053,592.6116232891053,1,14.754610001373313,14.75461000137331,150,150,150,150,57.9147667951044,56.47501255161039,60,24.32134429297718,1150.0008251042025,0,0,0.02432134429297718,500,150,59.99996967342122,nan,0,nan,nan,nan,nan,nan,0.001537,0.0005793,0.0007214999999999999,0.0008882499999999999,0.001537,0.0013299,0.0005157,0.00064735,0.0008043,0.0013299,nan,nan,nan,nan,nan,0,05_resultados\revisao_operacional\campanha_v1\j00351.mat,campanha_v1
j00352,timing,perda_fonte,mpc_qp_v5,10,{},355.57470106781705,355.57470106781705,1,14.587268908293021,14.587268908293018,150,150,150,150,57.226160619443775,55.85615364626811,60,26.89383319693979,1653.7399036773743,0,1.9166666666666665,0.02689383319693979,500,150,59.70683257567193,0.014571136136083851,733,0,0,1.5287919268303085e-06,333283.200808402,4015243775612013.0,0.0210884,0.0251315,0.03048305,0.039087449999999996,0.0489282,0.0151703,0.020959600000000002,0.02586645,0.0345606,0.044353,0.0039301,0.003948200000000001,0.004706,0.00504745,0.0053417,0,05_resultados\revisao_operacional\campanha_v1\j00352.mat,campanha_v1
j00353,timing,perda_fonte,mpc_qp_estocastico_3cen,10,{},350.0011791212286,350.0011791212286,1,14.583334165771834,14.583334165771833,150,150,150,150,49.42130639387311,49.42130639387311,60,50.24879462910231,831.9832671056644,0,0,0.05024879462910231,500,150,56.37549583837132,7.105427357601002e-15,0,0,0,0.003509596385583791,666566.4042708572,8858386386927326.0,0.047085,0.055443,0.08541874999999999,0.1169095,0.1521876,0.0332093,0.04263545,0.0701773,0.10356080000000001,0.1391025,0.0113269,0.0125024,0.015091799999999999,0.0183432,0.0478651,0,05_resultados\revisao_operacional\evento_adiantado_corrigido_v1\j00353.mat,evento_adiantado_corrigido_v1
j00354,timing,perda_fonte,heuristico,11,{},592.6122638850534,592.6122638850534,1,14.754610453615202,14.754610453615202,150,150,150,150,57.93978528855198,56.5039066455025,60,24.16369944991276,850,0,0,0.02416369944991276,500,150,60,nan,0,nan,nan,nan,nan,nan,3.9e-05,7.9e-06,9.1e-06,1.145e-05,3.9e-05,nan,nan,nan,nan,nan,nan,nan,nan,nan,nan,0,05_resultados\revisao_operacional\campanha_v1\j00354.mat,campanha_v1
j00355,timing,perda_fonte,heuristico_foresight,11,{},451.4234686378691,451.4234686378691,1,14.654935318159309,14.654935318159309,150,150,150,150,57.49576097682343,56.090836781620446,60,25.962863156791975,850,0,0,0.025962863156791974,500,150,59.87361581799073,nan,0,nan,nan,nan,nan,nan,4.31e-05,8.8e-06,9.9e-06,1.31e-05,4.31e-05,nan,nan,nan,nan,nan,nan,nan,nan,nan,nan,0,05_resultados\revisao_operacional\campanha_v1\j00355.mat,campanha_v1
j00356,timing,perda_fonte,miope_qp,11,{},592.6116232891053,592.6116232891053,1,14.754610001373313,14.75461000137331,150,150,150,150,57.9147667951044,56.47501255161039,60,24.32134429297718,1150.0008251042025,0,0,0.02432134429297718,500,150,59.99996967342122,nan,0,nan,nan,nan,nan,nan,0.0012101,0.0005740999999999999,0.00069665,0.00083545,0.0012101,0.0010728,0.0005113,0.00062175,0.0007548,0.0010728,nan,nan,nan,nan,nan,0,05_resultados\revisao_operacional\campanha_v1\j00356.mat,campanha_v1
j00357,timing,perda_fonte,mpc_qp_v5,11,{},410.5658029808245,410.5658029808245,1,14.626091008321168,14.626091008321167,150,150,150,150,57.14273963779008,55.77537016043873,60,27.263673197660083,1802.3900642690166,0,1.9166666666666665,0.02726367319766008,500,150,59.641267814480685,0.01457114268654891,733,0,0,3.775826098717516e-05,333283.200808402,4015243775612013.0,0.0213444,0.0251603,0.03128865,0.0399076,0.0442801,0.0153973,0.020983,0.026614850000000002,0.0352064,0.0395245,0.0042305,0.00404965,0.00486815,0.00524025,0.0060875,0,05_resultados\revisao_operacional\campanha_v1\j00357.mat,campanha_v1
j00358,timing,perda_fonte,mpc_qp_estocastico_3cen,11,{},350.0989546835985,350.0989546835985,1,14.583403192442834,14.583403192442834,150,150,150,150,49.51043753213163,49.51043753213163,60,49.82542172237431,1874.529184854629,0,0.16666666666666669,0.04982542172237431,500,150,56.482173326190676,0.12551897993451888,56,0,0,0.0036775169862153234,666566.4042708572,8858386386927326.0,0.0463201,0.05271845,0.08164745,0.11682015,0.1558474,0.0330397,0.0410465,0.0702295,0.10383790000000001,0.1430149,0.0105037,0.0114345,0.0137117,0.015391499999999999,0.0176455,0,05_resultados\revisao_operacional\evento_adiantado_corrigido_v1\j00358.mat,evento_adiantado_corrigido_v1
j00359,timing,perda_fonte,heuristico,12,{},592.6122638850534,592.6122638850534,1,14.754610453615202,14.754610453615202,150,150,150,150,57.93978528855198,56.5039066455025,60,24.16369944991276,850,0,0,0.02416369944991276,500,150,60,nan,0,nan,nan,nan,nan,nan,4.11e-05,8e-06,9.1e-06,9.8e-06,4.11e-05,nan,nan,nan,nan,nan,nan,nan,nan,nan,nan,0,05_resultados\revisao_operacional\campanha_v1\j00359.mat,campanha_v1
j00360,timing,perda_fonte,heuristico_foresight,12,{},459.5101935159617,459.5101935159617,1,14.66064430799952,14.66064430799952,150,150,150,150,57.4845450898839,56.0822597835698,60,25.989715008643827,850,0,0,0.02598971500864383,500,150,59.887228740207604,nan,0,nan,nan,nan,nan,nan,4.46e-05,9.1e-06,1.16e-05,2.3849999999999997e-05,4.98e-05,nan,nan,nan,nan,nan,nan,nan,nan,nan,nan,0,05_resultados\revisao_operacional\campanha_v1\j00360.mat,campanha_v1
j00361,timing,perda_fonte,miope_qp,12,{},592.6116232891053,592.6116232891053,1,14.754610001373313,14.75461000137331,150,150,150,150,57.9147667951044,56.47501255161039,60,24.32134429297718,1150.0008251042025,0,0,0.02432134429297718,500,150,59.99996967342122,nan,0,nan,nan,nan,nan,nan,0.0012394,0.00066215,0.00113095,0.0016114,0.0033306,0.0011002,0.00058575,0.00098285,0.0013847999999999998,0.0029372,nan,nan,nan,nan,nan,0,05_resultados\revisao_operacional\campanha_v1\j00361.mat,campanha_v1
j00362,timing,perda_fonte,mpc_qp_v5,12,{},418.59851538981445,418.59851538981445,1,14.631761866947471,14.631761866947466,150,150,150,150,57.26180287908862,55.89707180468257,60,26.671704056210114,1733.274554071965,0,2.4166666666666665,0.026671704056210114,500,150,59.785167428516594,0.014571132818161914,733,0,0,0.00026103224013240833,333283.200808402,4015243775612013.0,0.0226683,0.02608345,0.032647850000000006,0.0431661,0.1010801,0.0160518,0.02174045,0.02767605,0.03798435,0.0958299,0.0043165,0.0043675,0.00526545,0.0059165,0.0109739,0,05_resultados\revisao_operacional\campanha_v1\j00362.mat,campanha_v1
j00363,timing,perda_fonte,mpc_qp_estocastico_3cen,12,{},350.0032051252796,350.0032051252796,1,14.58333559607128,14.58333559607128,150,150,150,150,49.42130631135664,49.42130631135664,60,50.24879502105551,831.9832676571123,0,0,0.05024879502105551,500,150,56.410617194099295,7.105427357601002e-15,0,0,0,0.0036774765838458734,666566.4042708572,8858386386927326.0,1.2380995,0.054062,0.1015201,0.16205560000000002,1.2380995,0.2709983,0.0407131,0.07392935,0.13372875,0.2709983,0.1450082,0.0128996,0.025931000000000003,0.0418105,0.1450082,1,05_resultados\revisao_operacional\evento_adiantado_corrigido_v1\j00363.mat,evento_adiantado_corrigido_v1
j00364,timing,perda_fonte,heuristico,13,{},592.6122638850534,592.6122638850534,1,14.754610453615202,14.754610453615202,150,150,150,150,57.93978528855198,56.5039066455025,60,24.16369944991276,850,0,0,0.02416369944991276,500,150,60,nan,0,nan,nan,nan,nan,nan,4.32e-05,8.3e-06,1.1e-05,1.68e-05,4.32e-05,nan,nan,nan,nan,nan,nan,nan,nan,nan,nan,0,05_resultados\revisao_operacional\campanha_v1\j00364.mat,campanha_v1
j00365,timing,perda_fonte,heuristico_foresight,13,{},467.59669096227464,467.59669096227464,1,14.666353137279593,14.666353137279593,150,150,150,150,57.472549475848794,56.072903058423584,60,26.020270564199382,850,0,0,0.026020270564199383,500,150,59.900061969131094,nan,0,nan,nan,nan,nan,nan,4.34e-05,9.1e-06,1.1949999999999999e-05,1.985e-05,8.54e-05,nan,nan,nan,nan,nan,nan,nan,nan,nan,nan,0,05_resultados\revisao_operacional\campanha_v1\j00365.mat,campanha_v1
j00366,timing,perda_fonte,miope_qp,13,{},592.6116232891053,592.6116232891053,1,14.754610001373313,14.75461000137331,150,150,150,150,57.9147667951044,56.47501255161039,60,24.32134429297718,1150.0008251042025,0,0,0.02432134429297718,500,150,59.99996967342122,nan,0,nan,nan,nan,nan,nan,0.0012303,0.000614,0.00075875,0.00100175,0.0012303,0.0010944,0.0005468000000000001,0.0006738,0.0009015,0.0010995,nan,nan,nan,nan,nan,0,05_resultados\revisao_operacional\campanha_v1\j00366.mat,campanha_v1
j00367,timing,perda_fonte,mpc_qp_v5,13,{},439.68930654112705,439.68930654112705,1,14.646651344977222,14.646651344977219,150,150,150,150,57.12776523480905,55.76567143116946,60,27.281975457942423,1609.647696046429,0,1.8333333333333333,0.027281975457942424,500,150,59.6740242172695,0.014571143472991821,733,0,0,0.0033727811951962394,333283.200808402,4015243775612013.0,0.0227,0.02601165,0.0344421,0.04287515,0.0981727,0.0160639,0.021694150000000002,0.028814,0.0376347,0.0928345,0.0043392,0.00425965,0.0054915499999999996,0.00692785,0.0231769,0,05_resultados\revisao_operacional\campanha_v1\j00367.mat,campanha_v1
j00368,timing,perda_fonte,mpc_qp_estocastico_3cen,13,{},350.08183652229,350.08183652229,1,14.583391107524946,14.583391107524946,150,150,150,150,49.552121988682806,49.552121988682806,60,49.62742055375634,1921.634668544661,0,0.16666666666666669,0.04962742055375634,500,150,56.55898207180063,0.12939660232298422,116,0,0,0.003677530059633227,666566.4042708572,8858386386927326.0,0.0581132,0.05046145,0.07618285,0.10584785,0.1423359,0.0313357,0.0390239,0.06469215,0.0945034,0.1306269,0.01166,0.0110765,0.01308495,0.014211399999999999,0.020348,0,05_resultados\revisao_operacional\evento_adiantado_corrigido_v1\j00368.mat,evento_adiantado_corrigido_v1
j00369,timing,perda_fonte,heuristico,14,{},592.6122638850534,592.6122638850534,1,14.754610453615202,14.754610453615202,150,150,150,150,57.93978528855198,56.5039066455025,60,24.16369944991276,850,0,0,0.02416369944991276,500,150,60,nan,0,nan,nan,nan,nan,nan,3.95e-05,8.1e-06,9.55e-06,1.5149999999999999e-05,3.95e-05,nan,nan,nan,nan,nan,nan,nan,nan,nan,nan,0,05_resultados\revisao_operacional\campanha_v1\j00369.mat,campanha_v1
j00370,timing,perda_fonte,heuristico_foresight,14,{},475.6828134369748,475.6828134369748,1,14.672061701840738,14.672061701840738,150,150,150,150,57.459774134718174,56.06276660618185,60,26.05452982345864,850,0,0,0.02605452982345864,500,150,59.91211552668937,nan,0,nan,nan,nan,nan,nan,4.52e-05,9.1e-06,1.03e-05,2.0750000000000003e-05,4.52e-05,nan,nan,nan,nan,nan,nan,nan,nan,nan,nan,0,05_resultados\revisao_operacional\campanha_v1\j00370.mat,campanha_v1
j00371,timing,perda_fonte,miope_qp,14,{},592.6116232891053,592.6116232891053,1,14.754610001373313,14.75461000137331,150,150,150,150,57.9147667951044,56.47501255161039,60,24.32134429297718,1150.0008251042025,0,0,0.02432134429297718,500,150,59.99996967342122,nan,0,nan,nan,nan,nan,nan,0.0012423,0.0006085,0.00081065,0.0011944,0.0014409,0.0010981,0.00054105,0.0007172999999999999,0.001036,0.0012367,nan,nan,nan,nan,nan,0,05_resultados\revisao_operacional\campanha_v1\j00371.mat,campanha_v1
j00372,timing,perda_fonte,mpc_qp_v5,14,{},448.10030833219264,448.10030833219264,1,14.652589264777449,14.652589264777447,150,150,150,150,57.239372702835695,55.87991726704038,60,26.725421591006327,1636.1093044718182,0,2.25,0.026725421591006326,500,150,59.8104117981857,0.014571134209170111,733,0,0,0.0021670835100167096,333283.200808402,4015243775612013.0,0.0209329,0.025539100000000002,0.03328125,0.04386495,0.0608494,0.0151497,0.0212858,0.02839705,0.03833655,0.0552345,0.0041695,0.0041474,0.0052311,0.0062821,0.0096207,0,05_resultados\revisao_operacional\campanha_v1\j00372.mat,campanha_v1
j00373,timing,perda_fonte,mpc_qp_estocastico_3cen,14,{},350.0087126749455,350.0087126749455,1,14.583339484239488,14.583339484239485,150,150,150,150,49.421306611939976,49.421306611939976,60,50.24879359328457,831.9832682072347,0,0,0.05024879359328457,500,150,56.44573841548286,7.105427357601002e-15,0,0,0,0.0036774717241314647,666566.4042708572,8858386386927326.0,0.0517227,0.0510063,0.07528715,0.10648635000000001,0.1401271,0.0311,0.03936195,0.0640968,0.09496935,0.1275458,0.0113963,0.01121985,0.012887450000000002,0.01412685,0.0163446,0,05_resultados\revisao_operacional\evento_adiantado_corrigido_v1\j00373.mat,evento_adiantado_corrigido_v1
j00374,timing,perda_fonte,heuristico,15,{},592.6122638850534,592.6122638850534,1,14.754610453615202,14.754610453615202,150,150,150,150,57.93978528855198,56.5039066455025,60,24.16369944991276,850,0,0,0.02416369944991276,500,150,60,nan,0,nan,nan,nan,nan,nan,4.07e-05,8.1e-06,9.3e-06,1.38e-05,4.07e-05,nan,nan,nan,nan,nan,nan,nan,nan,nan,nan,0,05_resultados\revisao_operacional\campanha_v1\j00374.mat,campanha_v1
j00375,timing,perda_fonte,heuristico_foresight,15,{},483.76831768800116,483.76831768800116,1,14.677769829954157,14.677769829954157,150,150,150,150,57.44621906649204,56.05185042684461,60,26.092492786421605,850,0,0,0.026092492786421607,500,150,59.92338944903586,nan,0,nan,nan,nan,nan,nan,4.3e-05,9e-06,9.9e-06,1.04e-05,4.3e-05,nan,nan,nan,nan,nan,nan,nan,nan,nan,nan,0,05_resultados\revisao_operacional\campanha_v1\j00375.mat,campanha_v1
j00376,timing,perda_fonte,miope_qp,15,{},592.6116232891053,592.6116232891053,1,14.754610001373313,14.75461000137331,150,150,150,150,57.9147667951044,56.47501255161039,60,24.32134429297718,1150.0008251042025,0,0,0.02432134429297718,500,150,59.99996967342122,nan,0,nan,nan,nan,nan,nan,0.0012488,0.00060485,0.0007517,0.0009588000000000001,0.0012488,0.0011071,0.00053785,0.0006651000000000001,0.0008527000000000001,0.0011071,nan,nan,nan,nan,nan,0,05_resultados\revisao_operacional\campanha_v1\j00376.mat,campanha_v1
j00377,timing,perda_fonte,mpc_qp_v5,15,{},437.4737187059394,437.4737187059394,1,14.645087205152024,14.645087205152024,150,150,150,150,57.22289821969278,55.866080580036154,60,26.77726271670481,1601.1673601272034,0,2.083333333333333,0.02677726271670481,500,150,59.82154630253079,0.014571135331145513,733,0,0,0.0023111790309826574,333283.200808402,4015243775612013.0,0.0212447,0.0264724,0.037588449999999995,0.043708949999999996,0.0639914,0.015444,0.02194885,0.03130025,0.0365895,0.0488104,0.0040621,0.0042951,0.00617125,0.0095313,0.0278931,0,05_resultados\revisao_operacional\campanha_v1\j00377.mat,campanha_v1
j00378,timing,perda_fonte,mpc_qp_estocastico_3cen,15,{},350.0143645758827,350.0143645758827,1,14.583343474315322,14.583343474315322,150,150,150,150,49.42130650956915,49.42130650956915,60,50.24879407954599,831.9832684833013,0,0,0.05024879407954599,500,150,56.463298342777655,7.105427357601002e-15,0,0,0,0.003677469255876531,666566.4042708572,8858386386927326.0,0.0453666,0.0511871,0.0754062,0.10531285,0.143834,0.0315982,0.039490700000000004,0.0636996,0.09437514999999999,0.1326049,0.0103691,0.0112494,0.012326549999999999,0.014025,0.0164099,0,05_resultados\revisao_operacional\evento_adiantado_corrigido_v1\j00378.mat,evento_adiantado_corrigido_v1
j00379,timing,perda_fonte,heuristico,16,{},592.6122638850534,592.6122638850534,1,14.754610453615202,14.754610453615202,150,150,150,150,57.93978528855198,56.5039066455025,60,24.16369944991276,850,0,0,0.02416369944991276,500,150,60,nan,0,nan,nan,nan,nan,nan,4.92e-05,8.8e-06,1.65e-05,2.59e-05,4.92e-05,nan,nan,nan,nan,nan,nan,nan,nan,nan,nan,0,05_resultados\revisao_operacional\campanha_v1\j00379.mat,campanha_v1
j00380,timing,perda_fonte,heuristico_foresight,16,{},491.8528026605064,491.8528026605064,1,14.68347723848693,14.68347723848693,150,150,150,150,57.43188427117043,56.04015452041189,60,26.13415945308827,850,0,0,0.02613415945308827,500,150,59.9338837957775,nan,0,nan,nan,nan,nan,nan,4.75e-05,9.2e-06,1.03e-05,1.56e-05,4.75e-05,nan,nan,nan,nan,nan,nan,nan,nan,nan,nan,0,05_resultados\revisao_operacional\campanha_v1\j00380.mat,campanha_v1
j00381,timing,perda_fonte,miope_qp,16,{},592.6116232891053,592.6116232891053,1,14.754610001373313,14.75461000137331,150,150,150,150,57.9147667951044,56.47501255161039,60,24.32134429297718,1150.0008251042025,0,0,0.02432134429297718,500,150,59.99996967342122,nan,0,nan,nan,nan,nan,nan,0.0013023,0.00059955,0.0006797,0.00085805,0.0013023,0.0011535,0.00053385,0.0006087499999999999,0.00076825,0.0011535,nan,nan,nan,nan,nan,0,05_resultados\revisao_operacional\campanha_v1\j00381.mat,campanha_v1
j00382,timing,perda_fonte,mpc_qp_v5,16,{},484.9830655412133,484.9830655412133,1,14.67862740622094,14.67862740622094,150,150,150,150,57.090386174122735,55.73620581557084,60,27.380287421047854,1700.890933517403,0,1.5833333333333335,0.027380287421047853,500,150,59.70800223259779,0.014571145862262824,733,0,0,0.0012285100660278658,333283.200808402,4015243775612013.0,0.022249,0.026500549999999998,0.034238,0.041841,0.055462,0.0157353,0.021770949999999997,0.02868965,0.036541649999999995,0.0489881,0.0046003,0.0043856,0.005325,0.0061429499999999995,0.014426,0,05_resultados\revisao_operacional\campanha_v1\j00382.mat,campanha_v1
j00383,timing,perda_fonte,mpc_qp_estocastico_3cen,16,{},350.3412526482832,350.3412526482832,1,14.58357424767762,14.583574247677618,150,150,150,150,49.546119105022115,49.546119105022115,60,49.65593425114476,1847.324060942714,0,0.16666666666666669,0.04965593425114476,500,150,56.60562324054058,0.1283920464408368,116,0,0,0.0036775200847500855,666566.4042708572,8858386386927326.0,0.047732,0.05069,0.07706565,0.1072841,0.1426831,0.0319963,0.039261050000000006,0.0654139,0.0952316,0.1310915,0.0110297,0.01107585,0.0119997,0.01274395,0.0293469,0,05_resultados\revisao_operacional\evento_adiantado_corrigido_v1\j00383.mat,evento_adiantado_corrigido_v1
j00384,timing,perda_fonte,heuristico,17,{},592.6122638850534,592.6122638850534,1,14.754610453615202,14.754610453615202,150,150,150,150,57.93978528855198,56.5039066455025,60,24.16369944991276,850,0,0,0.02416369944991276,500,150,60,nan,0,nan,nan,nan,nan,nan,5.2e-05,8.3e-06,9.5e-06,1.9e-05,5.2e-05,nan,nan,nan,nan,nan,nan,nan,nan,nan,nan,0,05_resultados\revisao_operacional\campanha_v1\j00384.mat,campanha_v1
j00385,timing,perda_fonte,heuristico_foresight,17,{},499.93560712683313,499.93560712683313,1,14.68918346063178,14.68918346063178,150,150,150,150,57.41676974875326,56.027678886883606,60,26.17952982345864,850,0,0,0.02617952982345864,500,150,59.9435986651895,nan,0,nan,nan,nan,nan,nan,4.59e-05,8.9e-06,1.01e-05,1.235e-05,4.59e-05,nan,nan,nan,nan,nan,nan,nan,nan,nan,nan,0,05_resultados\revisao_operacional\campanha_v1\j00385.mat,campanha_v1
j00386,timing,perda_fonte,miope_qp,17,{},592.6116232891053,592.6116232891053,1,14.754610001373313,14.75461000137331,150,150,150,150,57.9147667951044,56.47501255161039,60,24.32134429297718,1150.0008251042025,0,0,0.02432134429297718,500,150,59.99996967342122,nan,0,nan,nan,nan,nan,nan,0.0012345,0.0005999499999999999,0.00071955,0.00091445,0.0012345,0.001092,0.00053405,0.00063605,0.0008200499999999999,0.001092,nan,nan,nan,nan,nan,0,05_resultados\revisao_operacional\campanha_v1\j00386.mat,campanha_v1
j00387,timing,perda_fonte,mpc_qp_v5,17,{},499.72092009424307,499.72092009424307,1,14.689031897925387,14.689031897925386,150,150,150,150,57.081528418006926,55.729985890805295,60,27.395948740788363,1540.094823941521,0,1.6666666666666667,0.027395948740788365,500,150,59.722983700272195,0.014571146366613164,733,0,0,2.6716406864579767e-12,333283.200808402,4015243775612013.0,0.0231976,0.025902599999999998,0.03530805,0.0430635,0.0602317,0.0160285,0.021475750000000002,0.029512299999999998,0.03746095,0.0472244,0.0048605,0.0044802,0.00536505,0.0064319,0.0125823,0,05_resultados\revisao_operacional\campanha_v1\j00387.mat,campanha_v1
j00388,timing,perda_fonte,mpc_qp_estocastico_3cen,17,{},351.90889415389404,351.90889415389404,1,14.584680956458465,14.584680956458465,150,150,150,150,49.587626830867194,49.587626830867194,60,49.45877255338023,2430.453174356465,0,0.25,0.04945877255338023,500,150,56.66445885021865,0.12939660271642595,116,0,0,0.003677535327994974,666566.4042708572,8858386386927326.0,0.0458678,0.05121405,0.0788645,0.1060564,0.1872977,0.0313194,0.03962415,0.0670514,0.09411625,0.1756163,0.0116992,0.011195650000000001,0.0126886,0.01428095,0.0176564,0,05_resultados\revisao_operacional\evento_adiantado_corrigido_v1\j00388.mat,evento_adiantado_corrigido_v1
j00389,timing,perda_fonte,heuristico,18,{},592.6122638850534,592.6122638850534,1,14.754610453615202,14.754610453615202,150,150,150,150,57.93978528855198,56.5039066455025,60,24.16369944991276,850,0,0,0.02416369944991276,500,150,60,nan,0,nan,nan,nan,nan,nan,4.17e-05,8.5e-06,1.5700000000000002e-05,2.2499999999999998e-05,5.53e-05,nan,nan,nan,nan,nan,nan,nan,nan,nan,nan,0,05_resultados\revisao_operacional\campanha_v1\j00389.mat,campanha_v1
j00390,timing,perda_fonte,heuristico_foresight,18,{},508.0156409068777,508.0156409068777,1,14.694887726753636,14.694887726753636,150,150,150,150,57.40087549924059,56.014423526259826,60,26.228603897532714,850,0,0,0.026228603897532714,500,150,59.9525342193003,nan,0,nan,nan,nan,nan,nan,5.93e-05,9.9e-06,1.94e-05,2.4999999999999998e-05,6.64e-05,nan,nan,nan,nan,nan,nan,nan,nan,nan,nan,0,05_resultados\revisao_operacional\campanha_v1\j00390.mat,campanha_v1
j00391,timing,perda_fonte,miope_qp,18,{},592.6116232891053,592.6116232891053,1,14.754610001373313,14.75461000137331,150,150,150,150,57.9147667951044,56.47501255161039,60,24.32134429297718,1150.0008251042025,0,0,0.02432134429297718,500,150,59.99996967342122,nan,0,nan,nan,nan,nan,nan,0.001368,0.0007229,0.0018040999999999999,0.00239845,0.0046273,0.0012051,0.0006330999999999999,0.0015827,0.0021118,0.00438,nan,nan,nan,nan,nan,0,05_resultados\revisao_operacional\campanha_v1\j00391.mat,campanha_v1
j00392,timing,perda_fonte,mpc_qp_v5,18,{},503.46478244562246,503.46478244562246,1,14.691674954595369,14.691674954595367,150,150,150,150,57.19299369885834,55.84408953548512,60,26.84007030314643,1540.8459305623096,0,2.083333333333333,0.02684007030314643,500,150,59.859922745367626,0.014571137114323562,733,0,0,2.7284841053187847e-12,333283.200808402,4015243775612013.0,0.0350011,0.028536899999999997,0.04366375,0.052401050000000005,0.2041399,0.0261345,0.0229536,0.035754549999999996,0.042768299999999995,0.0576911,0.0059646,0.00507925,0.0087666,0.015863500000000003,0.1692692,0,05_resultados\revisao_operacional\campanha_v1\j00392.mat,campanha_v1
j00393,timing,perda_fonte,mpc_qp_estocastico_3cen,18,{},350.0643766841122,350.0643766841122,1,14.583378781392664,14.583378781392662,150,150,150,150,49.42130662831318,49.42130662831318,60,50.248793515511785,831.9832693133685,0,0,0.050248793515511786,500,150,56.51597363750023,7.105427357601002e-15,0,0,0,0.0036774618047275,666566.4042708572,8858386386927326.0,0.0463161,0.051000000000000004,0.07609795,0.10707944999999999,0.1399961,0.0325707,0.0394456,0.06441865,0.09538425,0.1286285,0.011141,0.0111872,0.012226299999999999,0.0131301,0.0150587,0,05_resultados\revisao_operacional\evento_adiantado_corrigido_v1\j00393.mat,evento_adiantado_corrigido_v1
j00394,timing,perda_fonte,heuristico,19,{},592.6122638850534,592.6122638850534,1,14.754610453615202,14.754610453615202,150,150,150,150,57.93978528855198,56.5039066455025,60,24.16369944991276,850,0,0,0.02416369944991276,500,150,60,nan,0,nan,nan,nan,nan,nan,4.18e-05,7.9e-06,1.02e-05,1.29e-05,4.18e-05,nan,nan,nan,nan,nan,nan,nan,nan,nan,nan,0,05_resultados\revisao_operacional\campanha_v1\j00394.mat,campanha_v1
j00395,timing,perda_fonte,heuristico_foresight,19,{},516.0911065975146,516.0911065975146,1,14.700588767938768,14.700588767938768,150,150,150,150,57.38420152263242,56.00038843854054,60,26.281381675310495,850,0,0,0.026281381675310495,500,150,59.96069072524963,nan,0,nan,nan,nan,nan,nan,4.4e-05,8.9e-06,1.12e-05,1.6349999999999998e-05,6.56e-05,nan,nan,nan,nan,nan,nan,nan,nan,nan,nan,0,05_resultados\revisao_operacional\campanha_v1\j00395.mat,campanha_v1
j00396,timing,perda_fonte,miope_qp,19,{},592.6116232891053,592.6116232891053,1,14.754610001373313,14.75461000137331,150,150,150,150,57.9147667951044,56.47501255161039,60,24.32134429297718,1150.0008251042025,0,0,0.02432134429297718,500,150,59.99996967342122,nan,0,nan,nan,nan,nan,nan,0.001191,0.0005819,0.00070835,0.0009333,0.0012173,0.0010484,0.0005176,0.00062935,0.0008328000000000001,0.0011237,nan,nan,nan,nan,nan,0,05_resultados\revisao_operacional\campanha_v1\j00396.mat,campanha_v1
j00397,timing,perda_fonte,mpc_qp_v5,19,{},508.56902389213343,508.56902389213343,1,14.695278398882415,14.695278398882413,150,150,150,150,57.17377193282849,55.82750555428361,60,26.904961135809817,1601.1673308340926,0,1.9166666666666665,0.026904961135809816,500,150,59.86597195419738,0.014571138459061217,733,0,0,1.3642420526593924e-12,333283.200808402,4015243775612013.0,0.0207168,0.02525885,0.03427785,0.04037365,0.0492545,0.0154466,0.02097045,0.0290175,0.0354522,0.0449897,0.0036348,0.00401185,0.0049780499999999995,0.00654425,0.0094223,0,05_resultados\revisao_operacional\campanha_v1\j00397.mat,campanha_v1
j00398,timing,perda_fonte,mpc_qp_estocastico_3cen,19,{},350.10614057432934,350.10614057432934,1,14.583408265470418,14.583408265470412,150,150,150,150,49.42130665887633,49.42130665887633,60,50.24879337033697,831.9832693433041,0,0,0.05024879337033697,500,150,56.53352833057245,7.105427357601002e-15,0,0,0,0.00367745931924901,666566.4042708572,8858386386927326.0,0.0460221,0.05115485,0.075724,0.10885965,0.140556,0.0320735,0.039601,0.06411344999999999,0.09633245,0.128926,0.0116246,0.0111869,0.013037449999999999,0.0145722,0.0192451,0,05_resultados\revisao_operacional\evento_adiantado_corrigido_v1\j00398.mat,evento_adiantado_corrigido_v1
j00399,timing,perda_fonte,heuristico,20,{},592.6122638850534,592.6122638850534,1,14.754610453615202,14.754610453615202,150,150,150,150,57.93978528855198,56.5039066455025,60,24.16369944991276,850,0,0,0.02416369944991276,500,150,60,nan,0,nan,nan,nan,nan,nan,5.09e-05,8.1e-06,1.065e-05,1.9350000000000003e-05,5.09e-05,nan,nan,nan,nan,nan,nan,nan,nan,nan,nan,0,05_resultados\revisao_operacional\campanha_v1\j00399.mat,campanha_v1
j00400,timing,perda_fonte,heuristico_foresight,20,{},524.1590407819784,524.1590407819784,1,14.706284492102133,14.706284492102133,150,150,150,150,57.36674781892868,55.98557362372569,60,26.337863156791975,850,0,0,0.026337863156791975,500,150,59.96806862347644,nan,0,nan,nan,nan,nan,nan,4.59e-05,9e-06,1.15e-05,2.56e-05,5.21e-05,nan,nan,nan,nan,nan,nan,nan,nan,nan,nan,0,05_resultados\revisao_operacional\campanha_v1\j00400.mat,campanha_v1
j00401,timing,perda_fonte,miope_qp,20,{},592.6116232891053,592.6116232891053,1,14.754610001373313,14.75461000137331,150,150,150,150,57.9147667951044,56.47501255161039,60,24.32134429297718,1150.0008251042025,0,0,0.02432134429297718,500,150,59.99996967342122,nan,0,nan,nan,nan,nan,nan,0.0015211,0.0006067,0.0007488499999999999,0.00094025,0.0015211,0.0013538,0.00053855,0.00066115,0.00084325,0.0013538,nan,nan,nan,nan,nan,0,05_resultados\revisao_operacional\campanha_v1\j00401.mat,campanha_v1
j00402,timing,perda_fonte,mpc_qp_v5,20,{},511.7572078530094,511.7572078530094,1,14.697529162957382,14.697529162957379,150,150,150,150,57.028680121720946,55.685050973523985,60,27.567740234691446,1540.4459161354403,0,1.3333333333333335,0.027567740234691447,500,150,59.74643531559978,0.01457115001023368,733,0,0,9.094947017729282e-13,333283.200808402,4015243775612013.0,0.0212615,0.02640945,0.0378163,0.042406,0.0653965,0.0153648,0.02169315,0.031973299999999996,0.0365865,0.0546701,0.0040015,0.004334650000000001,0.005593600000000001,0.0076025,0.0158133,0,05_resultados\revisao_operacional\campanha_v1\j00402.mat,campanha_v1
j00403,timing,perda_fonte,mpc_qp_estocastico_3cen,20,{},352.423873451961,352.423873451961,1,14.585044516691699,14.585044516691697,150,150,150,150,49.540252840361994,49.540252840361994,60,49.68379900827992,1732.4130667249904,0,0.16666666666666669,0.04968379900827992,500,150,56.66969092348346,0.1272342198312728,116,0,0,0.0036775076400203943,666566.4042708572,8858386386927326.0,0.0456145,0.0510956,0.0793269,0.10627125,0.1454499,0.0318057,0.03945535,0.0671374,0.0948754,0.1340231,0.0110099,0.01122875,0.01220895,0.013744200000000002,0.0254123,0,05_resultados\revisao_operacional\evento_adiantado_corrigido_v1\j00403.mat,evento_adiantado_corrigido_v1
