id,group,scenario,ctrl,trial,forecast_shift,forecast_load_factor,params_json,P_raw_kW,P_filtered_kW,filter_kW,E_raw_kWh,E_filtered_kWh,T_gt1_s,T_gt50_s,T_gt100_s,T_gt350_s,SOC_final,SOC_min,SOC_max,throughput_kWh,u_total_variation,source_violation_kW,fallback_pct,EFC,recovery_event_starts_s,recovery_s,SOC_at_events,soc_prediction_max_error_pp,soc_sign_mismatches,soc_prediction_violation_pp,ineq_residual,eq_residual,hess_cond,constraint_gram_cond,cycle_first_s,cycle_p50_s,cycle_p95_s,cycle_p99_s,cycle_max_s,qp_first_s,qp_p50_s,qp_p95_s,qp_p99_s,qp_max_s,assembly_first_s,assembly_p50_s,assembly_p95_s,assembly_p99_s,assembly_max_s,overruns,evidence,campaign
j00747,montecarlo,perda_fonte,heuristico,1,0,1.1622098458688386,{},592.6122638850534,592.6122638850534,1,14.754610453615202,14.754610453615202,150,150,150,150,57.93978528855198,56.5039066455025,60,24.16369944991276,850,0,0,0.02416369944991276,500,150,60,nan,0,nan,nan,nan,nan,nan,4e-05,8e-06,1e-05,1.31e-05,4e-05,nan,nan,nan,nan,nan,nan,nan,nan,nan,nan,0,05_resultados\revisao_operacional\campanha_v1\j00747.mat,campanha_v1
j00748,montecarlo,perda_fonte,heuristico_foresight,1,0,1.1622098458688386,{},470.7904979390985,470.7904979390985,1,14.668607871038583,14.668607871038583,150,150,150,150,52.07847153197128,52.07847153197128,60,37.627260223134215,728.342615598371,0,0,0.037627260223134215,500,150,57.903659326366096,nan,0,nan,nan,nan,nan,nan,4.16e-05,8.4e-06,1.11e-05,2.225e-05,4.16e-05,nan,nan,nan,nan,nan,nan,nan,nan,nan,nan,0,05_resultados\revisao_operacional\campanha_v1\j00748.mat,campanha_v1
j00749,montecarlo,perda_fonte,miope_qp,1,0,1.1622098458688386,{},592.6116232891053,592.6116232891053,1,14.754610001373313,14.75461000137331,150,150,150,150,57.9147667951044,56.47501255161039,60,24.32134429297718,1150.0008251042025,0,0,0.02432134429297718,500,150,59.99996967342122,nan,0,nan,nan,nan,nan,nan,0.0012988,0.0005664,0.0006639,0.00084075,0.0012988,0.0010921,0.00050345,0.0005911499999999999,0.0007517,0.0010921,nan,nan,nan,nan,nan,0,05_resultados\revisao_operacional\campanha_v1\j00749.mat,campanha_v1
j00750,montecarlo,perda_fonte,mpc_qp_v5,1,0,1.1622098458688386,{},350.22342488059076,350.22342488059076,1,14.583491064731295,14.583491064731293,150,150,150,150,50.753284426261935,50.753284426261935,60,43.92189897525559,1479.025120477742,0,2.3333333333333335,0.043921898975255586,500,150,57.32139241708217,7.105427357601002e-15,0,0,0,2.8421709430404007e-12,333283.2021354289,4843142611315303.0,0.02265,0.029478650000000002,0.038690600000000006,0.0424307,0.093887,0.0164498,0.024580400000000002,0.03351685,0.0368009,0.0895506,0.0041871,0.0044102,0.005242800000000001,0.005659,0.0068724,0,05_resultados\revisao_operacional\campanha_v1\j00750.mat,campanha_v1
j00751,montecarlo,perda_fonte,mpc_qp_estocastico_3cen,1,0,1.1622098458688386,{},350.00000109908996,350.00000109908996,1,14.583333334120496,14.583333334120496,150,150,150,150,40.76881746687961,40.76881746687961,60,91.34811703232185,1415.2020288230162,0,0.25,0.09134811703232185,500,150,52.33017003610605,7.105427357601002e-15,0,0,0,5.7980287238024175e-12,666566.4042708572,9686285222630616.0,0.0508351,0.061045,0.07512640000000001,0.11953285,0.1726967,0.0368226,0.04916305,0.06287785,0.1075033,0.1617753,0.0110719,0.0115185,0.0132172,0.0139079,0.0155968,0,05_resultados\revisao_operacional\evento_adiantado_corrigido_v1\j00751.mat,evento_adiantado_corrigido_v1
j00752,montecarlo,perda_fonte,heuristico,2,11,1.1113948170191208,{},592.6122638850534,592.6122638850534,1,14.754610453615202,14.754610453615202,150,150,150,150,57.93978528855198,56.5039066455025,60,24.16369944991276,850,0,0,0.02416369944991276,500,150,60,nan,0,nan,nan,nan,nan,nan,4.81e-05,7.9e-06,1.01e-05,1.1949999999999999e-05,4.81e-05,nan,nan,nan,nan,nan,nan,nan,nan,nan,nan,0,05_resultados\revisao_operacional\campanha_v1\j00752.mat,campanha_v1
j00753,montecarlo,perda_fonte,heuristico_foresight,2,11,1.1113948170191208,{},572.2655179793035,572.2655179793035,1,14.740246249637881,14.740246249637881,150,150,150,150,54.220102564876505,54.220102564876505,60,27.454512816832032,766.4538872356594,0,0,0.027454512816832033,500,150,59.02214355275677,nan,0,nan,nan,nan,nan,nan,5.62e-05,8.3e-06,1.11e-05,1.295e-05,5.62e-05,nan,nan,nan,nan,nan,nan,nan,nan,nan,nan,0,05_resultados\revisao_operacional\campanha_v1\j00753.mat,campanha_v1
j00754,montecarlo,perda_fonte,miope_qp,2,11,1.1113948170191208,{},592.6116232891053,592.6116232891053,1,14.754610001373313,14.75461000137331,150,150,150,150,57.9147667951044,56.47501255161039,60,24.32134429297718,1150.0008251042025,0,0,0.02432134429297718,500,150,59.99996967342122,nan,0,nan,nan,nan,nan,nan,0.0011721,0.0005639,0.0006705,0.0008311,0.0011721,0.001036,0.0005019499999999999,0.0005915499999999999,0.0007464500000000001,0.001036,nan,nan,nan,nan,nan,0,05_resultados\revisao_operacional\campanha_v1\j00754.mat,campanha_v1
j00755,montecarlo,perda_fonte,mpc_qp_v5,2,11,1.1113948170191208,{},442.62837792195586,442.62837792195586,1,14.64872624289812,14.64872624289812,150,150,150,150,53.09690021560309,53.09690021560309,60,32.789723975885515,1718.958836873728,0,2.25,0.03278972397588552,500,150,58.70905453008967,7.105427357601002e-15,0,0,0,2.179817897740577e-06,333283.2021354289,4843142611315303.0,0.0251258,0.027157149999999998,0.03273895,0.04413815,0.0521231,0.0179351,0.0224238,0.028186450000000002,0.039339650000000004,0.0468351,0.0046757,0.00433355,0.0050332499999999995,0.005250100000000001,0.0056232,0,05_resultados\revisao_operacional\campanha_v1\j00755.mat,campanha_v1
j00756,montecarlo,perda_fonte,mpc_qp_estocastico_3cen,2,11,1.1113948170191208,{},350.0019294805853,350.0019294805853,1,14.58333469550691,14.583334695506906,150,150,150,150,43.386467824823754,43.386467824823754,60,78.91427783208799,1941.375124067226,0,0.33333333333333337,0.07891427783208799,500,150,53.6585572470185,7.105427357601002e-15,0,0,0,4.320099833421409e-12,666566.4042708572,9686285222630616.0,0.0507201,0.0658904,0.08321994999999999,0.1209924,0.2103754,0.034563,0.05339565,0.06889675,0.10690065,0.1903976,0.0134426,0.0121841,0.0144314,0.01739595,0.0291628,0,05_resultados\revisao_operacional\evento_adiantado_corrigido_v1\j00756.mat,evento_adiantado_corrigido_v1
j00757,montecarlo,perda_fonte,heuristico,3,2,0.9288455832875195,{},592.6122638850534,592.6122638850534,1,14.754610453615202,14.754610453615202,150,150,150,150,57.93978528855198,56.5039066455025,60,24.16369944991276,850,0,0,0.02416369944991276,500,150,60,nan,0,nan,nan,nan,nan,nan,4.32e-05,7.9e-06,1e-05,1.8750000000000002e-05,4.32e-05,nan,nan,nan,nan,nan,nan,nan,nan,nan,nan,0,05_resultados\revisao_operacional\campanha_v1\j00757.mat,campanha_v1
j00758,montecarlo,perda_fonte,heuristico_foresight,3,2,0.9288455832875195,{},378.6403238930874,378.6403238930874,1,14.603552559360063,14.603552559360063,150,150,150,150,57.56161623998138,56.132942044778396,60,25.887863156791976,850,0,0,0.025887863156791976,500,150,59.71601218826426,nan,0,nan,nan,nan,nan,nan,4.23e-05,8.7e-06,1.09e-05,1.625e-05,4.23e-05,nan,nan,nan,nan,nan,nan,nan,nan,nan,nan,0,05_resultados\revisao_operacional\campanha_v1\j00758.mat,campanha_v1
j00759,montecarlo,perda_fonte,miope_qp,3,2,0.9288455832875195,{},592.6116232891053,592.6116232891053,1,14.754610001373313,14.75461000137331,150,150,150,150,57.9147667951044,56.47501255161039,60,24.32134429297718,1150.0008251042025,0,0,0.02432134429297718,500,150,59.99996967342122,nan,0,nan,nan,nan,nan,nan,0.001232,0.00057295,0.0006955500000000001,0.00094885,0.001984,0.0010964,0.0005097999999999999,0.0006263,0.0008584,0.0017539,nan,nan,nan,nan,nan,0,05_resultados\revisao_operacional\campanha_v1\j00759.mat,campanha_v1
j00760,montecarlo,perda_fonte,mpc_qp_v5,3,2,0.9288455832875195,{},350.48239133978893,350.48239133978893,1,14.58643090434975,14.583673887439915,150,150,150,150,57.20801109776588,55.815772434413404,60.022887799712805,27.431832001305366,1856.0342381469063,0,1.7500000000000002,0.027431832001305365,500,150,59.48005583602597,0.11707546044996775,853,0,0,0.005937253947195131,333283.200808402,4015243775612013.0,0.0193506,0.0212419,0.0309485,0.0392015,0.0980838,0.0133053,0.01700685,0.026537150000000002,0.03442665,0.0933973,0.0044212,0.00404475,0.0046709,0.0049381500000000005,0.0054431,0,05_resultados\revisao_operacional\campanha_v1\j00760.mat,campanha_v1
j00761,montecarlo,perda_fonte,mpc_qp_estocastico_3cen,3,2,0.9288455832875195,{},350.00051234236673,350.00051234236673,1,14.583333695043999,14.583333695043992,150,150,150,150,53.29518103427278,53.29518103427278,60,31.8478900872046,1559.7553016443335,0,0.08333333333333334,0.0318478900872046,500,150,58.09257585486549,0.12284639430975375,58,0,0,8.776623872108757e-11,666566.4042708572,8858386386927326.0,0.051219,0.054260749999999996,0.07812155000000001,0.10817594999999999,0.1491223,0.0352839,0.0415276,0.059874250000000004,0.09548685,0.1363573,0.0134428,0.0122062,0.01447675,0.0177899,0.0400365,0,05_resultados\revisao_operacional\evento_adiantado_corrigido_v1\j00761.mat,evento_adiantado_corrigido_v1
j00762,montecarlo,perda_fonte,heuristico,4,-9,1.1609573325293123,{},592.6122638850534,592.6122638850534,1,14.754610453615202,14.754610453615202,150,150,150,150,57.93978528855198,56.5039066455025,60,24.16369944991276,850,0,0,0.02416369944991276,500,150,60,nan,0,nan,nan,nan,nan,nan,4.17e-05,7.8e-06,1e-05,1.1050000000000001e-05,5.69e-05,nan,nan,nan,nan,nan,nan,nan,nan,nan,nan,0,05_resultados\revisao_operacional\campanha_v1\j00762.mat,campanha_v1
j00763,montecarlo,perda_fonte,heuristico_foresight,4,-9,1.1609573325293123,{},351.34570027526473,351.34570027526473,1,14.584283358135128,14.584283358135128,150,150,150,150,51.9627071347787,51.9627071347787,60,38.17714110979559,729.2820006030157,0,0,0.038177141109795594,500,150,57.77551800229224,nan,0,nan,nan,nan,nan,nan,4.36e-05,8.3e-06,1.1e-05,1.425e-05,4.36e-05,nan,nan,nan,nan,nan,nan,nan,nan,nan,nan,0,05_resultados\revisao_operacional\campanha_v1\j00763.mat,campanha_v1
j00764,montecarlo,perda_fonte,miope_qp,4,-9,1.1609573325293123,{},592.6116232891053,592.6116232891053,1,14.754610001373313,14.75461000137331,150,150,150,150,57.9147667951044,56.47501255161039,60,24.32134429297718,1150.0008251042025,0,0,0.02432134429297718,500,150,59.99996967342122,nan,0,nan,nan,nan,nan,nan,0.0012785,0.00056545,0.00065125,0.00080805,0.0012785,0.0011168,0.00050315,0.0005778000000000001,0.0007275,0.0011168,nan,nan,nan,nan,nan,0,05_resultados\revisao_operacional\campanha_v1\j00764.mat,campanha_v1
j00765,montecarlo,perda_fonte,mpc_qp_v5,4,-9,1.1609573325293123,{},350.00883540269115,350.00883540269115,1,14.5833395708822,14.583339570882199,150,150,150,150,50.67585256472581,50.67585256472581,60,44.289700317552125,1878.286665435108,0,2.5,0.044289700317552125,500,150,57.21536746458092,7.105427357601002e-15,0,0,0,0.0002774902584405936,333283.2021354289,4843142611315303.0,0.0235485,0.028475300000000002,0.03957305,0.04895655,0.1038067,0.0171062,0.023850549999999998,0.034004549999999995,0.043333949999999996,0.0982438,0.0045898,0.00440325,0.00518305,0.0058033500000000005,0.0105256,0,05_resultados\revisao_operacional\campanha_v1\j00765.mat,campanha_v1
j00766,montecarlo,perda_fonte,mpc_qp_estocastico_3cen,4,-9,1.1609573325293123,{},350.0000001356053,350.0000001356053,1,14.583333333447987,14.583333333447987,150,150,150,150,40.81629341314618,40.81629341314618,60,91.12260628755557,2408.028824737414,0,0.5,0.09112260628755557,500,150,52.34293664516446,7.105427357601002e-15,0,0,0,2.6816273930307943e-05,666566.4042708572,9686285222630616.0,0.0551252,0.05870445,0.07960534999999999,0.1173965,0.166039,0.0382679,0.046258850000000004,0.06653265,0.10475905,0.1539135,0.0134972,0.011914399999999999,0.01387795,0.01513035,0.0215291,0,05_resultados\revisao_operacional\evento_adiantado_corrigido_v1\j00766.mat,evento_adiantado_corrigido_v1
j00767,montecarlo,perda_fonte,heuristico,5,1,0.9747501219136289,{},592.6122638850534,592.6122638850534,1,14.754610453615202,14.754610453615202,150,150,150,150,57.93978528855198,56.5039066455025,60,24.16369944991276,850,0,0,0.02416369944991276,500,150,60,nan,0,nan,nan,nan,nan,nan,4.32e-05,7.8e-06,9.7e-06,1.285e-05,5.58e-05,nan,nan,nan,nan,nan,nan,nan,nan,nan,nan,0,05_resultados\revisao_operacional\campanha_v1\j00767.mat,campanha_v1
j00768,montecarlo,perda_fonte,heuristico_foresight,5,1,0.9747501219136289,{},370.5532507924737,370.5532507924737,1,14.597843323684993,14.597843323684993,150,150,150,150,57.56503485596575,56.13372177187387,60,25.89804834197716,850,0,0,0.02589804834197716,500,150,59.694602046846924,nan,0,nan,nan,nan,nan,nan,4.88e-05,8.5e-06,1.15e-05,1.27e-05,4.88e-05,nan,nan,nan,nan,nan,nan,nan,nan,nan,nan,0,05_resultados\revisao_operacional\campanha_v1\j00768.mat,campanha_v1
j00769,montecarlo,perda_fonte,miope_qp,5,1,0.9747501219136289,{},592.6116232891053,592.6116232891053,1,14.754610001373313,14.75461000137331,150,150,150,150,57.9147667951044,56.47501255161039,60,24.32134429297718,1150.0008251042025,0,0,0.02432134429297718,500,150,59.99996967342122,nan,0,nan,nan,nan,nan,nan,0.0012169,0.0005641999999999999,0.00066035,0.0007972999999999999,0.0012169,0.0010822,0.0005019,0.00058835,0.0007146,0.0010822,nan,nan,nan,nan,nan,0,05_resultados\revisao_operacional\campanha_v1\j00769.mat,campanha_v1
j00770,montecarlo,perda_fonte,mpc_qp_v5,5,1,0.9747501219136289,{},350.221004586341,350.221004586341,1,14.58538651361209,14.583489356093988,150,150,150,150,57.27556688717486,55.8809089804569,60.00723528366615,26.978435152791416,1800.7358318710944,0,2,0.026978435152791417,500,150,59.52187693186984,0.11712773560977752,853,0,0,0.0017098963147645918,333283.200808402,4015243775612013.0,0.0207616,0.0218289,0.0329204,0.0399583,0.0909128,0.0146937,0.017497850000000002,0.02753235,0.03536645,0.0860757,0.0040485,0.00418925,0.0050349,0.0056186,0.0065518,0,05_resultados\revisao_operacional\campanha_v1\j00770.mat,campanha_v1
j00771,montecarlo,perda_fonte,mpc_qp_estocastico_3cen,5,1,0.9747501219136289,{},350.00120490076745,350.00120490076745,1,14.583334183974902,14.583334183974902,150,150,150,150,50.913376792256486,50.913376792256486,60,43.16146023678075,2112.2142734410395,0,0.16666666666666669,0.043161460236780747,500,150,56.99146283619945,0.12168751331752503,58,0,0,0.006044064485593026,666566.4042708572,8858386386927326.0,0.0462508,0.0543189,0.0713167,0.11750284999999999,0.3160226,0.0323675,0.0420369,0.0589432,0.10437865,0.3034406,0.0110771,0.0119405,0.013310849999999999,0.0141902,0.015138,0,05_resultados\revisao_operacional\evento_adiantado_corrigido_v1\j00771.mat,evento_adiantado_corrigido_v1
j00772,montecarlo,perda_fonte,heuristico,6,-4,1.0697769638719716,{},592.6122638850534,592.6122638850534,1,14.754610453615202,14.754610453615202,150,150,150,150,57.93978528855198,56.5039066455025,60,24.16369944991276,850,0,0,0.02416369944991276,500,150,60,nan,0,nan,nan,nan,nan,nan,4.09e-05,7.9e-06,9.9e-06,1.0549999999999999e-05,4.09e-05,nan,nan,nan,nan,nan,nan,nan,nan,nan,nan,0,05_resultados\revisao_operacional\campanha_v1\j00772.mat,campanha_v1
j00773,montecarlo,perda_fonte,heuristico_foresight,6,-4,1.0697769638719716,{},369.7986879124419,369.7986879124419,1,14.597310624492073,14.597310624492073,150,150,150,150,56.23192400256473,56.23192400256473,60,17.898360987806964,797.6672770960213,0,0,0.017898360987806963,500,150,59.84863049984539,nan,0,nan,nan,nan,nan,nan,4.24e-05,8.6e-06,9.6e-06,1.205e-05,4.24e-05,nan,nan,nan,nan,nan,nan,nan,nan,nan,nan,0,05_resultados\revisao_operacional\campanha_v1\j00773.mat,campanha_v1
j00774,montecarlo,perda_fonte,miope_qp,6,-4,1.0697769638719716,{},592.6116232891053,592.6116232891053,1,14.754610001373313,14.75461000137331,150,150,150,150,57.9147667951044,56.47501255161039,60,24.32134429297718,1150.0008251042025,0,0,0.02432134429297718,500,150,59.99996967342122,nan,0,nan,nan,nan,nan,nan,0.0012326,0.0005647,0.000666,0.0008259000000000001,0.0012326,0.0010904,0.0005023499999999999,0.00059125,0.0007433,0.0010904,nan,nan,nan,nan,nan,0,05_resultados\revisao_operacional\campanha_v1\j00774.mat,campanha_v1
j00775,montecarlo,perda_fonte,mpc_qp_v5,6,-4,1.0697769638719716,{},350.03913771314217,350.03913771314217,1,14.583360963417556,14.583360963417553,150,150,150,150,54.88294887895552,54.88294887895552,60,24.305992824961752,1434.2092178120593,0,2.166666666666667,0.024305992824961754,500,150,59.3596912627228,7.105427357601002e-15,0,0,0,0.006181894023939094,333283.2021354289,4843142611315303.0,0.0283201,0.026323100000000002,0.03313905,0.045161049999999994,0.0962009,0.021872,0.0216863,0.0284834,0.0405885,0.0907678,0.004551,0.0042734,0.0048873,0.0051281,0.0065522,0,05_resultados\revisao_operacional\campanha_v1\j00775.mat,campanha_v1
j00776,montecarlo,perda_fonte,mpc_qp_estocastico_3cen,6,-4,1.0697769638719716,{},350.00004130570375,350.00004130570375,1,14.58333336252139,14.58333336252139,150,150,150,150,45.52362317049124,45.52362317049124,60,68.76278994016685,2770.030228109694,0,0.4166666666666667,0.06876278994016685,500,150,54.53331112796297,7.105427357601002e-15,0,0,0,0.011350112906484355,666566.4042708572,9686285222630616.0,0.0474623,0.07469965,0.0833077,0.11299535,0.1615601,0.0328689,0.06227265,0.07085475,0.0998838,0.1483979,0.0119451,0.01208565,0.01383365,0.014416100000000001,0.0161655,0,05_resultados\revisao_operacional\evento_adiantado_corrigido_v1\j00776.mat,evento_adiantado_corrigido_v1
j00777,montecarlo,perda_fonte,heuristico,7,2,0.8830119895588343,{},592.6122638850534,592.6122638850534,1,14.754610453615202,14.754610453615202,150,150,150,150,57.93978528855198,56.5039066455025,60,24.16369944991276,850,0,0,0.02416369944991276,500,150,60,nan,0,nan,nan,nan,nan,nan,4.27e-05,7.8e-06,1e-05,1.165e-05,4.33e-05,nan,nan,nan,nan,nan,nan,nan,nan,nan,nan,0,05_resultados\revisao_operacional\campanha_v1\j00777.mat,campanha_v1
j00778,montecarlo,perda_fonte,heuristico_foresight,7,2,0.8830119895588343,{},378.6403238930874,378.6403238930874,1,14.603552559360063,14.603552559360063,150,150,150,150,57.56161623998138,56.132942044778396,60,25.887863156791976,850,0,0,0.025887863156791976,500,150,59.71601218826426,nan,0,nan,nan,nan,nan,nan,4.81e-05,8.9e-06,1.15e-05,2.065e-05,4.95e-05,nan,nan,nan,nan,nan,nan,nan,nan,nan,nan,0,05_resultados\revisao_operacional\campanha_v1\j00778.mat,campanha_v1
j00779,montecarlo,perda_fonte,miope_qp,7,2,0.8830119895588343,{},592.6116232891053,592.6116232891053,1,14.754610001373313,14.75461000137331,150,150,150,150,57.9147667951044,56.47501255161039,60,24.32134429297718,1150.0008251042025,0,0,0.02432134429297718,500,150,59.99996967342122,nan,0,nan,nan,nan,nan,nan,0.0012408,0.00056455,0.0006566499999999999,0.0008292499999999999,0.0012408,0.0010968,0.0005019499999999999,0.00058535,0.0007427499999999999,0.0010968,nan,nan,nan,nan,nan,0,05_resultados\revisao_operacional\campanha_v1\j00779.mat,campanha_v1
j00780,montecarlo,perda_fonte,mpc_qp_v5,7,2,0.8830119895588343,{},350.4938341079644,350.4938341079644,1,14.587481272097929,14.583681965691198,150,150,150,150,57.212214732306386,55.81972739577557,60.038483542070274,27.570517371747975,1880.8097249053212,0,1.5833333333333335,0.027570517371747975,500,150,59.48399759105981,0.11702330710021869,852,0,0,0.0036190898494510293,333283.200808402,4015243775612013.0,0.0190007,0.0209989,0.0302285,0.037717,0.0966564,0.0132561,0.01673885,0.02577795,0.0332898,0.0921722,0.0041356,0.00402905,0.00462925,0.0050729,0.0056544,0,05_resultados\revisao_operacional\campanha_v1\j00780.mat,campanha_v1
j00781,montecarlo,perda_fonte,mpc_qp_estocastico_3cen,7,2,0.8830119895588343,{},350.0006394484992,350.0006394484992,1,14.583333784775384,14.583333784775382,150,150,150,150,55.6328196439427,55.445628748459356,60.01841034710109,22.80282439662372,1458.9435521328442,0,0.08333333333333334,0.02280282439662372,500,150,59.12162466753578,0.11709057019967162,1062,0,0,0.00042043895541610254,666566.4016168036,8030487551224027.0,0.0417498,0.055369299999999996,0.07016895000000001,0.11179544999999999,0.2008455,0.027641,0.04188905,0.05162675,0.09806985,0.188615,0.0117283,0.01317205,0.0139729,0.01457095,0.0260835,0,05_resultados\revisao_operacional\evento_adiantado_corrigido_v1\j00781.mat,evento_adiantado_corrigido_v1
j00782,montecarlo,perda_fonte,heuristico,8,-3,0.8986003326941182,{},592.6122638850534,592.6122638850534,1,14.754610453615202,14.754610453615202,150,150,150,150,57.93978528855198,56.5039066455025,60,24.16369944991276,850,0,0,0.02416369944991276,500,150,60,nan,0,nan,nan,nan,nan,nan,4.32e-05,7.9e-06,1.005e-05,1.4299999999999999e-05,4.44e-05,nan,nan,nan,nan,nan,nan,nan,nan,nan,nan,0,05_resultados\revisao_operacional\campanha_v1\j00782.mat,campanha_v1
j00783,montecarlo,perda_fonte,heuristico_foresight,8,-3,0.8986003326941182,{},352.7815800174326,352.7815800174326,1,14.585297046987337,14.585297046987337,150,150,150,150,57.47146760450376,56.04015452041188,60,26.342492786421605,850,0,0,0.026342492786421604,500,150,59.603676116794965,nan,0,nan,nan,nan,nan,nan,4.47e-05,8.8e-06,1.11e-05,1.8e-05,4.47e-05,nan,nan,nan,nan,nan,nan,nan,nan,nan,nan,0,05_resultados\revisao_operacional\campanha_v1\j00783.mat,campanha_v1
j00784,montecarlo,perda_fonte,miope_qp,8,-3,0.8986003326941182,{},592.6116232891053,592.6116232891053,1,14.754610001373313,14.75461000137331,150,150,150,150,57.9147667951044,56.47501255161039,60,24.32134429297718,1150.0008251042025,0,0,0.02432134429297718,500,150,59.99996967342122,nan,0,nan,nan,nan,nan,nan,0.0014022,0.0005906,0.0007163,0.0008457,0.0014022,0.0012647,0.0005246000000000001,0.00062745,0.00075605,0.0012647,nan,nan,nan,nan,nan,0,05_resultados\revisao_operacional\campanha_v1\j00784.mat,campanha_v1
j00785,montecarlo,perda_fonte,mpc_qp_v5,8,-3,0.8986003326941182,{},350.33123136630184,350.33123136630184,1,14.587084818648368,14.583567172945289,150,150,150,150,57.015464894939704,55.62041212959688,60.032586810088155,28.471722234602268,2158.78277506356,0,1.0833333333333335,0.02847172223460227,500,150,59.26134453409926,0.11704152557861391,853,0,1.0842021724855044e-19,28.368577318653024,333283.200808402,4015243775612013.0,0.0203197,0.0210134,0.03112005,0.03844575,0.5561661,0.0143313,0.0166977,0.026835699999999997,0.0338371,0.5513222,0.0041885,0.0040953,0.0046213,0.0048771,0.0052283,0,05_resultados\revisao_operacional\campanha_v1\j00785.mat,campanha_v1
j00786,montecarlo,perda_fonte,mpc_qp_estocastico_3cen,8,-3,0.8986003326941182,{},350.0000490519349,350.0000490519349,1,14.583333367974243,14.583333367974241,150,150,150,150,54.81982302013216,54.81982302013216,60,24.60584065437327,1558.0759315125495,0,0.08333333333333334,0.02460584065437327,500,150,58.7415121060506,0.12388212414857236,58,0,0,0.000814426656120304,666566.4042708572,8858386386927326.0,0.0532428,0.0576136,0.06710265,0.1142283,0.1813074,0.0357875,0.0439065,0.0530338,0.1001118,0.1688753,0.0147419,0.01349775,0.0146417,0.01538745,0.0195405,0,05_resultados\revisao_operacional\evento_adiantado_corrigido_v1\j00786.mat,evento_adiantado_corrigido_v1
j00787,montecarlo,perda_fonte,heuristico,9,7,1.128704281842887,{},592.6122638850534,592.6122638850534,1,14.754610453615202,14.754610453615202,150,150,150,150,57.93978528855198,56.5039066455025,60,24.16369944991276,850,0,0,0.02416369944991276,500,150,60,nan,0,nan,nan,nan,nan,nan,5.77e-05,7.9e-06,1.005e-05,1.35e-05,5.77e-05,nan,nan,nan,nan,nan,nan,nan,nan,nan,nan,0,05_resultados\revisao_operacional\campanha_v1\j00787.mat,campanha_v1
j00788,montecarlo,perda_fonte,heuristico_foresight,9,7,1.128704281842887,{},564.3914771401799,564.3914771401799,1,14.734687408471693,14.734687408471691,150,150,150,150,53.51440177073191,53.51440177073191,60,30.806591589017916,753.4717886178348,0,0,0.030806591589017916,500,150,58.64372030827043,nan,0,nan,nan,nan,nan,nan,5.18e-05,8.3e-06,1.1e-05,1.415e-05,5.18e-05,nan,nan,nan,nan,nan,nan,nan,nan,nan,nan,0,05_resultados\revisao_operacional\campanha_v1\j00788.mat,campanha_v1
j00789,montecarlo,perda_fonte,miope_qp,9,7,1.128704281842887,{},592.6116232891053,592.6116232891053,1,14.754610001373313,14.75461000137331,150,150,150,150,57.9147667951044,56.47501255161039,60,24.32134429297718,1150.0008251042025,0,0,0.02432134429297718,500,150,59.99996967342122,nan,0,nan,nan,nan,nan,nan,0.0012075,0.000571,0.00065515,0.0008121000000000001,0.0012132,0.0010703,0.000508,0.00057925,0.0007084999999999999,0.0011475,nan,nan,nan,nan,nan,0,05_resultados\revisao_operacional\campanha_v1\j00789.mat,campanha_v1
j00790,montecarlo,perda_fonte,mpc_qp_v5,9,7,1.128704281842887,{},358.03851000054897,358.03851000054897,1,14.589008284905843,14.589008284905843,150,150,150,150,52.30560046650046,52.30560046650046,60,36.54839778412279,1325.1380511928005,0,2.5,0.03654839778412279,500,150,58.23745047308446,7.105427357601002e-15,0,0,0,0.0006767314621924925,333283.2021354289,4843142611315303.0,0.0233083,0.028472650000000002,0.033463,0.04298695,0.0465738,0.0168727,0.0239015,0.0288862,0.03811905,0.0421476,0.0045562,0.0043362999999999995,0.0049641500000000005,0.00525925,0.0054874,0,05_resultados\revisao_operacional\campanha_v1\j00790.mat,campanha_v1
j00791,montecarlo,perda_fonte,mpc_qp_estocastico_3cen,9,7,1.128704281842887,{},350.00016702947073,350.00016702947073,1,14.583333451270882,14.583333451270878,150,150,150,150,42.518329591573654,42.518329591573654,60,83.03793444002419,1842.0899269823879,0,0.4166666666666667,0.08303793444002419,500,150,53.21620420395669,7.105427357601002e-15,0,0,0,4.547473508864641e-12,666566.4042708572,9686285222630616.0,0.0595067,0.06700415,0.08400015,0.128847,0.1580176,0.0409997,0.053094749999999996,0.0698213,0.11495835,0.1441489,0.0152493,0.01354725,0.014799,0.0153529,0.0180455,0,05_resultados\revisao_operacional\evento_adiantado_corrigido_v1\j00791.mat,evento_adiantado_corrigido_v1
j00792,montecarlo,perda_fonte,heuristico,10,11,0.8225025124138116,{},592.6122638850534,592.6122638850534,1,14.754610453615202,14.754610453615202,150,150,150,150,57.93978528855198,56.5039066455025,60,24.16369944991276,850,0,0,0.02416369944991276,500,150,60,nan,0,nan,nan,nan,nan,nan,4.43e-05,7.9e-06,1.09e-05,1.6049999999999997e-05,4.43e-05,nan,nan,nan,nan,nan,nan,nan,nan,nan,nan,0,05_resultados\revisao_operacional\campanha_v1\j00792.mat,campanha_v1
j00793,montecarlo,perda_fonte,heuristico_foresight,10,11,0.8225025124138116,{},451.4234686378691,451.4234686378691,1,14.654935318159309,14.654935318159309,150,150,150,150,57.49576097682343,56.090836781620446,60,25.962863156791975,850,0,0,0.025962863156791974,500,150,59.87361581799073,nan,0,nan,nan,nan,nan,nan,4.4e-05,8.9e-06,1.13e-05,1.415e-05,5.94e-05,nan,nan,nan,nan,nan,nan,nan,nan,nan,nan,0,05_resultados\revisao_operacional\campanha_v1\j00793.mat,campanha_v1
j00794,montecarlo,perda_fonte,miope_qp,10,11,0.8225025124138116,{},592.6116232891053,592.6116232891053,1,14.754610001373313,14.75461000137331,150,150,150,150,57.9147667951044,56.47501255161039,60,24.32134429297718,1150.0008251042025,0,0,0.02432134429297718,500,150,59.99996967342122,nan,0,nan,nan,nan,nan,nan,0.0013945,0.0005923,0.00073225,0.00093985,0.0018265,0.0012471,0.0005268,0.000645,0.0008401000000000001,0.0015987,nan,nan,nan,nan,nan,0,05_resultados\revisao_operacional\campanha_v1\j00794.mat,campanha_v1
j00795,montecarlo,perda_fonte,mpc_qp_v5,10,11,0.8225025124138116,{},372.7903078951791,372.7903078951791,1,14.604038874392423,14.599422620194392,150,150,150,150,57.09522534569132,55.726270632086504,60.06098354320997,28.115877153176918,2067.7237752642222,0,0.6666666666666667,0.028115877153176917,500,150,59.597738115290454,0.1169529539490739,852,0,0,0.00631746602050498,333283.200808402,4015243775612013.0,0.0213288,0.02087455,0.030600099999999998,0.03746955,0.0455664,0.0145479,0.01654715,0.02591275,0.032839,0.0409803,0.0044836,0.00417095,0.0048940500000000005,0.0051915,0.0063552,0,05_resultados\revisao_operacional\campanha_v1\j00795.mat,campanha_v1
j00796,montecarlo,perda_fonte,mpc_qp_estocastico_3cen,10,11,0.8225025124138116,{},350.0852277196019,350.0852277196019,1,14.587851617176444,14.583393501630914,150,150,150,150,56.83851409720548,55.469640250179516,60.041724235032326,29.141599359935825,1535.8366559212384,0,0.08333333333333334,0.029141599359935825,500,150,59.34449598462802,0.11701592456667953,1112,0,0,0.0002612516962017253,666566.4016168036,8030487551224027.0,0.0440009,0.05004515,0.07215325,0.1097127,0.3391767,0.0282893,0.03642945,0.058045,0.0959646,0.3251886,0.0132544,0.013285249999999998,0.0144543,0.015013450000000001,0.0175863,0,05_resultados\revisao_operacional\evento_adiantado_corrigido_v1\j00796.mat,evento_adiantado_corrigido_v1
j00797,montecarlo,perda_fonte,heuristico,11,0,1.130265962664432,{},592.6122638850534,592.6122638850534,1,14.754610453615202,14.754610453615202,150,150,150,150,57.93978528855198,56.5039066455025,60,24.16369944991276,850,0,0,0.02416369944991276,500,150,60,nan,0,nan,nan,nan,nan,nan,4.53e-05,7.8e-06,1.0350000000000001e-05,1.52e-05,4.53e-05,nan,nan,nan,nan,nan,nan,nan,nan,nan,nan,0,05_resultados\revisao_operacional\campanha_v1\j00797.mat,campanha_v1
j00798,montecarlo,perda_fonte,heuristico_foresight,11,0,1.130265962664432,{},479.6041213656606,479.6041213656606,1,14.67483002986756,14.674830029867557,150,150,150,150,53.54601066242971,53.54601066242971,60,30.656449353448867,752.300528001676,0,0,0.030656449353448866,500,150,58.60147210516441,nan,0,nan,nan,nan,nan,nan,4.37e-05,8.2e-06,1.12e-05,1.4e-05,4.37e-05,nan,nan,nan,nan,nan,nan,nan,nan,nan,nan,0,05_resultados\revisao_operacional\campanha_v1\j00798.mat,campanha_v1
j00799,montecarlo,perda_fonte,miope_qp,11,0,1.130265962664432,{},592.6116232891053,592.6116232891053,1,14.754610001373313,14.75461000137331,150,150,150,150,57.9147667951044,56.47501255161039,60,24.32134429297718,1150.0008251042025,0,0,0.02432134429297718,500,150,59.99996967342122,nan,0,nan,nan,nan,nan,nan,0.0012032,0.0005646,0.0006459,0.00076705,0.0012032,0.0010698,0.00050255,0.00057575,0.00068855,0.0010698,nan,nan,nan,nan,nan,0,05_resultados\revisao_operacional\campanha_v1\j00799.mat,campanha_v1
j00800,montecarlo,perda_fonte,mpc_qp_v5,11,0,1.130265962664432,{},350.2418395649106,350.2418395649106,1,14.583504064957127,14.583504064957125,150,150,150,150,52.21081788111091,52.21081788111091,60,36.99861506472258,1381.9171248330038,0,2.4166666666666665,0.03699861506472258,500,150,58.055950043102776,7.105427357601002e-15,0,0,0,0.0007702745994038196,333283.2021354289,4843142611315303.0,0.0226221,0.0286018,0.03525865,0.04380025,0.0922533,0.0164932,0.0240215,0.03025385,0.0389766,0.0876881,0.0042981,0.00429505,0.0050902,0.0055796000000000005,0.0065502,0,05_resultados\revisao_operacional\campanha_v1\j00800.mat,campanha_v1
j00801,montecarlo,perda_fonte,mpc_qp_estocastico_3cen,11,0,1.130265962664432,{},350.0000052490941,350.0000052490941,1,14.583333337061712,14.58333333706171,150,150,150,150,42.41272821078717,42.41272821078717,60,83.5395409987618,1840.4214670837773,0,0.33333333333333337,0.08353954099876179,500,150,53.08942343021139,7.105427357601002e-15,0,0,0,4.888534022029489e-12,666566.4042708572,9686285222630616.0,0.0551067,0.06828390000000001,0.1024667,0.1425342,0.2084746,0.038891,0.0543793,0.08249989999999999,0.1150438,0.143009,0.0132352,0.013632950000000001,0.017768,0.03762145,0.0928258,0,05_resultados\revisao_operacional\evento_adiantado_corrigido_v1\j00801.mat,evento_adiantado_corrigido_v1
j00802,montecarlo,perda_fonte,heuristico,12,-11,0.8115551704065425,{},592.6122638850534,592.6122638850534,1,14.754610453615202,14.754610453615202,150,150,150,150,57.93978528855198,56.5039066455025,60,24.16369944991276,850,0,0,0.02416369944991276,500,150,60,nan,0,nan,nan,nan,nan,nan,5.49e-05,7.9e-06,9e-06,1.615e-05,5.49e-05,nan,nan,nan,nan,nan,nan,nan,nan,nan,nan,0,05_resultados\revisao_operacional\campanha_v1\j00802.mat,campanha_v1
j00803,montecarlo,perda_fonte,heuristico_foresight,12,-11,0.8115551704065425,{},350.0509464151395,350.0509464151395,1,14.583369300003502,14.583369300003502,150,150,150,150,57.284333101579776,55.8530200174879,60,27.231381675310494,850,0,0,0.027231381675310494,500,150,59.416947455341266,nan,0,nan,nan,nan,nan,nan,7.48e-05,8.8e-06,1.11e-05,1.8e-05,7.48e-05,nan,nan,nan,nan,nan,nan,nan,nan,nan,nan,0,05_resultados\revisao_operacional\campanha_v1\j00803.mat,campanha_v1
j00804,montecarlo,perda_fonte,miope_qp,12,-11,0.8115551704065425,{},592.6116232891053,592.6116232891053,1,14.754610001373313,14.75461000137331,150,150,150,150,57.9147667951044,56.47501255161039,60,24.32134429297718,1150.0008251042025,0,0,0.02432134429297718,500,150,59.99996967342122,nan,0,nan,nan,nan,nan,nan,0.0012498,0.0005629,0.00064425,0.0007620999999999999,0.0012498,0.0011069,0.0005012,0.00057215,0.0006948,0.0011069,nan,nan,nan,nan,nan,0,05_resultados\revisao_operacional\campanha_v1\j00804.mat,campanha_v1
j00805,montecarlo,perda_fonte,mpc_qp_v5,12,-11,0.8115551704065425,{},350.0000816161562,350.0000816161562,1,14.588223911732078,14.583333390963684,150,150,150,150,56.77910651605426,55.38370332315398,60.05989427915486,29.871367420241434,1736.711845374893,0,0.4166666666666667,0.029871367420241435,500,150,59.02466305216466,0.11694440069111067,852,0,0,6.633982252424175e-07,333283.200808402,4015243775612013.0,0.0201892,0.020967899999999998,0.03086565,0.0356031,0.0442805,0.0140105,0.01662265,0.02599955,0.03088075,0.0392173,0.0045001,0.004156,0.00474005,0.00499375,0.0058458,0,05_resultados\revisao_operacional\campanha_v1\j00805.mat,campanha_v1
j00806,montecarlo,perda_fonte,mpc_qp_estocastico_3cen,12,-11,0.8115551704065425,{},350.00000361802756,350.00000361802756,1,14.588199158368512,14.583333335920743,150,150,150,150,56.55042305036972,55.15507406503256,60.04233714507,30.781268737584362,1544.5906292716475,0,0.08333333333333334,0.030781268737584362,500,150,58.7960473215516,0.11700537031658342,852,0,0,0.003661786527516142,666566.4016168036,8030487551224027.0,0.0553409,0.04957955,0.07682240000000001,0.11521325,0.3455281,0.0320428,0.03617915,0.0614204,0.10100095,0.3316414,0.0197757,0.013225250000000001,0.0154391,0.0197698,0.0384145,0,05_resultados\revisao_operacional\evento_adiantado_corrigido_v1\j00806.mat,evento_adiantado_corrigido_v1
j00807,montecarlo,perda_fonte,heuristico,13,-5,1.034332475169704,{},592.6122638850534,592.6122638850534,1,14.754610453615202,14.754610453615202,150,150,150,150,57.93978528855198,56.5039066455025,60,24.16369944991276,850,0,0,0.02416369944991276,500,150,60,nan,0,nan,nan,nan,nan,nan,4.01e-05,8e-06,1.01e-05,1.69e-05,8.93e-05,nan,nan,nan,nan,nan,nan,nan,nan,nan,nan,0,05_resultados\revisao_operacional\campanha_v1\j00807.mat,campanha_v1
j00808,montecarlo,perda_fonte,heuristico_foresight,13,-5,1.034332475169704,{},351.02328610238675,351.02328610238675,1,14.584055743214991,14.584055743214991,150,150,150,150,57.42468397877276,55.993370894680886,60,26.564715008643827,850.0000000000001,0,0,0.026564715008643828,500,150,59.55715381817394,nan,0,nan,nan,nan,nan,nan,4.82e-05,8.9e-06,1.13e-05,1.9149999999999998e-05,4.82e-05,nan,nan,nan,nan,nan,nan,nan,nan,nan,nan,0,05_resultados\revisao_operacional\campanha_v1\j00808.mat,campanha_v1
j00809,montecarlo,perda_fonte,miope_qp,13,-5,1.034332475169704,{},592.6116232891053,592.6116232891053,1,14.754610001373313,14.75461000137331,150,150,150,150,57.9147667951044,56.47501255161039,60,24.32134429297718,1150.0008251042025,0,0,0.02432134429297718,500,150,59.99996967342122,nan,0,nan,nan,nan,nan,nan,0.0012193,0.00056485,0.0006581499999999999,0.0008394,0.0012193,0.0010596,0.0005024,0.0005846,0.0007506500000000001,0.0010596,nan,nan,nan,nan,nan,0,05_resultados\revisao_operacional\campanha_v1\j00809.mat,campanha_v1
j00810,montecarlo,perda_fonte,mpc_qp_v5,13,-5,1.034332475169704,{},350.00675529464604,350.00675529464604,1,14.583338102389343,14.583338102389343,150,150,150,150,56.34957381398534,55.67242980799951,60,24.119874232980717,1705.3285461692337,0,2.083333333333333,0.024119874232980718,500,150,59.327965208519316,0.007089426718138725,912,0,0,0.0017432280668003841,333283.200808402,4015243775612013.0,0.0218739,0.0257747,0.0363401,0.04084695,0.0475455,0.0153354,0.02119035,0.0315448,0.0357364,0.0429176,0.0048683,0.0042774,0.0050700499999999996,0.00565925,0.0071573,0,05_resultados\revisao_operacional\campanha_v1\j00810.mat,campanha_v1
j00811,montecarlo,perda_fonte,mpc_qp_estocastico_3cen,13,-5,1.034332475169704,{},350.00003240307956,350.00003240307956,1,14.58333335622882,14.58333335622882,150,150,150,150,47.66090282921051,47.66090282921051,60,58.61071156124912,2113.3789473395127,0,0.16666666666666669,0.05861071156124912,500,150,55.438345497487205,0.12371844912311758,57,0,0,0.0007940873973666385,666566.4042708572,8858386386927326.0,0.0524116,0.05662405,0.07508645,0.1184114,0.2060817,0.0357443,0.042762800000000004,0.06106465,0.10446885,0.1900078,0.0137918,0.01334715,0.0146107,0.015783449999999997,0.030117,0,05_resultados\revisao_operacional\evento_adiantado_corrigido_v1\j00811.mat,evento_adiantado_corrigido_v1
j00812,montecarlo,perda_fonte,heuristico,14,-4,0.8833227643994002,{},592.6122638850534,592.6122638850534,1,14.754610453615202,14.754610453615202,150,150,150,150,57.93978528855198,56.5039066455025,60,24.16369944991276,850,0,0,0.02416369944991276,500,150,60,nan,0,nan,nan,nan,nan,nan,3.92e-05,7.8e-06,9.8e-06,1.345e-05,3.92e-05,nan,nan,nan,nan,nan,nan,nan,nan,nan,nan,0,05_resultados\revisao_operacional\campanha_v1\j00812.mat,campanha_v1
j00813,montecarlo,perda_fonte,heuristico_foresight,14,-4,0.8833227643994002,{},351.68711356301685,351.68711356301685,1,14.584524385871383,14.584524385871383,150,150,150,150,57.44807579163826,56.016762707546384,60,26.453603897532716,850,0,0,0.026453603897532717,500,150,59.58044696942756,nan,0,nan,nan,nan,nan,nan,7.25e-05,8.7e-06,1.2e-05,1.925e-05,7.25e-05,nan,nan,nan,nan,nan,nan,nan,nan,nan,nan,0,05_resultados\revisao_operacional\campanha_v1\j00813.mat,campanha_v1
j00814,montecarlo,perda_fonte,miope_qp,14,-4,0.8833227643994002,{},592.6116232891053,592.6116232891053,1,14.754610001373313,14.75461000137331,150,150,150,150,57.9147667951044,56.47501255161039,60,24.32134429297718,1150.0008251042025,0,0,0.02432134429297718,500,150,59.99996967342122,nan,0,nan,nan,nan,nan,nan,0.0013268,0.0005708,0.0006778,0.00082655,0.0013268,0.0011562,0.00050785,0.00059645,0.0007327,0.0011562,nan,nan,nan,nan,nan,0,05_resultados\revisao_operacional\campanha_v1\j00814.mat,campanha_v1
j00815,montecarlo,perda_fonte,mpc_qp_v5,14,-4,0.8833227643994002,{},350.0185931191924,350.0185931191924,1,14.58715492143642,14.583346459535452,150,150,150,150,56.98421740653555,55.58909298560734,60.0375559843733,28.670622429936287,1863.8239902522441,0,0.9166666666666666,0.028670622429936288,500,150,59.23006801544529,0.11702432942692553,852,0,0,0.0005825100160450347,333283.200808402,4015243775612013.0,0.0196975,0.02110385,0.03026835,0.0372954,0.1354061,0.0133775,0.0167424,0.0260043,0.03270095,0.1309824,0.0044591,0.0041278,0.00475065,0.0050885,0.0059319,0,05_resultados\revisao_operacional\campanha_v1\j00815.mat,campanha_v1
j00816,montecarlo,perda_fonte,mpc_qp_estocastico_3cen,14,-4,0.8833227643994002,{},350.0000318265436,350.0000318265436,1,14.5833333558121,14.583333355812098,150,150,150,150,55.50797636426105,55.32800913075529,60.0179019412059,23.318407558648808,1458.672713768328,0,0.08333333333333334,0.023318407558648807,500,150,58.98074482605867,0.11709128035123229,1018,0,0,0.0013828418802859233,666566.4016168036,8030487551224027.0,0.0434025,0.05475505,0.08054215,0.1121688,0.1996647,0.028569,0.04213215,0.0632314,0.09929969999999999,0.186665,0.0123949,0.012649049999999998,0.01539465,0.018705,0.0420804,0,05_resultados\revisao_operacional\evento_adiantado_corrigido_v1\j00816.mat,evento_adiantado_corrigido_v1
j00817,montecarlo,perda_fonte,heuristico,15,-4,0.8730521072172237,{},592.6122638850534,592.6122638850534,1,14.754610453615202,14.754610453615202,150,150,150,150,57.93978528855198,56.5039066455025,60,24.16369944991276,850,0,0,0.02416369944991276,500,150,60,nan,0,nan,nan,nan,nan,nan,5.38e-05,7.9e-06,1e-05,1.785e-05,5.38e-05,nan,nan,nan,nan,nan,nan,nan,nan,nan,nan,0,05_resultados\revisao_operacional\campanha_v1\j00817.mat,campanha_v1
j00818,montecarlo,perda_fonte,heuristico_foresight,15,-4,0.8730521072172237,{},351.68711356301685,351.68711356301685,1,14.584524385871383,14.584524385871383,150,150,150,150,57.44807579163826,56.016762707546384,60,26.453603897532716,850,0,0,0.026453603897532717,500,150,59.58044696942756,nan,0,nan,nan,nan,nan,nan,4.34e-05,8.9e-06,1.11e-05,1.3850000000000001e-05,4.34e-05,nan,nan,nan,nan,nan,nan,nan,nan,nan,nan,0,05_resultados\revisao_operacional\campanha_v1\j00818.mat,campanha_v1
j00819,montecarlo,perda_fonte,miope_qp,15,-4,0.8730521072172237,{},592.6116232891053,592.6116232891053,1,14.754610001373313,14.75461000137331,150,150,150,150,57.9147667951044,56.47501255161039,60,24.32134429297718,1150.0008251042025,0,0,0.02432134429297718,500,150,59.99996967342122,nan,0,nan,nan,nan,nan,nan,0.0012191,0.0005653,0.0006455499999999999,0.00082155,0.0012191,0.0010739,0.00050325,0.00057505,0.00073905,0.0010739,nan,nan,nan,nan,nan,0,05_resultados\revisao_operacional\campanha_v1\j00819.mat,campanha_v1
j00820,montecarlo,perda_fonte,mpc_qp_v5,15,-4,0.8730521072172237,{},350.30511428731086,350.30511428731086,1,14.587525625861948,14.583548735053945,150,150,150,150,57.00240109705793,55.607233574632616,60.04097603134095,28.618926952344438,2098.2219114515083,0,1,0.02861892695234444,500,150,59.248163445380065,0.11701270358212668,852,0,1.0842021724855044e-19,45.23210658871426,333283.200808402,4015243775612013.0,0.0198758,0.02135635,0.034194699999999995,0.038523,0.5033145,0.0134966,0.016850499999999997,0.029296700000000002,0.03388805,0.498824,0.0047392,0.0043009,0.0050872999999999995,0.00549995,0.0065384,0,05_resultados\revisao_operacional\campanha_v1\j00820.mat,campanha_v1
j00821,montecarlo,perda_fonte,mpc_qp_estocastico_3cen,15,-4,0.8730521072172237,{},350.0000321544731,350.0000321544731,1,14.583333356043148,14.583333356043148,150,150,150,150,55.76580257281916,55.335367441089026,60.02159177501341,24.638654569001172,1467.1661396314007,0,0.08333333333333334,0.024638654569001172,500,150,58.98495447862944,0.11707872693881427,981,0,0,0.0006965727756096385,666566.4016168036,8030487551224027.0,0.0438708,0.0541937,0.07597305,0.1123102,0.1935037,0.0283012,0.04177795,0.056970450000000006,0.09834385000000001,0.1787894,0.013165,0.0124293,0.0148279,0.0174838,0.0244491,0,05_resultados\revisao_operacional\evento_adiantado_corrigido_v1\j00821.mat,evento_adiantado_corrigido_v1
j00822,montecarlo,perda_fonte,heuristico,16,-13,0.8575618442388815,{},592.6122638850534,592.6122638850534,1,14.754610453615202,14.754610453615202,150,150,150,150,57.93978528855198,56.5039066455025,60,24.16369944991276,850,0,0,0.02416369944991276,500,150,60,nan,0,nan,nan,nan,nan,nan,5.31e-05,7.9e-06,1.01e-05,1.41e-05,5.31e-05,nan,nan,nan,nan,nan,nan,nan,nan,nan,nan,0,05_resultados\revisao_operacional\campanha_v1\j00822.mat,campanha_v1
j00823,montecarlo,perda_fonte,heuristico_foresight,16,-13,0.8575618442388815,{},350.0187421387312,350.0187421387312,1,14.583346564731855,14.583346564731855,150,150,150,150,57.23754947584878,55.806236391756904,60,27.453603897532716,850.0000000000001,0,0,0.027453603897532715,500,150,59.370168615983246,nan,0,nan,nan,nan,nan,nan,4.16e-05,8.8e-06,1.04e-05,1.63e-05,4.16e-05,nan,nan,nan,nan,nan,nan,nan,nan,nan,nan,0,05_resultados\revisao_operacional\campanha_v1\j00823.mat,campanha_v1
j00824,montecarlo,perda_fonte,miope_qp,16,-13,0.8575618442388815,{},592.6116232891053,592.6116232891053,1,14.754610001373313,14.75461000137331,150,150,150,150,57.9147667951044,56.47501255161039,60,24.32134429297718,1150.0008251042025,0,0,0.02432134429297718,500,150,59.99996967342122,nan,0,nan,nan,nan,nan,nan,0.0013503,0.00057085,0.0006707,0.0008512000000000001,0.0013503,0.0011725,0.0005073,0.0006003,0.0007712999999999999,0.0011725,nan,nan,nan,nan,nan,0,05_resultados\revisao_operacional\campanha_v1\j00824.mat,campanha_v1
j00825,montecarlo,perda_fonte,mpc_qp_v5,16,-13,0.8575618442388815,{},350.0002726089533,350.0002726089533,1,14.58754550232036,14.583333525796597,150,150,150,150,56.80776548817939,55.41253468658259,60.0446301810969,29.580669297331138,1936.5767886487176,0,1.1666666666666667,0.02958066929733114,500,150,59.053505941259274,0.11699643698051432,852,0,0,0.007917951740012086,333283.200808402,4015243775612013.0,0.0198934,0.021598100000000002,0.0338448,0.0383793,0.096955,0.0138301,0.01689005,0.028527450000000003,0.033724699999999996,0.0923229,0.0044075,0.0043094,0.0051287,0.0058617,0.0077513,0,05_resultados\revisao_operacional\campanha_v1\j00825.mat,campanha_v1
j00826,montecarlo,perda_fonte,mpc_qp_estocastico_3cen,16,-13,0.8575618442388815,{},350.0000003182682,350.0000003182682,1,14.583333333570291,14.583333333570291,150,150,150,150,55.94707565878454,55.13904880748507,60.02621654601657,27.60480148074012,1763.157248747908,0,0.25,0.027604801480740123,500,150,58.78468320860452,0.11706073514114479,943,0,0,2.2265226107265335e-08,666566.4016168036,8030487551224027.0,0.0438158,0.055402400000000004,0.0838959,0.12687500000000002,0.2104606,0.0290135,0.04233115,0.06578595000000001,0.1103918,0.1930317,0.0118099,0.01284395,0.01628545,0.02241555,0.0694056,0,05_resultados\revisao_operacional\evento_adiantado_corrigido_v1\j00826.mat,evento_adiantado_corrigido_v1
j00827,montecarlo,perda_fonte,heuristico,17,-5,1.0722589940792835,{},592.6122638850534,592.6122638850534,1,14.754610453615202,14.754610453615202,150,150,150,150,57.93978528855198,56.5039066455025,60,24.16369944991276,850,0,0,0.02416369944991276,500,150,60,nan,0,nan,nan,nan,nan,nan,6.36e-05,8.1e-06,1.02e-05,1.31e-05,6.36e-05,nan,nan,nan,nan,nan,nan,nan,nan,nan,nan,0,05_resultados\revisao_operacional\campanha_v1\j00827.mat,campanha_v1
j00828,montecarlo,perda_fonte,heuristico_foresight,17,-5,1.0722589940792835,{},361.952298127601,361.952298127601,1,14.59177130415667,14.59177130415667,150,150,150,150,56.09518555793183,56.09518555793183,60,18.547868599824515,795.8057544405374,0,0,0.018547868599824515,500,150,59.77276395506889,nan,0,nan,nan,nan,nan,nan,4.26e-05,8.6e-06,1.12e-05,1.205e-05,4.26e-05,nan,nan,nan,nan,nan,nan,nan,nan,nan,nan,0,05_resultados\revisao_operacional\campanha_v1\j00828.mat,campanha_v1
j00829,montecarlo,perda_fonte,miope_qp,17,-5,1.0722589940792835,{},592.6116232891053,592.6116232891053,1,14.754610001373313,14.75461000137331,150,150,150,150,57.9147667951044,56.47501255161039,60,24.32134429297718,1150.0008251042025,0,0,0.02432134429297718,500,150,59.99996967342122,nan,0,nan,nan,nan,nan,nan,0.0012045,0.0006165,0.00083355,0.0010600000000000002,0.0012045,0.0010705,0.0005482,0.0007237000000000001,0.00094775,0.0010705,nan,nan,nan,nan,nan,0,05_resultados\revisao_operacional\campanha_v1\j00829.mat,campanha_v1
j00830,montecarlo,perda_fonte,mpc_qp_v5,17,-5,1.0722589940792835,{},350.02153438018183,350.02153438018183,1,14.583348535982834,14.583348535982832,150,150,150,150,54.72048004073796,54.72048004073796,60,25.077719806495253,2072.9007233284174,0,1.8333333333333333,0.025077719806495254,500,150,59.25329468472484,7.105427357601002e-15,0,0,0,0.00102659508479519,333283.2021354289,4843142611315303.0,0.0309002,0.027125749999999997,0.0363295,0.0462948,0.0974972,0.0241986,0.0222375,0.030932849999999998,0.04130955,0.0929957,0.0047661,0.004459299999999999,0.0053477,0.0060497,0.0140422,0,05_resultados\revisao_operacional\campanha_v1\j00830.mat,campanha_v1
j00831,montecarlo,perda_fonte,mpc_qp_estocastico_3cen,17,-5,1.0722589940792835,{},350.000029068584,350.000029068584,1,14.583333353882654,14.583333353882653,150,150,150,150,45.35266896921501,45.35266896921501,60,69.5748223962291,2707.8816305576697,0,0.33333333333333337,0.0695748223962291,500,150,54.43057028705652,7.105427357601002e-15,0,0,0,5.7980287238024175e-12,666566.4042708572,9686285222630616.0,0.0541738,0.07657459999999999,0.09015709999999999,0.11598235,0.1612493,0.0358819,0.0635994,0.07491395,0.10323394999999999,0.1495191,0.0143315,0.0127396,0.014995999999999999,0.01652745,0.0255204,0,05_resultados\revisao_operacional\evento_adiantado_corrigido_v1\j00831.mat,evento_adiantado_corrigido_v1
j00832,montecarlo,perda_fonte,heuristico,18,-5,1.1328818531453302,{},592.6122638850534,592.6122638850534,1,14.754610453615202,14.754610453615202,150,150,150,150,57.93978528855198,56.5039066455025,60,24.16369944991276,850,0,0,0.02416369944991276,500,150,60,nan,0,nan,nan,nan,nan,nan,4.11e-05,8e-06,1.005e-05,1.595e-05,4.11e-05,nan,nan,nan,nan,nan,nan,nan,nan,nan,nan,0,05_resultados\revisao_operacional\campanha_v1\j00832.mat,campanha_v1
j00833,montecarlo,perda_fonte,heuristico_foresight,18,-5,1.1328818531453302,{},360.57930933807006,360.57930933807006,1,14.590802014466677,14.590802014466677,150,150,150,150,53.32339542256291,53.32339542256291,60,31.713871742831913,750.3386101410024,0,0,0.03171387174283191,500,150,58.45947273629242,nan,0,nan,nan,nan,nan,nan,4.3e-05,8.5e-06,1.12e-05,1.2750000000000002e-05,4.4e-05,nan,nan,nan,nan,nan,nan,nan,nan,nan,nan,0,05_resultados\revisao_operacional\campanha_v1\j00833.mat,campanha_v1
j00834,montecarlo,perda_fonte,miope_qp,18,-5,1.1328818531453302,{},592.6116232891053,592.6116232891053,1,14.754610001373313,14.75461000137331,150,150,150,150,57.9147667951044,56.47501255161039,60,24.32134429297718,1150.0008251042025,0,0,0.02432134429297718,500,150,59.99996967342122,nan,0,nan,nan,nan,nan,nan,0.0012234,0.0005902500000000001,0.0008379500000000001,0.0009859,0.0012234,0.0010827,0.0005249499999999999,0.0007273,0.0008783,0.0010827,nan,nan,nan,nan,nan,0,05_resultados\revisao_operacional\campanha_v1\j00834.mat,campanha_v1
j00835,montecarlo,perda_fonte,mpc_qp_v5,18,-5,1.1328818531453302,{},350.02681167912755,350.02681167912755,1,14.583352261596218,14.583352261596215,150,150,150,150,51.98486777487129,51.98486777487129,60,38.07187806936146,2131.6064075917147,0,2.3333333333333335,0.03807187806936146,500,150,57.88903860269798,7.105427357601002e-15,0,0,0,0.0033755325479205567,333283.2021354289,4843142611315303.0,0.0233929,0.02859675,0.03419735,0.044313149999999996,0.0949997,0.0168341,0.0238378,0.028934,0.039666950000000006,0.0900838,0.004655,0.00448285,0.0050607,0.0054105,0.0068131,0,05_resultados\revisao_operacional\campanha_v1\j00835.mat,campanha_v1
j00836,montecarlo,perda_fonte,mpc_qp_estocastico_3cen,18,-5,1.1328818531453302,{},350.00000158129694,350.00000158129694,1,14.583333334464879,14.583333334464877,150,150,150,150,42.24627640690774,42.24627640690774,60,84.33018706718728,2455.1617990905584,0,0.33333333333333337,0.08433018706718728,500,150,52.99529371853153,7.105427357601002e-15,0,0,0,4.547473508864641e-12,666566.4042708572,9686285222630616.0,0.0667416,0.0670373,0.0944779,0.1185477,0.1600683,0.0419749,0.053543,0.07713525,0.1028675,0.1464904,0.0208894,0.013137349999999999,0.016723599999999998,0.02537395,0.0516531,0,05_resultados\revisao_operacional\evento_adiantado_corrigido_v1\j00836.mat,evento_adiantado_corrigido_v1
j00837,montecarlo,perda_fonte,heuristico,19,-1,1.083321598940225,{},592.6122638850534,592.6122638850534,1,14.754610453615202,14.754610453615202,150,150,150,150,57.93978528855198,56.5039066455025,60,24.16369944991276,850,0,0,0.02416369944991276,500,150,60,nan,0,nan,nan,nan,nan,nan,4.28e-05,7.9e-06,1.01e-05,1.225e-05,6.37e-05,nan,nan,nan,nan,nan,nan,nan,nan,nan,nan,0,05_resultados\revisao_operacional\campanha_v1\j00837.mat,campanha_v1
j00838,montecarlo,perda_fonte,heuristico_foresight,19,-1,1.083321598940225,{},436.4649007802767,436.4649007802767,1,14.644375009355612,14.644375009355612,150,150,150,150,55.68002797325401,55.68002797325401,60,20.51986712704381,787.5088007948312,0,0,0.02051986712704381,500,150,59.612645052348654,nan,0,nan,nan,nan,nan,nan,4.18e-05,8.4e-06,1.11e-05,1.88e-05,5e-05,nan,nan,nan,nan,nan,nan,nan,nan,nan,nan,0,05_resultados\revisao_operacional\campanha_v1\j00838.mat,campanha_v1
j00839,montecarlo,perda_fonte,miope_qp,19,-1,1.083321598940225,{},592.6116232891053,592.6116232891053,1,14.754610001373313,14.75461000137331,150,150,150,150,57.9147667951044,56.47501255161039,60,24.32134429297718,1150.0008251042025,0,0,0.02432134429297718,500,150,59.99996967342122,nan,0,nan,nan,nan,nan,nan,0.0012344,0.00056235,0.00063615,0.0007855,0.0012344,0.0010927,0.0005003,0.0005652000000000001,0.00069155,0.0010927,nan,nan,nan,nan,nan,0,05_resultados\revisao_operacional\campanha_v1\j00839.mat,campanha_v1
j00840,montecarlo,perda_fonte,mpc_qp_v5,19,-1,1.083321598940225,{},350.4008834500732,350.4008834500732,1,14.583616345265504,14.5836163452655,150,150,150,150,54.38091693089621,54.38091693089621,60,26.690644578242814,1466.8078402372917,0,2.3333333333333335,0.026690644578242814,500,150,59.16417087214204,7.105427357601002e-15,0,0,0,0.0019012330911891695,333283.2021354289,4843142611315303.0,0.024575,0.02656515,0.0334166,0.045324500000000004,0.0936464,0.0180111,0.0217262,0.028509899999999998,0.040679,0.0888058,0.0044309,0.00446005,0.00515075,0.005514150000000001,0.0066247,0,05_resultados\revisao_operacional\campanha_v1\j00840.mat,campanha_v1
j00841,montecarlo,perda_fonte,mpc_qp_estocastico_3cen,19,-1,1.083321598940225,{},350.00008226089597,350.00008226089597,1,14.583333391436481,14.58333339143648,150,150,150,150,44.81739309559434,44.81739309559434,60,72.11738279592731,2609.4318762729713,0,0.25,0.07211738279592732,500,150,54.19963560113998,7.105427357601002e-15,0,0,0,0.0005396521810325794,666566.4042708572,9686285222630616.0,0.0544616,0.0625162,0.0860821,0.11441195000000001,0.1808293,0.0365855,0.049448,0.07162145,0.10109114999999999,0.1671643,0.0151066,0.0126643,0.0152613,0.01940155,0.0303286,0,05_resultados\revisao_operacional\evento_adiantado_corrigido_v1\j00841.mat,evento_adiantado_corrigido_v1
j00842,montecarlo,perda_fonte,heuristico,20,5,0.9802008794423738,{},592.6122638850534,592.6122638850534,1,14.754610453615202,14.754610453615202,150,150,150,150,57.93978528855198,56.5039066455025,60,24.16369944991276,850,0,0,0.02416369944991276,500,150,60,nan,0,nan,nan,nan,nan,nan,4.48e-05,7.9e-06,1e-05,1.21e-05,4.48e-05,nan,nan,nan,nan,nan,nan,nan,nan,nan,nan,0,05_resultados\revisao_operacional\campanha_v1\j00842.mat,campanha_v1
j00843,montecarlo,perda_fonte,heuristico_foresight,20,5,0.9802008794423738,{},402.9015293790226,402.9015293790226,1,14.620680256631648,14.620680256631648,150,150,150,150,57.54668202945504,56.12592450091872,60,25.879529823458643,850,0,0,0.025879529823458643,500,150,59.775564251996556,nan,0,nan,nan,nan,nan,nan,4.5e-05,8.7e-06,1.11e-05,1.87e-05,5.01e-05,nan,nan,nan,nan,nan,nan,nan,nan,nan,nan,0,05_resultados\revisao_operacional\campanha_v1\j00843.mat,campanha_v1
j00844,montecarlo,perda_fonte,miope_qp,20,5,0.9802008794423738,{},592.6116232891053,592.6116232891053,1,14.754610001373313,14.75461000137331,150,150,150,150,57.9147667951044,56.47501255161039,60,24.32134429297718,1150.0008251042025,0,0,0.02432134429297718,500,150,59.99996967342122,nan,0,nan,nan,nan,nan,nan,0.001291,0.00056315,0.00065525,0.0008471,0.001291,0.0011509,0.0005013,0.0005833500000000001,0.0007597000000000001,0.0011509,nan,nan,nan,nan,nan,0,05_resultados\revisao_operacional\campanha_v1\j00844.mat,campanha_v1
j00845,montecarlo,perda_fonte,mpc_qp_v5,20,5,0.9802008794423738,{},353.0263026280735,353.0263026280735,1,14.587422794031356,14.585469813974026,150,150,150,150,57.294190077778175,55.91007942799567,60.00546465225386,26.766634036471046,1826.4139534045664,0,2.3333333333333335,0.026766634036471046,500,150,59.644173088389984,0.1171338705176197,813,0,0,0.0020259358938119476,333283.200808402,4015243775612013.0,0.0205496,0.02217635,0.030972350000000003,0.03941715,0.0909383,0.0146153,0.0176423,0.02616185,0.03433995,0.0860826,0.0043378,0.00428585,0.00496505,0.0053954,0.0069544,0,05_resultados\revisao_operacional\campanha_v1\j00845.mat,campanha_v1
j00846,montecarlo,perda_fonte,mpc_qp_estocastico_3cen,20,5,0.9802008794423738,{},350.0001103216298,350.0001103216298,1,14.58333341123448,14.583333411234477,150,150,150,150,50.46096705796652,50.46096705796652,60,45.310406474659864,827.4048813387615,0,0,0.045310406474659864,500,150,56.76828453885213,7.105427357601002e-15,0,0,0,2.2737367544323206e-13,666566.4042708572,8858386386927326.0,0.0516782,0.056990650000000004,0.08371819999999999,0.11384915,0.153775,0.0341229,0.043520500000000004,0.0676549,0.10027105,0.139891,0.0147346,0.01306755,0.01723815,0.02309045,0.0428122,0,05_resultados\revisao_operacional\evento_adiantado_corrigido_v1\j00846.mat,evento_adiantado_corrigido_v1
j00847,montecarlo,perda_fonte,heuristico,21,7,1.1397264039215222,{},592.6122638850534,592.6122638850534,1,14.754610453615202,14.754610453615202,150,150,150,150,57.93978528855198,56.5039066455025,60,24.16369944991276,850,0,0,0.02416369944991276,500,150,60,nan,0,nan,nan,nan,nan,nan,3.94e-05,7.9e-06,1e-05,2.125e-05,4.35e-05,nan,nan,nan,nan,nan,nan,nan,nan,nan,nan,0,05_resultados\revisao_operacional\campanha_v1\j00847.mat,campanha_v1
j00848,montecarlo,perda_fonte,heuristico_foresight,21,7,1.1397264039215222,{},559.3775359083389,559.3775359083389,1,14.731147713479777,14.731147713479773,150,150,150,150,53.010449800812815,53.010449800812815,60,33.20036344612902,745.2051970588583,0,0,0.03320036344612902,500,150,58.40275230373683,nan,0,nan,nan,nan,nan,nan,5.2e-05,8.3e-06,1.11e-05,1.735e-05,5.2e-05,nan,nan,nan,nan,nan,nan,nan,nan,nan,nan,0,05_resultados\revisao_operacional\campanha_v1\j00848.mat,campanha_v1
j00849,montecarlo,perda_fonte,miope_qp,21,7,1.1397264039215222,{},592.6116232891053,592.6116232891053,1,14.754610001373313,14.75461000137331,150,150,150,150,57.9147667951044,56.47501255161039,60,24.32134429297718,1150.0008251042025,0,0,0.02432134429297718,500,150,59.99996967342122,nan,0,nan,nan,nan,nan,nan,0.0011949,0.0005643499999999999,0.0006634,0.0008391,0.0011949,0.0010609,0.0005017999999999999,0.0005888,0.0007523499999999999,0.0010609,nan,nan,nan,nan,nan,0,05_resultados\revisao_operacional\campanha_v1\j00849.mat,campanha_v1
j00850,montecarlo,perda_fonte,mpc_qp_v5,21,7,1.1397264039215222,{},353.6339057356921,353.6339057356921,1,14.58589876388411,14.58589876388411,150,150,150,150,51.77427436106499,51.77427436106499,60,39.07219678494187,1360.0445878666571,0,2.3333333333333335,0.03907219678494187,500,150,57.95325639454697,7.105427357601002e-15,0,0,0,5.805253397284105e-05,333283.2021354289,4843142611315303.0,0.0228653,0.02837085,0.03311665,0.0432833,0.0517048,0.0165784,0.0237505,0.0285129,0.0385614,0.0470205,0.0044285,0.0043694,0.00498975,0.0052321,0.0058593,0,05_resultados\revisao_operacional\campanha_v1\j00850.mat,campanha_v1
j00851,montecarlo,perda_fonte,mpc_qp_estocastico_3cen,21,7,1.1397264039215222,{},350.0001627774223,350.0001627774223,1,14.583333448265074,14.583333448265071,150,150,150,150,41.961778016611,41.961778016611,60,85.68155442109743,1816.9445230914225,0,0.4166666666666667,0.08568155442109743,500,150,52.961001670566766,7.105427357601002e-15,0,0,0,4.092726157978177e-12,666566.4042708572,9686285222630616.0,0.0539015,0.06626014999999999,0.0870972,0.1308318,0.1680971,0.0386852,0.05323885,0.07165084999999999,0.11318254999999999,0.1559514,0.0124236,0.012624699999999999,0.015700699999999998,0.018598299999999998,0.0664835,0,05_resultados\revisao_operacional\evento_adiantado_corrigido_v1\j00851.mat,evento_adiantado_corrigido_v1
j00852,montecarlo,perda_fonte,heuristico,22,9,1.15406217856806,{},592.6122638850534,592.6122638850534,1,14.754610453615202,14.754610453615202,150,150,150,150,57.93978528855198,56.5039066455025,60,24.16369944991276,850,0,0,0.02416369944991276,500,150,60,nan,0,nan,nan,nan,nan,nan,4.31e-05,7.9e-06,1e-05,1.235e-05,4.31e-05,nan,nan,nan,nan,nan,nan,nan,nan,nan,nan,0,05_resultados\revisao_operacional\campanha_v1\j00852.mat,campanha_v1
j00853,montecarlo,perda_fonte,heuristico_foresight,22,9,1.15406217856806,{},552.8562207679468,552.8562207679468,1,14.726543856857647,14.726543856857642,150,150,150,150,52.315874105109856,52.315874105109856,60,36.499598000725534,734.453366073955,0,0,0.03649959800072553,500,150,58.08934051376026,nan,0,nan,nan,nan,nan,nan,5.37e-05,8.2e-06,9.65e-06,1.8849999999999997e-05,5.37e-05,nan,nan,nan,nan,nan,nan,nan,nan,nan,nan,0,05_resultados\revisao_operacional\campanha_v1\j00853.mat,campanha_v1
j00854,montecarlo,perda_fonte,miope_qp,22,9,1.15406217856806,{},592.6116232891053,592.6116232891053,1,14.754610001373313,14.75461000137331,150,150,150,150,57.9147667951044,56.47501255161039,60,24.32134429297718,1150.0008251042025,0,0,0.02432134429297718,500,150,59.99996967342122,nan,0,nan,nan,nan,nan,nan,0.0011901,0.0005643,0.00064825,0.0007995000000000001,0.0011901,0.0010553,0.000502,0.0005794000000000001,0.0007222999999999999,0.0010553,nan,nan,nan,nan,nan,0,05_resultados\revisao_operacional\campanha_v1\j00854.mat,campanha_v1
j00855,montecarlo,perda_fonte,mpc_qp_v5,22,9,1.15406217856806,{},370.5349178485868,370.5349178485868,1,14.59783038117244,14.59783038117244,150,150,150,150,51.19704675963535,51.19704675963535,60,41.814027891731875,1408.9968156999544,0,2.666666666666667,0.04181402789173187,500,150,57.73326580873364,7.105427357601002e-15,0,0,0,2.0047005477863422e-05,333283.2021354289,4843142611315303.0,0.0222116,0.0285389,0.03400725,0.0422421,0.0452996,0.0160359,0.02387695,0.029302500000000002,0.037377900000000006,0.040085,0.0040099,0.0043479999999999994,0.00498605,0.00522395,0.0065092,0,05_resultados\revisao_operacional\campanha_v1\j00855.mat,campanha_v1
j00856,montecarlo,perda_fonte,mpc_qp_estocastico_3cen,22,9,1.15406217856806,{},350.06644826661636,350.06644826661636,1,14.583380243883626,14.583380243883626,150,150,150,150,41.23033819710113,41.23033819710113,60,89.15589356377023,2110.6449209477137,0,0.16666666666666669,0.08915589356377024,500,150,52.64097169316129,7.105427357601002e-15,0,0,0,0.0024918994981817377,666566.4042708572,9686285222630616.0,0.0527429,0.060560100000000006,0.08313025,0.11681459999999999,0.1517381,0.0381243,0.04774025,0.0698193,0.10387009999999999,0.1383627,0.0117966,0.0123697,0.0137677,0.016502,0.0279008,0,05_resultados\revisao_operacional\evento_adiantado_corrigido_v1\j00856.mat,evento_adiantado_corrigido_v1
j00857,montecarlo,perda_fonte,heuristico,23,10,0.8877844464531203,{},592.6122638850534,592.6122638850534,1,14.754610453615202,14.754610453615202,150,150,150,150,57.93978528855198,56.5039066455025,60,24.16369944991276,850,0,0,0.02416369944991276,500,150,60,nan,0,nan,nan,nan,nan,nan,3.95e-05,7.8e-06,1e-05,1.54e-05,0.000477,nan,nan,nan,nan,nan,nan,nan,nan,nan,nan,0,05_resultados\revisao_operacional\campanha_v1\j00857.mat,campanha_v1
j00858,montecarlo,perda_fonte,heuristico_foresight,23,10,0.8877844464531203,{},443.33660581542915,443.33660581542915,1,14.64922623093444,14.64922623093444,150,150,150,150,57.50619713666749,56.09863405257561,60,25.939715008643827,850,0,0,0.025939715008643827,500,150,59.85922318918037,nan,0,nan,nan,nan,nan,nan,5.04e-05,8.7e-06,1.1e-05,1.3150000000000001e-05,5.04e-05,nan,nan,nan,nan,nan,nan,nan,nan,nan,nan,0,05_resultados\revisao_operacional\campanha_v1\j00858.mat,campanha_v1
j00859,montecarlo,perda_fonte,miope_qp,23,10,0.8877844464531203,{},592.6116232891053,592.6116232891053,1,14.754610001373313,14.75461000137331,150,150,150,150,57.9147667951044,56.47501255161039,60,24.32134429297718,1150.0008251042025,0,0,0.02432134429297718,500,150,59.99996967342122,nan,0,nan,nan,nan,nan,nan,0.0011826,0.0005611,0.00066085,0.0007856,0.0011826,0.0010492,0.0004996,0.0005790000000000001,0.000709,0.0010492,nan,nan,nan,nan,nan,0,05_resultados\revisao_operacional\campanha_v1\j00859.mat,campanha_v1
j00860,montecarlo,perda_fonte,mpc_qp_v5,23,10,0.8877844464531203,{},376.91671941026965,376.91671941026965,1,14.605989513025909,14.602335745313198,150,150,150,150,57.18184299575889,55.8104993567364,60.03791846206824,27.49740970343597,1926.4848490421737,0,1.4166666666666665,0.02749740970343597,500,150,59.6579781397516,0.11702790351898074,852,0,0,0.00013676518062766263,333283.200808402,4015243775612013.0,0.0191429,0.020979949999999997,0.0302772,0.038184949999999995,0.0438659,0.0133743,0.0166942,0.025433200000000003,0.03334105,0.0395137,0.0041143,0.00406045,0.004726950000000001,0.00506575,0.0054931,0,05_resultados\revisao_operacional\campanha_v1\j00860.mat,campanha_v1
j00861,montecarlo,perda_fonte,mpc_qp_estocastico_3cen,23,10,0.8877844464531203,{},350.0347478517644,350.0347478517644,1,14.583357864304872,14.583357864304872,150,150,150,150,55.50883505917983,55.438728227574295,60.013791686932734,22.17312258215372,1454.3621801415643,0,0.08333333333333334,0.02217312258215372,500,150,59.30362280390448,0.11711457210659404,1271,0,0,0.004139969738446325,666566.4016168036,8030487551224027.0,0.0420627,0.053840200000000005,0.0756844,0.11478925,0.1936838,0.0277979,0.041272550000000005,0.0619134,0.10114690000000001,0.1788231,0.011645,0.012723499999999999,0.0167256,0.0201138,0.0349338,0,05_resultados\revisao_operacional\evento_adiantado_corrigido_v1\j00861.mat,evento_adiantado_corrigido_v1
j00862,montecarlo,perda_fonte,heuristico,24,-3,1.1032016136250562,{},592.6122638850534,592.6122638850534,1,14.754610453615202,14.754610453615202,150,150,150,150,57.93978528855198,56.5039066455025,60,24.16369944991276,850,0,0,0.02416369944991276,500,150,60,nan,0,nan,nan,nan,nan,nan,3.95e-05,7.8e-06,9.849999999999999e-06,1.22e-05,4.92e-05,nan,nan,nan,nan,nan,nan,nan,nan,nan,nan,0,05_resultados\revisao_operacional\campanha_v1\j00862.mat,campanha_v1
j00863,montecarlo,perda_fonte,heuristico_foresight,24,-3,1.1032016136250562,{},380.58477114645683,380.58477114645683,1,14.604925281912353,14.604925281912351,150,150,150,150,54.72401011196135,54.72401011196135,60,25.06095196818048,772.5987897812079,0,0,0.025060951968180478,500,150,59.143150078924236,nan,0,nan,nan,nan,nan,nan,4.22e-05,8.3e-06,1.09e-05,1.33e-05,4.53e-05,nan,nan,nan,nan,nan,nan,nan,nan,nan,nan,0,05_resultados\revisao_operacional\campanha_v1\j00863.mat,campanha_v1
j00864,montecarlo,perda_fonte,miope_qp,24,-3,1.1032016136250562,{},592.6116232891053,592.6116232891053,1,14.754610001373313,14.75461000137331,150,150,150,150,57.9147667951044,56.47501255161039,60,24.32134429297718,1150.0008251042025,0,0,0.02432134429297718,500,150,59.99996967342122,nan,0,nan,nan,nan,nan,nan,0.0011955,0.0005681,0.0006414000000000001,0.0008066,0.0011955,0.0010606,0.0005058,0.0005714,0.0007043,0.0010606,nan,nan,nan,nan,nan,0,05_resultados\revisao_operacional\campanha_v1\j00864.mat,campanha_v1
j00865,montecarlo,perda_fonte,mpc_qp_v5,24,-3,1.1032016136250562,{},350.0906554039798,350.0906554039798,1,14.58339733339384,14.583397333393838,150,150,150,150,53.37481436211462,53.37481436211462,60,31.46963177995466,1676.6754793272978,0,2,0.03146963177995466,500,150,58.601577731557875,7.105427357601002e-15,0,0,0,0.00046873959217919037,333283.2021354289,4843142611315303.0,0.0247497,0.027255849999999998,0.033478850000000004,0.044456999999999997,0.0927161,0.0179934,0.0226192,0.028682199999999998,0.03968325,0.0878114,0.0045976,0.004348599999999999,0.0050294499999999995,0.00537815,0.0062324,0,05_resultados\revisao_operacional\campanha_v1\j00865.mat,campanha_v1
j00866,montecarlo,perda_fonte,mpc_qp_estocastico_3cen,24,-3,1.1032016136250562,{},350.0000075581331,350.0000075581331,1,14.58333333868083,14.583333338680827,150,150,150,150,43.787625695390076,43.787625695390076,60,77.00877794689774,2487.908086064624,0,0.4166666666666667,0.07700877794689774,500,150,53.717246818262936,7.105427357601002e-15,0,0,0,4.391899233269214e-05,666566.4042708572,9686285222630616.0,0.0521815,0.06881865,0.09198245,0.11322594999999999,0.1581846,0.0355911,0.05517735,0.07692695,0.0999803,0.1455814,0.0134747,0.01277645,0.01587375,0.02216395,0.0629725,0,05_resultados\revisao_operacional\evento_adiantado_corrigido_v1\j00866.mat,evento_adiantado_corrigido_v1
j00867,montecarlo,perda_fonte,heuristico,25,2,1.1184643625841586,{},592.6122638850534,592.6122638850534,1,14.754610453615202,14.754610453615202,150,150,150,150,57.93978528855198,56.5039066455025,60,24.16369944991276,850,0,0,0.02416369944991276,500,150,60,nan,0,nan,nan,nan,nan,nan,3.89e-05,7.8e-06,1.2450000000000001e-05,2.0700000000000002e-05,4.65e-05,nan,nan,nan,nan,nan,nan,nan,nan,nan,nan,0,05_resultados\revisao_operacional\campanha_v1\j00867.mat,campanha_v1
j00868,montecarlo,perda_fonte,heuristico_foresight,25,2,1.1184643625841586,{},569.0495958777303,569.0495958777303,1,14.737975903251483,14.737975903251481,150,150,150,150,54.088189889957576,54.088189889957576,60,28.081098022715725,761.151728061881,0,0,0.028081098022715724,500,150,58.867587626448866,nan,0,nan,nan,nan,nan,nan,4.45e-05,8.2e-06,1.09e-05,1.54e-05,4.45e-05,nan,nan,nan,nan,nan,nan,nan,nan,nan,nan,0,05_resultados\revisao_operacional\campanha_v1\j00868.mat,campanha_v1
j00869,montecarlo,perda_fonte,miope_qp,25,2,1.1184643625841586,{},592.6116232891053,592.6116232891053,1,14.754610001373313,14.75461000137331,150,150,150,150,57.9147667951044,56.47501255161039,60,24.32134429297718,1150.0008251042025,0,0,0.02432134429297718,500,150,59.99996967342122,nan,0,nan,nan,nan,nan,nan,0.0011831,0.0005639,0.0006649,0.00084165,0.0011831,0.0010477,0.00050205,0.00058835,0.0007512,0.0010477,nan,nan,nan,nan,nan,0,05_resultados\revisao_operacional\campanha_v1\j00869.mat,campanha_v1
j00870,montecarlo,perda_fonte,mpc_qp_v5,25,2,1.1184643625841586,{},350.4755160302665,350.4755160302665,1,14.583669033670336,14.583669033670331,150,150,150,150,52.740216696283774,52.740216696283774,60,34.48397069265266,1351.7248232922739,0,2.25,0.03448397069265266,500,150,58.33776660697516,7.105427357601002e-15,0,0,0,1.295510401178035e-07,333283.2021354289,4843142611315303.0,0.0232572,0.027343850000000003,0.034694100000000005,0.0442342,0.0507576,0.0164185,0.02275245,0.029856800000000003,0.039387450000000004,0.0461557,0.0050751,0.0044046,0.00512195,0.005648149999999999,0.0067981,0,05_resultados\revisao_operacional\campanha_v1\j00870.mat,campanha_v1
j00871,montecarlo,perda_fonte,mpc_qp_estocastico_3cen,25,2,1.1184643625841586,{},350.0007843619244,350.0007843619244,1,14.583333887078657,14.583333887078657,150,150,150,150,43.08309780597801,43.08309780597801,60,80.35528542160394,2825.1355797930064,0,0.4166666666666667,0.08035528542160394,500,150,53.44480506061311,7.105427357601002e-15,0,0,0,0.0003272712691568813,666566.4042708572,9686285222630616.0,0.0606094,0.0661699,0.088163,0.11686345000000001,0.1567246,0.0440055,0.05349135,0.07224275,0.1042215,0.1436508,0.0130246,0.012299850000000001,0.015395800000000001,0.018137800000000003,0.0375624,0,05_resultados\revisao_operacional\evento_adiantado_corrigido_v1\j00871.mat,evento_adiantado_corrigido_v1
j00872,montecarlo,perda_fonte,heuristico,26,-3,0.8798227754838016,{},592.6122638850534,592.6122638850534,1,14.754610453615202,14.754610453615202,150,150,150,150,57.93978528855198,56.5039066455025,60,24.16369944991276,850,0,0,0.02416369944991276,500,150,60,nan,0,nan,nan,nan,nan,nan,4e-05,7.8e-06,1e-05,1.4599999999999999e-05,5.09e-05,nan,nan,nan,nan,nan,nan,nan,nan,nan,nan,0,05_resultados\revisao_operacional\campanha_v1\j00872.mat,campanha_v1
j00873,montecarlo,perda_fonte,heuristico_foresight,26,-3,0.8798227754838016,{},352.7815800174326,352.7815800174326,1,14.585297046987337,14.585297046987337,150,150,150,150,57.47146760450376,56.04015452041188,60,26.342492786421605,850,0,0,0.026342492786421604,500,150,59.603676116794965,nan,0,nan,nan,nan,nan,nan,4.2e-05,8.7e-06,1.11e-05,1.325e-05,4.66e-05,nan,nan,nan,nan,nan,nan,nan,nan,nan,nan,0,05_resultados\revisao_operacional\campanha_v1\j00873.mat,campanha_v1
j00874,montecarlo,perda_fonte,miope_qp,26,-3,0.8798227754838016,{},592.6116232891053,592.6116232891053,1,14.754610001373313,14.75461000137331,150,150,150,150,57.9147667951044,56.47501255161039,60,24.32134429297718,1150.0008251042025,0,0,0.02432134429297718,500,150,59.99996967342122,nan,0,nan,nan,nan,nan,nan,0.0012751,0.0005713999999999999,0.00066665,0.0008194000000000001,0.0012751,0.0011315,0.0005077,0.0005863,0.0007421999999999999,0.0011315,nan,nan,nan,nan,nan,0,05_resultados\revisao_operacional\campanha_v1\j00874.mat,campanha_v1
j00875,montecarlo,perda_fonte,mpc_qp_v5,26,-3,0.8798227754838016,{},350.0284967816099,350.0284967816099,1,14.587220549206453,14.583353451229677,150,150,150,150,57.013901541252636,55.618762431970836,60.038862359420165,28.54285080644728,1925.9481093865697,0,0.9166666666666666,0.02854285080644728,500,150,59.259735116672786,0.11702025161399376,852,0,0,0.0031662371808351963,333283.200808402,4015243775612013.0,0.0192156,0.02101625,0.0300985,0.037330050000000004,0.0977666,0.0133426,0.01658405,0.02523425,0.03257965,0.0929064,0.0042707,0.0042173,0.0047955,0.0050655000000000006,0.0055174,0,05_resultados\revisao_operacional\campanha_v1\j00875.mat,campanha_v1
j00876,montecarlo,perda_fonte,mpc_qp_estocastico_3cen,26,-3,0.8798227754838016,{},350.0000526571865,350.0000526571865,1,14.583333370518137,14.583333370518135,150,150,150,150,55.61936671711278,55.35407269788212,60.01924147990079,23.657106973174923,1461.5662473908703,0,0.08333333333333334,0.023657106973174923,500,150,59.00565485353415,0.11708689867379718,1022,0,0,0.0005048325767802453,666566.4016168036,8030487551224027.0,0.0407893,0.05308615,0.07582169999999999,0.10842155,0.1934301,0.0278607,0.0410159,0.0609698,0.09538174999999999,0.1807535,0.0106104,0.0117188,0.0140258,0.01625685,0.0246874,0,05_resultados\revisao_operacional\evento_adiantado_corrigido_v1\j00876.mat,evento_adiantado_corrigido_v1
j00877,montecarlo,perda_fonte,heuristico,27,-2,0.8203064586314303,{},592.6122638850534,592.6122638850534,1,14.754610453615202,14.754610453615202,150,150,150,150,57.93978528855198,56.5039066455025,60,24.16369944991276,850,0,0,0.02416369944991276,500,150,60,nan,0,nan,nan,nan,nan,nan,6.56e-05,7.8e-06,9.9e-06,1.03e-05,6.56e-05,nan,nan,nan,nan,nan,nan,nan,nan,nan,nan,0,05_resultados\revisao_operacional\campanha_v1\j00877.mat,campanha_v1
j00878,montecarlo,perda_fonte,heuristico_foresight,27,-2,0.8203064586314303,{},354.5860501408955,354.5860501408955,1,14.586570949804251,14.586570949804251,150,150,150,150,57.494859417369256,56.06354633327738,60,26.231381675310494,850,0,0,0.026231381675310493,500,150,59.62679973959374,nan,0,nan,nan,nan,nan,nan,4.43e-05,8.7e-06,9.849999999999999e-06,1.4950000000000001e-05,4.43e-05,nan,nan,nan,nan,nan,nan,nan,nan,nan,nan,0,05_resultados\revisao_operacional\campanha_v1\j00878.mat,campanha_v1
j00879,montecarlo,perda_fonte,miope_qp,27,-2,0.8203064586314303,{},592.6116232891053,592.6116232891053,1,14.754610001373313,14.75461000137331,150,150,150,150,57.9147667951044,56.47501255161039,60,24.32134429297718,1150.0008251042025,0,0,0.02432134429297718,500,150,59.99996967342122,nan,0,nan,nan,nan,nan,nan,0.001246,0.0005657,0.0006489,0.0008322500000000001,0.001246,0.0010972,0.00050325,0.0005763000000000001,0.00075275,0.0010972,nan,nan,nan,nan,nan,0,05_resultados\revisao_operacional\campanha_v1\j00879.mat,campanha_v1
j00880,montecarlo,perda_fonte,mpc_qp_v5,27,-2,0.8203064586314303,{},350.0164966258317,350.0164966258317,1,14.588093392241017,14.583344979479682,150,150,150,150,57.02087244191472,55.625504951811386,60.05896605619818,28.713327331635366,1811.1879140366682,0,0.6666666666666667,0.028713327331635365,500,150,59.26646448146468,0.1169526483826715,852,0,0,0.007730561933271929,333283.200808402,4015243775612013.0,0.020107,0.02113315,0.033866549999999995,0.041091600000000006,0.1191989,0.0139232,0.0167033,0.0286636,0.036289749999999996,0.1140974,0.00463,0.0043507500000000005,0.005184299999999999,0.00591735,0.0062743,0,05_resultados\revisao_operacional\campanha_v1\j00880.mat,campanha_v1
j00881,montecarlo,perda_fonte,mpc_qp_estocastico_3cen,27,-2,0.8203064586314303,{},350.0000067841853,350.0000067841853,1,14.588059931238778,14.583333338138688,150,150,150,150,56.69849683513087,55.30318171669462,60.04062547453669,30.060439918028052,855.6558113068742,0,0,0.03006043991802805,500,150,58.94415734749011,0.11701476048796167,852,0,0,2.5579538487363607e-13,666566.4016168036,8030487551224027.0,0.0417322,0.048218300000000006,0.07164405,0.10181725,0.1196969,0.0277209,0.0357004,0.05534625,0.08919305,0.1056024,0.01161,0.01195205,0.0146868,0.01652385,0.0309389,0,05_resultados\revisao_operacional\evento_adiantado_corrigido_v1\j00881.mat,evento_adiantado_corrigido_v1
j00882,montecarlo,perda_fonte,heuristico,28,-7,0.801592120963584,{},592.6122638850534,592.6122638850534,1,14.754610453615202,14.754610453615202,150,150,150,150,57.93978528855198,56.5039066455025,60,24.16369944991276,850,0,0,0.02416369944991276,500,150,60,nan,0,nan,nan,nan,nan,nan,4.21e-05,7.9e-06,1.02e-05,1.275e-05,4.21e-05,nan,nan,nan,nan,nan,nan,nan,nan,nan,nan,0,05_resultados\revisao_operacional\campanha_v1\j00882.mat,campanha_v1
j00883,montecarlo,perda_fonte,heuristico_foresight,28,-7,0.801592120963584,{},350.3764459195046,350.3764459195046,1,14.583599093076895,14.583599093076895,150,150,150,150,57.37790035304177,55.94658726894989,60,26.786937230866048,850,0,0,0.02678693723086605,500,150,59.51046632931412,nan,0,nan,nan,nan,nan,nan,4.78e-05,8.8e-06,1.15e-05,1.64e-05,4.78e-05,nan,nan,nan,nan,nan,nan,nan,nan,nan,nan,0,05_resultados\revisao_operacional\campanha_v1\j00883.mat,campanha_v1
j00884,montecarlo,perda_fonte,miope_qp,28,-7,0.801592120963584,{},592.6116232891053,592.6116232891053,1,14.754610001373313,14.75461000137331,150,150,150,150,57.9147667951044,56.47501255161039,60,24.32134429297718,1150.0008251042025,0,0,0.02432134429297718,500,150,59.99996967342122,nan,0,nan,nan,nan,nan,nan,0.0011775,0.0005665,0.00066015,0.00086005,0.0011775,0.0010441,0.000504,0.0005841500000000001,0.00076745,0.0010441,nan,nan,nan,nan,nan,0,05_resultados\revisao_operacional\campanha_v1\j00884.mat,campanha_v1
j00885,montecarlo,perda_fonte,mpc_qp_v5,28,-7,0.801592120963584,{},350.00139806334926,350.00139806334926,1,14.588373054417534,14.583334320336244,150,150,150,150,56.91250252614312,55.51706169100832,60.06406571073372,29.279882493003,1786.214713966066,0,0.6666666666666667,0.029279882493003,500,150,59.15801874734605,0.1169324013129156,852,0,0,0.005168987803358505,333283.200808402,4015243775612013.0,0.0206733,0.0212226,0.0316055,0.03887115,0.0980101,0.0137527,0.016732749999999998,0.02678805,0.034356700000000004,0.0934034,0.0048303,0.00428105,0.005053,0.0060157000000000006,0.0071147,0,05_resultados\revisao_operacional\campanha_v1\j00885.mat,campanha_v1
j00886,montecarlo,perda_fonte,mpc_qp_estocastico_3cen,28,-7,0.801592120963584,{},350.00000058601415,350.00000058601415,1,14.588222012350553,14.583333333786085,150,150,150,150,56.58834497580368,55.19298271516908,60.046465827349365,30.64261366698166,856.554075012739,0,0,0.03064261366698166,500,150,58.833953310746566,0.11699284172810565,852,0,0,2.2737367544323206e-13,666566.4016168036,8030487551224027.0,0.0419411,0.0470583,0.0688012,0.10199805,0.1299305,0.0276928,0.034863099999999994,0.0554005,0.0890744,0.1167136,0.01159,0.0118403,0.0129376,0.01444785,0.0220746,0,05_resultados\revisao_operacional\evento_adiantado_corrigido_v1\j00886.mat,evento_adiantado_corrigido_v1
j00887,montecarlo,perda_fonte,heuristico,29,-3,0.986057581158982,{},592.6122638850534,592.6122638850534,1,14.754610453615202,14.754610453615202,150,150,150,150,57.93978528855198,56.5039066455025,60,24.16369944991276,850,0,0,0.02416369944991276,500,150,60,nan,0,nan,nan,nan,nan,nan,4e-05,7.9e-06,1.02e-05,2.21e-05,4.91e-05,nan,nan,nan,nan,nan,nan,nan,nan,nan,nan,0,05_resultados\revisao_operacional\campanha_v1\j00887.mat,campanha_v1
j00888,montecarlo,perda_fonte,heuristico_foresight,29,-3,0.986057581158982,{},352.7815800174326,352.7815800174326,1,14.585297046987337,14.585297046987337,150,150,150,150,57.47146760450376,56.04015452041188,60,26.342492786421605,850,0,0,0.026342492786421604,500,150,59.603676116794965,nan,0,nan,nan,nan,nan,nan,4.97e-05,8.7e-06,1.13e-05,2.505e-05,4.97e-05,nan,nan,nan,nan,nan,nan,nan,nan,nan,nan,0,05_resultados\revisao_operacional\campanha_v1\j00888.mat,campanha_v1
j00889,montecarlo,perda_fonte,miope_qp,29,-3,0.986057581158982,{},592.6116232891053,592.6116232891053,1,14.754610001373313,14.75461000137331,150,150,150,150,57.9147667951044,56.47501255161039,60,24.32134429297718,1150.0008251042025,0,0,0.02432134429297718,500,150,59.99996967342122,nan,0,nan,nan,nan,nan,nan,0.001193,0.00056675,0.00065195,0.0008197,0.001193,0.0010575,0.0005042499999999999,0.0005848,0.00072455,0.0010575,nan,nan,nan,nan,nan,0,05_resultados\revisao_operacional\campanha_v1\j00889.mat,campanha_v1
j00890,montecarlo,perda_fonte,mpc_qp_v5,29,-3,0.986057581158982,{},350.02878322954984,350.02878322954984,1,14.58531061376639,14.583353653469317,150,150,150,150,57.05281347850541,55.65816004095614,60.00335273221306,27.997592492744985,1692.6835774857823,0,1.7500000000000002,0.027997592492744985,500,150,59.29915936067173,0.11714063031460853,850,0,0,0.004335848794710273,333283.200808402,4015243775612013.0,0.0206965,0.0229054,0.03374365,0.0385946,0.0924597,0.0144848,0.0181687,0.0281446,0.03394085,0.0878827,0.0046404,0.0043552999999999994,0.0052067,0.005891,0.0073268,0,05_resultados\revisao_operacional\campanha_v1\j00890.mat,campanha_v1
j00891,montecarlo,perda_fonte,mpc_qp_estocastico_3cen,29,-3,0.986057581158982,{},350.0000297578548,350.0000297578548,1,14.58333335435097,14.583333354350968,150,150,150,150,50.204410844800904,50.204410844800904,60,46.529048487195624,1942.7995229439393,0,0.16666666666666669,0.04652904848719562,500,150,56.60394355672601,0.13032047639748612,116,0,0,0.0072878633320669906,666566.4042708572,8858386386927326.0,0.0495092,0.05445875,0.06754679999999999,0.11275935000000001,0.160754,0.0338624,0.0420342,0.054467,0.1001015,0.147618,0.0129747,0.01207305,0.013246850000000001,0.0148326,0.0276087,0,05_resultados\revisao_operacional\evento_adiantado_corrigido_v1\j00891.mat,evento_adiantado_corrigido_v1
j00892,montecarlo,perda_fonte,heuristico,30,5,1.1236641454934373,{},592.6122638850534,592.6122638850534,1,14.754610453615202,14.754610453615202,150,150,150,150,57.93978528855198,56.5039066455025,60,24.16369944991276,850,0,0,0.02416369944991276,500,150,60,nan,0,nan,nan,nan,nan,nan,3.89e-05,7.7e-06,9.8e-06,1.1750000000000001e-05,4.24e-05,nan,nan,nan,nan,nan,nan,nan,nan,nan,nan,0,05_resultados\revisao_operacional\campanha_v1\j00892.mat,campanha_v1
j00893,montecarlo,perda_fonte,heuristico_foresight,30,5,1.1236641454934373,{},566.6842250589848,566.6842250589848,1,14.73630602104625,14.736306021046245,150,150,150,150,53.78663004781716,53.78663004781716,60,29.51350727287604,757.251890879922,0,0,0.02951350727287604,500,150,58.75390885363874,nan,0,nan,nan,nan,nan,nan,4.25e-05,8.1e-06,1.09e-05,1.2450000000000001e-05,4.25e-05,nan,nan,nan,nan,nan,nan,nan,nan,nan,nan,0,05_resultados\revisao_operacional\campanha_v1\j00893.mat,campanha_v1
j00894,montecarlo,perda_fonte,miope_qp,30,5,1.1236641454934373,{},592.6116232891053,592.6116232891053,1,14.754610001373313,14.75461000137331,150,150,150,150,57.9147667951044,56.47501255161039,60,24.32134429297718,1150.0008251042025,0,0,0.02432134429297718,500,150,59.99996967342122,nan,0,nan,nan,nan,nan,nan,0.0012163,0.0005657,0.0006738,0.00081965,0.0012163,0.0010712,0.0005036,0.00060125,0.0007278499999999999,0.0010712,nan,nan,nan,nan,nan,0,05_resultados\revisao_operacional\campanha_v1\j00894.mat,campanha_v1
j00895,montecarlo,perda_fonte,mpc_qp_v5,30,5,1.1236641454934373,{},360.29766221291993,360.29766221291993,1,14.590603179894671,14.590603179894671,150,150,150,150,52.582950536399316,52.582950536399316,60,35.230984952102396,1692.454092934222,0,2.666666666666667,0.0352309849521024,500,150,58.360164151095866,7.105427357601002e-15,0,0,5.684341886080802e-14,1.3000448422020554,333283.2021354289,4843142611315303.0,0.0233071,0.0285603,0.033190449999999996,0.04576425,0.0886019,0.0169287,0.0239057,0.028503849999999997,0.040771550000000004,0.0837416,0.0041165,0.004403000000000001,0.0049353,0.0051841000000000005,0.0057053,0,05_resultados\revisao_operacional\campanha_v1\j00895.mat,campanha_v1
j00896,montecarlo,perda_fonte,mpc_qp_estocastico_3cen,30,5,1.1236641454934373,{},350.00006216125325,350.00006216125325,1,14.583333377227326,14.583333377227323,150,150,150,150,42.7725737720796,42.7725737720796,60,81.83027458262293,1853.5410416056766,0,0.4166666666666667,0.08183027458262293,500,150,53.31071142813497,7.105427357601002e-15,0,0,0,7.503331289626658e-12,666566.4042708572,9686285222630616.0,0.0522355,0.0651291,0.08194969999999999,0.1261778,0.1656801,0.0376731,0.0529197,0.0683019,0.1136723,0.152405,0.011846,0.0119859,0.013342799999999998,0.0147667,0.0195422,0,05_resultados\revisao_operacional\evento_adiantado_corrigido_v1\j00896.mat,evento_adiantado_corrigido_v1
j00897,montecarlo,perda_fonte,heuristico,31,-9,0.9381135785633706,{},592.6122638850534,592.6122638850534,1,14.754610453615202,14.754610453615202,150,150,150,150,57.93978528855198,56.5039066455025,60,24.16369944991276,850,0,0,0.02416369944991276,500,150,60,nan,0,nan,nan,nan,nan,nan,4.25e-05,7.8e-06,9.8e-06,1.1200000000000001e-05,4.25e-05,nan,nan,nan,nan,nan,nan,nan,nan,nan,nan,0,05_resultados\revisao_operacional\campanha_v1\j00897.mat,campanha_v1
j00898,montecarlo,perda_fonte,heuristico_foresight,31,-9,0.9381135785633706,{},350.13848671449864,350.13848671449864,1,14.583431100879281,14.583431100879281,150,150,150,150,57.33111672731077,55.899803643218895,60,27.00915945308827,850.0000000000001,0,0,0.02700915945308827,500,150,59.46371807036157,nan,0,nan,nan,nan,nan,nan,4.82e-05,8.8e-06,1.215e-05,2.045e-05,4.82e-05,nan,nan,nan,nan,nan,nan,nan,nan,nan,nan,0,05_resultados\revisao_operacional\campanha_v1\j00898.mat,campanha_v1
j00899,montecarlo,perda_fonte,miope_qp,31,-9,0.9381135785633706,{},592.6116232891053,592.6116232891053,1,14.754610001373313,14.75461000137331,150,150,150,150,57.9147667951044,56.47501255161039,60,24.32134429297718,1150.0008251042025,0,0,0.02432134429297718,500,150,59.99996967342122,nan,0,nan,nan,nan,nan,nan,0.0011646,0.000564,0.00064945,0.00077665,0.0011646,0.0010357,0.00050165,0.00057895,0.00069795,0.0010357,nan,nan,nan,nan,nan,0,05_resultados\revisao_operacional\campanha_v1\j00899.mat,campanha_v1
j00900,montecarlo,perda_fonte,mpc_qp_v5,31,-9,0.9381135785633706,{},350.0013979556022,350.0013979556022,1,14.58599385414655,14.583334320260551,150,150,150,150,57.00289885842809,55.608052059075575,60.01896134277434,28.39291458244691,1760.15369232976,0,1.9166666666666665,0.02839291458244691,500,150,59.24904340324525,0.11708664199977648,853,0,0,0.0018664107997778956,333283.200808402,4015243775612013.0,0.0201079,0.02175895,0.03118725,0.038570999999999994,0.0927795,0.0137536,0.01731895,0.026320549999999998,0.03392515,0.0883727,0.0042714,0.0042616,0.004926,0.0052554,0.0060903,0,05_resultados\revisao_operacional\campanha_v1\j00900.mat,campanha_v1
j00901,montecarlo,perda_fonte,mpc_qp_estocastico_3cen,31,-9,0.9381135785633706,{},350.0000017922242,350.0000017922242,1,14.583333334609888,14.583333334609886,150,150,150,150,52.60654921066978,52.60654921066978,60,35.118891249319454,2363.3655086738377,0,0.25,0.03511889124931945,500,150,57.645125862224404,0.13098655107616963,176,0,0,0.041044517711156914,666566.4042708572,8858386386927326.0,0.0498114,0.0542622,0.0759554,0.11165665,0.1541769,0.0344908,0.0418033,0.05912985,0.0989617,0.1416982,0.0123397,0.01206225,0.0140042,0.01627135,0.0271245,0,05_resultados\revisao_operacional\evento_adiantado_corrigido_v1\j00901.mat,evento_adiantado_corrigido_v1
j00902,montecarlo,perda_fonte,heuristico,32,3,0.9607687955295025,{},592.6122638850534,592.6122638850534,1,14.754610453615202,14.754610453615202,150,150,150,150,57.93978528855198,56.5039066455025,60,24.16369944991276,850,0,0,0.02416369944991276,500,150,60,nan,0,nan,nan,nan,nan,nan,3.99e-05,7.8e-06,9.8e-06,1.1050000000000001e-05,4.3e-05,nan,nan,nan,nan,nan,nan,nan,nan,nan,nan,0,05_resultados\revisao_operacional\campanha_v1\j00902.mat,campanha_v1
j00903,montecarlo,perda_fonte,heuristico_foresight,32,3,0.9607687955295025,{},386.72739546127775,386.72739546127775,1,14.609261793953285,14.609261793953285,150,150,150,150,57.55741789690142,56.13138259058732,60,25.881381675310493,850.0000000000001,0,0,0.025881381675310493,500,150,59.73664260281383,nan,0,nan,nan,nan,nan,nan,4.59e-05,8.8e-06,1.14e-05,1.69e-05,5.49e-05,nan,nan,nan,nan,nan,nan,nan,nan,nan,nan,0,05_resultados\revisao_operacional\campanha_v1\j00903.mat,campanha_v1
j00904,montecarlo,perda_fonte,miope_qp,32,3,0.9607687955295025,{},592.6116232891053,592.6116232891053,1,14.754610001373313,14.75461000137331,150,150,150,150,57.9147667951044,56.47501255161039,60,24.32134429297718,1150.0008251042025,0,0,0.02432134429297718,500,150,59.99996967342122,nan,0,nan,nan,nan,nan,nan,0.0012122,0.0005675,0.00065025,0.0007869,0.0012122,0.0010706,0.0005051,0.00057705,0.0007122000000000001,0.0010706,nan,nan,nan,nan,nan,0,05_resultados\revisao_operacional\campanha_v1\j00904.mat,campanha_v1
j00905,montecarlo,perda_fonte,mpc_qp_v5,32,3,0.9607687955295025,{},350.7818195159673,350.7818195159673,1,14.58630198663873,14.583885274931445,150,150,150,150,57.279582936631904,55.89008702330441,60.012068839915436,26.95607022491798,1837.192564980142,0,2.083333333333333,0.02695607022491798,500,150,59.577725762956725,0.11711174836524663,853,0,0,0.0871890121919705,333283.200808402,4015243775612013.0,0.0196413,0.021730850000000003,0.03078425,0.039314199999999994,0.0963175,0.0136215,0.017239749999999998,0.025826599999999998,0.03471415,0.0918253,0.0043439,0.00430925,0.00496555,0.0053296,0.0057355,0,05_resultados\revisao_operacional\campanha_v1\j00905.mat,campanha_v1
j00906,montecarlo,perda_fonte,mpc_qp_estocastico_3cen,32,3,0.9607687955295025,{},350.00043995562294,350.00043995562294,1,14.58333364394479,14.583333643944789,150,150,150,150,51.62238763965966,51.62238763965966,60,39.79365871161662,1717.0338094289314,0,0.25,0.03979365871161662,500,150,57.34256771541278,0.1267671455115149,177,0,0,3.751665644813329e-12,666566.4042708572,8858386386927326.0,0.0462742,0.0532351,0.0731676,0.10725425,0.1437475,0.0310964,0.04130385,0.059937550000000006,0.09501755,0.1315282,0.011696,0.0115398,0.0130095,0.014503100000000001,0.0214136,0,05_resultados\revisao_operacional\evento_adiantado_corrigido_v1\j00906.mat,evento_adiantado_corrigido_v1
j00907,montecarlo,perda_fonte,heuristico,33,-5,0.9471294243211092,{},592.6122638850534,592.6122638850534,1,14.754610453615202,14.754610453615202,150,150,150,150,57.93978528855198,56.5039066455025,60,24.16369944991276,850,0,0,0.02416369944991276,500,150,60,nan,0,nan,nan,nan,nan,nan,3.98e-05,7.8e-06,9.8e-06,1.225e-05,3.98e-05,nan,nan,nan,nan,nan,nan,nan,nan,nan,nan,0,05_resultados\revisao_operacional\campanha_v1\j00907.mat,campanha_v1
j00908,montecarlo,perda_fonte,heuristico_foresight,33,-5,0.9471294243211092,{},351.02328610238675,351.02328610238675,1,14.584055743214991,14.584055743214991,150,150,150,150,57.42468397877276,55.993370894680886,60,26.564715008643827,850.0000000000001,0,0,0.026564715008643828,500,150,59.55715381817394,nan,0,nan,nan,nan,nan,nan,4.7e-05,8.7e-06,1.135e-05,2.1000000000000002e-05,4.7e-05,nan,nan,nan,nan,nan,nan,nan,nan,nan,nan,0,05_resultados\revisao_operacional\campanha_v1\j00908.mat,campanha_v1
j00909,montecarlo,perda_fonte,miope_qp,33,-5,0.9471294243211092,{},592.6116232891053,592.6116232891053,1,14.754610001373313,14.75461000137331,150,150,150,150,57.9147667951044,56.47501255161039,60,24.32134429297718,1150.0008251042025,0,0,0.02432134429297718,500,150,59.99996967342122,nan,0,nan,nan,nan,nan,nan,0.0012105,0.00056455,0.0006573,0.0007915,0.0012105,0.0010543,0.00050215,0.0005828999999999999,0.00070015,0.0010543,nan,nan,nan,nan,nan,0,05_resultados\revisao_operacional\campanha_v1\j00909.mat,campanha_v1
j00910,montecarlo,perda_fonte,mpc_qp_v5,33,-5,0.9471294243211092,{},350.0057780651907,350.0057780651907,1,14.585944644027556,14.583337412495876,150,150,150,150,57.09574198401841,55.70091629567676,60.01625042412096,27.92455349149271,1659.682665035063,0,1.8333333333333333,0.02792455349149271,500,150,59.34190926897421,0.11709660344316575,853,0,0,0.0010143195477780864,333283.200808402,4015243775612013.0,0.0194211,0.0215751,0.0311279,0.04088605,0.1320606,0.0136717,0.01719685,0.026366050000000002,0.03590985,0.1271064,0.0041278,0.0042140500000000004,0.00477875,0.00509455,0.0063229,0,05_resultados\revisao_operacional\campanha_v1\j00910.mat,campanha_v1
j00911,montecarlo,perda_fonte,mpc_qp_estocastico_3cen,33,-5,0.9471294243211092,{},350.000030571697,350.000030571697,1,14.583333354925522,14.58333335492552,150,150,150,150,52.22774255508266,52.22774255508266,60,36.91822286335755,1997.7398165946538,0,0.16666666666666669,0.036918222863357546,500,150,57.52182737021939,0.12288420930063637,58,0,0,0.09734203498771876,666566.4042708572,8858386386927326.0,0.0490444,0.052714899999999995,0.06462005,0.10854364999999999,0.1945623,0.0336297,0.040751350000000006,0.0526735,0.09632479999999999,0.1822096,0.0125091,0.011534949999999999,0.0125296,0.01315925,0.0162119,0,05_resultados\revisao_operacional\evento_adiantado_corrigido_v1\j00911.mat,evento_adiantado_corrigido_v1
j00912,montecarlo,perda_fonte,heuristico,34,-1,0.9566194355311965,{},592.6122638850534,592.6122638850534,1,14.754610453615202,14.754610453615202,150,150,150,150,57.93978528855198,56.5039066455025,60,24.16369944991276,850,0,0,0.02416369944991276,500,150,60,nan,0,nan,nan,nan,nan,nan,3.93e-05,7.9e-06,1.03e-05,1.9050000000000002e-05,4.23e-05,nan,nan,nan,nan,nan,nan,nan,nan,nan,nan,0,05_resultados\revisao_operacional\campanha_v1\j00912.mat,campanha_v1
j00913,montecarlo,perda_fonte,heuristico_foresight,34,-1,0.9566194355311965,{},357.5611184157917,357.5611184157917,1,14.588671260475307,14.588671260475307,150,150,150,150,57.51825123023475,56.08693814614288,60,26.12027056419938,850.0000000000001,0,0,0.02612027056419938,500,150,59.64974938179165,nan,0,nan,nan,nan,nan,nan,4.36e-05,8.6e-06,1.07e-05,1.31e-05,4.61e-05,nan,nan,nan,nan,nan,nan,nan,nan,nan,nan,0,05_resultados\revisao_operacional\campanha_v1\j00913.mat,campanha_v1
j00914,montecarlo,perda_fonte,miope_qp,34,-1,0.9566194355311965,{},592.6116232891053,592.6116232891053,1,14.754610001373313,14.75461000137331,150,150,150,150,57.9147667951044,56.47501255161039,60,24.32134429297718,1150.0008251042025,0,0,0.02432134429297718,500,150,59.99996967342122,nan,0,nan,nan,nan,nan,nan,0.001185,0.0005632,0.0006478,0.0007822,0.0012223,0.0010494,0.0005007,0.00056985,0.0006979,0.0011533,nan,nan,nan,nan,nan,0,05_resultados\revisao_operacional\campanha_v1\j00914.mat,campanha_v1
j00915,montecarlo,perda_fonte,mpc_qp_v5,34,-1,0.9566194355311965,{},350.04267801341507,350.04267801341507,1,14.585871615439357,14.583363462776862,150,150,150,150,57.20365831706929,55.80886599165344,60.01329356694336,27.382009363465635,1759.9863409158768,0,1.7500000000000002,0.027382009363465635,500,150,59.4498558825015,0.11710717806109727,853,0,0,0.005270573713403337,333283.200808402,4015243775612013.0,0.0200686,0.02163895,0.030648750000000002,0.038852,0.0419198,0.0134767,0.0171998,0.02589345,0.0341266,0.0373108,0.0045604,0.0042126,0.00485075,0.00549715,0.0069806,0,05_resultados\revisao_operacional\campanha_v1\j00915.mat,campanha_v1
j00916,montecarlo,perda_fonte,mpc_qp_estocastico_3cen,34,-1,0.9566194355311965,{},350.00006083507606,350.00006083507606,1,14.583333376295705,14.583333376295705,150,150,150,150,51.805023466332436,51.805023466332436,60,38.926138534921755,1764.3342798046529,0,0.16666666666666669,0.03892613853492175,500,150,57.368262740925225,0.12813464862428958,174,0,0,0.008709040387429923,666566.4042708572,8858386386927326.0,0.0457243,0.05336325,0.06555415,0.1090155,0.1474494,0.031436,0.0413537,0.053078799999999995,0.0968423,0.135364,0.0117683,0.01161165,0.01257105,0.013488,0.0188106,0,05_resultados\revisao_operacional\evento_adiantado_corrigido_v1\j00916.mat,evento_adiantado_corrigido_v1
j00917,montecarlo,perda_fonte,heuristico,35,-4,0.9905565674369481,{},592.6122638850534,592.6122638850534,1,14.754610453615202,14.754610453615202,150,150,150,150,57.93978528855198,56.5039066455025,60,24.16369944991276,850,0,0,0.02416369944991276,500,150,60,nan,0,nan,nan,nan,nan,nan,3.84e-05,7.6e-06,1e-05,1.09e-05,3.84e-05,nan,nan,nan,nan,nan,nan,nan,nan,nan,nan,0,05_resultados\revisao_operacional\campanha_v1\j00917.mat,campanha_v1
j00918,montecarlo,perda_fonte,heuristico_foresight,35,-4,0.9905565674369481,{},351.68711356301685,351.68711356301685,1,14.584524385871383,14.584524385871383,150,150,150,150,57.44807579163826,56.016762707546384,60,26.453603897532716,850,0,0,0.026453603897532717,500,150,59.58044696942756,nan,0,nan,nan,nan,nan,nan,4.24e-05,8.5e-06,1.09e-05,1.395e-05,4.24e-05,nan,nan,nan,nan,nan,nan,nan,nan,nan,nan,0,05_resultados\revisao_operacional\campanha_v1\j00918.mat,campanha_v1
j00919,montecarlo,perda_fonte,miope_qp,35,-4,0.9905565674369481,{},592.6116232891053,592.6116232891053,1,14.754610001373313,14.75461000137331,150,150,150,150,57.9147667951044,56.47501255161039,60,24.32134429297718,1150.0008251042025,0,0,0.02432134429297718,500,150,59.99996967342122,nan,0,nan,nan,nan,nan,nan,0.0012202,0.00056375,0.0006422,0.0007652,0.0012202,0.0010855,0.0005013999999999999,0.0005708,0.00069205,0.0010855,nan,nan,nan,nan,nan,0,05_resultados\revisao_operacional\campanha_v1\j00919.mat,campanha_v1
j00920,montecarlo,perda_fonte,mpc_qp_v5,35,-4,0.9905565674369481,{},350.02290278536327,350.02290278536327,1,14.584953853550916,14.583349502046485,150,150,150,150,57.076848467821215,55.68226504871104,60.00184248314961,27.867602825476123,1855.2702987290877,0,1.9166666666666665,0.027867602825476123,500,150,59.32326637611426,0.11714573281592777,1037,0,0,0.007171370088713047,333283.200808402,4015243775612013.0,0.0213125,0.022183500000000002,0.0309428,0.03876805,0.0861478,0.0148944,0.017755899999999998,0.026044150000000002,0.0337996,0.0806818,0.0043706,0.0042450000000000005,0.00508665,0.0054073,0.00597,0,05_resultados\revisao_operacional\campanha_v1\j00920.mat,campanha_v1
j00921,montecarlo,perda_fonte,mpc_qp_estocastico_3cen,35,-4,0.9905565674369481,{},350.0000011473495,350.0000011473495,1,14.583333334154059,14.583333334154057,150,150,150,150,49.82745429130768,49.82745429130768,60,48.31959211628974,829.6596445326928,0,0,0.04831959211628974,500,150,56.3549713556682,7.105427357601002e-15,0,0,0,2.2737367544323206e-13,666566.4042708572,8858386386927326.0,0.0474263,0.052736950000000005,0.0665641,0.109289,0.1230735,0.0326502,0.04073185,0.053845500000000004,0.09682289999999999,0.1110251,0.0117494,0.011596849999999999,0.01253715,0.01360155,0.0154635,0,05_resultados\revisao_operacional\evento_adiantado_corrigido_v1\j00921.mat,evento_adiantado_corrigido_v1
j00922,montecarlo,perda_fonte,heuristico,36,-2,0.8637551174586396,{},592.6122638850534,592.6122638850534,1,14.754610453615202,14.754610453615202,150,150,150,150,57.93978528855198,56.5039066455025,60,24.16369944991276,850,0,0,0.02416369944991276,500,150,60,nan,0,nan,nan,nan,nan,nan,4.22e-05,7.7e-06,1.11e-05,1.76e-05,4.4e-05,nan,nan,nan,nan,nan,nan,nan,nan,nan,nan,0,05_resultados\revisao_operacional\campanha_v1\j00922.mat,campanha_v1
j00923,montecarlo,perda_fonte,heuristico_foresight,36,-2,0.8637551174586396,{},354.5860501408955,354.5860501408955,1,14.586570949804251,14.586570949804251,150,150,150,150,57.494859417369256,56.06354633327738,60,26.231381675310494,850,0,0,0.026231381675310493,500,150,59.62679973959374,nan,0,nan,nan,nan,nan,nan,4.2e-05,8.7e-06,1.09e-05,1.64e-05,4.25e-05,nan,nan,nan,nan,nan,nan,nan,nan,nan,nan,0,05_resultados\revisao_operacional\campanha_v1\j00923.mat,campanha_v1
j00924,montecarlo,perda_fonte,miope_qp,36,-2,0.8637551174586396,{},592.6116232891053,592.6116232891053,1,14.754610001373313,14.75461000137331,150,150,150,150,57.9147667951044,56.47501255161039,60,24.32134429297718,1150.0008251042025,0,0,0.02432134429297718,500,150,59.99996967342122,nan,0,nan,nan,nan,nan,nan,0.0012555,0.00056505,0.0006485,0.00078285,0.0012555,0.0011021,0.0005027499999999999,0.00057405,0.0006988999999999999,0.0011021,nan,nan,nan,nan,nan,0,05_resultados\revisao_operacional\campanha_v1\j00924.mat,campanha_v1
j00925,montecarlo,perda_fonte,mpc_qp_v5,36,-2,0.8637551174586396,{},350.03535807045705,350.03535807045705,1,14.58747467673682,14.58335829510867,150,150,150,150,57.030609499434455,55.63540293035405,60.04439273145625,28.519539979112572,2021.7463415500802,0,0.6666666666666667,0.028519539979112572,500,150,59.27637056517781,0.11700191637530111,852,0,0,0.0022298943426335427,333283.200808402,4015243775612013.0,0.0196153,0.0214191,0.0340566,0.03998875,0.0974247,0.0137299,0.0168071,0.029164049999999997,0.03397105,0.0925836,0.0043105,0.00434665,0.0051064000000000005,0.00575315,0.0121498,0,05_resultados\revisao_operacional\campanha_v1\j00925.mat,campanha_v1
j00926,montecarlo,perda_fonte,mpc_qp_estocastico_3cen,36,-2,0.8637551174586396,{},350.0000755487274,350.0000755487274,1,14.583333386707707,14.583333386707707,150,150,150,150,56.052589276105394,55.395425052082885,60.02508047518299,25.581624834492395,1457.0972173450682,0,0.16666666666666669,0.025581624834492396,500,150,59.042584410708585,0.11706733360492194,938,0,0,2.0463630789890885e-12,666566.4016168036,8030487551224027.0,0.0412606,0.051193600000000006,0.060123750000000004,0.10344155,0.1770264,0.0266848,0.03967145,0.0475705,0.09195415000000001,0.1613474,0.0117192,0.01132665,0.01261495,0.01395035,0.0152899,0,05_resultados\revisao_operacional\evento_adiantado_corrigido_v1\j00926.mat,evento_adiantado_corrigido_v1
j00927,montecarlo,perda_fonte,heuristico,37,-1,1.0163813767076884,{},592.6122638850534,592.6122638850534,1,14.754610453615202,14.754610453615202,150,150,150,150,57.93978528855198,56.5039066455025,60,24.16369944991276,850,0,0,0.02416369944991276,500,150,60,nan,0,nan,nan,nan,nan,nan,4.03e-05,8e-06,1e-05,1.53e-05,6.41e-05,nan,nan,nan,nan,nan,nan,nan,nan,nan,nan,0,05_resultados\revisao_operacional\campanha_v1\j00927.mat,campanha_v1
j00928,montecarlo,perda_fonte,heuristico_foresight,37,-1,1.0163813767076884,{},357.5611184157917,357.5611184157917,1,14.588671260475307,14.588671260475307,150,150,150,150,57.51825123023475,56.08693814614288,60,26.12027056419938,850.0000000000001,0,0,0.02612027056419938,500,150,59.64974938179165,nan,0,nan,nan,nan,nan,nan,5.22e-05,8.8e-06,1.12e-05,1.3e-05,5.22e-05,nan,nan,nan,nan,nan,nan,nan,nan,nan,nan,0,05_resultados\revisao_operacional\campanha_v1\j00928.mat,campanha_v1
j00929,montecarlo,perda_fonte,miope_qp,37,-1,1.0163813767076884,{},592.6116232891053,592.6116232891053,1,14.754610001373313,14.75461000137331,150,150,150,150,57.9147667951044,56.47501255161039,60,24.32134429297718,1150.0008251042025,0,0,0.02432134429297718,500,150,59.99996967342122,nan,0,nan,nan,nan,nan,nan,0.0012483,0.0005892499999999999,0.000864,0.0009318499999999999,0.0012483,0.0011129,0.00052355,0.00076925,0.00082895,0.0011129,nan,nan,nan,nan,nan,0,05_resultados\revisao_operacional\campanha_v1\j00929.mat,campanha_v1
j00930,montecarlo,perda_fonte,mpc_qp_v5,37,-1,1.0163813767076884,{},350.0405193152475,350.0405193152475,1,14.583361938802978,14.583361938802978,150,150,150,150,56.8515439399848,55.79985556938582,60,25.485887995938814,1638.7844304780324,0,2.083333333333333,0.025485887995938813,500,150,59.44719384680105,0.011105261738762806,822,0,0,0.00029873389991053045,333283.200808402,4015243775612013.0,0.0214378,0.02597865,0.033723249999999996,0.04639795,0.0699332,0.0150813,0.021290200000000002,0.02785985,0.0402332,0.0576654,0.0044172,0.0046051,0.0055815,0.0066723,0.011471,0,05_resultados\revisao_operacional\campanha_v1\j00930.mat,campanha_v1
j00931,montecarlo,perda_fonte,mpc_qp_estocastico_3cen,37,-1,1.0163813767076884,{},350.0000740606707,350.0000740606707,1,14.583333385639639,14.583333385639637,150,150,150,150,48.644260982520734,48.644260982520734,60,53.9397603330269,1602.8523457349336,0,0.08333333333333334,0.0539397603330269,500,150,55.90858524788718,0.12238638166653004,57,0,0,0.0003052140829140626,666566.4042708572,8858386386927326.0,0.0467679,0.05208435,0.06776555000000001,0.1069079,0.1382389,0.0331551,0.04006255,0.0532416,0.09497685,0.1257558,0.0107532,0.011568450000000001,0.01252915,0.013591849999999999,0.0191576,0,05_resultados\revisao_operacional\evento_adiantado_corrigido_v1\j00931.mat,evento_adiantado_corrigido_v1
j00932,montecarlo,perda_fonte,heuristico,38,-1,0.8996861608735841,{},592.6122638850534,592.6122638850534,1,14.754610453615202,14.754610453615202,150,150,150,150,57.93978528855198,56.5039066455025,60,24.16369944991276,850,0,0,0.02416369944991276,500,150,60,nan,0,nan,nan,nan,nan,nan,4.19e-05,7.9e-06,1.01e-05,1.36e-05,5.57e-05,nan,nan,nan,nan,nan,nan,nan,nan,nan,nan,0,05_resultados\revisao_operacional\campanha_v1\j00932.mat,campanha_v1
j00933,montecarlo,perda_fonte,heuristico_foresight,38,-1,0.8996861608735841,{},357.5611184157917,357.5611184157917,1,14.588671260475307,14.588671260475307,150,150,150,150,57.51825123023475,56.08693814614288,60,26.12027056419938,850.0000000000001,0,0,0.02612027056419938,500,150,59.64974938179165,nan,0,nan,nan,nan,nan,nan,4.73e-05,8.9e-06,9.9e-06,1.155e-05,4.73e-05,nan,nan,nan,nan,nan,nan,nan,nan,nan,nan,0,05_resultados\revisao_operacional\campanha_v1\j00933.mat,campanha_v1
j00934,montecarlo,perda_fonte,miope_qp,38,-1,0.8996861608735841,{},592.6116232891053,592.6116232891053,1,14.754610001373313,14.75461000137331,150,150,150,150,57.9147667951044,56.47501255161039,60,24.32134429297718,1150.0008251042025,0,0,0.02432134429297718,500,150,59.99996967342122,nan,0,nan,nan,nan,nan,nan,0.0012651,0.00057555,0.0006616,0.00083425,0.0012651,0.0011153,0.0005118,0.0005931,0.0007499,0.0011153,nan,nan,nan,nan,nan,0,05_resultados\revisao_operacional\campanha_v1\j00934.mat,campanha_v1
j00935,montecarlo,perda_fonte,mpc_qp_v5,38,-1,0.8996861608735841,{},350.04274502155283,350.04274502155283,1,14.586857287597976,14.583363510074022,150,150,150,150,57.056402421223865,55.66135546202739,60.03245790522119,28.275920102105715,1774.8355184625566,0,1.0833333333333335,0.028275920102105716,500,150,59.30233102287406,0.1170425644807338,853,0,0,0.0014396616434169118,333283.200808402,4015243775612013.0,0.0214055,0.022259750000000002,0.03165305,0.038668049999999995,0.09656,0.0138037,0.0174522,0.0264836,0.03365475,0.0915998,0.0048008,0.0045038000000000005,0.0054547,0.006271499999999999,0.0076322,0,05_resultados\revisao_operacional\campanha_v1\j00935.mat,campanha_v1
j00936,montecarlo,perda_fonte,mpc_qp_estocastico_3cen,38,-1,0.8996861608735841,{},350.0001588906124,350.0001588906124,1,14.583333445516958,14.583333445516958,150,150,150,150,54.82160834585699,54.82160834585699,60,24.597360357178573,1893.8871903859158,0,0.16666666666666669,0.024597360357178574,500,150,58.77391027262228,0.12388452002819861,58,0,0,0.04893930199341412,666566.4042708572,8858386386927326.0,0.0503798,0.05354355,0.062063850000000004,0.10830495,0.1734863,0.0357302,0.0417569,0.050515950000000004,0.09553244999999999,0.161783,0.0120726,0.011549750000000001,0.0125656,0.0135483,0.0166529,0,05_resultados\revisao_operacional\evento_adiantado_corrigido_v1\j00936.mat,evento_adiantado_corrigido_v1
j00937,montecarlo,perda_fonte,heuristico,39,6,1.0703202732026371,{},592.6122638850534,592.6122638850534,1,14.754610453615202,14.754610453615202,150,150,150,150,57.93978528855198,56.5039066455025,60,24.16369944991276,850,0,0,0.02416369944991276,500,150,60,nan,0,nan,nan,nan,nan,nan,4.36e-05,8.2e-06,9.55e-06,1.56e-05,4.36e-05,nan,nan,nan,nan,nan,nan,nan,nan,nan,nan,0,05_resultados\revisao_operacional\campanha_v1\j00937.mat,campanha_v1
j00938,montecarlo,perda_fonte,heuristico_foresight,39,6,1.0703202732026371,{},590.950245598109,590.950245598109,1,14.753437117603719,14.753437117603719,150,150,150,150,56.20705905772244,56.20705905772244,60,18.016469475812702,797.2597950980222,0,0,0.018016469475812702,500,150,59.92012406775687,nan,0,nan,nan,nan,nan,nan,4.41e-05,8.6e-06,1.18e-05,1.47e-05,6.77e-05,nan,nan,nan,nan,nan,nan,nan,nan,nan,nan,0,05_resultados\revisao_operacional\campanha_v1\j00938.mat,campanha_v1
j00939,montecarlo,perda_fonte,miope_qp,39,6,1.0703202732026371,{},592.6116232891053,592.6116232891053,1,14.754610001373313,14.75461000137331,150,150,150,150,57.9147667951044,56.47501255161039,60,24.32134429297718,1150.0008251042025,0,0,0.02432134429297718,500,150,59.99996967342122,nan,0,nan,nan,nan,nan,nan,0.0013518,0.0006035999999999999,0.0006827000000000001,0.00084915,0.0013518,0.0012017,0.000537,0.0006048,0.0007657,0.0012017,nan,nan,nan,nan,nan,0,05_resultados\revisao_operacional\campanha_v1\j00939.mat,campanha_v1
j00940,montecarlo,perda_fonte,mpc_qp_v5,39,6,1.0703202732026371,{},358.6887905225957,358.6887905225957,1,14.589467363815011,14.58946736381501,150,150,150,150,54.98203299062575,54.98203299062575,60,23.835343294527945,1856.3782972295405,0,2.083333333333333,0.023835343294527946,500,150,59.58544587565083,7.105427357601002e-15,0,0,0,0.0030648197576965686,333283.2021354289,4843142611315303.0,0.0307784,0.02740695,0.03421535,0.045164750000000004,0.0928009,0.0226859,0.02239045,0.029117499999999998,0.0401749,0.0880767,0.0058459,0.0046636,0.0052055,0.0054268,0.0058459,0,05_resultados\revisao_operacional\campanha_v1\j00940.mat,campanha_v1
j00941,montecarlo,perda_fonte,mpc_qp_estocastico_3cen,39,6,1.0703202732026371,{},350.000868075384,350.000868075384,1,14.583333946198124,14.583333946198124,150,150,150,150,45.48977525302707,45.48977525302707,60,68.92356754812148,2418.617164731,0,0.25,0.06892356754812148,500,150,54.58330333768327,7.105427357601002e-15,0,0,0,7.16227077646181e-12,666566.4042708572,9686285222630616.0,0.0470241,0.07212295,0.0774901,0.1070219,0.1669133,0.0326291,0.060190350000000004,0.0644623,0.09515304999999999,0.1548687,0.0113751,0.01159845,0.01256995,0.01361715,0.0158914,0,05_resultados\revisao_operacional\evento_adiantado_corrigido_v1\j00941.mat,evento_adiantado_corrigido_v1
j00942,montecarlo,perda_fonte,heuristico,40,-8,0.8558151508187677,{},592.6122638850534,592.6122638850534,1,14.754610453615202,14.754610453615202,150,150,150,150,57.93978528855198,56.5039066455025,60,24.16369944991276,850,0,0,0.02416369944991276,500,150,60,nan,0,nan,nan,nan,nan,nan,4.22e-05,8.1e-06,9.4e-06,1.27e-05,4.74e-05,nan,nan,nan,nan,nan,nan,nan,nan,nan,nan,0,05_resultados\revisao_operacional\campanha_v1\j00942.mat,campanha_v1
j00943,montecarlo,perda_fonte,heuristico_foresight,40,-8,0.8558151508187677,{},350.22832599190326,350.22832599190326,1,14.583494524765921,14.583494524765921,150,150,150,150,57.35450854017627,55.92319545608439,60,26.89804834197716,850,0,0,0.02689804834197716,500,150,59.48709653082988,nan,0,nan,nan,nan,nan,nan,4.85e-05,9e-06,1.01e-05,1.59e-05,4.85e-05,nan,nan,nan,nan,nan,nan,nan,nan,nan,nan,0,05_resultados\revisao_operacional\campanha_v1\j00943.mat,campanha_v1
j00944,montecarlo,perda_fonte,miope_qp,40,-8,0.8558151508187677,{},592.6116232891053,592.6116232891053,1,14.754610001373313,14.75461000137331,150,150,150,150,57.9147667951044,56.47501255161039,60,24.32134429297718,1150.0008251042025,0,0,0.02432134429297718,500,150,59.99996967342122,nan,0,nan,nan,nan,nan,nan,0.0012612,0.0005767999999999999,0.0006972,0.0008507499999999999,0.0012612,0.0011145,0.0005108000000000001,0.0006218,0.00075455,0.0011145,nan,nan,nan,nan,nan,0,05_resultados\revisao_operacional\campanha_v1\j00944.mat,campanha_v1
j00945,montecarlo,perda_fonte,mpc_qp_v5,40,-8,0.8558151508187677,{},350.00514188020225,350.00514188020225,1,14.587570313535926,14.583336963363719,150,150,150,150,56.92870162213162,55.53346524274565,60.04603735686483,29.02036878549079,1926.4669499366914,0,1.0833333333333335,0.029020368785490788,500,150,59.17443535702718,0.11699375739791407,852,0,0,0.005646700168028929,333283.200808402,4015243775612013.0,0.020917,0.02192865,0.033915,0.0397862,0.0953223,0.0140931,0.0171756,0.028837599999999998,0.03448215,0.0899329,0.0047742,0.004513049999999999,0.0051812,0.00548595,0.0060688,0,05_resultados\revisao_operacional\campanha_v1\j00945.mat,campanha_v1
j00946,montecarlo,perda_fonte,mpc_qp_estocastico_3cen,40,-8,0.8558151508187677,{},350.0000041925128,350.0000041925128,1,14.583333336305826,14.583333336305822,150,150,150,150,56.10235158085269,55.251790539598225,60.02731798782225,27.30417132157291,1481.4365246792684,0,0.16666666666666669,0.02730417132157291,500,150,58.89702110721932,0.11705821636569169,902,0,0,2.3874235921539366e-11,666566.4016168036,8030487551224027.0,0.0413487,0.052184850000000005,0.06356229999999999,0.10282315,0.1816858,0.0273521,0.04062155,0.051548,0.0909722,0.169023,0.0115344,0.0113603,0.012208199999999999,0.012872749999999999,0.0165349,0,05_resultados\revisao_operacional\evento_adiantado_corrigido_v1\j00946.mat,evento_adiantado_corrigido_v1
j00947,montecarlo,perda_fonte,heuristico,41,-14,1.1684048372501123,{},592.6122638850534,592.6122638850534,1,14.754610453615202,14.754610453615202,150,150,150,150,57.93978528855198,56.5039066455025,60,24.16369944991276,850,0,0,0.02416369944991276,500,150,60,nan,0,nan,nan,nan,nan,nan,4.24e-05,8.1e-06,9.849999999999999e-06,2.0450000000000002e-05,4.24e-05,nan,nan,nan,nan,nan,nan,nan,nan,nan,nan,0,05_resultados\revisao_operacional\campanha_v1\j00947.mat,campanha_v1
j00948,montecarlo,perda_fonte,heuristico_foresight,41,-14,1.1684048372501123,{},350.1085880356146,350.1085880356146,1,14.583409993291653,14.583409993291653,150,150,150,150,51.52885185236791,51.52885185236791,60,40.23795370123819,723.6963720624158,0,0,0.04023795370123819,500,150,57.5209977840593,nan,0,nan,nan,nan,nan,nan,4.48e-05,8.4e-06,9.4e-06,1.1050000000000001e-05,4.48e-05,nan,nan,nan,nan,nan,nan,nan,nan,nan,nan,0,05_resultados\revisao_operacional\campanha_v1\j00948.mat,campanha_v1
j00949,montecarlo,perda_fonte,miope_qp,41,-14,1.1684048372501123,{},592.6116232891053,592.6116232891053,1,14.754610001373313,14.75461000137331,150,150,150,150,57.9147667951044,56.47501255161039,60,24.32134429297718,1150.0008251042025,0,0,0.02432134429297718,500,150,59.99996967342122,nan,0,nan,nan,nan,nan,nan,0.0012743,0.0005765,0.0006594999999999999,0.0008056000000000001,0.0012743,0.0011297,0.0005132,0.0005888,0.00072525,0.0011297,nan,nan,nan,nan,nan,0,05_resultados\revisao_operacional\campanha_v1\j00949.mat,campanha_v1
j00950,montecarlo,perda_fonte,mpc_qp_v5,41,-14,1.1684048372501123,{},350.0096257089467,350.0096257089467,1,14.583340128806878,14.583340128806872,150,150,150,150,50.19426553714896,50.19426553714896,60,46.57723869854257,2046.534464732544,0,2.4166666666666665,0.04657723869854257,500,150,56.90211717913823,7.105427357601002e-15,0,0,0,0.6787098182477393,333283.2021354289,4843142611315303.0,0.0238488,0.029803749999999997,0.036499500000000004,0.0467049,0.0588541,0.0170181,0.02474125,0.03124925,0.041451600000000005,0.0521911,0.0049413,0.00468435,0.005276100000000001,0.00570965,0.0071506,0,05_resultados\revisao_operacional\campanha_v1\j00950.mat,campanha_v1
j00951,montecarlo,perda_fonte,mpc_qp_estocastico_3cen,41,-14,1.1684048372501123,{},350.0000000310132,350.0000000310132,1,14.58333333337474,14.583333333374739,150,150,150,150,40.379424556136605,40.379424556136605,60,93.19773335835076,2032.8352369624597,0,0.33333333333333337,0.09319773335835076,500,150,52.11273588864936,7.105427357601002e-15,0,0,0,6.934897101018578e-12,666566.4042708572,9686285222630616.0,0.0540726,0.06167195,0.08134305,0.1100795,0.1857162,0.0396282,0.0495503,0.06590835,0.09802105,0.1741863,0.0117603,0.011678850000000001,0.01319765,0.014526299999999999,0.0180698,0,05_resultados\revisao_operacional\evento_adiantado_corrigido_v1\j00951.mat,evento_adiantado_corrigido_v1
j00952,montecarlo,perda_fonte,heuristico,42,-3,0.948546957119833,{},592.6122638850534,592.6122638850534,1,14.754610453615202,14.754610453615202,150,150,150,150,57.93978528855198,56.5039066455025,60,24.16369944991276,850,0,0,0.02416369944991276,500,150,60,nan,0,nan,nan,nan,nan,nan,4.21e-05,8e-06,9.149999999999999e-06,1.17e-05,4.21e-05,nan,nan,nan,nan,nan,nan,nan,nan,nan,nan,0,05_resultados\revisao_operacional\campanha_v1\j00952.mat,campanha_v1
j00953,montecarlo,perda_fonte,heuristico_foresight,42,-3,0.948546957119833,{},352.7815800174326,352.7815800174326,1,14.585297046987337,14.585297046987337,150,150,150,150,57.47146760450376,56.04015452041188,60,26.342492786421605,850,0,0,0.026342492786421604,500,150,59.603676116794965,nan,0,nan,nan,nan,nan,nan,4.36e-05,8.8e-06,1.1e-05,1.835e-05,4.79e-05,nan,nan,nan,nan,nan,nan,nan,nan,nan,nan,0,05_resultados\revisao_operacional\campanha_v1\j00953.mat,campanha_v1
j00954,montecarlo,perda_fonte,miope_qp,42,-3,0.948546957119833,{},592.6116232891053,592.6116232891053,1,14.754610001373313,14.75461000137331,150,150,150,150,57.9147667951044,56.47501255161039,60,24.32134429297718,1150.0008251042025,0,0,0.02432134429297718,500,150,59.99996967342122,nan,0,nan,nan,nan,nan,nan,0.0014344,0.00057805,0.0006985,0.0008476,0.0014344,0.0012845,0.00051435,0.0006261999999999999,0.0007546,0.0012845,nan,nan,nan,nan,nan,0,05_resultados\revisao_operacional\campanha_v1\j00954.mat,campanha_v1
j00955,montecarlo,perda_fonte,mpc_qp_v5,42,-3,0.948546957119833,{},350.0579133684515,350.0579133684515,1,14.58597000015315,14.583374218486693,150,150,150,150,57.171741208200466,55.776920188967445,60.01589536619618,27.559955173042948,1756.1932943064542,0,2.166666666666667,0.02755995517304295,500,150,59.41790578316635,0.11709811140013926,853,0,0,0.006175082216486771,333283.200808402,4015243775612013.0,0.020811,0.023090350000000003,0.03243865,0.041692,0.0983496,0.0139121,0.01789375,0.02671165,0.036256250000000004,0.0927033,0.005104,0.0048747,0.0055847,0.0060073999999999995,0.0084309,0,05_resultados\revisao_operacional\campanha_v1\j00955.mat,campanha_v1
j00956,montecarlo,perda_fonte,mpc_qp_estocastico_3cen,42,-3,0.948546957119833,{},350.00008298420494,350.00008298420494,1,14.583333391946624,14.583333391946624,150,150,150,150,52.19386721384802,52.19386721384802,60,37.07913073422158,1998.8733669186,0,0.16666666666666669,0.03707913073422158,500,150,57.52815428659977,0.12288714095122799,58,0,0,0.09149734544701005,666566.4042708572,8858386386927326.0,0.0472954,0.05325355,0.07020475,0.10805455,0.3142863,0.0336103,0.0411383,0.0545785,0.0960801,0.301875,0.0111326,0.011749550000000001,0.01361765,0.015103499999999999,0.0174352,0,05_resultados\revisao_operacional\evento_adiantado_corrigido_v1\j00956.mat,evento_adiantado_corrigido_v1
j00957,montecarlo,perda_fonte,heuristico,43,-1,1.1743347216842834,{},592.6122638850534,592.6122638850534,1,14.754610453615202,14.754610453615202,150,150,150,150,57.93978528855198,56.5039066455025,60,24.16369944991276,850,0,0,0.02416369944991276,500,150,60,nan,0,nan,nan,nan,nan,nan,4.24e-05,8.1e-06,9.2e-06,1.32e-05,4.24e-05,nan,nan,nan,nan,nan,nan,nan,nan,nan,nan,0,05_resultados\revisao_operacional\campanha_v1\j00957.mat,campanha_v1
j00958,montecarlo,perda_fonte,heuristico_foresight,43,-1,1.1743347216842834,{},421.2340712901589,421.2340712901589,1,14.633622491849707,14.633622491849707,150,150,150,150,51.50277111160217,51.50277111160217,60,40.36183721988338,719.2489587367875,0,0,0.04036183721988338,500,150,57.626990532939516,nan,0,nan,nan,nan,nan,nan,4.28e-05,8.5e-06,9.6e-06,1.1949999999999999e-05,4.28e-05,nan,nan,nan,nan,nan,nan,nan,nan,nan,nan,0,05_resultados\revisao_operacional\campanha_v1\j00958.mat,campanha_v1
j00959,montecarlo,perda_fonte,miope_qp,43,-1,1.1743347216842834,{},592.6116232891053,592.6116232891053,1,14.754610001373313,14.75461000137331,150,150,150,150,57.9147667951044,56.47501255161039,60,24.32134429297718,1150.0008251042025,0,0,0.02432134429297718,500,150,59.99996967342122,nan,0,nan,nan,nan,nan,nan,0.0012551,0.0005794,0.0006720000000000001,0.0008364,0.0012551,0.0011126,0.00051475,0.0005981,0.0007564,0.0011126,nan,nan,nan,nan,nan,0,05_resultados\revisao_operacional\campanha_v1\j00959.mat,campanha_v1
j00960,montecarlo,perda_fonte,mpc_qp_v5,43,-1,1.1743347216842834,{},350.4799713833951,350.4799713833951,1,14.583672179018969,14.583672179018965,150,150,150,150,50.26266387977456,50.26266387977456,60,46.25234657107046,1496.7183541620452,0,2.75,0.04625234657107046,500,150,57.105362551687776,7.105427357601002e-15,0,0,0,0.0025178516586947808,333283.2021354289,4843142611315303.0,0.0246895,0.029816099999999998,0.03546665,0.0485684,0.0722059,0.0174082,0.02450575,0.03012335,0.042942350000000004,0.066247,0.0053514,0.0049453,0.0055703,0.005888900000000001,0.007182,0,05_resultados\revisao_operacional\campanha_v1\j00960.mat,campanha_v1
j00961,montecarlo,perda_fonte,mpc_qp_estocastico_3cen,43,-1,1.1743347216842834,{},350.0000183737327,350.0000183737327,1,14.583333346322286,14.583333346322286,150,150,150,150,40.22115829230154,40.22115829230154,60,93.9494981115673,2909.3453262217804,0,0.5833333333333334,0.09394949811156729,500,150,52.119224367938514,7.105427357601002e-15,0,0,0,0.009150146800038783,666566.4042708572,9686285222630616.0,0.0546849,0.06221515,0.0824694,0.12105995,0.1522142,0.0391395,0.0501509,0.06925605,0.10866735,0.1396872,0.0122583,0.0117846,0.01340095,0.014740650000000001,0.0224097,0,05_resultados\revisao_operacional\evento_adiantado_corrigido_v1\j00961.mat,evento_adiantado_corrigido_v1
j00962,montecarlo,perda_fonte,heuristico,44,-3,0.9988984573288328,{},592.6122638850534,592.6122638850534,1,14.754610453615202,14.754610453615202,150,150,150,150,57.93978528855198,56.5039066455025,60,24.16369944991276,850,0,0,0.02416369944991276,500,150,60,nan,0,nan,nan,nan,nan,nan,4.14e-05,8.3e-06,1.01e-05,1.53e-05,4.14e-05,nan,nan,nan,nan,nan,nan,nan,nan,nan,nan,0,05_resultados\revisao_operacional\campanha_v1\j00962.mat,campanha_v1
j00963,montecarlo,perda_fonte,heuristico_foresight,44,-3,0.9988984573288328,{},352.7815800174326,352.7815800174326,1,14.585297046987337,14.585297046987337,150,150,150,150,57.47146760450376,56.04015452041188,60,26.342492786421605,850,0,0,0.026342492786421604,500,150,59.603676116794965,nan,0,nan,nan,nan,nan,nan,4.2e-05,8.8e-06,1e-05,1.2450000000000001e-05,4.2e-05,nan,nan,nan,nan,nan,nan,nan,nan,nan,nan,0,05_resultados\revisao_operacional\campanha_v1\j00963.mat,campanha_v1
j00964,montecarlo,perda_fonte,miope_qp,44,-3,0.9988984573288328,{},592.6116232891053,592.6116232891053,1,14.754610001373313,14.75461000137331,150,150,150,150,57.9147667951044,56.47501255161039,60,24.32134429297718,1150.0008251042025,0,0,0.02432134429297718,500,150,59.99996967342122,nan,0,nan,nan,nan,nan,nan,0.0014658,0.00057505,0.00069275,0.000868,0.0014658,0.0013134,0.0005106,0.00060985,0.0007796999999999999,0.0013134,nan,nan,nan,nan,nan,0,05_resultados\revisao_operacional\campanha_v1\j00964.mat,campanha_v1
j00965,montecarlo,perda_fonte,mpc_qp_v5,44,-3,0.9988984573288328,{},350.01948179942264,350.01948179942264,1,14.584932557923757,14.583347086930583,150,150,150,150,57.184966530986124,55.790397000908,60,27.335453877677516,1647.9413816111028,0,2.25,0.027335453877677517,500,150,59.431400950725696,0.014570786587725593,733,0,0,3.287362807213867e-05,333283.200808402,4015243775612013.0,0.0226558,0.0240942,0.03111175,0.040752300000000005,0.0990252,0.0159059,0.01931975,0.0259826,0.0356462,0.0939334,0.0049826,0.0044784,0.00504205,0.0053101,0.0055746,0,05_resultados\revisao_operacional\campanha_v1\j00965.mat,campanha_v1
j00966,montecarlo,perda_fonte,mpc_qp_estocastico_3cen,44,-3,0.9988984573288328,{},350.0000228376706,350.0000228376706,1,14.583333349468825,14.583333349468825,150,150,150,150,49.54089675785935,49.54089675785935,60,49.680740400168126,1563.615906938218,0,0.08333333333333334,0.04968074040016813,500,150,56.30572488100023,0.12080784651461585,58,0,0,5.447488433674152e-07,666566.4042708572,8858386386927326.0,0.048048,0.05294185,0.06684499999999999,0.11493085,0.1713556,0.0330122,0.04073285,0.05399475,0.1012233,0.157297,0.0125426,0.011779000000000001,0.01353205,0.01500375,0.0171021,0,05_resultados\revisao_operacional\evento_adiantado_corrigido_v1\j00966.mat,evento_adiantado_corrigido_v1
j00967,montecarlo,perda_fonte,heuristico,45,3,1.1869296583134965,{},592.6122638850534,592.6122638850534,1,14.754610453615202,14.754610453615202,150,150,150,150,57.93978528855198,56.5039066455025,60,24.16369944991276,850,0,0,0.02416369944991276,500,150,60,nan,0,nan,nan,nan,nan,nan,4.26e-05,8e-06,9e-06,9.6e-06,4.26e-05,nan,nan,nan,nan,nan,nan,nan,nan,nan,nan,0,05_resultados\revisao_operacional\campanha_v1\j00967.mat,campanha_v1
j00968,montecarlo,perda_fonte,heuristico_foresight,45,3,1.1869296583134965,{},537.9048701381284,537.9048701381284,1,14.71598864320442,14.715988643204417,150,150,150,150,50.9246974902364,50.9246974902364,60,43.10768692136913,709.8027562648776,0,0,0.04310768692136913,500,150,57.37078459940966,nan,0,nan,nan,nan,nan,nan,4.47e-05,8.5e-06,9.6e-06,1.53e-05,4.47e-05,nan,nan,nan,nan,nan,nan,nan,nan,nan,nan,0,05_resultados\revisao_operacional\campanha_v1\j00968.mat,campanha_v1
j00969,montecarlo,perda_fonte,miope_qp,45,3,1.1869296583134965,{},592.6116232891053,592.6116232891053,1,14.754610001373313,14.75461000137331,150,150,150,150,57.9147667951044,56.47501255161039,60,24.32134429297718,1150.0008251042025,0,0,0.02432134429297718,500,150,59.99996967342122,nan,0,nan,nan,nan,nan,nan,0.0012783,0.0005782000000000001,0.000695,0.0008839,0.0012783,0.0011339,0.00051435,0.0006192999999999999,0.0007839500000000001,0.0011339,nan,nan,nan,nan,nan,0,05_resultados\revisao_operacional\campanha_v1\j00969.mat,campanha_v1
j00970,montecarlo,perda_fonte,mpc_qp_v5,45,3,1.1869296583134965,{},350.9374490128778,350.9374490128778,1,14.58399514476637,14.583995144766368,150,150,150,150,49.668013968963315,49.668013968963315,60,49.07693364742401,1420.9194901107428,0,2.666666666666667,0.04907693364742401,500,150,56.831416562791716,7.105427357601002e-15,0,0,0,0.12309230493190171,333283.2021354289,4843142611315303.0,0.0235784,0.02952215,0.03481165,0.042265,0.0737949,0.017382,0.02439195,0.0294874,0.03708565,0.0687939,0.0042264,0.0047845000000000006,0.0055435499999999995,0.0058429499999999995,0.0061054,0,05_resultados\revisao_operacional\campanha_v1\j00970.mat,campanha_v1
j00971,montecarlo,perda_fonte,mpc_qp_estocastico_3cen,45,3,1.1869296583134965,{},350.0000458574867,350.0000458574867,1,14.583333365719588,14.583333365719588,150,150,150,150,39.595328610951654,39.595328610951654,60,96.92218909797941,3723.1505918869643,0,0.5833333333333334,0.09692218909797941,500,150,51.85892985126465,7.105427357601002e-15,0,0,0,0.0005653250950672373,666566.4042708572,9686285222630616.0,0.0525075,0.05690365,0.0825311,0.1251949,0.1695659,0.0384077,0.0447004,0.067548,0.1136309,0.1577225,0.0109866,0.01178465,0.013283449999999999,0.01468565,0.0249223,0,05_resultados\revisao_operacional\evento_adiantado_corrigido_v1\j00971.mat,evento_adiantado_corrigido_v1
j00972,montecarlo,perda_fonte,heuristico,46,-8,0.8287849773077429,{},592.6122638850534,592.6122638850534,1,14.754610453615202,14.754610453615202,150,150,150,150,57.93978528855198,56.5039066455025,60,24.16369944991276,850,0,0,0.02416369944991276,500,150,60,nan,0,nan,nan,nan,nan,nan,4.23e-05,8e-06,9e-06,9.8e-06,4.23e-05,nan,nan,nan,nan,nan,nan,nan,nan,nan,nan,0,05_resultados\revisao_operacional\campanha_v1\j00972.mat,campanha_v1
j00973,montecarlo,perda_fonte,heuristico_foresight,46,-8,0.8287849773077429,{},350.22832599190326,350.22832599190326,1,14.583494524765921,14.583494524765921,150,150,150,150,57.35450854017627,55.92319545608439,60,26.89804834197716,850,0,0,0.02689804834197716,500,150,59.48709653082988,nan,0,nan,nan,nan,nan,nan,4.7e-05,8.9e-06,1.03e-05,1.5450000000000003e-05,4.7e-05,nan,nan,nan,nan,nan,nan,nan,nan,nan,nan,0,05_resultados\revisao_operacional\campanha_v1\j00973.mat,campanha_v1
j00974,montecarlo,perda_fonte,miope_qp,46,-8,0.8287849773077429,{},592.6116232891053,592.6116232891053,1,14.754610001373313,14.75461000137331,150,150,150,150,57.9147667951044,56.47501255161039,60,24.32134429297718,1150.0008251042025,0,0,0.02432134429297718,500,150,59.99996967342122,nan,0,nan,nan,nan,nan,nan,0.0012927,0.0005776,0.0007009,0.0008543,0.0012927,0.0011502,0.0005133,0.00062905,0.00075625,0.0011502,nan,nan,nan,nan,nan,0,05_resultados\revisao_operacional\campanha_v1\j00974.mat,campanha_v1
j00975,montecarlo,perda_fonte,mpc_qp_v5,46,-8,0.8287849773077429,{},350.0010558947863,350.0010558947863,1,14.587958247907517,14.583334078775374,150,150,150,150,56.89978864490001,55.504452773920484,60.05490743088223,29.247519104051847,1826.2183165201686,0,0.75,0.029247519104051847,500,150,59.145416705010156,0.11696326960623793,852,0,0,0.0015966252672683368,333283.200808402,4015243775612013.0,0.0210537,0.0223186,0.0325294,0.04036105,0.1695143,0.0138663,0.01725715,0.02687125,0.0345944,0.1629657,0.0051598,0.00475595,0.0054915,0.00593575,0.0077027,0,05_resultados\revisao_operacional\campanha_v1\j00975.mat,campanha_v1
j00976,montecarlo,perda_fonte,mpc_qp_estocastico_3cen,46,-8,0.8287849773077429,{},350.00000033075605,350.00000033075605,1,14.587902192577694,14.583333333587406,150,150,150,150,56.553828646378236,55.158551441532936,60.03677872800261,30.7087160994029,855.2127414211234,0,0,0.0307087160994029,500,150,58.79952932063747,0.11702569508620542,852,0,0,3.410605131648481e-13,666566.4016168036,8030487551224027.0,0.0422572,0.047604499999999994,0.06602645,0.09894215,0.1128789,0.0274628,0.035885600000000004,0.050751199999999996,0.08626655,0.100759,0.0119317,0.01148705,0.01265125,0.0144532,0.0242278,0,05_resultados\revisao_operacional\evento_adiantado_corrigido_v1\j00976.mat,evento_adiantado_corrigido_v1
j00977,montecarlo,perda_fonte,heuristico,47,-2,1.1284680159123757,{},592.6122638850534,592.6122638850534,1,14.754610453615202,14.754610453615202,150,150,150,150,57.93978528855198,56.5039066455025,60,24.16369944991276,850,0,0,0.02416369944991276,500,150,60,nan,0,nan,nan,nan,nan,nan,5.43e-05,8.05e-06,9.65e-06,1.89e-05,5.43e-05,nan,nan,nan,nan,nan,nan,nan,nan,nan,nan,0,05_resultados\revisao_operacional\campanha_v1\j00977.mat,campanha_v1
j00978,montecarlo,perda_fonte,heuristico_foresight,47,-2,1.1284680159123757,{},397.8611859662155,397.8611859662155,1,14.61712192247676,14.617121922476759,150,150,150,150,53.58724797166198,53.58724797166198,60,30.460572134604767,753.6489880657183,0,0,0.030460572134604767,500,150,58.611608525190576,nan,0,nan,nan,nan,nan,nan,4.13e-05,8.5e-06,9.5e-06,1.185e-05,4.13e-05,nan,nan,nan,nan,nan,nan,nan,nan,nan,nan,0,05_resultados\revisao_operacional\campanha_v1\j00978.mat,campanha_v1
j00979,montecarlo,perda_fonte,miope_qp,47,-2,1.1284680159123757,{},592.6116232891053,592.6116232891053,1,14.754610001373313,14.75461000137331,150,150,150,150,57.9147667951044,56.47501255161039,60,24.32134429297718,1150.0008251042025,0,0,0.02432134429297718,500,150,59.99996967342122,nan,0,nan,nan,nan,nan,nan,0.0012717,0.0005744,0.00067725,0.00086515,0.0013357,0.0011233,0.00051055,0.0006016999999999999,0.0007800999999999999,0.0012414,nan,nan,nan,nan,nan,0,05_resultados\revisao_operacional\campanha_v1\j00979.mat,campanha_v1
j00980,montecarlo,perda_fonte,mpc_qp_v5,47,-2,1.1284680159123757,{},350.08934988984396,350.08934988984396,1,14.58339641174627,14.583396411746268,150,150,150,150,52.2545080081153,52.2545080081153,60,36.79108696145232,1325.0177670391895,0,2.5,0.03679108696145232,500,150,58.05889454067856,7.105427357601002e-15,0,0,0,2.0753678882101667e-06,333283.2021354289,4843142611315303.0,0.0240007,0.029800899999999998,0.03465935,0.04504,0.0952287,0.0171178,0.024562399999999998,0.0292771,0.03962595,0.0896949,0.0049641,0.004948350000000001,0.00555255,0.005825,0.01627,0,05_resultados\revisao_operacional\campanha_v1\j00980.mat,campanha_v1
j00981,montecarlo,perda_fonte,mpc_qp_estocastico_3cen,47,-2,1.1284680159123757,{},350.000001857223,350.000001857223,1,14.58333333466196,14.583333334661958,150,150,150,150,42.49763124806981,42.49763124806981,60,83.13625157166793,1842.621692234271,0,0.4166666666666667,0.08313625157166793,500,150,53.12462732810313,7.105427357601002e-15,0,0,0,4.433786671143025e-12,666566.4042708572,9686285222630616.0,0.0571572,0.062122800000000006,0.0793265,0.121621,0.1558916,0.0407047,0.050168199999999996,0.06562255,0.1090682,0.1434416,0.0137002,0.01166855,0.01310215,0.0142641,0.020355,0,05_resultados\revisao_operacional\evento_adiantado_corrigido_v1\j00981.mat,evento_adiantado_corrigido_v1
j00982,montecarlo,perda_fonte,heuristico,48,-7,1.140288399440218,{},592.6122638850534,592.6122638850534,1,14.754610453615202,14.754610453615202,150,150,150,150,57.93978528855198,56.5039066455025,60,24.16369944991276,850,0,0,0.02416369944991276,500,150,60,nan,0,nan,nan,nan,nan,nan,3.96e-05,7.9e-06,9.1e-06,1.07e-05,4.02e-05,nan,nan,nan,nan,nan,nan,nan,nan,nan,nan,0,05_resultados\revisao_operacional\campanha_v1\j00982.mat,campanha_v1
j00983,montecarlo,perda_fonte,heuristico_foresight,48,-7,1.140288399440218,{},353.8302009344063,353.8302009344063,1,14.586037342502703,14.586037342502701,150,150,150,150,52.9444287389783,52.9444287389783,60,33.51396348985212,744.7837004198365,0,0,0.03351396348985212,500,150,58.25967507640723,nan,0,nan,nan,nan,nan,nan,4.46e-05,8.5e-06,9.950000000000001e-06,1.3700000000000001e-05,4.46e-05,nan,nan,nan,nan,nan,nan,nan,nan,nan,nan,0,05_resultados\revisao_operacional\campanha_v1\j00983.mat,campanha_v1
j00984,montecarlo,perda_fonte,miope_qp,48,-7,1.140288399440218,{},592.6116232891053,592.6116232891053,1,14.754610001373313,14.75461000137331,150,150,150,150,57.9147667951044,56.47501255161039,60,24.32134429297718,1150.0008251042025,0,0,0.02432134429297718,500,150,59.99996967342122,nan,0,nan,nan,nan,nan,nan,0.0012423,0.0005801,0.0006911,0.0008142,0.0012423,0.0011014,0.00051605,0.0006196,0.00073085,0.0011014,nan,nan,nan,nan,nan,0,05_resultados\revisao_operacional\campanha_v1\j00984.mat,campanha_v1
j00985,montecarlo,perda_fonte,mpc_qp_v5,48,-7,1.140288399440218,{},350.02580769012263,350.02580769012263,1,14.583351552820327,14.583351552820325,150,150,150,150,51.67083588313039,51.67083588313039,60,39.5635295551304,1402.0992736797077,0,2.666666666666667,0.0395635295551304,500,150,57.742665078145706,7.105427357601002e-15,0,0,0,0.005069761990966981,333283.2021354289,4843142611315303.0,0.0254336,0.029933550000000003,0.036296049999999996,0.046992400000000004,0.0994519,0.0177945,0.02461365,0.0303409,0.041264499999999996,0.093668,0.0054548,0.0050995,0.00577305,0.0062739,0.0072289,0,05_resultados\revisao_operacional\campanha_v1\j00985.mat,campanha_v1
j00986,montecarlo,perda_fonte,mpc_qp_estocastico_3cen,48,-7,1.140288399440218,{},350.0000002343461,350.0000002343461,1,14.58333333351336,14.583333333513359,150,150,150,150,41.85692998486206,41.85692998486206,60,86.17958257190469,2330.9098881764066,0,0.4166666666666667,0.0861795825719047,500,150,52.810827922283615,7.105427357601002e-15,0,0,0,0.01346545373405661,666566.4042708572,9686285222630616.0,0.0517858,0.0621897,0.07577695000000001,0.11561094999999999,0.1505651,0.036745,0.0504022,0.063768,0.10367915,0.1358718,0.0123955,0.01145535,0.012365250000000001,0.013141799999999999,0.0152246,0,05_resultados\revisao_operacional\evento_adiantado_corrigido_v1\j00986.mat,evento_adiantado_corrigido_v1
j00987,montecarlo,perda_fonte,heuristico,49,-2,0.8258254419347842,{},592.6122638850534,592.6122638850534,1,14.754610453615202,14.754610453615202,150,150,150,150,57.93978528855198,56.5039066455025,60,24.16369944991276,850,0,0,0.02416369944991276,500,150,60,nan,0,nan,nan,nan,nan,nan,4.23e-05,8.3e-06,9.6e-06,1.845e-05,4.23e-05,nan,nan,nan,nan,nan,nan,nan,nan,nan,nan,0,05_resultados\revisao_operacional\campanha_v1\j00987.mat,campanha_v1
j00988,montecarlo,perda_fonte,heuristico_foresight,49,-2,0.8258254419347842,{},354.5860501408955,354.5860501408955,1,14.586570949804251,14.586570949804251,150,150,150,150,57.494859417369256,56.06354633327738,60,26.231381675310494,850,0,0,0.026231381675310493,500,150,59.62679973959374,nan,0,nan,nan,nan,nan,nan,4.43e-05,8.9e-06,1.03e-05,1.6599999999999997e-05,4.43e-05,nan,nan,nan,nan,nan,nan,nan,nan,nan,nan,0,05_resultados\revisao_operacional\campanha_v1\j00988.mat,campanha_v1
j00989,montecarlo,perda_fonte,miope_qp,49,-2,0.8258254419347842,{},592.6116232891053,592.6116232891053,1,14.754610001373313,14.75461000137331,150,150,150,150,57.9147667951044,56.47501255161039,60,24.32134429297718,1150.0008251042025,0,0,0.02432134429297718,500,150,59.99996967342122,nan,0,nan,nan,nan,nan,nan,0.0012557,0.0005687,0.0006692,0.0008316,0.0012557,0.0011087,0.000505,0.00059055,0.0007390000000000001,0.0011087,nan,nan,nan,nan,nan,0,05_resultados\revisao_operacional\campanha_v1\j00989.mat,campanha_v1
j00990,montecarlo,perda_fonte,mpc_qp_v5,49,-2,0.8258254419347842,{},350.0343796588192,350.0343796588192,1,14.588021610218291,14.583357604373251,150,150,150,150,57.046957104064475,55.651610969017625,60.05711490940256,28.570675529719193,2054.260853920592,0,0.6666666666666667,0.028570675529719192,500,150,59.29256923090626,0.11695890656145735,852,0,0,0.0005905698938590831,333283.200808402,4015243775612013.0,0.0207416,0.0250545,0.031887250000000006,0.03933815,0.1390838,0.0140039,0.019974949999999998,0.02641515,0.03448495,0.1341076,0.0050309,0.004586,0.0052445,0.0057443,0.0145921,0,05_resultados\revisao_operacional\campanha_v1\j00990.mat,campanha_v1
j00991,montecarlo,perda_fonte,mpc_qp_estocastico_3cen,49,-2,0.8258254419347842,{},350.0000066831024,350.0000066831024,1,14.588055048156207,14.583333338076484,150,150,150,150,56.696241238091616,55.300932894312,60.0386511955816,30.051317401352144,855.385541631066,0,0,0.030051317401352143,500,150,58.94191000453229,0.11702144016092575,852,0,0,2.5579538487363607e-13,666566.4016168036,8030487551224027.0,0.0415594,0.0465133,0.0601121,0.09754689999999999,0.1121708,0.0263085,0.0350577,0.04847995,0.0856475,0.0998719,0.0124432,0.0112346,0.0120767,0.01241735,0.0137397,0,05_resultados\revisao_operacional\evento_adiantado_corrigido_v1\j00991.mat,evento_adiantado_corrigido_v1
j00992,montecarlo,perda_fonte,heuristico,50,7,1.00206387683294,{},592.6122638850534,592.6122638850534,1,14.754610453615202,14.754610453615202,150,150,150,150,57.93978528855198,56.5039066455025,60,24.16369944991276,850,0,0,0.02416369944991276,500,150,60,nan,0,nan,nan,nan,nan,nan,4e-05,8e-06,9.1e-06,1.575e-05,4e-05,nan,nan,nan,nan,nan,nan,nan,nan,nan,nan,0,05_resultados\revisao_operacional\campanha_v1\j00992.mat,campanha_v1
j00993,montecarlo,perda_fonte,heuristico_foresight,50,7,1.00206387683294,{},419.0756340723581,419.0756340723581,1,14.632098698678437,14.632098698678437,150,150,150,150,57.532827253626564,56.11734750286802,60,25.892492786421602,850,0,0,0.0258924927864216,500,150,59.8113669971407,nan,0,nan,nan,nan,nan,nan,4.53e-05,9e-06,1.01e-05,1.3749999999999999e-05,4.53e-05,nan,nan,nan,nan,nan,nan,nan,nan,nan,nan,0,05_resultados\revisao_operacional\campanha_v1\j00993.mat,campanha_v1
j00994,montecarlo,perda_fonte,miope_qp,50,7,1.00206387683294,{},592.6116232891053,592.6116232891053,1,14.754610001373313,14.75461000137331,150,150,150,150,57.9147667951044,56.47501255161039,60,24.32134429297718,1150.0008251042025,0,0,0.02432134429297718,500,150,59.99996967342122,nan,0,nan,nan,nan,nan,nan,0.0012496,0.000575,0.00069395,0.00083675,0.0012496,0.0011022,0.0005115,0.0006164,0.0007486,0.0011022,nan,nan,nan,nan,nan,0,05_resultados\revisao_operacional\campanha_v1\j00994.mat,campanha_v1
j00995,montecarlo,perda_fonte,mpc_qp_v5,50,7,1.00206387683294,{},353.09254074799037,353.09254074799037,1,14.58551657613803,14.58551657613803,150,150,150,150,57.210738807017066,55.87505345999723,60,26.623418944064657,1654.6000669864138,0,2.083333333333333,0.026623418944064656,500,150,59.65665498730087,0.014356788729678271,781,0,0,4.151651592110284e-05,333283.200808402,4015243775612013.0,0.0224944,0.02531585,0.030503000000000002,0.040040900000000004,0.0496319,0.0153643,0.0206638,0.0253922,0.03519995,0.0441834,0.0048041,0.0044382,0.005021899999999999,0.00525825,0.0071664,0,05_resultados\revisao_operacional\campanha_v1\j00995.mat,campanha_v1
j00996,montecarlo,perda_fonte,mpc_qp_estocastico_3cen,50,7,1.00206387683294,{},350.0002592567168,350.0002592567168,1,14.583333516375435,14.583333516375431,150,150,150,150,49.31344887166387,49.31344887166387,60,50.761117859597256,832.5512632684569,0,0,0.050761117859597256,500,150,56.273262478441985,7.105427357601002e-15,0,0,0,3.410605131648481e-13,666566.4042708572,8858386386927326.0,0.0500694,0.053816,0.07903635,0.1134815,0.1219193,0.0361049,0.041774900000000004,0.0667042,0.10055035,0.1087351,0.0114228,0.01173215,0.01262415,0.013914949999999999,0.0177926,0,05_resultados\revisao_operacional\evento_adiantado_corrigido_v1\j00996.mat,evento_adiantado_corrigido_v1
j00997,montecarlo,perda_fonte,heuristico,51,5,0.9591664191940332,{},592.6122638850534,592.6122638850534,1,14.754610453615202,14.754610453615202,150,150,150,150,57.93978528855198,56.5039066455025,60,24.16369944991276,850,0,0,0.02416369944991276,500,150,60,nan,0,nan,nan,nan,nan,nan,4.17e-05,8.1e-06,9.1e-06,1.1200000000000001e-05,4.17e-05,nan,nan,nan,nan,nan,nan,nan,nan,nan,nan,0,05_resultados\revisao_operacional\campanha_v1\j00997.mat,campanha_v1
j00998,montecarlo,perda_fonte,heuristico_foresight,51,5,0.9591664191940332,{},402.9015293790226,402.9015293790226,1,14.620680256631648,14.620680256631648,150,150,150,150,57.54668202945504,56.12592450091872,60,25.879529823458643,850,0,0,0.025879529823458643,500,150,59.775564251996556,nan,0,nan,nan,nan,nan,nan,4.45e-05,8.9e-06,1.1e-05,1.415e-05,6.61e-05,nan,nan,nan,nan,nan,nan,nan,nan,nan,nan,0,05_resultados\revisao_operacional\campanha_v1\j00998.mat,campanha_v1
j00999,montecarlo,perda_fonte,miope_qp,51,5,0.9591664191940332,{},592.6116232891053,592.6116232891053,1,14.754610001373313,14.75461000137331,150,150,150,150,57.9147667951044,56.47501255161039,60,24.32134429297718,1150.0008251042025,0,0,0.02432134429297718,500,150,59.99996967342122,nan,0,nan,nan,nan,nan,nan,0.0016922,0.0005719,0.00065795,0.00080685,0.0016922,0.0015467,0.0005093,0.0005858,0.00071995,0.0015467,nan,nan,nan,nan,nan,0,05_resultados\revisao_operacional\campanha_v1\j00999.mat,campanha_v1
j01000,montecarlo,perda_fonte,mpc_qp_v5,51,5,0.9591664191940332,{},352.23483595481844,352.23483595481844,1,14.587352743683336,14.58491106178714,150,150,150,150,57.26225799943322,55.87803321537396,60.012706140702065,26.991964420369058,1813.7368282885595,0,2.083333333333333,0.02699196442036906,500,150,59.61223922120273,0.11710985194959278,853,0,0,0.003374970376910369,333283.200808402,4015243775612013.0,0.0203222,0.02229615,0.03206985,0.04140065,0.089266,0.0137791,0.01761565,0.026793900000000002,0.03599365,0.0840343,0.0048697,0.00452925,0.005366050000000001,0.00591515,0.0096844,0,05_resultados\revisao_operacional\campanha_v1\j01000.mat,campanha_v1
j01001,montecarlo,perda_fonte,mpc_qp_estocastico_3cen,51,5,0.9591664191940332,{},350.0012186392628,350.0012186392628,1,14.583334193672107,14.583334193672107,150,150,150,150,51.712431905022676,51.712431905022676,60,39.36594845114312,1783.2915467611087,0,0.25,0.03936594845114312,500,150,57.42671062079497,0.12813994681054197,177,0,0,3.183231456205249e-12,666566.4042708572,8858386386927326.0,0.0434767,0.0529607,0.07599745,0.1081317,0.1406904,0.0294979,0.040972949999999994,0.0636554,0.09578110000000001,0.1285633,0.0111064,0.0114621,0.012333,0.01285725,0.0144188,0,05_resultados\revisao_operacional\evento_adiantado_corrigido_v1\j01001.mat,evento_adiantado_corrigido_v1
j01002,montecarlo,perda_fonte,heuristico,52,13,1.0882301041070486,{},592.6122638850534,592.6122638850534,1,14.754610453615202,14.754610453615202,150,150,150,150,57.93978528855198,56.5039066455025,60,24.16369944991276,850,0,0,0.02416369944991276,500,150,60,nan,0,nan,nan,nan,nan,nan,4.2e-05,8.1e-06,9.2e-06,1.075e-05,4.2e-05,nan,nan,nan,nan,nan,nan,nan,nan,nan,nan,0,05_resultados\revisao_operacional\campanha_v1\j01002.mat,campanha_v1
j01003,montecarlo,perda_fonte,heuristico_foresight,52,13,1.0882301041070486,{},582.8030994327632,582.8030994327632,1,14.747685472112389,14.747685472112389,150,150,150,150,55.230280344216276,55.230280344216276,60,22.656168364979965,783.8274219197136,0,0,0.022656168364979964,500,150,59.52857549083506,nan,0,nan,nan,nan,nan,nan,4.6e-05,8.5e-06,1.1e-05,1.33e-05,5.21e-05,nan,nan,nan,nan,nan,nan,nan,nan,nan,nan,0,05_resultados\revisao_operacional\campanha_v1\j01003.mat,campanha_v1
j01004,montecarlo,perda_fonte,miope_qp,52,13,1.0882301041070486,{},592.6116232891053,592.6116232891053,1,14.754610001373313,14.75461000137331,150,150,150,150,57.9147667951044,56.47501255161039,60,24.32134429297718,1150.0008251042025,0,0,0.02432134429297718,500,150,59.99996967342122,nan,0,nan,nan,nan,nan,nan,0.0012076,0.0005733,0.0006953,0.0010052,0.0012076,0.0010572,0.0005109,0.00062435,0.00089535,0.0010572,nan,nan,nan,nan,nan,0,05_resultados\revisao_operacional\campanha_v1\j01004.mat,campanha_v1
j01005,montecarlo,perda_fonte,mpc_qp_v5,52,13,1.0882301041070486,{},527.8515986603825,527.8515986603825,1,14.708891329334785,14.708891329334783,150,150,150,150,54.1337586213728,54.1337586213728,60,27.86464654847889,1637.0074788056268,0,1.8333333333333333,0.02786464654847889,500,150,59.26382809904323,7.105427357601002e-15,0,0,3.392115974640514e-10,1.297160224567051e-06,333283.2021354289,4843142611315303.0,0.024833,0.0284562,0.0341062,0.0450705,0.05398,0.0169728,0.0231808,0.028716949999999998,0.0396467,0.0487255,0.0052034,0.00500995,0.00568355,0.0061129,0.0069445,0,05_resultados\revisao_operacional\campanha_v1\j01005.mat,campanha_v1
j01006,montecarlo,perda_fonte,mpc_qp_estocastico_3cen,52,13,1.0882301041070486,{},350.0273373432037,350.0273373432037,1,14.583352632709742,14.583352632709742,150,150,150,150,44.59445719747934,44.59445719747934,60,73.17632831197383,2532.2879169234975,0,0.4166666666666667,0.07317632831197383,500,150,54.26618873551064,7.105427357601002e-15,0,0,0,0.001013817118746374,666566.4042708572,9686285222630616.0,0.0470249,0.059997800000000004,0.0783312,0.105103,0.1536592,0.0331023,0.0479975,0.0659186,0.0931535,0.1414115,0.0113323,0.0115502,0.01310495,0.01415055,0.0181755,0,05_resultados\revisao_operacional\evento_adiantado_corrigido_v1\j01006.mat,evento_adiantado_corrigido_v1
j01007,montecarlo,perda_fonte,heuristico,53,3,1.1186445240260476,{},592.6122638850534,592.6122638850534,1,14.754610453615202,14.754610453615202,150,150,150,150,57.93978528855198,56.5039066455025,60,24.16369944991276,850,0,0,0.02416369944991276,500,150,60,nan,0,nan,nan,nan,nan,nan,4.12e-05,8.1e-06,9.75e-06,2.0249999999999998e-05,4.12e-05,nan,nan,nan,nan,nan,nan,nan,nan,nan,nan,0,05_resultados\revisao_operacional\campanha_v1\j01007.mat,campanha_v1
j01008,montecarlo,perda_fonte,heuristico_foresight,53,3,1.1186445240260476,{},568.9676407990776,568.9676407990776,1,14.737918045377194,14.737918045377194,150,150,150,150,54.058800981587645,54.058800981587645,60,28.220695337448884,761.0166069804643,0,0,0.028220695337448885,500,150,58.86364889823819,nan,0,nan,nan,nan,nan,nan,4.42e-05,8.6e-06,9.5e-06,1.23e-05,4.42e-05,nan,nan,nan,nan,nan,nan,nan,nan,nan,nan,0,05_resultados\revisao_operacional\campanha_v1\j01008.mat,campanha_v1
j01009,montecarlo,perda_fonte,miope_qp,53,3,1.1186445240260476,{},592.6116232891053,592.6116232891053,1,14.754610001373313,14.75461000137331,150,150,150,150,57.9147667951044,56.47501255161039,60,24.32134429297718,1150.0008251042025,0,0,0.02432134429297718,500,150,59.99996967342122,nan,0,nan,nan,nan,nan,nan,0.0012314,0.00057595,0.00067205,0.0008246,0.0012314,0.0010924,0.0005127,0.0005947000000000001,0.0007366,0.0010924,nan,nan,nan,nan,nan,0,05_resultados\revisao_operacional\campanha_v1\j01009.mat,campanha_v1
j01010,montecarlo,perda_fonte,mpc_qp_v5,53,3,1.1186445240260476,{},351.06556382230144,351.06556382230144,1,14.584085590050934,14.584085590050933,150,150,150,150,52.73982822736608,52.73982822736608,60,34.48581592001027,1620.4833418499495,0,2.25,0.034485815920010265,500,150,58.362862993533746,7.105427357601002e-15,0,0,0,6.35731998954725e-06,333283.2021354289,4843142611315303.0,0.024796,0.0285441,0.0342471,0.04605935,0.0991257,0.0168324,0.02322125,0.0287617,0.04072865,0.0940095,0.0054544,0.00501945,0.005630400000000001,0.0059215,0.0077427,0,05_resultados\revisao_operacional\campanha_v1\j01010.mat,campanha_v1
j01011,montecarlo,perda_fonte,mpc_qp_estocastico_3cen,53,3,1.1186445240260476,{},350.00367926820275,350.00367926820275,1,14.583335930797357,14.583335930797354,150,150,150,150,43.151197451210464,43.151197451210464,60,80.03181210674956,3952.4718638449813,0,0.8333333333333334,0.08003181210674956,500,150,53.529172368689956,7.105427357601002e-15,0,0,0,0.0015958673918703425,666566.4042708572,9686285222630616.0,0.050569,0.06369025,0.07677895000000001,0.11757515,0.1780615,0.0358519,0.0517787,0.0643967,0.105226,0.1655141,0.011747,0.0115113,0.01250905,0.01316735,0.0150058,0,05_resultados\revisao_operacional\evento_adiantado_corrigido_v1\j01011.mat,evento_adiantado_corrigido_v1
j01012,montecarlo,perda_fonte,heuristico,54,4,1.012640076413639,{},592.6122638850534,592.6122638850534,1,14.754610453615202,14.754610453615202,150,150,150,150,57.93978528855198,56.5039066455025,60,24.16369944991276,850,0,0,0.02416369944991276,500,150,60,nan,0,nan,nan,nan,nan,nan,4.09e-05,7.9e-06,9.05e-06,1.08e-05,4.09e-05,nan,nan,nan,nan,nan,nan,nan,nan,nan,nan,0,05_resultados\revisao_operacional\campanha_v1\j01012.mat,campanha_v1
j01013,montecarlo,perda_fonte,heuristico_foresight,54,4,1.012640076413639,{},394.81446450292935,394.81446450292935,1,14.614971026762849,14.614971026762849,150,150,150,150,57.55243982672598,56.12904340930077,60,25.878603897532717,850.0000000000001,0,0,0.02587860389753272,500,150,59.7564932906434,nan,0,nan,nan,nan,nan,nan,5.36e-05,8.8e-06,9.7e-06,1.085e-05,5.36e-05,nan,nan,nan,nan,nan,nan,nan,nan,nan,nan,0,05_resultados\revisao_operacional\campanha_v1\j01013.mat,campanha_v1
j01014,montecarlo,perda_fonte,miope_qp,54,4,1.012640076413639,{},592.6116232891053,592.6116232891053,1,14.754610001373313,14.75461000137331,150,150,150,150,57.9147667951044,56.47501255161039,60,24.32134429297718,1150.0008251042025,0,0,0.02432134429297718,500,150,59.99996967342122,nan,0,nan,nan,nan,nan,nan,0.0012776,0.0005739499999999999,0.0006678999999999999,0.0008138500000000001,0.0012776,0.0011315,0.000511,0.00059495,0.00073035,0.0011315,nan,nan,nan,nan,nan,0,05_resultados\revisao_operacional\campanha_v1\j01014.mat,campanha_v1
j01015,montecarlo,perda_fonte,mpc_qp_v5,54,4,1.012640076413639,{},350.50738635517723,350.50738635517723,1,14.583691533198705,14.583691533198701,150,150,150,150,56.98065463479364,55.85722683694116,60,25.59095040796393,1559.7644784062347,0,2.166666666666667,0.02559095040796393,500,150,59.573077815547194,0.012019607667880905,831,0,7.3022712224089e-12,0.0018615562477179992,333283.200808402,4015243775612013.0,0.0231234,0.0255589,0.0314501,0.040722350000000004,0.0456454,0.0153878,0.020709449999999997,0.02595025,0.0352508,0.0400364,0.0052307,0.0047637,0.00546815,0.0057662500000000005,0.0074215,0,05_resultados\revisao_operacional\campanha_v1\j01015.mat,campanha_v1
j01016,montecarlo,perda_fonte,mpc_qp_estocastico_3cen,54,4,1.012640076413639,{},350.00145786746344,350.00145786746344,1,14.583334362566132,14.583334362566132,150,150,150,150,48.871331937220326,48.871331937220326,60,52.86117329820378,1629.239267417229,0,0.08333333333333334,0.05286117329820378,500,150,56.07938132712954,0.1233887509957512,57,0,0,0.00032046099784110993,666566.4042708572,8858386386927326.0,0.0477859,0.051510600000000004,0.0763834,0.10538455,0.1404107,0.0327185,0.0396169,0.06367705,0.0934873,0.1278243,0.0122688,0.01150735,0.01233855,0.012791150000000001,0.0141909,0,05_resultados\revisao_operacional\evento_adiantado_corrigido_v1\j01016.mat,evento_adiantado_corrigido_v1
j01017,montecarlo,perda_fonte,heuristico,55,-5,0.8237872084371128,{},592.6122638850534,592.6122638850534,1,14.754610453615202,14.754610453615202,150,150,150,150,57.93978528855198,56.5039066455025,60,24.16369944991276,850,0,0,0.02416369944991276,500,150,60,nan,0,nan,nan,nan,nan,nan,4.34e-05,8e-06,9.2e-06,1.25e-05,4.34e-05,nan,nan,nan,nan,nan,nan,nan,nan,nan,nan,0,05_resultados\revisao_operacional\campanha_v1\j01017.mat,campanha_v1
j01018,montecarlo,perda_fonte,heuristico_foresight,55,-5,0.8237872084371128,{},351.02328610238675,351.02328610238675,1,14.584055743214991,14.584055743214991,150,150,150,150,57.42468397877276,55.993370894680886,60,26.564715008643827,850.0000000000001,0,0,0.026564715008643828,500,150,59.55715381817394,nan,0,nan,nan,nan,nan,nan,4.7e-05,8.9e-06,9.7e-06,1.22e-05,4.7e-05,nan,nan,nan,nan,nan,nan,nan,nan,nan,nan,0,05_resultados\revisao_operacional\campanha_v1\j01018.mat,campanha_v1
j01019,montecarlo,perda_fonte,miope_qp,55,-5,0.8237872084371128,{},592.6116232891053,592.6116232891053,1,14.754610001373313,14.75461000137331,150,150,150,150,57.9147667951044,56.47501255161039,60,24.32134429297718,1150.0008251042025,0,0,0.02432134429297718,500,150,59.99996967342122,nan,0,nan,nan,nan,nan,nan,0.0012392,0.000572,0.0006674999999999999,0.00081955,0.0012392,0.0010935,0.0005092499999999999,0.0005938499999999999,0.00073405,0.0010935,nan,nan,nan,nan,nan,0,05_resultados\revisao_operacional\campanha_v1\j01019.mat,campanha_v1
j01020,montecarlo,perda_fonte,mpc_qp_v5,55,-5,0.8237872084371128,{},350.0238259199083,350.0238259199083,1,14.588045806028484,14.58335015374409,150,150,150,150,57.01637021886512,55.62101609761691,60.05717216146155,28.71661647541859,1818.7635476797582,0,1.1666666666666667,0.02871661647541859,500,150,59.261975410902615,0.11695711100331607,852,0,0,0.0017199844249944363,333283.200808402,4015243775612013.0,0.0210683,0.021682550000000002,0.03159645,0.0393777,0.096893,0.0142203,0.017006550000000002,0.0267233,0.03426145,0.0921218,0.004515,0.00444325,0.00508455,0.0053292,0.0055755,0,05_resultados\revisao_operacional\campanha_v1\j01020.mat,campanha_v1
j01021,montecarlo,perda_fonte,mpc_qp_estocastico_3cen,55,-5,0.8237872084371128,{},350.0000015001805,350.0000015001805,1,14.587876854971658,14.583333334420917,150,150,150,150,56.626429237006164,55.23115557572633,60.03895356255335,30.385604773391712,855.4713733828158,0,0,0.030385604773391712,500,150,58.87213212805628,0.11701932524795211,852,0,0,2.2737367544323206e-13,666566.4016168036,8030487551224027.0,0.0403032,0.045792349999999996,0.0634192,0.09757185,0.1141843,0.0262937,0.034145499999999995,0.05009,0.0853275,0.1021481,0.0113381,0.0113709,0.01223375,0.01328645,0.0248312,0,05_resultados\revisao_operacional\evento_adiantado_corrigido_v1\j01021.mat,evento_adiantado_corrigido_v1
j01022,montecarlo,perda_fonte,heuristico,56,-6,1.1796140408767144,{},592.6122638850534,592.6122638850534,1,14.754610453615202,14.754610453615202,150,150,150,150,57.93978528855198,56.5039066455025,60,24.16369944991276,850,0,0,0.02416369944991276,500,150,60,nan,0,nan,nan,nan,nan,nan,4.31e-05,8e-06,9.1e-06,1.16e-05,4.31e-05,nan,nan,nan,nan,nan,nan,nan,nan,nan,nan,0,05_resultados\revisao_operacional\campanha_v1\j01022.mat,campanha_v1
j01023,montecarlo,perda_fonte,heuristico_foresight,56,-6,1.1796140408767144,{},355.7747280658972,355.7747280658972,1,14.587410121446597,14.587410121446595,150,150,150,150,51.16827469625088,51.16827469625088,60,41.95069519279822,715.2894693424641,0,0,0.04195069519279822,500,150,57.42921810418859,nan,0,nan,nan,nan,nan,nan,4.02e-05,8.5e-06,9.5e-06,1.2899999999999998e-05,4.07e-05,nan,nan,nan,nan,nan,nan,nan,nan,nan,nan,0,05_resultados\revisao_operacional\campanha_v1\j01023.mat,campanha_v1
j01024,montecarlo,perda_fonte,miope_qp,56,-6,1.1796140408767144,{},592.6116232891053,592.6116232891053,1,14.754610001373313,14.75461000137331,150,150,150,150,57.9147667951044,56.47501255161039,60,24.32134429297718,1150.0008251042025,0,0,0.02432134429297718,500,150,59.99996967342122,nan,0,nan,nan,nan,nan,nan,0.0012518,0.0005738,0.0006644,0.0008147,0.0012518,0.0011148,0.0005108,0.0005916000000000001,0.00072195,0.0011148,nan,nan,nan,nan,nan,0,05_resultados\revisao_operacional\campanha_v1\j01024.mat,campanha_v1
j01025,montecarlo,perda_fonte,mpc_qp_v5,56,-6,1.1796140408767144,{},350.00486880848996,350.00486880848996,1,14.58333677057769,14.583336770577686,150,150,150,150,49.8207928910208,49.8207928910208,60,48.351233767650555,1344.9845306798109,0,2.5,0.048351233767650555,500,150,56.78271790413806,7.105427357601002e-15,0,0,0,0.001081137197161297,333283.2021354289,4843142611315303.0,0.0239541,0.0291634,0.034481849999999994,0.0445206,0.0532771,0.0168717,0.024260999999999998,0.029532700000000002,0.039387000000000005,0.0484122,0.004737,0.0046319,0.005124999999999999,0.00536505,0.0069491,0,05_resultados\revisao_operacional\campanha_v1\j01025.mat,campanha_v1
j01026,montecarlo,perda_fonte,mpc_qp_estocastico_3cen,56,-6,1.1796140408767144,{},350.00000032758885,350.00000032758885,1,14.583333333577961,14.583333333577961,150,150,150,150,39.8715299371757,39.8715299371757,60,95.6102327984166,1916.5749372047849,0,0.4166666666666667,0.0956102327984166,500,150,51.916408404839316,7.105427357601002e-15,0,0,0,0.023547235664864274,666566.4042708572,9686285222630616.0,0.0532314,0.05601865,0.07607235,0.1234128,0.159152,0.0385595,0.0440968,0.06403710000000001,0.11155200000000001,0.1464332,0.0116015,0.0115803,0.012509349999999999,0.01347865,0.0161599,0,05_resultados\revisao_operacional\evento_adiantado_corrigido_v1\j01026.mat,evento_adiantado_corrigido_v1
j01027,montecarlo,perda_fonte,heuristico,57,9,1.0648176642541625,{},592.6122638850534,592.6122638850534,1,14.754610453615202,14.754610453615202,150,150,150,150,57.93978528855198,56.5039066455025,60,24.16369944991276,850,0,0,0.02416369944991276,500,150,60,nan,0,nan,nan,nan,nan,nan,4.46e-05,8.1e-06,9.2e-06,1.0500000000000001e-05,4.46e-05,nan,nan,nan,nan,nan,nan,nan,nan,nan,nan,0,05_resultados\revisao_operacional\campanha_v1\j01027.mat,campanha_v1
j01028,montecarlo,perda_fonte,heuristico_foresight,57,9,1.0648176642541625,{},435.2496593255132,435.2496593255132,1,14.643517084642799,14.643517084642799,150,150,150,150,57.51585356941604,56.10565159643527,60,25.92027056419938,850,0,0,0.02592027056419938,500,150,59.8440508457096,nan,0,nan,nan,nan,nan,nan,4.83e-05,9e-06,1.025e-05,1.7749999999999998e-05,4.83e-05,nan,nan,nan,nan,nan,nan,nan,nan,nan,nan,0,05_resultados\revisao_operacional\campanha_v1\j01028.mat,campanha_v1
j01029,montecarlo,perda_fonte,miope_qp,57,9,1.0648176642541625,{},592.6116232891053,592.6116232891053,1,14.754610001373313,14.75461000137331,150,150,150,150,57.9147667951044,56.47501255161039,60,24.32134429297718,1150.0008251042025,0,0,0.02432134429297718,500,150,59.99996967342122,nan,0,nan,nan,nan,nan,nan,0.001288,0.00059515,0.0006786,0.0008195,0.001288,0.0011402,0.0005295499999999999,0.00060635,0.00073935,0.0011402,nan,nan,nan,nan,nan,0,05_resultados\revisao_operacional\campanha_v1\j01029.mat,campanha_v1
j01030,montecarlo,perda_fonte,mpc_qp_v5,57,9,1.0648176642541625,{},358.11021533290295,358.11021533290295,1,14.589058906752308,14.589058906752307,150,150,150,150,55.84660927530632,55.800816509612524,60,20.18713613562256,1487.0067967702348,0,2.25,0.02018713613562256,500,150,59.66248629127383,0.0004181784120191878,817,0,5.406712681857659e-10,0.00032640716267451353,333283.200808402,4015243775612013.0,0.0229045,0.02588895,0.03247645,0.040112,0.045497,0.0153156,0.0210257,0.02704005,0.034948900000000005,0.0401964,0.0054626,0.004724,0.0054214,0.00575205,0.0074327,0,05_resultados\revisao_operacional\campanha_v1\j01030.mat,campanha_v1
j01031,montecarlo,perda_fonte,mpc_qp_estocastico_3cen,57,9,1.0648176642541625,{},350.00892829855417,350.00892829855417,1,14.583339636477254,14.583339636477254,150,150,150,150,46.17930476988429,46.17930476988429,60,65.64847486681951,2375.962626459012,0,0.4166666666666667,0.06564847486681952,500,150,54.94159478108297,0.132170691607584,295,0,0,0.0013444018829886772,666566.4042708572,8858386386927326.0,0.0474372,0.05161395,0.07820095,0.10904295,0.1496774,0.0326828,0.0396462,0.06624935000000001,0.0967838,0.1373968,0.0117463,0.0115482,0.01263325,0.01377285,0.0150464,0,05_resultados\revisao_operacional\evento_adiantado_corrigido_v1\j01031.mat,evento_adiantado_corrigido_v1
j01032,montecarlo,perda_fonte,heuristico,58,-12,1.154326715057987,{},592.6122638850534,592.6122638850534,1,14.754610453615202,14.754610453615202,150,150,150,150,57.93978528855198,56.5039066455025,60,24.16369944991276,850,0,0,0.02416369944991276,500,150,60,nan,0,nan,nan,nan,nan,nan,3.99e-05,7.9e-06,9.4e-06,1.8e-05,3.99e-05,nan,nan,nan,nan,nan,nan,nan,nan,nan,nan,0,05_resultados\revisao_operacional\campanha_v1\j01032.mat,campanha_v1
j01033,montecarlo,perda_fonte,heuristico_foresight,58,-12,1.154326715057987,{},350.30480107330106,350.30480107330106,1,14.583548513923379,14.583548513923375,150,150,150,150,52.20606683906763,52.20606683906763,60,37.02118251442972,734.2549637065098,0,0,0.03702118251442972,500,150,57.8595315969569,nan,0,nan,nan,nan,nan,nan,4.53e-05,8.4e-06,9.45e-06,1.145e-05,4.53e-05,nan,nan,nan,nan,nan,nan,nan,nan,nan,nan,0,05_resultados\revisao_operacional\campanha_v1\j01033.mat,campanha_v1
j01034,montecarlo,perda_fonte,miope_qp,58,-12,1.154326715057987,{},592.6116232891053,592.6116232891053,1,14.754610001373313,14.75461000137331,150,150,150,150,57.9147667951044,56.47501255161039,60,24.32134429297718,1150.0008251042025,0,0,0.02432134429297718,500,150,59.99996967342122,nan,0,nan,nan,nan,nan,nan,0.0012366,0.0005734,0.0006791,0.00083855,0.0012366,0.0010985,0.00051015,0.00059925,0.0007528999999999999,0.0010985,nan,nan,nan,nan,nan,0,05_resultados\revisao_operacional\campanha_v1\j01034.mat,campanha_v1
j01035,montecarlo,perda_fonte,mpc_qp_v5,58,-12,1.154326715057987,{},350.00086090111495,350.00086090111495,1,14.583333941110789,14.583333941110787,150,150,150,150,50.89318377259943,50.89318377259943,60,43.2573770801522,1732.8992171463406,0,2.3333333333333335,0.043257377080152204,500,150,57.28245426258872,7.105427357601002e-15,0,0,0,0.00684509747827633,333283.2021354289,4843142611315303.0,0.0257611,0.02961295,0.036030599999999996,0.044835150000000004,0.0918459,0.01841,0.02445215,0.03010665,0.0389453,0.0865867,0.0050466,0.00481405,0.00545415,0.00592815,0.0068653,0,05_resultados\revisao_operacional\campanha_v1\j01035.mat,campanha_v1
j01036,montecarlo,perda_fonte,mpc_qp_estocastico_3cen,58,-12,1.154326715057987,{},350.0000001379731,350.0000001379731,1,14.583333333453616,14.583333333453616,150,150,150,150,41.0873638358539,41.0873638358539,60,89.83502177969326,1854.6152749502342,0,0.25,0.08983502177969327,500,150,52.430108610073155,7.105427357601002e-15,0,0,0,5.4569682106375694e-12,666566.4042708572,9686285222630616.0,0.0512212,0.0572103,0.0723831,0.11216945,0.1392123,0.036318,0.045395950000000004,0.0606644,0.09934175,0.1273327,0.0119049,0.011481149999999999,0.0124087,0.013084100000000001,0.0154255,0,05_resultados\revisao_operacional\evento_adiantado_corrigido_v1\j01036.mat,evento_adiantado_corrigido_v1
j01037,montecarlo,perda_fonte,heuristico,59,-8,1.105745779528417,{},592.6122638850534,592.6122638850534,1,14.754610453615202,14.754610453615202,150,150,150,150,57.93978528855198,56.5039066455025,60,24.16369944991276,850,0,0,0.02416369944991276,500,150,60,nan,0,nan,nan,nan,nan,nan,4.25e-05,8e-06,1.03e-05,1.325e-05,4.25e-05,nan,nan,nan,nan,nan,nan,nan,nan,nan,nan,0,05_resultados\revisao_operacional\campanha_v1\j01037.mat,campanha_v1
j01038,montecarlo,perda_fonte,heuristico_foresight,59,-8,1.105745779528417,{},352.49769405620896,352.49769405620896,1,14.58509663185107,14.58509663185107,150,150,150,150,54.499073847901236,54.499073847901236,60,26.129399222469885,770.6906653536873,0,0,0.026129399222469884,500,150,58.98358868111187,nan,0,nan,nan,nan,nan,nan,4.22e-05,8.5e-06,9.6e-06,1.42e-05,4.22e-05,nan,nan,nan,nan,nan,nan,nan,nan,nan,nan,0,05_resultados\revisao_operacional\campanha_v1\j01038.mat,campanha_v1
j01039,montecarlo,perda_fonte,miope_qp,59,-8,1.105745779528417,{},592.6116232891053,592.6116232891053,1,14.754610001373313,14.75461000137331,150,150,150,150,57.9147667951044,56.47501255161039,60,24.32134429297718,1150.0008251042025,0,0,0.02432134429297718,500,150,59.99996967342122,nan,0,nan,nan,nan,nan,nan,0.0012793,0.0005741,0.00067935,0.00082485,0.0012793,0.001123,0.0005112,0.00060235,0.00074445,0.001123,nan,nan,nan,nan,nan,0,05_resultados\revisao_operacional\campanha_v1\j01039.mat,campanha_v1
j01040,montecarlo,perda_fonte,mpc_qp_v5,59,-8,1.105745779528417,{},350.0106345190131,350.0106345190131,1,14.583340840998238,14.583340840998236,150,150,150,150,53.15365433351337,53.15365433351337,60,32.5201419158113,2094.0767343229636,0,1.9166666666666665,0.032520141915811304,500,150,58.43780288393641,7.105427357601002e-15,0,0,0,0.0006611758276449109,333283.2021354289,4843142611315303.0,0.0252684,0.02794135,0.03413,0.04538285,0.0955486,0.0178333,0.0229737,0.02893005,0.04033925,0.0905005,0.0050949,0.0046786499999999995,0.00520525,0.00550065,0.005759,0,05_resultados\revisao_operacional\campanha_v1\j01040.mat,campanha_v1
j01041,montecarlo,perda_fonte,mpc_qp_estocastico_3cen,59,-8,1.105745779528417,{},350.00000036756467,350.00000036756467,1,14.583333333605438,14.583333333605436,150,150,150,150,43.550111046447945,43.550111046447945,60,78.13697252937237,1958.9989152036926,0,0.16666666666666669,0.07813697252937238,500,150,53.54986375747529,7.105427357601002e-15,0,0,0,4.547473508864641e-12,666566.4042708572,9686285222630616.0,0.048318,0.06550515000000001,0.08094865,0.10799020000000001,0.1495475,0.0338558,0.053348099999999996,0.0681095,0.0958293,0.1380649,0.0118385,0.011711,0.0136988,0.014931199999999999,0.0177573,0,05_resultados\revisao_operacional\evento_adiantado_corrigido_v1\j01041.mat,evento_adiantado_corrigido_v1
j01042,montecarlo,perda_fonte,heuristico,60,-1,0.9870807400128295,{},592.6122638850534,592.6122638850534,1,14.754610453615202,14.754610453615202,150,150,150,150,57.93978528855198,56.5039066455025,60,24.16369944991276,850,0,0,0.02416369944991276,500,150,60,nan,0,nan,nan,nan,nan,nan,3.97e-05,8e-06,9.1e-06,1.065e-05,3.97e-05,nan,nan,nan,nan,nan,nan,nan,nan,nan,nan,0,05_resultados\revisao_operacional\campanha_v1\j01042.mat,campanha_v1
j01043,montecarlo,perda_fonte,heuristico_foresight,60,-1,0.9870807400128295,{},357.5611184157917,357.5611184157917,1,14.588671260475307,14.588671260475307,150,150,150,150,57.51825123023475,56.08693814614288,60,26.12027056419938,850.0000000000001,0,0,0.02612027056419938,500,150,59.64974938179165,nan,0,nan,nan,nan,nan,nan,4.74e-05,9e-06,1.0549999999999999e-05,1.81e-05,4.74e-05,nan,nan,nan,nan,nan,nan,nan,nan,nan,nan,0,05_resultados\revisao_operacional\campanha_v1\j01043.mat,campanha_v1
j01044,montecarlo,perda_fonte,miope_qp,60,-1,0.9870807400128295,{},592.6116232891053,592.6116232891053,1,14.754610001373313,14.75461000137331,150,150,150,150,57.9147667951044,56.47501255161039,60,24.32134429297718,1150.0008251042025,0,0,0.02432134429297718,500,150,59.99996967342122,nan,0,nan,nan,nan,nan,nan,0.0012741,0.0005925,0.0006696499999999999,0.0008389000000000001,0.0012741,0.0011242,0.0005272499999999999,0.0005959,0.00075715,0.0011242,nan,nan,nan,nan,nan,0,05_resultados\revisao_operacional\campanha_v1\j01044.mat,campanha_v1
j01045,montecarlo,perda_fonte,mpc_qp_v5,60,-1,0.9870807400128295,{},350.0819996813175,350.0819996813175,1,14.585292204984853,14.583391222718083,150,150,150,150,57.10204487990485,55.707403947713836,60.00303265857298,27.760413170075374,1596.767356449043,0,1.7500000000000002,0.027760413170075375,500,150,59.34839562382105,0.11714177159604588,892,0,0,0.0038501740860965583,333283.200808402,4015243775612013.0,0.0226091,0.022885700000000002,0.03144165,0.0399264,0.0718098,0.0151163,0.01794095,0.0258032,0.03440735,0.0655823,0.0053634,0.004814199999999999,0.00547845,0.0057074,0.0080075,0,05_resultados\revisao_operacional\campanha_v1\j01045.mat,campanha_v1
j01046,montecarlo,perda_fonte,mpc_qp_estocastico_3cen,60,-1,0.9870807400128295,{},350.0004226311686,350.0004226311686,1,14.583333631708154,14.583333631708152,150,150,150,150,50.218278414044235,50.218278414044235,60,46.46317753328982,2120.535158240753,0,0.16666666666666669,0.04646317753328982,500,150,56.64691670720137,0.1223608621214396,57,0,0,0.013070675065137038,666566.4042708572,8858386386927326.0,0.0478018,0.0524851,0.07187869999999999,0.1085502,0.1505951,0.0321795,0.0405166,0.056678599999999996,0.09623999999999999,0.1380092,0.0126941,0.0116171,0.01346115,0.014930249999999999,0.0174808,0,05_resultados\revisao_operacional\evento_adiantado_corrigido_v1\j01046.mat,evento_adiantado_corrigido_v1
j01047,montecarlo,perda_fonte,heuristico,61,10,1.13334693038439,{},592.6122638850534,592.6122638850534,1,14.754610453615202,14.754610453615202,150,150,150,150,57.93978528855198,56.5039066455025,60,24.16369944991276,850,0,0,0.02416369944991276,500,150,60,nan,0,nan,nan,nan,nan,nan,4.46e-05,8e-06,9.1e-06,1.065e-05,4.46e-05,nan,nan,nan,nan,nan,nan,nan,nan,nan,nan,0,05_resultados\revisao_operacional\campanha_v1\j01047.mat,campanha_v1
j01048,montecarlo,perda_fonte,heuristico_foresight,61,10,1.13334693038439,{},562.279545628161,562.279545628161,1,14.733196446960436,14.733196446960436,150,150,150,150,53.24072950446661,53.24072950446661,60,32.10653485379298,749.9898022117076,0,0,0.03210653485379298,500,150,58.5422217268905,nan,0,nan,nan,nan,nan,nan,4.13e-05,8.4e-06,9.2e-06,1.0350000000000001e-05,4.13e-05,nan,nan,nan,nan,nan,nan,nan,nan,nan,nan,0,05_resultados\revisao_operacional\campanha_v1\j01048.mat,campanha_v1
j01049,montecarlo,perda_fonte,miope_qp,61,10,1.13334693038439,{},592.6116232891053,592.6116232891053,1,14.754610001373313,14.75461000137331,150,150,150,150,57.9147667951044,56.47501255161039,60,24.32134429297718,1150.0008251042025,0,0,0.02432134429297718,500,150,59.99996967342122,nan,0,nan,nan,nan,nan,nan,0.00123,0.0005907,0.0008877500000000001,0.0017779,0.0022186,0.0010876,0.0005262,0.00080305,0.0015478,0.0019289,nan,nan,nan,nan,nan,0,05_resultados\revisao_operacional\campanha_v1\j01049.mat,campanha_v1
j01050,montecarlo,perda_fonte,mpc_qp_v5,61,10,1.13334693038439,{},384.0480074141809,384.0480074141809,1,14.607370224829351,14.60737022482935,150,150,150,150,52.082834331694436,52.082834331694436,60,37.60653692445099,1593.6871850482898,0,2.4166666666666665,0.03760653692445099,500,150,58.175835642166575,7.105427357601002e-15,0,0,0,0.0016738936542992633,333283.2021354289,4843142611315303.0,0.0245407,0.0298818,0.0350071,0.04500045,0.0525096,0.0169563,0.0245173,0.029542350000000002,0.03970695,0.0472275,0.0050445,0.0050970500000000005,0.00585785,0.0063139500000000005,0.0131993,0,05_resultados\revisao_operacional\campanha_v1\j01050.mat,campanha_v1
j01051,montecarlo,perda_fonte,mpc_qp_estocastico_3cen,61,10,1.13334693038439,{},350.0143515298683,350.0143515298683,1,14.583343465118835,14.583343465118835,150,150,150,150,42.36706435786366,42.36706435786366,60,83.75644430014826,3076.7872180027807,0,0.75,0.08375644430014827,500,150,53.22340799986389,7.105427357601002e-15,0,0,0,0.0012286918254176271,666566.4042708572,9686285222630616.0,0.05129,0.0615,0.07852845,0.11826295,0.1688455,0.0364362,0.0495609,0.06711245,0.106301,0.1577515,0.0117623,0.011585149999999999,0.0132175,0.014637299999999999,0.0167316,0,05_resultados\revisao_operacional\evento_adiantado_corrigido_v1\j01051.mat,evento_adiantado_corrigido_v1
j01052,montecarlo,perda_fonte,heuristico,62,11,1.0913074772456774,{},592.6122638850534,592.6122638850534,1,14.754610453615202,14.754610453615202,150,150,150,150,57.93978528855198,56.5039066455025,60,24.16369944991276,850,0,0,0.02416369944991276,500,150,60,nan,0,nan,nan,nan,nan,nan,3.84e-05,7.9e-06,9.1e-06,1.77e-05,3.84e-05,nan,nan,nan,nan,nan,nan,nan,nan,nan,nan,0,05_resultados\revisao_operacional\campanha_v1\j01052.mat,campanha_v1
j01053,montecarlo,perda_fonte,heuristico_foresight,62,11,1.0913074772456774,{},581.4032085627973,581.4032085627973,1,14.746697190345106,14.746697190345106,150,150,150,150,55.13500909334164,55.13500909334164,60,23.10870680662689,781.519392065742,0,0,0.02310870680662689,500,150,59.46129729711361,nan,0,nan,nan,nan,nan,nan,4.34e-05,8.3e-06,9.4e-06,1.115e-05,4.34e-05,nan,nan,nan,nan,nan,nan,nan,nan,nan,nan,0,05_resultados\revisao_operacional\campanha_v1\j01053.mat,campanha_v1
j01054,montecarlo,perda_fonte,miope_qp,62,11,1.0913074772456774,{},592.6116232891053,592.6116232891053,1,14.754610001373313,14.75461000137331,150,150,150,150,57.9147667951044,56.47501255161039,60,24.32134429297718,1150.0008251042025,0,0,0.02432134429297718,500,150,59.99996967342122,nan,0,nan,nan,nan,nan,nan,0.0012359,0.0005639,0.00064645,0.0008119,0.0012359,0.0011017,0.0005019499999999999,0.00057695,0.00072495,0.0011017,nan,nan,nan,nan,nan,0,05_resultados\revisao_operacional\campanha_v1\j01054.mat,campanha_v1
j01055,montecarlo,perda_fonte,mpc_qp_v5,62,11,1.0913074772456774,{},508.41821773586884,508.41821773586884,1,14.695171934161484,14.695171934161483,150,150,150,150,54.03559057511084,54.03559057511084,60,28.33094476822333,1550.4816404183653,0,2.083333333333333,0.02833094476822333,500,150,59.19210571445472,7.105427357601002e-15,0,0,5.862281229349698e-10,0.0002054045977502028,333283.2021354289,4843142611315303.0,0.0236759,0.02825385,0.034363050000000006,0.046038,0.1033337,0.0167055,0.023220499999999998,0.0289849,0.0405921,0.0981686,0.0050425,0.0047254,0.0053166,0.00579245,0.0098631,0,05_resultados\revisao_operacional\campanha_v1\j01055.mat,campanha_v1
j01056,montecarlo,perda_fonte,mpc_qp_estocastico_3cen,62,11,1.0913074772456774,{},350.00312847438863,350.00312847438863,1,14.583335541961969,14.583335541961965,150,150,150,150,44.419114177450176,44.419114177450176,60,74.00920765711189,2004.7983812023876,0,0.4166666666666667,0.07400920765711189,500,150,54.14814748229682,7.105427357601002e-15,0,0,0,0.014406998056074372,666566.4042708572,9686285222630616.0,0.0474716,0.059035550000000006,0.079682,0.11442440000000001,0.1480457,0.0335009,0.0469469,0.0668185,0.10133465,0.1355748,0.0109362,0.0115464,0.0134534,0.01454965,0.036992,0,05_resultados\revisao_operacional\evento_adiantado_corrigido_v1\j01056.mat,evento_adiantado_corrigido_v1
j01057,montecarlo,perda_fonte,heuristico,63,-3,1.1443276246752738,{},592.6122638850534,592.6122638850534,1,14.754610453615202,14.754610453615202,150,150,150,150,57.93978528855198,56.5039066455025,60,24.16369944991276,850,0,0,0.02416369944991276,500,150,60,nan,0,nan,nan,nan,nan,nan,4.26e-05,8e-06,9.1e-06,9.950000000000001e-06,4.26e-05,nan,nan,nan,nan,nan,nan,nan,nan,nan,nan,0,05_resultados\revisao_operacional\campanha_v1\j01057.mat,campanha_v1
j01058,montecarlo,perda_fonte,heuristico_foresight,63,-3,1.1443276246752738,{},378.05289972610916,378.05289972610916,1,14.603137855181087,14.603137855181087,150,150,150,150,52.84004467091506,52.84004467091506,60,34.00978781315046,741.7542814935447,0,0,0.03400978781315046,500,150,58.24885526170504,nan,0,nan,nan,nan,nan,nan,4.03e-05,8.5e-06,1.06e-05,2.06e-05,4.03e-05,nan,nan,nan,nan,nan,nan,nan,nan,nan,nan,0,05_resultados\revisao_operacional\campanha_v1\j01058.mat,campanha_v1
j01059,montecarlo,perda_fonte,miope_qp,63,-3,1.1443276246752738,{},592.6116232891053,592.6116232891053,1,14.754610001373313,14.75461000137331,150,150,150,150,57.9147667951044,56.47501255161039,60,24.32134429297718,1150.0008251042025,0,0,0.02432134429297718,500,150,59.99996967342122,nan,0,nan,nan,nan,nan,nan,0.0012741,0.0005683,0.00066305,0.000882,0.0012741,0.0011268,0.00050535,0.0005915499999999999,0.0007753,0.0011268,nan,nan,nan,nan,nan,0,05_resultados\revisao_operacional\campanha_v1\j01059.mat,campanha_v1
j01060,montecarlo,perda_fonte,mpc_qp_v5,63,-3,1.1443276246752738,{},350.03366749931354,350.03366749931354,1,14.583357101612565,14.583357101612563,150,150,150,150,51.49089915872613,51.49089915872613,60,40.418228996051006,1626.0031051576343,0,2.3333333333333335,0.040418228996051006,500,150,57.65414824429062,7.105427357601002e-15,0,0,0,3.619442281888041e-06,333283.2021354289,4843142611315303.0,0.0240754,0.02981665,0.0365077,0.0438329,0.0492675,0.0168258,0.024465399999999998,0.03104715,0.03804525,0.0436875,0.005302,0.0050889,0.005826,0.00639685,0.0080267,0,05_resultados\revisao_operacional\campanha_v1\j01060.mat,campanha_v1
j01061,montecarlo,perda_fonte,mpc_qp_estocastico_3cen,63,-3,1.1443276246752738,{},350.00000704671385,350.00000704671385,1,14.583333338319628,14.583333338319628,150,150,150,150,41.66665023026774,41.66665023026774,60,87.0834114062282,1870.2716075478018,0,0.16666666666666669,0.08708341140622819,500,150,52.73235342173528,7.105427357601002e-15,0,0,0,1.2050804798491299e-11,666566.4042708572,9686285222630616.0,0.0510427,0.0627961,0.0769708,0.1080691,0.1455421,0.0357511,0.0508458,0.0632527,0.09580415,0.1329965,0.0119159,0.01160805,0.013234,0.01430265,0.0173837,0,05_resultados\revisao_operacional\evento_adiantado_corrigido_v1\j01061.mat,evento_adiantado_corrigido_v1
j01062,montecarlo,perda_fonte,heuristico,64,-7,0.9390645940370977,{},592.6122638850534,592.6122638850534,1,14.754610453615202,14.754610453615202,150,150,150,150,57.93978528855198,56.5039066455025,60,24.16369944991276,850,0,0,0.02416369944991276,500,150,60,nan,0,nan,nan,nan,nan,nan,4e-05,8e-06,9.6e-06,1.61e-05,4e-05,nan,nan,nan,nan,nan,nan,nan,nan,nan,nan,0,05_resultados\revisao_operacional\campanha_v1\j01062.mat,campanha_v1
j01063,montecarlo,perda_fonte,heuristico_foresight,64,-7,0.9390645940370977,{},350.3764459195046,350.3764459195046,1,14.583599093076895,14.583599093076895,150,150,150,150,57.37790035304177,55.94658726894989,60,26.786937230866048,850,0,0,0.02678693723086605,500,150,59.51046632931412,nan,0,nan,nan,nan,nan,nan,4.6e-05,8.9e-06,1.04e-05,1.785e-05,4.6e-05,nan,nan,nan,nan,nan,nan,nan,nan,nan,nan,0,05_resultados\revisao_operacional\campanha_v1\j01063.mat,campanha_v1
j01064,montecarlo,perda_fonte,miope_qp,64,-7,0.9390645940370977,{},592.6116232891053,592.6116232891053,1,14.754610001373313,14.75461000137331,150,150,150,150,57.9147667951044,56.47501255161039,60,24.32134429297718,1150.0008251042025,0,0,0.02432134429297718,500,150,59.99996967342122,nan,0,nan,nan,nan,nan,nan,0.0012738,0.00057295,0.0006504,0.0007944,0.0012738,0.0011252,0.0005096,0.0005746,0.0007147,0.0011252,nan,nan,nan,nan,nan,0,05_resultados\revisao_operacional\campanha_v1\j01064.mat,campanha_v1
j01065,montecarlo,perda_fonte,mpc_qp_v5,64,-7,0.9390645940370977,{},350.00363644698655,350.00363644698655,1,14.585988673922785,14.583335900569665,150,150,150,150,57.05592712893682,55.66108241444731,60.01878810203319,28.139274734572577,1965.9856581230558,0,1.8333333333333333,0.02813927473457258,500,150,59.30207367422031,0.11708759789404155,853,0,0,0.0018216183251524853,333283.200808402,4015243775612013.0,0.0206133,0.0225208,0.03256,0.039178950000000004,0.0965689,0.013877,0.017568300000000002,0.02693455,0.03380595,0.0907022,0.0050008,0.004699699999999999,0.0055131,0.00579585,0.006832,0,05_resultados\revisao_operacional\campanha_v1\j01065.mat,campanha_v1
j01066,montecarlo,perda_fonte,mpc_qp_estocastico_3cen,64,-7,0.9390645940370977,{},350.0000063557259,350.0000063557259,1,14.583333337831851,14.583333337831851,150,150,150,150,52.57581763774801,52.57581763774801,60,35.264866220697385,1584.0158529618025,0,0.08333333333333334,0.03526486622069738,500,150,57.641326902263344,0.12328924786373108,57,0,0,0.0002738785265137267,666566.4042708572,8858386386927326.0,0.0488886,0.051961,0.06857685,0.1080957,0.1388204,0.0333319,0.0401057,0.05100865,0.0962343,0.1273945,0.0127231,0.0114807,0.012391300000000001,0.013348849999999999,0.0283732,0,05_resultados\revisao_operacional\evento_adiantado_corrigido_v1\j01066.mat,evento_adiantado_corrigido_v1
j01067,montecarlo,perda_fonte,heuristico,65,-4,1.1196079143847386,{},592.6122638850534,592.6122638850534,1,14.754610453615202,14.754610453615202,150,150,150,150,57.93978528855198,56.5039066455025,60,24.16369944991276,850,0,0,0.02416369944991276,500,150,60,nan,0,nan,nan,nan,nan,nan,3.86e-05,7.9e-06,9e-06,9.800000000000001e-06,4.08e-05,nan,nan,nan,nan,nan,nan,nan,nan,nan,nan,0,05_resultados\revisao_operacional\campanha_v1\j01067.mat,campanha_v1
j01068,montecarlo,perda_fonte,heuristico_foresight,65,-4,1.1196079143847386,{},367.93798520743087,367.93798520743087,1,14.595997023127037,14.595997023127037,150,150,150,150,53.95137447754183,53.95137447754183,60,28.730971231661087,760.2940642114461,0,0,0.028730971231661087,500,150,58.7670508850525,nan,0,nan,nan,nan,nan,nan,4.31e-05,8.5e-06,9.7e-06,1.45e-05,4.31e-05,nan,nan,nan,nan,nan,nan,nan,nan,nan,nan,0,05_resultados\revisao_operacional\campanha_v1\j01068.mat,campanha_v1
j01069,montecarlo,perda_fonte,miope_qp,65,-4,1.1196079143847386,{},592.6116232891053,592.6116232891053,1,14.754610001373313,14.75461000137331,150,150,150,150,57.9147667951044,56.47501255161039,60,24.32134429297718,1150.0008251042025,0,0,0.02432134429297718,500,150,59.99996967342122,nan,0,nan,nan,nan,nan,nan,0.0012834,0.00057235,0.00067265,0.00083085,0.0012834,0.0011356,0.00050915,0.0005999,0.0007356,0.0011356,nan,nan,nan,nan,nan,0,05_resultados\revisao_operacional\campanha_v1\j01069.mat,campanha_v1
j01070,montecarlo,perda_fonte,mpc_qp_v5,65,-4,1.1196079143847386,{},350.03017776222185,350.03017776222185,1,14.583354637953018,14.583354637953017,150,150,150,150,52.57211117634248,52.57211117634248,60,35.282471912373246,1968.5675099041066,0,2.083333333333333,0.03528247191237325,500,150,58.17555808549244,7.105427357601002e-15,0,0,0,0.0003245132638767245,333283.2021354289,4843142611315303.0,0.0245939,0.02830605,0.0342921,0.04530045,0.0952565,0.0167336,0.02311975,0.0288895,0.03972325,0.0893873,0.0052132,0.00502445,0.005668899999999999,0.00592085,0.0063606,0,05_resultados\revisao_operacional\campanha_v1\j01070.mat,campanha_v1
j01071,montecarlo,perda_fonte,mpc_qp_estocastico_3cen,65,-4,1.1196079143847386,{},350.00003401410095,350.00003401410095,1,14.58333335737076,14.583333357370758,150,150,150,150,42.97072616867043,42.97072616867043,60,80.88905069881439,2821.4108616781973,0,0.5,0.08088905069881439,500,150,53.35296813540397,7.105427357601002e-15,0,0,0,0.003587155102991346,666566.4042708572,9686285222630616.0,0.051361,0.0627578,0.0766916,0.11192574999999999,0.1529331,0.0365555,0.0508811,0.06242835,0.10000055,0.140504,0.0122028,0.01153525,0.01244905,0.0137562,0.022979,0,05_resultados\revisao_operacional\evento_adiantado_corrigido_v1\j01071.mat,evento_adiantado_corrigido_v1
j01072,montecarlo,perda_fonte,heuristico,66,0,0.9314281831100192,{},592.6122638850534,592.6122638850534,1,14.754610453615202,14.754610453615202,150,150,150,150,57.93978528855198,56.5039066455025,60,24.16369944991276,850,0,0,0.02416369944991276,500,150,60,nan,0,nan,nan,nan,nan,nan,4.11e-05,8.1e-06,9.1e-06,1.135e-05,4.11e-05,nan,nan,nan,nan,nan,nan,nan,nan,nan,nan,0,05_resultados\revisao_operacional\campanha_v1\j01072.mat,campanha_v1
j01073,montecarlo,perda_fonte,heuristico_foresight,66,0,0.9314281831100192,{},362.4661767623983,362.4661767623983,1,14.59213408735375,14.59213408735375,150,150,150,150,57.54164304310025,56.110329959008375,60,26.00915945308827,850,0,0,0.02600915945308827,500,150,59.672412178472214,nan,0,nan,nan,nan,nan,nan,4.82e-05,8.9e-06,9.9e-06,1.21e-05,4.82e-05,nan,nan,nan,nan,nan,nan,nan,nan,nan,nan,0,05_resultados\revisao_operacional\campanha_v1\j01073.mat,campanha_v1
j01074,montecarlo,perda_fonte,miope_qp,66,0,0.9314281831100192,{},592.6116232891053,592.6116232891053,1,14.754610001373313,14.75461000137331,150,150,150,150,57.9147667951044,56.47501255161039,60,24.32134429297718,1150.0008251042025,0,0,0.02432134429297718,500,150,59.99996967342122,nan,0,nan,nan,nan,nan,nan,0.001251,0.00057245,0.0006493,0.0008213,0.001251,0.0011111,0.0005098,0.00057735,0.0007317000000000001,0.0011111,nan,nan,nan,nan,nan,0,05_resultados\revisao_operacional\campanha_v1\j01074.mat,campanha_v1
j01075,montecarlo,perda_fonte,mpc_qp_v5,66,0,0.9314281831100192,{},350.17699285685376,350.17699285685376,1,14.586161301048794,14.583458285094894,150,150,150,150,57.2214088939481,55.82654824814992,60.02185168214922,27.38407198490386,1858.9848783314178,0,1.9166666666666665,0.02738407198490386,500,150,59.467511855284165,0.11707852579688449,853,0,0,0.0060566301405060585,333283.200808402,4015243775612013.0,0.0201929,0.02258375,0.03243845,0.04061205,0.0469269,0.0136131,0.01755815,0.02653855,0.0348288,0.0415852,0.0048794,0.0048877,0.00557975,0.005953699999999999,0.0122291,0,05_resultados\revisao_operacional\campanha_v1\j01075.mat,campanha_v1
j01076,montecarlo,perda_fonte,mpc_qp_estocastico_3cen,66,0,0.9314281831100192,{},350.00018789617116,350.00018789617116,1,14.583333465994361,14.583333465994354,150,150,150,150,53.135715729324474,53.135715729324474,60,32.605350285709754,1561.7453181376313,0,0.08333333333333334,0.03260535028570975,500,150,57.98496906676121,0.12285173629197743,58,0,0,8.58335624798201e-11,666566.4042708572,8858386386927326.0,0.0503385,0.051918900000000004,0.061935000000000004,0.10545035,0.1455382,0.0332958,0.03997555,0.04959595,0.09326514999999999,0.1333381,0.0142005,0.01152635,0.01237535,0.01272485,0.0142005,0,05_resultados\revisao_operacional\evento_adiantado_corrigido_v1\j01076.mat,evento_adiantado_corrigido_v1
j01077,montecarlo,perda_fonte,heuristico,67,6,1.0089479059661963,{},592.6122638850534,592.6122638850534,1,14.754610453615202,14.754610453615202,150,150,150,150,57.93978528855198,56.5039066455025,60,24.16369944991276,850,0,0,0.02416369944991276,500,150,60,nan,0,nan,nan,nan,nan,nan,4.14e-05,8.1e-06,9.1e-06,1.145e-05,4.14e-05,nan,nan,nan,nan,nan,nan,nan,nan,nan,nan,0,05_resultados\revisao_operacional\campanha_v1\j01077.mat,campanha_v1
j01078,montecarlo,perda_fonte,heuristico_foresight,67,6,1.0089479059661963,{},410.9885873872711,410.9885873872711,1,14.626389481651952,14.626389481651952,150,150,150,150,57.540144505088584,56.12202586544115,60,25.88415945308827,850,0,0,0.02588415945308827,500,150,59.79385548727493,nan,0,nan,nan,nan,nan,nan,4.39e-05,8.9e-06,1e-05,1.55e-05,4.39e-05,nan,nan,nan,nan,nan,nan,nan,nan,nan,nan,0,05_resultados\revisao_operacional\campanha_v1\j01078.mat,campanha_v1
j01079,montecarlo,perda_fonte,miope_qp,67,6,1.0089479059661963,{},592.6116232891053,592.6116232891053,1,14.754610001373313,14.75461000137331,150,150,150,150,57.9147667951044,56.47501255161039,60,24.32134429297718,1150.0008251042025,0,0,0.02432134429297718,500,150,59.99996967342122,nan,0,nan,nan,nan,nan,nan,0.0012945,0.0005735,0.0006824,0.0008571,0.0012945,0.0011497,0.0005103,0.0005980499999999999,0.0007726,0.0011497,nan,nan,nan,nan,nan,0,05_resultados\revisao_operacional\campanha_v1\j01079.mat,campanha_v1
j01080,montecarlo,perda_fonte,mpc_qp_v5,67,6,1.0089479059661963,{},351.8545959108644,351.8545959108644,1,14.584642623508396,14.584642623508394,150,150,150,150,57.06259059149281,55.86693305784908,60,25.92500236281489,1558.1957538067895,0,2.25,0.025925002362814892,500,150,59.627956828150715,0.012678088381449015,776,0,7.827975908736628e-12,0.0005327622540676202,333283.200808402,4015243775612013.0,0.0228847,0.025746949999999998,0.0316201,0.0400811,0.0445955,0.0152574,0.02086655,0.026493549999999998,0.034854300000000005,0.0389383,0.0052803,0.00464105,0.00522085,0.00547975,0.0056939,0,05_resultados\revisao_operacional\campanha_v1\j01080.mat,campanha_v1
j01081,montecarlo,perda_fonte,mpc_qp_estocastico_3cen,67,6,1.0089479059661963,{},350.00535958927156,350.00535958927156,1,14.583337117063556,14.583337117063554,150,150,150,150,49.09296281092667,49.09296281092667,60,51.80842664809885,2000.7805088765958,0,0.16666666666666669,0.05180842664809885,500,150,56.23023712314762,0.12265514483747353,57,0,0,3.865352482534945e-12,666566.4042708572,8858386386927326.0,0.0457374,0.051483799999999996,0.07742555000000001,0.10932095,0.1502449,0.0324459,0.039493650000000005,0.0655076,0.09734655,0.1382421,0.0107609,0.0115624,0.0124371,0.013588900000000001,0.0167757,0,05_resultados\revisao_operacional\evento_adiantado_corrigido_v1\j01081.mat,evento_adiantado_corrigido_v1
j01082,montecarlo,perda_fonte,heuristico,68,5,1.1511543474433403,{},592.6122638850534,592.6122638850534,1,14.754610453615202,14.754610453615202,150,150,150,150,57.93978528855198,56.5039066455025,60,24.16369944991276,850,0,0,0.02416369944991276,500,150,60,nan,0,nan,nan,nan,nan,nan,5.1e-05,8e-06,1.04e-05,1.67e-05,5.1e-05,nan,nan,nan,nan,nan,nan,nan,nan,nan,nan,0,05_resultados\revisao_operacional\campanha_v1\j01082.mat,campanha_v1
j01083,montecarlo,perda_fonte,heuristico_foresight,68,5,1.1511543474433403,{},554.1789873157537,554.1789873157537,1,14.7274776911226,14.727477691122598,150,150,150,150,52.52731534360442,52.52731534360442,60,35.49525211786881,736.6342394174948,0,0,0.03549525211786881,500,150,58.15291214349145,nan,0,nan,nan,nan,nan,nan,4.29e-05,8.4e-06,9.3e-06,1.015e-05,4.29e-05,nan,nan,nan,nan,nan,nan,nan,nan,nan,nan,0,05_resultados\revisao_operacional\campanha_v1\j01083.mat,campanha_v1
j01084,montecarlo,perda_fonte,miope_qp,68,5,1.1511543474433403,{},592.6116232891053,592.6116232891053,1,14.754610001373313,14.75461000137331,150,150,150,150,57.9147667951044,56.47501255161039,60,24.32134429297718,1150.0008251042025,0,0,0.02432134429297718,500,150,59.99996967342122,nan,0,nan,nan,nan,nan,nan,0.0013145,0.0005648,0.0006449,0.000808,0.0013145,0.001175,0.0005028,0.00057025,0.00072535,0.001175,nan,nan,nan,nan,nan,0,05_resultados\revisao_operacional\campanha_v1\j01084.mat,campanha_v1
j01085,montecarlo,perda_fonte,mpc_qp_v5,68,5,1.1511543474433403,{},351.92334532067036,351.92334532067036,1,14.584691158558243,14.584691158558236,150,150,150,150,51.2627484492276,51.2627484492276,60,41.501944866169275,1365.3141551058948,0,2.4166666666666665,0.041501944866169274,500,150,57.65837069852241,7.105427357601002e-15,0,0,0,0.0005841833203703573,333283.2021354289,4843142611315303.0,0.0243335,0.0294775,0.034087450000000005,0.0430707,0.0477533,0.016842,0.02429325,0.028946600000000003,0.0376429,0.0429779,0.005567,0.0048677500000000005,0.00540355,0.0056032,0.0060347,0,05_resultados\revisao_operacional\campanha_v1\j01085.mat,campanha_v1
j01086,montecarlo,perda_fonte,mpc_qp_estocastico_3cen,68,5,1.1511543474433403,{},350.0011315193024,350.0011315193024,1,14.583334132166737,14.583334132166737,150,150,150,150,41.423429778104214,41.423429778104214,60,88.23870855400507,2603.808480977345,0,0.5,0.08823870855400508,500,150,52.71634350290229,7.105427357601002e-15,0,0,0,0.013207901892428708,666566.4042708572,9686285222630616.0,0.0516644,0.057765449999999996,0.07705255,0.1098751,0.1497965,0.0365087,0.045868500000000006,0.06540055,0.09741749999999999,0.1382649,0.0125389,0.0115269,0.012855,0.01382185,0.0169027,0,05_resultados\revisao_operacional\evento_adiantado_corrigido_v1\j01086.mat,evento_adiantado_corrigido_v1
j01087,montecarlo,perda_fonte,heuristico,69,-5,0.906038057537349,{},592.6122638850534,592.6122638850534,1,14.754610453615202,14.754610453615202,150,150,150,150,57.93978528855198,56.5039066455025,60,24.16369944991276,850,0,0,0.02416369944991276,500,150,60,nan,0,nan,nan,nan,nan,nan,4.27e-05,8e-06,9.2e-06,1.7950000000000003e-05,4.27e-05,nan,nan,nan,nan,nan,nan,nan,nan,nan,nan,0,05_resultados\revisao_operacional\campanha_v1\j01087.mat,campanha_v1
j01088,montecarlo,perda_fonte,heuristico_foresight,69,-5,0.906038057537349,{},351.02328610238675,351.02328610238675,1,14.584055743214991,14.584055743214991,150,150,150,150,57.42468397877276,55.993370894680886,60,26.564715008643827,850.0000000000001,0,0,0.026564715008643828,500,150,59.55715381817394,nan,0,nan,nan,nan,nan,nan,4.82e-05,8.9e-06,9.9e-06,1.21e-05,4.82e-05,nan,nan,nan,nan,nan,nan,nan,nan,nan,nan,0,05_resultados\revisao_operacional\campanha_v1\j01088.mat,campanha_v1
j01089,montecarlo,perda_fonte,miope_qp,69,-5,0.906038057537349,{},592.6116232891053,592.6116232891053,1,14.754610001373313,14.75461000137331,150,150,150,150,57.9147667951044,56.47501255161039,60,24.32134429297718,1150.0008251042025,0,0,0.02432134429297718,500,150,59.99996967342122,nan,0,nan,nan,nan,nan,nan,0.0012771,0.0005767,0.00068505,0.0008462000000000001,0.0012771,0.0011295,0.00051275,0.000607,0.0007681,0.0011295,nan,nan,nan,nan,nan,0,05_resultados\revisao_operacional\campanha_v1\j01089.mat,campanha_v1
j01090,montecarlo,perda_fonte,mpc_qp_v5,69,-5,0.906038057537349,{},350.0081321880397,350.0081321880397,1,14.586692548317695,14.58333907443188,150,150,150,150,57.08531300043423,55.69030010205408,60.0298829749492,28.11247061114373,1720.4349244375123,0,1.7500000000000002,0.02811247061114373,500,150,59.33128240704455,0.11705013189794045,853,0,0,0.0018698802182370855,333283.200808402,4015243775612013.0,0.0206659,0.02244515,0.03318675,0.03954345,0.0940765,0.0139419,0.017433450000000003,0.0270387,0.03397435,0.0881911,0.0049284,0.0049085,0.0056383,0.0059183,0.0074775,0,05_resultados\revisao_operacional\campanha_v1\j01090.mat,campanha_v1
j01091,montecarlo,perda_fonte,mpc_qp_estocastico_3cen,69,-5,0.906038057537349,{},350.00002142966775,350.00002142966775,1,14.583333348473545,14.583333348473541,150,150,150,150,54.392002733886955,54.392002733886955,60,26.637987014036238,1898.2361463479604,0,0.16666666666666669,0.02663798701403624,500,150,58.5235040249877,0.12389857396719606,58,0,0,0.04252943699646039,666566.4042708572,8858386386927326.0,0.0496097,0.0527504,0.062169050000000003,0.10589414999999999,0.1701015,0.0360083,0.04087275,0.04995935,0.09422849999999999,0.1578907,0.0110688,0.011515899999999999,0.012410399999999999,0.0128287,0.014976,0,05_resultados\revisao_operacional\evento_adiantado_corrigido_v1\j01091.mat,evento_adiantado_corrigido_v1
j01092,montecarlo,perda_fonte,heuristico,70,-1,0.8096346186909182,{},592.6122638850534,592.6122638850534,1,14.754610453615202,14.754610453615202,150,150,150,150,57.93978528855198,56.5039066455025,60,24.16369944991276,850,0,0,0.02416369944991276,500,150,60,nan,0,nan,nan,nan,nan,nan,4.22e-05,7.9e-06,1.065e-05,1.795e-05,6.41e-05,nan,nan,nan,nan,nan,nan,nan,nan,nan,nan,0,05_resultados\revisao_operacional\campanha_v1\j01092.mat,campanha_v1
j01093,montecarlo,perda_fonte,heuristico_foresight,70,-1,0.8096346186909182,{},357.5611184157917,357.5611184157917,1,14.588671260475307,14.588671260475307,150,150,150,150,57.51825123023475,56.08693814614288,60,26.12027056419938,850.0000000000001,0,0,0.02612027056419938,500,150,59.64974938179165,nan,0,nan,nan,nan,nan,nan,4.45e-05,8.9e-06,1.01e-05,1.475e-05,4.45e-05,nan,nan,nan,nan,nan,nan,nan,nan,nan,nan,0,05_resultados\revisao_operacional\campanha_v1\j01093.mat,campanha_v1
j01094,montecarlo,perda_fonte,miope_qp,70,-1,0.8096346186909182,{},592.6116232891053,592.6116232891053,1,14.754610001373313,14.75461000137331,150,150,150,150,57.9147667951044,56.47501255161039,60,24.32134429297718,1150.0008251042025,0,0,0.02432134429297718,500,150,59.99996967342122,nan,0,nan,nan,nan,nan,nan,0.0012747,0.0005733,0.0006825,0.0008539,0.0012747,0.0011268,0.0005098500000000001,0.00060505,0.0007568,0.0011268,nan,nan,nan,nan,nan,0,05_resultados\revisao_operacional\campanha_v1\j01094.mat,campanha_v1
j01095,montecarlo,perda_fonte,mpc_qp_v5,70,-1,0.8096346186909182,{},350.06124652483186,350.06124652483186,1,14.588288320536428,14.58337657158977,150,150,150,150,57.05610269698589,55.660693833314895,60.06277189977372,28.584506412757165,1958.0147593264865,0,0.6666666666666667,0.028584506412757164,500,150,59.301644039398695,0.11694036257645735,852,0,0,0.0003575977313516887,333283.200808402,4015243775612013.0,0.0206905,0.021735499999999998,0.03166185,0.0384966,0.1556876,0.0142474,0.01693355,0.0260647,0.03282085,0.1504516,0.0046794,0.0048473,0.0056257500000000005,0.0058663,0.0062413,0,05_resultados\revisao_operacional\campanha_v1\j01095.mat,campanha_v1
j01096,montecarlo,perda_fonte,mpc_qp_estocastico_3cen,70,-1,0.8096346186909182,{},350.0000115079964,350.0000115079964,1,14.588164267423446,14.583333341496026,150,150,150,150,56.7264279985534,55.33108487280118,60.04460372351444,29.96788216860726,856.185950570005,0,0,0.02996788216860726,500,150,58.972057645098424,0.11700173169391803,852,0,0,2.2737367544323206e-13,666566.4016168036,8030487551224027.0,0.0420983,0.0463185,0.0633332,0.09771215,0.1195888,0.0270498,0.03480665,0.05154335,0.08566995,0.1081018,0.0121857,0.0113118,0.012118199999999999,0.012494350000000001,0.0130916,0,05_resultados\revisao_operacional\evento_adiantado_corrigido_v1\j01096.mat,evento_adiantado_corrigido_v1
j01097,montecarlo,perda_fonte,heuristico,71,-2,0.8957384855846559,{},592.6122638850534,592.6122638850534,1,14.754610453615202,14.754610453615202,150,150,150,150,57.93978528855198,56.5039066455025,60,24.16369944991276,850,0,0,0.02416369944991276,500,150,60,nan,0,nan,nan,nan,nan,nan,4.2e-05,8.1e-06,9.4e-06,1.465e-05,4.2e-05,nan,nan,nan,nan,nan,nan,nan,nan,nan,nan,0,05_resultados\revisao_operacional\campanha_v1\j01097.mat,campanha_v1
j01098,montecarlo,perda_fonte,heuristico_foresight,71,-2,0.8957384855846559,{},354.5860501408955,354.5860501408955,1,14.586570949804251,14.586570949804251,150,150,150,150,57.494859417369256,56.06354633327738,60,26.231381675310494,850,0,0,0.026231381675310493,500,150,59.62679973959374,nan,0,nan,nan,nan,nan,nan,4.56e-05,8.9e-06,1.06e-05,1.705e-05,4.56e-05,nan,nan,nan,nan,nan,nan,nan,nan,nan,nan,0,05_resultados\revisao_operacional\campanha_v1\j01098.mat,campanha_v1
j01099,montecarlo,perda_fonte,miope_qp,71,-2,0.8957384855846559,{},592.6116232891053,592.6116232891053,1,14.754610001373313,14.75461000137331,150,150,150,150,57.9147667951044,56.47501255161039,60,24.32134429297718,1150.0008251042025,0,0,0.02432134429297718,500,150,59.99996967342122,nan,0,nan,nan,nan,nan,nan,0.0012883,0.0005738,0.0006521000000000001,0.0008188500000000001,0.0012883,0.0011442,0.00051085,0.0005807,0.0007245999999999999,0.0011442,nan,nan,nan,nan,nan,0,05_resultados\revisao_operacional\campanha_v1\j01099.mat,campanha_v1
j01100,montecarlo,perda_fonte,mpc_qp_v5,71,-2,0.8957384855846559,{},350.0505499490762,350.0505499490762,1,14.586942945105196,14.58336902012289,150,150,150,150,57.034143605809156,55.63907702702143,60.033664974945765,28.39393250913269,1841.3238444258,0,1,0.028393932509132688,500,150,59.28005043284614,0.11703818353646511,853,0,0,0.005319440397670405,333283.200808402,4015243775612013.0,0.020765,0.02179105,0.03153485,0.03787355,0.0987733,0.013848,0.0171397,0.0258277,0.03278955,0.0935443,0.0051632,0.0044937,0.0052137,0.0057685,0.0098942,0,05_resultados\revisao_operacional\campanha_v1\j01100.mat,campanha_v1
j01101,montecarlo,perda_fonte,mpc_qp_estocastico_3cen,71,-2,0.8957384855846559,{},350.0000856459935,350.0000856459935,1,14.583333393833632,14.583333393833632,150,150,150,150,54.99561845156872,54.99561845156872,60,23.770812355049756,1456.3945766561592,0,0.08333333333333334,0.023770812355049756,500,150,58.836626801913965,7.105427357601002e-15,0,0,0,2.2737367544323206e-12,666566.4042708572,8858386386927326.0,0.0479147,0.05258775,0.0610305,0.10471195,0.1708185,0.0337082,0.04095975,0.04885215,0.0927485,0.158803,0.0116361,0.01145635,0.012235550000000001,0.0127006,0.0145692,0,05_resultados\revisao_operacional\evento_adiantado_corrigido_v1\j01101.mat,evento_adiantado_corrigido_v1
j01102,montecarlo,perda_fonte,heuristico,72,-4,1.1040188868530032,{},592.6122638850534,592.6122638850534,1,14.754610453615202,14.754610453615202,150,150,150,150,57.93978528855198,56.5039066455025,60,24.16369944991276,850,0,0,0.02416369944991276,500,150,60,nan,0,nan,nan,nan,nan,nan,4.42e-05,8.1e-06,9.35e-06,1.8849999999999997e-05,4.42e-05,nan,nan,nan,nan,nan,nan,nan,nan,nan,nan,0,05_resultados\revisao_operacional\campanha_v1\j01102.mat,campanha_v1
j01103,montecarlo,perda_fonte,heuristico_foresight,72,-4,1.1040188868530032,{},368.52008419206413,368.52008419206413,1,14.59640796788395,14.59640796788395,150,150,150,150,54.664817608113495,54.664817608113495,60,25.342116361458793,771.9858348602476,0,0,0.02534211636145879,500,150,59.105410362833425,nan,0,nan,nan,nan,nan,nan,4.62e-05,8.7e-06,9.8e-06,1.325e-05,4.62e-05,nan,nan,nan,nan,nan,nan,nan,nan,nan,nan,0,05_resultados\revisao_operacional\campanha_v1\j01103.mat,campanha_v1
j01104,montecarlo,perda_fonte,miope_qp,72,-4,1.1040188868530032,{},592.6116232891053,592.6116232891053,1,14.754610001373313,14.75461000137331,150,150,150,150,57.9147667951044,56.47501255161039,60,24.32134429297718,1150.0008251042025,0,0,0.02432134429297718,500,150,59.99996967342122,nan,0,nan,nan,nan,nan,nan,0.0013,0.0006036500000000001,0.00069195,0.0008485000000000001,0.0013,0.0011535,0.0005375,0.0006164499999999999,0.0007608000000000001,0.0011535,nan,nan,nan,nan,nan,0,05_resultados\revisao_operacional\campanha_v1\j01104.mat,campanha_v1
j01105,montecarlo,perda_fonte,mpc_qp_v5,72,-4,1.1040188868530032,{},350.12457545940913,350.12457545940913,1,14.583421279954964,14.583421279954962,150,150,150,150,53.35218431087838,53.35218431087838,60,31.577124523327456,1677.6186577565618,0,2.166666666666667,0.031577124523327456,500,150,58.59747474154794,7.105427357601002e-15,0,0,0,27.61872217189807,333283.2021354289,4843142611315303.0,0.025321,0.028263700000000003,0.0342192,0.045392749999999996,0.0907809,0.0183398,0.02296575,0.0292936,0.04036355,0.0858159,0.0050452,0.00493595,0.0055182,0.00577245,0.0062165,0,05_resultados\revisao_operacional\campanha_v1\j01105.mat,campanha_v1
j01106,montecarlo,perda_fonte,mpc_qp_estocastico_3cen,72,-4,1.1040188868530032,{},350.0000055680781,350.0000055680781,1,14.583333337276212,14.583333337276212,150,150,150,150,43.75946214242772,43.75946214242772,60,77.14255482346903,2420.6252419474904,0,0.5833333333333334,0.07714255482346903,500,150,53.71161244900446,7.105427357601002e-15,0,0,0,0.013986722624395043,666566.4042708572,9686285222630616.0,0.0485143,0.0635771,0.07566919999999999,0.10986175,0.1532071,0.0335538,0.0515141,0.06201475,0.0979199,0.1414261,0.0122842,0.01165705,0.0124607,0.01305045,0.0177126,0,05_resultados\revisao_operacional\evento_adiantado_corrigido_v1\j01106.mat,evento_adiantado_corrigido_v1
j01107,montecarlo,perda_fonte,heuristico,73,2,1.1158292275549884,{},592.6122638850534,592.6122638850534,1,14.754610453615202,14.754610453615202,150,150,150,150,57.93978528855198,56.5039066455025,60,24.16369944991276,850,0,0,0.02416369944991276,500,150,60,nan,0,nan,nan,nan,nan,nan,4.04e-05,8e-06,9.7e-06,1.26e-05,4.04e-05,nan,nan,nan,nan,nan,nan,nan,nan,nan,nan,0,05_resultados\revisao_operacional\campanha_v1\j01107.mat,campanha_v1
j01108,montecarlo,perda_fonte,heuristico_foresight,73,2,1.1158292275549884,{},570.2483135184862,570.2483135184862,1,14.738822162637764,14.738822162637764,150,150,150,150,54.20925105664723,54.20925105664723,60,27.506057480935823,763.1280793337587,0,0,0.027506057480935823,500,150,58.9251975154629,nan,0,nan,nan,nan,nan,nan,4.57e-05,8.6e-06,9.8e-06,1.3749999999999999e-05,4.57e-05,nan,nan,nan,nan,nan,nan,nan,nan,nan,nan,0,05_resultados\revisao_operacional\campanha_v1\j01108.mat,campanha_v1
j01109,montecarlo,perda_fonte,miope_qp,73,2,1.1158292275549884,{},592.6116232891053,592.6116232891053,1,14.754610001373313,14.75461000137331,150,150,150,150,57.9147667951044,56.47501255161039,60,24.32134429297718,1150.0008251042025,0,0,0.02432134429297718,500,150,59.99996967342122,nan,0,nan,nan,nan,nan,nan,0.0013025,0.0006028,0.0006826,0.0008632,0.0013025,0.0011523,0.00053675,0.00060715,0.0007699,0.0011523,nan,nan,nan,nan,nan,0,05_resultados\revisao_operacional\campanha_v1\j01109.mat,campanha_v1
j01110,montecarlo,perda_fonte,mpc_qp_v5,73,2,1.1158292275549884,{},351.0174909295845,351.0174909295845,1,14.584051652008151,14.584051652008151,150,150,150,150,52.893081499094485,52.893081499094485,60,33.757862879300795,1670.8727819891578,0,2.3333333333333335,0.0337578628793008,500,150,58.4265675929864,7.105427357601002e-15,0,0,0,3.6872052078251727e-09,333283.2021354289,4843142611315303.0,0.024169,0.0281248,0.03417655,0.0455859,0.095311,0.0169081,0.022737399999999998,0.02854695,0.04009605,0.0900635,0.0050159,0.0050417,0.00567695,0.00595625,0.0080178,0,05_resultados\revisao_operacional\campanha_v1\j01110.mat,campanha_v1
j01111,montecarlo,perda_fonte,mpc_qp_estocastico_3cen,73,2,1.1158292275549884,{},350.00081557007115,350.00081557007115,1,14.583333909122636,14.583333909122635,150,150,150,150,43.2012470554664,43.2012470554664,60,79.79407648653502,2582.7581138105593,0,0.25,0.07979407648653501,500,150,53.49035040571715,7.105427357601002e-15,0,0,0,0.000227368967671282,666566.4042708572,9686285222630616.0,0.0507884,0.06313105,0.08386825,0.10975499999999999,0.1705168,0.0357787,0.05115675,0.07050709999999999,0.0971924,0.1584035,0.0123362,0.0116862,0.0137153,0.018270099999999997,0.0435594,0,05_resultados\revisao_operacional\evento_adiantado_corrigido_v1\j01111.mat,evento_adiantado_corrigido_v1
j01112,montecarlo,perda_fonte,heuristico,74,10,1.1128609592657281,{},592.6122638850534,592.6122638850534,1,14.754610453615202,14.754610453615202,150,150,150,150,57.93978528855198,56.5039066455025,60,24.16369944991276,850,0,0,0.02416369944991276,500,150,60,nan,0,nan,nan,nan,nan,nan,4.34e-05,8.2e-06,9.1e-06,1.08e-05,4.34e-05,nan,nan,nan,nan,nan,nan,nan,nan,nan,nan,0,05_resultados\revisao_operacional\campanha_v1\j01112.mat,campanha_v1
j01113,montecarlo,perda_fonte,heuristico_foresight,74,10,1.1128609592657281,{},571.598572811253,571.598572811253,1,14.739775405971779,14.739775405971779,150,150,150,150,54.174690773382814,54.174690773382814,60,27.670218826444895,765.354280550704,0,0,0.027670218826444895,500,150,58.99009043549075,nan,0,nan,nan,nan,nan,nan,4.46e-05,8.7e-06,9.7e-06,1.395e-05,4.46e-05,nan,nan,nan,nan,nan,nan,nan,nan,nan,nan,0,05_resultados\revisao_operacional\campanha_v1\j01113.mat,campanha_v1
j01114,montecarlo,perda_fonte,miope_qp,74,10,1.1128609592657281,{},592.6116232891053,592.6116232891053,1,14.754610001373313,14.75461000137331,150,150,150,150,57.9147667951044,56.47501255161039,60,24.32134429297718,1150.0008251042025,0,0,0.02432134429297718,500,150,59.99996967342122,nan,0,nan,nan,nan,nan,nan,0.0012589,0.000599,0.0006866999999999999,0.00086845,0.0029966,0.0011148,0.0005329,0.0006082,0.0007507,0.0029007,nan,nan,nan,nan,nan,0,05_resultados\revisao_operacional\campanha_v1\j01114.mat,campanha_v1
j01115,montecarlo,perda_fonte,mpc_qp_v5,74,10,1.1128609592657281,{},387.38173266004105,387.38173266004105,1,14.609723736782271,14.609723736782266,150,150,150,150,53.03286837244076,53.03286837244076,60,33.0938752309052,1381.2278598823927,0,2.3333333333333335,0.0330938752309052,500,150,58.66447589905208,7.105427357601002e-15,0,0,0,3.089515644205676e-06,333283.2021354289,4843142611315303.0,0.0255743,0.027784950000000003,0.034011849999999996,0.044011999999999996,0.0498086,0.0173424,0.02271595,0.0290494,0.0388822,0.0452108,0.0056435,0.00473335,0.00529415,0.00549715,0.008564,0,05_resultados\revisao_operacional\campanha_v1\j01115.mat,campanha_v1
j01116,montecarlo,perda_fonte,mpc_qp_estocastico_3cen,74,10,1.1128609592657281,{},350.09620526544717,350.09620526544717,1,14.583401251440208,14.583401251440206,150,150,150,150,43.400849003109904,43.400849003109904,60,78.84596723522904,3524.4600560936515,0,0.5,0.07884596723522903,500,150,53.70100588532338,7.105427357601002e-15,0,0,0,0.00617041130931284,666566.4042708572,9686285222630616.0,0.0517695,0.06498145,0.0851147,0.11599124999999999,0.1843845,0.0371636,0.05257645,0.0690645,0.10161144999999999,0.1705474,0.0118854,0.012041300000000001,0.0151506,0.01959255,0.0361227,0,05_resultados\revisao_operacional\evento_adiantado_corrigido_v1\j01116.mat,evento_adiantado_corrigido_v1
j01117,montecarlo,perda_fonte,heuristico,75,2,1.0345304152603723,{},592.6122638850534,592.6122638850534,1,14.754610453615202,14.754610453615202,150,150,150,150,57.93978528855198,56.5039066455025,60,24.16369944991276,850,0,0,0.02416369944991276,500,150,60,nan,0,nan,nan,nan,nan,nan,4.22e-05,7.8e-06,1.07e-05,1.415e-05,7.17e-05,nan,nan,nan,nan,nan,nan,nan,nan,nan,nan,0,05_resultados\revisao_operacional\campanha_v1\j01117.mat,campanha_v1
j01118,montecarlo,perda_fonte,heuristico_foresight,75,2,1.0345304152603723,{},378.6403238930874,378.6403238930874,1,14.603552559360063,14.603552559360063,150,150,150,150,57.56161623998138,56.132942044778396,60,25.887863156791976,850,0,0,0.025887863156791976,500,150,59.71601218826426,nan,0,nan,nan,nan,nan,nan,4.26e-05,8.6e-06,9.8e-06,1.065e-05,4.29e-05,nan,nan,nan,nan,nan,nan,nan,nan,nan,nan,0,05_resultados\revisao_operacional\campanha_v1\j01118.mat,campanha_v1
j01119,montecarlo,perda_fonte,miope_qp,75,2,1.0345304152603723,{},592.6116232891053,592.6116232891053,1,14.754610001373313,14.75461000137331,150,150,150,150,57.9147667951044,56.47501255161039,60,24.32134429297718,1150.0008251042025,0,0,0.02432134429297718,500,150,59.99996967342122,nan,0,nan,nan,nan,nan,nan,0.0013531,0.0005727,0.0006557,0.00082295,0.0013531,0.001206,0.00050945,0.0005849,0.00073875,0.001206,nan,nan,nan,nan,nan,0,05_resultados\revisao_operacional\campanha_v1\j01119.mat,campanha_v1
j01120,montecarlo,perda_fonte,mpc_qp_v5,75,2,1.0345304152603723,{},350.18569744498546,350.18569744498546,1,14.583464430282648,14.583464430282646,150,150,150,150,56.49296453845552,55.821223449565316,60,23.38466802977673,1554.3087913124639,0,2.083333333333333,0.02338466802977673,500,150,59.500194653784675,0.007041150231927418,913,0,0,0.001459378734978145,333283.200808402,4015243775612013.0,0.0219159,0.0259723,0.03265945,0.0409559,0.0444536,0.0152797,0.02120135,0.0270402,0.03574865,0.0394502,0.0049066,0.0046373000000000004,0.00536735,0.0058651,0.0069526,0,05_resultados\revisao_operacional\campanha_v1\j01120.mat,campanha_v1
j01121,montecarlo,perda_fonte,mpc_qp_estocastico_3cen,75,2,1.0345304152603723,{},350.00111772290484,350.00111772290484,1,14.583334122433508,14.583334122433506,150,150,150,150,47.67455850633195,47.67455850633195,60,58.54584709492213,1583.6381919547098,0,0.16666666666666669,0.05854584709492213,500,150,55.47338295497124,7.105427357601002e-15,0,0,0,0.0003952289093831496,666566.4042708572,8858386386927326.0,0.0474559,0.0534465,0.0883864,0.11898149999999999,0.1856055,0.0333013,0.04100155,0.06567035,0.10345915,0.1738635,0.0112885,0.01200205,0.01736775,0.0251451,0.0865217,0,05_resultados\revisao_operacional\evento_adiantado_corrigido_v1\j01121.mat,evento_adiantado_corrigido_v1
j01122,montecarlo,perda_fonte,heuristico,76,-2,1.0231455879649551,{},592.6122638850534,592.6122638850534,1,14.754610453615202,14.754610453615202,150,150,150,150,57.93978528855198,56.5039066455025,60,24.16369944991276,850,0,0,0.02416369944991276,500,150,60,nan,0,nan,nan,nan,nan,nan,4.2e-05,8e-06,9.75e-06,1.9e-05,4.2e-05,nan,nan,nan,nan,nan,nan,nan,nan,nan,nan,0,05_resultados\revisao_operacional\campanha_v1\j01122.mat,campanha_v1
j01123,montecarlo,perda_fonte,heuristico_foresight,76,-2,1.0231455879649551,{},354.5860501408955,354.5860501408955,1,14.586570949804251,14.586570949804251,150,150,150,150,57.494859417369256,56.06354633327738,60,26.231381675310494,850,0,0,0.026231381675310493,500,150,59.62679973959374,nan,0,nan,nan,nan,nan,nan,4.59e-05,8.9e-06,1.025e-05,1.77e-05,4.59e-05,nan,nan,nan,nan,nan,nan,nan,nan,nan,nan,0,05_resultados\revisao_operacional\campanha_v1\j01123.mat,campanha_v1
j01124,montecarlo,perda_fonte,miope_qp,76,-2,1.0231455879649551,{},592.6116232891053,592.6116232891053,1,14.754610001373313,14.75461000137331,150,150,150,150,57.9147667951044,56.47501255161039,60,24.32134429297718,1150.0008251042025,0,0,0.02432134429297718,500,150,59.99996967342122,nan,0,nan,nan,nan,nan,nan,0.001256,0.00057615,0.00067365,0.0008176500000000001,0.001256,0.0011119,0.00051265,0.00059625,0.00072185,0.0011119,nan,nan,nan,nan,nan,0,05_resultados\revisao_operacional\campanha_v1\j01124.mat,campanha_v1
j01125,montecarlo,perda_fonte,mpc_qp_v5,76,-2,1.0231455879649551,{},350.04634940666153,350.04634940666153,1,14.583366054672046,14.583366054672046,150,150,150,150,56.6764508333064,55.766055193693894,60,24.90279382791434,1892.0167329873698,0,1.9166666666666665,0.02490279382791434,500,150,59.416277791207506,0.009655784709615034,869,0,0,1.6343173001587274e-06,333283.200808402,4015243775612013.0,0.0224447,0.0263613,0.03345245,0.04029065,0.1581356,0.0152952,0.0211352,0.02759885,0.0344117,0.1522722,0.0054181,0.0051249,0.00574215,0.00612635,0.0071238,0,05_resultados\revisao_operacional\campanha_v1\j01125.mat,campanha_v1
j01126,montecarlo,perda_fonte,mpc_qp_estocastico_3cen,76,-2,1.0231455879649551,{},350.00004257059254,350.00004257059254,1,14.583333363406851,14.58333336340685,150,150,150,150,48.26794361545531,48.26794361545531,60,55.72726782658665,1606.831318872737,0,0.08333333333333334,0.05572726782658665,500,150,55.72561768463406,0.12267316785410998,57,0,0,1.4779288903810084e-12,666566.4042708572,8858386386927326.0,0.0508019,0.052317100000000005,0.06577820000000001,0.1065297,0.1504434,0.0332784,0.0401071,0.0530662,0.09413615,0.1384218,0.0149339,0.01181915,0.01369715,0.014807,0.0171939,0,05_resultados\revisao_operacional\evento_adiantado_corrigido_v1\j01126.mat,evento_adiantado_corrigido_v1
j01127,montecarlo,perda_fonte,heuristico,77,-1,0.9576957875150431,{},592.6122638850534,592.6122638850534,1,14.754610453615202,14.754610453615202,150,150,150,150,57.93978528855198,56.5039066455025,60,24.16369944991276,850,0,0,0.02416369944991276,500,150,60,nan,0,nan,nan,nan,nan,nan,4.2e-05,8.1e-06,1.61e-05,1.9699999999999998e-05,4.2e-05,nan,nan,nan,nan,nan,nan,nan,nan,nan,nan,0,05_resultados\revisao_operacional\campanha_v1\j01127.mat,campanha_v1
j01128,montecarlo,perda_fonte,heuristico_foresight,77,-1,0.9576957875150431,{},357.5611184157917,357.5611184157917,1,14.588671260475307,14.588671260475307,150,150,150,150,57.51825123023475,56.08693814614288,60,26.12027056419938,850.0000000000001,0,0,0.02612027056419938,500,150,59.64974938179165,nan,0,nan,nan,nan,nan,nan,5.64e-05,8.7e-06,9.9e-06,1.13e-05,5.64e-05,nan,nan,nan,nan,nan,nan,nan,nan,nan,nan,0,05_resultados\revisao_operacional\campanha_v1\j01128.mat,campanha_v1
j01129,montecarlo,perda_fonte,miope_qp,77,-1,0.9576957875150431,{},592.6116232891053,592.6116232891053,1,14.754610001373313,14.75461000137331,150,150,150,150,57.9147667951044,56.47501255161039,60,24.32134429297718,1150.0008251042025,0,0,0.02432134429297718,500,150,59.99996967342122,nan,0,nan,nan,nan,nan,nan,0.0012536,0.00056545,0.0006477,0.00084115,0.0012536,0.0011093,0.000503,0.0005790999999999999,0.00074985,0.0011093,nan,nan,nan,nan,nan,0,05_resultados\revisao_operacional\campanha_v1\j01129.mat,campanha_v1
j01130,montecarlo,perda_fonte,mpc_qp_v5,77,-1,0.9576957875150431,{},350.04266083526215,350.04266083526215,1,14.58585358317386,14.583363450649719,150,150,150,150,57.20326660504332,55.808478872840006,60.01293125906611,27.380196157044917,1759.9870701917312,0,1.7500000000000002,0.027380196157044918,500,150,59.44946903639461,0.11710839956723618,853,0,0,0.004840577957224923,333283.200808402,4015243775612013.0,0.0208151,0.02238915,0.0312363,0.03932645,0.0481493,0.0137637,0.01765425,0.026167,0.03402595,0.0431018,0.0053722,0.0044909,0.0051097,0.00540645,0.0058822,0,05_resultados\revisao_operacional\campanha_v1\j01130.mat,campanha_v1
j01131,montecarlo,perda_fonte,mpc_qp_estocastico_3cen,77,-1,0.9576957875150431,{},350.00006072174125,350.00006072174125,1,14.583333376215954,14.583333376215952,150,150,150,150,51.74971276320839,51.74971276320839,60,39.18886437476098,1784.8009338380418,0,0.25,0.03918886437476098,500,150,57.34348134417204,0.12813968553088984,177,0,0,0.0005870047397138478,666566.4042708572,8858386386927326.0,0.0460468,0.05368385,0.0740411,0.10838624999999999,0.1402434,0.0312865,0.0415868,0.060039050000000004,0.09623655,0.1271837,0.012111,0.011854650000000001,0.01354525,0.0149539,0.016771,0,05_resultados\revisao_operacional\evento_adiantado_corrigido_v1\j01131.mat,evento_adiantado_corrigido_v1
j01132,montecarlo,perda_fonte,heuristico,78,2,1.173898311870047,{},592.6122638850534,592.6122638850534,1,14.754610453615202,14.754610453615202,150,150,150,150,57.93978528855198,56.5039066455025,60,24.16369944991276,850,0,0,0.02416369944991276,500,150,60,nan,0,nan,nan,nan,nan,nan,4.49e-05,8e-06,9e-06,9.8e-06,4.49e-05,nan,nan,nan,nan,nan,nan,nan,nan,nan,nan,0,05_resultados\revisao_operacional\campanha_v1\j01132.mat,campanha_v1
j01133,montecarlo,perda_fonte,heuristico_foresight,78,2,1.173898311870047,{},543.8328035045954,543.8328035045954,1,14.720173589752351,14.720173589752347,150,150,150,150,51.54148981556281,51.54148981556281,60,40.177923376070254,719.5762660974648,0,0,0.040177923376070256,500,150,57.655678699335,nan,0,nan,nan,nan,nan,nan,4.3e-05,8.5e-06,9.5e-06,1.56e-05,4.3e-05,nan,nan,nan,nan,nan,nan,nan,nan,nan,nan,0,05_resultados\revisao_operacional\campanha_v1\j01133.mat,campanha_v1
j01134,montecarlo,perda_fonte,miope_qp,78,2,1.173898311870047,{},592.6116232891053,592.6116232891053,1,14.754610001373313,14.75461000137331,150,150,150,150,57.9147667951044,56.47501255161039,60,24.32134429297718,1150.0008251042025,0,0,0.02432134429297718,500,150,59.99996967342122,nan,0,nan,nan,nan,nan,nan,0.0012601,0.00057215,0.00066675,0.0007861999999999999,0.0012601,0.0011171,0.0005092,0.00059325,0.0007055,0.0011171,nan,nan,nan,nan,nan,0,05_resultados\revisao_operacional\campanha_v1\j01134.mat,campanha_v1
j01135,montecarlo,perda_fonte,mpc_qp_v5,78,2,1.173898311870047,{},350.5815066459128,350.5815066459128,1,14.583743859921412,14.583743859921412,150,150,150,150,50.23898444625467,50.23898444625467,60,46.36482388029082,1571.1575450739242,0,2.5,0.04636482388029082,500,150,57.08987443785814,7.105427357601002e-15,0,0,0,0.007024163365883851,333283.2021354289,4843142611315303.0,0.024842,0.0294887,0.03428415,0.0473775,0.0784767,0.0172637,0.0243872,0.029134350000000003,0.0422507,0.0734994,0.0051218,0.00480605,0.00532575,0.0056288499999999995,0.0075955,0,05_resultados\revisao_operacional\campanha_v1\j01135.mat,campanha_v1
j01136,montecarlo,perda_fonte,mpc_qp_estocastico_3cen,78,2,1.173898311870047,{},350.0001838266185,350.0001838266185,1,14.583333463127438,14.583333463127438,150,150,150,150,40.24959579741074,40.24959579741074,60,93.81441996229879,2822.84946882911,0,0.4166666666666667,0.09381441996229879,500,150,52.143685417776496,7.105427357601002e-15,0,0,0,0.009807231106037761,666566.4042708572,9686285222630616.0,0.0524632,0.06153015,0.08038455,0.11010700000000001,0.1653166,0.0379827,0.049391050000000006,0.0669512,0.0983168,0.1540528,0.0118324,0.0117616,0.013623099999999999,0.01478925,0.0203894,0,05_resultados\revisao_operacional\evento_adiantado_corrigido_v1\j01136.mat,evento_adiantado_corrigido_v1
j01137,montecarlo,perda_fonte,heuristico,79,-9,0.8619018402711303,{},592.6122638850534,592.6122638850534,1,14.754610453615202,14.754610453615202,150,150,150,150,57.93978528855198,56.5039066455025,60,24.16369944991276,850,0,0,0.02416369944991276,500,150,60,nan,0,nan,nan,nan,nan,nan,4.59e-05,8.1e-06,9.2e-06,1.14e-05,4.59e-05,nan,nan,nan,nan,nan,nan,nan,nan,nan,nan,0,05_resultados\revisao_operacional\campanha_v1\j01137.mat,campanha_v1
j01138,montecarlo,perda_fonte,heuristico_foresight,79,-9,0.8619018402711303,{},350.13848671449864,350.13848671449864,1,14.583431100879281,14.583431100879281,150,150,150,150,57.33111672731077,55.899803643218895,60,27.00915945308827,850.0000000000001,0,0,0.02700915945308827,500,150,59.46371807036157,nan,0,nan,nan,nan,nan,nan,5.55e-05,8.9e-06,1e-05,1.55e-05,5.55e-05,nan,nan,nan,nan,nan,nan,nan,nan,nan,nan,0,05_resultados\revisao_operacional\campanha_v1\j01138.mat,campanha_v1
j01139,montecarlo,perda_fonte,miope_qp,79,-9,0.8619018402711303,{},592.6116232891053,592.6116232891053,1,14.754610001373313,14.75461000137331,150,150,150,150,57.9147667951044,56.47501255161039,60,24.32134429297718,1150.0008251042025,0,0,0.02432134429297718,500,150,59.99996967342122,nan,0,nan,nan,nan,nan,nan,0.0012677,0.0005665,0.00068445,0.00086325,0.0012677,0.0011269,0.00050395,0.00060335,0.0007718,0.0011269,nan,nan,nan,nan,nan,0,05_resultados\revisao_operacional\campanha_v1\j01139.mat,campanha_v1
j01140,montecarlo,perda_fonte,mpc_qp_v5,79,-9,0.8619018402711303,{},350.0007990984403,350.0007990984403,1,14.587481634834091,14.583333897503262,150,150,150,150,56.87778615213242,55.48257172984828,60.04387810570233,29.240376485236073,1821.9605183483982,0,0.9166666666666666,0.029240376485236072,500,150,59.123544008305494,0.1170007590811224,852,0,0,0.006522688739835303,333283.200808402,4015243775612013.0,0.021217,0.021751649999999997,0.03375465,0.0394792,0.0945068,0.0140263,0.016959099999999998,0.0281981,0.03363655,0.0892154,0.0050988,0.00489595,0.0057404,0.00603375,0.0063011,0,05_resultados\revisao_operacional\campanha_v1\j01140.mat,campanha_v1
j01141,montecarlo,perda_fonte,mpc_qp_estocastico_3cen,79,-9,0.8619018402711303,{},350.0000025271917,350.0000025271917,1,14.58333333512633,14.58333333512633,150,150,150,150,55.92672125569908,55.22439592543051,60.02509412384674,26.631839885189546,1476.3826854925744,0,0.16666666666666669,0.026631839885189548,500,150,58.87109679295232,0.11706561996565057,939,0,0,0.011076204514097299,666566.4016168036,8030487551224027.0,0.0407258,0.0519161,0.060904799999999995,0.1027206,0.1756596,0.0265418,0.0403351,0.047374299999999994,0.09089169999999999,0.1635993,0.0111627,0.0114078,0.0124909,0.013656350000000001,0.017512,0,05_resultados\revisao_operacional\evento_adiantado_corrigido_v1\j01141.mat,evento_adiantado_corrigido_v1
j01142,montecarlo,perda_fonte,heuristico,80,6,1.0588779959117933,{},592.6122638850534,592.6122638850534,1,14.754610453615202,14.754610453615202,150,150,150,150,57.93978528855198,56.5039066455025,60,24.16369944991276,850,0,0,0.02416369944991276,500,150,60,nan,0,nan,nan,nan,nan,nan,4.42e-05,7.9e-06,9e-06,1.13e-05,4.42e-05,nan,nan,nan,nan,nan,nan,nan,nan,nan,nan,0,05_resultados\revisao_operacional\campanha_v1\j01142.mat,campanha_v1
j01143,montecarlo,perda_fonte,heuristico_foresight,80,6,1.0588779959117933,{},410.9885873872711,410.9885873872711,1,14.626389481651952,14.626389481651952,150,150,150,150,57.540144505088584,56.12202586544115,60,25.88415945308827,850,0,0,0.02588415945308827,500,150,59.79385548727493,nan,0,nan,nan,nan,nan,nan,4.67e-05,8.9e-06,1.01e-05,1.62e-05,4.67e-05,nan,nan,nan,nan,nan,nan,nan,nan,nan,nan,0,05_resultados\revisao_operacional\campanha_v1\j01143.mat,campanha_v1
j01144,montecarlo,perda_fonte,miope_qp,80,6,1.0588779959117933,{},592.6116232891053,592.6116232891053,1,14.754610001373313,14.75461000137331,150,150,150,150,57.9147667951044,56.47501255161039,60,24.32134429297718,1150.0008251042025,0,0,0.02432134429297718,500,150,59.99996967342122,nan,0,nan,nan,nan,nan,nan,0.0013178,0.0005726500000000001,0.00067545,0.0007938999999999999,0.0013178,0.0011538,0.0005095,0.00059475,0.00070515,0.0011538,nan,nan,nan,nan,nan,0,05_resultados\revisao_operacional\campanha_v1\j01144.mat,campanha_v1
j01145,montecarlo,perda_fonte,mpc_qp_v5,80,6,1.0588779959117933,{},352.2761829099829,352.2761829099829,1,14.58494025150766,14.58494025150766,150,150,150,150,55.89915427657157,55.732427519480645,60,21.14847853031352,1648.344054383304,0,2,0.021148478530313517,500,150,59.51967435640521,0.0017130581960103086,1017,0,5.105974740584425e-10,0.0005761718717280928,333283.200808402,4015243775612013.0,0.0226133,0.0266182,0.0332379,0.03868615,0.0946881,0.015681,0.021693,0.0277115,0.0337595,0.0895026,0.005173,0.0047046,0.0054499,0.00589505,0.0071868,0,05_resultados\revisao_operacional\campanha_v1\j01145.mat,campanha_v1
j01146,montecarlo,perda_fonte,mpc_qp_estocastico_3cen,80,6,1.0588779959117933,{},350.00100803863825,350.00100803863825,1,14.583334045004436,14.583334045004435,150,150,150,150,46.4278254123106,46.4278254123106,60,64.46782929152498,1589.405897555764,0,0.08333333333333334,0.06446782929152498,500,150,54.979317235731514,0.12327230448805437,58,0,0,7.958078640513122e-13,666566.4042708572,8858386386927326.0,0.0477441,0.0525937,0.0771627,0.11121054999999999,0.1385682,0.0331736,0.0404933,0.06479504999999999,0.09894454999999999,0.1262888,0.0120619,0.0117073,0.01252925,0.013004700000000001,0.0150948,0,05_resultados\revisao_operacional\evento_adiantado_corrigido_v1\j01146.mat,evento_adiantado_corrigido_v1
j01147,montecarlo,perda_fonte,heuristico,81,-1,1.0995790590747085,{},592.6122638850534,592.6122638850534,1,14.754610453615202,14.754610453615202,150,150,150,150,57.93978528855198,56.5039066455025,60,24.16369944991276,850,0,0,0.02416369944991276,500,150,60,nan,0,nan,nan,nan,nan,nan,4.18e-05,8.1e-06,9.3e-06,1.21e-05,4.18e-05,nan,nan,nan,nan,nan,nan,nan,nan,nan,nan,0,05_resultados\revisao_operacional\campanha_v1\j01147.mat,campanha_v1
j01148,montecarlo,perda_fonte,heuristico_foresight,81,-1,1.0995790590747085,{},433.7442535177162,433.7442535177162,1,14.642454312433818,14.642454312433813,150,150,150,150,54.93385440122235,54.93385440122235,60,24.06419159419924,775.3157056939685,0,0,0.02406419159419924,500,150,59.257952254026826,nan,0,nan,nan,nan,nan,nan,6.68e-05,8.4e-06,9.5e-06,1.165e-05,6.68e-05,nan,nan,nan,nan,nan,nan,nan,nan,nan,nan,0,05_resultados\revisao_operacional\campanha_v1\j01148.mat,campanha_v1
j01149,montecarlo,perda_fonte,miope_qp,81,-1,1.0995790590747085,{},592.6116232891053,592.6116232891053,1,14.754610001373313,14.75461000137331,150,150,150,150,57.9147667951044,56.47501255161039,60,24.32134429297718,1150.0008251042025,0,0,0.02432134429297718,500,150,59.99996967342122,nan,0,nan,nan,nan,nan,nan,0.0012615,0.0005709,0.0006804000000000001,0.0008312,0.0012615,0.0011167,0.0005083500000000001,0.0006067,0.0007398999999999999,0.0011167,nan,nan,nan,nan,nan,0,05_resultados\revisao_operacional\campanha_v1\j01149.mat,campanha_v1
j01150,montecarlo,perda_fonte,mpc_qp_v5,81,-1,1.0995790590747085,{},350.1584753950519,350.1584753950519,1,14.583445212311753,14.583445212311753,150,150,150,150,53.56802001202344,53.56802001202344,60,30.551904942888207,1494.3050834472501,0,2,0.030551904942888206,500,150,58.71281165103754,7.105427357601002e-15,0,0,0,0.0001421996923909319,333283.2021354289,4843142611315303.0,0.0248659,0.028415999999999997,0.0341842,0.04445985,0.0988298,0.0182239,0.02313415,0.028783549999999998,0.03943045,0.0938509,0.0047358,0.0050568,0.0056464,0.0058361,0.0062869,0,05_resultados\revisao_operacional\campanha_v1\j01150.mat,campanha_v1
j01151,montecarlo,perda_fonte,mpc_qp_estocastico_3cen,81,-1,1.0995790590747085,{},350.00014589511176,350.00014589511176,1,14.583333436355135,14.583333436355133,150,150,150,150,44.03084781379297,44.03084781379297,60,75.85347288448345,3119.218390446243,0,0.4166666666666667,0.07585347288448345,500,150,53.86063156281703,7.105427357601002e-15,0,0,0,0.0008353717971658625,666566.4042708572,9686285222630616.0,0.0496479,0.06331010000000001,0.07385415000000001,0.10966665,0.1686188,0.0344519,0.0512297,0.0613302,0.09712799999999999,0.1547112,0.0125212,0.01172375,0.01255845,0.0132455,0.0170254,0,05_resultados\revisao_operacional\evento_adiantado_corrigido_v1\j01151.mat,evento_adiantado_corrigido_v1
j01152,montecarlo,perda_fonte,heuristico,82,-8,0.9966087640299255,{},592.6122638850534,592.6122638850534,1,14.754610453615202,14.754610453615202,150,150,150,150,57.93978528855198,56.5039066455025,60,24.16369944991276,850,0,0,0.02416369944991276,500,150,60,nan,0,nan,nan,nan,nan,nan,4.59e-05,8e-06,9e-06,1.025e-05,4.59e-05,nan,nan,nan,nan,nan,nan,nan,nan,nan,nan,0,05_resultados\revisao_operacional\campanha_v1\j01152.mat,campanha_v1
j01153,montecarlo,perda_fonte,heuristico_foresight,82,-8,0.9966087640299255,{},350.22832599190326,350.22832599190326,1,14.583494524765921,14.583494524765921,150,150,150,150,57.35450854017627,55.92319545608439,60,26.89804834197716,850,0,0,0.02689804834197716,500,150,59.48709653082988,nan,0,nan,nan,nan,nan,nan,4.87e-05,8.9e-06,1.3199999999999999e-05,2.0249999999999998e-05,4.87e-05,nan,nan,nan,nan,nan,nan,nan,nan,nan,nan,0,05_resultados\revisao_operacional\campanha_v1\j01153.mat,campanha_v1
j01154,montecarlo,perda_fonte,miope_qp,82,-8,0.9966087640299255,{},592.6116232891053,592.6116232891053,1,14.754610001373313,14.75461000137331,150,150,150,150,57.9147667951044,56.47501255161039,60,24.32134429297718,1150.0008251042025,0,0,0.02432134429297718,500,150,59.99996967342122,nan,0,nan,nan,nan,nan,nan,0.001284,0.0005755000000000001,0.00067135,0.00084165,0.001284,0.0011345,0.00051185,0.0006002,0.0007584,0.0011345,nan,nan,nan,nan,nan,0,05_resultados\revisao_operacional\campanha_v1\j01154.mat,campanha_v1
j01155,montecarlo,perda_fonte,mpc_qp_v5,82,-8,0.9966087640299255,{},350.00088754283655,350.00088754283655,1,14.584815523132958,14.583333959931531,150,150,150,150,56.939224030296096,55.54467181829941,60,28.50255734727102,1632.7277082051785,0,1.6666666666666667,0.02850255734727102,500,150,59.185677912644834,0.014570861241800515,734,0,0,0.0020763904122986787,333283.200808402,4015243775612013.0,0.0231994,0.0235318,0.0313578,0.038772650000000006,0.045172,0.0153358,0.0184507,0.02550105,0.03300605,0.039779,0.0054694,0.00503345,0.005773749999999999,0.00601175,0.0063903,0,05_resultados\revisao_operacional\campanha_v1\j01155.mat,campanha_v1
j01156,montecarlo,perda_fonte,mpc_qp_estocastico_3cen,82,-8,0.9966087640299255,{},350.0000001495396,350.0000001495396,1,14.58333333345044,14.583333333450438,150,150,150,150,49.43991795976966,49.43991795976966,60,50.16038969109429,831.0153566162353,0,0,0.050160389691094286,500,150,56.139608428977354,7.105427357601002e-15,0,0,0,7.958078640513122e-13,666566.4042708572,8858386386927326.0,0.0466485,0.05371285,0.06580325000000001,0.1093177,0.1203843,0.0322451,0.0414235,0.053791099999999994,0.096912,0.1079673,0.0114861,0.01188545,0.01298905,0.01401285,0.0160735,0,05_resultados\revisao_operacional\evento_adiantado_corrigido_v1\j01156.mat,evento_adiantado_corrigido_v1
j01157,montecarlo,perda_fonte,heuristico,83,-5,0.8931352884693403,{},592.6122638850534,592.6122638850534,1,14.754610453615202,14.754610453615202,150,150,150,150,57.93978528855198,56.5039066455025,60,24.16369944991276,850,0,0,0.02416369944991276,500,150,60,nan,0,nan,nan,nan,nan,nan,4.41e-05,1.38e-05,1.84e-05,2.01e-05,5.09e-05,nan,nan,nan,nan,nan,nan,nan,nan,nan,nan,0,05_resultados\revisao_operacional\campanha_v1\j01157.mat,campanha_v1
j01158,montecarlo,perda_fonte,heuristico_foresight,83,-5,0.8931352884693403,{},351.02328610238675,351.02328610238675,1,14.584055743214991,14.584055743214991,150,150,150,150,57.42468397877276,55.993370894680886,60,26.564715008643827,850.0000000000001,0,0,0.026564715008643828,500,150,59.55715381817394,nan,0,nan,nan,nan,nan,nan,4.25e-05,9.2e-06,1.06e-05,1.74e-05,4.7e-05,nan,nan,nan,nan,nan,nan,nan,nan,nan,nan,0,05_resultados\revisao_operacional\campanha_v1\j01158.mat,campanha_v1
j01159,montecarlo,perda_fonte,miope_qp,83,-5,0.8931352884693403,{},592.6116232891053,592.6116232891053,1,14.754610001373313,14.75461000137331,150,150,150,150,57.9147667951044,56.47501255161039,60,24.32134429297718,1150.0008251042025,0,0,0.02432134429297718,500,150,59.99996967342122,nan,0,nan,nan,nan,nan,nan,0.0012605,0.0006074,0.00070315,0.00094205,0.0012605,0.0011186,0.0005408500000000001,0.00063015,0.00084035,0.0011186,nan,nan,nan,nan,nan,0,05_resultados\revisao_operacional\campanha_v1\j01159.mat,campanha_v1
j01160,montecarlo,perda_fonte,mpc_qp_v5,83,-5,0.8931352884693403,{},350.0148328108361,350.0148328108361,1,14.586970852319663,14.583343804874024,150,150,150,150,56.97104245109651,55.57596282043743,60.03416381940614,28.698788692812677,1933.8293426404182,0,1.1666666666666667,0.028698788692812678,500,150,59.21694086989839,0.11703553982267323,853,0,0,0.0017314535992909441,333283.200808402,4015243775612013.0,0.0216963,0.021814899999999998,0.031797450000000005,0.0380851,0.096194,0.0140901,0.0171407,0.02638645,0.032831849999999996,0.0908962,0.0054157,0.004568549999999999,0.005134949999999999,0.0054179499999999995,0.0062341,0,05_resultados\revisao_operacional\campanha_v1\j01160.mat,campanha_v1
j01161,montecarlo,perda_fonte,mpc_qp_estocastico_3cen,83,-5,0.8931352884693403,{},350.00001915372,350.00001915372,1,14.583333346892296,14.583333346892294,150,150,150,150,55.06523097312059,55.06523097312059,60,23.440152877676244,1454.8585372387743,0,0.08333333333333334,0.023440152877676243,500,150,58.832859219167325,7.105427357601002e-15,0,0,0,0.0009492687401007061,666566.4042708572,8858386386927326.0,0.0486583,0.053795899999999994,0.06182335,0.10697995,0.1481678,0.0338423,0.0415561,0.0498478,0.0949192,0.1359621,0.0122369,0.01194845,0.01282025,0.01360235,0.0163305,0,05_resultados\revisao_operacional\evento_adiantado_corrigido_v1\j01161.mat,evento_adiantado_corrigido_v1
j01162,montecarlo,perda_fonte,heuristico,84,-1,0.8218181446575611,{},592.6122638850534,592.6122638850534,1,14.754610453615202,14.754610453615202,150,150,150,150,57.93978528855198,56.5039066455025,60,24.16369944991276,850,0,0,0.02416369944991276,500,150,60,nan,0,nan,nan,nan,nan,nan,4.05e-05,8e-06,1.01e-05,1.06e-05,4.05e-05,nan,nan,nan,nan,nan,nan,nan,nan,nan,nan,0,05_resultados\revisao_operacional\campanha_v1\j01162.mat,campanha_v1
j01163,montecarlo,perda_fonte,heuristico_foresight,84,-1,0.8218181446575611,{},357.5611184157917,357.5611184157917,1,14.588671260475307,14.588671260475307,150,150,150,150,57.51825123023475,56.08693814614288,60,26.12027056419938,850.0000000000001,0,0,0.02612027056419938,500,150,59.64974938179165,nan,0,nan,nan,nan,nan,nan,4.37e-05,8.7e-06,1e-05,1.95e-05,4.37e-05,nan,nan,nan,nan,nan,nan,nan,nan,nan,nan,0,05_resultados\revisao_operacional\campanha_v1\j01163.mat,campanha_v1
j01164,montecarlo,perda_fonte,miope_qp,84,-1,0.8218181446575611,{},592.6116232891053,592.6116232891053,1,14.754610001373313,14.75461000137331,150,150,150,150,57.9147667951044,56.47501255161039,60,24.32134429297718,1150.0008251042025,0,0,0.02432134429297718,500,150,59.99996967342122,nan,0,nan,nan,nan,nan,nan,0.0012717,0.0005731,0.00065905,0.0008519,0.0012717,0.0011292,0.0005097,0.00058385,0.00076085,0.0011292,nan,nan,nan,nan,nan,0,05_resultados\revisao_operacional\campanha_v1\j01164.mat,campanha_v1
j01165,montecarlo,perda_fonte,mpc_qp_v5,84,-1,0.8218181446575611,{},350.03504220317734,350.03504220317734,1,14.58808207199661,14.58335807212,150,150,150,150,57.066374227683156,55.67101287042709,60.058670582045025,28.49417381071854,1835.2090950260342,0,0.75,0.02849417381071854,500,150,59.31197003139613,0.11695418999008211,852,0,0,0.0026493091634165467,333283.200808402,4015243775612013.0,0.0211437,0.021671700000000002,0.031404100000000004,0.03790035,0.0694763,0.0142314,0.01700155,0.02606865,0.03299985,0.0642691,0.0048006,0.0044261000000000005,0.00513565,0.0056927,0.0069495,0,05_resultados\revisao_operacional\campanha_v1\j01165.mat,campanha_v1
j01166,montecarlo,perda_fonte,mpc_qp_estocastico_3cen,84,-1,0.8218181446575611,{},350.0002114977114,350.0002114977114,1,14.587935641902025,14.583333482679304,150,150,150,150,56.81664619183747,55.421357981134406,60.0402298000717,29.49499909139857,1535.7643222081838,0,0.08333333333333334,0.02949499909139857,500,150,59.06233400824833,0.11701647285411099,852,0,0,0.00023856034255231862,666566.4016168036,8030487551224027.0,0.0406312,0.0464991,0.06404655000000001,0.10508365,0.3122008,0.0263122,0.0346287,0.05084455,0.0927766,0.3001544,0.0112914,0.01163885,0.012504250000000001,0.0134565,0.025167,0,05_resultados\revisao_operacional\evento_adiantado_corrigido_v1\j01166.mat,evento_adiantado_corrigido_v1
j01167,montecarlo,perda_fonte,heuristico,85,10,1.139410100936316,{},592.6122638850534,592.6122638850534,1,14.754610453615202,14.754610453615202,150,150,150,150,57.93978528855198,56.5039066455025,60,24.16369944991276,850,0,0,0.02416369944991276,500,150,60,nan,0,nan,nan,nan,nan,nan,3.94e-05,8e-06,9.1e-06,1.2450000000000001e-05,3.94e-05,nan,nan,nan,nan,nan,nan,nan,nan,nan,nan,0,05_resultados\revisao_operacional\campanha_v1\j01167.mat,campanha_v1
j01168,montecarlo,perda_fonte,heuristico_foresight,85,10,1.139410100936316,{},559.5214215020536,559.5214215020536,1,14.731249292475605,14.731249292475603,150,150,150,150,52.964307828892025,52.964307828892025,60,33.419537812757405,745.442424297763,0,0,0.0334195378127574,500,150,58.40966738765935,nan,0,nan,nan,nan,nan,nan,4.09e-05,8.4e-06,9.3e-06,1.02e-05,4.09e-05,nan,nan,nan,nan,nan,nan,nan,nan,nan,nan,0,05_resultados\revisao_operacional\campanha_v1\j01168.mat,campanha_v1
j01169,montecarlo,perda_fonte,miope_qp,85,10,1.139410100936316,{},592.6116232891053,592.6116232891053,1,14.754610001373313,14.75461000137331,150,150,150,150,57.9147667951044,56.47501255161039,60,24.32134429297718,1150.0008251042025,0,0,0.02432134429297718,500,150,59.99996967342122,nan,0,nan,nan,nan,nan,nan,0.001446,0.00061455,0.00071935,0.000949,0.001446,0.0012771,0.00054665,0.00063385,0.0008627,0.0012771,nan,nan,nan,nan,nan,0,05_resultados\revisao_operacional\campanha_v1\j01169.mat,campanha_v1
j01170,montecarlo,perda_fonte,mpc_qp_v5,85,10,1.139410100936316,{},384.6847034905618,384.6847034905618,1,14.60781971353669,14.607819713536689,150,150,150,150,51.85908429715589,51.85908429715589,60,38.669349588510165,1665.14935349682,0,2.4166666666666665,0.03866934958851016,500,150,58.086907728848395,7.105427357601002e-15,0,0,0,0.003624455353076428,333283.2021354289,4843142611315303.0,0.0261817,0.029793,0.034488099999999994,0.04430295,0.0515465,0.0175084,0.02440695,0.0290773,0.038820099999999996,0.046013,0.0060367,0.00502815,0.0056208000000000004,0.005920099999999999,0.0068231,0,05_resultados\revisao_operacional\campanha_v1\j01170.mat,campanha_v1
j01171,montecarlo,perda_fonte,mpc_qp_estocastico_3cen,85,10,1.139410100936316,{},350.00528871077466,350.00528871077466,1,14.583337067023034,14.583337067023031,150,150,150,150,41.97742990146455,41.97742990146455,60,85.60720796804313,1947.400129748194,0,0.16666666666666669,0.08560720796804312,500,150,52.99861723471312,7.105427357601002e-15,0,0,0,7.088065740390448e-05,666566.4042708572,9686285222630616.0,0.0530584,0.06331585,0.0830175,0.1074611,0.1555036,0.037302,0.05082845,0.06789970000000001,0.0949073,0.1428497,0.0125625,0.0120634,0.01509775,0.01921745,0.0285809,0,05_resultados\revisao_operacional\evento_adiantado_corrigido_v1\j01171.mat,evento_adiantado_corrigido_v1
j01172,montecarlo,perda_fonte,heuristico,86,3,0.9550517564228432,{},592.6122638850534,592.6122638850534,1,14.754610453615202,14.754610453615202,150,150,150,150,57.93978528855198,56.5039066455025,60,24.16369944991276,850,0,0,0.02416369944991276,500,150,60,nan,0,nan,nan,nan,nan,nan,3.89e-05,7.8e-06,9.1e-06,1.34e-05,3.89e-05,nan,nan,nan,nan,nan,nan,nan,nan,nan,nan,0,05_resultados\revisao_operacional\campanha_v1\j01172.mat,campanha_v1
j01173,montecarlo,perda_fonte,heuristico_foresight,86,3,0.9550517564228432,{},386.72739546127775,386.72739546127775,1,14.609261793953285,14.609261793953285,150,150,150,150,57.55741789690142,56.13138259058732,60,25.881381675310493,850.0000000000001,0,0,0.025881381675310493,500,150,59.73664260281383,nan,0,nan,nan,nan,nan,nan,4.32e-05,8.8e-06,9.9e-06,1.93e-05,4.32e-05,nan,nan,nan,nan,nan,nan,nan,nan,nan,nan,0,05_resultados\revisao_operacional\campanha_v1\j01173.mat,campanha_v1
j01174,montecarlo,perda_fonte,miope_qp,86,3,0.9550517564228432,{},592.6116232891053,592.6116232891053,1,14.754610001373313,14.75461000137331,150,150,150,150,57.9147667951044,56.47501255161039,60,24.32134429297718,1150.0008251042025,0,0,0.02432134429297718,500,150,59.99996967342122,nan,0,nan,nan,nan,nan,nan,0.001213,0.0005728,0.00065145,0.00079795,0.001213,0.0010796,0.0005096,0.0005802,0.0007144,0.0010796,nan,nan,nan,nan,nan,0,05_resultados\revisao_operacional\campanha_v1\j01174.mat,campanha_v1
j01175,montecarlo,perda_fonte,mpc_qp_v5,86,3,0.9550517564228432,{},350.3113029095823,350.3113029095823,1,14.586072676538457,14.583553104049892,150,150,150,150,57.24087409069571,55.85135122999884,60.0140210598145,27.15975495747446,1832.282985071287,0,1.6666666666666667,0.02715975495747446,500,150,59.53905845813942,0.117105237900617,853,0,0,0.0049904607025723635,333283.200808402,4015243775612013.0,0.0211306,0.02231475,0.03244105,0.040435650000000004,0.0440017,0.0138129,0.01763295,0.02693265,0.035271250000000004,0.0388462,0.0053553,0.0046226,0.0054347,0.0060239000000000004,0.0064037,0,05_resultados\revisao_operacional\campanha_v1\j01175.mat,campanha_v1
j01176,montecarlo,perda_fonte,mpc_qp_estocastico_3cen,86,3,0.9550517564228432,{},350.00045020322545,350.00045020322545,1,14.583333651177506,14.583333651177506,150,150,150,150,51.927769927397094,51.927769927397094,60,38.34309284486337,1763.388898531937,0,0.16666666666666669,0.03834309284486337,500,150,57.48636392806875,0.1281317832086799,174,0,0,0.009305903815743477,666566.4042708572,8858386386927326.0,0.0613994,0.057807750000000005,0.0873102,0.11894915,0.1532764,0.0401839,0.0441193,0.06633595,0.10312345,0.1406036,0.0176597,0.01332275,0.017692199999999998,0.022584649999999998,0.0463612,0,05_resultados\revisao_operacional\evento_adiantado_corrigido_v1\j01176.mat,evento_adiantado_corrigido_v1
j01177,montecarlo,perda_fonte,heuristico,87,1,0.8136060477832462,{},592.6122638850534,592.6122638850534,1,14.754610453615202,14.754610453615202,150,150,150,150,57.93978528855198,56.5039066455025,60,24.16369944991276,850,0,0,0.02416369944991276,500,150,60,nan,0,nan,nan,nan,nan,nan,3.63e-05,7.7e-06,9.1e-06,1.05e-05,3.63e-05,nan,nan,nan,nan,nan,nan,nan,nan,nan,nan,0,05_resultados\revisao_operacional\campanha_v1\j01177.mat,campanha_v1
j01178,montecarlo,perda_fonte,heuristico_foresight,87,1,0.8136060477832462,{},370.5532507924737,370.5532507924737,1,14.597843323684993,14.597843323684993,150,150,150,150,57.56503485596575,56.13372177187387,60,25.89804834197716,850,0,0,0.02589804834197716,500,150,59.694602046846924,nan,0,nan,nan,nan,nan,nan,4.21e-05,8.8e-06,1.005e-05,1.43e-05,4.21e-05,nan,nan,nan,nan,nan,nan,nan,nan,nan,nan,0,05_resultados\revisao_operacional\campanha_v1\j01178.mat,campanha_v1
j01179,montecarlo,perda_fonte,miope_qp,87,1,0.8136060477832462,{},592.6116232891053,592.6116232891053,1,14.754610001373313,14.75461000137331,150,150,150,150,57.9147667951044,56.47501255161039,60,24.32134429297718,1150.0008251042025,0,0,0.02432134429297718,500,150,59.99996967342122,nan,0,nan,nan,nan,nan,nan,0.0012494,0.0005778,0.0006816999999999999,0.00087115,0.0012494,0.001114,0.0005148500000000001,0.0006028,0.0007804000000000001,0.001114,nan,nan,nan,nan,nan,0,05_resultados\revisao_operacional\campanha_v1\j01179.mat,campanha_v1
j01180,montecarlo,perda_fonte,mpc_qp_v5,87,1,0.8136060477832462,{},350.0958000213839,350.0958000213839,1,14.58824969480828,14.583400965342271,150,150,150,150,57.109911874447356,55.71451889950554,60.06187867057591,28.319809678466587,1741.6672466063492,0,0.9166666666666666,0.028319809678466586,500,150,59.355464976688026,0.1169445105360083,852,0,0,0.0030578066321140795,333283.200808402,4015243775612013.0,0.021048,0.02171315,0.0311239,0.0372246,0.1578265,0.0141912,0.0169997,0.0255623,0.0320072,0.1529298,0.0051088,0.00454325,0.0052374,0.0055701,0.0061108,0,05_resultados\revisao_operacional\campanha_v1\j01180.mat,campanha_v1
j01181,montecarlo,perda_fonte,mpc_qp_estocastico_3cen,87,1,0.8136060477832462,{},350.00003095429554,350.00003095429554,1,14.58821836023976,14.583333355219798,150,150,150,150,56.77191242584724,55.37656091879434,60.043489789362475,29.740761063701235,856.0025201480482,0,0,0.029740761063701236,500,150,59.01753476111523,0.1170062860768013,852,0,0,2.2737367544323206e-13,666566.4016168036,8030487551224027.0,0.0448885,0.047625600000000004,0.06684435,0.1041588,0.1255404,0.0281599,0.035284449999999995,0.0525453,0.09035065,0.1083083,0.013484,0.0122764,0.0147147,0.0167848,0.0347946,0,05_resultados\revisao_operacional\evento_adiantado_corrigido_v1\j01181.mat,evento_adiantado_corrigido_v1
j01182,montecarlo,perda_fonte,heuristico,88,10,1.0269230359831747,{},592.6122638850534,592.6122638850534,1,14.754610453615202,14.754610453615202,150,150,150,150,57.93978528855198,56.5039066455025,60,24.16369944991276,850,0,0,0.02416369944991276,500,150,60,nan,0,nan,nan,nan,nan,nan,3.63e-05,7.8e-06,9e-06,9.999999999999999e-06,3.63e-05,nan,nan,nan,nan,nan,nan,nan,nan,nan,nan,0,05_resultados\revisao_operacional\campanha_v1\j01182.mat,campanha_v1
j01183,montecarlo,perda_fonte,heuristico_foresight,88,10,1.0269230359831747,{},443.33660581542915,443.33660581542915,1,14.64922623093444,14.64922623093444,150,150,150,150,57.50619713666749,56.09863405257561,60,25.939715008643827,850,0,0,0.025939715008643827,500,150,59.85922318918037,nan,0,nan,nan,nan,nan,nan,4.41e-05,9e-06,1.13e-05,1.61e-05,5.34e-05,nan,nan,nan,nan,nan,nan,nan,nan,nan,nan,0,05_resultados\revisao_operacional\campanha_v1\j01183.mat,campanha_v1
j01184,montecarlo,perda_fonte,miope_qp,88,10,1.0269230359831747,{},592.6116232891053,592.6116232891053,1,14.754610001373313,14.75461000137331,150,150,150,150,57.9147667951044,56.47501255161039,60,24.32134429297718,1150.0008251042025,0,0,0.02432134429297718,500,150,59.99996967342122,nan,0,nan,nan,nan,nan,nan,0.0012719,0.00057255,0.0006585499999999999,0.0008611999999999999,0.0012719,0.0011331,0.00050975,0.00058775,0.0007756499999999999,0.0011331,nan,nan,nan,nan,nan,0,05_resultados\revisao_operacional\campanha_v1\j01184.mat,campanha_v1
j01185,montecarlo,perda_fonte,mpc_qp_v5,88,10,1.0269230359831747,{},369.67321589359403,369.67321589359403,1,14.597222044956013,14.597222044956013,150,150,150,150,56.65464162163193,55.83727649954603,60,24.074858322344948,1754.3474353895447,0,2,0.024074858322344947,500,150,59.696810873841414,0.008732146888604575,865,0,4.640022513867368e-10,0.014981180075892553,333283.200808402,4015243775612013.0,0.0228702,0.02583285,0.0324656,0.0412719,0.0467365,0.0156577,0.0210574,0.027059800000000002,0.0356856,0.041255,0.0050548,0.0046370000000000005,0.0053853,0.00590625,0.006621,0,05_resultados\revisao_operacional\campanha_v1\j01185.mat,campanha_v1
j01186,montecarlo,perda_fonte,mpc_qp_estocastico_3cen,88,10,1.0269230359831747,{},350.01598149167927,350.01598149167927,1,14.58334461581669,14.583344615816689,150,150,150,150,48.10690874848338,48.10690874848338,60,56.49218344470295,1622.7683317030717,0,0.16666666666666669,0.05649218344470295,500,150,55.817846031882134,0.1266059919581295,115,0,0,1.9326762412674725e-12,666566.4042708572,8858386386927326.0,0.0503452,0.056047349999999996,0.08488645,0.11369850000000001,0.1593187,0.0347036,0.04234385,0.0701733,0.09969454999999999,0.1458975,0.012994,0.013094,0.0163575,0.021210649999999998,0.0400275,0,05_resultados\revisao_operacional\evento_adiantado_corrigido_v1\j01186.mat,evento_adiantado_corrigido_v1
j01187,montecarlo,perda_fonte,heuristico,89,3,1.1310505981576648,{},592.6122638850534,592.6122638850534,1,14.754610453615202,14.754610453615202,150,150,150,150,57.93978528855198,56.5039066455025,60,24.16369944991276,850,0,0,0.02416369944991276,500,150,60,nan,0,nan,nan,nan,nan,nan,4.1e-05,8e-06,9.1e-06,1.235e-05,5.26e-05,nan,nan,nan,nan,nan,nan,nan,nan,nan,nan,0,05_resultados\revisao_operacional\campanha_v1\j01187.mat,campanha_v1
j01188,montecarlo,perda_fonte,heuristico_foresight,89,3,1.1310505981576648,{},563.3241425534572,563.3241425534572,1,14.733933901656071,14.733933901656068,150,150,150,150,53.489395639482474,53.489395639482474,60,30.92537071246454,751.7120513817514,0,0,0.030925370712464543,500,150,58.59242463613682,nan,0,nan,nan,nan,nan,nan,4.01e-05,8.3e-06,9.3e-06,1.27e-05,4.01e-05,nan,nan,nan,nan,nan,nan,nan,nan,nan,nan,0,05_resultados\revisao_operacional\campanha_v1\j01188.mat,campanha_v1
j01189,montecarlo,perda_fonte,miope_qp,89,3,1.1310505981576648,{},592.6116232891053,592.6116232891053,1,14.754610001373313,14.75461000137331,150,150,150,150,57.9147667951044,56.47501255161039,60,24.32134429297718,1150.0008251042025,0,0,0.02432134429297718,500,150,59.99996967342122,nan,0,nan,nan,nan,nan,nan,0.0012611,0.00057715,0.0006718,0.0008624500000000001,0.0012611,0.0011228,0.0005143999999999999,0.0005966999999999999,0.0007703499999999999,0.0011228,nan,nan,nan,nan,nan,0,05_resultados\revisao_operacional\campanha_v1\j01189.mat,campanha_v1
j01190,montecarlo,perda_fonte,mpc_qp_v5,89,3,1.1310505981576648,{},350.5034364493237,350.5034364493237,1,14.583688744660774,14.583688744660773,150,150,150,150,52.16371704261236,52.16371704261236,60,37.22234404759132,1326.3657961732995,0,2.3333333333333335,0.037222344047591324,500,150,58.067111567260945,7.105427357601002e-15,0,0,0,5.823039828101173e-10,333283.2021354289,4843142611315303.0,0.023939,0.029857349999999998,0.0348094,0.0455751,0.0490463,0.0168426,0.0244713,0.029234049999999998,0.04013155,0.0435045,0.0049949,0.0051008,0.0056719,0.00590145,0.0061687,0,05_resultados\revisao_operacional\campanha_v1\j01190.mat,campanha_v1
j01191,montecarlo,perda_fonte,mpc_qp_estocastico_3cen,89,3,1.1310505981576648,{},350.00002244397376,350.00002244397376,1,14.58333334920295,14.58333334920295,150,150,150,150,42.40638332679233,42.40638332679233,60,83.56967919773645,1872.6063009029253,0,0.4166666666666667,0.08356967919773645,500,150,53.1257982974252,7.105427357601002e-15,0,0,0,4.092726157978177e-12,666566.4042708572,9686285222630616.0,0.0525439,0.06516255,0.08422085,0.1309492,0.1671362,0.0374093,0.052082699999999996,0.06623570000000001,0.11589045,0.1517367,0.0123893,0.01266385,0.015050649999999999,0.01982225,0.0289436,0,05_resultados\revisao_operacional\evento_adiantado_corrigido_v1\j01191.mat,evento_adiantado_corrigido_v1
j01192,montecarlo,perda_fonte,heuristico,90,1,1.0309062133720837,{},592.6122638850534,592.6122638850534,1,14.754610453615202,14.754610453615202,150,150,150,150,57.93978528855198,56.5039066455025,60,24.16369944991276,850,0,0,0.02416369944991276,500,150,60,nan,0,nan,nan,nan,nan,nan,4.1e-05,7.7e-06,9.05e-06,1.255e-05,4.31e-05,nan,nan,nan,nan,nan,nan,nan,nan,nan,nan,0,05_resultados\revisao_operacional\campanha_v1\j01192.mat,campanha_v1
j01193,montecarlo,perda_fonte,heuristico_foresight,90,1,1.0309062133720837,{},370.5532507924737,370.5532507924737,1,14.597843323684993,14.597843323684993,150,150,150,150,57.56503485596575,56.13372177187387,60,25.89804834197716,850,0,0,0.02589804834197716,500,150,59.694602046846924,nan,0,nan,nan,nan,nan,nan,3.9e-05,8.8e-06,9.7e-06,1.115e-05,3.9e-05,nan,nan,nan,nan,nan,nan,nan,nan,nan,nan,0,05_resultados\revisao_operacional\campanha_v1\j01193.mat,campanha_v1
j01194,montecarlo,perda_fonte,miope_qp,90,1,1.0309062133720837,{},592.6116232891053,592.6116232891053,1,14.754610001373313,14.75461000137331,150,150,150,150,57.9147667951044,56.47501255161039,60,24.32134429297718,1150.0008251042025,0,0,0.02432134429297718,500,150,59.99996967342122,nan,0,nan,nan,nan,nan,nan,0.0012774,0.0005707,0.0006597,0.0008328000000000001,0.0012774,0.0011326,0.0005079,0.00058035,0.00073765,0.0011326,nan,nan,nan,nan,nan,0,05_resultados\revisao_operacional\campanha_v1\j01194.mat,campanha_v1
j01195,montecarlo,perda_fonte,mpc_qp_v5,90,1,1.0309062133720837,{},350.31442241224306,350.31442241224306,1,14.58355530632248,14.583555306322479,150,150,150,150,56.58506597386904,55.83654661103364,60,23.715979191460907,1578.0833144305177,0,2.25,0.023715979191460908,500,150,59.49033458037364,0.00792836139799391,913,0,0,0.0004815472726704684,333283.200808402,4015243775612013.0,0.0221912,0.025786200000000002,0.0315141,0.04000645,0.0973264,0.0149793,0.021014650000000003,0.026476600000000003,0.034632399999999994,0.0920901,0.004957,0.0045582999999999995,0.00515265,0.00541675,0.0056006,0,05_resultados\revisao_operacional\campanha_v1\j01195.mat,campanha_v1
j01196,montecarlo,perda_fonte,mpc_qp_estocastico_3cen,90,1,1.0309062133720837,{},350.00053646581716,350.00053646581716,1,14.58333371208278,14.583333712082778,150,150,150,150,47.962493990873874,47.962493990873874,60,57.178153543348145,2814.5085755923196,0,0.33333333333333337,0.05717815354334815,500,150,55.641999530242934,0.12959312557947555,175,0,0,0.0009658318550691547,666566.4042708572,8858386386927326.0,0.0491148,0.0540901,0.068049,0.11388345,0.1560457,0.0344344,0.041360999999999995,0.054676100000000005,0.10024555,0.1430016,0.0121092,0.012261049999999999,0.0147192,0.017322999999999998,0.0215865,0,05_resultados\revisao_operacional\evento_adiantado_corrigido_v1\j01196.mat,evento_adiantado_corrigido_v1
j01197,montecarlo,perda_fonte,heuristico,91,16,1.0936747239809819,{},592.6122638850534,592.6122638850534,1,14.754610453615202,14.754610453615202,150,150,150,150,57.93978528855198,56.5039066455025,60,24.16369944991276,850,0,0,0.02416369944991276,500,150,60,nan,0,nan,nan,nan,nan,nan,3.97e-05,8e-06,9e-06,1.085e-05,4.99e-05,nan,nan,nan,nan,nan,nan,nan,nan,nan,nan,0,05_resultados\revisao_operacional\campanha_v1\j01197.mat,campanha_v1
j01198,montecarlo,perda_fonte,heuristico_foresight,91,16,1.0936747239809819,{},580.3263527697472,580.3263527697472,1,14.745936961837945,14.745936961837943,150,150,150,150,54.91615322106442,54.91615322106442,60,24.148272199955315,779.7439570142636,0,0,0.024148272199955315,500,150,59.40954403962284,nan,0,nan,nan,nan,nan,nan,4.3e-05,8.5e-06,9.7e-06,1.925e-05,4.3e-05,nan,nan,nan,nan,nan,nan,nan,nan,nan,nan,0,05_resultados\revisao_operacional\campanha_v1\j01198.mat,campanha_v1
j01199,montecarlo,perda_fonte,miope_qp,91,16,1.0936747239809819,{},592.6116232891053,592.6116232891053,1,14.754610001373313,14.75461000137331,150,150,150,150,57.9147667951044,56.47501255161039,60,24.32134429297718,1150.0008251042025,0,0,0.02432134429297718,500,150,59.99996967342122,nan,0,nan,nan,nan,nan,nan,0.0013049,0.0005786,0.00069155,0.00086685,0.0013049,0.0011596,0.0005153,0.0006175,0.0007589000000000001,0.0011596,nan,nan,nan,nan,nan,0,05_resultados\revisao_operacional\campanha_v1\j01199.mat,campanha_v1
j01200,montecarlo,perda_fonte,mpc_qp_v5,91,16,1.0936747239809819,{},580.3238658107574,580.3238658107574,1,14.745935206129717,14.745935206129715,150,150,150,150,53.83167648092032,53.83167648092032,60,29.29953671562841,1493.9667533499853,0,1.8333333333333333,0.029299536715628408,500,150,59.14071631436489,7.105427357601002e-15,0,0,7.427140162995876e-10,1.6864026974872104e-07,333283.2021354289,4843142611315303.0,0.0240534,0.02840715,0.0344376,0.046328350000000004,0.0559243,0.0168515,0.0230737,0.028819949999999997,0.040479,0.0502643,0.0049396,0.00507095,0.00572585,0.0061096,0.0074651,0,05_resultados\revisao_operacional\campanha_v1\j01200.mat,campanha_v1
j01201,montecarlo,perda_fonte,mpc_qp_estocastico_3cen,91,16,1.0936747239809819,{},350.3556096481275,350.3556096481275,1,14.583584383298165,14.58358438329816,150,150,150,150,44.332750900724115,44.332750900724115,60,74.41943322156044,2997.039616153718,0,0.33333333333333337,0.07441943322156044,500,150,54.18873748406306,7.105427357601002e-15,0,0,0,5.9117155615240335e-12,666566.4042708572,9686285222630616.0,0.0497738,0.062135449999999995,0.0835246,0.10747960000000001,0.1573661,0.0343665,0.04877205,0.07033410000000001,0.09473085,0.1446279,0.0121507,0.01225455,0.01407365,0.0154416,0.0176929,0,05_resultados\revisao_operacional\evento_adiantado_corrigido_v1\j01201.mat,evento_adiantado_corrigido_v1
j01202,montecarlo,perda_fonte,heuristico,92,-5,1.1223191999451558,{},592.6122638850534,592.6122638850534,1,14.754610453615202,14.754610453615202,150,150,150,150,57.93978528855198,56.5039066455025,60,24.16369944991276,850,0,0,0.02416369944991276,500,150,60,nan,0,nan,nan,nan,nan,nan,4.25e-05,8.1e-06,9.3e-06,1.3199999999999999e-05,4.25e-05,nan,nan,nan,nan,nan,nan,nan,nan,nan,nan,0,05_resultados\revisao_operacional\campanha_v1\j01202.mat,campanha_v1
j01203,montecarlo,perda_fonte,heuristico_foresight,92,-5,1.1223191999451558,{},360.818532704552,360.818532704552,1,14.5909708991251,14.590970899125097,150,150,150,150,53.8063396187686,53.8063396187686,60,29.41988681083668,758.2606000411331,0,0,0.02941988681083668,500,150,58.68829466762943,nan,0,nan,nan,nan,nan,nan,5e-05,8.8e-06,1.065e-05,1.515e-05,5e-05,nan,nan,nan,nan,nan,nan,nan,nan,nan,nan,0,05_resultados\revisao_operacional\campanha_v1\j01203.mat,campanha_v1
j01204,montecarlo,perda_fonte,miope_qp,92,-5,1.1223191999451558,{},592.6116232891053,592.6116232891053,1,14.754610001373313,14.75461000137331,150,150,150,150,57.9147667951044,56.47501255161039,60,24.32134429297718,1150.0008251042025,0,0,0.02432134429297718,500,150,59.99996967342122,nan,0,nan,nan,nan,nan,nan,0.0013662,0.0006124500000000001,0.00070235,0.0008458999999999999,0.0013662,0.0012266,0.000546,0.000624,0.0007567,0.0012266,nan,nan,nan,nan,nan,0,05_resultados\revisao_operacional\campanha_v1\j01204.mat,campanha_v1
j01205,montecarlo,perda_fonte,mpc_qp_v5,92,-5,1.1223191999451558,{},350.01419425330346,350.01419425330346,1,14.583343354065967,14.583343354065962,150,150,150,150,52.432543291170646,52.432543291170646,60,35.945419366940115,1352.2160093201533,0,2.25,0.035945419366940116,500,150,58.09754803343308,7.105427357601002e-15,0,0,0,0.005289335377938187,333283.2021354289,4843142611315303.0,0.0260403,0.02957655,0.0345487,0.04520755,0.0519525,0.0178756,0.0242969,0.029116200000000002,0.039752300000000004,0.0463812,0.0057609,0.00496775,0.00552165,0.0057280000000000005,0.0060467,0,05_resultados\revisao_operacional\campanha_v1\j01205.mat,campanha_v1
j01206,montecarlo,perda_fonte,mpc_qp_estocastico_3cen,92,-5,1.1223191999451558,{},350.00000042119996,350.00000042119996,1,14.583333333660853,14.58333333366085,150,150,150,150,42.7734905899876,42.7734905899876,60,81.82591969755852,1856.5997842773133,0,0.4166666666666667,0.08182591969755852,500,150,53.23060391991224,7.105427357601002e-15,0,0,0,6.59383658785373e-12,666566.4042708572,9686285222630616.0,0.053866,0.06503225,0.07568935,0.12317805,0.1659694,0.0375012,0.052627549999999995,0.06242175,0.11124809999999999,0.1529796,0.0131494,0.0121054,0.013363449999999999,0.0149587,0.0174205,0,05_resultados\revisao_operacional\evento_adiantado_corrigido_v1\j01206.mat,evento_adiantado_corrigido_v1
j01207,montecarlo,perda_fonte,heuristico,93,-9,1.151779947867931,{},592.6122638850534,592.6122638850534,1,14.754610453615202,14.754610453615202,150,150,150,150,57.93978528855198,56.5039066455025,60,24.16369944991276,850,0,0,0.02416369944991276,500,150,60,nan,0,nan,nan,nan,nan,nan,4.01e-05,8e-06,9.3e-06,1.465e-05,4.01e-05,nan,nan,nan,nan,nan,nan,nan,nan,nan,nan,0,05_resultados\revisao_operacional\campanha_v1\j01207.mat,campanha_v1
j01208,montecarlo,perda_fonte,heuristico_foresight,93,-9,1.151779947867931,{},351.3738296804002,351.3738296804002,1,14.584303216667545,14.584303216667545,150,150,150,150,52.38070420336074,52.38070420336074,60,36.191655034027455,736.1650390990518,0,0,0.03619165503402746,500,150,57.97274708839371,nan,0,nan,nan,nan,nan,nan,4.22e-05,8.4e-06,9.6e-06,1.445e-05,4.22e-05,nan,nan,nan,nan,nan,nan,nan,nan,nan,nan,0,05_resultados\revisao_operacional\campanha_v1\j01208.mat,campanha_v1
j01209,montecarlo,perda_fonte,miope_qp,93,-9,1.151779947867931,{},592.6116232891053,592.6116232891053,1,14.754610001373313,14.75461000137331,150,150,150,150,57.9147667951044,56.47501255161039,60,24.32134429297718,1150.0008251042025,0,0,0.02432134429297718,500,150,59.99996967342122,nan,0,nan,nan,nan,nan,nan,0.0013242,0.0005741,0.00067165,0.0008194000000000001,0.0013242,0.001146,0.0005111,0.0005928,0.0007385,0.001146,nan,nan,nan,nan,nan,0,05_resultados\revisao_operacional\campanha_v1\j01209.mat,campanha_v1
j01210,montecarlo,perda_fonte,mpc_qp_v5,93,-9,1.151779947867931,{},350.00254882744525,350.00254882744525,1,14.583335132737261,14.583335132737258,150,150,150,150,51.05383219024743,51.05383219024743,60,42.49429709632409,1365.5481399810963,0,2.5,0.04249429709632409,500,150,57.38555111139856,7.105427357601002e-15,0,0,0,0.00022734497463261505,333283.2021354289,4843142611315303.0,0.0244381,0.029956299999999998,0.03494555,0.0437463,0.0741701,0.0165019,0.0244331,0.029124650000000002,0.03801545,0.0682447,0.0054519,0.0051772499999999996,0.005870800000000001,0.0061752000000000005,0.0074384,0,05_resultados\revisao_operacional\campanha_v1\j01210.mat,campanha_v1
j01211,montecarlo,perda_fonte,mpc_qp_estocastico_3cen,93,-9,1.151779947867931,{},350.0000002413529,350.0000002413529,1,14.583333333518071,14.583333333518071,150,150,150,150,41.23055978544677,41.23055978544677,60,89.1548410191275,1461.0422645337353,0,0.08333333333333334,0.0891548410191275,500,150,52.502707625378925,7.105427357601002e-15,0,0,0,1.1937117960769683e-11,666566.4042708572,9686285222630616.0,0.0552299,0.05896375,0.07913215,0.10797935,0.131764,0.0377386,0.0464788,0.06517005000000001,0.09544535,0.1189808,0.0142559,0.01216355,0.0136684,0.01443235,0.0172555,0,05_resultados\revisao_operacional\evento_adiantado_corrigido_v1\j01211.mat,evento_adiantado_corrigido_v1
j01212,montecarlo,perda_fonte,heuristico,94,-1,0.9872512585522888,{},592.6122638850534,592.6122638850534,1,14.754610453615202,14.754610453615202,150,150,150,150,57.93978528855198,56.5039066455025,60,24.16369944991276,850,0,0,0.02416369944991276,500,150,60,nan,0,nan,nan,nan,nan,nan,3.84e-05,7.850000000000001e-06,9.1e-06,1.7650000000000002e-05,3.84e-05,nan,nan,nan,nan,nan,nan,nan,nan,nan,nan,0,05_resultados\revisao_operacional\campanha_v1\j01212.mat,campanha_v1
j01213,montecarlo,perda_fonte,heuristico_foresight,94,-1,0.9872512585522888,{},357.5611184157917,357.5611184157917,1,14.588671260475307,14.588671260475307,150,150,150,150,57.51825123023475,56.08693814614288,60,26.12027056419938,850.0000000000001,0,0,0.02612027056419938,500,150,59.64974938179165,nan,0,nan,nan,nan,nan,nan,4.36e-05,8.8e-06,9.9e-06,1.615e-05,4.36e-05,nan,nan,nan,nan,nan,nan,nan,nan,nan,nan,0,05_resultados\revisao_operacional\campanha_v1\j01213.mat,campanha_v1
j01214,montecarlo,perda_fonte,miope_qp,94,-1,0.9872512585522888,{},592.6116232891053,592.6116232891053,1,14.754610001373313,14.75461000137331,150,150,150,150,57.9147667951044,56.47501255161039,60,24.32134429297718,1150.0008251042025,0,0,0.02432134429297718,500,150,59.99996967342122,nan,0,nan,nan,nan,nan,nan,0.0013106,0.0005758,0.0006739000000000001,0.0008577999999999999,0.0013106,0.0011681,0.0005121,0.00060145,0.0007768,0.0011681,nan,nan,nan,nan,nan,0,05_resultados\revisao_operacional\campanha_v1\j01214.mat,campanha_v1
j01215,montecarlo,perda_fonte,mpc_qp_v5,94,-1,0.9872512585522888,{},350.05390445630087,350.05390445630087,1,14.585262386368694,14.583371388315975,150,150,150,150,57.084369729759565,55.68973102349413,60.00297525817064,27.843773085430293,1768.9050381365803,0,1.5833333333333335,0.027843773085430294,500,150,59.33072691489058,0.11714196511759667,893,0,0,0.0021602358423251644,333283.200808402,4015243775612013.0,0.0223531,0.023053499999999998,0.0321151,0.040834499999999996,0.1065823,0.0150004,0.01795935,0.026355,0.035147750000000005,0.1006945,0.0051644,0.00504375,0.00581545,0.0063708,0.0075207,0,05_resultados\revisao_operacional\campanha_v1\j01215.mat,campanha_v1
j01216,montecarlo,perda_fonte,mpc_qp_estocastico_3cen,94,-1,0.9872512585522888,{},350.000422619558,350.000422619558,1,14.583333631700015,14.583333631700013,150,150,150,150,50.20922343474665,50.20922343474665,60,46.50618868495299,2120.6642325745315,0,0.16666666666666669,0.04650618868495299,500,150,56.642712558350574,0.12236121309135228,57,0,0,0.014030186214199603,666566.4042708572,8858386386927326.0,0.048036,0.053526699999999997,0.06727325,0.11307634999999999,0.1567692,0.0325462,0.04084665,0.053756750000000006,0.09941615000000001,0.142774,0.0125601,0.012314249999999999,0.013932199999999999,0.01521515,0.0189194,0,05_resultados\revisao_operacional\evento_adiantado_corrigido_v1\j01216.mat,evento_adiantado_corrigido_v1
j01217,montecarlo,perda_fonte,heuristico,95,2,1.1900246366153828,{},592.6122638850534,592.6122638850534,1,14.754610453615202,14.754610453615202,150,150,150,150,57.93978528855198,56.5039066455025,60,24.16369944991276,850,0,0,0.02416369944991276,500,150,60,nan,0,nan,nan,nan,nan,nan,3.55e-05,7.9e-06,9.1e-06,1.33e-05,3.55e-05,nan,nan,nan,nan,nan,nan,nan,nan,nan,nan,0,05_resultados\revisao_operacional\campanha_v1\j01217.mat,campanha_v1
j01218,montecarlo,perda_fonte,heuristico_foresight,95,2,1.1900246366153828,{},536.4969707146988,536.4969707146988,1,14.714994707634018,14.714994707634013,150,150,150,150,50.800627709264774,50.800627709264774,60,43.69701838100535,707.4815225384629,0,0,0.04369701838100535,500,150,57.303121517823804,nan,0,nan,nan,nan,nan,nan,4.17e-05,8.4e-06,9.5e-06,1.2e-05,4.17e-05,nan,nan,nan,nan,nan,nan,nan,nan,nan,nan,0,05_resultados\revisao_operacional\campanha_v1\j01218.mat,campanha_v1
j01219,montecarlo,perda_fonte,miope_qp,95,2,1.1900246366153828,{},592.6116232891053,592.6116232891053,1,14.754610001373313,14.75461000137331,150,150,150,150,57.9147667951044,56.47501255161039,60,24.32134429297718,1150.0008251042025,0,0,0.02432134429297718,500,150,59.99996967342122,nan,0,nan,nan,nan,nan,nan,0.0012647,0.0005726500000000001,0.0006633,0.00083365,0.0012647,0.0011179,0.00050955,0.0005916000000000001,0.0007391,0.0011179,nan,nan,nan,nan,nan,0,05_resultados\revisao_operacional\campanha_v1\j01219.mat,campanha_v1
j01220,montecarlo,perda_fonte,mpc_qp_v5,95,2,1.1900246366153828,{},350.56374114403417,350.56374114403417,1,14.58373131800727,14.58373131800727,150,150,150,150,49.52077431530069,49.52077431530069,60,49.776322002322466,1499.49996096718,0,2.5,0.049776322002322466,500,150,56.73615596397821,7.105427357601002e-15,0,0,0,0.2527533405655049,333283.2021354289,4843142611315303.0,0.0243087,0.03008615,0.03540475,0.0421957,0.0639806,0.0169174,0.0244562,0.0293854,0.0366036,0.0582665,0.0050665,0.0052552499999999995,0.0059688499999999995,0.006403000000000001,0.0090271,0,05_resultados\revisao_operacional\campanha_v1\j01220.mat,campanha_v1
j01221,montecarlo,perda_fonte,mpc_qp_estocastico_3cen,95,2,1.1900246366153828,{},350.00007514291144,350.00007514291144,1,14.583333386393646,14.583333386393646,150,150,150,150,39.46730054214765,39.46730054214765,60,97.53032242479857,3987.399848611987,0,0.75,0.09753032242479857,500,150,51.80922747710985,7.105427357601002e-15,0,0,0,0.06369943895390406,666566.4042708572,9686285222630616.0,0.0551408,0.057826249999999996,0.0802383,0.12547025,0.1653526,0.0389862,0.04528035,0.06730895,0.1134085,0.1528859,0.012327,0.012139549999999999,0.013211750000000001,0.0150956,0.0174897,0,05_resultados\revisao_operacional\evento_adiantado_corrigido_v1\j01221.mat,evento_adiantado_corrigido_v1
j01222,montecarlo,perda_fonte,heuristico,96,-7,1.0900755671035214,{},592.6122638850534,592.6122638850534,1,14.754610453615202,14.754610453615202,150,150,150,150,57.93978528855198,56.5039066455025,60,24.16369944991276,850,0,0,0.02416369944991276,500,150,60,nan,0,nan,nan,nan,nan,nan,3.97e-05,8.1e-06,9.5e-06,1.24e-05,3.97e-05,nan,nan,nan,nan,nan,nan,nan,nan,nan,nan,0,05_resultados\revisao_operacional\campanha_v1\j01222.mat,campanha_v1
j01223,montecarlo,perda_fonte,heuristico_foresight,96,-7,1.0900755671035214,{},354.24856156985913,354.24856156985913,1,14.586332692802527,14.586332692802525,150,150,150,150,55.23584841050714,55.23584841050714,60,22.62972005007634,782.4433246723589,0,0,0.02262972005007634,500,150,59.34315296360831,nan,0,nan,nan,nan,nan,nan,4.2e-05,8.6e-06,9.7e-06,1.25e-05,4.2e-05,nan,nan,nan,nan,nan,nan,nan,nan,nan,nan,0,05_resultados\revisao_operacional\campanha_v1\j01223.mat,campanha_v1
j01224,montecarlo,perda_fonte,miope_qp,96,-7,1.0900755671035214,{},592.6116232891053,592.6116232891053,1,14.754610001373313,14.75461000137331,150,150,150,150,57.9147667951044,56.47501255161039,60,24.32134429297718,1150.0008251042025,0,0,0.02432134429297718,500,150,59.99996967342122,nan,0,nan,nan,nan,nan,nan,0.0012546,0.0006169999999999999,0.0008221,0.0013328,0.0018132,0.0011069,0.0005483,0.0007297,0.0011647,0.0015988,nan,nan,nan,nan,nan,0,05_resultados\revisao_operacional\campanha_v1\j01224.mat,campanha_v1
j01225,montecarlo,perda_fonte,mpc_qp_v5,96,-7,1.0900755671035214,{},350.012689563137,350.012689563137,1,14.583342291803149,14.583342291803145,150,150,150,150,53.88659144507432,53.88659144507432,60,29.03869063589766,1774.4308086491537,0,1.8333333333333333,0.02903869063589766,500,150,58.816028997790845,7.105427357601002e-15,0,0,0,7.712174010521267e-09,333283.2021354289,4843142611315303.0,0.025919,0.02921305,0.0357412,0.04744955,0.0988705,0.0180726,0.0235697,0.0297348,0.041744050000000005,0.0925346,0.0056652,0.0052229,0.0061348,0.0071447,0.0108061,0,05_resultados\revisao_operacional\campanha_v1\j01225.mat,campanha_v1
j01226,montecarlo,perda_fonte,mpc_qp_estocastico_3cen,96,-7,1.0900755671035214,{},350.0000030198329,350.0000030198329,1,14.583333335476887,14.583333335476887,150,150,150,150,44.440547458139164,44.440547458139164,60,73.90739957383944,2996.9071983080053,0,0.6666666666666667,0.07390739957383945,500,150,54.00857768400302,7.105427357601002e-15,0,0,0,0.11536712802603688,666566.4042708572,9686285222630616.0,0.0487935,0.061250399999999997,0.07681260000000001,0.11142055000000001,0.1723959,0.0330352,0.04789515,0.06396715,0.09861905,0.1599696,0.013005,0.0123025,0.014014,0.015221950000000001,0.0166623,0,05_resultados\revisao_operacional\evento_adiantado_corrigido_v1\j01226.mat,evento_adiantado_corrigido_v1
j01227,montecarlo,perda_fonte,heuristico,97,-7,1.006270715548464,{},592.6122638850534,592.6122638850534,1,14.754610453615202,14.754610453615202,150,150,150,150,57.93978528855198,56.5039066455025,60,24.16369944991276,850,0,0,0.02416369944991276,500,150,60,nan,0,nan,nan,nan,nan,nan,3.95e-05,8.1e-06,9.2e-06,1.19e-05,3.95e-05,nan,nan,nan,nan,nan,nan,nan,nan,nan,nan,0,05_resultados\revisao_operacional\campanha_v1\j01227.mat,campanha_v1
j01228,montecarlo,perda_fonte,heuristico_foresight,97,-7,1.006270715548464,{},350.3764459195046,350.3764459195046,1,14.583599093076895,14.583599093076895,150,150,150,150,57.37790035304177,55.94658726894989,60,26.786937230866048,850,0,0,0.02678693723086605,500,150,59.51046632931412,nan,0,nan,nan,nan,nan,nan,4.38e-05,8.9e-06,1.13e-05,1.42e-05,5.53e-05,nan,nan,nan,nan,nan,nan,nan,nan,nan,nan,0,05_resultados\revisao_operacional\campanha_v1\j01228.mat,campanha_v1
j01229,montecarlo,perda_fonte,miope_qp,97,-7,1.006270715548464,{},592.6116232891053,592.6116232891053,1,14.754610001373313,14.75461000137331,150,150,150,150,57.9147667951044,56.47501255161039,60,24.32134429297718,1150.0008251042025,0,0,0.02432134429297718,500,150,59.99996967342122,nan,0,nan,nan,nan,nan,nan,0.0012706,0.000582,0.000714,0.000918,0.001389,0.0011253,0.0005179,0.0006327500000000001,0.0008295,0.001202,nan,nan,nan,nan,nan,0,05_resultados\revisao_operacional\campanha_v1\j01229.mat,campanha_v1
j01230,montecarlo,perda_fonte,mpc_qp_v5,97,-7,1.006270715548464,{},350.0038919932412,350.0038919932412,1,14.583336080991563,14.583336080991561,150,150,150,150,56.95286928371183,55.689781704427794,60,27.12136626862147,1615.0458526622094,0,2.3333333333333335,0.02712136626862147,500,150,59.33312514208124,0.013330620585918496,776,0,0,0.0022422202575285155,333283.200808402,4015243775612013.0,0.0236997,0.027185149999999998,0.03692695,0.0435888,0.0951665,0.0164426,0.0217998,0.0301552,0.037181000000000006,0.0891883,0.0052164,0.0049642,0.00633705,0.0078841,0.0234333,0,05_resultados\revisao_operacional\campanha_v1\j01230.mat,campanha_v1
j01231,montecarlo,perda_fonte,mpc_qp_estocastico_3cen,97,-7,1.006270715548464,{},350.0000031110952,350.0000031110952,1,14.583333335544726,14.58333333554472,150,150,150,150,49.06948292418446,49.06948292418446,60,51.91995611012346,1748.6490296116358,0,0.16666666666666669,0.051919956110123455,500,150,56.04480178816735,0.12753225872820906,116,0,0,0.0032725313151331648,666566.4042708572,8858386386927326.0,0.0482494,0.05399355,0.06572839999999999,0.1069195,0.1629099,0.0335967,0.041390750000000004,0.05369985,0.0939203,0.1497424,0.0119747,0.01221855,0.013537899999999999,0.0147989,0.0162086,0,05_resultados\revisao_operacional\evento_adiantado_corrigido_v1\j01231.mat,evento_adiantado_corrigido_v1
j01232,montecarlo,perda_fonte,heuristico,98,3,1.0743191419030527,{},592.6122638850534,592.6122638850534,1,14.754610453615202,14.754610453615202,150,150,150,150,57.93978528855198,56.5039066455025,60,24.16369944991276,850,0,0,0.02416369944991276,500,150,60,nan,0,nan,nan,nan,nan,nan,3.94e-05,8.1e-06,9.55e-06,1.415e-05,3.94e-05,nan,nan,nan,nan,nan,nan,nan,nan,nan,nan,0,05_resultados\revisao_operacional\campanha_v1\j01232.mat,campanha_v1
j01233,montecarlo,perda_fonte,heuristico_foresight,98,3,1.0743191419030527,{},589.1311682448835,589.1311682448835,1,14.752152902512357,14.752152902512357,150,150,150,150,56.09321647065446,56.09321647065446,60,18.557221764397028,794.2606435727105,0,0,0.018557221764397027,500,150,59.83269993978572,nan,0,nan,nan,nan,nan,nan,5.02e-05,8.6e-06,9.5e-06,1.1050000000000001e-05,5.02e-05,nan,nan,nan,nan,nan,nan,nan,nan,nan,nan,0,05_resultados\revisao_operacional\campanha_v1\j01233.mat,campanha_v1
j01234,montecarlo,perda_fonte,miope_qp,98,3,1.0743191419030527,{},592.6116232891053,592.6116232891053,1,14.754610001373313,14.75461000137331,150,150,150,150,57.9147667951044,56.47501255161039,60,24.32134429297718,1150.0008251042025,0,0,0.02432134429297718,500,150,59.99996967342122,nan,0,nan,nan,nan,nan,nan,0.0013162,0.0006065,0.00069525,0.0008641499999999999,0.0013162,0.0011651,0.0005406,0.00061675,0.0007845,0.0011651,nan,nan,nan,nan,nan,0,05_resultados\revisao_operacional\campanha_v1\j01234.mat,campanha_v1
j01235,montecarlo,perda_fonte,mpc_qp_v5,98,3,1.0743191419030527,{},351.7676438267433,351.7676438267433,1,14.584581237878645,14.584581237878643,150,150,150,150,54.780232758214396,54.780232758214396,60,24.79389439848186,1881.1675167507265,0,2,0.024793894398481862,500,150,59.405224867619154,7.105427357601002e-15,0,0,0,2.0411962850630516e-05,333283.2021354289,4843142611315303.0,0.0311642,0.0283271,0.03855075,0.048891649999999995,0.1009275,0.0233727,0.0230776,0.0314014,0.04345805,0.0954793,0.0052628,0.00480915,0.0060478,0.00801585,0.015633,0,05_resultados\revisao_operacional\campanha_v1\j01235.mat,campanha_v1
j01236,montecarlo,perda_fonte,mpc_qp_estocastico_3cen,98,3,1.0743191419030527,{},350.0011709168823,350.0011709168823,1,14.583334159996236,14.583334159996234,150,150,150,150,45.31503616646375,45.31503616646375,60,69.75357820929638,2308.8202652974596,0,0.16666666666666669,0.06975357820929638,500,150,54.47654964599427,7.105427357601002e-15,0,0,0,1.1937117960769683e-11,666566.4042708572,9686285222630616.0,0.0503596,0.0726889,0.07852705,0.109057,0.1521295,0.0345065,0.06018455,0.0653812,0.0964666,0.1395299,0.0130545,0.0121951,0.0131548,0.01428235,0.0156003,0,05_resultados\revisao_operacional\evento_adiantado_corrigido_v1\j01236.mat,evento_adiantado_corrigido_v1
j01237,montecarlo,perda_fonte,heuristico,99,8,0.9588215229696554,{},592.6122638850534,592.6122638850534,1,14.754610453615202,14.754610453615202,150,150,150,150,57.93978528855198,56.5039066455025,60,24.16369944991276,850,0,0,0.02416369944991276,500,150,60,nan,0,nan,nan,nan,nan,nan,4.11e-05,8.2e-06,9.1e-06,9.849999999999999e-06,4.11e-05,nan,nan,nan,nan,nan,nan,nan,nan,nan,nan,0,05_resultados\revisao_operacional\campanha_v1\j01237.mat,campanha_v1
j01238,montecarlo,perda_fonte,heuristico_foresight,99,8,0.9588215229696554,{},427.16266208870786,427.16266208870786,1,14.637807902525346,14.637807902525346,150,150,150,150,57.52473027506906,56.11188941319941,60,25.90452982345864,850,0,0,0.025904529823458637,500,150,59.8280987826856,nan,0,nan,nan,nan,nan,nan,4.23e-05,9e-06,1.12e-05,1.18e-05,4.23e-05,nan,nan,nan,nan,nan,nan,nan,nan,nan,nan,0,05_resultados\revisao_operacional\campanha_v1\j01238.mat,campanha_v1
j01239,montecarlo,perda_fonte,miope_qp,99,8,0.9588215229696554,{},592.6116232891053,592.6116232891053,1,14.754610001373313,14.75461000137331,150,150,150,150,57.9147667951044,56.47501255161039,60,24.32134429297718,1150.0008251042025,0,0,0.02432134429297718,500,150,59.99996967342122,nan,0,nan,nan,nan,nan,nan,0.0013934,0.00061445,0.0006992999999999999,0.00082755,0.0013934,0.0012047,0.00054605,0.00062015,0.0007416,0.0012047,nan,nan,nan,nan,nan,0,05_resultados\revisao_operacional\campanha_v1\j01239.mat,campanha_v1
j01240,montecarlo,perda_fonte,mpc_qp_v5,99,8,0.9588215229696554,{},355.24920610626265,355.24920610626265,1,14.589470181631091,14.587039118426796,150,150,150,150,57.242879627678455,55.86657323362279,60.0129615060944,27.00728061081912,1674.023867404889,0,2,0.02700728061081912,500,150,59.670506577476296,0.1171093510566763,853,0,0,0.0005315067037940935,333283.200808402,4015243775612013.0,0.0227047,0.0232092,0.0342186,0.040729600000000005,0.0459033,0.0146537,0.0182435,0.02844975,0.03515565,0.04003,0.0055669,0.0047146,0.005815,0.0076074,0.0144029,0,05_resultados\revisao_operacional\campanha_v1\j01240.mat,campanha_v1
j01241,montecarlo,perda_fonte,mpc_qp_estocastico_3cen,99,8,0.9588215229696554,{},350.0069003580603,350.0069003580603,1,14.58333820479864,14.58333820479864,150,150,150,150,51.69652768041938,51.69652768041938,60,39.4414935180087,1707.0133888967919,0,0.16666666666666669,0.0394414935180087,500,150,57.46026716427652,0.1281184890045992,117,0,0,0.0003794810184558628,666566.4042708572,8858386386927326.0,0.0458439,0.0546266,0.07888765,0.10863975000000001,0.1500085,0.0305541,0.041984900000000006,0.065803,0.09579525,0.1371017,0.0126732,0.0122156,0.0131142,0.01431175,0.0205122,0,05_resultados\revisao_operacional\evento_adiantado_corrigido_v1\j01241.mat,evento_adiantado_corrigido_v1
j01242,montecarlo,perda_fonte,heuristico,100,-3,0.8551169014066841,{},592.6122638850534,592.6122638850534,1,14.754610453615202,14.754610453615202,150,150,150,150,57.93978528855198,56.5039066455025,60,24.16369944991276,850,0,0,0.02416369944991276,500,150,60,nan,0,nan,nan,nan,nan,nan,3.71e-05,8.1e-06,9.4e-06,1.1249999999999999e-05,3.71e-05,nan,nan,nan,nan,nan,nan,nan,nan,nan,nan,0,05_resultados\revisao_operacional\campanha_v1\j01242.mat,campanha_v1
j01243,montecarlo,perda_fonte,heuristico_foresight,100,-3,0.8551169014066841,{},352.7815800174326,352.7815800174326,1,14.585297046987337,14.585297046987337,150,150,150,150,57.47146760450376,56.04015452041188,60,26.342492786421605,850,0,0,0.026342492786421604,500,150,59.603676116794965,nan,0,nan,nan,nan,nan,nan,4.53e-05,9e-06,1.01e-05,2.2100000000000002e-05,4.53e-05,nan,nan,nan,nan,nan,nan,nan,nan,nan,nan,0,05_resultados\revisao_operacional\campanha_v1\j01243.mat,campanha_v1
j01244,montecarlo,perda_fonte,miope_qp,100,-3,0.8551169014066841,{},592.6116232891053,592.6116232891053,1,14.754610001373313,14.75461000137331,150,150,150,150,57.9147667951044,56.47501255161039,60,24.32134429297718,1150.0008251042025,0,0,0.02432134429297718,500,150,59.99996967342122,nan,0,nan,nan,nan,nan,nan,0.0012305,0.0005833,0.00070585,0.00089445,0.0012305,0.0010881,0.0005183,0.0006301,0.0008026999999999999,0.0010881,nan,nan,nan,nan,nan,0,05_resultados\revisao_operacional\campanha_v1\j01244.mat,campanha_v1
j01245,montecarlo,perda_fonte,mpc_qp_v5,100,-3,0.8551169014066841,{},350.01552602094137,350.01552602094137,1,14.587584978402226,14.583344294264856,150,150,150,150,57.017740261233,55.62250192102963,60.04711912780743,28.60828682698741,1871.9677274077267,0,0.8333333333333334,0.02860828682698741,500,150,59.2634703327084,0.1169922613167671,852,0,0,0.007042600894635598,333283.200808402,4015243775612013.0,0.0211889,0.02230645,0.034976850000000004,0.03935885,0.0966213,0.0142058,0.017472,0.02959435,0.034186350000000004,0.0909115,0.0052011,0.00463485,0.0055392,0.00700445,0.0165318,0,05_resultados\revisao_operacional\campanha_v1\j01245.mat,campanha_v1
j01246,montecarlo,perda_fonte,mpc_qp_estocastico_3cen,100,-3,0.8551169014066841,{},350.0000543354884,350.0000543354884,1,14.58333337171884,14.58333337171884,150,150,150,150,56.23830866385621,55.37074402806384,60.028070385429466,26.836168730232483,1482.0322045649941,0,0.08333333333333334,0.026836168730232483,500,150,59.015820503998945,0.1170569540252373,898,0,0,2.2168933355715126e-12,666566.4016168036,8030487551224027.0,0.042269,0.052114049999999995,0.0644679,0.1035578,0.1833948,0.0268991,0.0399695,0.051553749999999995,0.09099615,0.1699116,0.0121828,0.01186035,0.012679800000000001,0.0134079,0.0154721,0,05_resultados\revisao_operacional\evento_adiantado_corrigido_v1\j01246.mat,evento_adiantado_corrigido_v1
j01247,montecarlo,perda_fonte,heuristico,101,3,1.0992529757064382,{},592.6122638850534,592.6122638850534,1,14.754610453615202,14.754610453615202,150,150,150,150,57.93978528855198,56.5039066455025,60,24.16369944991276,850,0,0,0.02416369944991276,500,150,60,nan,0,nan,nan,nan,nan,nan,4.1e-05,8.2e-06,1.025e-05,1.325e-05,6.05e-05,nan,nan,nan,nan,nan,nan,nan,nan,nan,nan,0,05_resultados\revisao_operacional\campanha_v1\j01247.mat,campanha_v1
j01248,montecarlo,perda_fonte,heuristico_foresight,101,3,1.0992529757064382,{},577.7888172454341,577.7888172454341,1,14.744145536415926,14.744145536415925,150,150,150,150,54.948820748339216,54.948820748339216,60,23.993101445373025,775.5602682201713,0,0,0.023993101445373026,500,150,59.28759110011562,nan,0,nan,nan,nan,nan,nan,4.1e-05,8.7e-06,1.01e-05,1.335e-05,4.1e-05,nan,nan,nan,nan,nan,nan,nan,nan,nan,nan,0,05_resultados\revisao_operacional\campanha_v1\j01248.mat,campanha_v1
j01249,montecarlo,perda_fonte,miope_qp,101,3,1.0992529757064382,{},592.6116232891053,592.6116232891053,1,14.754610001373313,14.75461000137331,150,150,150,150,57.9147667951044,56.47501255161039,60,24.32134429297718,1150.0008251042025,0,0,0.02432134429297718,500,150,59.99996967342122,nan,0,nan,nan,nan,nan,nan,0.0013388,0.00062505,0.00112245,0.00141985,0.0017111,0.001194,0.0005550500000000001,0.0009738,0.00125685,0.0015187,nan,nan,nan,nan,nan,0,05_resultados\revisao_operacional\campanha_v1\j01249.mat,campanha_v1
j01250,montecarlo,perda_fonte,mpc_qp_v5,101,3,1.0992529757064382,{},351.8452134506572,351.8452134506572,1,14.584635999752365,14.584635999752361,150,150,150,150,53.64580570518071,53.64580570518071,60,30.182422900390883,1544.4296197280719,0,2,0.030182422900390884,500,150,58.8265119983567,7.105427357601002e-15,0,0,0,0.0008290615514852107,333283.2021354289,4843142611315303.0,0.0257969,0.029971,0.0401953,0.05197905,0.1016972,0.0185912,0.02432385,0.03207885,0.0436822,0.0959733,0.0051532,0.0052973,0.00679915,0.01090365,0.0303956,0,05_resultados\revisao_operacional\campanha_v1\j01250.mat,campanha_v1
j01251,montecarlo,perda_fonte,mpc_qp_estocastico_3cen,101,3,1.0992529757064382,{},350.00062749039716,350.00062749039716,1,14.583333776346182,14.583333776346178,150,150,150,150,44.04871616129488,44.04871616129488,60,75.76859823384994,2642.947488451042,0,0.4166666666666667,0.07576859823384995,500,150,53.89386844877917,7.105427357601002e-15,0,0,0,0.07247873477854228,666566.4042708572,9686285222630616.0,0.0492247,0.06420719999999999,0.0770583,0.10981435,0.217484,0.0345204,0.051826800000000006,0.06407505,0.0971216,0.2052375,0.0119303,0.0120613,0.01292285,0.013536550000000001,0.0184691,0,05_resultados\revisao_operacional\evento_adiantado_corrigido_v1\j01251.mat,evento_adiantado_corrigido_v1
j01252,montecarlo,perda_fonte,heuristico,102,-4,1.097172736606577,{},592.6122638850534,592.6122638850534,1,14.754610453615202,14.754610453615202,150,150,150,150,57.93978528855198,56.5039066455025,60,24.16369944991276,850,0,0,0.02416369944991276,500,150,60,nan,0,nan,nan,nan,nan,nan,4.79e-05,8.6e-06,1.19e-05,1.825e-05,5.33e-05,nan,nan,nan,nan,nan,nan,nan,nan,nan,nan,0,05_resultados\revisao_operacional\campanha_v1\j01252.mat,campanha_v1
j01253,montecarlo,perda_fonte,heuristico_foresight,102,-4,1.097172736606577,{},368.77572150484576,368.77572150484576,1,14.596588440305538,14.596588440305535,150,150,150,150,54.97813663036631,54.97813663036631,60,23.853851005745483,777.1204475450671,0,0,0.023853851005745483,500,150,59.2540058937251,nan,0,nan,nan,nan,nan,nan,5.46e-05,9.4e-06,1.63e-05,2.5450000000000002e-05,5.46e-05,nan,nan,nan,nan,nan,nan,nan,nan,nan,nan,0,05_resultados\revisao_operacional\campanha_v1\j01253.mat,campanha_v1
j01254,montecarlo,perda_fonte,miope_qp,102,-4,1.097172736606577,{},592.6116232891053,592.6116232891053,1,14.754610001373313,14.75461000137331,150,150,150,150,57.9147667951044,56.47501255161039,60,24.32134429297718,1150.0008251042025,0,0,0.02432134429297718,500,150,59.99996967342122,nan,0,nan,nan,nan,nan,nan,0.0014633,0.00063265,0.00078235,0.00093,0.0014633,0.0012975,0.00056255,0.0006965999999999999,0.0008424,0.0012975,nan,nan,nan,nan,nan,0,05_resultados\revisao_operacional\campanha_v1\j01254.mat,campanha_v1
j01255,montecarlo,perda_fonte,mpc_qp_v5,102,-4,1.097172736606577,{},350.0165750539759,350.0165750539759,1,14.583345034845978,14.583345034845976,150,150,150,150,53.580203741875565,53.580203741875565,60,30.49403222609087,1500.8527085615515,0,1.8333333333333333,0.03049403222609087,500,150,58.67034686455847,7.105427357601002e-15,0,0,0,9.372109502692183e-06,333283.2021354289,4843142611315303.0,0.0280186,0.02925005,0.03808655,0.05507255,0.0971781,0.0196987,0.023881,0.031789,0.0474817,0.091704,0.0056202,0.00503435,0.0062841500000000005,0.0095313,0.019873,0,05_resultados\revisao_operacional\campanha_v1\j01255.mat,campanha_v1
j01256,montecarlo,perda_fonte,mpc_qp_estocastico_3cen,102,-4,1.097172736606577,{},350.0000014237412,350.0000014237412,1,14.583333334361438,14.583333334361438,150,150,150,150,44.04336114509595,44.04336114509595,60,75.7940345607946,1986.5008180449393,0,0.33333333333333337,0.0757940345607946,500,150,53.80683453054871,7.105427357601002e-15,0,0,0,4.888534022029489e-12,666566.4042708572,9686285222630616.0,0.0509112,0.06376035,0.07268464999999999,0.10870715,0.1568026,0.034843,0.051443699999999995,0.0596062,0.0961783,0.1440526,0.0128108,0.012171350000000001,0.01304495,0.01362805,0.0145223,0,05_resultados\revisao_operacional\evento_adiantado_corrigido_v1\j01256.mat,evento_adiantado_corrigido_v1
j01257,montecarlo,perda_fonte,heuristico,103,-12,1.009880707033002,{},592.6122638850534,592.6122638850534,1,14.754610453615202,14.754610453615202,150,150,150,150,57.93978528855198,56.5039066455025,60,24.16369944991276,850,0,0,0.02416369944991276,500,150,60,nan,0,nan,nan,nan,nan,nan,3.92e-05,8.1e-06,9.5e-06,1.51e-05,3.92e-05,nan,nan,nan,nan,nan,nan,nan,nan,nan,nan,0,05_resultados\revisao_operacional\campanha_v1\j01257.mat,campanha_v1
j01258,montecarlo,perda_fonte,heuristico_foresight,103,-12,1.009880707033002,{},350.03090056278455,350.03090056278455,1,14.583355148221518,14.583355148221518,150,150,150,150,57.26094128871428,55.8296282046224,60,27.342492786421605,850,0,0,0.027342492786421604,500,150,59.39355862179829,nan,0,nan,nan,nan,nan,nan,4.76e-05,8.9e-06,9.950000000000001e-06,1.28e-05,4.76e-05,nan,nan,nan,nan,nan,nan,nan,nan,nan,nan,0,05_resultados\revisao_operacional\campanha_v1\j01258.mat,campanha_v1
j01259,montecarlo,perda_fonte,miope_qp,103,-12,1.009880707033002,{},592.6116232891053,592.6116232891053,1,14.754610001373313,14.75461000137331,150,150,150,150,57.9147667951044,56.47501255161039,60,24.32134429297718,1150.0008251042025,0,0,0.02432134429297718,500,150,59.99996967342122,nan,0,nan,nan,nan,nan,nan,0.0012757,0.0005795500000000001,0.00069195,0.0008392499999999999,0.0012757,0.0011341,0.00051595,0.0006141499999999999,0.00075885,0.0011341,nan,nan,nan,nan,nan,0,05_resultados\revisao_operacional\campanha_v1\j01259.mat,campanha_v1
j01260,montecarlo,perda_fonte,mpc_qp_v5,103,-12,1.009880707033002,{},350.0002299939938,350.0002299939938,1,14.583333495728848,14.583333495728844,150,150,150,150,56.72621856648033,55.5386411690045,60,27.44186180236396,1711.099091957116,0,1.9166666666666665,0.027441861802363958,500,150,59.18336433068164,0.012450320470094312,776,0,0,0.00013480630838103025,333283.200808402,4015243775612013.0,0.0234417,0.02690645,0.034166,0.04221105,0.0549439,0.0155731,0.02159175,0.0277745,0.036306649999999996,0.0497087,0.0055003,0.00514325,0.0060503499999999995,0.007684399999999999,0.02014,0,05_resultados\revisao_operacional\campanha_v1\j01260.mat,campanha_v1
j01261,montecarlo,perda_fonte,mpc_qp_estocastico_3cen,103,-12,1.009880707033002,{},350.00000224923656,350.00000224923656,1,14.58333333493781,14.583333334937809,150,150,150,150,48.85019920896479,48.85019920896479,60,52.9615537574171,2507.89940112826,0,0.25,0.0529615537574171,500,150,55.92870681693778,0.12269607919373726,57,0,0,0.007585819991277276,666566.4042708572,8858386386927326.0,0.0470906,0.0533309,0.0683019,0.1132848,0.1597262,0.0324219,0.0405277,0.0549916,0.10077064999999999,0.1470347,0.0116348,0.0123633,0.0147535,0.01563625,0.0186906,0,05_resultados\revisao_operacional\evento_adiantado_corrigido_v1\j01261.mat,evento_adiantado_corrigido_v1
j01262,montecarlo,perda_fonte,heuristico,104,-9,1.0666998685579905,{},592.6122638850534,592.6122638850534,1,14.754610453615202,14.754610453615202,150,150,150,150,57.93978528855198,56.5039066455025,60,24.16369944991276,850,0,0,0.02416369944991276,500,150,60,nan,0,nan,nan,nan,nan,nan,3.67e-05,8.2e-06,9.6e-06,1.925e-05,3.67e-05,nan,nan,nan,nan,nan,nan,nan,nan,nan,nan,0,05_resultados\revisao_operacional\campanha_v1\j01262.mat,campanha_v1
j01263,montecarlo,perda_fonte,heuristico_foresight,104,-9,1.0666998685579905,{},351.6346068089798,351.6346068089798,1,14.58448731764786,14.58448731764786,150,150,150,150,56.25579771404578,56.25579771404578,60,17.784960858289697,799.9750985815072,0,0,0.0177849608582897,500,150,59.801183718972744,nan,0,nan,nan,nan,nan,nan,4.68e-05,8.7e-06,9.7e-06,1.135e-05,4.68e-05,nan,nan,nan,nan,nan,nan,nan,nan,nan,nan,0,05_resultados\revisao_operacional\campanha_v1\j01263.mat,campanha_v1
j01264,montecarlo,perda_fonte,miope_qp,104,-9,1.0666998685579905,{},592.6116232891053,592.6116232891053,1,14.754610001373313,14.75461000137331,150,150,150,150,57.9147667951044,56.47501255161039,60,24.32134429297718,1150.0008251042025,0,0,0.02432134429297718,500,150,59.99996967342122,nan,0,nan,nan,nan,nan,nan,0.0013179,0.0006016,0.00078765,0.0010824,0.0015618,0.0011633,0.0005337499999999999,0.00069015,0.0009804,0.0014144,nan,nan,nan,nan,nan,0,05_resultados\revisao_operacional\campanha_v1\j01264.mat,campanha_v1
j01265,montecarlo,perda_fonte,mpc_qp_v5,104,-9,1.0666998685579905,{},350.0299388614902,350.0299388614902,1,14.58335446929857,14.58335446929857,150,150,150,150,55.01294995947134,55.01294995947134,60,23.68848769251086,1486.9126951026988,0,2.5,0.023688487692510862,500,150,59.42005093885365,7.105427357601002e-15,0,0,0,20.409365630445905,333283.2021354289,4843142611315303.0,0.031143,0.0278015,0.0355712,0.047275250000000005,0.0678254,0.0230885,0.022638949999999998,0.030254200000000002,0.04219515,0.0630953,0.0054482,0.0047127,0.0053223,0.005948,0.0163316,0,05_resultados\revisao_operacional\campanha_v1\j01265.mat,campanha_v1
j01266,montecarlo,perda_fonte,mpc_qp_estocastico_3cen,104,-9,1.0666998685579905,{},350.0000022215841,350.0000022215841,1,14.583333334927124,14.583333334927124,150,150,150,150,45.59271736804323,45.59271736804323,60,68.43459250179353,2644.0085583193277,0,0.25,0.06843459250179353,500,150,54.517854905497416,7.105427357601002e-15,0,0,0,0.03496694395198574,666566.4042708572,9686285222630616.0,0.0503014,0.071737,0.0799099,0.1104521,0.1498472,0.0337863,0.05928,0.06503590000000001,0.09745205,0.1371269,0.0132266,0.01226005,0.01392515,0.0148485,0.0169945,0,05_resultados\revisao_operacional\evento_adiantado_corrigido_v1\j01266.mat,evento_adiantado_corrigido_v1
j01267,montecarlo,perda_fonte,heuristico,105,13,1.1304392818227509,{},592.6122638850534,592.6122638850534,1,14.754610453615202,14.754610453615202,150,150,150,150,57.93978528855198,56.5039066455025,60,24.16369944991276,850,0,0,0.02416369944991276,500,150,60,nan,0,nan,nan,nan,nan,nan,4.08e-05,8.1e-06,9.2e-06,1.1e-05,4.08e-05,nan,nan,nan,nan,nan,nan,nan,nan,nan,nan,0,05_resultados\revisao_operacional\campanha_v1\j01267.mat,campanha_v1
j01268,montecarlo,perda_fonte,heuristico_foresight,105,13,1.1304392818227509,{},563.6022291283887,563.6022291283887,1,14.734130222596242,14.734130222596242,150,150,150,150,53.31150572705341,53.31150572705341,60,31.770347796484145,752.1705386329369,0,0,0.03177034779648415,500,150,58.60578936538694,nan,0,nan,nan,nan,nan,nan,3.94e-05,8.5e-06,9.849999999999999e-06,1.46e-05,3.94e-05,nan,nan,nan,nan,nan,nan,nan,nan,nan,nan,0,05_resultados\revisao_operacional\campanha_v1\j01268.mat,campanha_v1
j01269,montecarlo,perda_fonte,miope_qp,105,13,1.1304392818227509,{},592.6116232891053,592.6116232891053,1,14.754610001373313,14.75461000137331,150,150,150,150,57.9147667951044,56.47501255161039,60,24.32134429297718,1150.0008251042025,0,0,0.02432134429297718,500,150,59.99996967342122,nan,0,nan,nan,nan,nan,nan,0.0012995,0.0005822,0.0007108,0.00085395,0.0012995,0.0011552,0.00051795,0.0006318999999999999,0.0007597000000000001,0.0011552,nan,nan,nan,nan,nan,0,05_resultados\revisao_operacional\campanha_v1\j01269.mat,campanha_v1
j01270,montecarlo,perda_fonte,mpc_qp_v5,105,13,1.1304392818227509,{},496.94199596194443,496.94199596194443,1,14.687070059232223,14.687070059232223,150,150,150,150,52.214582066546015,52.214582066546015,60,36.98073518390672,1688.82759294698,0,2.3333333333333335,0.03698073518390672,500,150,58.2877403513299,7.105427357601002e-15,0,0,0,1.9626423863883247e-07,333283.2021354289,4843142611315303.0,0.0265796,0.03067305,0.03774635,0.0470131,0.0539913,0.0187398,0.02520455,0.0309297,0.04105805,0.0479976,0.0057205,0.00515825,0.00614625,0.007422,0.0125334,0,05_resultados\revisao_operacional\campanha_v1\j01270.mat,campanha_v1
j01271,montecarlo,perda_fonte,mpc_qp_estocastico_3cen,105,13,1.1304392818227509,{},350.0147419715222,350.0147419715222,1,14.583343740756225,14.58334374075622,150,150,150,150,42.47294911342216,42.47294911342216,60,83.25349171124445,2526.4631512970445,0,0.5833333333333334,0.08325349171124445,500,150,53.282306756722626,7.105427357601002e-15,0,0,0,4.092726157978177e-12,666566.4042708572,9686285222630616.0,0.0519433,0.0627404,0.08145535,0.1180422,0.1512612,0.0367722,0.05017135,0.06783085,0.10515525,0.1391207,0.0118298,0.0122613,0.0133782,0.014807649999999999,0.0168612,0,05_resultados\revisao_operacional\evento_adiantado_corrigido_v1\j01271.mat,evento_adiantado_corrigido_v1
j01272,montecarlo,perda_fonte,heuristico,106,9,0.8097324676548671,{},592.6122638850534,592.6122638850534,1,14.754610453615202,14.754610453615202,150,150,150,150,57.93978528855198,56.5039066455025,60,24.16369944991276,850,0,0,0.02416369944991276,500,150,60,nan,0,nan,nan,nan,nan,nan,4.06e-05,8e-06,1.01e-05,2.265e-05,5.73e-05,nan,nan,nan,nan,nan,nan,nan,nan,nan,nan,0,05_resultados\revisao_operacional\campanha_v1\j01272.mat,campanha_v1
j01273,montecarlo,perda_fonte,heuristico_foresight,106,9,0.8097324676548671,{},435.2496593255132,435.2496593255132,1,14.643517084642799,14.643517084642799,150,150,150,150,57.51585356941604,56.10565159643527,60,25.92027056419938,850,0,0,0.02592027056419938,500,150,59.8440508457096,nan,0,nan,nan,nan,nan,nan,4.36e-05,8.8e-06,1.15e-05,2.53e-05,5.22e-05,nan,nan,nan,nan,nan,nan,nan,nan,nan,nan,0,05_resultados\revisao_operacional\campanha_v1\j01273.mat,campanha_v1
j01274,montecarlo,perda_fonte,miope_qp,106,9,0.8097324676548671,{},592.6116232891053,592.6116232891053,1,14.754610001373313,14.75461000137331,150,150,150,150,57.9147667951044,56.47501255161039,60,24.32134429297718,1150.0008251042025,0,0,0.02432134429297718,500,150,59.99996967342122,nan,0,nan,nan,nan,nan,nan,0.001308,0.00056865,0.0006584,0.00082845,0.001308,0.0011675,0.00050615,0.00058815,0.0007380500000000001,0.0011675,nan,nan,nan,nan,nan,0,05_resultados\revisao_operacional\campanha_v1\j01274.mat,campanha_v1
j01275,montecarlo,perda_fonte,mpc_qp_v5,106,9,0.8097324676548671,{},354.075687078726,354.075687078726,1,14.591040463719278,14.586210648509939,150,150,150,150,57.062753345371036,55.68846785607234,60.06501234427948,28.363838074658457,1856.143736401596,0,0.5,0.028363838074658455,500,150,59.515929968831465,0.11693866621080673,852,0,0,0.0003502293857877703,333283.200808402,4015243775612013.0,0.0217995,0.02216595,0.03113175,0.0376204,0.0431598,0.0146098,0.017128900000000002,0.0257887,0.03230655,0.0379943,0.0052518,0.0046787,0.0053058,0.0056253,0.009161,0,05_resultados\revisao_operacional\campanha_v1\j01275.mat,campanha_v1
j01276,montecarlo,perda_fonte,mpc_qp_estocastico_3cen,106,9,0.8097324676548671,{},350.0017074666628,350.0017074666628,1,14.588086056147857,14.583334538795082,150,150,150,150,56.753710339219396,55.37949008110279,60.04618356770668,29.642603670964167,856.2343946812723,0,0,0.029642603670964166,500,150,59.20757116114572,0.11700056617197419,1112,0,0,2.8421709430404007e-13,666566.4016168036,8030487551224027.0,0.0425823,0.0468648,0.07005535,0.10476075,0.1285601,0.0273478,0.0348075,0.0571061,0.09048945,0.1127227,0.0126699,0.0118809,0.01323365,0.01467195,0.016716,0,05_resultados\revisao_operacional\evento_adiantado_corrigido_v1\j01276.mat,evento_adiantado_corrigido_v1
j01277,montecarlo,perda_fonte,heuristico,107,10,0.9039080253139011,{},592.6122638850534,592.6122638850534,1,14.754610453615202,14.754610453615202,150,150,150,150,57.93978528855198,56.5039066455025,60,24.16369944991276,850,0,0,0.02416369944991276,500,150,60,nan,0,nan,nan,nan,nan,nan,3.9e-05,8.1e-06,1.03e-05,1.29e-05,4.5e-05,nan,nan,nan,nan,nan,nan,nan,nan,nan,nan,0,05_resultados\revisao_operacional\campanha_v1\j01277.mat,campanha_v1
j01278,montecarlo,perda_fonte,heuristico_foresight,107,10,0.9039080253139011,{},443.33660581542915,443.33660581542915,1,14.64922623093444,14.64922623093444,150,150,150,150,57.50619713666749,56.09863405257561,60,25.939715008643827,850,0,0,0.025939715008643827,500,150,59.85922318918037,nan,0,nan,nan,nan,nan,nan,4.2e-05,8.7e-06,1.11e-05,1.555e-05,4.2e-05,nan,nan,nan,nan,nan,nan,nan,nan,nan,nan,0,05_resultados\revisao_operacional\campanha_v1\j01278.mat,campanha_v1
j01279,montecarlo,perda_fonte,miope_qp,107,10,0.9039080253139011,{},592.6116232891053,592.6116232891053,1,14.754610001373313,14.75461000137331,150,150,150,150,57.9147667951044,56.47501255161039,60,24.32134429297718,1150.0008251042025,0,0,0.02432134429297718,500,150,59.99996967342122,nan,0,nan,nan,nan,nan,nan,0.0012631,0.0005987,0.0007344,0.00089065,0.0012784,0.0011179,0.0005322,0.000647,0.0007977500000000001,0.0011619,nan,nan,nan,nan,nan,0,05_resultados\revisao_operacional\campanha_v1\j01279.mat,campanha_v1
j01280,montecarlo,perda_fonte,mpc_qp_v5,107,10,0.9039080253139011,{},354.59224578921976,354.59224578921976,1,14.589913935613202,14.586575323762988,150,150,150,150,57.055787598006425,55.68452158783239,60.03227434567295,28.038880104201322,1693.415845159736,0,1,0.028038880104201323,500,150,59.53532237918963,0.11704637420206154,852,0,0,0.004444363449636057,333283.200808402,4015243775612013.0,0.0222584,0.02278885,0.03745355,0.0438248,0.0549508,0.0145806,0.017798,0.0317789,0.0385613,0.0482459,0.005522,0.004854799999999999,0.006102649999999999,0.00706265,0.0144609,0,05_resultados\revisao_operacional\campanha_v1\j01280.mat,campanha_v1
j01281,montecarlo,perda_fonte,mpc_qp_estocastico_3cen,107,10,0.9039080253139011,{},350.03879021889065,350.03879021889065,1,14.583360718098847,14.583360718098843,150,150,150,150,54.64116625942471,54.64116625942471,60,25.454460267732156,1896.923541667487,0,0.16666666666666669,0.025454460267732154,500,150,58.91597510818128,0.1238938683183477,58,0,0,0.046061201930001516,666566.4042708572,8858386386927326.0,0.0564276,0.053680900000000004,0.07743535,0.1086426,0.1680235,0.0410992,0.0413669,0.0651555,0.0960211,0.1555399,0.0126821,0.0120638,0.0128905,0.013772050000000001,0.0197919,0,05_resultados\revisao_operacional\evento_adiantado_corrigido_v1\j01281.mat,evento_adiantado_corrigido_v1
j01282,montecarlo,perda_fonte,heuristico,108,-1,0.8305150612674173,{},592.6122638850534,592.6122638850534,1,14.754610453615202,14.754610453615202,150,150,150,150,57.93978528855198,56.5039066455025,60,24.16369944991276,850,0,0,0.02416369944991276,500,150,60,nan,0,nan,nan,nan,nan,nan,3.61e-05,7.9e-06,1.01e-05,1.4e-05,6.34e-05,nan,nan,nan,nan,nan,nan,nan,nan,nan,nan,0,05_resultados\revisao_operacional\campanha_v1\j01282.mat,campanha_v1
j01283,montecarlo,perda_fonte,heuristico_foresight,108,-1,0.8305150612674173,{},357.5611184157917,357.5611184157917,1,14.588671260475307,14.588671260475307,150,150,150,150,57.51825123023475,56.08693814614288,60,26.12027056419938,850.0000000000001,0,0,0.02612027056419938,500,150,59.64974938179165,nan,0,nan,nan,nan,nan,nan,5.07e-05,8.7e-06,1.11e-05,1.425e-05,5.37e-05,nan,nan,nan,nan,nan,nan,nan,nan,nan,nan,0,05_resultados\revisao_operacional\campanha_v1\j01283.mat,campanha_v1
j01284,montecarlo,perda_fonte,miope_qp,108,-1,0.8305150612674173,{},592.6116232891053,592.6116232891053,1,14.754610001373313,14.75461000137331,150,150,150,150,57.9147667951044,56.47501255161039,60,24.32134429297718,1150.0008251042025,0,0,0.02432134429297718,500,150,59.99996967342122,nan,0,nan,nan,nan,nan,nan,0.0012741,0.0005743,0.00071665,0.0009369000000000001,0.0012741,0.0011143,0.0005107,0.00063485,0.00084315,0.0011143,nan,nan,nan,nan,nan,0,05_resultados\revisao_operacional\campanha_v1\j01284.mat,campanha_v1
j01285,montecarlo,perda_fonte,mpc_qp_v5,108,-1,0.8305150612674173,{},350.06276852448946,350.06276852448946,1,14.587970710105578,14.583377646075835,150,150,150,150,57.08009875628632,55.68477059157957,60.05574295270292,28.399335122755275,1913.7225206952985,0,0.8333333333333334,0.028399335122755276,500,150,59.325725817352414,0.11696406035676432,852,0,0,0.0001493682337923019,333283.200808402,4015243775612013.0,0.0216972,0.0230968,0.03623415,0.04584225,0.1214181,0.0144453,0.0177815,0.0297333,0.03891375,0.1150079,0.0053234,0.0048794500000000005,0.0065804,0.0081543,0.0157174,0,05_resultados\revisao_operacional\campanha_v1\j01285.mat,campanha_v1
j01286,montecarlo,perda_fonte,mpc_qp_estocastico_3cen,108,-1,0.8305150612674173,{},350.000010876106,350.000010876106,1,14.587988106675047,14.583333341034676,150,150,150,150,56.71784005096994,55.32254925132155,60.03710732119437,29.933088310015187,855.159234415946,0,0,0.029933088310015187,500,150,58.96352762299066,0.11702700430561208,852,0,0,6.821210263296962e-13,666566.4016168036,8030487551224027.0,0.0408586,0.04677315,0.06786205000000001,0.09871815,0.1120125,0.0265728,0.03478535,0.051895,0.08646105000000001,0.0997464,0.0118854,0.0117237,0.012877650000000001,0.0143412,0.0348529,0,05_resultados\revisao_operacional\evento_adiantado_corrigido_v1\j01286.mat,evento_adiantado_corrigido_v1
j01287,montecarlo,perda_fonte,heuristico,109,6,0.9981096614301532,{},592.6122638850534,592.6122638850534,1,14.754610453615202,14.754610453615202,150,150,150,150,57.93978528855198,56.5039066455025,60,24.16369944991276,850,0,0,0.02416369944991276,500,150,60,nan,0,nan,nan,nan,nan,nan,4.41e-05,9.2e-06,1.7449999999999997e-05,1.885e-05,5.02e-05,nan,nan,nan,nan,nan,nan,nan,nan,nan,nan,0,05_resultados\revisao_operacional\campanha_v1\j01287.mat,campanha_v1
j01288,montecarlo,perda_fonte,heuristico_foresight,109,6,0.9981096614301532,{},410.9885873872711,410.9885873872711,1,14.626389481651952,14.626389481651952,150,150,150,150,57.540144505088584,56.12202586544115,60,25.88415945308827,850,0,0,0.02588415945308827,500,150,59.79385548727493,nan,0,nan,nan,nan,nan,nan,4.56e-05,9.2e-06,1.17e-05,2.05e-05,5.24e-05,nan,nan,nan,nan,nan,nan,nan,nan,nan,nan,0,05_resultados\revisao_operacional\campanha_v1\j01288.mat,campanha_v1
j01289,montecarlo,perda_fonte,miope_qp,109,6,0.9981096614301532,{},592.6116232891053,592.6116232891053,1,14.754610001373313,14.75461000137331,150,150,150,150,57.9147667951044,56.47501255161039,60,24.32134429297718,1150.0008251042025,0,0,0.02432134429297718,500,150,59.99996967342122,nan,0,nan,nan,nan,nan,nan,0.001281,0.00064905,0.00114575,0.0019027,0.0026872,0.0011346,0.0005768,0.0010076,0.0016749,0.002348,nan,nan,nan,nan,nan,0,05_resultados\revisao_operacional\campanha_v1\j01289.mat,campanha_v1
j01290,montecarlo,perda_fonte,mpc_qp_v5,109,6,0.9981096614301532,{},352.70944179777086,352.70944179777086,1,14.586953621102055,14.58524611954581,150,150,150,150,57.15193133357204,55.77052387920698,60,27.36057712305677,1497.827815893949,0,2,0.02736057712305677,500,150,59.52806091737044,0.014571191417537932,733,0,0,0.007826230917657995,333283.200808402,4015243775612013.0,0.022923,0.0246954,0.033708749999999996,0.0427711,0.1063782,0.0156514,0.0192352,0.0277234,0.0362922,0.0998826,0.0054134,0.0051677500000000005,0.0064543,0.007796000000000001,0.0142205,0,05_resultados\revisao_operacional\campanha_v1\j01290.mat,campanha_v1
j01291,montecarlo,perda_fonte,mpc_qp_estocastico_3cen,109,6,0.9981096614301532,{},350.00967755617194,350.00967755617194,1,14.583340165416256,14.583340165416255,150,150,150,150,49.592542291166865,49.592542291166865,60,49.43542411695732,1569.3909942215432,0,0.08333333333333334,0.049435424116957324,500,150,56.42320676871426,7.105427357601002e-15,0,0,0,0.0033322696280038144,666566.4042708572,8858386386927326.0,0.0481861,0.0530277,0.0777099,0.11264175,0.1496635,0.033144,0.040555049999999995,0.06545234999999999,0.10007505,0.1375235,0.012132,0.0120217,0.013513899999999999,0.0149128,0.0175581,0,05_resultados\revisao_operacional\evento_adiantado_corrigido_v1\j01291.mat,evento_adiantado_corrigido_v1
j01292,montecarlo,perda_fonte,heuristico,110,3,1.1465978083269255,{},592.6122638850534,592.6122638850534,1,14.754610453615202,14.754610453615202,150,150,150,150,57.93978528855198,56.5039066455025,60,24.16369944991276,850,0,0,0.02416369944991276,500,150,60,nan,0,nan,nan,nan,nan,nan,3.83e-05,8e-06,1.01e-05,1.7950000000000003e-05,4.52e-05,nan,nan,nan,nan,nan,nan,nan,nan,nan,nan,0,05_resultados\revisao_operacional\campanha_v1\j01292.mat,campanha_v1
j01293,montecarlo,perda_fonte,heuristico_foresight,110,3,1.1465978083269255,{},556.2517478229679,556.2517478229679,1,14.728940999056933,14.728940999056933,150,150,150,150,52.77582062522966,52.77582062522966,60,34.31485203015369,740.0516437548059,0,0,0.034314852030153685,500,150,58.25252818209381,nan,0,nan,nan,nan,nan,nan,4.2e-05,8.5e-06,1.08e-05,1.295e-05,4.2e-05,nan,nan,nan,nan,nan,nan,nan,nan,nan,nan,0,05_resultados\revisao_operacional\campanha_v1\j01293.mat,campanha_v1
j01294,montecarlo,perda_fonte,miope_qp,110,3,1.1465978083269255,{},592.6116232891053,592.6116232891053,1,14.754610001373313,14.75461000137331,150,150,150,150,57.9147667951044,56.47501255161039,60,24.32134429297718,1150.0008251042025,0,0,0.02432134429297718,500,150,59.99996967342122,nan,0,nan,nan,nan,nan,nan,0.0012459,0.0006071,0.00073615,0.00096245,0.0013033,0.0011083,0.00053885,0.00064465,0.0008506,0.0011575,nan,nan,nan,nan,nan,0,05_resultados\revisao_operacional\campanha_v1\j01294.mat,campanha_v1
j01295,montecarlo,perda_fonte,mpc_qp_v5,110,3,1.1465978083269255,{},351.63737397525426,351.63737397525426,1,14.584489271201232,14.584489271201232,150,150,150,150,51.505019942495885,51.505019942495885,60,40.35115527314378,1404.564505510694,0,2.5,0.040351155273143785,500,150,57.75882409773009,7.105427357601002e-15,0,0,0,0.00075427199033129,333283.2021354289,4843142611315303.0,0.0253161,0.0305462,0.0421864,0.0485901,0.0980081,0.0171068,0.0249889,0.03645615,0.04207345,0.0915745,0.0058927,0.0052522,0.0063383,0.0070241999999999995,0.0096453,0,05_resultados\revisao_operacional\campanha_v1\j01295.mat,campanha_v1
j01296,montecarlo,perda_fonte,mpc_qp_estocastico_3cen,110,3,1.1465978083269255,{},350.00026555466127,350.00026555466127,1,14.5833335208187,14.5833335208187,150,150,150,150,41.60251061305706,41.60251061305706,60,87.38807458797842,1880.3928234723733,0,0.25,0.08738807458797843,500,150,52.75050602854757,7.105427357601002e-15,0,0,0,1.1709744285326451e-11,666566.4042708572,9686285222630616.0,0.053945,0.062425800000000004,0.08047515,0.1114502,0.1421254,0.0376042,0.04879925,0.06810184999999999,0.0985718,0.1296885,0.0127945,0.01212075,0.01346595,0.01474175,0.0176676,0,05_resultados\revisao_operacional\evento_adiantado_corrigido_v1\j01296.mat,evento_adiantado_corrigido_v1
j01297,montecarlo,perda_fonte,heuristico,111,-1,1.0274052348689013,{},592.6122638850534,592.6122638850534,1,14.754610453615202,14.754610453615202,150,150,150,150,57.93978528855198,56.5039066455025,60,24.16369944991276,850,0,0,0.02416369944991276,500,150,60,nan,0,nan,nan,nan,nan,nan,3.82e-05,8.3e-06,1.41e-05,1.51e-05,5.77e-05,nan,nan,nan,nan,nan,nan,nan,nan,nan,nan,0,05_resultados\revisao_operacional\campanha_v1\j01297.mat,campanha_v1
j01298,montecarlo,perda_fonte,heuristico_foresight,111,-1,1.0274052348689013,{},357.5611184157917,357.5611184157917,1,14.588671260475307,14.588671260475307,150,150,150,150,57.51825123023475,56.08693814614288,60,26.12027056419938,850.0000000000001,0,0,0.02612027056419938,500,150,59.64974938179165,nan,0,nan,nan,nan,nan,nan,4.1e-05,9e-06,1e-05,1.165e-05,4.1e-05,nan,nan,nan,nan,nan,nan,nan,nan,nan,nan,0,05_resultados\revisao_operacional\campanha_v1\j01298.mat,campanha_v1
j01299,montecarlo,perda_fonte,miope_qp,111,-1,1.0274052348689013,{},592.6116232891053,592.6116232891053,1,14.754610001373313,14.75461000137331,150,150,150,150,57.9147667951044,56.47501255161039,60,24.32134429297718,1150.0008251042025,0,0,0.02432134429297718,500,150,59.99996967342122,nan,0,nan,nan,nan,nan,nan,0.0012167,0.0006046,0.0007094,0.00100505,0.0012167,0.0010719,0.00053765,0.0006272000000000001,0.0008947,0.0010719,nan,nan,nan,nan,nan,0,05_resultados\revisao_operacional\campanha_v1\j01299.mat,campanha_v1
j01300,montecarlo,perda_fonte,mpc_qp_v5,111,-1,1.0274052348689013,{},350.0225102037932,350.0225102037932,1,14.58334922489288,14.583349224892878,150,150,150,150,56.56735830043125,55.74583524035988,60,24.53108818761307,1628.9587826444395,0,1.7500000000000002,0.024531088187613067,500,150,59.39801211528894,0.00861398256623147,867,0,0,2.9558577807620168e-12,333283.200808402,4015243775612013.0,0.0233851,0.027581,0.0403895,0.0479708,0.0715407,0.0160284,0.022127849999999998,0.03296085,0.04029095,0.0505399,0.0054672,0.005279300000000001,0.00735955,0.013865200000000001,0.0347276,0,05_resultados\revisao_operacional\campanha_v1\j01300.mat,campanha_v1
j01301,montecarlo,perda_fonte,mpc_qp_estocastico_3cen,111,-1,1.0274052348689013,{},350.0000839346442,350.0000839346442,1,14.583333392608875,14.58333339260887,150,150,150,150,48.11406913863597,48.11406913863597,60,56.45817159147815,2538.692180684718,0,0.33333333333333337,0.056458171591478146,500,150,55.69350195331694,0.13020503174343645,234,0,0,0.0073621832688104405,666566.4042708572,8858386386927326.0,0.0475783,0.0523528,0.0654654,0.11222255,0.1388578,0.0324547,0.039805049999999995,0.05343095,0.0998304,0.1266248,0.0122709,0.0121053,0.0135144,0.014785900000000001,0.0178095,0,05_resultados\revisao_operacional\evento_adiantado_corrigido_v1\j01301.mat,evento_adiantado_corrigido_v1
j01302,montecarlo,perda_fonte,heuristico,112,-4,0.8085962521572259,{},592.6122638850534,592.6122638850534,1,14.754610453615202,14.754610453615202,150,150,150,150,57.93978528855198,56.5039066455025,60,24.16369944991276,850,0,0,0.02416369944991276,500,150,60,nan,0,nan,nan,nan,nan,nan,3.88e-05,8.5e-06,1.63e-05,1.85e-05,3.88e-05,nan,nan,nan,nan,nan,nan,nan,nan,nan,nan,0,05_resultados\revisao_operacional\campanha_v1\j01302.mat,campanha_v1
j01303,montecarlo,perda_fonte,heuristico_foresight,112,-4,0.8085962521572259,{},351.68711356301685,351.68711356301685,1,14.584524385871383,14.584524385871383,150,150,150,150,57.44807579163826,56.016762707546384,60,26.453603897532716,850,0,0,0.026453603897532717,500,150,59.58044696942756,nan,0,nan,nan,nan,nan,nan,4.32e-05,9.1e-06,1.1249999999999999e-05,1.34e-05,9.15e-05,nan,nan,nan,nan,nan,nan,nan,nan,nan,nan,0,05_resultados\revisao_operacional\campanha_v1\j01303.mat,campanha_v1
j01304,montecarlo,perda_fonte,miope_qp,112,-4,0.8085962521572259,{},592.6116232891053,592.6116232891053,1,14.754610001373313,14.75461000137331,150,150,150,150,57.9147667951044,56.47501255161039,60,24.32134429297718,1150.0008251042025,0,0,0.02432134429297718,500,150,59.99996967342122,nan,0,nan,nan,nan,nan,nan,0.0011932,0.00057055,0.0007109,0.0008769,0.0011932,0.0010586,0.0005069,0.0006345,0.0007911,0.0010586,nan,nan,nan,nan,nan,0,05_resultados\revisao_operacional\campanha_v1\j01304.mat,campanha_v1
j01305,montecarlo,perda_fonte,mpc_qp_v5,112,-4,0.8085962521572259,{},350.0060324492589,350.0060324492589,1,14.58826818830693,14.583337592076798,150,150,150,150,56.96341280588761,55.567999269832576,60.06243920581044,29.0214988636082,1861.857780182661,0,0.5,0.029021498863608202,500,150,59.208957404788165,0.11693974312671429,852,0,0,0.000652990573257739,333283.200808402,4015243775612013.0,0.0214169,0.02448575,0.0385722,0.048441399999999996,0.1021435,0.0137336,0.0186567,0.0307418,0.0362393,0.0959282,0.0053987,0.0052264,0.008012,0.01453975,0.0456674,0,05_resultados\revisao_operacional\campanha_v1\j01305.mat,campanha_v1
j01306,montecarlo,perda_fonte,mpc_qp_estocastico_3cen,112,-4,0.8085962521572259,{},350.000002575601,350.000002575601,1,14.588150957337419,14.583333335189005,150,150,150,150,56.65618254834176,55.26084134905741,60.044490379205754,30.300393832624916,856.2201437637566,0,0,0.030300393832624915,500,150,58.90181383187695,0.1170008730177372,852,0,0,2.2737367544323206e-13,666566.4016168036,8030487551224027.0,0.0416531,0.046790200000000004,0.0645831,0.0985106,0.1193303,0.0267444,0.034834199999999996,0.052056149999999995,0.08631340000000001,0.1068339,0.0125122,0.01173965,0.013208000000000001,0.014728350000000001,0.0167648,0,05_resultados\revisao_operacional\evento_adiantado_corrigido_v1\j01306.mat,evento_adiantado_corrigido_v1
j01307,montecarlo,perda_fonte,heuristico,113,-2,1.104892563055755,{},592.6122638850534,592.6122638850534,1,14.754610453615202,14.754610453615202,150,150,150,150,57.93978528855198,56.5039066455025,60,24.16369944991276,850,0,0,0.02416369944991276,500,150,60,nan,0,nan,nan,nan,nan,nan,3.6e-05,7.9e-06,1e-05,1.12e-05,3.95e-05,nan,nan,nan,nan,nan,nan,nan,nan,nan,nan,0,05_resultados\revisao_operacional\campanha_v1\j01307.mat,campanha_v1
j01308,montecarlo,perda_fonte,heuristico_foresight,113,-2,1.104892563055755,{},400.25412890855205,400.25412890855205,1,14.618811269790035,14.618811269790035,150,150,150,150,54.66826366112954,54.66826366112954,60,25.325747609644115,771.3305777081838,0,0,0.025325747609644116,500,150,59.12515638495641,nan,0,nan,nan,nan,nan,nan,3.86e-05,8.4e-06,1.11e-05,2.425e-05,5.05e-05,nan,nan,nan,nan,nan,nan,nan,nan,nan,nan,0,05_resultados\revisao_operacional\campanha_v1\j01308.mat,campanha_v1
j01309,montecarlo,perda_fonte,miope_qp,113,-2,1.104892563055755,{},592.6116232891053,592.6116232891053,1,14.754610001373313,14.75461000137331,150,150,150,150,57.9147667951044,56.47501255161039,60,24.32134429297718,1150.0008251042025,0,0,0.02432134429297718,500,150,59.99996967342122,nan,0,nan,nan,nan,nan,nan,0.00125,0.0005904,0.00073975,0.0009293000000000001,0.00125,0.0011072,0.0005242000000000001,0.00065965,0.0008332999999999999,0.0011072,nan,nan,nan,nan,nan,0,05_resultados\revisao_operacional\campanha_v1\j01309.mat,campanha_v1
j01310,montecarlo,perda_fonte,mpc_qp_v5,113,-2,1.104892563055755,{},350.093774868413,350.093774868413,1,14.583399535638348,14.583399535638346,150,150,150,150,53.408019984790556,53.408019984790556,60,31.311905072244805,1592.9658610118518,0,2.5,0.03131190507224481,500,150,58.673296014302856,7.105427357601002e-15,0,0,0,0.00012379953295749146,333283.2021354289,4843142611315303.0,0.0264373,0.02895725,0.037850350000000005,0.04973585,0.0998952,0.0182991,0.02372955,0.03189115,0.044234949999999995,0.0941952,0.0056313,0.0047682,0.00589935,0.0078646,0.0148365,0,05_resultados\revisao_operacional\campanha_v1\j01310.mat,campanha_v1
j01311,montecarlo,perda_fonte,mpc_qp_estocastico_3cen,113,-2,1.104892563055755,{},350.00000470149223,350.00000470149223,1,14.583333336664046,14.583333336664044,150,150,150,150,43.69494641989264,43.69494641989264,60,77.44900450551064,2393.633406191717,0,0.4166666666666667,0.07744900450551065,500,150,53.67118126694413,7.105427357601002e-15,0,0,0,3.5790117059352724,666566.4042708572,9686285222630616.0,0.0492813,0.0645954,0.07841690000000001,0.11162675,0.1700456,0.0339701,0.052196,0.0642553,0.099279,0.1570906,0.0121365,0.012089,0.0136577,0.0148004,0.0161932,0,05_resultados\revisao_operacional\evento_adiantado_corrigido_v1\j01311.mat,evento_adiantado_corrigido_v1
j01312,montecarlo,perda_fonte,heuristico,114,0,0.8622837324401337,{},592.6122638850534,592.6122638850534,1,14.754610453615202,14.754610453615202,150,150,150,150,57.93978528855198,56.5039066455025,60,24.16369944991276,850,0,0,0.02416369944991276,500,150,60,nan,0,nan,nan,nan,nan,nan,4.17e-05,7.9e-06,1e-05,1.25e-05,6.63e-05,nan,nan,nan,nan,nan,nan,nan,nan,nan,nan,0,05_resultados\revisao_operacional\campanha_v1\j01312.mat,campanha_v1
j01313,montecarlo,perda_fonte,heuristico_foresight,114,0,0.8622837324401337,{},362.4661767623983,362.4661767623983,1,14.59213408735375,14.59213408735375,150,150,150,150,57.54164304310025,56.110329959008375,60,26.00915945308827,850,0,0,0.02600915945308827,500,150,59.672412178472214,nan,0,nan,nan,nan,nan,nan,4.37e-05,8.8e-06,1.46e-05,1.76e-05,4.37e-05,nan,nan,nan,nan,nan,nan,nan,nan,nan,nan,0,05_resultados\revisao_operacional\campanha_v1\j01313.mat,campanha_v1
j01314,montecarlo,perda_fonte,miope_qp,114,0,0.8622837324401337,{},592.6116232891053,592.6116232891053,1,14.754610001373313,14.75461000137331,150,150,150,150,57.9147667951044,56.47501255161039,60,24.32134429297718,1150.0008251042025,0,0,0.02432134429297718,500,150,59.99996967342122,nan,0,nan,nan,nan,nan,nan,0.0012156,0.00057115,0.0006836500000000001,0.00093005,0.0012156,0.0010724,0.000508,0.0006098,0.0008252,0.0010767,nan,nan,nan,nan,nan,0,05_resultados\revisao_operacional\campanha_v1\j01314.mat,campanha_v1
j01315,montecarlo,perda_fonte,mpc_qp_v5,114,0,0.8622837324401337,{},350.1371511885285,350.1371511885285,1,14.58756568796643,14.583430158064976,150,150,150,150,57.10622347892372,55.71101194257452,60.04521129454332,28.168619716023784,1835.6247011275962,0,1.0833333333333335,0.028168619716023784,500,150,59.3519640926194,0.11699998344519003,852,0,0,0.0011066529076515508,333283.200808402,4015243775612013.0,0.0206123,0.0227706,0.03512215,0.041196800000000006,0.0973011,0.0143783,0.01739435,0.0289402,0.0345853,0.0918545,0.004579,0.00489835,0.00666685,0.008423900000000002,0.0208891,0,05_resultados\revisao_operacional\campanha_v1\j01315.mat,campanha_v1
j01316,montecarlo,perda_fonte,mpc_qp_estocastico_3cen,114,0,0.8622837324401337,{},350.00024013082935,350.00024013082935,1,14.583333502867863,14.583333502867859,150,150,150,150,56.129495881520846,55.436474842336374,60.02579266708663,25.58248970056989,1476.0878131822624,0,0.08333333333333334,0.02558248970056989,500,150,59.08327005070555,0.11706539123154869,939,0,0,6.007849151501432e-08,666566.4016168036,8030487551224027.0,0.0425872,0.051936800000000005,0.05980635,0.1042372,0.1694774,0.0275497,0.039984450000000005,0.04741585,0.09178235,0.1575893,0.012662,0.0117172,0.012490399999999999,0.01319165,0.0152238,0,05_resultados\revisao_operacional\evento_adiantado_corrigido_v1\j01316.mat,evento_adiantado_corrigido_v1
j01317,montecarlo,perda_fonte,heuristico,115,3,1.0094610392630798,{},592.6122638850534,592.6122638850534,1,14.754610453615202,14.754610453615202,150,150,150,150,57.93978528855198,56.5039066455025,60,24.16369944991276,850,0,0,0.02416369944991276,500,150,60,nan,0,nan,nan,nan,nan,nan,4.42e-05,8.5e-06,1.07e-05,1.275e-05,4.42e-05,nan,nan,nan,nan,nan,nan,nan,nan,nan,nan,0,05_resultados\revisao_operacional\campanha_v1\j01317.mat,campanha_v1
j01318,montecarlo,perda_fonte,heuristico_foresight,115,3,1.0094610392630798,{},386.72739546127775,386.72739546127775,1,14.609261793953285,14.609261793953285,150,150,150,150,57.55741789690142,56.13138259058732,60,25.881381675310493,850.0000000000001,0,0,0.025881381675310493,500,150,59.73664260281383,nan,0,nan,nan,nan,nan,nan,4.35e-05,9.4e-06,1.19e-05,1.68e-05,7.26e-05,nan,nan,nan,nan,nan,nan,nan,nan,nan,nan,0,05_resultados\revisao_operacional\campanha_v1\j01318.mat,campanha_v1
j01319,montecarlo,perda_fonte,miope_qp,115,3,1.0094610392630798,{},592.6116232891053,592.6116232891053,1,14.754610001373313,14.75461000137331,150,150,150,150,57.9147667951044,56.47501255161039,60,24.32134429297718,1150.0008251042025,0,0,0.02432134429297718,500,150,59.99996967342122,nan,0,nan,nan,nan,nan,nan,0.0012129,0.00060565,0.0007324,0.00090885,0.0013077,0.0010717,0.0005380999999999999,0.00064605,0.00080765,0.0012057,nan,nan,nan,nan,nan,0,05_resultados\revisao_operacional\campanha_v1\j01319.mat,campanha_v1
j01320,montecarlo,perda_fonte,mpc_qp_v5,115,3,1.0094610392630798,{},350.31044152539846,350.31044152539846,1,14.583552495944343,14.583552495944343,150,150,150,150,57.02792753205229,55.83610268047856,60,26.051274644430183,1658.815212358276,0,1.9166666666666665,0.026051274644430182,500,150,59.527376550965876,0.01255296106243975,775,0,9.419354144027583e-12,0.0029583098574335054,333283.200808402,4015243775612013.0,0.0292312,0.02833595,0.041862899999999995,0.0486733,0.059976,0.0210232,0.0225156,0.033582799999999996,0.03911505,0.0423214,0.0063161,0.00577155,0.008287300000000001,0.0147948,0.0309145,0,05_resultados\revisao_operacional\campanha_v1\j01320.mat,campanha_v1
j01321,montecarlo,perda_fonte,mpc_qp_estocastico_3cen,115,3,1.0094610392630798,{},350.00003322645273,350.00003322645273,1,14.583333356808497,14.583333356808495,150,150,150,150,48.92388546305841,48.92388546305841,60,52.61154405047291,834.3208471545267,0,0,0.05261154405047291,500,150,56.02450241344678,7.105427357601002e-15,0,0,0,2.2737367544323206e-13,666566.4042708572,8858386386927326.0,0.0508519,0.05229735,0.0695764,0.1080171,0.1412907,0.0350923,0.03987065,0.0571848,0.09568005,0.1292248,0.012825,0.01199635,0.01275395,0.01314175,0.0148246,0,05_resultados\revisao_operacional\evento_adiantado_corrigido_v1\j01321.mat,evento_adiantado_corrigido_v1
j01322,montecarlo,perda_fonte,heuristico,116,7,0.849938436805339,{},592.6122638850534,592.6122638850534,1,14.754610453615202,14.754610453615202,150,150,150,150,57.93978528855198,56.5039066455025,60,24.16369944991276,850,0,0,0.02416369944991276,500,150,60,nan,0,nan,nan,nan,nan,nan,3.96e-05,8.5e-06,1.52e-05,2.1550000000000002e-05,6.63e-05,nan,nan,nan,nan,nan,nan,nan,nan,nan,nan,0,05_resultados\revisao_operacional\campanha_v1\j01322.mat,campanha_v1
j01323,montecarlo,perda_fonte,heuristico_foresight,116,7,0.849938436805339,{},419.0756340723581,419.0756340723581,1,14.632098698678437,14.632098698678437,150,150,150,150,57.532827253626564,56.11734750286802,60,25.892492786421602,850,0,0,0.0258924927864216,500,150,59.8113669971407,nan,0,nan,nan,nan,nan,nan,4e-05,9e-06,1.13e-05,1.9350000000000003e-05,8.07e-05,nan,nan,nan,nan,nan,nan,nan,nan,nan,nan,0,05_resultados\revisao_operacional\campanha_v1\j01323.mat,campanha_v1
j01324,montecarlo,perda_fonte,miope_qp,116,7,0.849938436805339,{},592.6116232891053,592.6116232891053,1,14.754610001373313,14.75461000137331,150,150,150,150,57.9147667951044,56.47501255161039,60,24.32134429297718,1150.0008251042025,0,0,0.02432134429297718,500,150,59.99996967342122,nan,0,nan,nan,nan,nan,nan,0.0012463,0.00060325,0.00074235,0.0008666,0.0012463,0.0011095,0.0005343,0.0006592,0.0007649,0.0011095,nan,nan,nan,nan,nan,0,05_resultados\revisao_operacional\campanha_v1\j01324.mat,campanha_v1
j01325,montecarlo,perda_fonte,mpc_qp_v5,116,7,0.849938436805339,{},353.34564233269384,353.34564233269384,1,14.589953759952698,14.585695258416528,150,150,150,150,57.11441987224622,55.73500339200249,60.05062960885047,28.02578289368169,1764.7275727967844,0,1.0833333333333335,0.02802578289368169,500,150,59.51580048334827,0.11698496619477794,852,0,0,0.0039229171997021695,333283.200808402,4015243775612013.0,0.023478,0.023083,0.0384145,0.0461637,0.0600758,0.0148537,0.01773305,0.0320878,0.039267449999999995,0.052165,0.0060424,0.00511995,0.0066315,0.0089026,0.0244214,0,05_resultados\revisao_operacional\campanha_v1\j01325.mat,campanha_v1
j01326,montecarlo,perda_fonte,mpc_qp_estocastico_3cen,116,7,0.849938436805339,{},350.00818507816257,350.00818507816257,1,14.583339111780333,14.583339111780333,150,150,150,150,56.451093158254466,55.46880383751492,60.031006578960614,27.003599336079308,1486.3424930117158,0,0.08333333333333334,0.027003599336079306,500,150,59.25307754456074,0.11704982055321977,1154,0,0,2.5583404692497425e-05,666566.4016168036,8030487551224027.0,0.0417725,0.0514371,0.0670813,0.10312974999999999,0.194166,0.0270208,0.039436349999999995,0.05500015,0.09073690000000001,0.1814464,0.0118265,0.0117597,0.01256555,0.012968299999999999,0.0148481,0,05_resultados\revisao_operacional\evento_adiantado_corrigido_v1\j01326.mat,evento_adiantado_corrigido_v1
j01327,montecarlo,perda_fonte,heuristico,117,-1,1.194512208436667,{},592.6122638850534,592.6122638850534,1,14.754610453615202,14.754610453615202,150,150,150,150,57.93978528855198,56.5039066455025,60,24.16369944991276,850,0,0,0.02416369944991276,500,150,60,nan,0,nan,nan,nan,nan,nan,3.72e-05,8e-06,9e-06,9.55e-06,3.72e-05,nan,nan,nan,nan,nan,nan,nan,nan,nan,nan,0,05_resultados\revisao_operacional\campanha_v1\j01327.mat,campanha_v1
j01328,montecarlo,perda_fonte,heuristico_foresight,117,-1,1.194512208436667,{},417.85741690231976,417.85741690231976,1,14.631238673198192,14.631238673198188,150,150,150,150,50.576678890549964,50.576678890549964,60,44.76077526989776,704.1158436724998,0,0,0.044760775269897767,500,150,57.18677359990783,nan,0,nan,nan,nan,nan,nan,3.83e-05,8.4e-06,9.3e-06,9.849999999999999e-06,3.83e-05,nan,nan,nan,nan,nan,nan,nan,nan,nan,nan,0,05_resultados\revisao_operacional\campanha_v1\j01328.mat,campanha_v1
j01329,montecarlo,perda_fonte,miope_qp,117,-1,1.194512208436667,{},592.6116232891053,592.6116232891053,1,14.754610001373313,14.75461000137331,150,150,150,150,57.9147667951044,56.47501255161039,60,24.32134429297718,1150.0008251042025,0,0,0.02432134429297718,500,150,59.99996967342122,nan,0,nan,nan,nan,nan,nan,0.0014546,0.0005643499999999999,0.00070455,0.0009199,0.0014546,0.0013113,0.0005019,0.0006282,0.0008135,0.0013113,nan,nan,nan,nan,nan,0,05_resultados\revisao_operacional\campanha_v1\j01329.mat,campanha_v1
j01330,montecarlo,perda_fonte,mpc_qp_v5,117,-1,1.194512208436667,{},350.1869970388756,350.1869970388756,1,14.583465347753002,14.583465347753002,150,150,150,150,49.2619962519951,49.2619962519951,60,51.00551780302232,1565.8496082391725,0,2.75,0.05100551780302232,500,150,56.56147713250895,7.105427357601002e-15,0,0,0,0.0022446594627467675,333283.2021354289,4843142611315303.0,0.0243761,0.03044935,0.03818175,0.042921650000000006,0.0520558,0.0174046,0.0250624,0.032080250000000005,0.03685515,0.0449214,0.004926,0.0050224499999999995,0.006196500000000001,0.0069246,0.012838,0,05_resultados\revisao_operacional\campanha_v1\j01330.mat,campanha_v1
j01331,montecarlo,perda_fonte,mpc_qp_estocastico_3cen,117,-1,1.194512208436667,{},350.0000102170117,350.0000102170117,1,14.583333340556832,14.583333340556832,150,150,150,150,39.171169276918235,39.171169276918235,60,98.93694593463893,2473.112898468775,0,0.5,0.09893694593463893,500,150,51.6308074010571,7.105427357601002e-15,0,0,0,0.0010089981518603963,666566.4042708572,9686285222630616.0,0.053213,0.0570576,0.0753641,0.12972505,0.1624181,0.0376174,0.044639,0.06292435,0.11692659999999999,0.1496918,0.0127541,0.01202755,0.012892,0.0144351,0.0174321,0,05_resultados\revisao_operacional\evento_adiantado_corrigido_v1\j01331.mat,evento_adiantado_corrigido_v1
j01332,montecarlo,perda_fonte,heuristico,118,2,1.137359888822495,{},592.6122638850534,592.6122638850534,1,14.754610453615202,14.754610453615202,150,150,150,150,57.93978528855198,56.5039066455025,60,24.16369944991276,850,0,0,0.02416369944991276,500,150,60,nan,0,nan,nan,nan,nan,nan,3.98e-05,7.8e-06,1e-05,1.2050000000000002e-05,3.98e-05,nan,nan,nan,nan,nan,nan,nan,nan,nan,nan,0,05_resultados\revisao_operacional\campanha_v1\j01332.mat,campanha_v1
j01333,montecarlo,perda_fonte,heuristico_foresight,118,2,1.137359888822495,{},560.4540588815137,560.4540588815137,1,14.731907707025893,14.731907707025893,150,150,150,150,53.22010744775734,53.22010744775734,60,32.20448962316014,746.9800833831288,0,0,0.032204489623160144,500,150,58.45448956604089,nan,0,nan,nan,nan,nan,nan,3.87e-05,8.3e-06,1.1e-05,1.205e-05,4.97e-05,nan,nan,nan,nan,nan,nan,nan,nan,nan,nan,0,05_resultados\revisao_operacional\campanha_v1\j01333.mat,campanha_v1
j01334,montecarlo,perda_fonte,miope_qp,118,2,1.137359888822495,{},592.6116232891053,592.6116232891053,1,14.754610001373313,14.75461000137331,150,150,150,150,57.9147667951044,56.47501255161039,60,24.32134429297718,1150.0008251042025,0,0,0.02432134429297718,500,150,59.99996967342122,nan,0,nan,nan,nan,nan,nan,0.0012657,0.0005694,0.0006717,0.0008025,0.0012657,0.0011276,0.0005060500000000001,0.0005961,0.00072335,0.0011276,nan,nan,nan,nan,nan,0,05_resultados\revisao_operacional\campanha_v1\j01334.mat,campanha_v1
j01335,montecarlo,perda_fonte,mpc_qp_v5,118,2,1.137359888822495,{},350.4314236069,350.4314236069,1,14.583637905719774,14.583637905719772,150,150,150,150,51.88938158984651,51.88938158984651,60,38.5254374482292,1736.1268084809503,0,2.25,0.0385254374482292,500,150,57.91481683663809,7.105427357601002e-15,0,0,0,5.515076964002219e-07,333283.2021354289,4843142611315303.0,0.0241012,0.0305022,0.040760149999999995,0.04783045,0.0687585,0.0168423,0.0249979,0.033501249999999996,0.041746149999999996,0.0596743,0.0052239,0.0051858500000000005,0.00686755,0.0098782,0.0217842,0,05_resultados\revisao_operacional\campanha_v1\j01335.mat,campanha_v1
j01336,montecarlo,perda_fonte,mpc_qp_estocastico_3cen,118,2,1.137359888822495,{},350.00003497306346,350.00003497306346,1,14.583333358037295,14.583333358037294,150,150,150,150,42.09673982769567,42.09673982769567,60,85.04048581844523,2366.479380047483,0,0.4166666666666667,0.08504048581844523,500,150,52.97965763305746,7.105427357601002e-15,0,0,0,6.934897101018578e-12,666566.4042708572,9686285222630616.0,0.0516865,0.06223015,0.07669495,0.1111664,0.1477268,0.0362857,0.049749749999999995,0.06441564999999999,0.09852715,0.1349727,0.012262,0.01203215,0.0128235,0.0134751,0.015448,0,05_resultados\revisao_operacional\evento_adiantado_corrigido_v1\j01336.mat,evento_adiantado_corrigido_v1
j01337,montecarlo,perda_fonte,heuristico,119,10,1.1374949176335862,{},592.6122638850534,592.6122638850534,1,14.754610453615202,14.754610453615202,150,150,150,150,57.93978528855198,56.5039066455025,60,24.16369944991276,850,0,0,0.02416369944991276,500,150,60,nan,0,nan,nan,nan,nan,nan,3.68e-05,7.9e-06,1e-05,1.3000000000000001e-05,3.68e-05,nan,nan,nan,nan,nan,nan,nan,nan,nan,nan,0,05_resultados\revisao_operacional\campanha_v1\j01337.mat,campanha_v1
j01338,montecarlo,perda_fonte,heuristico_foresight,119,10,1.1374949176335862,{},560.3926345461101,560.3926345461101,1,14.731864343252298,14.731864343252298,150,150,150,150,53.051621582157956,53.051621582157956,60,33.00479748475427,746.8788117748103,0,0,0.033004797484754274,500,150,58.45153753711817,nan,0,nan,nan,nan,nan,nan,3.91e-05,8.4e-06,1.11e-05,1.225e-05,3.91e-05,nan,nan,nan,nan,nan,nan,nan,nan,nan,nan,0,05_resultados\revisao_operacional\campanha_v1\j01338.mat,campanha_v1
j01339,montecarlo,perda_fonte,miope_qp,119,10,1.1374949176335862,{},592.6116232891053,592.6116232891053,1,14.754610001373313,14.75461000137331,150,150,150,150,57.9147667951044,56.47501255161039,60,24.32134429297718,1150.0008251042025,0,0,0.02432134429297718,500,150,59.99996967342122,nan,0,nan,nan,nan,nan,nan,0.0011941,0.0005907,0.0007379999999999999,0.0009400999999999999,0.0012329,0.0010606,0.0005246,0.00065485,0.0008578,0.0011536,nan,nan,nan,nan,nan,0,05_resultados\revisao_operacional\campanha_v1\j01339.mat,campanha_v1
j01340,montecarlo,perda_fonte,mpc_qp_v5,119,10,1.1374949176335862,{},475.83151513636346,475.83151513636346,1,14.6721666808781,14.672166680878098,150,150,150,150,51.94672134062913,51.94672134062913,60,38.253073632011905,1733.9199506581326,0,2.5833333333333335,0.03825307363201191,500,150,58.11840722956908,7.105427357601002e-15,0,0,0,2.9162680675653974e-05,333283.2021354289,4843142611315303.0,0.0245933,0.03042325,0.04044225,0.048978900000000006,0.0607456,0.0177973,0.025254699999999998,0.033601149999999996,0.042883050000000006,0.0451905,0.0048679,0.00483325,0.00619015,0.008161999999999999,0.0237721,0,05_resultados\revisao_operacional\campanha_v1\j01340.mat,campanha_v1
j01341,montecarlo,perda_fonte,mpc_qp_estocastico_3cen,119,10,1.1374949176335862,{},350.00247667940727,350.00247667940727,1,14.58333508181119,14.583335081811189,150,150,150,150,42.09580797861364,42.09580797861364,60,85.04491210158557,2649.1273934350165,0,0.5,0.08504491210158557,500,150,53.06490876277411,7.105427357601002e-15,0,0,0,4.092726157978177e-12,666566.4042708572,9686285222630616.0,0.0514716,0.062308050000000004,0.07880005,0.1092165,0.1455188,0.0364697,0.049903050000000004,0.06618315,0.09656310000000001,0.132777,0.0121897,0.01206065,0.01295905,0.0140881,0.0153909,0,05_resultados\revisao_operacional\evento_adiantado_corrigido_v1\j01341.mat,evento_adiantado_corrigido_v1
j01342,montecarlo,perda_fonte,heuristico,120,-12,0.8970868205406575,{},592.6122638850534,592.6122638850534,1,14.754610453615202,14.754610453615202,150,150,150,150,57.93978528855198,56.5039066455025,60,24.16369944991276,850,0,0,0.02416369944991276,500,150,60,nan,0,nan,nan,nan,nan,nan,3.64e-05,7.6e-06,9.8e-06,1.1249999999999999e-05,4.28e-05,nan,nan,nan,nan,nan,nan,nan,nan,nan,nan,0,05_resultados\revisao_operacional\campanha_v1\j01342.mat,campanha_v1
j01343,montecarlo,perda_fonte,heuristico_foresight,120,-12,0.8970868205406575,{},350.03090056278455,350.03090056278455,1,14.583355148221518,14.583355148221518,150,150,150,150,57.26094128871428,55.8296282046224,60,27.342492786421605,850,0,0,0.027342492786421604,500,150,59.39355862179829,nan,0,nan,nan,nan,nan,nan,4.05e-05,9e-06,1.235e-05,1.88e-05,5.52e-05,nan,nan,nan,nan,nan,nan,nan,nan,nan,nan,0,05_resultados\revisao_operacional\campanha_v1\j01343.mat,campanha_v1
j01344,montecarlo,perda_fonte,miope_qp,120,-12,0.8970868205406575,{},592.6116232891053,592.6116232891053,1,14.754610001373313,14.75461000137331,150,150,150,150,57.9147667951044,56.47501255161039,60,24.32134429297718,1150.0008251042025,0,0,0.02432134429297718,500,150,59.99996967342122,nan,0,nan,nan,nan,nan,nan,0.0012848,0.00058785,0.0006857,0.0008205,0.0012848,0.0011317,0.00052235,0.00060825,0.0007452,0.0011317,nan,nan,nan,nan,nan,0,05_resultados\revisao_operacional\campanha_v1\j01344.mat,campanha_v1
j01345,montecarlo,perda_fonte,mpc_qp_v5,120,-12,0.8970868205406575,{},350.00024469637447,350.00024469637447,1,14.586886826420228,14.583333506094105,150,150,150,150,56.80426736191058,55.40920600521157,60.0320167343643,29.46928828486211,1835.495835547493,0,1,0.02946928828486211,500,150,59.05018718478385,0.11704071334696664,853,0,0,0.0023224745855827678,333283.200808402,4015243775612013.0,0.0202211,0.022148599999999997,0.0344734,0.04046165,0.1014224,0.0139747,0.0170757,0.02920585,0.034551,0.0956683,0.0044894,0.00471385,0.0056184500000000005,0.0063038,0.0085268,0,05_resultados\revisao_operacional\campanha_v1\j01345.mat,campanha_v1
j01346,montecarlo,perda_fonte,mpc_qp_estocastico_3cen,120,-12,0.8970868205406575,{},350.0000005771031,350.0000005771031,1,14.583333333772114,14.583333333772114,150,150,150,150,54.69386700777622,54.69386700777622,60,25.204131713062793,1457.1871108732123,0,0.08333333333333334,0.025204131713062794,500,150,58.572886955076605,7.105427357601002e-15,0,0,0,8.875325562485159e-05,666566.4042708572,8858386386927326.0,0.0481115,0.05362035,0.0621917,0.10414085,0.171753,0.033278,0.0413689,0.049786250000000004,0.09179665000000001,0.1595571,0.0114657,0.0119254,0.0126602,0.01322255,0.0146648,0,05_resultados\revisao_operacional\evento_adiantado_corrigido_v1\j01346.mat,evento_adiantado_corrigido_v1
j01347,montecarlo,perda_fonte,heuristico,121,5,1.0006195309373813,{},592.6122638850534,592.6122638850534,1,14.754610453615202,14.754610453615202,150,150,150,150,57.93978528855198,56.5039066455025,60,24.16369944991276,850,0,0,0.02416369944991276,500,150,60,nan,0,nan,nan,nan,nan,nan,3.58e-05,8.1e-06,1.04e-05,1.19e-05,4.92e-05,nan,nan,nan,nan,nan,nan,nan,nan,nan,nan,0,05_resultados\revisao_operacional\campanha_v1\j01347.mat,campanha_v1
j01348,montecarlo,perda_fonte,heuristico_foresight,121,5,1.0006195309373813,{},402.9015293790226,402.9015293790226,1,14.620680256631648,14.620680256631648,150,150,150,150,57.54668202945504,56.12592450091872,60,25.879529823458643,850,0,0,0.025879529823458643,500,150,59.775564251996556,nan,0,nan,nan,nan,nan,nan,4.13e-05,9.1e-06,1.15e-05,2.04e-05,5.09e-05,nan,nan,nan,nan,nan,nan,nan,nan,nan,nan,0,05_resultados\revisao_operacional\campanha_v1\j01348.mat,campanha_v1
j01349,montecarlo,perda_fonte,miope_qp,121,5,1.0006195309373813,{},592.6116232891053,592.6116232891053,1,14.754610001373313,14.75461000137331,150,150,150,150,57.9147667951044,56.47501255161039,60,24.32134429297718,1150.0008251042025,0,0,0.02432134429297718,500,150,59.99996967342122,nan,0,nan,nan,nan,nan,nan,0.0012145,0.0005688,0.00065255,0.00080495,0.0012145,0.0010702,0.0005046,0.0005753500000000001,0.0007065999999999999,0.0010702,nan,nan,nan,nan,nan,0,05_resultados\revisao_operacional\campanha_v1\j01349.mat,campanha_v1
j01350,montecarlo,perda_fonte,mpc_qp_v5,121,5,1.0006195309373813,{},351.622597961923,351.622597961923,1,14.584478839777136,14.584478839777136,150,150,150,150,57.264117961416396,55.89351597979274,60,26.71949373610899,1535.354168773152,0,2.5,0.02671949373610899,500,150,59.628037002611656,0.014420340186283909,736,0,0,2.0701760149677284e-05,333283.200808402,4015243775612013.0,0.0225939,0.02566075,0.03149815,0.0397384,0.0921624,0.0152398,0.0208233,0.02627955,0.034331299999999995,0.0869869,0.0050817,0.00452795,0.0053293,0.0057832000000000005,0.0077902,0,05_resultados\revisao_operacional\campanha_v1\j01350.mat,campanha_v1
j01351,montecarlo,perda_fonte,mpc_qp_estocastico_3cen,121,5,1.0006195309373813,{},350.00009636268476,350.00009636268476,1,14.58333340137655,14.58333340137655,150,150,150,150,49.38827851440538,49.38827851440538,60,50.405677056573815,832.1241570384113,0,0,0.05040567705657382,500,150,56.272231277573184,7.105427357601002e-15,0,0,0,2.0463630789890885e-12,666566.4042708572,8858386386927326.0,0.0467455,0.052575,0.0759375,0.10709874999999999,0.1167205,0.0320506,0.0400474,0.06348390000000001,0.09483915,0.1044806,0.0116437,0.01206645,0.012828949999999999,0.0134234,0.0186967,0,05_resultados\revisao_operacional\evento_adiantado_corrigido_v1\j01351.mat,evento_adiantado_corrigido_v1
j01352,montecarlo,perda_fonte,heuristico,122,-2,1.1251318586804062,{},592.6122638850534,592.6122638850534,1,14.754610453615202,14.754610453615202,150,150,150,150,57.93978528855198,56.5039066455025,60,24.16369944991276,850,0,0,0.02416369944991276,500,150,60,nan,0,nan,nan,nan,nan,nan,4.1e-05,7.9e-06,1.025e-05,2.435e-05,4.85e-05,nan,nan,nan,nan,nan,nan,nan,nan,nan,nan,0,05_resultados\revisao_operacional\campanha_v1\j01352.mat,campanha_v1
j01353,montecarlo,perda_fonte,heuristico_foresight,122,-2,1.1251318586804062,{},398.19981080414834,398.19981080414834,1,14.617360981649483,14.617360981649481,150,150,150,150,53.74022226794751,53.74022226794751,60,29.733944227262935,756.1511059896953,0,0,0.029733944227262936,500,150,58.68428057169466,nan,0,nan,nan,nan,nan,nan,3.87e-05,8.5e-06,1.08e-05,1.39e-05,6.99e-05,nan,nan,nan,nan,nan,nan,nan,nan,nan,nan,0,05_resultados\revisao_operacional\campanha_v1\j01353.mat,campanha_v1
j01354,montecarlo,perda_fonte,miope_qp,122,-2,1.1251318586804062,{},592.6116232891053,592.6116232891053,1,14.754610001373313,14.75461000137331,150,150,150,150,57.9147667951044,56.47501255161039,60,24.32134429297718,1150.0008251042025,0,0,0.02432134429297718,500,150,59.99996967342122,nan,0,nan,nan,nan,nan,nan,0.0011858,0.0005627,0.0006472,0.0008462999999999999,0.0011858,0.0010484,0.0005007,0.0005697,0.0007523499999999999,0.0010484,nan,nan,nan,nan,nan,0,05_resultados\revisao_operacional\campanha_v1\j01354.mat,campanha_v1
j01355,montecarlo,perda_fonte,mpc_qp_v5,122,-2,1.1251318586804062,{},350.0301239868615,350.0301239868615,1,14.58335460000119,14.58335460000119,150,150,150,150,52.35924460453707,52.35924460453707,60,36.29358812844968,1323.271966888477,0,2.25,0.036293588128449676,500,150,58.088046936436086,7.105427357601002e-15,0,0,0,3.7426739027068834e-05,333283.2021354289,4843142611315303.0,0.0238737,0.0297052,0.0347979,0.04568065,0.0509446,0.0169718,0.024364999999999998,0.0291895,0.0402702,0.0456472,0.0045176,0.00503085,0.0057777,0.0061731500000000005,0.0086296,0,05_resultados\revisao_operacional\campanha_v1\j01355.mat,campanha_v1
j01356,montecarlo,perda_fonte,mpc_qp_estocastico_3cen,122,-2,1.1251318586804062,{},350.00000187108594,350.00000187108594,1,14.58333333466616,14.583333334666158,150,150,150,150,42.66540240741598,42.66540240741598,60,82.33933856477385,1850.2114967808013,0,0.4166666666666667,0.08233933856477385,500,150,53.20021544157654,7.105427357601002e-15,0,0,0,4.433786671143025e-12,666566.4042708572,9686285222630616.0,0.0519467,0.0630681,0.0765856,0.12189449999999999,0.1599373,0.0362474,0.05062705,0.06391345,0.10913275,0.147397,0.0128307,0.01201825,0.01284165,0.013557699999999999,0.0146807,0,05_resultados\revisao_operacional\evento_adiantado_corrigido_v1\j01356.mat,evento_adiantado_corrigido_v1
j01357,montecarlo,perda_fonte,heuristico,123,5,1.1235578414753566,{},592.6122638850534,592.6122638850534,1,14.754610453615202,14.754610453615202,150,150,150,150,57.93978528855198,56.5039066455025,60,24.16369944991276,850,0,0,0.02416369944991276,500,150,60,nan,0,nan,nan,nan,nan,nan,4.13e-05,8e-06,1.145e-05,1.675e-05,4.13e-05,nan,nan,nan,nan,nan,nan,nan,nan,nan,nan,0,05_resultados\revisao_operacional\campanha_v1\j01357.mat,campanha_v1
j01358,montecarlo,perda_fonte,heuristico_foresight,123,5,1.1235578414753566,{},566.7325825436473,566.7325825436473,1,14.736340160007666,14.736340160007666,150,150,150,150,53.79149979061726,53.79149979061726,60,29.490375994563742,757.3316188934825,0,0,0.029490375994563743,500,150,58.75623289495449,nan,0,nan,nan,nan,nan,nan,4.26e-05,8.5e-06,1.135e-05,1.55e-05,4.26e-05,nan,nan,nan,nan,nan,nan,nan,nan,nan,nan,0,05_resultados\revisao_operacional\campanha_v1\j01358.mat,campanha_v1
j01359,montecarlo,perda_fonte,miope_qp,123,5,1.1235578414753566,{},592.6116232891053,592.6116232891053,1,14.754610001373313,14.75461000137331,150,150,150,150,57.9147667951044,56.47501255161039,60,24.32134429297718,1150.0008251042025,0,0,0.02432134429297718,500,150,59.99996967342122,nan,0,nan,nan,nan,nan,nan,0.0012221,0.000575,0.0007219500000000001,0.0008773,0.0012221,0.001073,0.0005105000000000001,0.0006441,0.00078885,0.001073,nan,nan,nan,nan,nan,0,05_resultados\revisao_operacional\campanha_v1\j01359.mat,campanha_v1
j01360,montecarlo,perda_fonte,mpc_qp_v5,123,5,1.1235578414753566,{},354.7257841911112,354.7257841911112,1,14.5866695979441,14.5866695979441,150,150,150,150,52.56308645870248,52.56308645870248,60,35.32533932116294,1322.4430171220974,0,2.5833333333333335,0.03532533932116294,500,150,58.338705458398195,7.105427357601002e-15,0,0,0,1.9687490748765413e-08,333283.2021354289,4843142611315303.0,0.0244749,0.030766500000000002,0.05286685,0.0825047,0.1668502,0.0175957,0.02527985,0.043296799999999996,0.052998649999999994,0.1147968,0.0046734,0.00539395,0.0092405,0.02391815,0.1167936,0,05_resultados\revisao_operacional\campanha_v1\j01360.mat,campanha_v1
j01361,montecarlo,perda_fonte,mpc_qp_estocastico_3cen,123,5,1.1235578414753566,{},350.02406524159824,350.02406524159824,1,14.583350322695276,14.583350322695276,150,150,150,150,42.880869222057434,42.880869222057434,60,81.31587119522709,3758.143603273848,0,0.6666666666666667,0.08131587119522708,500,150,53.41609544147337,7.105427357601002e-15,0,0,0,0.00783102801278801,666566.4042708572,9686285222630616.0,0.0528234,0.06344395,0.07791165,0.1143139,0.1593071,0.0367034,0.051115999999999995,0.06518645,0.1017793,0.1464349,0.0129706,0.01200315,0.01291925,0.0140929,0.0155321,0,05_resultados\revisao_operacional\evento_adiantado_corrigido_v1\j01361.mat,evento_adiantado_corrigido_v1
j01362,montecarlo,perda_fonte,heuristico,124,6,0.9177524765717602,{},592.6122638850534,592.6122638850534,1,14.754610453615202,14.754610453615202,150,150,150,150,57.93978528855198,56.5039066455025,60,24.16369944991276,850,0,0,0.02416369944991276,500,150,60,nan,0,nan,nan,nan,nan,nan,3.95e-05,8.1e-06,1.025e-05,1.2e-05,3.95e-05,nan,nan,nan,nan,nan,nan,nan,nan,nan,nan,0,05_resultados\revisao_operacional\campanha_v1\j01362.mat,campanha_v1
j01363,montecarlo,perda_fonte,heuristico_foresight,124,6,0.9177524765717602,{},410.9885873872711,410.9885873872711,1,14.626389481651952,14.626389481651952,150,150,150,150,57.540144505088584,56.12202586544115,60,25.88415945308827,850,0,0,0.02588415945308827,500,150,59.79385548727493,nan,0,nan,nan,nan,nan,nan,4.69e-05,8.8e-06,1.1e-05,1.38e-05,4.69e-05,nan,nan,nan,nan,nan,nan,nan,nan,nan,nan,0,05_resultados\revisao_operacional\campanha_v1\j01363.mat,campanha_v1
j01364,montecarlo,perda_fonte,miope_qp,124,6,0.9177524765717602,{},592.6116232891053,592.6116232891053,1,14.754610001373313,14.75461000137331,150,150,150,150,57.9147667951044,56.47501255161039,60,24.32134429297718,1150.0008251042025,0,0,0.02432134429297718,500,150,59.99996967342122,nan,0,nan,nan,nan,nan,nan,0.001186,0.0005706000000000001,0.00070085,0.0008587,0.0013203,0.0010533,0.0005078000000000001,0.0006245000000000001,0.0007717,0.0012159,nan,nan,nan,nan,nan,0,05_resultados\revisao_operacional\campanha_v1\j01364.mat,campanha_v1
j01365,montecarlo,perda_fonte,mpc_qp_v5,124,6,0.9177524765717602,{},352.7532804577758,352.7532804577758,1,14.588306608339767,14.585277068344029,150,150,150,150,57.11180634835152,55.73005636881837,60.027044673633235,27.825403148745863,1545.3474363782861,0,1.6666666666666667,0.027825403148745865,500,150,59.48756670950203,0.11706253443601611,853,0,0,0.006099482238028031,333283.200808402,4015243775612013.0,0.0203204,0.02257735,0.036504499999999995,0.04414575,0.0565679,0.0139484,0.0174449,0.0304404,0.03795645,0.0504225,0.0045618,0.005089,0.0062385,0.00689245,0.008548,0,05_resultados\revisao_operacional\campanha_v1\j01365.mat,campanha_v1
j01366,montecarlo,perda_fonte,mpc_qp_estocastico_3cen,124,6,0.9177524765717602,{},350.00349645613676,350.00349645613676,1,14.58333580174148,14.58333580174148,150,150,150,150,53.90040498999007,53.90040498999007,60,28.97307629754752,1535.4590980658895,0,0.08333333333333334,0.02897307629754752,500,150,58.47217230403679,0.12154890028723742,58,0,0,2.432898327242583e-11,666566.4042708572,8858386386927326.0,0.0488363,0.05266625,0.07758555,0.1067836,0.1380495,0.033591,0.04017005,0.06532740000000001,0.09430830000000001,0.1256778,0.0120903,0.01208265,0.012865950000000001,0.013489649999999999,0.0169329,0,05_resultados\revisao_operacional\evento_adiantado_corrigido_v1\j01366.mat,evento_adiantado_corrigido_v1
j01367,montecarlo,perda_fonte,heuristico,125,-1,0.825489177520841,{},592.6122638850534,592.6122638850534,1,14.754610453615202,14.754610453615202,150,150,150,150,57.93978528855198,56.5039066455025,60,24.16369944991276,850,0,0,0.02416369944991276,500,150,60,nan,0,nan,nan,nan,nan,nan,4.13e-05,8.1e-06,1.05e-05,1.575e-05,4.19e-05,nan,nan,nan,nan,nan,nan,nan,nan,nan,nan,0,05_resultados\revisao_operacional\campanha_v1\j01367.mat,campanha_v1
j01368,montecarlo,perda_fonte,heuristico_foresight,125,-1,0.825489177520841,{},357.5611184157917,357.5611184157917,1,14.588671260475307,14.588671260475307,150,150,150,150,57.51825123023475,56.08693814614288,60,26.12027056419938,850.0000000000001,0,0,0.02612027056419938,500,150,59.64974938179165,nan,0,nan,nan,nan,nan,nan,5.24e-05,8.9e-06,1.12e-05,1.4950000000000001e-05,5.24e-05,nan,nan,nan,nan,nan,nan,nan,nan,nan,nan,0,05_resultados\revisao_operacional\campanha_v1\j01368.mat,campanha_v1
j01369,montecarlo,perda_fonte,miope_qp,125,-1,0.825489177520841,{},592.6116232891053,592.6116232891053,1,14.754610001373313,14.75461000137331,150,150,150,150,57.9147667951044,56.47501255161039,60,24.32134429297718,1150.0008251042025,0,0,0.02432134429297718,500,150,59.99996967342122,nan,0,nan,nan,nan,nan,nan,0.0012107,0.000588,0.00068515,0.00078585,0.0012107,0.0010745,0.00052285,0.0006018,0.0007055,0.0010745,nan,nan,nan,nan,nan,0,05_resultados\revisao_operacional\campanha_v1\j01369.mat,campanha_v1
j01370,montecarlo,perda_fonte,mpc_qp_v5,125,-1,0.825489177520841,{},350.0349373636003,350.0349373636003,1,14.588026446064983,14.583357998096579,150,150,150,150,57.06729382284277,55.67194654019055,60.057434808274245,28.47729080458873,1815.3008774222,0,0.75,0.02847729080458873,500,150,59.31290463843801,0.11695835634422025,852,0,0,0.0061589781172415314,333283.200808402,4015243775612013.0,0.0217442,0.0225314,0.034720100000000004,0.0415729,0.0591673,0.0148962,0.01744705,0.02889655,0.033929100000000004,0.0461184,0.0046386,0.0048706,0.00608615,0.00702465,0.0314773,0,05_resultados\revisao_operacional\campanha_v1\j01370.mat,campanha_v1
j01371,montecarlo,perda_fonte,mpc_qp_estocastico_3cen,125,-1,0.825489177520841,{},350.0000110283773,350.0000110283773,1,14.58802921745775,14.583333341145133,150,150,150,150,56.71990703915069,55.324603883382245,60.03891180795742,29.94146245081555,855.4063261678104,0,0,0.02994146245081555,500,150,58.96558090714237,0.11702091891636712,852,0,0,2.2737367544323206e-13,666566.4016168036,8030487551224027.0,0.0417071,0.046493400000000004,0.0627904,0.0987561,0.1136938,0.0265676,0.03439395,0.04930805,0.0863488,0.1013895,0.0123826,0.011795050000000001,0.01254045,0.0135128,0.0154425,0,05_resultados\revisao_operacional\evento_adiantado_corrigido_v1\j01371.mat,evento_adiantado_corrigido_v1
j01372,montecarlo,perda_fonte,heuristico,126,1,0.815208008352404,{},592.6122638850534,592.6122638850534,1,14.754610453615202,14.754610453615202,150,150,150,150,57.93978528855198,56.5039066455025,60,24.16369944991276,850,0,0,0.02416369944991276,500,150,60,nan,0,nan,nan,nan,nan,nan,3.64e-05,8.1e-06,9.5e-06,1.84e-05,7.92e-05,nan,nan,nan,nan,nan,nan,nan,nan,nan,nan,0,05_resultados\revisao_operacional\campanha_v1\j01372.mat,campanha_v1
j01373,montecarlo,perda_fonte,heuristico_foresight,126,1,0.815208008352404,{},370.5532507924737,370.5532507924737,1,14.597843323684993,14.597843323684993,150,150,150,150,57.56503485596575,56.13372177187387,60,25.89804834197716,850,0,0,0.02589804834197716,500,150,59.694602046846924,nan,0,nan,nan,nan,nan,nan,4.18e-05,9e-06,1.12e-05,1.445e-05,4.18e-05,nan,nan,nan,nan,nan,nan,nan,nan,nan,nan,0,05_resultados\revisao_operacional\campanha_v1\j01373.mat,campanha_v1
j01374,montecarlo,perda_fonte,miope_qp,126,1,0.815208008352404,{},592.6116232891053,592.6116232891053,1,14.754610001373313,14.75461000137331,150,150,150,150,57.9147667951044,56.47501255161039,60,24.32134429297718,1150.0008251042025,0,0,0.02432134429297718,500,150,59.99996967342122,nan,0,nan,nan,nan,nan,nan,0.0012208,0.0006017,0.0006738499999999999,0.0007767500000000001,0.0012208,0.0010808,0.00053575,0.00059695,0.00070195,0.0010808,nan,nan,nan,nan,nan,0,05_resultados\revisao_operacional\campanha_v1\j01374.mat,campanha_v1
j01375,montecarlo,perda_fonte,mpc_qp_v5,126,1,0.815208008352404,{},350.2126927116564,350.2126927116564,1,14.588307239249225,14.583483488142447,150,150,150,150,57.11801570620313,55.72262904307391,60.061335511227156,28.275814536129456,1977.6688589854152,0,0.8333333333333334,0.028275814536129457,500,150,59.363558150631846,0.11694633179917702,852,0,0,0.0005724530634552139,333283.200808402,4015243775612013.0,0.0212015,0.02216395,0.0322562,0.040147600000000006,0.1426063,0.014467,0.0171306,0.02610565,0.03443145,0.1373979,0.0050712,0.00488015,0.0057317,0.0062362,0.0126318,0,05_resultados\revisao_operacional\campanha_v1\j01375.mat,campanha_v1
j01376,montecarlo,perda_fonte,mpc_qp_estocastico_3cen,126,1,0.815208008352404,{},350.0000308226346,350.0000308226346,1,14.58822561709279,14.583333355122987,150,150,150,150,56.77125353082832,55.37590189208928,60.0429105281382,29.738091899532872,855.9239990512264,0,0,0.029738091899532873,500,150,59.01687616419499,0.1170082246021451,852,0,0,3.410605131648481e-13,666566.4016168036,8030487551224027.0,0.0417519,0.0465702,0.0639356,0.09893945000000001,0.1194135,0.0266835,0.0345549,0.0514399,0.08648875,0.1032113,0.0119827,0.01185185,0.0127329,0.014692199999999999,0.0190702,0,05_resultados\revisao_operacional\evento_adiantado_corrigido_v1\j01376.mat,evento_adiantado_corrigido_v1
j01377,montecarlo,perda_fonte,heuristico,127,10,1.17936828412128,{},592.6122638850534,592.6122638850534,1,14.754610453615202,14.754610453615202,150,150,150,150,57.93978528855198,56.5039066455025,60,24.16369944991276,850,0,0,0.02416369944991276,500,150,60,nan,0,nan,nan,nan,nan,nan,3.96e-05,7.95e-06,1.025e-05,1.3e-05,6.78e-05,nan,nan,nan,nan,nan,nan,nan,nan,nan,nan,0,05_resultados\revisao_operacional\campanha_v1\j01377.mat,campanha_v1
j01378,montecarlo,perda_fonte,heuristico_foresight,127,10,1.17936828412128,{},541.3445240959827,541.3445240959827,1,14.718416937698823,14.718416937698823,150,150,150,150,51.14260285553037,51.14260285553037,60,42.072636436219696,715.47378690904,0,0,0.042072636436219696,500,150,57.536092988994156,nan,0,nan,nan,nan,nan,nan,5.31e-05,8.8e-06,1.1e-05,1.475e-05,6.52e-05,nan,nan,nan,nan,nan,nan,nan,nan,nan,nan,0,05_resultados\revisao_operacional\campanha_v1\j01378.mat,campanha_v1
j01379,montecarlo,perda_fonte,miope_qp,127,10,1.17936828412128,{},592.6116232891053,592.6116232891053,1,14.754610001373313,14.75461000137331,150,150,150,150,57.9147667951044,56.47501255161039,60,24.32134429297718,1150.0008251042025,0,0,0.02432134429297718,500,150,59.99996967342122,nan,0,nan,nan,nan,nan,nan,0.0012442,0.00061905,0.0014063,0.00206255,0.0029876,0.0010921,0.0005491,0.00124845,0.0017690499999999999,0.0025535,nan,nan,nan,nan,nan,0,05_resultados\revisao_operacional\campanha_v1\j01379.mat,campanha_v1
j01380,montecarlo,perda_fonte,mpc_qp_v5,127,10,1.17936828412128,{},464.53603460517115,464.53603460517115,1,14.664192403948775,14.664192403948771,150,150,150,150,50.05995623542108,50.05995623542108,60,47.21520788174986,1715.31720820946,0,2.75,0.04721520788174986,500,150,57.16456801208798,7.105427357601002e-15,0,0,0,0.5152034307743634,333283.2021354289,4843142611315303.0,0.0269433,0.0310446,0.041646249999999996,0.049324549999999995,0.0686432,0.0195072,0.025423550000000003,0.0355614,0.0432247,0.0629724,0.0050381,0.0051493,0.006287050000000001,0.0079893,0.0142911,0,05_resultados\revisao_operacional\campanha_v1\j01380.mat,campanha_v1
j01381,montecarlo,perda_fonte,mpc_qp_estocastico_3cen,127,10,1.17936828412128,{},350.02734876879254,350.02734876879254,1,14.58335264077364,14.58335264077364,150,150,150,150,39.98495554058779,39.98495554058779,60,95.0714611822087,2927.170680185459,0,0.4166666666666667,0.09507146118220869,500,150,52.09569334656222,7.105427357601002e-15,0,0,0,0.00013301782064445433,666566.4042708572,9686285222630616.0,0.0569702,0.05693235,0.08224735,0.1117697,0.1698705,0.0393452,0.044499800000000006,0.06861685000000001,0.09922405000000001,0.1576435,0.0144561,0.012095600000000001,0.013444649999999999,0.01476425,0.0175214,0,05_resultados\revisao_operacional\evento_adiantado_corrigido_v1\j01381.mat,evento_adiantado_corrigido_v1
j01382,montecarlo,perda_fonte,heuristico,128,-1,0.8383334965743251,{},592.6122638850534,592.6122638850534,1,14.754610453615202,14.754610453615202,150,150,150,150,57.93978528855198,56.5039066455025,60,24.16369944991276,850,0,0,0.02416369944991276,500,150,60,nan,0,nan,nan,nan,nan,nan,5.17e-05,8e-06,1.41e-05,2.27e-05,5.17e-05,nan,nan,nan,nan,nan,nan,nan,nan,nan,nan,0,05_resultados\revisao_operacional\campanha_v1\j01382.mat,campanha_v1
j01383,montecarlo,perda_fonte,heuristico_foresight,128,-1,0.8383334965743251,{},357.5611184157917,357.5611184157917,1,14.588671260475307,14.588671260475307,150,150,150,150,57.51825123023475,56.08693814614288,60,26.12027056419938,850.0000000000001,0,0,0.02612027056419938,500,150,59.64974938179165,nan,0,nan,nan,nan,nan,nan,4.2e-05,8.9e-06,1.12e-05,2.3899999999999998e-05,4.61e-05,nan,nan,nan,nan,nan,nan,nan,nan,nan,nan,0,05_resultados\revisao_operacional\campanha_v1\j01383.mat,campanha_v1
j01384,montecarlo,perda_fonte,miope_qp,128,-1,0.8383334965743251,{},592.6116232891053,592.6116232891053,1,14.754610001373313,14.75461000137331,150,150,150,150,57.9147667951044,56.47501255161039,60,24.32134429297718,1150.0008251042025,0,0,0.02432134429297718,500,150,59.99996967342122,nan,0,nan,nan,nan,nan,nan,0.0012583,0.00057785,0.00070535,0.00082505,0.0012583,0.001099,0.0005128999999999999,0.0006153,0.0007306999999999999,0.001099,nan,nan,nan,nan,nan,0,05_resultados\revisao_operacional\campanha_v1\j01384.mat,campanha_v1
j01385,montecarlo,perda_fonte,mpc_qp_v5,128,-1,0.8383334965743251,{},350.02688603686914,350.02688603686914,1,14.58783156000057,14.583352314103104,150,150,150,150,57.06216584747552,55.66686668222213,60.053111043751066,28.45787234360235,1680.9493024828942,0,0.9166666666666666,0.02845787234360235,500,150,59.30782920045789,0.11697293371488371,852,0,0,0.00677106315868059,333283.200808402,4015243775612013.0,0.0213122,0.022512400000000002,0.033538200000000004,0.03968485,0.09759,0.0144779,0.01720655,0.028144500000000003,0.034617850000000006,0.0919879,0.0046519,0.0050442,0.0060111,0.006481799999999999,0.008566,0,05_resultados\revisao_operacional\campanha_v1\j01385.mat,campanha_v1
j01386,montecarlo,perda_fonte,mpc_qp_estocastico_3cen,128,-1,0.8383334965743251,{},350.00017731856207,350.00017731856207,1,14.58333345854048,14.58333345854048,150,150,150,150,56.69543767691671,55.42074451821186,60.03430047264812,28.803830948588452,1513.8365331344608,0,0.08333333333333334,0.028803830948588453,500,150,59.06245167195043,0.11703646933112566,901,0,0,1.7613501768209971e-07,666566.4016168036,8030487551224027.0,0.041416,0.0511293,0.06682569999999999,0.10673975,0.1671453,0.0272324,0.039097,0.0537122,0.0920775,0.1539946,0.0117493,0.01186025,0.01299995,0.01427115,0.0177677,0,05_resultados\revisao_operacional\evento_adiantado_corrigido_v1\j01386.mat,evento_adiantado_corrigido_v1
j01387,montecarlo,perda_fonte,heuristico,129,1,0.8028758229788855,{},592.6122638850534,592.6122638850534,1,14.754610453615202,14.754610453615202,150,150,150,150,57.93978528855198,56.5039066455025,60,24.16369944991276,850,0,0,0.02416369944991276,500,150,60,nan,0,nan,nan,nan,nan,nan,3.7e-05,8.1e-06,9.2e-06,1.1099999999999999e-05,5.54e-05,nan,nan,nan,nan,nan,nan,nan,nan,nan,nan,0,05_resultados\revisao_operacional\campanha_v1\j01387.mat,campanha_v1
j01388,montecarlo,perda_fonte,heuristico_foresight,129,1,0.8028758229788855,{},370.5532507924737,370.5532507924737,1,14.597843323684993,14.597843323684993,150,150,150,150,57.56503485596575,56.13372177187387,60,25.89804834197716,850,0,0,0.02589804834197716,500,150,59.694602046846924,nan,0,nan,nan,nan,nan,nan,4.37e-05,9e-06,1.15e-05,1.61e-05,8.67e-05,nan,nan,nan,nan,nan,nan,nan,nan,nan,nan,0,05_resultados\revisao_operacional\campanha_v1\j01388.mat,campanha_v1
j01389,montecarlo,perda_fonte,miope_qp,129,1,0.8028758229788855,{},592.6116232891053,592.6116232891053,1,14.754610001373313,14.75461000137331,150,150,150,150,57.9147667951044,56.47501255161039,60,24.32134429297718,1150.0008251042025,0,0,0.02432134429297718,500,150,59.99996967342122,nan,0,nan,nan,nan,nan,nan,0.0012751,0.00060375,0.00079345,0.0014873,0.0023534,0.0010813,0.0005353000000000001,0.0007007,0.0012595,0.0020357,nan,nan,nan,nan,nan,0,05_resultados\revisao_operacional\campanha_v1\j01389.mat,campanha_v1
j01390,montecarlo,perda_fonte,mpc_qp_v5,129,1,0.8028758229788855,{},350.1853458278707,350.1853458278707,1,14.588477666552302,14.583464182046521,150,150,150,150,57.10798833452361,55.71255365897682,60.0655168498523,28.365793711389966,2102.744226909759,0,0.6666666666666667,0.028365793711389965,500,150,59.35348373343157,0.11693231138362137,852,0,0,1.4074204273128998e-05,333283.200808402,4015243775612013.0,0.0224716,0.02183085,0.0332368,0.0422974,0.1225458,0.0147193,0.0169423,0.02809935,0.03659395,0.117425,0.0059365,0.004768,0.00553075,0.00580545,0.0062881,0,05_resultados\revisao_operacional\campanha_v1\j01390.mat,campanha_v1
j01391,montecarlo,perda_fonte,mpc_qp_estocastico_3cen,129,1,0.8028758229788855,{},350.00003183553036,350.00003183553036,1,14.588175943154488,14.583333355849048,150,150,150,150,56.776326750748716,55.38097532244894,60.047369807688895,29.758643467988758,856.5365214374096,0,0,0.029758643467988757,500,150,59.02194629088816,0.1169932746909268,852,0,0,2.8421709430404007e-13,666566.4016168036,8030487551224027.0,0.0419601,0.04646665,0.0663964,0.0975339,0.134014,0.0271171,0.034446649999999995,0.05252105,0.08484205,0.1213512,0.0121421,0.011871650000000001,0.013795,0.01487965,0.0194539,0,05_resultados\revisao_operacional\evento_adiantado_corrigido_v1\j01391.mat,evento_adiantado_corrigido_v1
j01392,montecarlo,perda_fonte,heuristico,130,1,1.0909457433747287,{},592.6122638850534,592.6122638850534,1,14.754610453615202,14.754610453615202,150,150,150,150,57.93978528855198,56.5039066455025,60,24.16369944991276,850,0,0,0.02416369944991276,500,150,60,nan,0,nan,nan,nan,nan,nan,4.84e-05,7.9e-06,9.5e-06,1.7749999999999998e-05,8.09e-05,nan,nan,nan,nan,nan,nan,nan,nan,nan,nan,0,05_resultados\revisao_operacional\campanha_v1\j01392.mat,campanha_v1
j01393,montecarlo,perda_fonte,heuristico_foresight,130,1,1.0909457433747287,{},581.5677605753375,581.5677605753375,1,14.746813359224591,14.746813359224587,150,150,150,150,55.37475418902096,55.37475418902096,60,21.96991760216478,781.7906924689535,0,0,0.021969917602164782,500,150,59.46920560083674,nan,0,nan,nan,nan,nan,nan,3.97e-05,8.5e-06,9.6e-06,1.735e-05,4.51e-05,nan,nan,nan,nan,nan,nan,nan,nan,nan,nan,0,05_resultados\revisao_operacional\campanha_v1\j01393.mat,campanha_v1
j01394,montecarlo,perda_fonte,miope_qp,130,1,1.0909457433747287,{},592.6116232891053,592.6116232891053,1,14.754610001373313,14.75461000137331,150,150,150,150,57.9147667951044,56.47501255161039,60,24.32134429297718,1150.0008251042025,0,0,0.02432134429297718,500,150,59.99996967342122,nan,0,nan,nan,nan,nan,nan,0.0011975,0.00057335,0.0007253,0.0008694,0.0011975,0.0010564,0.0005102,0.0006302,0.0007803,0.0010564,nan,nan,nan,nan,nan,0,05_resultados\revisao_operacional\campanha_v1\j01394.mat,campanha_v1
j01395,montecarlo,perda_fonte,mpc_qp_v5,130,1,1.0909457433747287,{},350.6228580120295,350.6228580120295,1,14.583773052775566,14.583773052775559,150,150,150,150,54.01685707829263,54.01685707829263,60,28.419928878109673,2085.578733223133,0,1.8333333333333333,0.028419928878109672,500,150,58.966238479737626,7.105427357601002e-15,0,0,0,0.0005448694834058188,333283.2021354289,4843142611315303.0,0.024548,0.02800625,0.0340844,0.04539385,0.0947643,0.0169526,0.022950699999999997,0.0288533,0.0398007,0.0899907,0.0055494,0.00470575,0.00534575,0.0056948,0.0076407,0,05_resultados\revisao_operacional\campanha_v1\j01395.mat,campanha_v1
j01396,montecarlo,perda_fonte,mpc_qp_estocastico_3cen,130,1,1.0909457433747287,{},350.00019342538656,350.00019342538656,1,14.583333469903309,14.583333469903303,150,150,150,150,44.48011843542875,44.48011843542875,60,73.71943743171286,2779.0100699050818,0,0.5,0.07371943743171286,500,150,54.07211156816115,7.105427357601002e-15,0,0,0,0.13787146976619624,666566.4042708572,9686285222630616.0,0.048801,0.0602561,0.07266244999999999,0.11326159999999999,0.1598918,0.0333331,0.0476098,0.060242,0.09898475,0.1462306,0.0123827,0.01204,0.0131734,0.0146245,0.0179113,0,05_resultados\revisao_operacional\evento_adiantado_corrigido_v1\j01396.mat,evento_adiantado_corrigido_v1
j01397,montecarlo,perda_fonte,heuristico,131,-7,0.8722108390373998,{},592.6122638850534,592.6122638850534,1,14.754610453615202,14.754610453615202,150,150,150,150,57.93978528855198,56.5039066455025,60,24.16369944991276,850,0,0,0.02416369944991276,500,150,60,nan,0,nan,nan,nan,nan,nan,3.74e-05,7.8e-06,9.8e-06,2.22e-05,8.87e-05,nan,nan,nan,nan,nan,nan,nan,nan,nan,nan,0,05_resultados\revisao_operacional\campanha_v1\j01397.mat,campanha_v1
j01398,montecarlo,perda_fonte,heuristico_foresight,131,-7,0.8722108390373998,{},350.3764459195046,350.3764459195046,1,14.583599093076895,14.583599093076895,150,150,150,150,57.37790035304177,55.94658726894989,60,26.786937230866048,850,0,0,0.02678693723086605,500,150,59.51046632931412,nan,0,nan,nan,nan,nan,nan,4.74e-05,8.7e-06,1.155e-05,1.445e-05,6.01e-05,nan,nan,nan,nan,nan,nan,nan,nan,nan,nan,0,05_resultados\revisao_operacional\campanha_v1\j01398.mat,campanha_v1
j01399,montecarlo,perda_fonte,miope_qp,131,-7,0.8722108390373998,{},592.6116232891053,592.6116232891053,1,14.754610001373313,14.75461000137331,150,150,150,150,57.9147667951044,56.47501255161039,60,24.32134429297718,1150.0008251042025,0,0,0.02432134429297718,500,150,59.99996967342122,nan,0,nan,nan,nan,nan,nan,0.001172,0.00056485,0.00065875,0.0008152,0.001172,0.0010441,0.0005029500000000001,0.00058675,0.00072805,0.0010441,nan,nan,nan,nan,nan,0,05_resultados\revisao_operacional\campanha_v1\j01399.mat,campanha_v1
j01400,montecarlo,perda_fonte,mpc_qp_v5,131,-7,0.8722108390373998,{},350.00547698515305,350.00547698515305,1,14.58732887608094,14.583337199934416,150,150,150,150,56.94621351810402,55.55104230327668,60.04080660825648,28.884158464885413,1874.1136972072536,0,1.25,0.02888415846488541,500,150,59.19201648645742,0.11701212487874812,852,0,0,0.002452405800568158,333283.200808402,4015243775612013.0,0.0202953,0.0217015,0.03238825,0.037689299999999995,0.0973273,0.0137166,0.016791800000000003,0.02634135,0.0324128,0.0920038,0.0048181,0.00461385,0.005467049999999999,0.00638045,0.0123267,0,05_resultados\revisao_operacional\campanha_v1\j01400.mat,campanha_v1
j01401,montecarlo,perda_fonte,mpc_qp_estocastico_3cen,131,-7,0.8722108390373998,{},350.00000718077763,350.00000718077763,1,14.583333338412075,14.583333338412073,150,150,150,150,55.71647727905262,55.26553119402126,60.02165290374146,25.078941219974908,1467.853659395839,0,0.08333333333333334,0.025078941219974907,500,150,58.91487964221184,0.11707790634175552,982,0,0,0.000694596531161551,666566.4016168036,8030487551224027.0,0.0418478,0.0523476,0.06179565,0.10815905,0.1786705,0.027168,0.04016135,0.0483374,0.0945772,0.1658085,0.0118937,0.0119486,0.0135665,0.01477515,0.0179972,0,05_resultados\revisao_operacional\evento_adiantado_corrigido_v1\j01401.mat,evento_adiantado_corrigido_v1
j01402,montecarlo,perda_fonte,heuristico,132,-2,0.9831411167704064,{},592.6122638850534,592.6122638850534,1,14.754610453615202,14.754610453615202,150,150,150,150,57.93978528855198,56.5039066455025,60,24.16369944991276,850,0,0,0.02416369944991276,500,150,60,nan,0,nan,nan,nan,nan,nan,3.63e-05,8.9e-06,1.78e-05,2.225e-05,0.000118,nan,nan,nan,nan,nan,nan,nan,nan,nan,nan,0,05_resultados\revisao_operacional\campanha_v1\j01402.mat,campanha_v1
j01403,montecarlo,perda_fonte,heuristico_foresight,132,-2,0.9831411167704064,{},354.5860501408955,354.5860501408955,1,14.586570949804251,14.586570949804251,150,150,150,150,57.494859417369256,56.06354633327738,60,26.231381675310494,850,0,0,0.026231381675310493,500,150,59.62679973959374,nan,0,nan,nan,nan,nan,nan,4e-05,9.1e-06,1.2e-05,1.92e-05,9.53e-05,nan,nan,nan,nan,nan,nan,nan,nan,nan,nan,0,05_resultados\revisao_operacional\campanha_v1\j01403.mat,campanha_v1
j01404,montecarlo,perda_fonte,miope_qp,132,-2,0.9831411167704064,{},592.6116232891053,592.6116232891053,1,14.754610001373313,14.75461000137331,150,150,150,150,57.9147667951044,56.47501255161039,60,24.32134429297718,1150.0008251042025,0,0,0.02432134429297718,500,150,59.99996967342122,nan,0,nan,nan,nan,nan,nan,0.0012236,0.0006087,0.00073735,0.00083935,0.0012236,0.0010848,0.0005408,0.0006514,0.00075545,0.0010848,nan,nan,nan,nan,nan,0,05_resultados\revisao_operacional\campanha_v1\j01404.mat,campanha_v1
j01405,montecarlo,perda_fonte,mpc_qp_v5,132,-2,0.9831411167704064,{},350.04985666998596,350.04985666998596,1,14.585377766211167,14.583368530699577,150,150,150,150,57.115911528285906,55.72124441917177,60.00434310512746,27.707930412192255,1744.451135064636,0,1.6666666666666667,0.027707930412192255,500,150,59.362239885977914,0.11713731334355515,807,0,0,0.0010978063261291027,333283.200808402,4015243775612013.0,0.0236924,0.023560949999999997,0.034261299999999995,0.0418611,0.0974602,0.0159096,0.018245400000000002,0.027951049999999998,0.0357069,0.0919463,0.0055625,0.005041749999999999,0.006244700000000001,0.00746215,0.0168547,0,05_resultados\revisao_operacional\campanha_v1\j01405.mat,campanha_v1
j01406,montecarlo,perda_fonte,mpc_qp_estocastico_3cen,132,-2,0.9831411167704064,{},350.000003270919,350.000003270919,1,14.583333335651888,14.583333335651886,150,150,150,150,50.250452159281515,50.250452159281515,60,46.31035224341294,828.0529026675426,0,0,0.04631035224341294,500,150,56.567022502678995,7.105427357601002e-15,0,0,0,3.410605131648481e-13,666566.4042708572,8858386386927326.0,0.0469904,0.0531183,0.0666046,0.10754654999999999,0.1203707,0.0319934,0.04058265,0.05375805,0.0946426,0.1076574,0.011575,0.01217495,0.01373165,0.01523965,0.019043,0,05_resultados\revisao_operacional\evento_adiantado_corrigido_v1\j01406.mat,evento_adiantado_corrigido_v1
j01407,montecarlo,perda_fonte,heuristico,133,3,1.17464723123741,{},592.6122638850534,592.6122638850534,1,14.754610453615202,14.754610453615202,150,150,150,150,57.93978528855198,56.5039066455025,60,24.16369944991276,850,0,0,0.02416369944991276,500,150,60,nan,0,nan,nan,nan,nan,nan,4.38e-05,8.2e-06,9.250000000000001e-06,1e-05,4.38e-05,nan,nan,nan,nan,nan,nan,nan,nan,nan,nan,0,05_resultados\revisao_operacional\campanha_v1\j01407.mat,campanha_v1
j01408,montecarlo,perda_fonte,heuristico_foresight,133,3,1.17464723123741,{},543.4921215861266,543.4921215861266,1,14.719933078341288,14.719933078341288,150,150,150,150,51.48842776598979,51.48842776598979,60,40.429968111560584,719.0145765719424,0,0,0.040429968111560584,500,150,57.639305662981236,nan,0,nan,nan,nan,nan,nan,4.44e-05,8.7e-06,9.6e-06,1.535e-05,4.44e-05,nan,nan,nan,nan,nan,nan,nan,nan,nan,nan,0,05_resultados\revisao_operacional\campanha_v1\j01408.mat,campanha_v1
j01409,montecarlo,perda_fonte,miope_qp,133,3,1.17464723123741,{},592.6116232891053,592.6116232891053,1,14.754610001373313,14.75461000137331,150,150,150,150,57.9147667951044,56.47501255161039,60,24.32134429297718,1150.0008251042025,0,0,0.02432134429297718,500,150,59.99996967342122,nan,0,nan,nan,nan,nan,nan,0.0013003,0.0006027999999999999,0.00073355,0.00086315,0.0013003,0.0011535,0.0005363,0.00064755,0.00077955,0.0011535,nan,nan,nan,nan,nan,0,05_resultados\revisao_operacional\campanha_v1\j01409.mat,campanha_v1
j01410,montecarlo,perda_fonte,mpc_qp_v5,133,3,1.17464723123741,{},350.6526290118015,350.6526290118015,1,14.583794070225776,14.583794070225773,150,150,150,150,50.191708266890416,50.191708266890416,60,46.58938573227034,1422.5775572845546,0,2.4166666666666665,0.04658938573227034,500,150,57.078068099659305,7.105427357601002e-15,0,0,0,0.0002139220621302229,333283.2021354289,4843142611315303.0,0.0256284,0.03141555,0.039531250000000004,0.05288435,0.0613813,0.0179273,0.0254707,0.032802399999999995,0.0463291,0.0542292,0.005574,0.0054705,0.0066874,0.007914899999999999,0.0118381,0,05_resultados\revisao_operacional\campanha_v1\j01410.mat,campanha_v1
j01411,montecarlo,perda_fonte,mpc_qp_estocastico_3cen,133,3,1.17464723123741,{},350.0006412649137,350.0006412649137,1,14.58333378606484,14.58333378606484,150,150,150,150,40.24008898117221,40.24008898117221,60,93.85957733943235,3174.510135641921,0,0.6666666666666667,0.09385957733943234,500,150,52.16330882982003,7.105427357601002e-15,0,0,0,3.3190298154295306e-06,666566.4042708572,9686285222630616.0,0.0538357,0.062189999999999995,0.07987135000000001,0.11765275,0.1849739,0.0387109,0.0495762,0.06646075000000001,0.1049967,0.1720677,0.012018,0.0122382,0.01340935,0.01521315,0.0174723,0,05_resultados\revisao_operacional\evento_adiantado_corrigido_v1\j01411.mat,evento_adiantado_corrigido_v1
j01412,montecarlo,perda_fonte,heuristico,134,-13,0.9653525071801142,{},592.6122638850534,592.6122638850534,1,14.754610453615202,14.754610453615202,150,150,150,150,57.93978528855198,56.5039066455025,60,24.16369944991276,850,0,0,0.02416369944991276,500,150,60,nan,0,nan,nan,nan,nan,nan,5.37e-05,8.1e-06,9.1e-06,1.04e-05,5.37e-05,nan,nan,nan,nan,nan,nan,nan,nan,nan,nan,0,05_resultados\revisao_operacional\campanha_v1\j01412.mat,campanha_v1
j01413,montecarlo,perda_fonte,heuristico_foresight,134,-13,0.9653525071801142,{},350.0187421387312,350.0187421387312,1,14.583346564731855,14.583346564731855,150,150,150,150,57.23754947584878,55.806236391756904,60,27.453603897532716,850.0000000000001,0,0,0.027453603897532715,500,150,59.370168615983246,nan,0,nan,nan,nan,nan,nan,4.57e-05,9e-06,1.04e-05,1.79e-05,4.57e-05,nan,nan,nan,nan,nan,nan,nan,nan,nan,nan,0,05_resultados\revisao_operacional\campanha_v1\j01413.mat,campanha_v1
j01414,montecarlo,perda_fonte,miope_qp,134,-13,0.9653525071801142,{},592.6116232891053,592.6116232891053,1,14.754610001373313,14.75461000137331,150,150,150,150,57.9147667951044,56.47501255161039,60,24.32134429297718,1150.0008251042025,0,0,0.02432134429297718,500,150,59.99996967342122,nan,0,nan,nan,nan,nan,nan,0.0016825,0.00057415,0.00072325,0.0009172,0.0016825,0.0014971,0.0005099,0.0006428499999999999,0.0008149,0.0014971,nan,nan,nan,nan,nan,0,05_resultados\revisao_operacional\campanha_v1\j01414.mat,campanha_v1
j01415,montecarlo,perda_fonte,mpc_qp_v5,134,-13,0.9653525071801142,{},350.0002041445057,350.0002041445057,1,14.585639560552309,14.583333477475477,150,150,150,150,56.95917095089509,55.56442533745984,60.009901333608774,28.508889650359272,1651.215709546732,0,2.166666666666667,0.028508889650359272,500,150,59.205423689276664,0.11711748515790532,853,0,0,0.004038615659681,333283.200808402,4015243775612013.0,0.0233826,0.023651850000000002,0.0362912,0.04525635,0.1211579,0.0155071,0.018266150000000002,0.02990715,0.03848315,0.1155782,0.0055121,0.00519185,0.0062198,0.00723385,0.0316707,0,05_resultados\revisao_operacional\campanha_v1\j01415.mat,campanha_v1
j01416,montecarlo,perda_fonte,mpc_qp_estocastico_3cen,134,-13,0.9653525071801142,{},350.0000007093815,350.0000007093815,1,14.583333333849197,14.583333333849195,150,150,150,150,51.151122308569434,51.151122308569434,60,42.03216903429459,2080.2006743247907,0,0.33333333333333337,0.04203216903429459,500,150,56.96227071694738,0.12508366666308746,177,0,0,0.0024890088344022843,666566.4042708572,8858386386927326.0,0.0475599,0.0536432,0.07917379999999999,0.11380085000000001,0.1910815,0.0318949,0.04090775,0.065897,0.10018985,0.1773578,0.0121126,0.01228455,0.0137205,0.01491605,0.0168102,0,05_resultados\revisao_operacional\evento_adiantado_corrigido_v1\j01416.mat,evento_adiantado_corrigido_v1
j01417,montecarlo,perda_fonte,heuristico,135,-3,0.9527488396237552,{},592.6122638850534,592.6122638850534,1,14.754610453615202,14.754610453615202,150,150,150,150,57.93978528855198,56.5039066455025,60,24.16369944991276,850,0,0,0.02416369944991276,500,150,60,nan,0,nan,nan,nan,nan,nan,4.09e-05,8.1e-06,9.4e-06,1.8500000000000002e-05,4.09e-05,nan,nan,nan,nan,nan,nan,nan,nan,nan,nan,0,05_resultados\revisao_operacional\campanha_v1\j01417.mat,campanha_v1
j01418,montecarlo,perda_fonte,heuristico_foresight,135,-3,0.9527488396237552,{},352.7815800174326,352.7815800174326,1,14.585297046987337,14.585297046987337,150,150,150,150,57.47146760450376,56.04015452041188,60,26.342492786421605,850,0,0,0.026342492786421604,500,150,59.603676116794965,nan,0,nan,nan,nan,nan,nan,4.48e-05,8.9e-06,1e-05,1.315e-05,4.48e-05,nan,nan,nan,nan,nan,nan,nan,nan,nan,nan,0,05_resultados\revisao_operacional\campanha_v1\j01418.mat,campanha_v1
j01419,montecarlo,perda_fonte,miope_qp,135,-3,0.9527488396237552,{},592.6116232891053,592.6116232891053,1,14.754610001373313,14.75461000137331,150,150,150,150,57.9147667951044,56.47501255161039,60,24.32134429297718,1150.0008251042025,0,0,0.02432134429297718,500,150,59.99996967342122,nan,0,nan,nan,nan,nan,nan,0.0012754,0.0005815,0.0006766000000000001,0.0008276,0.0012754,0.0011329,0.0005165,0.00060005,0.00075365,0.0011329,nan,nan,nan,nan,nan,0,05_resultados\revisao_operacional\campanha_v1\j01419.mat,campanha_v1
j01420,montecarlo,perda_fonte,mpc_qp_v5,135,-3,0.9527488396237552,{},350.0409286953339,350.0409286953339,1,14.585922660577198,14.583362227808703,150,150,150,150,57.15811910160636,55.76331072688382,60.01449120457415,27.610473475853773,1893.1182795828831,0,1.9166666666666665,0.027610473475853773,500,150,59.404299897821694,0.1171028715259439,853,0,0,0.003126822182309752,333283.200808402,4015243775612013.0,0.0220478,0.025032350000000002,0.033174350000000005,0.04141175,0.0727483,0.0146941,0.019479549999999998,0.0273236,0.036318699999999995,0.0678459,0.0055101,0.00505135,0.005806,0.00655605,0.009501,0,05_resultados\revisao_operacional\campanha_v1\j01420.mat,campanha_v1
j01421,montecarlo,perda_fonte,mpc_qp_estocastico_3cen,135,-3,0.9527488396237552,{},350.00010488267947,350.00010488267947,1,14.583333407387274,14.583333407387272,150,150,150,150,52.01216799881794,52.01216799881794,60,37.9422020056145,2307.0115068370233,0,0.25,0.037942202005614496,500,150,57.46562715678967,0.12812757275323605,174,0,0,0.007733321601335774,666566.4042708572,8858386386927326.0,0.0546347,0.053862099999999996,0.06846094999999999,0.11081070000000001,0.3062316,0.0375943,0.04117655,0.0532098,0.09786500000000001,0.2933805,0.014176,0.01232255,0.014688650000000001,0.0159927,0.022478,0,05_resultados\revisao_operacional\evento_adiantado_corrigido_v1\j01421.mat,evento_adiantado_corrigido_v1
j01422,montecarlo,perda_fonte,heuristico,136,15,0.9479986376719388,{},592.6122638850534,592.6122638850534,1,14.754610453615202,14.754610453615202,150,150,150,150,57.93978528855198,56.5039066455025,60,24.16369944991276,850,0,0,0.02416369944991276,500,150,60,nan,0,nan,nan,nan,nan,nan,3.97e-05,7.9e-06,9.2e-06,1.265e-05,3.97e-05,nan,nan,nan,nan,nan,nan,nan,nan,nan,nan,0,05_resultados\revisao_operacional\campanha_v1\j01422.mat,campanha_v1
j01423,montecarlo,perda_fonte,heuristico_foresight,136,15,0.9479986376719388,{},483.76831768800116,483.76831768800116,1,14.677769829954157,14.677769829954157,150,150,150,150,57.44621906649204,56.05185042684461,60,26.092492786421605,850,0,0,0.026092492786421607,500,150,59.92338944903586,nan,0,nan,nan,nan,nan,nan,4.12e-05,9e-06,9.7e-06,1.1099999999999999e-05,4.12e-05,nan,nan,nan,nan,nan,nan,nan,nan,nan,nan,0,05_resultados\revisao_operacional\campanha_v1\j01423.mat,campanha_v1
j01424,montecarlo,perda_fonte,miope_qp,136,15,0.9479986376719388,{},592.6116232891053,592.6116232891053,1,14.754610001373313,14.75461000137331,150,150,150,150,57.9147667951044,56.47501255161039,60,24.32134429297718,1150.0008251042025,0,0,0.02432134429297718,500,150,59.99996967342122,nan,0,nan,nan,nan,nan,nan,0.0012603,0.00057785,0.0006607,0.00079845,0.0012603,0.0011181,0.00051355,0.00058585,0.0007185500000000001,0.0011181,nan,nan,nan,nan,nan,0,05_resultados\revisao_operacional\campanha_v1\j01424.mat,campanha_v1
j01425,montecarlo,perda_fonte,mpc_qp_v5,136,15,0.9479986376719388,{},475.6788293251362,475.6788293251362,1,14.67458016312004,14.672058889194854,150,150,150,150,57.20563182707244,55.84776557823123,60.01713673356601,27.04137078998338,1809.437321428791,0,1.8333333333333333,0.02704137078998338,500,150,59.79753999262027,0.11709665660924884,853,0,0,7.824837666703388e-09,333283.200808402,4015243775612013.0,0.0204198,0.0235109,0.034204200000000004,0.0420458,0.0467813,0.0138832,0.018287150000000002,0.0277429,0.03596935,0.0385142,0.0047271,0.00495865,0.0059746999999999995,0.0080485,0.0151872,0,05_resultados\revisao_operacional\campanha_v1\j01425.mat,campanha_v1
j01426,montecarlo,perda_fonte,mpc_qp_estocastico_3cen,136,15,0.9479986376719388,{},350.67279443008886,350.67279443008886,1,14.583808306444803,14.5838083064448,150,150,150,150,52.303752295236826,52.303752295236826,60,36.557176597625975,1998.418816684085,0,0.16666666666666669,0.03655717659762597,500,150,57.90645680195335,0.12288600769248603,58,0,0,0.09380239965037163,666566.4042708572,8858386386927326.0,0.048584,0.0549268,0.0832827,0.1083384,0.1912169,0.0331558,0.04158425,0.06937495,0.09442395,0.1788251,0.0120556,0.012758499999999999,0.0164092,0.02043665,0.0441832,0,05_resultados\revisao_operacional\evento_adiantado_corrigido_v1\j01426.mat,evento_adiantado_corrigido_v1
j01427,montecarlo,perda_fonte,heuristico,137,-1,1.186000761859629,{},592.6122638850534,592.6122638850534,1,14.754610453615202,14.754610453615202,150,150,150,150,57.93978528855198,56.5039066455025,60,24.16369944991276,850,0,0,0.02416369944991276,500,150,60,nan,0,nan,nan,nan,nan,nan,4.19e-05,8.35e-06,9.6e-06,1.4999999999999999e-05,4.19e-05,nan,nan,nan,nan,nan,nan,nan,nan,nan,nan,0,05_resultados\revisao_operacional\campanha_v1\j01427.mat,campanha_v1
j01428,montecarlo,perda_fonte,heuristico_foresight,137,-1,1.186000761859629,{},419.2817872306917,419.2817872306917,1,14.632244236742883,14.632244236742883,150,150,150,150,50.967331332134655,50.967331332134655,60,42.90517617235569,710.4994286052781,0,0,0.04290517617235569,500,150,57.37246981439539,nan,0,nan,nan,nan,nan,nan,4.7e-05,8.7e-06,1e-05,1.3199999999999999e-05,5.23e-05,nan,nan,nan,nan,nan,nan,nan,nan,nan,nan,0,05_resultados\revisao_operacional\campanha_v1\j01428.mat,campanha_v1
j01429,montecarlo,perda_fonte,miope_qp,137,-1,1.186000761859629,{},592.6116232891053,592.6116232891053,1,14.754610001373313,14.75461000137331,150,150,150,150,57.9147667951044,56.47501255161039,60,24.32134429297718,1150.0008251042025,0,0,0.02432134429297718,500,150,59.99996967342122,nan,0,nan,nan,nan,nan,nan,0.0013177,0.000611,0.000701,0.0008461,0.0013177,0.0011706,0.00054425,0.0006232,0.0007565,0.0011706,nan,nan,nan,nan,nan,0,05_resultados\revisao_operacional\campanha_v1\j01429.mat,campanha_v1
j01430,montecarlo,perda_fonte,mpc_qp_v5,137,-1,1.186000761859629,{},350.1271947496891,350.1271947496891,1,14.583423129094932,14.583423129094928,150,150,150,150,49.64424909968992,49.64424909968992,60,49.189816776472135,1385.9150543926883,0,2.5833333333333335,0.049189816776472134,500,150,56.7509925038506,7.105427357601002e-15,0,0,0,0.00030664786675060896,333283.2021354289,4843142611315303.0,0.0265865,0.030777699999999998,0.03675715,0.045011300000000004,0.0642201,0.018179,0.0252829,0.03100295,0.03922665,0.0587427,0.0059156,0.00509955,0.00593795,0.00710575,0.0228122,0,05_resultados\revisao_operacional\campanha_v1\j01430.mat,campanha_v1
j01431,montecarlo,perda_fonte,mpc_qp_estocastico_3cen,137,-1,1.186000761859629,{},350.0000062251237,350.0000062251237,1,14.583333337740617,14.583333337740617,150,150,150,150,39.62952917842398,39.62952917842398,60,96.7597364024856,3736.3976709860535,0,0.5833333333333334,0.0967597364024856,500,150,51.85208853313529,7.105427357601002e-15,0,0,0,1.1937117960769683e-11,666566.4042708572,9686285222630616.0,0.061252,0.0605518,0.08970700000000001,0.12723955,0.1787354,0.0399343,0.04618825,0.06995509999999999,0.11413385000000001,0.1655367,0.0178873,0.013236250000000001,0.017372699999999998,0.0236779,0.0393152,0,05_resultados\revisao_operacional\evento_adiantado_corrigido_v1\j01431.mat,evento_adiantado_corrigido_v1
j01432,montecarlo,perda_fonte,heuristico,138,5,1.147467565178155,{},592.6122638850534,592.6122638850534,1,14.754610453615202,14.754610453615202,150,150,150,150,57.93978528855198,56.5039066455025,60,24.16369944991276,850,0,0,0.02416369944991276,500,150,60,nan,0,nan,nan,nan,nan,nan,3.96e-05,8.3e-06,9.6e-06,1.7199999999999998e-05,3.96e-05,nan,nan,nan,nan,nan,nan,nan,nan,nan,nan,0,05_resultados\revisao_operacional\campanha_v1\j01432.mat,campanha_v1
j01433,montecarlo,perda_fonte,heuristico_foresight,138,5,1.147467565178155,{},555.8560971753935,555.8560971753935,1,14.728661681340386,14.728661681340386,150,150,150,150,52.696205303974786,52.696205303974786,60,34.693024806131255,739.3993261163838,0,0,0.034693024806131255,500,150,58.23351337066677,nan,0,nan,nan,nan,nan,nan,4.88e-05,8.6e-06,9.7e-06,1.615e-05,4.88e-05,nan,nan,nan,nan,nan,nan,nan,nan,nan,nan,0,05_resultados\revisao_operacional\campanha_v1\j01433.mat,campanha_v1
j01434,montecarlo,perda_fonte,miope_qp,138,5,1.147467565178155,{},592.6116232891053,592.6116232891053,1,14.754610001373313,14.75461000137331,150,150,150,150,57.9147667951044,56.47501255161039,60,24.32134429297718,1150.0008251042025,0,0,0.02432134429297718,500,150,59.99996967342122,nan,0,nan,nan,nan,nan,nan,0.0013298,0.0005834,0.0006810500000000001,0.0008378,0.0013298,0.0011868,0.0005184,0.00060295,0.00075365,0.0011868,nan,nan,nan,nan,nan,0,05_resultados\revisao_operacional\campanha_v1\j01434.mat,campanha_v1
j01435,montecarlo,perda_fonte,mpc_qp_v5,138,5,1.147467565178155,{},351.94677742130614,351.94677742130614,1,14.584707700931112,14.584707700931107,150,150,150,150,51.42718185296334,51.42718185296334,60,40.72088619842301,1443.1659265727833,0,2.25,0.04072088619842301,500,150,57.74002187381897,7.105427357601002e-15,0,0,0,8.412825991399586e-12,333283.2021354289,4843142611315303.0,0.0243102,0.03091375,0.0362844,0.04427245,0.0485097,0.0173129,0.02523865,0.030313399999999997,0.0384275,0.0433944,0.0050063,0.00516745,0.0059375999999999995,0.0066906,0.0135163,0,05_resultados\revisao_operacional\campanha_v1\j01435.mat,campanha_v1
j01436,montecarlo,perda_fonte,mpc_qp_estocastico_3cen,138,5,1.147467565178155,{},350.0004624029889,350.0004624029889,1,14.583333659795622,14.583333659795622,150,150,150,150,41.58445861115169,41.58445861115169,60,87.4738215970286,2398.258102489357,0,0.33333333333333337,0.0874738215970286,500,150,52.77600860957491,7.105427357601002e-15,0,0,0,1.1937117960769683e-11,666566.4042708572,9686285222630616.0,0.0560074,0.06370965,0.07940715000000001,0.11335535,0.1582989,0.0377809,0.04933915,0.06618225,0.09968070000000001,0.1432046,0.0148917,0.01281275,0.01497435,0.016893449999999997,0.019387,0,05_resultados\revisao_operacional\evento_adiantado_corrigido_v1\j01436.mat,evento_adiantado_corrigido_v1
j01437,montecarlo,perda_fonte,heuristico,139,2,1.0869375691571643,{},592.6122638850534,592.6122638850534,1,14.754610453615202,14.754610453615202,150,150,150,150,57.93978528855198,56.5039066455025,60,24.16369944991276,850,0,0,0.02416369944991276,500,150,60,nan,0,nan,nan,nan,nan,nan,4.47e-05,8e-06,1.11e-05,1.23e-05,4.47e-05,nan,nan,nan,nan,nan,nan,nan,nan,nan,nan,0,05_resultados\revisao_operacional\campanha_v1\j01437.mat,campanha_v1
j01438,montecarlo,perda_fonte,heuristico_foresight,139,2,1.0869375691571643,{},583.3910709896544,583.3910709896544,1,14.748100562732539,14.748100562732537,150,150,150,150,55.536567431154154,55.536567431154154,60,21.201304702005746,784.7968231321267,0,0,0.021201304702005746,500,150,59.556833168024625,nan,0,nan,nan,nan,nan,nan,5.62e-05,8.5e-06,1.135e-05,2.605e-05,7.24e-05,nan,nan,nan,nan,nan,nan,nan,nan,nan,nan,0,05_resultados\revisao_operacional\campanha_v1\j01438.mat,campanha_v1
j01439,montecarlo,perda_fonte,miope_qp,139,2,1.0869375691571643,{},592.6116232891053,592.6116232891053,1,14.754610001373313,14.75461000137331,150,150,150,150,57.9147667951044,56.47501255161039,60,24.32134429297718,1150.0008251042025,0,0,0.02432134429297718,500,150,59.99996967342122,nan,0,nan,nan,nan,nan,nan,0.001275,0.0005906,0.000701,0.0008438499999999999,0.001275,0.0011286,0.0005254,0.0006158,0.0007545,0.0011286,nan,nan,nan,nan,nan,0,05_resultados\revisao_operacional\campanha_v1\j01439.mat,campanha_v1
j01440,montecarlo,perda_fonte,mpc_qp_v5,139,2,1.0869375691571643,{},351.6518316123007,351.6518316123007,1,14.58449947786321,14.58449947786321,150,150,150,150,54.21376836308357,54.21376836308357,60,27.484600275353067,2119.862979783552,0,2,0.027484600275353068,500,150,59.10049418400583,7.105427357601002e-15,0,0,2.842170943040401e-14,0.9282544403245083,333283.2021354289,4843142611315303.0,0.0256224,0.02881535,0.03574955,0.05041015,0.1015891,0.0178562,0.02316585,0.0296796,0.0444431,0.0953412,0.0057135,0.00524495,0.00597165,0.00644115,0.0075768,0,05_resultados\revisao_operacional\campanha_v1\j01440.mat,campanha_v1
j01441,montecarlo,perda_fonte,mpc_qp_estocastico_3cen,139,2,1.0869375691571643,{},350.000359856361,350.000359856361,1,14.583333587391854,14.58333358739185,150,150,150,150,44.66096233389142,44.66096233389142,60,72.86042891401561,2599.0386510379635,0,0.25,0.07286042891401562,500,150,54.155297022206206,7.105427357601002e-15,0,0,0,0.0011974209351137688,666566.4042708572,9686285222630616.0,0.0490887,0.0592602,0.07988419999999999,0.10703805,0.1538412,0.0328573,0.0461649,0.0665269,0.09431165,0.1410253,0.0130072,0.01242965,0.0137392,0.015278199999999999,0.0183733,0,05_resultados\revisao_operacional\evento_adiantado_corrigido_v1\j01441.mat,evento_adiantado_corrigido_v1
j01442,montecarlo,perda_fonte,heuristico,140,9,0.9472421325131866,{},592.6122638850534,592.6122638850534,1,14.754610453615202,14.754610453615202,150,150,150,150,57.93978528855198,56.5039066455025,60,24.16369944991276,850,0,0,0.02416369944991276,500,150,60,nan,0,nan,nan,nan,nan,nan,3.75e-05,8.2e-06,1.05e-05,1.1799999999999999e-05,4.87e-05,nan,nan,nan,nan,nan,nan,nan,nan,nan,nan,0,05_resultados\revisao_operacional\campanha_v1\j01442.mat,campanha_v1
j01443,montecarlo,perda_fonte,heuristico_foresight,140,9,0.9472421325131866,{},435.2496593255132,435.2496593255132,1,14.643517084642799,14.643517084642799,150,150,150,150,57.51585356941604,56.10565159643527,60,25.92027056419938,850,0,0,0.02592027056419938,500,150,59.8440508457096,nan,0,nan,nan,nan,nan,nan,4.54e-05,9.6e-06,1.11e-05,1.73e-05,4.54e-05,nan,nan,nan,nan,nan,nan,nan,nan,nan,nan,0,05_resultados\revisao_operacional\campanha_v1\j01443.mat,campanha_v1
j01444,montecarlo,perda_fonte,miope_qp,140,9,0.9472421325131866,{},592.6116232891053,592.6116232891053,1,14.754610001373313,14.75461000137331,150,150,150,150,57.9147667951044,56.47501255161039,60,24.32134429297718,1150.0008251042025,0,0,0.02432134429297718,500,150,59.99996967342122,nan,0,nan,nan,nan,nan,nan,0.0012169,0.00062565,0.0009502499999999999,0.0011990500000000001,0.0013393,0.0010792,0.0005562,0.00084125,0.0010695499999999998,0.0012142,nan,nan,nan,nan,nan,0,05_resultados\revisao_operacional\campanha_v1\j01444.mat,campanha_v1
j01445,montecarlo,perda_fonte,mpc_qp_v5,140,9,0.9472421325131866,{},361.66343918103917,361.66343918103917,1,14.594126038340415,14.591567378257864,150,150,150,150,57.223702281784384,55.8499941371523,60.01704606390824,27.113255644408387,1853.7379512018788,0,1.8333333333333333,0.027113255644408387,500,150,59.67636306608735,0.11709606238341053,853,0,0,0.0020032278746953125,333283.200808402,4015243775612013.0,0.0252643,0.02502045,0.03744355,0.046752600000000005,0.0582522,0.0161926,0.0191236,0.02997095,0.0387537,0.0474945,0.0064788,0.0057099,0.00683015,0.008852200000000001,0.0232926,0,05_resultados\revisao_operacional\campanha_v1\j01445.mat,campanha_v1
j01446,montecarlo,perda_fonte,mpc_qp_estocastico_3cen,140,9,0.9472421325131866,{},350.06501149395456,350.06501149395456,1,14.583379229545518,14.583379229545514,150,150,150,150,52.35078312009572,52.35078312009572,60,36.33378017954547,2089.1437984962417,0,0.16666666666666669,0.03633378017954547,500,150,57.81068641371745,0.12288443973553598,58,0,0,0.0013520962786515156,666566.4042708572,8858386386927326.0,0.0491918,0.053586800000000004,0.08243049999999999,0.11371605,0.3185598,0.0335244,0.04075505,0.06910645,0.10047625,0.3052041,0.0125772,0.0124509,0.0141022,0.015967250000000002,0.0184972,0,05_resultados\revisao_operacional\evento_adiantado_corrigido_v1\j01446.mat,evento_adiantado_corrigido_v1
j01447,montecarlo,perda_fonte,heuristico,141,8,0.9261443881432944,{},592.6122638850534,592.6122638850534,1,14.754610453615202,14.754610453615202,150,150,150,150,57.93978528855198,56.5039066455025,60,24.16369944991276,850,0,0,0.02416369944991276,500,150,60,nan,0,nan,nan,nan,nan,nan,3.8e-05,8.1e-06,9.3e-06,1.02e-05,3.8e-05,nan,nan,nan,nan,nan,nan,nan,nan,nan,nan,0,05_resultados\revisao_operacional\campanha_v1\j01447.mat,campanha_v1
j01448,montecarlo,perda_fonte,heuristico_foresight,141,8,0.9261443881432944,{},427.16266208870786,427.16266208870786,1,14.637807902525346,14.637807902525346,150,150,150,150,57.52473027506906,56.11188941319941,60,25.90452982345864,850,0,0,0.025904529823458637,500,150,59.8280987826856,nan,0,nan,nan,nan,nan,nan,4.67e-05,9.4e-06,1.08e-05,2.085e-05,4.67e-05,nan,nan,nan,nan,nan,nan,nan,nan,nan,nan,0,05_resultados\revisao_operacional\campanha_v1\j01448.mat,campanha_v1
j01449,montecarlo,perda_fonte,miope_qp,141,8,0.9261443881432944,{},592.6116232891053,592.6116232891053,1,14.754610001373313,14.75461000137331,150,150,150,150,57.9147667951044,56.47501255161039,60,24.32134429297718,1150.0008251042025,0,0,0.02432134429297718,500,150,59.99996967342122,nan,0,nan,nan,nan,nan,nan,0.0012939,0.000618,0.0007404,0.0008738999999999999,0.0012939,0.0011461,0.0005485500000000001,0.0006573,0.000778,0.0011461,nan,nan,nan,nan,nan,0,05_resultados\revisao_operacional\campanha_v1\j01449.mat,campanha_v1
j01450,montecarlo,perda_fonte,mpc_qp_v5,141,8,0.9261443881432944,{},357.2162612581368,357.2162612581368,1,14.591218052988625,14.588427801483787,150,150,150,150,57.185993628721036,55.80957845366377,60.02431941279123,27.39230686032178,1898.9089730860155,0,1.5833333333333335,0.02739230686032178,500,150,59.613211229124786,0.11707198139307451,853,0,0,0.011908178006251546,333283.200808402,4015243775612013.0,0.0216092,0.02492395,0.0346612,0.042948799999999995,0.0638854,0.0148246,0.01927655,0.02802695,0.0369735,0.0526166,0.0047802,0.00520895,0.0061313,0.0077266,0.0235239,0,05_resultados\revisao_operacional\campanha_v1\j01450.mat,campanha_v1
j01451,montecarlo,perda_fonte,mpc_qp_estocastico_3cen,141,8,0.9261443881432944,{},350.01032399839403,350.01032399839403,1,14.583340621785277,14.583340621785274,150,150,150,150,53.44021137635925,53.44021137635925,60,31.158995962294078,1557.6289458485107,0,0.08333333333333334,0.03115899596229408,500,150,58.28995182223881,0.12284080736289127,58,0,0,8.432613753939222e-06,666566.4042708572,8858386386927326.0,0.0499641,0.053381,0.0779842,0.10825415,0.1593226,0.034176,0.0404699,0.0653894,0.0948011,0.1451959,0.0127896,0.012432249999999999,0.01396895,0.01527355,0.0172192,0,05_resultados\revisao_operacional\evento_adiantado_corrigido_v1\j01451.mat,evento_adiantado_corrigido_v1
j01452,montecarlo,perda_fonte,heuristico,142,-8,0.8926201414527263,{},592.6122638850534,592.6122638850534,1,14.754610453615202,14.754610453615202,150,150,150,150,57.93978528855198,56.5039066455025,60,24.16369944991276,850,0,0,0.02416369944991276,500,150,60,nan,0,nan,nan,nan,nan,nan,3.82e-05,8e-06,9.2e-06,1.06e-05,4.24e-05,nan,nan,nan,nan,nan,nan,nan,nan,nan,nan,0,05_resultados\revisao_operacional\campanha_v1\j01452.mat,campanha_v1
j01453,montecarlo,perda_fonte,heuristico_foresight,142,-8,0.8926201414527263,{},350.22832599190326,350.22832599190326,1,14.583494524765921,14.583494524765921,150,150,150,150,57.35450854017627,55.92319545608439,60,26.89804834197716,850,0,0,0.02689804834197716,500,150,59.48709653082988,nan,0,nan,nan,nan,nan,nan,4.09e-05,9.1e-06,1.02e-05,1.535e-05,4.09e-05,nan,nan,nan,nan,nan,nan,nan,nan,nan,nan,0,05_resultados\revisao_operacional\campanha_v1\j01453.mat,campanha_v1
j01454,montecarlo,perda_fonte,miope_qp,142,-8,0.8926201414527263,{},592.6116232891053,592.6116232891053,1,14.754610001373313,14.75461000137331,150,150,150,150,57.9147667951044,56.47501255161039,60,24.32134429297718,1150.0008251042025,0,0,0.02432134429297718,500,150,59.99996967342122,nan,0,nan,nan,nan,nan,nan,0.0013012,0.0006213,0.0007678,0.00099095,0.0013012,0.0011585,0.0005528,0.00067445,0.0009,0.0011585,nan,nan,nan,nan,nan,0,05_resultados\revisao_operacional\campanha_v1\j01454.mat,campanha_v1
j01455,montecarlo,perda_fonte,mpc_qp_v5,142,-8,0.8926201414527263,{},350.00047483952585,350.00047483952585,1,14.586973794290975,14.583333668567429,150,150,150,150,56.86282615392735,55.467743370084165,60.033959578048915,29.210802576738043,1716.5197067515453,0,0.8333333333333334,0.029210802576738044,500,150,59.108723404714176,0.11703527042200079,853,0,0,0.004198778621457677,333283.200808402,4015243775612013.0,0.0237644,0.02407865,0.0337474,0.04070745,0.0493688,0.0154723,0.01857135,0.02814825,0.0352674,0.0428204,0.0057762,0.00519735,0.0060374,0.00679585,0.0084556,0,05_resultados\revisao_operacional\campanha_v1\j01455.mat,campanha_v1
j01456,montecarlo,perda_fonte,mpc_qp_estocastico_3cen,142,-8,0.8926201414527263,{},350.00000427630783,350.00000427630783,1,14.58333333638849,14.583333336388488,150,150,150,150,55.02302731824955,55.02302731824955,60,23.64062023831699,1454.5380552396268,0,0.08333333333333334,0.023640620238316992,500,150,58.77615136892504,7.105427357601002e-15,0,0,0,0.0019897981779308793,666566.4042708572,8858386386927326.0,0.0522467,0.05533995,0.07241985000000001,0.10625609999999999,0.150802,0.0373587,0.042539099999999996,0.0597621,0.0928163,0.13815,0.0120718,0.01238355,0.01315345,0.0137215,0.0152837,0,05_resultados\revisao_operacional\evento_adiantado_corrigido_v1\j01456.mat,evento_adiantado_corrigido_v1
j01457,montecarlo,perda_fonte,heuristico,143,5,1.126744349996274,{},592.6122638850534,592.6122638850534,1,14.754610453615202,14.754610453615202,150,150,150,150,57.93978528855198,56.5039066455025,60,24.16369944991276,850,0,0,0.02416369944991276,500,150,60,nan,0,nan,nan,nan,nan,nan,4.07e-05,8.4e-06,9.950000000000001e-06,1.6e-05,4.07e-05,nan,nan,nan,nan,nan,nan,nan,nan,nan,nan,0,05_resultados\revisao_operacional\campanha_v1\j01457.mat,campanha_v1
j01458,montecarlo,perda_fonte,heuristico_foresight,143,5,1.126744349996274,{},565.2830462071183,565.2830462071183,1,14.735316830001638,14.735316830001636,150,150,150,150,53.6455271621594,53.6455271621594,60,30.183745979741047,754.9417375027946,0,0,0.030183745979741047,500,150,58.68656876002358,nan,0,nan,nan,nan,nan,nan,4.43e-05,8.8e-06,9.9e-06,1.8549999999999997e-05,4.43e-05,nan,nan,nan,nan,nan,nan,nan,nan,nan,nan,0,05_resultados\revisao_operacional\campanha_v1\j01458.mat,campanha_v1
j01459,montecarlo,perda_fonte,miope_qp,143,5,1.126744349996274,{},592.6116232891053,592.6116232891053,1,14.754610001373313,14.75461000137331,150,150,150,150,57.9147667951044,56.47501255161039,60,24.32134429297718,1150.0008251042025,0,0,0.02432134429297718,500,150,59.99996967342122,nan,0,nan,nan,nan,nan,nan,0.0013436,0.00063,0.0010054,0.0014486999999999998,0.0029351,0.0011962,0.0005578,0.00087975,0.0012506,0.0026718,nan,nan,nan,nan,nan,0,05_resultados\revisao_operacional\campanha_v1\j01459.mat,campanha_v1
j01460,montecarlo,perda_fonte,mpc_qp_v5,143,5,1.126744349996274,{},350.9922124737449,350.9922124737449,1,14.584033806154805,14.584033806154803,150,150,150,150,52.34719986298066,52.34719986298066,60,36.35080065084178,1324.1158350141106,0,2.25,0.03635080065084178,500,150,58.19479501955005,7.105427357601002e-15,0,0,0,0.0003758141465937115,333283.2021354289,4843142611315303.0,0.02755,0.03156885,0.038682949999999994,0.049146300000000004,0.0599886,0.0188901,0.0259712,0.0316162,0.0427624,0.0478513,0.0056597,0.005461499999999999,0.00651435,0.0080649,0.0184794,0,05_resultados\revisao_operacional\campanha_v1\j01460.mat,campanha_v1
j01461,montecarlo,perda_fonte,mpc_qp_estocastico_3cen,143,5,1.126744349996274,{},350.0017995598779,350.0017995598779,1,14.583334603784287,14.583334603784287,150,150,150,150,42.682315389419216,42.682315389419216,60,82.25900190025887,3136.209757964538,0,0.5833333333333334,0.08225900190025887,500,150,53.304903405595645,7.105427357601002e-15,0,0,0,6.400338406820083e-06,666566.4042708572,9686285222630616.0,0.0519215,0.0633716,0.07810655,0.11269255,0.174041,0.0363662,0.0505232,0.0649142,0.1000867,0.1609259,0.0126007,0.0124243,0.013249150000000001,0.0139428,0.0172685,0,05_resultados\revisao_operacional\evento_adiantado_corrigido_v1\j01461.mat,evento_adiantado_corrigido_v1
j01462,montecarlo,perda_fonte,heuristico,144,2,0.919897242575378,{},592.6122638850534,592.6122638850534,1,14.754610453615202,14.754610453615202,150,150,150,150,57.93978528855198,56.5039066455025,60,24.16369944991276,850,0,0,0.02416369944991276,500,150,60,nan,0,nan,nan,nan,nan,nan,3.95e-05,8.4e-06,1.6349999999999998e-05,3.95e-05,8.96e-05,nan,nan,nan,nan,nan,nan,nan,nan,nan,nan,0,05_resultados\revisao_operacional\campanha_v1\j01462.mat,campanha_v1
j01463,montecarlo,perda_fonte,heuristico_foresight,144,2,0.919897242575378,{},378.6403238930874,378.6403238930874,1,14.603552559360063,14.603552559360063,150,150,150,150,57.56161623998138,56.132942044778396,60,25.887863156791976,850,0,0,0.025887863156791976,500,150,59.71601218826426,nan,0,nan,nan,nan,nan,nan,4.56e-05,9.1e-06,1.05e-05,1.74e-05,4.56e-05,nan,nan,nan,nan,nan,nan,nan,nan,nan,nan,0,05_resultados\revisao_operacional\campanha_v1\j01463.mat,campanha_v1
j01464,montecarlo,perda_fonte,miope_qp,144,2,0.919897242575378,{},592.6116232891053,592.6116232891053,1,14.754610001373313,14.75461000137331,150,150,150,150,57.9147667951044,56.47501255161039,60,24.32134429297718,1150.0008251042025,0,0,0.02432134429297718,500,150,59.99996967342122,nan,0,nan,nan,nan,nan,nan,0.0013696,0.000623,0.00081265,0.0010801,0.0015601,0.0011646,0.0005534,0.0007150500000000001,0.00094745,0.0014151,nan,nan,nan,nan,nan,0,05_resultados\revisao_operacional\campanha_v1\j01464.mat,campanha_v1
j01465,montecarlo,perda_fonte,mpc_qp_v5,144,2,0.919897242575378,{},350.36806418203696,350.36806418203696,1,14.586591058211242,14.583593175830257,150,150,150,150,57.14790058650357,55.75560397158424,60.02593258189763,27.748425092762425,1718.4022036390318,0,1.5833333333333335,0.027748425092762423,500,150,59.41990210757041,0.11706527874351025,853,0,0,0.004681479782789211,333283.200808402,4015243775612013.0,0.0233219,0.02484745,0.0351984,0.041227650000000005,0.0996502,0.0148732,0.01920035,0.02874545,0.034879400000000005,0.0936481,0.0058683,0.00533525,0.0062921999999999995,0.00704035,0.0191891,0,05_resultados\revisao_operacional\campanha_v1\j01465.mat,campanha_v1
j01466,montecarlo,perda_fonte,mpc_qp_estocastico_3cen,144,2,0.919897242575378,{},350.0000338110174,350.0000338110174,1,14.583333357215785,14.583333357215784,150,150,150,150,53.65728702537994,53.65728702537994,60,30.12788662944606,809.85183194035,0,0,0.03012788662944606,500,150,58.20206221774949,7.105427357601002e-15,0,0,0,1.7053025658242404e-12,666566.4042708572,8858386386927326.0,0.0490531,0.054287550000000004,0.0672004,0.10606085,0.1130106,0.0336803,0.0412579,0.0531315,0.09328639999999999,0.1001741,0.01213,0.01246175,0.01455705,0.016219749999999998,0.0205658,0,05_resultados\revisao_operacional\evento_adiantado_corrigido_v1\j01466.mat,evento_adiantado_corrigido_v1
j01467,montecarlo,perda_fonte,heuristico,145,-3,0.8410943366836002,{},592.6122638850534,592.6122638850534,1,14.754610453615202,14.754610453615202,150,150,150,150,57.93978528855198,56.5039066455025,60,24.16369944991276,850,0,0,0.02416369944991276,500,150,60,nan,0,nan,nan,nan,nan,nan,3.57e-05,8.1e-06,9.9e-06,1.14e-05,5.15e-05,nan,nan,nan,nan,nan,nan,nan,nan,nan,nan,0,05_resultados\revisao_operacional\campanha_v1\j01467.mat,campanha_v1
j01468,montecarlo,perda_fonte,heuristico_foresight,145,-3,0.8410943366836002,{},352.7815800174326,352.7815800174326,1,14.585297046987337,14.585297046987337,150,150,150,150,57.47146760450376,56.04015452041188,60,26.342492786421605,850,0,0,0.026342492786421604,500,150,59.603676116794965,nan,0,nan,nan,nan,nan,nan,4.68e-05,8.9e-06,1.05e-05,1.4299999999999999e-05,4.68e-05,nan,nan,nan,nan,nan,nan,nan,nan,nan,nan,0,05_resultados\revisao_operacional\campanha_v1\j01468.mat,campanha_v1
j01469,montecarlo,perda_fonte,miope_qp,145,-3,0.8410943366836002,{},592.6116232891053,592.6116232891053,1,14.754610001373313,14.75461000137331,150,150,150,150,57.9147667951044,56.47501255161039,60,24.32134429297718,1150.0008251042025,0,0,0.02432134429297718,500,150,59.99996967342122,nan,0,nan,nan,nan,nan,nan,0.0012869,0.00060925,0.00073105,0.00088795,0.0012869,0.0011392,0.00054195,0.0006428,0.00078655,0.0011392,nan,nan,nan,nan,nan,0,05_resultados\revisao_operacional\campanha_v1\j01469.mat,campanha_v1
j01470,montecarlo,perda_fonte,mpc_qp_v5,145,-3,0.8410943366836002,{},350.0220757213147,350.0220757213147,1,14.587789302809787,14.583348918158638,150,150,150,150,57.03111153497637,55.63582231844438,60.05180549880026,28.592208082124337,1844.365902928582,0,1,0.028592208082124336,500,150,59.276786239069715,0.11697637457081811,852,0,0,0.006883931418485645,333283.200808402,4015243775612013.0,0.0231523,0.0242903,0.0364395,0.04373425,0.1028485,0.01506,0.018714599999999998,0.03014035,0.0370626,0.0972689,0.0057664,0.00525445,0.0060399,0.0070158500000000006,0.0152658,0,05_resultados\revisao_operacional\campanha_v1\j01470.mat,campanha_v1
j01471,montecarlo,perda_fonte,mpc_qp_estocastico_3cen,145,-3,0.8410943366836002,{},350.0000648345456,350.0000648345456,1,14.583333379129341,14.58333337912934,150,150,150,150,56.58007047876207,55.37204979257935,60.03306914034394,28.671893620442674,1511.5640426292512,0,0.08333333333333334,0.028671893620442673,500,150,59.01424414313046,0.11704000761440625,899,0,0,1.0345502232667059e-11,666566.4016168036,8030487551224027.0,0.041642,0.051474400000000003,0.06811755,0.10254574999999999,0.2978037,0.0266963,0.039164649999999995,0.054567149999999995,0.08975074999999999,0.2850726,0.0123162,0.0121892,0.0137879,0.0157147,0.0182981,0,05_resultados\revisao_operacional\evento_adiantado_corrigido_v1\j01471.mat,evento_adiantado_corrigido_v1
j01472,montecarlo,perda_fonte,heuristico,146,2,1.0149432449332452,{},592.6122638850534,592.6122638850534,1,14.754610453615202,14.754610453615202,150,150,150,150,57.93978528855198,56.5039066455025,60,24.16369944991276,850,0,0,0.02416369944991276,500,150,60,nan,0,nan,nan,nan,nan,nan,3.94e-05,8.1e-06,9.2e-06,1.045e-05,3.94e-05,nan,nan,nan,nan,nan,nan,nan,nan,nan,nan,0,05_resultados\revisao_operacional\campanha_v1\j01472.mat,campanha_v1
j01473,montecarlo,perda_fonte,heuristico_foresight,146,2,1.0149432449332452,{},378.6403238930874,378.6403238930874,1,14.603552559360063,14.603552559360063,150,150,150,150,57.56161623998138,56.132942044778396,60,25.887863156791976,850,0,0,0.025887863156791976,500,150,59.71601218826426,nan,0,nan,nan,nan,nan,nan,4.87e-05,9.2e-06,1.02e-05,1.315e-05,4.87e-05,nan,nan,nan,nan,nan,nan,nan,nan,nan,nan,0,05_resultados\revisao_operacional\campanha_v1\j01473.mat,campanha_v1
j01474,montecarlo,perda_fonte,miope_qp,146,2,1.0149432449332452,{},592.6116232891053,592.6116232891053,1,14.754610001373313,14.75461000137331,150,150,150,150,57.9147667951044,56.47501255161039,60,24.32134429297718,1150.0008251042025,0,0,0.02432134429297718,500,150,59.99996967342122,nan,0,nan,nan,nan,nan,nan,0.0012801,0.00061955,0.0007448,0.0009108,0.0012801,0.0011369,0.00055125,0.00066475,0.000814,0.0011369,nan,nan,nan,nan,nan,0,05_resultados\revisao_operacional\campanha_v1\j01474.mat,campanha_v1
j01475,montecarlo,perda_fonte,mpc_qp_v5,146,2,1.0149432449332452,{},350.3432507979249,350.3432507979249,1,14.58357565832294,14.583575658322935,150,150,150,150,56.9317998220161,55.85211519725981,60,25.385003469627886,1919.9760360124856,0,1.9166666666666665,0.025385003469627885,500,150,59.52216967798318,0.011456790569688735,824,0,1.6543612251060553e-24,0.0008107284809852899,333283.200808402,4015243775612013.0,0.0238584,0.0292185,0.03761515,0.0456103,0.0903799,0.0161246,0.02327755,0.0298498,0.037898150000000005,0.0833791,0.0056105,0.005530500000000001,0.0068086,0.0091432,0.0303601,0,05_resultados\revisao_operacional\campanha_v1\j01475.mat,campanha_v1
j01476,montecarlo,perda_fonte,mpc_qp_estocastico_3cen,146,2,1.0149432449332452,{},350.000672888602,350.000672888602,1,14.58333380839528,14.58333380839528,150,150,150,150,48.763459154417816,48.763459154417816,60,53.37356901651518,1968.0947685436581,0,0.16666666666666669,0.053373569016515174,500,150,56.00342891777322,0.12347893988149394,57,0,0,0.0014128282764431788,666566.4042708572,8858386386927326.0,0.0513763,0.05283445,0.0741964,0.10968710000000001,0.1464266,0.0358232,0.0400142,0.057591050000000005,0.09692855,0.1336165,0.0126523,0.0123987,0.013656100000000001,0.015189049999999999,0.0175334,0,05_resultados\revisao_operacional\evento_adiantado_corrigido_v1\j01476.mat,evento_adiantado_corrigido_v1
j01477,montecarlo,perda_fonte,heuristico,147,-6,1.1395521886091926,{},592.6122638850534,592.6122638850534,1,14.754610453615202,14.754610453615202,150,150,150,150,57.93978528855198,56.5039066455025,60,24.16369944991276,850,0,0,0.02416369944991276,500,150,60,nan,0,nan,nan,nan,nan,nan,3.88e-05,8.2e-06,9.2e-06,9.75e-06,3.88e-05,nan,nan,nan,nan,nan,nan,nan,nan,nan,nan,0,05_resultados\revisao_operacional\campanha_v1\j01477.mat,campanha_v1
j01478,montecarlo,perda_fonte,heuristico_foresight,147,-6,1.1395521886091926,{},356.3250468804066,356.3250468804066,1,14.587798630338424,14.587798630338424,150,150,150,150,52.9982201702344,52.9982201702344,60,33.25845419137729,745.3358585431056,0,0,0.03325845419137729,500,150,58.295386013188995,nan,0,nan,nan,nan,nan,nan,3.98e-05,8.6e-06,9.7e-06,1.1750000000000001e-05,3.98e-05,nan,nan,nan,nan,nan,nan,nan,nan,nan,nan,0,05_resultados\revisao_operacional\campanha_v1\j01478.mat,campanha_v1
j01479,montecarlo,perda_fonte,miope_qp,147,-6,1.1395521886091926,{},592.6116232891053,592.6116232891053,1,14.754610001373313,14.75461000137331,150,150,150,150,57.9147667951044,56.47501255161039,60,24.32134429297718,1150.0008251042025,0,0,0.02432134429297718,500,150,59.99996967342122,nan,0,nan,nan,nan,nan,nan,0.0014222,0.00062565,0.0008289,0.0010897,0.0015943,0.0012612,0.0005568,0.0007370499999999999,0.0009828,0.0014017,nan,nan,nan,nan,nan,0,05_resultados\revisao_operacional\campanha_v1\j01479.mat,campanha_v1
j01480,montecarlo,perda_fonte,mpc_qp_v5,147,-6,1.1395521886091926,{},350.0165530736632,350.0165530736632,1,14.58334501933243,14.58334501933243,150,150,150,150,51.68195705015019,51.68195705015019,60,39.5107040117871,1725.5046176933283,0,2.5,0.0395107040117871,500,150,57.7370789912397,7.105427357601002e-15,0,0,0,0.0019835351754977637,333283.2021354289,4843142611315303.0,0.028071,0.0319471,0.03917955,0.04798655,0.1039648,0.0187747,0.026096,0.03203715,0.0416747,0.0973186,0.0066964,0.00549855,0.00655065,0.00862305,0.0127867,0,05_resultados\revisao_operacional\campanha_v1\j01480.mat,campanha_v1
j01481,montecarlo,perda_fonte,mpc_qp_estocastico_3cen,147,-6,1.1395521886091926,{},350.0000002343096,350.0000002343096,1,14.583333333513195,14.583333333513194,150,150,150,150,41.88209722069809,41.88209722069809,60,86.06003820168345,1819.2446599288876,0,0.33333333333333337,0.08606003820168345,500,150,52.81562096135135,7.105427357601002e-15,0,0,0,5.7980287238024175e-12,666566.4042708572,9686285222630616.0,0.0526139,0.0632337,0.08081445,0.11471635,0.1517054,0.0375008,0.0504827,0.06696165,0.1017998,0.1388121,0.0123294,0.0124231,0.013639450000000001,0.01513135,0.0178354,0,05_resultados\revisao_operacional\evento_adiantado_corrigido_v1\j01481.mat,evento_adiantado_corrigido_v1
j01482,montecarlo,perda_fonte,heuristico,148,8,1.1627423067908793,{},592.6122638850534,592.6122638850534,1,14.754610453615202,14.754610453615202,150,150,150,150,57.93978528855198,56.5039066455025,60,24.16369944991276,850,0,0,0.02416369944991276,500,150,60,nan,0,nan,nan,nan,nan,nan,3.93e-05,8.2e-06,9.2e-06,1.02e-05,3.93e-05,nan,nan,nan,nan,nan,nan,nan,nan,nan,nan,0,05_resultados\revisao_operacional\campanha_v1\j01482.mat,campanha_v1
j01483,montecarlo,perda_fonte,heuristico_foresight,148,8,1.1627423067908793,{},548.9076478449142,548.9076478449142,1,14.723756280546993,14.72375628054699,150,150,150,150,51.938941844205175,51.938941844205175,60,38.290026240033086,727.9432699068406,0,0,0.03829002624003309,500,150,57.89957368283509,nan,0,nan,nan,nan,nan,nan,4.32e-05,8.7e-06,9.7e-06,1.18e-05,4.32e-05,nan,nan,nan,nan,nan,nan,nan,nan,nan,nan,0,05_resultados\revisao_operacional\campanha_v1\j01483.mat,campanha_v1
j01484,montecarlo,perda_fonte,miope_qp,148,8,1.1627423067908793,{},592.6116232891053,592.6116232891053,1,14.754610001373313,14.75461000137331,150,150,150,150,57.9147667951044,56.47501255161039,60,24.32134429297718,1150.0008251042025,0,0,0.02432134429297718,500,150,59.99996967342122,nan,0,nan,nan,nan,nan,nan,0.0013076,0.0006143,0.0007159,0.0008489999999999999,0.0013076,0.001161,0.00054595,0.0006389,0.0007722499999999999,0.001161,nan,nan,nan,nan,nan,0,05_resultados\revisao_operacional\campanha_v1\j01484.mat,campanha_v1
j01485,montecarlo,perda_fonte,mpc_qp_v5,148,8,1.1627423067908793,{},366.6564349888084,366.6564349888084,1,14.595092286383103,14.595092286383101,150,150,150,150,50.75085398440797,50.75085398440797,60,43.93344357406152,2020.4088868128838,0,2.3333333333333335,0.04393344357406152,500,150,57.46188126858602,7.105427357601002e-15,0,0,0,0.000556050788588891,333283.2021354289,4843142611315303.0,0.0254758,0.031785999999999995,0.0379428,0.045871999999999996,0.0506151,0.0175868,0.026013050000000003,0.0318771,0.039933300000000005,0.0451107,0.0056359,0.0053445,0.0061796,0.00682285,0.0102507,0,05_resultados\revisao_operacional\campanha_v1\j01485.mat,campanha_v1
j01486,montecarlo,perda_fonte,mpc_qp_estocastico_3cen,148,8,1.1627423067908793,{},350.03843658501637,350.03843658501637,1,14.58336046844434,14.58336046844434,150,150,150,150,40.8885125025185,40.8885125025185,60,90.77956561303627,3776.3241946920175,0,0.75,0.09077956561303627,500,150,52.52722780578251,7.105427357601002e-15,0,0,0,0.005011801502405433,666566.4042708572,9686285222630616.0,0.0575091,0.062086749999999996,0.07901040000000001,0.12471735,0.1708476,0.039936,0.04927185,0.06639439999999999,0.11145215,0.1580505,0.0143207,0.01246165,0.0139495,0.01529575,0.0176572,0,05_resultados\revisao_operacional\evento_adiantado_corrigido_v1\j01486.mat,evento_adiantado_corrigido_v1
j01487,montecarlo,perda_fonte,heuristico,149,5,0.8481746790723095,{},592.6122638850534,592.6122638850534,1,14.754610453615202,14.754610453615202,150,150,150,150,57.93978528855198,56.5039066455025,60,24.16369944991276,850,0,0,0.02416369944991276,500,150,60,nan,0,nan,nan,nan,nan,nan,4.08e-05,8.1e-06,9.3e-06,1.0399999999999999e-05,4.08e-05,nan,nan,nan,nan,nan,nan,nan,nan,nan,nan,0,05_resultados\revisao_operacional\campanha_v1\j01487.mat,campanha_v1
j01488,montecarlo,perda_fonte,heuristico_foresight,149,5,0.8481746790723095,{},402.9015293790226,402.9015293790226,1,14.620680256631648,14.620680256631648,150,150,150,150,57.54668202945504,56.12592450091872,60,25.879529823458643,850,0,0,0.025879529823458643,500,150,59.775564251996556,nan,0,nan,nan,nan,nan,nan,4.2e-05,9e-06,1.03e-05,1.565e-05,4.2e-05,nan,nan,nan,nan,nan,nan,nan,nan,nan,nan,0,05_resultados\revisao_operacional\campanha_v1\j01488.mat,campanha_v1
j01489,montecarlo,perda_fonte,miope_qp,149,5,0.8481746790723095,{},592.6116232891053,592.6116232891053,1,14.754610001373313,14.75461000137331,150,150,150,150,57.9147667951044,56.47501255161039,60,24.32134429297718,1150.0008251042025,0,0,0.02432134429297718,500,150,59.99996967342122,nan,0,nan,nan,nan,nan,nan,0.0013174,0.0006179499999999999,0.00075035,0.0009143,0.0013174,0.0011692,0.00054875,0.00067345,0.000809,0.0012337,nan,nan,nan,nan,nan,0,05_resultados\revisao_operacional\campanha_v1\j01489.mat,campanha_v1
j01490,montecarlo,perda_fonte,mpc_qp_v5,149,5,0.8481746790723095,{},351.6952867345856,351.6952867345856,1,14.588831194633086,14.58453015590336,150,150,150,150,57.117972661262186,55.733268693883076,60.05087901051837,28.064348887688652,1807.3886854059015,0,1,0.02806434888768865,500,150,59.46752700118245,0.1169832354794309,852,0,0,0.00020705006988919195,333283.200808402,4015243775612013.0,0.0234856,0.024258349999999998,0.0368253,0.042351650000000005,0.0901803,0.015246,0.0186664,0.0309389,0.0350057,0.0840592,0.0056676,0.00522755,0.006064,0.0069619999999999994,0.0197826,0,05_resultados\revisao_operacional\campanha_v1\j01490.mat,campanha_v1
j01491,montecarlo,perda_fonte,mpc_qp_estocastico_3cen,149,5,0.8481746790723095,{},350.00302629864655,350.00302629864655,1,14.583335469833324,14.583335469833319,150,150,150,150,56.49829797893376,55.469731792631976,60.03143486920568,27.247042537449683,1487.7920270010459,0,0.08333333333333334,0.027247042537449685,500,150,59.20685377477349,0.11704784657731437,1073,0,0,7.617018127348274e-12,666566.4016168036,8030487551224027.0,0.0488465,0.052210099999999995,0.06922095,0.1075209,0.1829239,0.0295198,0.0397949,0.05462,0.0940349,0.1700526,0.0163678,0.01239725,0.014282949999999999,0.015318499999999999,0.0235226,0,05_resultados\revisao_operacional\evento_adiantado_corrigido_v1\j01491.mat,evento_adiantado_corrigido_v1
j01492,montecarlo,perda_fonte,heuristico,150,0,0.8831000033215496,{},592.6122638850534,592.6122638850534,1,14.754610453615202,14.754610453615202,150,150,150,150,57.93978528855198,56.5039066455025,60,24.16369944991276,850,0,0,0.02416369944991276,500,150,60,nan,0,nan,nan,nan,nan,nan,3.66e-05,8.2e-06,9.65e-06,1.925e-05,3.85e-05,nan,nan,nan,nan,nan,nan,nan,nan,nan,nan,0,05_resultados\revisao_operacional\campanha_v1\j01492.mat,campanha_v1
j01493,montecarlo,perda_fonte,heuristico_foresight,150,0,0.8831000033215496,{},362.4661767623983,362.4661767623983,1,14.59213408735375,14.59213408735375,150,150,150,150,57.54164304310025,56.110329959008375,60,26.00915945308827,850,0,0,0.02600915945308827,500,150,59.672412178472214,nan,0,nan,nan,nan,nan,nan,5.32e-05,9.7e-06,1.67e-05,2.395e-05,5.32e-05,nan,nan,nan,nan,nan,nan,nan,nan,nan,nan,0,05_resultados\revisao_operacional\campanha_v1\j01493.mat,campanha_v1
j01494,montecarlo,perda_fonte,miope_qp,150,0,0.8831000033215496,{},592.6116232891053,592.6116232891053,1,14.754610001373313,14.75461000137331,150,150,150,150,57.9147667951044,56.47501255161039,60,24.32134429297718,1150.0008251042025,0,0,0.02432134429297718,500,150,59.99996967342122,nan,0,nan,nan,nan,nan,nan,0.0012591,0.00062635,0.0007546,0.0008983,0.0012947,0.0011149,0.00055605,0.0006646499999999999,0.0008014,0.0011924,nan,nan,nan,nan,nan,0,05_resultados\revisao_operacional\campanha_v1\j01494.mat,campanha_v1
j01495,montecarlo,perda_fonte,mpc_qp_v5,150,0,0.8831000033215496,{},350.10161279702265,350.10161279702265,1,14.587214780465636,14.583405068985275,150,150,150,150,57.07369534063618,55.678570530573495,60.03817862574612,28.251840745800912,1799.8619261520669,0,0.9166666666666666,0.02825184074580091,500,150,59.319533181764726,0.11702362891021068,852,0,0,0.0026837032781372727,333283.200808402,4015243775612013.0,0.0245848,0.0246876,0.0333904,0.041118150000000006,0.103777,0.0156489,0.01898065,0.027817849999999998,0.035004999999999994,0.0978387,0.0063105,0.0053108,0.00600395,0.0065409000000000005,0.0091023,0,05_resultados\revisao_operacional\campanha_v1\j01495.mat,campanha_v1
j01496,montecarlo,perda_fonte,mpc_qp_estocastico_3cen,150,0,0.8831000033215496,{},350.0002352193635,350.0002352193635,1,14.58333349940152,14.58333349940152,150,150,150,150,55.60740851757942,55.42200965166479,60.01824594793463,22.903937217014533,1458.8663538301048,0,0.08333333333333334,0.022903937217014534,500,150,59.074670624319374,0.11709078676707918,1019,0,0,0.0005430238028907297,666566.4016168036,8030487551224027.0,0.0468886,0.0530092,0.0616346,0.1077349,0.176499,0.0290018,0.0404646,0.0484929,0.09491875,0.1636298,0.0149498,0.01231235,0.0136997,0.01477325,0.0155092,0,05_resultados\revisao_operacional\evento_adiantado_corrigido_v1\j01496.mat,evento_adiantado_corrigido_v1
j01497,montecarlo,perda_fonte,heuristico,151,-6,1.0520524482056821,{},592.6122638850534,592.6122638850534,1,14.754610453615202,14.754610453615202,150,150,150,150,57.93978528855198,56.5039066455025,60,24.16369944991276,850,0,0,0.02416369944991276,500,150,60,nan,0,nan,nan,nan,nan,nan,3.98e-05,8.2e-06,9.3e-06,1.08e-05,3.98e-05,nan,nan,nan,nan,nan,nan,nan,nan,nan,nan,0,05_resultados\revisao_operacional\campanha_v1\j01497.mat,campanha_v1
j01498,montecarlo,perda_fonte,heuristico_foresight,151,-6,1.0520524482056821,{},350.62065439475543,350.62065439475543,1,14.583771497075437,14.583771497075437,150,150,150,150,57.401292165907265,55.96997908181539,60,26.675826119754937,850,0,0,0.02667582611975494,500,150,59.53382184660098,nan,0,nan,nan,nan,nan,nan,4.48e-05,9.1e-06,1.01e-05,1.625e-05,4.48e-05,nan,nan,nan,nan,nan,nan,nan,nan,nan,nan,0,05_resultados\revisao_operacional\campanha_v1\j01498.mat,campanha_v1
j01499,montecarlo,perda_fonte,miope_qp,151,-6,1.0520524482056821,{},592.6116232891053,592.6116232891053,1,14.754610001373313,14.75461000137331,150,150,150,150,57.9147667951044,56.47501255161039,60,24.32134429297718,1150.0008251042025,0,0,0.02432134429297718,500,150,59.99996967342122,nan,0,nan,nan,nan,nan,nan,0.0012859,0.0006262500000000001,0.00085515,0.0011735,0.001788,0.0011402,0.0005562,0.00076515,0.0010513,0.0016837,nan,nan,nan,nan,nan,0,05_resultados\revisao_operacional\campanha_v1\j01499.mat,campanha_v1
j01500,montecarlo,perda_fonte,mpc_qp_v5,151,-6,1.0520524482056821,{},350.0044808688169,350.0044808688169,1,14.58333649670408,14.583336496704076,150,150,150,150,55.998672028349084,55.68946407563021,60,22.10245591822356,1646.0971407861725,0,2.166666666666667,0.02210245591822356,500,150,59.35520670059352,0.0032002026752380175,1068,0,0,0.009702596702140909,333283.200808402,4015243775612013.0,0.0243085,0.0307561,0.039552699999999996,0.04833285,0.0852224,0.0162519,0.024596,0.0332359,0.04053455,0.0688066,0.0059099,0.00563475,0.007002700000000001,0.01068535,0.0359602,0,05_resultados\revisao_operacional\campanha_v1\j01500.mat,campanha_v1
j01501,montecarlo,perda_fonte,mpc_qp_estocastico_3cen,151,-6,1.0520524482056821,{},350.0000275705961,350.0000275705961,1,14.583333352819485,14.583333352819484,150,150,150,150,46.76718535514747,46.76718535514747,60,62.86011457144381,2849.408527357884,0,0.5,0.0628601145714438,500,150,55.05115950117481,0.132305075453921,296,0,0,0.08188847109840935,666566.4042708572,8858386386927326.0,0.0562478,0.053242300000000006,0.0672508,0.1113851,0.152432,0.0361644,0.040187299999999995,0.05413935,0.09836439999999999,0.1393863,0.0164602,0.012589449999999999,0.01428465,0.0153555,0.0164602,0,05_resultados\revisao_operacional\evento_adiantado_corrigido_v1\j01501.mat,evento_adiantado_corrigido_v1
j01502,montecarlo,perda_fonte,heuristico,152,-7,1.183225674712718,{},592.6122638850534,592.6122638850534,1,14.754610453615202,14.754610453615202,150,150,150,150,57.93978528855198,56.5039066455025,60,24.16369944991276,850,0,0,0.02416369944991276,500,150,60,nan,0,nan,nan,nan,nan,nan,3.55e-05,8.1e-06,1.27e-05,1.92e-05,3.55e-05,nan,nan,nan,nan,nan,nan,nan,nan,nan,nan,0,05_resultados\revisao_operacional\campanha_v1\j01502.mat,campanha_v1
j01503,montecarlo,perda_fonte,heuristico_foresight,152,-7,1.183225674712718,{},353.47245840263355,353.47245840263355,1,14.585784786800598,14.585784786800598,150,150,150,150,50.98502289344569,50.98502289344569,60,42.82114125614242,712.5807439654616,0,0,0.04282114125614242,500,150,57.33318704278103,nan,0,nan,nan,nan,nan,nan,3.99e-05,8.7e-06,1e-05,1.485e-05,3.99e-05,nan,nan,nan,nan,nan,nan,nan,nan,nan,nan,0,05_resultados\revisao_operacional\campanha_v1\j01503.mat,campanha_v1
j01504,montecarlo,perda_fonte,miope_qp,152,-7,1.183225674712718,{},592.6116232891053,592.6116232891053,1,14.754610001373313,14.75461000137331,150,150,150,150,57.9147667951044,56.47501255161039,60,24.32134429297718,1150.0008251042025,0,0,0.02432134429297718,500,150,59.99996967342122,nan,0,nan,nan,nan,nan,nan,0.0014841,0.00062235,0.00078885,0.0011058,0.0015333,0.0013423,0.00055285,0.00069545,0.0009980000000000002,0.0014216,nan,nan,nan,nan,nan,0,05_resultados\revisao_operacional\campanha_v1\j01504.mat,campanha_v1
j01505,montecarlo,perda_fonte,mpc_qp_v5,152,-7,1.183225674712718,{},350.00292042955823,350.00292042955823,1,14.583335395078954,14.583335395078953,150,150,150,150,49.63049791051709,49.63049791051709,60,49.255134925044096,1419.9286921631385,0,2.3333333333333335,0.049255134925044096,500,150,56.67412924252583,7.105427357601002e-15,0,0,0,0.0003451158768257301,333283.2021354289,4843142611315303.0,0.0270773,0.03186585,0.03806735,0.045475299999999996,0.0531188,0.0190105,0.026093850000000002,0.031932699999999994,0.03966035,0.0474175,0.0055247,0.00533405,0.0062241,0.007363150000000001,0.0110747,0,05_resultados\revisao_operacional\campanha_v1\j01505.mat,campanha_v1
j01506,montecarlo,perda_fonte,mpc_qp_estocastico_3cen,152,-7,1.183225674712718,{},350.000000319341,350.000000319341,1,14.583333333572579,14.583333333572579,150,150,150,150,39.70348833423645,39.70348833423645,60,96.40843041237586,2369.605638189313,0,0.5,0.09640843041237586,500,150,51.848824549769894,7.105427357601002e-15,0,0,0,0.008007682400602789,666566.4042708572,9686285222630616.0,0.0549477,0.057120950000000004,0.07777865,0.1241695,0.1808858,0.038793,0.0442466,0.06427425,0.1109477,0.1677276,0.0128971,0.012439349999999998,0.0131905,0.01403515,0.0205942,0,05_resultados\revisao_operacional\evento_adiantado_corrigido_v1\j01506.mat,evento_adiantado_corrigido_v1
j01507,montecarlo,perda_fonte,heuristico,153,-4,1.0730236117627803,{},592.6122638850534,592.6122638850534,1,14.754610453615202,14.754610453615202,150,150,150,150,57.93978528855198,56.5039066455025,60,24.16369944991276,850,0,0,0.02416369944991276,500,150,60,nan,0,nan,nan,nan,nan,nan,4.19e-05,8.2e-06,9.4e-06,1.59e-05,4.19e-05,nan,nan,nan,nan,nan,nan,nan,nan,nan,nan,0,05_resultados\revisao_operacional\campanha_v1\j01507.mat,campanha_v1
j01508,montecarlo,perda_fonte,heuristico_foresight,153,-4,1.0730236117627803,{},369.67745710206236,369.67745710206236,1,14.59722503910674,14.59722503910674,150,150,150,150,56.08333881145549,56.08333881145549,60,18.604140645595034,795.2322911779148,0,0,0.018604140645595034,500,150,59.778162083351674,nan,0,nan,nan,nan,nan,nan,4.49e-05,8.7e-06,9.6e-06,1.045e-05,4.49e-05,nan,nan,nan,nan,nan,nan,nan,nan,nan,nan,0,05_resultados\revisao_operacional\campanha_v1\j01508.mat,campanha_v1
j01509,montecarlo,perda_fonte,miope_qp,153,-4,1.0730236117627803,{},592.6116232891053,592.6116232891053,1,14.754610001373313,14.75461000137331,150,150,150,150,57.9147667951044,56.47501255161039,60,24.32134429297718,1150.0008251042025,0,0,0.02432134429297718,500,150,59.99996967342122,nan,0,nan,nan,nan,nan,nan,0.0012927,0.0006025,0.0007061999999999999,0.0009212000000000001,0.0013886,0.0011443,0.0005354,0.0006264,0.0008156999999999999,0.0012992,nan,nan,nan,nan,nan,0,05_resultados\revisao_operacional\campanha_v1\j01509.mat,campanha_v1
j01510,montecarlo,perda_fonte,mpc_qp_v5,153,-4,1.0730236117627803,{},350.05919768657986,350.05919768657986,1,14.583375125169063,14.583375125169061,150,150,150,150,54.75136304492792,54.75136304492792,60,24.93102553659325,1484.7069012188595,0,2.166666666666667,0.02493102553659325,500,150,59.3015805498321,7.105427357601002e-15,0,0,0,0.01328273034130234,333283.2021354289,4843142611315303.0,0.0315281,0.02962435,0.03999905,0.0621084,0.1073837,0.0235538,0.0237394,0.03284125,0.05093975,0.1014714,0.0053704,0.0054169000000000005,0.006528,0.0097118,0.0357148,0,05_resultados\revisao_operacional\campanha_v1\j01510.mat,campanha_v1
j01511,montecarlo,perda_fonte,mpc_qp_estocastico_3cen,153,-4,1.0730236117627803,{},350.00003559359925,350.00003559359925,1,14.583333358489678,14.583333358489678,150,150,150,150,45.36054681670956,45.36054681670956,60,69.53740262062963,2805.343072951298,0,0.5,0.06953740262062963,500,150,54.45947285954044,7.105427357601002e-15,0,0,0,1.318767317570746e-11,666566.4042708572,9686285222630616.0,0.0485326,0.0724773,0.0824679,0.11090445,0.1589675,0.0329805,0.0597634,0.06848675000000001,0.09789044999999999,0.1462899,0.0127972,0.01234955,0.013234300000000001,0.01461085,0.0188648,0,05_resultados\revisao_operacional\evento_adiantado_corrigido_v1\j01511.mat,evento_adiantado_corrigido_v1
j01512,montecarlo,perda_fonte,heuristico,154,-3,0.8988868491588974,{},592.6122638850534,592.6122638850534,1,14.754610453615202,14.754610453615202,150,150,150,150,57.93978528855198,56.5039066455025,60,24.16369944991276,850,0,0,0.02416369944991276,500,150,60,nan,0,nan,nan,nan,nan,nan,3.83e-05,8.2e-06,9.3e-06,1.2600000000000001e-05,5.06e-05,nan,nan,nan,nan,nan,nan,nan,nan,nan,nan,0,05_resultados\revisao_operacional\campanha_v1\j01512.mat,campanha_v1
j01513,montecarlo,perda_fonte,heuristico_foresight,154,-3,0.8988868491588974,{},352.7815800174326,352.7815800174326,1,14.585297046987337,14.585297046987337,150,150,150,150,57.47146760450376,56.04015452041188,60,26.342492786421605,850,0,0,0.026342492786421604,500,150,59.603676116794965,nan,0,nan,nan,nan,nan,nan,4.14e-05,8.9e-06,1.11e-05,1.34e-05,4.14e-05,nan,nan,nan,nan,nan,nan,nan,nan,nan,nan,0,05_resultados\revisao_operacional\campanha_v1\j01513.mat,campanha_v1
j01514,montecarlo,perda_fonte,miope_qp,154,-3,0.8988868491588974,{},592.6116232891053,592.6116232891053,1,14.754610001373313,14.75461000137331,150,150,150,150,57.9147667951044,56.47501255161039,60,24.32134429297718,1150.0008251042025,0,0,0.02432134429297718,500,150,59.99996967342122,nan,0,nan,nan,nan,nan,nan,0.0012684,0.000606,0.00071345,0.00086725,0.0012684,0.0011151,0.00053855,0.0006323500000000001,0.0007651,0.0011151,nan,nan,nan,nan,nan,0,05_resultados\revisao_operacional\campanha_v1\j01514.mat,campanha_v1
j01515,montecarlo,perda_fonte,mpc_qp_v5,154,-3,0.8988868491588974,{},350.03976377051424,350.03976377051424,1,14.586872866817817,14.583361405398282,150,150,150,150,57.02341038801874,55.62835913002036,60.03249105535922,28.43300724197916,2047.3889558359942,0,1,0.02843300724197916,500,150,59.269334927362394,0.11704185018460578,853,0,0,0.00048274301457240654,333283.200808402,4015243775612013.0,0.0224278,0.02477455,0.03628985,0.0447717,0.1044897,0.0141373,0.01908325,0.03056505,0.038319450000000005,0.0990562,0.0060261,0.0052673500000000005,0.0061049,0.0070951,0.0123024,0,05_resultados\revisao_operacional\campanha_v1\j01515.mat,campanha_v1
j01516,montecarlo,perda_fonte,mpc_qp_estocastico_3cen,154,-3,0.8988868491588974,{},350.0000490371643,350.0000490371643,1,14.583333367963776,14.583333367963775,150,150,150,150,54.804491327898766,54.804491327898766,60,24.678666192481703,1558.2441250235174,0,0.08333333333333334,0.024678666192481703,500,150,58.734258155898274,0.1238827563855125,58,0,0,0.0009588028273697091,666566.4042708572,8858386386927326.0,0.0544953,0.0542259,0.06254894999999999,0.10685995000000001,0.1679792,0.0374683,0.041577199999999995,0.0502644,0.09395485,0.1549846,0.0138644,0.0123401,0.0131837,0.01396765,0.0164419,0,05_resultados\revisao_operacional\evento_adiantado_corrigido_v1\j01516.mat,evento_adiantado_corrigido_v1
j01517,montecarlo,perda_fonte,heuristico,155,4,1.145725944520382,{},592.6122638850534,592.6122638850534,1,14.754610453615202,14.754610453615202,150,150,150,150,57.93978528855198,56.5039066455025,60,24.16369944991276,850,0,0,0.02416369944991276,500,150,60,nan,0,nan,nan,nan,nan,nan,3.8e-05,8.1e-06,9.9e-06,1.025e-05,4.12e-05,nan,nan,nan,nan,nan,nan,nan,nan,nan,nan,0,05_resultados\revisao_operacional\campanha_v1\j01517.mat,campanha_v1
j01518,montecarlo,perda_fonte,heuristico_foresight,155,4,1.145725944520382,{},556.6483569202896,556.6483569202896,1,14.729220993410797,14.729220993410797,150,150,150,150,52.79591252175957,52.79591252175957,60,34.21941552163722,740.7055416097135,0,0,0.034219415521637216,500,150,58.27158905623303,nan,0,nan,nan,nan,nan,nan,4.35e-05,8.9e-06,1.1e-05,2.1349999999999997e-05,4.35e-05,nan,nan,nan,nan,nan,nan,nan,nan,nan,nan,0,05_resultados\revisao_operacional\campanha_v1\j01518.mat,campanha_v1
j01519,montecarlo,perda_fonte,miope_qp,155,4,1.145725944520382,{},592.6116232891053,592.6116232891053,1,14.754610001373313,14.75461000137331,150,150,150,150,57.9147667951044,56.47501255161039,60,24.32134429297718,1150.0008251042025,0,0,0.02432134429297718,500,150,59.99996967342122,nan,0,nan,nan,nan,nan,nan,0.001283,0.0006196,0.00077895,0.0010406500000000002,0.001283,0.001136,0.0005504,0.00068315,0.0009107,0.001136,nan,nan,nan,nan,nan,0,05_resultados\revisao_operacional\campanha_v1\j01519.mat,campanha_v1
j01520,montecarlo,perda_fonte,mpc_qp_v5,155,4,1.145725944520382,{},351.1874942336668,351.1874942336668,1,14.584171669339916,14.584171669339915,150,150,150,150,51.511313180539936,51.511313180539936,60,40.32126239243487,1404.2598017321427,0,2.3333333333333335,0.040321262392434866,500,150,57.765312937566414,7.105427357601002e-15,0,0,0,1.8599166651256382e-10,333283.2021354289,4843142611315303.0,0.0258346,0.0316082,0.0376955,0.04637985,0.0602685,0.0181117,0.025902500000000002,0.031528299999999995,0.03962325,0.0478048,0.0053594,0.0053152500000000005,0.006261,0.0089575,0.0205067,0,05_resultados\revisao_operacional\campanha_v1\j01520.mat,campanha_v1
j01521,montecarlo,perda_fonte,mpc_qp_estocastico_3cen,155,4,1.145725944520382,{},350.00005592566754,350.00005592566754,1,14.583333372831534,14.583333372831532,150,150,150,150,41.63670284238797,41.63670284238797,60,87.22566149865807,1500.8521353064,0,0.33333333333333337,0.08722566149865807,500,150,52.770512946904454,7.105427357601002e-15,0,0,0,0.0079818568904102,666566.4042708572,9686285222630616.0,0.0519537,0.06575635,0.07900694999999999,0.11557385,0.1511388,0.0363982,0.05301985,0.066205,0.10251315,0.1384917,0.0123783,0.01246295,0.013332799999999999,0.014289099999999999,0.0165209,0,05_resultados\revisao_operacional\evento_adiantado_corrigido_v1\j01521.mat,evento_adiantado_corrigido_v1
j01522,montecarlo,perda_fonte,heuristico,156,-7,0.8224851440416375,{},592.6122638850534,592.6122638850534,1,14.754610453615202,14.754610453615202,150,150,150,150,57.93978528855198,56.5039066455025,60,24.16369944991276,850,0,0,0.02416369944991276,500,150,60,nan,0,nan,nan,nan,nan,nan,4.46e-05,8.75e-06,1.52e-05,2.255e-05,6.01e-05,nan,nan,nan,nan,nan,nan,nan,nan,nan,nan,0,05_resultados\revisao_operacional\campanha_v1\j01522.mat,campanha_v1
j01523,montecarlo,perda_fonte,heuristico_foresight,156,-7,0.8224851440416375,{},350.3764459195046,350.3764459195046,1,14.583599093076895,14.583599093076895,150,150,150,150,57.37790035304177,55.94658726894989,60,26.786937230866048,850,0,0,0.02678693723086605,500,150,59.51046632931412,nan,0,nan,nan,nan,nan,nan,5.07e-05,9.4e-06,1.17e-05,2.0150000000000002e-05,5.35e-05,nan,nan,nan,nan,nan,nan,nan,nan,nan,nan,0,05_resultados\revisao_operacional\campanha_v1\j01523.mat,campanha_v1
j01524,montecarlo,perda_fonte,miope_qp,156,-7,0.8224851440416375,{},592.6116232891053,592.6116232891053,1,14.754610001373313,14.75461000137331,150,150,150,150,57.9147667951044,56.47501255161039,60,24.32134429297718,1150.0008251042025,0,0,0.02432134429297718,500,150,59.99996967342122,nan,0,nan,nan,nan,nan,nan,0.0013113,0.0006269,0.0008111500000000001,0.00095345,0.0013113,0.0011587,0.0005564,0.0007172000000000001,0.00086025,0.0011824,nan,nan,nan,nan,nan,0,05_resultados\revisao_operacional\campanha_v1\j01524.mat,campanha_v1
j01525,montecarlo,perda_fonte,mpc_qp_v5,156,-7,0.8224851440416375,{},350.0013247419182,350.0013247419182,1,14.588052952834156,14.583334268574148,150,150,150,150,56.90704152038614,55.511681681737855,60.05718435913309,29.236107179634082,1846.2207734310687,0,0.5833333333333334,0.029236107179634083,500,150,59.152643992743336,0.11695598809404117,852,0,4.1359030627651384e-25,0.0033612578790211955,333283.200808402,4015243775612013.0,0.0250121,0.024658600000000003,0.0343559,0.04208175,0.0987618,0.015374,0.0187986,0.028728700000000003,0.036194500000000004,0.0927877,0.0068151,0.00551515,0.00627955,0.00694705,0.0105472,0,05_resultados\revisao_operacional\campanha_v1\j01525.mat,campanha_v1
j01526,montecarlo,perda_fonte,mpc_qp_estocastico_3cen,156,-7,0.8224851440416375,{},350.0000105190216,350.0000105190216,1,14.587891918810625,14.583333340791432,150,150,150,150,56.67513022532947,55.27985162229807,60.039127059496415,30.15606181367935,1535.7610939248218,0,0.08333333333333334,0.03015606181367935,500,150,58.92082783276165,0.11701799305775751,852,0,0,0.0002617588561406592,666566.4016168036,8030487551224027.0,0.04249,0.0472847,0.06239215,0.1021702,0.3167555,0.0274995,0.03485365,0.04997935,0.08910715,0.3041113,0.0124416,0.01214985,0.012900499999999999,0.01382025,0.0170481,0,05_resultados\revisao_operacional\evento_adiantado_corrigido_v1\j01526.mat,evento_adiantado_corrigido_v1
j01527,montecarlo,perda_fonte,heuristico,157,-2,1.181296648691799,{},592.6122638850534,592.6122638850534,1,14.754610453615202,14.754610453615202,150,150,150,150,57.93978528855198,56.5039066455025,60,24.16369944991276,850,0,0,0.02416369944991276,500,150,60,nan,0,nan,nan,nan,nan,nan,3.92e-05,8.1e-06,9.3e-06,1.24e-05,3.98e-05,nan,nan,nan,nan,nan,nan,nan,nan,nan,nan,0,05_resultados\revisao_operacional\campanha_v1\j01527.mat,campanha_v1
j01528,montecarlo,perda_fonte,heuristico_foresight,157,-2,1.181296648691799,{},392.49900248106076,392.49900248106076,1,14.613336378699817,14.613336378699817,150,150,150,150,51.164873256955886,51.164873256955886,60,41.966852029445924,714.0275134811507,0,0,0.041966852029445924,500,150,57.460833968994436,nan,0,nan,nan,nan,nan,nan,4.52e-05,8.9e-06,9.9e-06,1.165e-05,4.52e-05,nan,nan,nan,nan,nan,nan,nan,nan,nan,nan,0,05_resultados\revisao_operacional\campanha_v1\j01528.mat,campanha_v1
j01529,montecarlo,perda_fonte,miope_qp,157,-2,1.181296648691799,{},592.6116232891053,592.6116232891053,1,14.754610001373313,14.75461000137331,150,150,150,150,57.9147667951044,56.47501255161039,60,24.32134429297718,1150.0008251042025,0,0,0.02432134429297718,500,150,59.99996967342122,nan,0,nan,nan,nan,nan,nan,0.0013366,0.0006233,0.0008009499999999999,0.0010354000000000001,0.0015701,0.0011746,0.00055295,0.0007069,0.0009285000000000001,0.001404,nan,nan,nan,nan,nan,0,05_resultados\revisao_operacional\campanha_v1\j01529.mat,campanha_v1
j01530,montecarlo,perda_fonte,mpc_qp_v5,157,-2,1.181296648691799,{},350.05229483276025,350.05229483276025,1,14.583370251952452,14.58337025195245,150,150,150,150,49.86047327489881,49.86047327489881,60,48.162751944230735,1377.965060118956,0,2.666666666666667,0.04816275194423073,500,150,56.86071685946374,7.105427357601002e-15,0,0,0,0.0023579146023848807,333283.2021354289,4843142611315303.0,0.0272982,0.0321901,0.039926500000000004,0.051705249999999994,0.0585725,0.0188865,0.026286700000000003,0.03278125,0.04428395,0.0518287,0.0055189,0.0055747,0.00650395,0.00813565,0.0144325,0,05_resultados\revisao_operacional\campanha_v1\j01530.mat,campanha_v1
j01531,montecarlo,perda_fonte,mpc_qp_estocastico_3cen,157,-2,1.181296648691799,{},350.0000005213338,350.0000005213338,1,14.583333333715068,14.583333333715068,150,150,150,150,39.796777107337725,39.796777107337725,60,95.9653087401442,1898.0065221355906,0,0.33333333333333337,0.0959653087401442,500,150,51.88844935571992,7.105427357601002e-15,0,0,0,0.004427341014093145,666566.4042708572,9686285222630616.0,0.0561981,0.05736685,0.07753355,0.12493979999999999,0.1571573,0.0409744,0.044576199999999996,0.0645171,0.112266,0.1444918,0.0120663,0.0124375,0.01329115,0.0142394,0.0168119,0,05_resultados\revisao_operacional\evento_adiantado_corrigido_v1\j01531.mat,evento_adiantado_corrigido_v1
j01532,montecarlo,perda_fonte,heuristico,158,-2,1.1119769857746011,{},592.6122638850534,592.6122638850534,1,14.754610453615202,14.754610453615202,150,150,150,150,57.93978528855198,56.5039066455025,60,24.16369944991276,850,0,0,0.02416369944991276,500,150,60,nan,0,nan,nan,nan,nan,nan,4.02e-05,8.2e-06,1e-05,1.17e-05,5.3e-05,nan,nan,nan,nan,nan,nan,nan,nan,nan,nan,0,05_resultados\revisao_operacional\campanha_v1\j01532.mat,campanha_v1
j01533,montecarlo,perda_fonte,heuristico_foresight,158,-2,1.1119769857746011,{},399.53504964213494,399.53504964213494,1,14.61830362098435,14.618303620984348,150,150,150,150,54.34341848608963,54.34341848608963,60,26.86876219108829,766.0172606690492,0,0,0.026868762191088292,500,150,58.97083527193062,nan,0,nan,nan,nan,nan,nan,4.33e-05,8.8e-06,1.11e-05,1.6550000000000002e-05,7.71e-05,nan,nan,nan,nan,nan,nan,nan,nan,nan,nan,0,05_resultados\revisao_operacional\campanha_v1\j01533.mat,campanha_v1
j01534,montecarlo,perda_fonte,miope_qp,158,-2,1.1119769857746011,{},592.6116232891053,592.6116232891053,1,14.754610001373313,14.75461000137331,150,150,150,150,57.9147667951044,56.47501255161039,60,24.32134429297718,1150.0008251042025,0,0,0.02432134429297718,500,150,59.99996967342122,nan,0,nan,nan,nan,nan,nan,0.0013008,0.0006223,0.00078645,0.00099085,0.0013008,0.0011558,0.0005533000000000001,0.0006838,0.0008909,0.0011558,nan,nan,nan,nan,nan,0,05_resultados\revisao_operacional\campanha_v1\j01534.mat,campanha_v1
j01535,montecarlo,perda_fonte,mpc_qp_v5,158,-2,1.1119769857746011,{},350.04342523905177,350.04342523905177,1,14.58336399029389,14.583363990293888,150,150,150,150,52.961057424531276,52.961057424531276,60,33.434977233476815,1396.7026348545874,0,2.083333333333333,0.03343497723347681,500,150,58.38647369726767,7.105427357601002e-15,0,0,0,5.1881531817343784e-06,333283.2021354289,4843142611315303.0,0.0275558,0.03095405,0.04016545,0.0518155,0.0935739,0.0191513,0.02478525,0.032510250000000004,0.04353255,0.0532992,0.0061006,0.0057488,0.006974650000000001,0.00935565,0.0567836,0,05_resultados\revisao_operacional\campanha_v1\j01535.mat,campanha_v1
j01536,montecarlo,perda_fonte,mpc_qp_estocastico_3cen,158,-2,1.1119769857746011,{},350.00018693719943,350.00018693719943,1,14.58333346532137,14.58333346532137,150,150,150,150,43.39338207681949,43.39338207681949,60,78.88143513510835,2872.0392275071376,0,0.5833333333333334,0.07888143513510834,500,150,53.565010647232164,7.105427357601002e-15,0,0,0,0.0036109406590867366,666566.4042708572,9686285222630616.0,0.051247,0.0645792,0.07847565000000001,0.1122998,0.1535337,0.0344295,0.05190675,0.0659779,0.09963135000000001,0.1404957,0.013569,0.0123163,0.01328065,0.01426845,0.034553,0,05_resultados\revisao_operacional\evento_adiantado_corrigido_v1\j01536.mat,evento_adiantado_corrigido_v1
j01537,montecarlo,perda_fonte,heuristico,159,5,0.8380813702125665,{},592.6122638850534,592.6122638850534,1,14.754610453615202,14.754610453615202,150,150,150,150,57.93978528855198,56.5039066455025,60,24.16369944991276,850,0,0,0.02416369944991276,500,150,60,nan,0,nan,nan,nan,nan,nan,4.5e-05,8.2e-06,9.4e-06,1.08e-05,4.5e-05,nan,nan,nan,nan,nan,nan,nan,nan,nan,nan,0,05_resultados\revisao_operacional\campanha_v1\j01537.mat,campanha_v1
j01538,montecarlo,perda_fonte,heuristico_foresight,159,5,0.8380813702125665,{},402.9015293790226,402.9015293790226,1,14.620680256631648,14.620680256631648,150,150,150,150,57.54668202945504,56.12592450091872,60,25.879529823458643,850,0,0,0.025879529823458643,500,150,59.775564251996556,nan,0,nan,nan,nan,nan,nan,4.14e-05,9.1e-06,1.065e-05,1.6899999999999997e-05,4.14e-05,nan,nan,nan,nan,nan,nan,nan,nan,nan,nan,0,05_resultados\revisao_operacional\campanha_v1\j01538.mat,campanha_v1
j01539,montecarlo,perda_fonte,miope_qp,159,5,0.8380813702125665,{},592.6116232891053,592.6116232891053,1,14.754610001373313,14.75461000137331,150,150,150,150,57.9147667951044,56.47501255161039,60,24.32134429297718,1150.0008251042025,0,0,0.02432134429297718,500,150,59.99996967342122,nan,0,nan,nan,nan,nan,nan,0.0012399,0.00062225,0.0008301000000000001,0.0011434,0.0015308,0.0010907,0.0005522999999999999,0.00073445,0.0009987,0.0013932,nan,nan,nan,nan,nan,0,05_resultados\revisao_operacional\campanha_v1\j01539.mat,campanha_v1
j01540,montecarlo,perda_fonte,mpc_qp_v5,159,5,0.8380813702125665,{},351.2113686927621,351.2113686927621,1,14.588632868182984,14.584188524007947,150,150,150,150,57.120354539758004,55.73561395902157,60.05435044979967,28.088161649808377,1821.3605265644103,0,1,0.028088161649808378,500,150,59.469941655572754,0.11697172115450627,852,0,0,1.8639749214344192e-05,333283.200808402,4015243775612013.0,0.0237362,0.0251464,0.03731375,0.04172485,0.1010434,0.0154279,0.019309,0.0309147,0.035892099999999996,0.0948987,0.0060832,0.005404,0.006502,0.00744955,0.0098127,0,05_resultados\revisao_operacional\campanha_v1\j01540.mat,campanha_v1
j01541,montecarlo,perda_fonte,mpc_qp_estocastico_3cen,159,5,0.8380813702125665,{},350.00356349927506,350.00356349927506,1,14.583335849084191,14.583335849084186,150,150,150,150,56.739550892230035,55.46846054991306,60.03513739473178,28.566597839458748,1514.0645572344388,0,0.08333333333333334,0.028566597839458748,500,150,59.203665318833735,0.11703556520258473,1079,0,0,6.821210263296962e-12,666566.4016168036,8030487551224027.0,0.0418744,0.0512383,0.06757305,0.10181495,0.2969519,0.0271093,0.03884345,0.054181400000000005,0.0891444,0.2844202,0.0122672,0.01217965,0.013084450000000001,0.01362995,0.0168834,0,05_resultados\revisao_operacional\evento_adiantado_corrigido_v1\j01541.mat,evento_adiantado_corrigido_v1
j01542,montecarlo,perda_fonte,heuristico,160,0,1.1047923774661914,{},592.6122638850534,592.6122638850534,1,14.754610453615202,14.754610453615202,150,150,150,150,57.93978528855198,56.5039066455025,60,24.16369944991276,850,0,0,0.02416369944991276,500,150,60,nan,0,nan,nan,nan,nan,nan,3.59e-05,8.1e-06,9.2e-06,1e-05,3.59e-05,nan,nan,nan,nan,nan,nan,nan,nan,nan,nan,0,05_resultados\revisao_operacional\campanha_v1\j01542.mat,campanha_v1
j01543,montecarlo,perda_fonte,heuristico_foresight,160,0,1.1047923774661914,{},486.63252758118205,486.63252758118205,1,14.67979187786934,14.67979187786934,150,150,150,150,54.71629678050953,54.71629678050953,60,25.09759029259257,771.4057169003564,0,0,0.02509759029259257,500,150,59.15794149742605,nan,0,nan,nan,nan,nan,nan,4e-05,8.6e-06,1.01e-05,1.6899999999999997e-05,4e-05,nan,nan,nan,nan,nan,nan,nan,nan,nan,nan,0,05_resultados\revisao_operacional\campanha_v1\j01543.mat,campanha_v1
j01544,montecarlo,perda_fonte,miope_qp,160,0,1.1047923774661914,{},592.6116232891053,592.6116232891053,1,14.754610001373313,14.75461000137331,150,150,150,150,57.9147667951044,56.47501255161039,60,24.32134429297718,1150.0008251042025,0,0,0.02432134429297718,500,150,59.99996967342122,nan,0,nan,nan,nan,nan,nan,0.0012562,0.0006265,0.0008358,0.0011220499999999999,0.0015802,0.001116,0.0005569500000000001,0.0007370499999999999,0.0010213,0.0013579,nan,nan,nan,nan,nan,0,05_resultados\revisao_operacional\campanha_v1\j01544.mat,campanha_v1
j01545,montecarlo,perda_fonte,mpc_qp_v5,160,0,1.1047923774661914,{},350.25496375083003,350.25496375083003,1,14.58351333024684,14.583513330246836,150,150,150,150,53.3462840606446,53.3462840606446,60,31.6051507119377,1676.6563403085881,0,1.9166666666666665,0.0316051507119377,500,150,58.609129045031054,7.105427357601002e-15,0,0,0,0.012098304597088827,333283.2021354289,4843142611315303.0,0.0291819,0.0309396,0.0383077,0.05030195,0.1021528,0.0193495,0.0249881,0.031744999999999995,0.0434439,0.0965691,0.0070927,0.0055435499999999995,0.00648925,0.007976,0.0223988,0,05_resultados\revisao_operacional\campanha_v1\j01545.mat,campanha_v1
j01546,montecarlo,perda_fonte,mpc_qp_estocastico_3cen,160,0,1.1047923774661914,{},350.0002834826785,350.0002834826785,1,14.583333533475578,14.583333533475574,150,150,150,150,43.78642175158271,43.78642175158271,60,77.01449667998243,3191.2236309794707,0,0.5,0.07701449667998243,500,150,53.75990058080523,7.105427357601002e-15,0,0,0,0.00039732321317842434,666566.4042708572,9686285222630616.0,0.0497307,0.06482584999999999,0.0750618,0.1146359,0.2139954,0.0338989,0.052062250000000004,0.0621876,0.1003648,0.2009882,0.0127312,0.012381050000000001,0.0132379,0.01424075,0.015342,0,05_resultados\revisao_operacional\evento_adiantado_corrigido_v1\j01546.mat,evento_adiantado_corrigido_v1
j01547,montecarlo,perda_fonte,heuristico,161,-3,0.8909979337157085,{},592.6122638850534,592.6122638850534,1,14.754610453615202,14.754610453615202,150,150,150,150,57.93978528855198,56.5039066455025,60,24.16369944991276,850,0,0,0.02416369944991276,500,150,60,nan,0,nan,nan,nan,nan,nan,4.07e-05,8.2e-06,9.55e-06,1.565e-05,4.07e-05,nan,nan,nan,nan,nan,nan,nan,nan,nan,nan,0,05_resultados\revisao_operacional\campanha_v1\j01547.mat,campanha_v1
j01548,montecarlo,perda_fonte,heuristico_foresight,161,-3,0.8909979337157085,{},352.7815800174326,352.7815800174326,1,14.585297046987337,14.585297046987337,150,150,150,150,57.47146760450376,56.04015452041188,60,26.342492786421605,850,0,0,0.026342492786421604,500,150,59.603676116794965,nan,0,nan,nan,nan,nan,nan,4.8e-05,9e-06,1.02e-05,1.8e-05,4.8e-05,nan,nan,nan,nan,nan,nan,nan,nan,nan,nan,0,05_resultados\revisao_operacional\campanha_v1\j01548.mat,campanha_v1
j01549,montecarlo,perda_fonte,miope_qp,161,-3,0.8909979337157085,{},592.6116232891053,592.6116232891053,1,14.754610001373313,14.75461000137331,150,150,150,150,57.9147667951044,56.47501255161039,60,24.32134429297718,1150.0008251042025,0,0,0.02432134429297718,500,150,59.99996967342122,nan,0,nan,nan,nan,nan,nan,0.001277,0.00061925,0.0007718,0.00103465,0.001277,0.0011316,0.0005502,0.0006811499999999999,0.0009274999999999999,0.0011316,nan,nan,nan,nan,nan,0,05_resultados\revisao_operacional\campanha_v1\j01549.mat,campanha_v1
j01550,montecarlo,perda_fonte,mpc_qp_v5,161,-3,0.8909979337157085,{},350.04042579996565,350.04042579996565,1,14.587026693780805,14.583361872765227,150,150,150,150,57.081936248871244,55.686847213916096,60.03512756365894,28.181787443458116,1834.4910107318851,0,1.5833333333333335,0.028181787443458117,500,150,59.32782094303267,0.11703291249531134,853,0,0,0.0017429109644808705,333283.200808402,4015243775612013.0,0.0227717,0.025570700000000002,0.0343063,0.040963150000000004,0.1088477,0.0147746,0.0197216,0.02833935,0.0350738,0.1034184,0.0054983,0.00535815,0.0063444,0.00698835,0.0098823,0,05_resultados\revisao_operacional\campanha_v1\j01550.mat,campanha_v1
j01551,montecarlo,perda_fonte,mpc_qp_estocastico_3cen,161,-3,0.8909979337157085,{},350.0000521593158,350.0000521593158,1,14.583333370165851,14.58333337016585,150,150,150,150,55.22514071714895,55.22514071714895,60,22.680581593542662,1453.5602639318536,0,0.08333333333333334,0.02268058159354266,500,150,58.9325959522299,7.105427357601002e-15,0,0,0,0.003103714405312985,666566.4042708572,8858386386927326.0,0.0500469,0.054938100000000004,0.069195,0.1072262,0.1528089,0.0345482,0.0421649,0.0515155,0.09425985,0.140337,0.0129011,0.01243555,0.01414235,0.0156599,0.0451926,0,05_resultados\revisao_operacional\evento_adiantado_corrigido_v1\j01551.mat,evento_adiantado_corrigido_v1
j01552,montecarlo,perda_fonte,heuristico,162,-10,1.1939544630802135,{},592.6122638850534,592.6122638850534,1,14.754610453615202,14.754610453615202,150,150,150,150,57.93978528855198,56.5039066455025,60,24.16369944991276,850,0,0,0.02416369944991276,500,150,60,nan,0,nan,nan,nan,nan,nan,4.25e-05,8.1e-06,9.3e-06,1.205e-05,4.25e-05,nan,nan,nan,nan,nan,nan,nan,nan,nan,nan,0,05_resultados\revisao_operacional\campanha_v1\j01552.mat,campanha_v1
j01553,montecarlo,perda_fonte,heuristico_foresight,162,-10,1.1939544630802135,{},350.75486469384924,350.75486469384924,1,14.583866245597928,14.583866245597928,150,150,150,150,50.44199676511537,50.44199676511537,60,45.40051536570636,704.5341526898399,0,0,0.04540051536570636,500,150,57.048647942350996,nan,0,nan,nan,nan,nan,nan,4.53e-05,8.7e-06,1.01e-05,1.59e-05,4.53e-05,nan,nan,nan,nan,nan,nan,nan,nan,nan,nan,0,05_resultados\revisao_operacional\campanha_v1\j01553.mat,campanha_v1
j01554,montecarlo,perda_fonte,miope_qp,162,-10,1.1939544630802135,{},592.6116232891053,592.6116232891053,1,14.754610001373313,14.75461000137331,150,150,150,150,57.9147667951044,56.47501255161039,60,24.32134429297718,1150.0008251042025,0,0,0.02432134429297718,500,150,59.99996967342122,nan,0,nan,nan,nan,nan,nan,0.0015017,0.0006179,0.00074025,0.0008665999999999999,0.0015017,0.00135,0.0005499999999999999,0.0006577499999999999,0.00078465,0.00135,nan,nan,nan,nan,nan,0,05_resultados\revisao_operacional\campanha_v1\j01554.mat,campanha_v1
j01555,montecarlo,perda_fonte,mpc_qp_v5,162,-10,1.1939544630802135,{},350.00214663973793,350.00214663973793,1,14.583334848810466,14.583334848810464,150,150,150,150,49.1615871499639,49.1615871499639,60,51.482461037671,1420.7264774192336,0,2.75,0.051482461037671,500,150,56.448212232113015,7.105427357601002e-15,0,0,0,0.002269030038917208,333283.2021354289,4843142611315303.0,0.0256344,0.03170135,0.037560750000000004,0.04468835,0.100537,0.0180691,0.02601115,0.031445600000000004,0.03866555,0.0942578,0.0052201,0.00528995,0.0060656,0.00687225,0.0113877,0,05_resultados\revisao_operacional\campanha_v1\j01555.mat,campanha_v1
j01556,montecarlo,perda_fonte,mpc_qp_estocastico_3cen,162,-10,1.1939544630802135,{},350.0000000679019,350.0000000679019,1,14.583333333393245,14.583333333393245,150,150,150,150,39.149623796660414,39.149623796660414,60,99.03928696586323,3039.4717442947667,0,0.5833333333333334,0.09903928696586323,500,150,51.5937131923608,7.105427357601002e-15,0,0,0,0.022416331718773108,666566.4042708572,9686285222630616.0,0.0531032,0.05758325,0.08072675,0.12595085,0.1902535,0.0377054,0.0447831,0.06682915,0.11333245,0.1772684,0.012031,0.012396399999999998,0.0137372,0.0152769,0.0168558,0,05_resultados\revisao_operacional\evento_adiantado_corrigido_v1\j01556.mat,evento_adiantado_corrigido_v1
j01557,montecarlo,perda_fonte,heuristico,163,1,1.1422498033667146,{},592.6122638850534,592.6122638850534,1,14.754610453615202,14.754610453615202,150,150,150,150,57.93978528855198,56.5039066455025,60,24.16369944991276,850,0,0,0.02416369944991276,500,150,60,nan,0,nan,nan,nan,nan,nan,3.78e-05,8.2e-06,1.295e-05,1.66e-05,4.3e-05,nan,nan,nan,nan,nan,nan,nan,nan,nan,nan,0,05_resultados\revisao_operacional\campanha_v1\j01557.mat,campanha_v1
j01558,montecarlo,perda_fonte,heuristico_foresight,163,1,1.1422498033667146,{},558.2296465606807,558.2296465606807,1,14.730337337372974,14.730337337372973,150,150,150,150,53.01553585188024,53.01553585188024,60,33.17620470356011,743.3126474749641,0,0,0.03317620470356011,500,150,58.34758520210171,nan,0,nan,nan,nan,nan,nan,4.06e-05,8.8e-06,1.26e-05,1.87e-05,4.06e-05,nan,nan,nan,nan,nan,nan,nan,nan,nan,nan,0,05_resultados\revisao_operacional\campanha_v1\j01558.mat,campanha_v1
j01559,montecarlo,perda_fonte,miope_qp,163,1,1.1422498033667146,{},592.6116232891053,592.6116232891053,1,14.754610001373313,14.75461000137331,150,150,150,150,57.9147667951044,56.47501255161039,60,24.32134429297718,1150.0008251042025,0,0,0.02432134429297718,500,150,59.99996967342122,nan,0,nan,nan,nan,nan,nan,0.0012177,0.000613,0.00076095,0.0009646500000000001,0.0012219,0.0010813,0.0005452499999999999,0.0006669,0.0008719999999999999,0.0011393,nan,nan,nan,nan,nan,0,05_resultados\revisao_operacional\campanha_v1\j01559.mat,campanha_v1
j01560,montecarlo,perda_fonte,mpc_qp_v5,163,1,1.1422498033667146,{},350.6093780899432,350.6093780899432,1,14.58376353635363,14.58376353635363,150,150,150,150,51.70833831185995,51.70833831185995,60,39.385393018665106,1361.3363268209234,0,2.5833333333333335,0.03938539301866511,500,150,57.82471156779301,7.105427357601002e-15,0,0,0,0.6587427973209969,333283.2021354289,4843142611315303.0,0.0266632,0.0313835,0.03723925,0.04612895,0.0979182,0.01832,0.02554895,0.0311774,0.040199200000000004,0.0918237,0.0057997,0.0054503,0.00613415,0.0068173,0.0104524,0,05_resultados\revisao_operacional\campanha_v1\j01560.mat,campanha_v1
j01561,montecarlo,perda_fonte,mpc_qp_estocastico_3cen,163,1,1.1422498033667146,{},350.00002095592504,350.00002095592504,1,14.58333334814272,14.58333334814272,150,150,150,150,41.85339289094406,41.85339289094406,60,86.1963837680153,2521.0564231563567,0,0.5,0.08619638376801529,500,150,52.86157615821176,7.105427357601002e-15,0,0,0,1.261923898709938e-11,666566.4042708572,9686285222630616.0,0.053316,0.0634869,0.07720574999999999,0.1155482,0.1538524,0.0366346,0.05067325,0.06387545,0.1008297,0.1396116,0.0135197,0.012469049999999999,0.013648549999999999,0.015060549999999999,0.018153,0,05_resultados\revisao_operacional\evento_adiantado_corrigido_v1\j01561.mat,evento_adiantado_corrigido_v1
j01562,montecarlo,perda_fonte,heuristico,164,-1,1.0285666317721,{},592.6122638850534,592.6122638850534,1,14.754610453615202,14.754610453615202,150,150,150,150,57.93978528855198,56.5039066455025,60,24.16369944991276,850,0,0,0.02416369944991276,500,150,60,nan,0,nan,nan,nan,nan,nan,3.85e-05,8.1e-06,9.4e-06,1.5700000000000002e-05,3.85e-05,nan,nan,nan,nan,nan,nan,nan,nan,nan,nan,0,05_resultados\revisao_operacional\campanha_v1\j01562.mat,campanha_v1
j01563,montecarlo,perda_fonte,heuristico_foresight,164,-1,1.0285666317721,{},357.5611184157917,357.5611184157917,1,14.588671260475307,14.588671260475307,150,150,150,150,57.51825123023475,56.08693814614288,60,26.12027056419938,850.0000000000001,0,0,0.02612027056419938,500,150,59.64974938179165,nan,0,nan,nan,nan,nan,nan,4.32e-05,9.2e-06,1.16e-05,1.985e-05,6.37e-05,nan,nan,nan,nan,nan,nan,nan,nan,nan,nan,0,05_resultados\revisao_operacional\campanha_v1\j01563.mat,campanha_v1
j01564,montecarlo,perda_fonte,miope_qp,164,-1,1.0285666317721,{},592.6116232891053,592.6116232891053,1,14.754610001373313,14.75461000137331,150,150,150,150,57.9147667951044,56.47501255161039,60,24.32134429297718,1150.0008251042025,0,0,0.02432134429297718,500,150,59.99996967342122,nan,0,nan,nan,nan,nan,nan,0.0012462,0.0006205,0.0007679,0.00088255,0.0012646,0.001096,0.0005510000000000001,0.0006836,0.00077795,0.0011403,nan,nan,nan,nan,nan,0,05_resultados\revisao_operacional\campanha_v1\j01564.mat,campanha_v1
j01565,montecarlo,perda_fonte,mpc_qp_v5,164,-1,1.0285666317721,{},350.0415298722079,350.0415298722079,1,14.583362652218947,14.583362652218941,150,150,150,150,56.574202081498306,55.77691180083121,60,24.25593358114166,1607.0696050172387,0,2,0.024255933581141663,500,150,59.4296177272658,0.008329931200883323,868,0,0,0.00042066624911285544,333283.200808402,4015243775612013.0,0.0233282,0.02973425,0.03873835,0.0464065,0.0549541,0.0162144,0.023696599999999998,0.030622,0.0395114,0.0456826,0.005012,0.0057811500000000005,0.00724385,0.009826350000000001,0.0280532,0,05_resultados\revisao_operacional\campanha_v1\j01565.mat,campanha_v1
j01566,montecarlo,perda_fonte,mpc_qp_estocastico_3cen,164,-1,1.0285666317721,{},350.00002813287693,350.00002813287693,1,14.58333335321433,14.583333353214325,150,150,150,150,47.987827821108034,47.987827821108034,60,57.057817849736175,1570.9385444638592,0,0.16666666666666669,0.057057817849736174,500,150,55.60045827722407,0.12579231754993003,117,0,0,7.958078640513122e-13,666566.4042708572,8858386386927326.0,0.0486619,0.0529502,0.06578365,0.10700470000000001,0.1367637,0.0330632,0.03998825,0.052859500000000004,0.09429515,0.1241895,0.0125271,0.0124907,0.013907349999999999,0.01532325,0.0172036,0,05_resultados\revisao_operacional\evento_adiantado_corrigido_v1\j01566.mat,evento_adiantado_corrigido_v1
j01567,montecarlo,perda_fonte,heuristico,165,6,1.117226492595945,{},592.6122638850534,592.6122638850534,1,14.754610453615202,14.754610453615202,150,150,150,150,57.93978528855198,56.5039066455025,60,24.16369944991276,850,0,0,0.02416369944991276,500,150,60,nan,0,nan,nan,nan,nan,nan,4e-05,8.2e-06,9.3e-06,1.485e-05,4e-05,nan,nan,nan,nan,nan,nan,nan,nan,nan,nan,0,05_resultados\revisao_operacional\campanha_v1\j01567.mat,campanha_v1
j01568,montecarlo,perda_fonte,heuristico_foresight,165,6,1.117226492595945,{},569.6127004531726,569.6127004531726,1,14.73837343851435,14.73837343851435,150,150,150,150,54.06036196972461,54.06036196972461,60,28.21328064380812,762.0801305530413,0,0,0.028213280643808118,500,150,58.894650206484435,nan,0,nan,nan,nan,nan,nan,4.97e-05,9.1e-06,1.0549999999999999e-05,1.91e-05,4.97e-05,nan,nan,nan,nan,nan,nan,nan,nan,nan,nan,0,05_resultados\revisao_operacional\campanha_v1\j01568.mat,campanha_v1
j01569,montecarlo,perda_fonte,miope_qp,165,6,1.117226492595945,{},592.6116232891053,592.6116232891053,1,14.754610001373313,14.75461000137331,150,150,150,150,57.9147667951044,56.47501255161039,60,24.32134429297718,1150.0008251042025,0,0,0.02432134429297718,500,150,59.99996967342122,nan,0,nan,nan,nan,nan,nan,0.0013187,0.0006175,0.00074325,0.0009431999999999999,0.0013187,0.0011679,0.0005486,0.0006509,0.0008198000000000001,0.0011679,nan,nan,nan,nan,nan,0,05_resultados\revisao_operacional\campanha_v1\j01569.mat,campanha_v1
j01570,montecarlo,perda_fonte,mpc_qp_v5,165,6,1.117226492595945,{},357.8571601352722,357.8571601352722,1,14.588880257231658,14.588880257231652,150,150,150,150,52.92528807821225,52.92528807821225,60,33.604881628491654,1642.906694092939,0,2.5833333333333335,0.03360488162849165,500,150,58.57575047810277,7.105427357601002e-15,0,0,0,0.03333584872609663,333283.2021354289,4843142611315303.0,0.0263481,0.030121250000000002,0.03673865,0.04811795,0.0977144,0.0180102,0.024499350000000003,0.0307686,0.042644,0.0921769,0.0060071,0.0052669,0.005922149999999999,0.0065126,0.0152288,0,05_resultados\revisao_operacional\campanha_v1\j01570.mat,campanha_v1
j01571,montecarlo,perda_fonte,mpc_qp_estocastico_3cen,165,6,1.117226492595945,{},350.00006568535207,350.00006568535207,1,14.583333379726804,14.5833333797268,150,150,150,150,43.08506392179253,43.08506392179253,60,80.34594637148594,1578.0553685114087,0,0.4166666666666667,0.08034594637148594,500,150,53.45815694285832,7.105427357601002e-15,0,0,0,4.433786671143025e-12,666566.4042708572,9686285222630616.0,0.0515737,0.06440145,0.078001,0.12527195000000002,0.1513551,0.0357443,0.051479899999999995,0.06557555000000001,0.1120035,0.1376259,0.0125198,0.012462899999999999,0.01408715,0.0151163,0.0171767,0,05_resultados\revisao_operacional\evento_adiantado_corrigido_v1\j01571.mat,evento_adiantado_corrigido_v1
j01572,montecarlo,perda_fonte,heuristico,166,10,1.0404948732023551,{},592.6122638850534,592.6122638850534,1,14.754610453615202,14.754610453615202,150,150,150,150,57.93978528855198,56.5039066455025,60,24.16369944991276,850,0,0,0.02416369944991276,500,150,60,nan,0,nan,nan,nan,nan,nan,3.78e-05,8.1e-06,9.45e-06,1.37e-05,3.78e-05,nan,nan,nan,nan,nan,nan,nan,nan,nan,nan,0,05_resultados\revisao_operacional\campanha_v1\j01572.mat,campanha_v1
j01573,montecarlo,perda_fonte,heuristico_foresight,166,10,1.0404948732023551,{},443.33660581542915,443.33660581542915,1,14.64922623093444,14.64922623093444,150,150,150,150,57.50619713666749,56.09863405257561,60,25.939715008643827,850,0,0,0.025939715008643827,500,150,59.85922318918037,nan,0,nan,nan,nan,nan,nan,4.11e-05,9.1e-06,1.03e-05,1.54e-05,4.11e-05,nan,nan,nan,nan,nan,nan,nan,nan,nan,nan,0,05_resultados\revisao_operacional\campanha_v1\j01573.mat,campanha_v1
j01574,montecarlo,perda_fonte,miope_qp,166,10,1.0404948732023551,{},592.6116232891053,592.6116232891053,1,14.754610001373313,14.75461000137331,150,150,150,150,57.9147667951044,56.47501255161039,60,24.32134429297718,1150.0008251042025,0,0,0.02432134429297718,500,150,59.99996967342122,nan,0,nan,nan,nan,nan,nan,0.0013802,0.0006203,0.00084285,0.0013177,0.0017006,0.0012297,0.0005511,0.00074445,0.0011656000000000001,0.0015238,nan,nan,nan,nan,nan,0,05_resultados\revisao_operacional\campanha_v1\j01574.mat,campanha_v1
j01575,montecarlo,perda_fonte,mpc_qp_v5,166,10,1.0404948732023551,{},369.57927176873886,369.57927176873886,1,14.597155723173758,14.597155723173756,150,150,150,150,56.34939368926308,55.80989096217301,60,22.742505966994656,1777.0397975895278,0,1.9166666666666665,0.022742505966994658,500,150,59.676253898428634,0.005723895730312734,957,0,6.709223178376593e-10,0.0026197551446216494,333283.200808402,4015243775612013.0,0.0246291,0.029598,0.0370568,0.043374300000000005,0.0667818,0.0167016,0.023578349999999998,0.02995645,0.0369003,0.0448397,0.005964,0.00565955,0.006575350000000001,0.0085772,0.0230985,0,05_resultados\revisao_operacional\campanha_v1\j01575.mat,campanha_v1
j01576,montecarlo,perda_fonte,mpc_qp_estocastico_3cen,166,10,1.0404948732023551,{},350.01621577350136,350.01621577350136,1,14.58334478121383,14.58334478121383,150,150,150,150,47.438406414145426,47.438406414145426,60,59.66756953280977,2098.6690129289295,0,0.16666666666666669,0.05966756953280977,500,150,55.53086418103303,0.12775110804424372,116,0,0,4.547473508864641e-12,666566.4042708572,8858386386927326.0,0.0483929,0.05281315,0.0789463,0.10920765,0.141395,0.0328933,0.039944099999999996,0.0657807,0.0958025,0.1279835,0.0122728,0.0124373,0.013186050000000001,0.013976249999999999,0.0154143,0,05_resultados\revisao_operacional\evento_adiantado_corrigido_v1\j01576.mat,evento_adiantado_corrigido_v1
j01577,montecarlo,perda_fonte,heuristico,167,1,0.8240137648340692,{},592.6122638850534,592.6122638850534,1,14.754610453615202,14.754610453615202,150,150,150,150,57.93978528855198,56.5039066455025,60,24.16369944991276,850,0,0,0.02416369944991276,500,150,60,nan,0,nan,nan,nan,nan,nan,6.61e-05,8.8e-06,1.755e-05,2.635e-05,0.0001088,nan,nan,nan,nan,nan,nan,nan,nan,nan,nan,0,05_resultados\revisao_operacional\campanha_v1\j01577.mat,campanha_v1
j01578,montecarlo,perda_fonte,heuristico_foresight,167,1,0.8240137648340692,{},370.5532507924737,370.5532507924737,1,14.597843323684993,14.597843323684993,150,150,150,150,57.56503485596575,56.13372177187387,60,25.89804834197716,850,0,0,0.02589804834197716,500,150,59.694602046846924,nan,0,nan,nan,nan,nan,nan,0.0002506,9.2e-06,1.05e-05,1.815e-05,0.0002506,nan,nan,nan,nan,nan,nan,nan,nan,nan,nan,0,05_resultados\revisao_operacional\campanha_v1\j01578.mat,campanha_v1
j01579,montecarlo,perda_fonte,miope_qp,167,1,0.8240137648340692,{},592.6116232891053,592.6116232891053,1,14.754610001373313,14.75461000137331,150,150,150,150,57.9147667951044,56.47501255161039,60,24.32134429297718,1150.0008251042025,0,0,0.02432134429297718,500,150,59.99996967342122,nan,0,nan,nan,nan,nan,nan,0.0012894,0.00061845,0.0007736500000000001,0.0010695499999999998,0.0015219,0.00114,0.0005496,0.00068335,0.00095965,0.0014136,nan,nan,nan,nan,nan,0,05_resultados\revisao_operacional\campanha_v1\j01579.mat,campanha_v1
j01580,montecarlo,perda_fonte,mpc_qp_v5,167,1,0.8240137648340692,{},350.15498408842905,350.15498408842905,1,14.58813172062358,14.583442747552319,150,150,150,150,57.124224928206395,55.72887238398184,60.05834983771775,28.216083073362405,2008.5161356978629,0,0.75,0.028216083073362406,500,150,59.369812280114054,0.11695634302693492,852,0,0,8.008927068203775e-06,333283.200808402,4015243775612013.0,0.0227159,0.025025850000000002,0.0382228,0.0495737,0.1069144,0.0154935,0.01919955,0.03111365,0.04016135,0.1003935,0.0049323,0.00553425,0.0070998499999999996,0.00976,0.0287744,0,05_resultados\revisao_operacional\campanha_v1\j01580.mat,campanha_v1
j01581,montecarlo,perda_fonte,mpc_qp_estocastico_3cen,167,1,0.8240137648340692,{},350.00003009883585,350.00003009883585,1,14.587896689911176,14.583333354612208,150,150,150,150,56.76755653214807,55.37227920102092,60.03972636814397,29.72302509262946,855.4895580250683,0,0,0.02972302509262946,500,150,59.013255835233686,0.11701890134925463,852,0,0,2.2737367544323206e-13,666566.4016168036,8030487551224027.0,0.042043,0.047220750000000006,0.0630925,0.0998723,0.1149984,0.0268542,0.0347078,0.050261,0.0867153,0.101372,0.0124499,0.01226255,0.0130044,0.01342055,0.0144233,0,05_resultados\revisao_operacional\evento_adiantado_corrigido_v1\j01581.mat,evento_adiantado_corrigido_v1
j01582,montecarlo,perda_fonte,heuristico,168,8,0.9417516761413116,{},592.6122638850534,592.6122638850534,1,14.754610453615202,14.754610453615202,150,150,150,150,57.93978528855198,56.5039066455025,60,24.16369944991276,850,0,0,0.02416369944991276,500,150,60,nan,0,nan,nan,nan,nan,nan,4.05e-05,8.4e-06,1.1e-05,1.695e-05,6.45e-05,nan,nan,nan,nan,nan,nan,nan,nan,nan,nan,0,05_resultados\revisao_operacional\campanha_v1\j01582.mat,campanha_v1
j01583,montecarlo,perda_fonte,heuristico_foresight,168,8,0.9417516761413116,{},427.16266208870786,427.16266208870786,1,14.637807902525346,14.637807902525346,150,150,150,150,57.52473027506906,56.11188941319941,60,25.90452982345864,850,0,0,0.025904529823458637,500,150,59.8280987826856,nan,0,nan,nan,nan,nan,nan,5.41e-05,9.5e-06,1.21e-05,1.735e-05,5.41e-05,nan,nan,nan,nan,nan,nan,nan,nan,nan,nan,0,05_resultados\revisao_operacional\campanha_v1\j01583.mat,campanha_v1
j01584,montecarlo,perda_fonte,miope_qp,168,8,0.9417516761413116,{},592.6116232891053,592.6116232891053,1,14.754610001373313,14.75461000137331,150,150,150,150,57.9147667951044,56.47501255161039,60,24.32134429297718,1150.0008251042025,0,0,0.02432134429297718,500,150,59.99996967342122,nan,0,nan,nan,nan,nan,nan,0.0012976,0.0006234000000000001,0.00089875,0.00125,0.0019642,0.0011513,0.00055335,0.0007811000000000001,0.00114745,0.0018242,nan,nan,nan,nan,nan,0,05_resultados\revisao_operacional\campanha_v1\j01584.mat,campanha_v1
j01585,montecarlo,perda_fonte,mpc_qp_v5,168,8,0.9417516761413116,{},360.55876701073015,360.55876701073015,1,14.593381341435776,14.59078751219978,150,150,150,150,57.24068280222403,55.86432103634449,60.01889461713219,27.077679156170852,1749.951005073214,0,2.083333333333333,0.02707767915617085,500,150,59.6674609589645,0.11708983000496431,853,0,0,0.0025448785643220617,333283.200808402,4015243775612013.0,0.0243774,0.0245854,0.0343385,0.0437924,0.0653023,0.0153934,0.018978599999999998,0.02841215,0.0378926,0.059816,0.0061004,0.005302950000000001,0.0063812,0.006875,0.0095383,0,05_resultados\revisao_operacional\campanha_v1\j01585.mat,campanha_v1
j01586,montecarlo,perda_fonte,mpc_qp_estocastico_3cen,168,8,0.9417516761413116,{},350.0054901103238,350.0054901103238,1,14.583337209202142,14.583337209202142,150,150,150,150,52.623918035062005,52.623918035062005,60,35.045751811825376,1814.520366767262,0,0.33333333333333337,0.03504575181182538,500,150,57.9098442311789,0.13254024716444945,237,0,0,0.017200238965983772,666566.4042708572,8858386386927326.0,0.04963,0.0531867,0.077276,0.10904340000000001,0.1438293,0.0339636,0.04040215,0.0646774,0.09583695,0.1312096,0.0127358,0.0123738,0.0131396,0.0137278,0.0164544,0,05_resultados\revisao_operacional\evento_adiantado_corrigido_v1\j01586.mat,evento_adiantado_corrigido_v1
j01587,montecarlo,perda_fonte,heuristico,169,0,1.093559317033319,{},592.6122638850534,592.6122638850534,1,14.754610453615202,14.754610453615202,150,150,150,150,57.93978528855198,56.5039066455025,60,24.16369944991276,850,0,0,0.02416369944991276,500,150,60,nan,0,nan,nan,nan,nan,nan,4.06e-05,8.2e-06,1.19e-05,2.105e-05,5.55e-05,nan,nan,nan,nan,nan,nan,nan,nan,nan,nan,0,05_resultados\revisao_operacional\campanha_v1\j01587.mat,campanha_v1
j01588,montecarlo,perda_fonte,heuristico_foresight,169,0,1.093559317033319,{},489.73183657719966,489.73183657719966,1,14.681979898834156,14.681979898834156,150,150,150,150,55.23235663567889,55.23235663567889,60,22.646305980530943,779.8305122250107,0,0,0.022646305980530943,500,150,59.403327227924095,nan,0,nan,nan,nan,nan,nan,3.94e-05,8.6e-06,1.13e-05,1.3599999999999999e-05,4.01e-05,nan,nan,nan,nan,nan,nan,nan,nan,nan,nan,0,05_resultados\revisao_operacional\campanha_v1\j01588.mat,campanha_v1
j01589,montecarlo,perda_fonte,miope_qp,169,0,1.093559317033319,{},592.6116232891053,592.6116232891053,1,14.754610001373313,14.75461000137331,150,150,150,150,57.9147667951044,56.47501255161039,60,24.32134429297718,1150.0008251042025,0,0,0.02432134429297718,500,150,59.99996967342122,nan,0,nan,nan,nan,nan,nan,0.0014537,0.00060045,0.00077445,0.0010834999999999998,0.0031543,0.0012713,0.0005331,0.0006875,0.000945,0.0027966,nan,nan,nan,nan,nan,0,05_resultados\revisao_operacional\campanha_v1\j01589.mat,campanha_v1
j01590,montecarlo,perda_fonte,mpc_qp_v5,169,0,1.093559317033319,{},350.5603424555575,350.5603424555575,1,14.583728918632216,14.583728918632215,150,150,150,150,53.88554759055906,53.88554759055906,60,29.043648944844374,2205.743076949783,0,1.8333333333333333,0.029043648944844375,500,150,58.89408222317098,7.105427357601002e-15,0,0,0,1.9288177668386197e-06,333283.2021354289,4843142611315303.0,0.025606,0.0303117,0.042802900000000005,0.0549418,0.1102197,0.0183303,0.02442255,0.035832,0.0469687,0.1038402,0.0051666,0.00562175,0.00707855,0.0096734,0.0251295,0,05_resultados\revisao_operacional\campanha_v1\j01590.mat,campanha_v1
j01591,montecarlo,perda_fonte,mpc_qp_estocastico_3cen,169,0,1.093559317033319,{},350.00063645795,350.00063645795,1,14.583333782669738,14.583333782669737,150,150,150,150,44.3672314233133,44.3672314233133,60,74.25565073926299,3341.290871997381,0,0.5,0.07425565073926299,500,150,54.03118806779679,7.105427357601002e-15,0,0,0,0.022280300995930702,666566.4042708572,9686285222630616.0,0.0488786,0.0609398,0.07894770000000001,0.11246655,0.1537692,0.0333638,0.048046900000000003,0.06389900000000001,0.09976905,0.140921,0.0127286,0.012496549999999999,0.0133436,0.014127250000000001,0.0318656,0,05_resultados\revisao_operacional\evento_adiantado_corrigido_v1\j01591.mat,evento_adiantado_corrigido_v1
j01592,montecarlo,perda_fonte,heuristico,170,-3,0.9866731051783646,{},592.6122638850534,592.6122638850534,1,14.754610453615202,14.754610453615202,150,150,150,150,57.93978528855198,56.5039066455025,60,24.16369944991276,850,0,0,0.02416369944991276,500,150,60,nan,0,nan,nan,nan,nan,nan,4.05e-05,7.9e-06,1.02e-05,1.215e-05,4.5e-05,nan,nan,nan,nan,nan,nan,nan,nan,nan,nan,0,05_resultados\revisao_operacional\campanha_v1\j01592.mat,campanha_v1
j01593,montecarlo,perda_fonte,heuristico_foresight,170,-3,0.9866731051783646,{},352.7815800174326,352.7815800174326,1,14.585297046987337,14.585297046987337,150,150,150,150,57.47146760450376,56.04015452041188,60,26.342492786421605,850,0,0,0.026342492786421604,500,150,59.603676116794965,nan,0,nan,nan,nan,nan,nan,4.18e-05,9e-06,1.25e-05,2.595e-05,5.93e-05,nan,nan,nan,nan,nan,nan,nan,nan,nan,nan,0,05_resultados\revisao_operacional\campanha_v1\j01593.mat,campanha_v1
j01594,montecarlo,perda_fonte,miope_qp,170,-3,0.9866731051783646,{},592.6116232891053,592.6116232891053,1,14.754610001373313,14.75461000137331,150,150,150,150,57.9147667951044,56.47501255161039,60,24.32134429297718,1150.0008251042025,0,0,0.02432134429297718,500,150,59.99996967342122,nan,0,nan,nan,nan,nan,nan,0.0012201,0.0006081,0.0007640500000000001,0.0011324,0.0017007,0.0010858,0.0005406,0.0006677499999999999,0.0010038,0.0015813,nan,nan,nan,nan,nan,0,05_resultados\revisao_operacional\campanha_v1\j01594.mat,campanha_v1
j01595,montecarlo,perda_fonte,mpc_qp_v5,170,-3,0.9866731051783646,{},350.027687723207,350.027687723207,1,14.585276368870927,14.58335288007391,150,150,150,150,57.119412752343216,55.72476677462048,60.003147026659214,27.67911148340478,1633.936585739944,0,2.083333333333333,0.027679111483404777,500,150,59.36576642365833,0.11714132765150964,851,0,0,0.004084781798439963,333283.200808402,4015243775612013.0,0.0234907,0.025866550000000002,0.04092065,0.05112675,0.1033735,0.0157163,0.019944,0.033646350000000005,0.04303735,0.0965511,0.0055044,0.0056744,0.007392050000000001,0.01015975,0.0505476,0,05_resultados\revisao_operacional\campanha_v1\j01595.mat,campanha_v1
j01596,montecarlo,perda_fonte,mpc_qp_estocastico_3cen,170,-3,0.9866731051783646,{},350.00015548810575,350.00015548810575,1,14.583333443112952,14.583333443112952,150,150,150,150,50.20340303550484,50.20340303550484,60,46.53383558135203,2120.2271302908543,0,0.16666666666666669,0.04653383558135203,500,150,56.62044515544677,0.12236002208087626,57,0,0,0.010740793399236281,666566.4042708572,8858386386927326.0,0.0472162,0.0534719,0.07208600000000001,0.11130545,0.1537875,0.031836,0.04053055,0.05621955,0.098236,0.1405237,0.0127815,0.01253395,0.013611,0.0151894,0.0191295,0,05_resultados\revisao_operacional\evento_adiantado_corrigido_v1\j01596.mat,evento_adiantado_corrigido_v1
j01597,montecarlo,perda_fonte,heuristico,171,2,0.8283717234638693,{},592.6122638850534,592.6122638850534,1,14.754610453615202,14.754610453615202,150,150,150,150,57.93978528855198,56.5039066455025,60,24.16369944991276,850,0,0,0.02416369944991276,500,150,60,nan,0,nan,nan,nan,nan,nan,4.07e-05,8.2e-06,1.14e-05,1.71e-05,4.07e-05,nan,nan,nan,nan,nan,nan,nan,nan,nan,nan,0,05_resultados\revisao_operacional\campanha_v1\j01597.mat,campanha_v1
j01598,montecarlo,perda_fonte,heuristico_foresight,171,2,0.8283717234638693,{},378.6403238930874,378.6403238930874,1,14.603552559360063,14.603552559360063,150,150,150,150,57.56161623998138,56.132942044778396,60,25.887863156791976,850,0,0,0.025887863156791976,500,150,59.71601218826426,nan,0,nan,nan,nan,nan,nan,4.12e-05,9.2e-06,1.335e-05,1.8049999999999998e-05,5.02e-05,nan,nan,nan,nan,nan,nan,nan,nan,nan,nan,0,05_resultados\revisao_operacional\campanha_v1\j01598.mat,campanha_v1
j01599,montecarlo,perda_fonte,miope_qp,171,2,0.8283717234638693,{},592.6116232891053,592.6116232891053,1,14.754610001373313,14.75461000137331,150,150,150,150,57.9147667951044,56.47501255161039,60,24.32134429297718,1150.0008251042025,0,0,0.02432134429297718,500,150,59.99996967342122,nan,0,nan,nan,nan,nan,nan,0.0012826,0.00060565,0.0007239,0.00087725,0.0012826,0.0011445,0.0005386,0.0006443,0.0007898499999999999,0.0011445,nan,nan,nan,nan,nan,0,05_resultados\revisao_operacional\campanha_v1\j01599.mat,campanha_v1
j01600,montecarlo,perda_fonte,mpc_qp_v5,171,2,0.8283717234638693,{},350.69964956858735,350.69964956858735,1,14.588441207443509,14.583827265355522,150,150,150,150,57.12965782830541,55.736959169354,60.05707638678086,28.15095176031584,2149.4353676681258,0,0.8333333333333334,0.028150951760315842,500,150,59.40118504461898,0.11696113337772118,852,0,0,0.0014724737388291942,333283.200808402,4015243775612013.0,0.0222537,0.023156299999999998,0.037896200000000005,0.04361645,0.1407813,0.0145552,0.01755635,0.03124425,0.03693185,0.1346288,0.0055508,0.0056159999999999995,0.00685405,0.00773425,0.0128008,0,05_resultados\revisao_operacional\campanha_v1\j01600.mat,campanha_v1
j01601,montecarlo,perda_fonte,mpc_qp_estocastico_3cen,171,2,0.8283717234638693,{},350.0000490324535,350.0000490324535,1,14.587967742805713,14.58333336797074,150,150,150,150,56.76330611727031,55.37065085977419,60.03828735499304,29.702550260126536,855.2778352982385,0,0,0.029702550260126536,500,150,59.03499449365954,0.11702407745891463,897,0,0,3.126388037344441e-13,666566.4016168036,8030487551224027.0,0.0426126,0.0469919,0.06323645,0.0991564,0.1146589,0.0270366,0.034543950000000004,0.04999775,0.08625065,0.1016328,0.0127543,0.012202,0.0129666,0.0132515,0.0147633,0,05_resultados\revisao_operacional\evento_adiantado_corrigido_v1\j01601.mat,evento_adiantado_corrigido_v1
j01602,montecarlo,perda_fonte,heuristico,172,0,0.9329723711268134,{},592.6122638850534,592.6122638850534,1,14.754610453615202,14.754610453615202,150,150,150,150,57.93978528855198,56.5039066455025,60,24.16369944991276,850,0,0,0.02416369944991276,500,150,60,nan,0,nan,nan,nan,nan,nan,4.08e-05,8e-06,1.0549999999999999e-05,1.29e-05,4.08e-05,nan,nan,nan,nan,nan,nan,nan,nan,nan,nan,0,05_resultados\revisao_operacional\campanha_v1\j01602.mat,campanha_v1
j01603,montecarlo,perda_fonte,heuristico_foresight,172,0,0.9329723711268134,{},362.4661767623983,362.4661767623983,1,14.59213408735375,14.59213408735375,150,150,150,150,57.54164304310025,56.110329959008375,60,26.00915945308827,850,0,0,0.02600915945308827,500,150,59.672412178472214,nan,0,nan,nan,nan,nan,nan,4.19e-05,9.1e-06,1.15e-05,1.615e-05,4.49e-05,nan,nan,nan,nan,nan,nan,nan,nan,nan,nan,0,05_resultados\revisao_operacional\campanha_v1\j01603.mat,campanha_v1
j01604,montecarlo,perda_fonte,miope_qp,172,0,0.9329723711268134,{},592.6116232891053,592.6116232891053,1,14.754610001373313,14.75461000137331,150,150,150,150,57.9147667951044,56.47501255161039,60,24.32134429297718,1150.0008251042025,0,0,0.02432134429297718,500,150,59.99996967342122,nan,0,nan,nan,nan,nan,nan,0.0012055,0.0005756,0.0006626,0.00078305,0.0012055,0.001073,0.00051275,0.0005870999999999999,0.0007027,0.001073,nan,nan,nan,nan,nan,0,05_resultados\revisao_operacional\campanha_v1\j01604.mat,campanha_v1
j01605,montecarlo,perda_fonte,mpc_qp_v5,172,0,0.9329723711268134,{},350.19829472489783,350.19829472489783,1,14.586149640813073,14.583473323587087,150,150,150,150,57.228136683099635,55.833282811597826,60.02133002611491,27.346823730097412,1636.1976404420955,0,2.083333333333333,0.027346823730097412,500,150,59.47424364165643,0.1170802797443784,853,0,0,0.005197861927115355,333283.200808402,4015243775612013.0,0.0206939,0.02355825,0.033136700000000005,0.04136205,0.0976975,0.0135586,0.0180466,0.0272476,0.0355713,0.0922574,0.0052087,0.00516895,0.0058965,0.0064066,0.0082743,0,05_resultados\revisao_operacional\campanha_v1\j01605.mat,campanha_v1
j01606,montecarlo,perda_fonte,mpc_qp_estocastico_3cen,172,0,0.9329723711268134,{},350.0000117058081,350.0000117058081,1,14.583333341609062,14.583333341609062,150,150,150,150,52.93379672576122,52.93379672576122,60,33.56446555263496,814.0441389334628,0,0,0.03356446555263495,500,150,57.82677852962433,7.105427357601002e-15,0,0,0,1.1482370609883219e-11,666566.4042708572,8858386386927326.0,0.0488724,0.053767999999999996,0.0647063,0.1054738,0.1494326,0.0335321,0.04085495,0.05139395,0.0923975,0.135539,0.012158,0.0125016,0.013291850000000001,0.0138834,0.0178842,0,05_resultados\revisao_operacional\evento_adiantado_corrigido_v1\j01606.mat,evento_adiantado_corrigido_v1
j01607,montecarlo,perda_fonte,heuristico,173,-2,0.9294973159771911,{},592.6122638850534,592.6122638850534,1,14.754610453615202,14.754610453615202,150,150,150,150,57.93978528855198,56.5039066455025,60,24.16369944991276,850,0,0,0.02416369944991276,500,150,60,nan,0,nan,nan,nan,nan,nan,3.72e-05,8.5e-06,9.7e-06,1.43e-05,5.4e-05,nan,nan,nan,nan,nan,nan,nan,nan,nan,nan,0,05_resultados\revisao_operacional\campanha_v1\j01607.mat,campanha_v1
j01608,montecarlo,perda_fonte,heuristico_foresight,173,-2,0.9294973159771911,{},354.5860501408955,354.5860501408955,1,14.586570949804251,14.586570949804251,150,150,150,150,57.494859417369256,56.06354633327738,60,26.231381675310494,850,0,0,0.026231381675310493,500,150,59.62679973959374,nan,0,nan,nan,nan,nan,nan,4.03e-05,9.1e-06,1.15e-05,1.61e-05,5.85e-05,nan,nan,nan,nan,nan,nan,nan,nan,nan,nan,0,05_resultados\revisao_operacional\campanha_v1\j01608.mat,campanha_v1
j01609,montecarlo,perda_fonte,miope_qp,173,-2,0.9294973159771911,{},592.6116232891053,592.6116232891053,1,14.754610001373313,14.75461000137331,150,150,150,150,57.9147667951044,56.47501255161039,60,24.32134429297718,1150.0008251042025,0,0,0.02432134429297718,500,150,59.99996967342122,nan,0,nan,nan,nan,nan,nan,0.0013999,0.000605,0.0007096,0.00092165,0.003251,0.0012468,0.0005382,0.0006312500000000001,0.00082,0.0030449,nan,nan,nan,nan,nan,0,05_resultados\revisao_operacional\campanha_v1\j01609.mat,campanha_v1
j01610,montecarlo,perda_fonte,mpc_qp_v5,173,-2,0.9294973159771911,{},350.0334523658114,350.0334523658114,1,14.586105709625985,14.583356949730995,150,150,150,150,57.143090061815904,55.74821827258469,60.02234217781949,27.761109429079312,1906.0232657394658,0,1.5833333333333335,0.027761109429079313,500,150,59.389202714579184,0.11707646429401564,853,0,3.308722450212111e-24,0.00020917285036148314,333283.200808402,4015243775612013.0,0.0270817,0.0234611,0.033692849999999996,0.04209855,0.0985342,0.0183334,0.017928399999999997,0.02774675,0.03582925,0.0929075,0.0060344,0.0052924,0.006407100000000001,0.0075923,0.0189537,0,05_resultados\revisao_operacional\campanha_v1\j01610.mat,campanha_v1
j01611,montecarlo,perda_fonte,mpc_qp_estocastico_3cen,173,-2,0.9294973159771911,{},350.0002151401772,350.0002151401772,1,14.583333485227866,14.583333485227863,150,150,150,150,53.15952291900645,53.15952291900645,60,32.49226613472003,1772.622715918138,0,0.16666666666666669,0.03249226613472003,500,150,57.954099814903124,7.105427357601002e-15,0,0,0,0.018391891024464257,666566.4042708572,8858386386927326.0,0.0503462,0.052877499999999994,0.06431595,0.11100045,0.3147337,0.0344771,0.03989645,0.051386600000000004,0.0979328,0.3022989,0.012659,0.0125483,0.0132517,0.01376525,0.0153661,0,05_resultados\revisao_operacional\evento_adiantado_corrigido_v1\j01611.mat,evento_adiantado_corrigido_v1
j01612,montecarlo,perda_fonte,heuristico,174,-12,1.0833579450018354,{},592.6122638850534,592.6122638850534,1,14.754610453615202,14.754610453615202,150,150,150,150,57.93978528855198,56.5039066455025,60,24.16369944991276,850,0,0,0.02416369944991276,500,150,60,nan,0,nan,nan,nan,nan,nan,3.98e-05,8.1e-06,9.4e-06,1.4400000000000001e-05,3.98e-05,nan,nan,nan,nan,nan,nan,nan,nan,nan,nan,0,05_resultados\revisao_operacional\campanha_v1\j01612.mat,campanha_v1
j01613,montecarlo,perda_fonte,heuristico_foresight,174,-12,1.0833579450018354,{},350.3533374294499,350.3533374294499,1,14.583582779162802,14.583582779162802,150,150,150,150,55.429102655259946,55.429102655259946,60,21.71176238752484,787.4815412486234,0,0,0.021711762387524838,500,150,59.37539241029974,nan,0,nan,nan,nan,nan,nan,3.92e-05,8.7e-06,1.165e-05,2.095e-05,4.16e-05,nan,nan,nan,nan,nan,nan,nan,nan,nan,nan,0,05_resultados\revisao_operacional\campanha_v1\j01613.mat,campanha_v1
j01614,montecarlo,perda_fonte,miope_qp,174,-12,1.0833579450018354,{},592.6116232891053,592.6116232891053,1,14.754610001373313,14.75461000137331,150,150,150,150,57.9147667951044,56.47501255161039,60,24.32134429297718,1150.0008251042025,0,0,0.02432134429297718,500,150,59.99996967342122,nan,0,nan,nan,nan,nan,nan,0.001287,0.00058895,0.0007898499999999999,0.0011293,0.0028431,0.0011363,0.0005216999999999999,0.00070345,0.00100475,0.0026654,nan,nan,nan,nan,nan,0,05_resultados\revisao_operacional\campanha_v1\j01614.mat,campanha_v1
j01615,montecarlo,perda_fonte,mpc_qp_v5,174,-12,1.0833579450018354,{},350.0004790128991,350.0004790128991,1,14.583333671513996,14.583333671513994,150,150,150,150,54.07188902465468,54.07188902465468,60,28.158527132890608,1519.357841769455,0,2,0.028158527132890607,500,150,58.85550509235383,7.105427357601002e-15,0,0,0,0.004767944926470591,333283.2021354289,4843142611315303.0,0.0271198,0.028923400000000002,0.037378049999999996,0.04789225,0.0563397,0.019012,0.02318425,0.030560900000000002,0.04118305,0.0504219,0.0061391,0.0053262,0.00628765,0.00736485,0.0181681,0,05_resultados\revisao_operacional\campanha_v1\j01615.mat,campanha_v1
j01616,montecarlo,perda_fonte,mpc_qp_estocastico_3cen,174,-12,1.0833579450018354,{},350.0000003366648,350.0000003366648,1,14.583333333597697,14.583333333597693,150,150,150,150,44.67084727316403,44.67084727316403,60,72.8134754524711,2609.4321002614042,0,0.25,0.07281347545247109,500,150,54.054076454675084,7.105427357601002e-15,0,0,0,0.0005459699176526556,666566.4042708572,9686285222630616.0,0.0495356,0.058985949999999995,0.07839065,0.10915285,0.1628413,0.0331336,0.046134549999999996,0.0654305,0.09623585,0.1498662,0.0132571,0.01248355,0.013289849999999999,0.01447515,0.0166419,0,05_resultados\revisao_operacional\evento_adiantado_corrigido_v1\j01616.mat,evento_adiantado_corrigido_v1
j01617,montecarlo,perda_fonte,heuristico,175,0,1.149942512109098,{},592.6122638850534,592.6122638850534,1,14.754610453615202,14.754610453615202,150,150,150,150,57.93978528855198,56.5039066455025,60,24.16369944991276,850,0,0,0.02416369944991276,500,150,60,nan,0,nan,nan,nan,nan,nan,3.91e-05,8.1e-06,9.9e-06,1.72e-05,4.11e-05,nan,nan,nan,nan,nan,nan,nan,nan,nan,nan,0,05_resultados\revisao_operacional\campanha_v1\j01617.mat,campanha_v1
j01618,montecarlo,perda_fonte,heuristico_foresight,175,0,1.149942512109098,{},474.17517285524616,474.17517285524616,1,14.670997351947113,14.670997351947111,150,150,150,150,52.64204710616296,52.64204710616296,60,34.950276245724346,737.5431159181765,0,0,0.034950276245724346,500,150,58.17163871398671,nan,0,nan,nan,nan,nan,nan,3.95e-05,8.3e-06,9.5e-06,1.995e-05,4.38e-05,nan,nan,nan,nan,nan,nan,nan,nan,nan,nan,0,05_resultados\revisao_operacional\campanha_v1\j01618.mat,campanha_v1
j01619,montecarlo,perda_fonte,miope_qp,175,0,1.149942512109098,{},592.6116232891053,592.6116232891053,1,14.754610001373313,14.75461000137331,150,150,150,150,57.9147667951044,56.47501255161039,60,24.32134429297718,1150.0008251042025,0,0,0.02432134429297718,500,150,59.99996967342122,nan,0,nan,nan,nan,nan,nan,0.0012753,0.00057215,0.00068615,0.000844,0.0012753,0.001134,0.0005093,0.00060275,0.00075635,0.001134,nan,nan,nan,nan,nan,0,05_resultados\revisao_operacional\campanha_v1\j01619.mat,campanha_v1
j01620,montecarlo,perda_fonte,mpc_qp_v5,175,0,1.149942512109098,{},350.0751196977691,350.0751196977691,1,14.58338636563661,14.583386365636608,150,150,150,150,51.26721120555181,51.26721120555181,60,41.480746773627885,1364.7915913216962,0,2.25,0.04148074677362788,500,150,57.55758555115044,7.105427357601002e-15,0,0,0,1.9667822925839573e-11,333283.2021354289,4843142611315303.0,0.0252494,0.031035149999999997,0.0372156,0.04457165,0.0562031,0.0172987,0.0254639,0.03143825,0.03918465,0.0487002,0.0055262,0.0052087999999999995,0.0061016,0.006862,0.0100522,0,05_resultados\revisao_operacional\campanha_v1\j01620.mat,campanha_v1
j01621,montecarlo,perda_fonte,mpc_qp_estocastico_3cen,175,0,1.149942512109098,{},350.0000270846567,350.0000270846567,1,14.583333352469763,14.583333352469761,150,150,150,150,41.43619898879618,41.43619898879618,60,88.17805480321768,1925.417107916819,0,0.25,0.08817805480321768,500,150,52.6574340423116,7.105427357601002e-15,0,0,0,1.1937117960769683e-11,666566.4042708572,9686285222630616.0,0.0524331,0.05895575,0.07879095,0.11210525,0.1447531,0.0361879,0.04606515,0.06480169999999999,0.09882205,0.1320095,0.0130763,0.01247675,0.0135931,0.0150477,0.0163255,0,05_resultados\revisao_operacional\evento_adiantado_corrigido_v1\j01621.mat,evento_adiantado_corrigido_v1
j01622,montecarlo,perda_fonte,heuristico,176,-8,0.8196242198086472,{},592.6122638850534,592.6122638850534,1,14.754610453615202,14.754610453615202,150,150,150,150,57.93978528855198,56.5039066455025,60,24.16369944991276,850,0,0,0.02416369944991276,500,150,60,nan,0,nan,nan,nan,nan,nan,3.63e-05,8.1e-06,1.12e-05,1.77e-05,5.92e-05,nan,nan,nan,nan,nan,nan,nan,nan,nan,nan,0,05_resultados\revisao_operacional\campanha_v1\j01622.mat,campanha_v1
j01623,montecarlo,perda_fonte,heuristico_foresight,176,-8,0.8196242198086472,{},350.22832599190326,350.22832599190326,1,14.583494524765921,14.583494524765921,150,150,150,150,57.35450854017627,55.92319545608439,60,26.89804834197716,850,0,0,0.02689804834197716,500,150,59.48709653082988,nan,0,nan,nan,nan,nan,nan,4.25e-05,9e-06,1e-05,1.135e-05,4.25e-05,nan,nan,nan,nan,nan,nan,nan,nan,nan,nan,0,05_resultados\revisao_operacional\campanha_v1\j01623.mat,campanha_v1
j01624,montecarlo,perda_fonte,miope_qp,176,-8,0.8196242198086472,{},592.6116232891053,592.6116232891053,1,14.754610001373313,14.75461000137331,150,150,150,150,57.9147667951044,56.47501255161039,60,24.32134429297718,1150.0008251042025,0,0,0.02432134429297718,500,150,59.99996967342122,nan,0,nan,nan,nan,nan,nan,0.0012198,0.0005991,0.0007048,0.0008275,0.0012198,0.0010867,0.00053225,0.00062655,0.00074015,0.0010867,nan,nan,nan,nan,nan,0,05_resultados\revisao_operacional\campanha_v1\j01624.mat,campanha_v1
j01625,montecarlo,perda_fonte,mpc_qp_v5,176,-8,0.8196242198086472,{},350.0402428895785,350.0402428895785,1,14.588123169460497,14.583361743642294,150,150,150,150,56.9353933209255,55.540022628925115,60.05791357187303,29.108846525705907,2137.719431891535,0,1,0.029108846525705907,500,150,59.180978442638725,0.11695293702349119,852,0,2.168404344971009e-19,70.70370568945441,333283.200808402,4015243775612013.0,0.0246291,0.022926750000000003,0.03423085,0.0412589,0.5654008,0.0158646,0.01753085,0.028272699999999998,0.0354311,0.5599494,0.0061731,0.005145,0.006161949999999999,0.00695095,0.0091971,0,05_resultados\revisao_operacional\campanha_v1\j01625.mat,campanha_v1
j01626,montecarlo,perda_fonte,mpc_qp_estocastico_3cen,176,-8,0.8196242198086472,{},350.0000003390451,350.0000003390451,1,14.588110399397332,14.5833333335891,150,150,150,150,56.55753809169293,55.16221236220331,60.03998486508969,30.72368567597057,855.6595636777324,0,0,0.030723685675970572,500,150,58.80318778559157,0.11701468030419448,852,0,0,3.410605131648481e-13,666566.4016168036,8030487551224027.0,0.0419877,0.0472829,0.06503010000000001,0.09890215,0.1126832,0.0268649,0.03470625,0.05134635,0.08563155,0.0988235,0.0122876,0.01232305,0.0130743,0.01362675,0.0152093,0,05_resultados\revisao_operacional\evento_adiantado_corrigido_v1\j01626.mat,evento_adiantado_corrigido_v1
j01627,montecarlo,perda_fonte,heuristico,177,4,0.8631119136832345,{},592.6122638850534,592.6122638850534,1,14.754610453615202,14.754610453615202,150,150,150,150,57.93978528855198,56.5039066455025,60,24.16369944991276,850,0,0,0.02416369944991276,500,150,60,nan,0,nan,nan,nan,nan,nan,3.79e-05,8.1e-06,9.3e-06,1.0399999999999999e-05,3.82e-05,nan,nan,nan,nan,nan,nan,nan,nan,nan,nan,0,05_resultados\revisao_operacional\campanha_v1\j01627.mat,campanha_v1
j01628,montecarlo,perda_fonte,heuristico_foresight,177,4,0.8631119136832345,{},394.81446450292935,394.81446450292935,1,14.614971026762849,14.614971026762849,150,150,150,150,57.55243982672598,56.12904340930077,60,25.878603897532717,850.0000000000001,0,0,0.02587860389753272,500,150,59.7564932906434,nan,0,nan,nan,nan,nan,nan,4.64e-05,9.3e-06,1.02e-05,1.23e-05,4.64e-05,nan,nan,nan,nan,nan,nan,nan,nan,nan,nan,0,05_resultados\revisao_operacional\campanha_v1\j01628.mat,campanha_v1
j01629,montecarlo,perda_fonte,miope_qp,177,4,0.8631119136832345,{},592.6116232891053,592.6116232891053,1,14.754610001373313,14.75461000137331,150,150,150,150,57.9147667951044,56.47501255161039,60,24.32134429297718,1150.0008251042025,0,0,0.02432134429297718,500,150,59.99996967342122,nan,0,nan,nan,nan,nan,nan,0.0013108,0.00061445,0.000714,0.00088495,0.0013108,0.0011623,0.0005467,0.00063095,0.00079155,0.0011623,nan,nan,nan,nan,nan,0,05_resultados\revisao_operacional\campanha_v1\j01629.mat,campanha_v1
j01630,montecarlo,perda_fonte,mpc_qp_v5,177,4,0.8631119136832345,{},350.4110786363716,350.4110786363716,1,14.587722164802548,14.583623542766816,150,150,150,150,57.083739106633004,55.69644859706448,60.04557927351375,28.199790624093858,1854.7789347079063,0,0.6666666666666667,0.02819979062409386,500,150,59.40750970036723,0.11700040440754123,852,0,0,0.005656052062647632,333283.200808402,4015243775612013.0,0.0231458,0.02253925,0.0339662,0.0400032,0.100159,0.0146741,0.01732765,0.028574950000000002,0.03449855,0.0948116,0.0060519,0.00501005,0.005882699999999999,0.0066913,0.0093371,0,05_resultados\revisao_operacional\campanha_v1\j01630.mat,campanha_v1
j01631,montecarlo,perda_fonte,mpc_qp_estocastico_3cen,177,4,0.8631119136832345,{},350.00158533002667,350.00158533002667,1,14.583334452563747,14.583334452563747,150,150,150,150,56.13570433761138,55.46666976727506,60.025861580432135,25.313509274435237,1457.6518999718949,0,0.08333333333333334,0.025313509274435236,500,150,59.183818186552315,0.11706610029450104,1073,0,0,2.2168933355715126e-12,666566.4016168036,8030487551224027.0,0.0427276,0.0526148,0.0677562,0.10509655,0.3224421,0.0270082,0.0400628,0.05484875,0.09227725,0.309803,0.0131683,0.0122739,0.01300375,0.0133992,0.0151009,0,05_resultados\revisao_operacional\evento_adiantado_corrigido_v1\j01631.mat,evento_adiantado_corrigido_v1
j01632,montecarlo,perda_fonte,heuristico,178,11,1.0622980284986896,{},592.6122638850534,592.6122638850534,1,14.754610453615202,14.754610453615202,150,150,150,150,57.93978528855198,56.5039066455025,60,24.16369944991276,850,0,0,0.02416369944991276,500,150,60,nan,0,nan,nan,nan,nan,nan,4.04e-05,8.1e-06,9.4e-06,1.37e-05,4.04e-05,nan,nan,nan,nan,nan,nan,nan,nan,nan,nan,0,05_resultados\revisao_operacional\campanha_v1\j01632.mat,campanha_v1
j01633,montecarlo,perda_fonte,heuristico_foresight,178,11,1.0622980284986896,{},451.4234686378691,451.4234686378691,1,14.654935318159309,14.654935318159309,150,150,150,150,57.49576097682343,56.090836781620446,60,25.962863156791975,850,0,0,0.025962863156791974,500,150,59.87361581799073,nan,0,nan,nan,nan,nan,nan,4.43e-05,9.2e-06,1.16e-05,2.08e-05,6.03e-05,nan,nan,nan,nan,nan,nan,nan,nan,nan,nan,0,05_resultados\revisao_operacional\campanha_v1\j01633.mat,campanha_v1
j01634,montecarlo,perda_fonte,miope_qp,178,11,1.0622980284986896,{},592.6116232891053,592.6116232891053,1,14.754610001373313,14.75461000137331,150,150,150,150,57.9147667951044,56.47501255161039,60,24.32134429297718,1150.0008251042025,0,0,0.02432134429297718,500,150,59.99996967342122,nan,0,nan,nan,nan,nan,nan,0.001269,0.0005908,0.00071635,0.00086495,0.001269,0.0011256,0.00052575,0.00064175,0.0007829499999999999,0.0011256,nan,nan,nan,nan,nan,0,05_resultados\revisao_operacional\campanha_v1\j01634.mat,campanha_v1
j01635,montecarlo,perda_fonte,mpc_qp_v5,178,11,1.0622980284986896,{},372.13455555465873,372.13455555465873,1,14.598959678331301,14.598959678331296,150,150,150,150,55.928550369519904,55.832364996833824,60,20.302505068649626,1477.754240753074,0,2.3333333333333335,0.020302505068649626,500,150,59.736431731067455,0.0009564525251803957,922,0,5.237233240083827e-10,0.0009119033210254202,333283.200808402,4015243775612013.0,0.0234882,0.02885345,0.03539975,0.043233900000000006,0.0714222,0.0157137,0.02315115,0.0288273,0.037050200000000005,0.0430295,0.0055702,0.00525705,0.0060783,0.0066488499999999996,0.0402004,0,05_resultados\revisao_operacional\campanha_v1\j01635.mat,campanha_v1
j01636,montecarlo,perda_fonte,mpc_qp_estocastico_3cen,178,11,1.0622980284986896,{},350.0119802598816,350.0119802598816,1,14.58334179107138,14.583341791071378,150,150,150,150,46.25165061363292,46.25165061363292,60,65.30465958524324,1581.5049715271657,0,0.08333333333333334,0.06530465958524324,500,150,54.97150092237744,0.12342285291904886,58,0,0,1.3642420526593924e-12,666566.4042708572,8858386386927326.0,0.049021,0.05298505,0.08079549999999999,0.1099308,0.1304677,0.0332434,0.040096599999999996,0.06756255,0.0969796,0.117308,0.0131066,0.012404100000000001,0.0131333,0.01361625,0.0143235,0,05_resultados\revisao_operacional\evento_adiantado_corrigido_v1\j01636.mat,evento_adiantado_corrigido_v1
j01637,montecarlo,perda_fonte,heuristico,179,2,0.827305722706828,{},592.6122638850534,592.6122638850534,1,14.754610453615202,14.754610453615202,150,150,150,150,57.93978528855198,56.5039066455025,60,24.16369944991276,850,0,0,0.02416369944991276,500,150,60,nan,0,nan,nan,nan,nan,nan,3.88e-05,8.2e-06,9.6e-06,1.16e-05,3.88e-05,nan,nan,nan,nan,nan,nan,nan,nan,nan,nan,0,05_resultados\revisao_operacional\campanha_v1\j01637.mat,campanha_v1
j01638,montecarlo,perda_fonte,heuristico_foresight,179,2,0.827305722706828,{},378.6403238930874,378.6403238930874,1,14.603552559360063,14.603552559360063,150,150,150,150,57.56161623998138,56.132942044778396,60,25.887863156791976,850,0,0,0.025887863156791976,500,150,59.71601218826426,nan,0,nan,nan,nan,nan,nan,4.57e-05,9.2e-06,1.06e-05,1.825e-05,4.57e-05,nan,nan,nan,nan,nan,nan,nan,nan,nan,nan,0,05_resultados\revisao_operacional\campanha_v1\j01638.mat,campanha_v1
j01639,montecarlo,perda_fonte,miope_qp,179,2,0.827305722706828,{},592.6116232891053,592.6116232891053,1,14.754610001373313,14.75461000137331,150,150,150,150,57.9147667951044,56.47501255161039,60,24.32134429297718,1150.0008251042025,0,0,0.02432134429297718,500,150,59.99996967342122,nan,0,nan,nan,nan,nan,nan,0.0014153,0.0006137499999999999,0.00077205,0.00093475,0.0014153,0.0012644,0.00054565,0.0006876,0.0008413,0.0012644,nan,nan,nan,nan,nan,0,05_resultados\revisao_operacional\campanha_v1\j01639.mat,campanha_v1
j01640,montecarlo,perda_fonte,mpc_qp_v5,179,2,0.827305722706828,{},350.3713628555274,350.3713628555274,1,14.588225190884275,14.583595504595156,150,150,150,150,57.134414482084466,55.74171182066489,60.05743912192859,28.132029856519214,1907.5776901107047,0,0.9166666666666666,0.028132029856519213,500,150,59.405986220928725,0.11695992040203151,852,0,0,0.003260594774985748,333283.200808402,4015243775612013.0,0.0232811,0.0230422,0.0342094,0.04044345,0.1030262,0.0145754,0.017587600000000002,0.028265400000000003,0.0347793,0.0970048,0.0060094,0.0051924499999999995,0.0062565,0.0071533,0.0097186,0,05_resultados\revisao_operacional\campanha_v1\j01640.mat,campanha_v1
j01641,montecarlo,perda_fonte,mpc_qp_estocastico_3cen,179,2,0.827305722706828,{},350.00004917711044,350.00004917711044,1,14.588077717354725,14.583333368071331,150,150,150,150,56.76376867246186,55.37109087056473,60.03867423652728,29.704452769503586,855.3320260160327,0,0,0.029704452769503585,500,150,59.03543421856061,0.11702278338812988,897,0,0,2.2737367544323206e-13,666566.4016168036,8030487551224027.0,0.0432394,0.0466009,0.0635625,0.10198360000000001,0.1189846,0.0273866,0.03406825,0.049222749999999996,0.0873563,0.1019681,0.0133917,0.01230245,0.0137208,0.01537255,0.0175818,0,05_resultados\revisao_operacional\evento_adiantado_corrigido_v1\j01641.mat,evento_adiantado_corrigido_v1
j01642,montecarlo,perda_fonte,heuristico,180,-6,1.096378743250734,{},592.6122638850534,592.6122638850534,1,14.754610453615202,14.754610453615202,150,150,150,150,57.93978528855198,56.5039066455025,60,24.16369944991276,850,0,0,0.02416369944991276,500,150,60,nan,0,nan,nan,nan,nan,nan,3.86e-05,8.1e-06,9.9e-06,1.09e-05,4.96e-05,nan,nan,nan,nan,nan,nan,nan,nan,nan,nan,0,05_resultados\revisao_operacional\campanha_v1\j01642.mat,campanha_v1
j01643,montecarlo,perda_fonte,heuristico_foresight,180,-6,1.096378743250734,{},356.91810880648256,356.91810880648256,1,14.588217314609453,14.588217314609453,150,150,150,150,54.97029700788178,54.97029700788178,60,23.89108921255852,777.7159425619495,0,0,0.02389108921255852,500,150,59.228828946400995,nan,0,nan,nan,nan,nan,nan,4.27e-05,8.9e-06,1.115e-05,1.99e-05,4.27e-05,nan,nan,nan,nan,nan,nan,nan,nan,nan,nan,0,05_resultados\revisao_operacional\campanha_v1\j01643.mat,campanha_v1
j01644,montecarlo,perda_fonte,miope_qp,180,-6,1.096378743250734,{},592.6116232891053,592.6116232891053,1,14.754610001373313,14.75461000137331,150,150,150,150,57.9147667951044,56.47501255161039,60,24.32134429297718,1150.0008251042025,0,0,0.02432134429297718,500,150,59.99996967342122,nan,0,nan,nan,nan,nan,nan,0.001296,0.00062135,0.0008096,0.0010444,0.0013329,0.0011474,0.0005523500000000001,0.0007153,0.00093655,0.0011797,nan,nan,nan,nan,nan,0,05_resultados\revisao_operacional\campanha_v1\j01644.mat,campanha_v1
j01645,montecarlo,perda_fonte,mpc_qp_v5,180,-6,1.096378743250734,{},350.00606754761964,350.00606754761964,1,14.583337616855646,14.583337616855644,150,150,150,150,53.56962765958863,53.56962765958863,60,30.544268616953556,1606.5489157015704,0,1.8333333333333333,0.030544268616953557,500,150,58.64169878033041,7.105427357601002e-15,0,0,0,1.002549720396928e-05,333283.2021354289,4843142611315303.0,0.0283198,0.0303496,0.0377689,0.0493581,0.1042822,0.0195874,0.024509700000000002,0.03140675,0.042967099999999994,0.0975116,0.0060236,0.0054367,0.0064383,0.00772345,0.020243,0,05_resultados\revisao_operacional\campanha_v1\j01645.mat,campanha_v1
j01646,montecarlo,perda_fonte,mpc_qp_estocastico_3cen,180,-6,1.096378743250734,{},350.00001073757005,350.00001073757005,1,14.583333340924717,14.583333340924714,150,150,150,150,44.103023534225805,44.103023534225805,60,75.51063821242766,2627.6497340400592,0,0.25,0.07551063821242766,500,150,53.84462509349326,7.105427357601002e-15,0,0,0,4.888534022029489e-12,666566.4042708572,9686285222630616.0,0.0502155,0.06399235,0.07698695,0.11377509999999999,0.160764,0.0339894,0.05123845,0.0605109,0.09970555,0.1468034,0.0125447,0.012543200000000001,0.01393935,0.0155844,0.027685,0,05_resultados\revisao_operacional\evento_adiantado_corrigido_v1\j01646.mat,evento_adiantado_corrigido_v1
j01647,montecarlo,perda_fonte,heuristico,181,-9,1.1532586606614847,{},592.6122638850534,592.6122638850534,1,14.754610453615202,14.754610453615202,150,150,150,150,57.93978528855198,56.5039066455025,60,24.16369944991276,850,0,0,0.02416369944991276,500,150,60,nan,0,nan,nan,nan,nan,nan,4.4e-05,8.4e-06,9.4e-06,1.235e-05,4.4e-05,nan,nan,nan,nan,nan,nan,nan,nan,nan,nan,0,05_resultados\revisao_operacional\campanha_v1\j01647.mat,campanha_v1
j01648,montecarlo,perda_fonte,heuristico_foresight,181,-9,1.1532586606614847,{},351.3692973094924,351.3692973094924,1,14.584300016947035,14.58430001694703,150,150,150,150,52.313354120981536,52.313354120981536,60,36.511567925334475,735.0560045038865,0,0,0.03651156792533448,500,150,57.94096840812311,nan,0,nan,nan,nan,nan,nan,4.19e-05,8.7e-06,9.8e-06,1.49e-05,4.19e-05,nan,nan,nan,nan,nan,nan,nan,nan,nan,nan,0,05_resultados\revisao_operacional\campanha_v1\j01648.mat,campanha_v1
j01649,montecarlo,perda_fonte,miope_qp,181,-9,1.1532586606614847,{},592.6116232891053,592.6116232891053,1,14.754610001373313,14.75461000137331,150,150,150,150,57.9147667951044,56.47501255161039,60,24.32134429297718,1150.0008251042025,0,0,0.02432134429297718,500,150,59.99996967342122,nan,0,nan,nan,nan,nan,nan,0.0012995,0.0005934499999999999,0.0007268000000000001,0.0008695,0.0012995,0.0011547,0.0005272,0.0006432,0.000775,0.0011547,nan,nan,nan,nan,nan,0,05_resultados\revisao_operacional\campanha_v1\j01649.mat,campanha_v1
j01650,montecarlo,perda_fonte,mpc_qp_v5,181,-9,1.1532586606614847,{},350.0025393565828,350.0025393565828,1,14.58333512605098,14.583335126050978,150,150,150,150,50.982279614631516,50.982279614631516,60,42.8341718304998,1450.4933669518061,0,2.3333333333333335,0.0428341718304998,500,150,57.347454782654346,7.105427357601002e-15,0,0,0,0.0014080816827117815,333283.2021354289,4843142611315303.0,0.0254127,0.0311059,0.03663645,0.04653665,0.0995819,0.0173271,0.025383,0.03043705,0.03993325,0.0933499,0.0057324,0.00539465,0.00621795,0.00680595,0.0211872,0,05_resultados\revisao_operacional\campanha_v1\j01650.mat,campanha_v1
j01651,montecarlo,perda_fonte,mpc_qp_estocastico_3cen,181,-9,1.1532586606614847,{},350.00000197979466,350.00000197979466,1,14.583333334745822,14.583333334745817,150,150,150,150,41.15958071819783,41.15958071819783,60,89.49199158856052,1888.8570207747,0,0.16666666666666669,0.08949199158856053,500,150,52.472718096316,7.105427357601002e-15,0,0,0,0.0010896187768594245,666566.4042708572,9686285222630616.0,0.0537445,0.0589982,0.07696015,0.11544180000000001,0.1412446,0.0367969,0.04606755,0.0625267,0.10237485,0.1287234,0.0135576,0.012582300000000001,0.0146195,0.015725549999999998,0.0179706,0,05_resultados\revisao_operacional\evento_adiantado_corrigido_v1\j01651.mat,evento_adiantado_corrigido_v1
j01652,montecarlo,perda_fonte,heuristico,182,13,1.1283417452528168,{},592.6122638850534,592.6122638850534,1,14.754610453615202,14.754610453615202,150,150,150,150,57.93978528855198,56.5039066455025,60,24.16369944991276,850,0,0,0.02416369944991276,500,150,60,nan,0,nan,nan,nan,nan,nan,5.02e-05,8e-06,1.03e-05,1.145e-05,5.02e-05,nan,nan,nan,nan,nan,nan,nan,nan,nan,nan,0,05_resultados\revisao_operacional\campanha_v1\j01652.mat,campanha_v1
j01653,montecarlo,perda_fonte,heuristico_foresight,182,13,1.1283417452528168,{},564.5563943080388,564.5563943080388,1,14.734803835140086,14.734803835140086,150,150,150,150,53.40685702614837,53.40685702614837,60,31.31742912577997,753.7436910603874,0,0,0.03131742912577997,500,150,58.651646161209264,nan,0,nan,nan,nan,nan,nan,4.94e-05,8.5e-06,1.15e-05,2.005e-05,4.94e-05,nan,nan,nan,nan,nan,nan,nan,nan,nan,nan,0,05_resultados\revisao_operacional\campanha_v1\j01653.mat,campanha_v1
j01654,montecarlo,perda_fonte,miope_qp,182,13,1.1283417452528168,{},592.6116232891053,592.6116232891053,1,14.754610001373313,14.75461000137331,150,150,150,150,57.9147667951044,56.47501255161039,60,24.32134429297718,1150.0008251042025,0,0,0.02432134429297718,500,150,59.99996967342122,nan,0,nan,nan,nan,nan,nan,0.0012946,0.0006119999999999999,0.0008072,0.0009758999999999999,0.0012946,0.0011481,0.0005435,0.0007182,0.00087065,0.0011481,nan,nan,nan,nan,nan,0,05_resultados\revisao_operacional\campanha_v1\j01654.mat,campanha_v1
j01655,montecarlo,perda_fonte,mpc_qp_v5,182,13,1.1283417452528168,{},564.0138915923471,564.0138915923471,1,14.734420844204493,14.73442084420449,150,150,150,150,52.32923482471798,52.32923482471798,60,36.43613458258939,1531.261308928689,0,2.4166666666666665,0.03643613458258939,500,150,58.34608872366758,7.105427357601002e-15,0,0,0,1.6325812453032995e-06,333283.2021354289,4843142611315303.0,0.0284772,0.030373749999999998,0.03767235,0.046635800000000005,0.0724172,0.0197163,0.0248725,0.031339599999999995,0.0408925,0.0663418,0.0059461,0.0051651,0.00601525,0.00683315,0.0111936,0,05_resultados\revisao_operacional\campanha_v1\j01655.mat,campanha_v1
j01656,montecarlo,perda_fonte,mpc_qp_estocastico_3cen,182,13,1.1283417452528168,{},350.003357650715,350.003357650715,1,14.583335703755267,14.583335703755267,150,150,150,150,42.536626724973566,42.536626724973566,60,82.95102305637553,1842.9083975637493,0,0.4166666666666667,0.08295102305637553,500,150,53.289326717914356,7.105427357601002e-15,0,0,0,3.979039320256561e-12,666566.4042708572,9686285222630616.0,0.0546294,0.06529595,0.07948825000000001,0.1213582,0.1577583,0.0379763,0.05240935,0.06647639999999999,0.10851915000000001,0.144627,0.0133895,0.0126237,0.0142086,0.0150867,0.0175443,0,05_resultados\revisao_operacional\evento_adiantado_corrigido_v1\j01656.mat,evento_adiantado_corrigido_v1
j01657,montecarlo,perda_fonte,heuristico,183,1,1.1927376460871764,{},592.6122638850534,592.6122638850534,1,14.754610453615202,14.754610453615202,150,150,150,150,57.93978528855198,56.5039066455025,60,24.16369944991276,850,0,0,0.02416369944991276,500,150,60,nan,0,nan,nan,nan,nan,nan,3.81e-05,8e-06,1.01e-05,1.3150000000000001e-05,3.93e-05,nan,nan,nan,nan,nan,nan,nan,nan,nan,nan,0,05_resultados\revisao_operacional\campanha_v1\j01657.mat,campanha_v1
j01658,montecarlo,perda_fonte,heuristico_foresight,183,1,1.1927376460871764,{},535.2628281461488,535.2628281461488,1,14.714123439290967,14.714123439290965,150,150,150,150,50.69385128408762,50.69385128408762,60,44.20420640057906,705.4467654346178,0,0,0.04420420640057906,500,150,57.243809120986484,nan,0,nan,nan,nan,nan,nan,4.29e-05,8.3e-06,1.11e-05,1.23e-05,4.29e-05,nan,nan,nan,nan,nan,nan,nan,nan,nan,nan,0,05_resultados\revisao_operacional\campanha_v1\j01658.mat,campanha_v1
j01659,montecarlo,perda_fonte,miope_qp,183,1,1.1927376460871764,{},592.6116232891053,592.6116232891053,1,14.754610001373313,14.75461000137331,150,150,150,150,57.9147667951044,56.47501255161039,60,24.32134429297718,1150.0008251042025,0,0,0.02432134429297718,500,150,59.99996967342122,nan,0,nan,nan,nan,nan,nan,0.0012372,0.0005887,0.00068285,0.00077875,0.0012372,0.0011018,0.0005238,0.000608,0.0007019999999999999,0.0011018,nan,nan,nan,nan,nan,0,05_resultados\revisao_operacional\campanha_v1\j01659.mat,campanha_v1
j01660,montecarlo,perda_fonte,mpc_qp_v5,183,1,1.1927376460871764,{},350.3074832596826,350.3074832596826,1,14.58355040748018,14.583550407480175,150,150,150,150,49.35596120989808,49.35596120989808,60,50.55918425298324,1716.3409379666082,0,2.4166666666666665,0.050559184252983246,500,150,56.61525734103052,7.105427357601002e-15,0,0,0,7.636574991920497e-06,333283.2021354289,4843142611315303.0,0.0246829,0.030036,0.03468415,0.04282135,0.0465017,0.0169157,0.02459525,0.0291654,0.03708265,0.0410194,0.0057283,0.0051331,0.00576515,0.00614195,0.0066643,0,05_resultados\revisao_operacional\campanha_v1\j01660.mat,campanha_v1
j01661,montecarlo,perda_fonte,mpc_qp_estocastico_3cen,183,1,1.1927376460871764,{},350.00058695369216,350.00058695369216,1,14.583333747716138,14.583333747716138,150,150,150,150,39.272226634873434,39.272226634873434,60,98.4569234843515,2485.2763377242495,0,0.4166666666666667,0.0984569234843515,500,150,51.68240692089312,7.105427357601002e-15,0,0,0,0.032169694677918415,666566.4042708572,9686285222630616.0,0.0533285,0.05744275,0.07604385,0.12288850000000001,0.1773664,0.0372588,0.0444662,0.06324460000000001,0.10990665,0.1646287,0.013239,0.0125407,0.01329435,0.013885950000000001,0.0183658,0,05_resultados\revisao_operacional\evento_adiantado_corrigido_v1\j01661.mat,evento_adiantado_corrigido_v1
j01662,montecarlo,perda_fonte,heuristico,184,1,0.9635814577975628,{},592.6122638850534,592.6122638850534,1,14.754610453615202,14.754610453615202,150,150,150,150,57.93978528855198,56.5039066455025,60,24.16369944991276,850,0,0,0.02416369944991276,500,150,60,nan,0,nan,nan,nan,nan,nan,4.59e-05,8.3e-06,1.06e-05,1.7100000000000002e-05,0.0002151,nan,nan,nan,nan,nan,nan,nan,nan,nan,nan,0,05_resultados\revisao_operacional\campanha_v1\j01662.mat,campanha_v1
j01663,montecarlo,perda_fonte,heuristico_foresight,184,1,0.9635814577975628,{},370.5532507924737,370.5532507924737,1,14.597843323684993,14.597843323684993,150,150,150,150,57.56503485596575,56.13372177187387,60,25.89804834197716,850,0,0,0.02589804834197716,500,150,59.694602046846924,nan,0,nan,nan,nan,nan,nan,4.77e-05,9.2e-06,1.255e-05,2.075e-05,4.77e-05,nan,nan,nan,nan,nan,nan,nan,nan,nan,nan,0,05_resultados\revisao_operacional\campanha_v1\j01663.mat,campanha_v1
j01664,montecarlo,perda_fonte,miope_qp,184,1,0.9635814577975628,{},592.6116232891053,592.6116232891053,1,14.754610001373313,14.75461000137331,150,150,150,150,57.9147667951044,56.47501255161039,60,24.32134429297718,1150.0008251042025,0,0,0.02432134429297718,500,150,59.99996967342122,nan,0,nan,nan,nan,nan,nan,0.0013382,0.00063845,0.0011219,0.00158565,0.0020978,0.0011809,0.000567,0.0009880499999999999,0.0013857499999999998,0.0018927,nan,nan,nan,nan,nan,0,05_resultados\revisao_operacional\campanha_v1\j01664.mat,campanha_v1
j01665,montecarlo,perda_fonte,mpc_qp_v5,184,1,0.9635814577975628,{},350.2148318856626,350.2148318856626,1,14.585837517777735,14.583484998346695,150,150,150,150,57.27360580575081,55.87885129327986,60.011029166453135,27.026706365594578,1835.1979051476924,0,1.9166666666666665,0.027026706365594576,500,150,59.51981735801281,0.11711501495089749,853,0,0,0.001707216483225693,333283.200808402,4015243775612013.0,0.032118,0.02320885,0.03548115,0.040806300000000004,0.0993304,0.0205684,0.01781445,0.028793850000000003,0.03540995,0.0936246,0.0080402,0.0051105000000000005,0.006549650000000001,0.00759455,0.02887,0,05_resultados\revisao_operacional\campanha_v1\j01665.mat,campanha_v1
j01666,montecarlo,perda_fonte,mpc_qp_estocastico_3cen,184,1,0.9635814577975628,{},350.00020550758586,350.00020550758586,1,14.583333478432031,14.58333347843203,150,150,150,150,51.481191359170076,51.481191359170076,60,40.46434104394208,1538.0680937727261,0,0.16666666666666669,0.04046434104394208,500,150,57.24203651993879,0.12160167934527522,117,0,0,0.0007838140285798545,666566.4042708572,8858386386927326.0,0.0474388,0.0540885,0.06744775,0.10947570000000001,0.1392851,0.0315977,0.0408757,0.053089899999999995,0.09644245,0.1259725,0.0130048,0.01273205,0.01390975,0.01588775,0.030428,0,05_resultados\revisao_operacional\evento_adiantado_corrigido_v1\j01666.mat,evento_adiantado_corrigido_v1
j01667,montecarlo,perda_fonte,heuristico,185,4,1.1901489138858117,{},592.6122638850534,592.6122638850534,1,14.754610453615202,14.754610453615202,150,150,150,150,57.93978528855198,56.5039066455025,60,24.16369944991276,850,0,0,0.02416369944991276,500,150,60,nan,0,nan,nan,nan,nan,nan,4.1e-05,8e-06,9.6e-06,1.535e-05,5.15e-05,nan,nan,nan,nan,nan,nan,nan,nan,nan,nan,0,05_resultados\revisao_operacional\campanha_v1\j01667.mat,campanha_v1
j01668,montecarlo,perda_fonte,heuristico_foresight,185,4,1.1901489138858117,{},536.4404372335836,536.4404372335836,1,14.71495479665965,14.714954796659645,150,150,150,150,50.75896641732253,50.75896641732253,60,43.89490951772066,707.3883145856413,0,0,0.04389490951772066,500,150,57.300404541395615,nan,0,nan,nan,nan,nan,nan,5.06e-05,8.5e-06,9.7e-06,1.2499999999999999e-05,5.06e-05,nan,nan,nan,nan,nan,nan,nan,nan,nan,nan,0,05_resultados\revisao_operacional\campanha_v1\j01668.mat,campanha_v1
j01669,montecarlo,perda_fonte,miope_qp,185,4,1.1901489138858117,{},592.6116232891053,592.6116232891053,1,14.754610001373313,14.75461000137331,150,150,150,150,57.9147667951044,56.47501255161039,60,24.32134429297718,1150.0008251042025,0,0,0.02432134429297718,500,150,59.99996967342122,nan,0,nan,nan,nan,nan,nan,0.001238,0.0005978,0.00090465,0.0013212,0.0024485,0.0011035,0.0005302,0.00079435,0.0011598,0.0022196,nan,nan,nan,nan,nan,0,05_resultados\revisao_operacional\campanha_v1\j01669.mat,campanha_v1
j01670,montecarlo,perda_fonte,mpc_qp_v5,185,4,1.1901489138858117,{},351.531878001227,351.531878001227,1,14.584414794144386,14.584414794144385,150,150,150,150,49.516127180542234,49.516127180542234,60,49.79839589242423,1459.3505846260293,0,2.5833333333333335,0.049798395892424234,500,150,56.76996614200545,7.105427357601002e-15,0,0,0,0.0022683825021658777,333283.2021354289,4843142611315303.0,0.0262126,0.030283650000000002,0.04009115,0.04929525,0.0803554,0.0175522,0.024788400000000002,0.03394415,0.040904800000000005,0.0748065,0.0065848,0.00512465,0.0064822000000000005,0.00775405,0.0198785,0,05_resultados\revisao_operacional\campanha_v1\j01670.mat,campanha_v1
j01671,montecarlo,perda_fonte,mpc_qp_estocastico_3cen,185,4,1.1901489138858117,{},350.0002047412805,350.0002047412805,1,14.583333477886356,14.583333477886356,150,150,150,150,39.42706122709884,39.42706122709884,60,97.72145917127976,2857.280709361832,0,0.5833333333333334,0.09772145917127976,500,150,51.78751296309379,7.105427357601002e-15,0,0,0,0.0013034013796868749,666566.4042708572,9686285222630616.0,0.0537458,0.05759725,0.0815466,0.12451955,0.1658753,0.0383242,0.0446607,0.06751025,0.1113469,0.152996,0.0122678,0.0124716,0.0131987,0.01395345,0.014527,0,05_resultados\revisao_operacional\evento_adiantado_corrigido_v1\j01671.mat,evento_adiantado_corrigido_v1
j01672,montecarlo,perda_fonte,heuristico,186,-9,0.8411127572451752,{},592.6122638850534,592.6122638850534,1,14.754610453615202,14.754610453615202,150,150,150,150,57.93978528855198,56.5039066455025,60,24.16369944991276,850,0,0,0.02416369944991276,500,150,60,nan,0,nan,nan,nan,nan,nan,5.19e-05,7.8e-06,1e-05,1.0500000000000001e-05,5.19e-05,nan,nan,nan,nan,nan,nan,nan,nan,nan,nan,0,05_resultados\revisao_operacional\campanha_v1\j01672.mat,campanha_v1
j01673,montecarlo,perda_fonte,heuristico_foresight,186,-9,0.8411127572451752,{},350.13848671449864,350.13848671449864,1,14.583431100879281,14.583431100879281,150,150,150,150,57.33111672731077,55.899803643218895,60,27.00915945308827,850.0000000000001,0,0,0.02700915945308827,500,150,59.46371807036157,nan,0,nan,nan,nan,nan,nan,4.05e-05,8.9e-06,9.9e-06,1.235e-05,4.1e-05,nan,nan,nan,nan,nan,nan,nan,nan,nan,nan,0,05_resultados\revisao_operacional\campanha_v1\j01673.mat,campanha_v1
j01674,montecarlo,perda_fonte,miope_qp,186,-9,0.8411127572451752,{},592.6116232891053,592.6116232891053,1,14.754610001373313,14.75461000137331,150,150,150,150,57.9147667951044,56.47501255161039,60,24.32134429297718,1150.0008251042025,0,0,0.02432134429297718,500,150,59.99996967342122,nan,0,nan,nan,nan,nan,nan,0.001206,0.0005632,0.0006418,0.0007930000000000001,0.001206,0.0010633,0.0005015,0.0005686,0.0007174,0.0010633,nan,nan,nan,nan,nan,0,05_resultados\revisao_operacional\campanha_v1\j01674.mat,campanha_v1
j01675,montecarlo,perda_fonte,mpc_qp_v5,186,-9,0.8411127572451752,{},350.0011444531115,350.0011444531115,1,14.58777825830577,14.58333414129916,150,150,150,150,56.897177364916146,55.5018873437095,60.05067506576575,29.217084242780267,1765.4647420749143,0,1.0833333333333335,0.029217084242780265,500,150,59.1428543557758,0.11697733187603632,852,0,0,0.0034018125941202015,333283.200808402,4015243775612013.0,0.0209226,0.02250395,0.03550805,0.040463650000000004,0.1228705,0.0135933,0.0170177,0.02956475,0.0351369,0.1173472,0.0050414,0.00510465,0.005900000000000001,0.00650635,0.0116123,0,05_resultados\revisao_operacional\campanha_v1\j01675.mat,campanha_v1
j01676,montecarlo,perda_fonte,mpc_qp_estocastico_3cen,186,-9,0.8411127572451752,{},350.0000032285399,350.0000032285399,1,14.583333335636388,14.583333335636386,150,150,150,150,56.4385364004421,55.23096109756452,60.03234496815334,29.332469548616828,1511.527692773757,0,0.08333333333333334,0.02933246954861683,500,150,58.87315880530853,0.11704062759172729,899,0,0,1.0118128557223827e-11,666566.4016168036,8030487551224027.0,0.0435583,0.051368,0.0654469,0.1026736,0.2973557,0.0277853,0.03875895,0.0517764,0.089507,0.2845091,0.0133385,0.0123051,0.0135851,0.0148992,0.0170846,0,05_resultados\revisao_operacional\evento_adiantado_corrigido_v1\j01676.mat,evento_adiantado_corrigido_v1
j01677,montecarlo,perda_fonte,heuristico,187,5,0.9287182672095755,{},592.6122638850534,592.6122638850534,1,14.754610453615202,14.754610453615202,150,150,150,150,57.93978528855198,56.5039066455025,60,24.16369944991276,850,0,0,0.02416369944991276,500,150,60,nan,0,nan,nan,nan,nan,nan,3.73e-05,7.9e-06,9.9e-06,1.69e-05,4.92e-05,nan,nan,nan,nan,nan,nan,nan,nan,nan,nan,0,05_resultados\revisao_operacional\campanha_v1\j01677.mat,campanha_v1
j01678,montecarlo,perda_fonte,heuristico_foresight,187,5,0.9287182672095755,{},402.9015293790226,402.9015293790226,1,14.620680256631648,14.620680256631648,150,150,150,150,57.54668202945504,56.12592450091872,60,25.879529823458643,850,0,0,0.025879529823458643,500,150,59.775564251996556,nan,0,nan,nan,nan,nan,nan,4.02e-05,8.7e-06,1.09e-05,1.285e-05,5.84e-05,nan,nan,nan,nan,nan,nan,nan,nan,nan,nan,0,05_resultados\revisao_operacional\campanha_v1\j01678.mat,campanha_v1
j01679,montecarlo,perda_fonte,miope_qp,187,5,0.9287182672095755,{},592.6116232891053,592.6116232891053,1,14.754610001373313,14.75461000137331,150,150,150,150,57.9147667951044,56.47501255161039,60,24.32134429297718,1150.0008251042025,0,0,0.02432134429297718,500,150,59.99996967342122,nan,0,nan,nan,nan,nan,nan,0.0011973,0.0005657500000000001,0.0006582000000000001,0.0008160000000000001,0.0011973,0.0010494,0.00050355,0.0005835,0.00073005,0.0010494,nan,nan,nan,nan,nan,0,05_resultados\revisao_operacional\campanha_v1\j01679.mat,campanha_v1
j01680,montecarlo,perda_fonte,mpc_qp_v5,187,5,0.9287182672095755,{},350.86877320337567,350.86877320337567,1,14.586690260670288,14.583946661667628,150,150,150,150,57.17843525197912,55.794115621391065,60.02317762003497,27.49592475999594,1722.4152593492877,0,1.5,0.02749592475999594,500,150,59.52851699958274,0.11707511916984714,853,0,0,0.0037444036990450513,333283.200808402,4015243775612013.0,0.0211805,0.0223328,0.03182905,0.03918805,0.0432488,0.0135801,0.017188099999999998,0.0261791,0.0339181,0.0374118,0.0055968,0.0049239999999999996,0.0056076500000000005,0.0061267000000000005,0.0088569,0,05_resultados\revisao_operacional\campanha_v1\j01680.mat,campanha_v1
j01681,montecarlo,perda_fonte,mpc_qp_estocastico_3cen,187,5,0.9287182672095755,{},350.0071260954667,350.0071260954667,1,14.583338364159411,14.58333836415941,150,150,150,150,53.265188604667564,53.265188604667564,60,31.990354127829843,1772.1932374555358,0,0.16666666666666669,0.03199035412782984,500,150,58.122899809558554,7.105427357601002e-15,0,0,0,0.021939974693907516,666566.4042708572,8858386386927326.0,0.0493354,0.0545355,0.07666165,0.11190585,0.1990268,0.0344368,0.041595850000000004,0.06378634999999999,0.09902665,0.1860714,0.0122996,0.0125286,0.01329855,0.014245,0.0240314,0,05_resultados\revisao_operacional\evento_adiantado_corrigido_v1\j01681.mat,evento_adiantado_corrigido_v1
j01682,montecarlo,perda_fonte,heuristico,188,-8,0.926861826143357,{},592.6122638850534,592.6122638850534,1,14.754610453615202,14.754610453615202,150,150,150,150,57.93978528855198,56.5039066455025,60,24.16369944991276,850,0,0,0.02416369944991276,500,150,60,nan,0,nan,nan,nan,nan,nan,3.73e-05,8.1e-06,1.02e-05,1.63e-05,6.07e-05,nan,nan,nan,nan,nan,nan,nan,nan,nan,nan,0,05_resultados\revisao_operacional\campanha_v1\j01682.mat,campanha_v1
j01683,montecarlo,perda_fonte,heuristico_foresight,188,-8,0.926861826143357,{},350.22832599190326,350.22832599190326,1,14.583494524765921,14.583494524765921,150,150,150,150,57.35450854017627,55.92319545608439,60,26.89804834197716,850,0,0,0.02689804834197716,500,150,59.48709653082988,nan,0,nan,nan,nan,nan,nan,4.37e-05,8.9e-06,1.11e-05,1.395e-05,4.37e-05,nan,nan,nan,nan,nan,nan,nan,nan,nan,nan,0,05_resultados\revisao_operacional\campanha_v1\j01683.mat,campanha_v1
j01684,montecarlo,perda_fonte,miope_qp,188,-8,0.926861826143357,{},592.6116232891053,592.6116232891053,1,14.754610001373313,14.75461000137331,150,150,150,150,57.9147667951044,56.47501255161039,60,24.32134429297718,1150.0008251042025,0,0,0.02432134429297718,500,150,59.99996967342122,nan,0,nan,nan,nan,nan,nan,0.0013713,0.0006062000000000001,0.0007754999999999999,0.00100075,0.0013713,0.0011703,0.0005384,0.00068505,0.0008598,0.0011703,nan,nan,nan,nan,nan,0,05_resultados\revisao_operacional\campanha_v1\j01684.mat,campanha_v1
j01685,montecarlo,perda_fonte,mpc_qp_v5,188,-8,0.926861826143357,{},350.0024762767319,350.0024762767319,1,14.586153724586707,14.58333508152594,150,150,150,150,57.00014562000625,55.60525700544271,60.022723374544135,28.44408098537799,1767.8348021880588,0,1.7500000000000002,0.02844408098537799,500,150,59.24624536381875,0.1170738927391568,853,0,0,0.0014764347968707625,333283.200808402,4015243775612013.0,0.0273641,0.02305175,0.03368935,0.04121345,0.0568917,0.0187348,0.01772435,0.0279769,0.03547215,0.0515767,0.0060583,0.0050345,0.0061982,0.0072363,0.0121328,0,05_resultados\revisao_operacional\campanha_v1\j01685.mat,campanha_v1
j01686,montecarlo,perda_fonte,mpc_qp_estocastico_3cen,188,-8,0.926861826143357,{},350.00000564182733,350.00000564182733,1,14.583333337328172,14.58333333732817,150,150,150,150,53.26844714796601,53.26844714796601,60,31.97487604716188,1951.597756284565,0,0.16666666666666669,0.031974876047161885,500,150,57.98842171518215,0.11957338243090021,114,0,0,6.821210263296962e-12,666566.4042708572,8858386386927326.0,0.0506557,0.053246299999999996,0.07956305,0.10859674999999999,0.1481594,0.034121,0.04013295,0.06410545000000001,0.09557935000000001,0.1352814,0.013478,0.0126865,0.0134369,0.014433399999999999,0.0183781,0,05_resultados\revisao_operacional\evento_adiantado_corrigido_v1\j01686.mat,evento_adiantado_corrigido_v1
j01687,montecarlo,perda_fonte,heuristico,189,-10,0.8863493877189811,{},592.6122638850534,592.6122638850534,1,14.754610453615202,14.754610453615202,150,150,150,150,57.93978528855198,56.5039066455025,60,24.16369944991276,850,0,0,0.02416369944991276,500,150,60,nan,0,nan,nan,nan,nan,nan,4.48e-05,8e-06,1.005e-05,1.835e-05,4.48e-05,nan,nan,nan,nan,nan,nan,nan,nan,nan,nan,0,05_resultados\revisao_operacional\campanha_v1\j01687.mat,campanha_v1
j01688,montecarlo,perda_fonte,heuristico_foresight,189,-10,0.8863493877189811,{},350.0839964383063,350.0839964383063,1,14.583392632347477,14.583392632347477,150,150,150,150,57.307724914445274,55.8764118303534,60,27.12027056419938,850,0,0,0.02712027056419938,500,150,59.44033435613435,nan,0,nan,nan,nan,nan,nan,4.3e-05,8.6e-06,1.115e-05,2.16e-05,5.51e-05,nan,nan,nan,nan,nan,nan,nan,nan,nan,nan,0,05_resultados\revisao_operacional\campanha_v1\j01688.mat,campanha_v1
j01689,montecarlo,perda_fonte,miope_qp,189,-10,0.8863493877189811,{},592.6116232891053,592.6116232891053,1,14.754610001373313,14.75461000137331,150,150,150,150,57.9147667951044,56.47501255161039,60,24.32134429297718,1150.0008251042025,0,0,0.02432134429297718,500,150,59.99996967342122,nan,0,nan,nan,nan,nan,nan,0.0013568,0.00057105,0.00070445,0.00089335,0.0022372,0.0012117,0.0005074,0.0006277,0.00080655,0.0020751,nan,nan,nan,nan,nan,0,05_resultados\revisao_operacional\campanha_v1\j01689.mat,campanha_v1
j01690,montecarlo,perda_fonte,mpc_qp_v5,189,-10,0.8863493877189811,{},350.00093231100414,350.00093231100414,1,14.587092456816526,14.583333991524094,150,150,150,150,56.868993870892126,55.47388197651348,60.03575272449831,29.19975246807086,1695.8848572992824,0,1.25,0.02919975246807086,500,150,59.11486037019542,0.1170284210434076,852,0,0,0.006550611379793736,333283.200808402,4015243775612013.0,0.0204596,0.0223555,0.0329804,0.039786100000000005,0.0997145,0.0134733,0.0170778,0.02692825,0.0339809,0.0940319,0.0051246,0.005123249999999999,0.0058984499999999995,0.00632715,0.0305334,0,05_resultados\revisao_operacional\campanha_v1\j01690.mat,campanha_v1
j01691,montecarlo,perda_fonte,mpc_qp_estocastico_3cen,189,-10,0.8863493877189811,{},350.00000129480725,350.00000129480725,1,14.583333334256949,14.583333334256949,150,150,150,150,55.28540025084803,55.179153792702635,60.01635511735204,23.621977742070957,1543.339169190977,0,0.16666666666666669,0.023621977742070956,500,150,58.83299551744889,0.11709569293537214,1057,0,0,0.3026259639879072,666566.4016168036,8030487551224027.0,0.0462405,0.05287285,0.062120449999999994,0.1064976,0.1779411,0.0304787,0.040269349999999995,0.04767825,0.0936002,0.1654471,0.0129831,0.0123592,0.01316035,0.014538249999999999,0.0181301,0,05_resultados\revisao_operacional\evento_adiantado_corrigido_v1\j01691.mat,evento_adiantado_corrigido_v1
j01692,montecarlo,perda_fonte,heuristico,190,-7,1.1354311302780402,{},592.6122638850534,592.6122638850534,1,14.754610453615202,14.754610453615202,150,150,150,150,57.93978528855198,56.5039066455025,60,24.16369944991276,850,0,0,0.02416369944991276,500,150,60,nan,0,nan,nan,nan,nan,nan,3.63e-05,7.9e-06,9.1e-06,1.44e-05,4.05e-05,nan,nan,nan,nan,nan,nan,nan,nan,nan,nan,0,05_resultados\revisao_operacional\campanha_v1\j01692.mat,campanha_v1
j01693,montecarlo,perda_fonte,heuristico_foresight,190,-7,1.1354311302780402,{},353.87067047413734,353.87067047413734,1,14.586065912807078,14.586065912807074,150,150,150,150,53.16608606420941,53.16608606420941,60,32.46109119499425,748.4266522914698,0,0,0.032461091194994254,500,150,58.36448381721021,nan,0,nan,nan,nan,nan,nan,4.13e-05,8.3e-06,1.06e-05,1.14e-05,4.13e-05,nan,nan,nan,nan,nan,nan,nan,nan,nan,nan,0,05_resultados\revisao_operacional\campanha_v1\j01693.mat,campanha_v1
j01694,montecarlo,perda_fonte,miope_qp,190,-7,1.1354311302780402,{},592.6116232891053,592.6116232891053,1,14.754610001373313,14.75461000137331,150,150,150,150,57.9147667951044,56.47501255161039,60,24.32134429297718,1150.0008251042025,0,0,0.02432134429297718,500,150,59.99996967342122,nan,0,nan,nan,nan,nan,nan,0.0011918,0.0005659,0.0006691500000000001,0.00083655,0.0011918,0.0010571,0.0005039,0.00059175,0.00076255,0.0010571,nan,nan,nan,nan,nan,0,05_resultados\revisao_operacional\campanha_v1\j01694.mat,campanha_v1
j01695,montecarlo,perda_fonte,mpc_qp_v5,190,-7,1.1354311302780402,{},350.00335252478385,350.00335252478385,1,14.583335700123172,14.583335700123172,150,150,150,150,51.81007880236883,51.81007880236883,60,38.902125688748605,1357.5958943500884,0,2.3333333333333335,0.0389021256887486,500,150,57.77183696132189,7.105427357601002e-15,0,0,0,0.0008376559222824653,333283.2021354289,4843142611315303.0,0.0248325,0.030576649999999997,0.04033745,0.04679525,0.0755834,0.0169607,0.0249756,0.03356555,0.03993355,0.0478077,0.0055462,0.005309400000000001,0.0064461,0.00855235,0.0377619,0,05_resultados\revisao_operacional\campanha_v1\j01695.mat,campanha_v1
j01696,montecarlo,perda_fonte,mpc_qp_estocastico_3cen,190,-7,1.1354311302780402,{},350.0000060857505,350.0000060857505,1,14.583333337642571,14.583333337642568,150,150,150,150,42.15813796471618,42.15813796471618,60,84.74884466759858,3127.0317936827523,0,0.5833333333333334,0.08474884466759858,500,150,52.97764496080797,7.105427357601002e-15,0,0,0,4.547473508864641e-12,666566.4042708572,9686285222630616.0,0.0537125,0.06289924999999999,0.07668810000000001,0.11408360000000001,0.1816408,0.037391,0.0498795,0.06355374999999999,0.10132574999999999,0.1683484,0.0134337,0.01269985,0.0136532,0.01451845,0.0155562,0,05_resultados\revisao_operacional\evento_adiantado_corrigido_v1\j01696.mat,evento_adiantado_corrigido_v1
j01697,montecarlo,perda_fonte,heuristico,191,2,0.9887395652128215,{},592.6122638850534,592.6122638850534,1,14.754610453615202,14.754610453615202,150,150,150,150,57.93978528855198,56.5039066455025,60,24.16369944991276,850,0,0,0.02416369944991276,500,150,60,nan,0,nan,nan,nan,nan,nan,4.06e-05,8e-06,1.0549999999999999e-05,1.825e-05,6.15e-05,nan,nan,nan,nan,nan,nan,nan,nan,nan,nan,0,05_resultados\revisao_operacional\campanha_v1\j01697.mat,campanha_v1
j01698,montecarlo,perda_fonte,heuristico_foresight,191,2,0.9887395652128215,{},378.6403238930874,378.6403238930874,1,14.603552559360063,14.603552559360063,150,150,150,150,57.56161623998138,56.132942044778396,60,25.887863156791976,850,0,0,0.025887863156791976,500,150,59.71601218826426,nan,0,nan,nan,nan,nan,nan,4.01e-05,8.9e-06,1.12e-05,1.455e-05,4.01e-05,nan,nan,nan,nan,nan,nan,nan,nan,nan,nan,0,05_resultados\revisao_operacional\campanha_v1\j01698.mat,campanha_v1
j01699,montecarlo,perda_fonte,miope_qp,191,2,0.9887395652128215,{},592.6116232891053,592.6116232891053,1,14.754610001373313,14.75461000137331,150,150,150,150,57.9147667951044,56.47501255161039,60,24.32134429297718,1150.0008251042025,0,0,0.02432134429297718,500,150,59.99996967342122,nan,0,nan,nan,nan,nan,nan,0.0012312,0.00060975,0.0007866500000000001,0.00099045,0.0027,0.001073,0.0005415,0.0006927,0.0008523999999999999,0.0024988,nan,nan,nan,nan,nan,0,05_resultados\revisao_operacional\campanha_v1\j01699.mat,campanha_v1
j01700,montecarlo,perda_fonte,mpc_qp_v5,191,2,0.9887395652128215,{},350.36737488591984,350.36737488591984,1,14.58536259304598,14.583592689215504,150,150,150,150,57.1974638115785,55.80548275990344,60.00250107457666,27.275216606549105,1522.636068912852,0,2.083333333333333,0.027275216606549104,500,150,59.46979829091915,0.1171436325321693,941,0,0,0.0015497443878302875,333283.200808402,4015243775612013.0,0.0233194,0.025207649999999998,0.03463525,0.041499549999999996,0.0742353,0.0155616,0.019320749999999998,0.027918850000000002,0.03527475,0.0683837,0.0056602,0.0053603999999999995,0.00656555,0.00769975,0.0120875,0,05_resultados\revisao_operacional\campanha_v1\j01700.mat,campanha_v1
j01701,montecarlo,perda_fonte,mpc_qp_estocastico_3cen,191,2,0.9887395652128215,{},350.0003620279474,350.0003620279474,1,14.583333588924676,14.583333588924674,150,150,150,150,50.13668406014958,50.13668406014958,60,46.85075071428881,1944.2203997541956,0,0.16666666666666669,0.046850750714288805,500,150,56.630640965916484,0.1303228329484014,116,0,0,0.020160347667115275,666566.4042708572,8858386386927326.0,0.0480702,0.054679599999999995,0.07152235,0.10879465,0.1503846,0.0319756,0.0418378,0.05904265,0.0955049,0.1374905,0.0126561,0.01255895,0.0133218,0.01398365,0.0155676,0,05_resultados\revisao_operacional\evento_adiantado_corrigido_v1\j01701.mat,evento_adiantado_corrigido_v1
j01702,montecarlo,perda_fonte,heuristico,192,1,0.940415773233021,{},592.6122638850534,592.6122638850534,1,14.754610453615202,14.754610453615202,150,150,150,150,57.93978528855198,56.5039066455025,60,24.16369944991276,850,0,0,0.02416369944991276,500,150,60,nan,0,nan,nan,nan,nan,nan,4.01e-05,8.1e-06,9.4e-06,1.465e-05,4.01e-05,nan,nan,nan,nan,nan,nan,nan,nan,nan,nan,0,05_resultados\revisao_operacional\campanha_v1\j01702.mat,campanha_v1
j01703,montecarlo,perda_fonte,heuristico_foresight,192,1,0.940415773233021,{},370.5532507924737,370.5532507924737,1,14.597843323684993,14.597843323684993,150,150,150,150,57.56503485596575,56.13372177187387,60,25.89804834197716,850,0,0,0.02589804834197716,500,150,59.694602046846924,nan,0,nan,nan,nan,nan,nan,4.52e-05,8.9e-06,1e-05,1.3049999999999999e-05,4.52e-05,nan,nan,nan,nan,nan,nan,nan,nan,nan,nan,0,05_resultados\revisao_operacional\campanha_v1\j01703.mat,campanha_v1
j01704,montecarlo,perda_fonte,miope_qp,192,1,0.940415773233021,{},592.6116232891053,592.6116232891053,1,14.754610001373313,14.75461000137331,150,150,150,150,57.9147667951044,56.47501255161039,60,24.32134429297718,1150.0008251042025,0,0,0.02432134429297718,500,150,59.99996967342122,nan,0,nan,nan,nan,nan,nan,0.0012916,0.0005753500000000001,0.000699,0.0008725,0.0012916,0.0011456,0.0005122,0.00062365,0.00077965,0.0011456,nan,nan,nan,nan,nan,0,05_resultados\revisao_operacional\campanha_v1\j01704.mat,campanha_v1
j01705,montecarlo,perda_fonte,mpc_qp_v5,192,1,0.940415773233021,{},350.20622159432196,350.20622159432196,1,14.586118707908085,14.583478919723525,150,150,150,150,57.24868213428965,55.853841123679075,60.018883206761636,27.22460367028467,1863.8857038921487,0,1.8333333333333333,0.027224603670284668,500,150,59.494802648060976,0.11708867959129776,853,0,0,0.0004129736466893519,333283.200808402,4015243775612013.0,0.0214769,0.02304895,0.0325627,0.0400754,0.0960894,0.0136545,0.017742149999999998,0.02665295,0.0341433,0.0905572,0.0054829,0.0051938,0.0059349,0.0062460499999999995,0.0066087,0,05_resultados\revisao_operacional\campanha_v1\j01705.mat,campanha_v1
j01706,montecarlo,perda_fonte,mpc_qp_estocastico_3cen,192,1,0.940415773233021,{},350.0000186106988,350.0000186106988,1,14.583333346484123,14.583333346484121,150,150,150,150,52.55873496839516,52.55873496839516,60,35.34600890012338,816.5982297992899,0,0,0.03534600890012338,500,150,57.662510263999216,7.105427357601002e-15,0,0,0,3.410605131648481e-13,666566.4042708572,8858386386927326.0,0.0513317,0.053584400000000004,0.0645844,0.10626125,0.1261371,0.0359878,0.04058655,0.05191315,0.0934685,0.1113134,0.0123447,0.0126047,0.0135648,0.01450375,0.0156311,0,05_resultados\revisao_operacional\evento_adiantado_corrigido_v1\j01706.mat,evento_adiantado_corrigido_v1
j01707,montecarlo,perda_fonte,heuristico,193,-7,0.8635838143225222,{},592.6122638850534,592.6122638850534,1,14.754610453615202,14.754610453615202,150,150,150,150,57.93978528855198,56.5039066455025,60,24.16369944991276,850,0,0,0.02416369944991276,500,150,60,nan,0,nan,nan,nan,nan,nan,3.66e-05,8e-06,9.1e-06,9.7e-06,3.66e-05,nan,nan,nan,nan,nan,nan,nan,nan,nan,nan,0,05_resultados\revisao_operacional\campanha_v1\j01707.mat,campanha_v1
j01708,montecarlo,perda_fonte,heuristico_foresight,193,-7,0.8635838143225222,{},350.3764459195046,350.3764459195046,1,14.583599093076895,14.583599093076895,150,150,150,150,57.37790035304177,55.94658726894989,60,26.786937230866048,850,0,0,0.02678693723086605,500,150,59.51046632931412,nan,0,nan,nan,nan,nan,nan,4.12e-05,8.9e-06,1e-05,1.64e-05,4.12e-05,nan,nan,nan,nan,nan,nan,nan,nan,nan,nan,0,05_resultados\revisao_operacional\campanha_v1\j01708.mat,campanha_v1
j01709,montecarlo,perda_fonte,miope_qp,193,-7,0.8635838143225222,{},592.6116232891053,592.6116232891053,1,14.754610001373313,14.75461000137331,150,150,150,150,57.9147667951044,56.47501255161039,60,24.32134429297718,1150.0008251042025,0,0,0.02432134429297718,500,150,59.99996967342122,nan,0,nan,nan,nan,nan,nan,0.0012029,0.0006008999999999999,0.00071375,0.0009751,0.0012029,0.0010697,0.00053415,0.00063615,0.0008501,0.0010697,nan,nan,nan,nan,nan,0,05_resultados\revisao_operacional\campanha_v1\j01709.mat,campanha_v1
j01710,montecarlo,perda_fonte,mpc_qp_v5,193,-7,0.8635838143225222,{},350.00552749562604,350.00552749562604,1,14.587458478863645,14.583337235591864,150,150,150,150,56.94973350622137,55.55452577808703,60.0436480254291,28.896255693629644,1901.7368978248264,0,1.25,0.028896255693629646,500,150,59.19549778894033,0.11700238559230769,852,0,0,0.005643926447703507,333283.200808402,4015243775612013.0,0.0232262,0.022391750000000002,0.03320705,0.04031755,0.0990637,0.0145273,0.01706385,0.027140400000000002,0.034572099999999995,0.0933756,0.0063461,0.00504305,0.005686500000000001,0.005988200000000001,0.0085009,0,05_resultados\revisao_operacional\campanha_v1\j01710.mat,campanha_v1
j01711,montecarlo,perda_fonte,mpc_qp_estocastico_3cen,193,-7,0.8635838143225222,{},350.00000647488037,350.00000647488037,1,14.58333333794201,14.583333337942008,150,150,150,150,55.93951208515896,55.2781718491304,60.024688089520026,26.156627539475142,1457.2286386436313,0,0.08333333333333334,0.026156627539475143,500,150,58.92528874993624,0.1170674907132252,938,0,0,2.2168933355715126e-12,666566.4016168036,8030487551224027.0,0.0423126,0.0540098,0.06459765,0.10487160000000001,0.3197861,0.026788,0.04130775,0.0486876,0.09173235,0.3062732,0.0129951,0.012388,0.0133401,0.0142559,0.0290466,0,05_resultados\revisao_operacional\evento_adiantado_corrigido_v1\j01711.mat,evento_adiantado_corrigido_v1
j01712,montecarlo,perda_fonte,heuristico,194,-3,1.0995540255190774,{},592.6122638850534,592.6122638850534,1,14.754610453615202,14.754610453615202,150,150,150,150,57.93978528855198,56.5039066455025,60,24.16369944991276,850,0,0,0.02416369944991276,500,150,60,nan,0,nan,nan,nan,nan,nan,4.1e-05,8e-06,9.2e-06,1.18e-05,4.1e-05,nan,nan,nan,nan,nan,nan,nan,nan,nan,nan,0,05_resultados\revisao_operacional\campanha_v1\j01712.mat,campanha_v1
j01713,montecarlo,perda_fonte,heuristico_foresight,194,-3,1.0995540255190774,{},380.8093303449517,380.8093303449517,1,14.605083814099617,14.605083814099617,150,150,150,150,54.891104604215066,54.891104604215066,60,24.267253129977785,775.3344808606919,0,0,0.024267253129977785,500,150,59.222467743225664,nan,0,nan,nan,nan,nan,nan,4.28e-05,8.6e-06,1.11e-05,2.43e-05,5.39e-05,nan,nan,nan,nan,nan,nan,nan,nan,nan,nan,0,05_resultados\revisao_operacional\campanha_v1\j01713.mat,campanha_v1
j01714,montecarlo,perda_fonte,miope_qp,194,-3,1.0995540255190774,{},592.6116232891053,592.6116232891053,1,14.754610001373313,14.75461000137331,150,150,150,150,57.9147667951044,56.47501255161039,60,24.32134429297718,1150.0008251042025,0,0,0.02432134429297718,500,150,59.99996967342122,nan,0,nan,nan,nan,nan,nan,0.0012104,0.00057845,0.0006935,0.0008838,0.0027979,0.0010724,0.00051475,0.00061965,0.0007874500000000001,0.0027033,nan,nan,nan,nan,nan,0,05_resultados\revisao_operacional\campanha_v1\j01714.mat,campanha_v1
j01715,montecarlo,perda_fonte,mpc_qp_v5,194,-3,1.0995540255190774,{},350.08265962102337,350.08265962102337,1,14.583391688605962,14.583391688605962,150,150,150,150,53.534570910439314,53.534570910439314,60,30.710788175412794,1870.9180449874552,0,2,0.030710788175412795,500,150,58.67873551160653,7.105427357601002e-15,0,0,0,0.0001509671815256297,333283.2021354289,4843142611315303.0,0.0269149,0.029654899999999998,0.03702855,0.0473768,0.0979625,0.0188501,0.02384745,0.030570649999999998,0.0412779,0.0917923,0.0061395,0.005451050000000001,0.0062667,0.0067751,0.008223,0,05_resultados\revisao_operacional\campanha_v1\j01715.mat,campanha_v1
j01716,montecarlo,perda_fonte,mpc_qp_estocastico_3cen,194,-3,1.0995540255190774,{},350.0000044999941,350.0000044999941,1,14.583333336534384,14.583333336534382,150,150,150,150,43.92390097578808,43.92390097578808,60,76.36147036500702,2105.7763767018005,0,0.25,0.07636147036500703,500,150,53.75298704069827,7.105427357601002e-15,0,0,0,4.433786671143025e-12,666566.4042708572,9686285222630616.0,0.0508292,0.06469079999999999,0.0731623,0.1083161,0.1839087,0.0337707,0.0516028,0.0604677,0.09524945,0.171119,0.0138105,0.0126398,0.013423250000000001,0.0142265,0.0168554,0,05_resultados\revisao_operacional\evento_adiantado_corrigido_v1\j01716.mat,evento_adiantado_corrigido_v1
j01717,montecarlo,perda_fonte,heuristico,195,4,0.9081897863720118,{},592.6122638850534,592.6122638850534,1,14.754610453615202,14.754610453615202,150,150,150,150,57.93978528855198,56.5039066455025,60,24.16369944991276,850,0,0,0.02416369944991276,500,150,60,nan,0,nan,nan,nan,nan,nan,3.74e-05,7.8e-06,9.2e-06,1.1350000000000001e-05,3.74e-05,nan,nan,nan,nan,nan,nan,nan,nan,nan,nan,0,05_resultados\revisao_operacional\campanha_v1\j01717.mat,campanha_v1
j01718,montecarlo,perda_fonte,heuristico_foresight,195,4,0.9081897863720118,{},394.81446450292935,394.81446450292935,1,14.614971026762849,14.614971026762849,150,150,150,150,57.55243982672598,56.12904340930077,60,25.878603897532717,850.0000000000001,0,0,0.02587860389753272,500,150,59.7564932906434,nan,0,nan,nan,nan,nan,nan,4.31e-05,8.8e-06,9.9e-06,1.4000000000000001e-05,4.31e-05,nan,nan,nan,nan,nan,nan,nan,nan,nan,nan,0,05_resultados\revisao_operacional\campanha_v1\j01718.mat,campanha_v1
j01719,montecarlo,perda_fonte,miope_qp,195,4,0.9081897863720118,{},592.6116232891053,592.6116232891053,1,14.754610001373313,14.75461000137331,150,150,150,150,57.9147667951044,56.47501255161039,60,24.32134429297718,1150.0008251042025,0,0,0.02432134429297718,500,150,59.99996967342122,nan,0,nan,nan,nan,nan,nan,0.0012724,0.00057145,0.00068335,0.0008564,0.0012724,0.0011298,0.0005083,0.0005983,0.00076885,0.0011298,nan,nan,nan,nan,nan,0,05_resultados\revisao_operacional\campanha_v1\j01719.mat,campanha_v1
j01720,montecarlo,perda_fonte,mpc_qp_v5,195,4,0.9081897863720118,{},350.53093189742515,350.53093189742515,1,14.5869905333884,14.583708155645349,150,150,150,150,57.1008573628236,55.71377379598194,60.03013045587601,27.961715306695776,1602.1672554369152,0,1.3333333333333335,0.027961715306695775,500,150,59.42482840466904,0.1170517847928636,852,0,0,0.048066157801031295,333283.200808402,4015243775612013.0,0.0213704,0.02298095,0.0319237,0.03885185,0.0971129,0.0139447,0.017535250000000002,0.02604935,0.0335557,0.091347,0.0056854,0.00509485,0.0059167,0.00655885,0.0075845,0,05_resultados\revisao_operacional\campanha_v1\j01720.mat,campanha_v1
j01721,montecarlo,perda_fonte,mpc_qp_estocastico_3cen,195,4,0.9081897863720118,{},350.00192676005867,350.00192676005867,1,14.58333469358107,14.583334693581069,150,150,150,150,54.41161286683567,54.41161286683567,60,26.544838882531298,1899.522516538599,0,0.16666666666666669,0.0265448388825313,500,150,58.67098760717128,0.12390334392996749,58,0,0,0.03711105697266248,666566.4042708572,8858386386927326.0,0.0514049,0.05417775,0.07478635,0.1087332,0.1661553,0.0358772,0.041234,0.06214795,0.09547040000000001,0.1532543,0.0125827,0.01255115,0.013754,0.01496155,0.0170662,0,05_resultados\revisao_operacional\evento_adiantado_corrigido_v1\j01721.mat,evento_adiantado_corrigido_v1
j01722,montecarlo,perda_fonte,heuristico,196,4,0.9855232192764111,{},592.6122638850534,592.6122638850534,1,14.754610453615202,14.754610453615202,150,150,150,150,57.93978528855198,56.5039066455025,60,24.16369944991276,850,0,0,0.02416369944991276,500,150,60,nan,0,nan,nan,nan,nan,nan,4.27e-05,8.2e-06,9.5e-06,1.82e-05,9.59e-05,nan,nan,nan,nan,nan,nan,nan,nan,nan,nan,0,05_resultados\revisao_operacional\campanha_v1\j01722.mat,campanha_v1
j01723,montecarlo,perda_fonte,heuristico_foresight,196,4,0.9855232192764111,{},394.81446450292935,394.81446450292935,1,14.614971026762849,14.614971026762849,150,150,150,150,57.55243982672598,56.12904340930077,60,25.878603897532717,850.0000000000001,0,0,0.02587860389753272,500,150,59.7564932906434,nan,0,nan,nan,nan,nan,nan,4.73e-05,9e-06,1e-05,1.115e-05,4.73e-05,nan,nan,nan,nan,nan,nan,nan,nan,nan,nan,0,05_resultados\revisao_operacional\campanha_v1\j01723.mat,campanha_v1
j01724,montecarlo,perda_fonte,miope_qp,196,4,0.9855232192764111,{},592.6116232891053,592.6116232891053,1,14.754610001373313,14.75461000137331,150,150,150,150,57.9147667951044,56.47501255161039,60,24.32134429297718,1150.0008251042025,0,0,0.02432134429297718,500,150,59.99996967342122,nan,0,nan,nan,nan,nan,nan,0.0012881,0.000632,0.0012782000000000002,0.0017055500000000001,0.0022243,0.0011448,0.0005611500000000001,0.00112445,0.00150155,0.0019217,nan,nan,nan,nan,nan,0,05_resultados\revisao_operacional\campanha_v1\j01724.mat,campanha_v1
j01725,montecarlo,perda_fonte,mpc_qp_v5,196,4,0.9855232192764111,{},350.9003469746697,350.9003469746697,1,14.585928790792437,14.583968951830943,150,150,150,150,57.210134328486674,55.82339296521078,60.00362125845682,27.17378240203769,1885.17108926145,0,1.8333333333333333,0.027173782402037692,500,150,59.534412104580085,0.1171399522487846,850,0,0,0.00435730716208127,333283.200808402,4015243775612013.0,0.0251366,0.02381335,0.0340679,0.042138850000000005,0.0943342,0.0167048,0.0183281,0.027207250000000002,0.03611755,0.0886831,0.0064064,0.0054189500000000005,0.0064782,0.00715585,0.0246912,0,05_resultados\revisao_operacional\campanha_v1\j01725.mat,campanha_v1
j01726,montecarlo,perda_fonte,mpc_qp_estocastico_3cen,196,4,0.9855232192764111,{},350.00098570433533,350.00098570433533,1,14.58333402922081,14.58333402922081,150,150,150,150,50.30603815109698,50.30603815109698,60,46.046318782289504,1942.5127166904222,0,0.16666666666666669,0.04604631878228951,500,150,56.74531080862772,0.1303200018384203,116,0,0,0.004275796795013775,666566.4042708572,8858386386927326.0,0.0473815,0.05370495,0.07757510000000001,0.10888285,0.1510027,0.0321316,0.040513900000000005,0.0641008,0.09561215,0.1382169,0.0120834,0.012789749999999999,0.014223550000000001,0.01596785,0.0199814,0,05_resultados\revisao_operacional\evento_adiantado_corrigido_v1\j01726.mat,evento_adiantado_corrigido_v1
j01727,montecarlo,perda_fonte,heuristico,197,0,1.1182989821490799,{},592.6122638850534,592.6122638850534,1,14.754610453615202,14.754610453615202,150,150,150,150,57.93978528855198,56.5039066455025,60,24.16369944991276,850,0,0,0.02416369944991276,500,150,60,nan,0,nan,nan,nan,nan,nan,4.03e-05,8e-06,9.2e-06,1.595e-05,4.03e-05,nan,nan,nan,nan,nan,nan,nan,nan,nan,nan,0,05_resultados\revisao_operacional\campanha_v1\j01727.mat,campanha_v1
j01728,montecarlo,perda_fonte,heuristico_foresight,197,0,1.1182989821490799,{},482.9059259440336,482.9059259440336,1,14.67716100675579,14.67716100675579,150,150,150,150,54.09578765940035,54.09578765940035,60,28.045008617833766,761.2757633881901,0,0,0.028045008617833767,500,150,58.86289028885241,nan,0,nan,nan,nan,nan,nan,4.32e-05,8.5e-06,9.6e-06,1.21e-05,4.32e-05,nan,nan,nan,nan,nan,nan,nan,nan,nan,nan,0,05_resultados\revisao_operacional\campanha_v1\j01728.mat,campanha_v1
j01729,montecarlo,perda_fonte,miope_qp,197,0,1.1182989821490799,{},592.6116232891053,592.6116232891053,1,14.754610001373313,14.75461000137331,150,150,150,150,57.9147667951044,56.47501255161039,60,24.32134429297718,1150.0008251042025,0,0,0.02432134429297718,500,150,59.99996967342122,nan,0,nan,nan,nan,nan,nan,0.0012016,0.00058205,0.0006963,0.0009301,0.001309,0.0010649,0.00051745,0.00061695,0.0008329,0.0011584,nan,nan,nan,nan,nan,0,05_resultados\revisao_operacional\campanha_v1\j01729.mat,campanha_v1
j01730,montecarlo,perda_fonte,mpc_qp_v5,197,0,1.1182989821490799,{},350.22762616688897,350.22762616688897,1,14.583494030720445,14.583494030720443,150,150,150,150,52.735972784628544,52.735972784628544,60,34.50412927301483,1672.407498180146,0,2.25,0.034504129273014834,500,150,58.30652609127594,7.105427357601002e-15,0,0,0,0.0030372002725584935,333283.2021354289,4843142611315303.0,0.0234511,0.029489599999999998,0.0377413,0.0469827,0.0997457,0.0164021,0.02358975,0.0305748,0.040626300000000004,0.093824,0.0049675,0.00550235,0.0064058,0.00855755,0.0164545,0,05_resultados\revisao_operacional\campanha_v1\j01730.mat,campanha_v1
j01731,montecarlo,perda_fonte,mpc_qp_estocastico_3cen,197,0,1.1182989821490799,{},350.00028889532973,350.00028889532973,1,14.583333537293921,14.583333537293921,150,150,150,150,43.07991628752917,43.07991628752917,60,80.37039763423569,2825.6741283028086,0,0.4166666666666667,0.08037039763423569,500,150,53.42602413046993,7.105427357601002e-15,0,0,0,0.00032325441043212777,666566.4042708572,9686285222630616.0,0.051303,0.06441875,0.08522365000000001,0.1174289,0.1537571,0.035966,0.0514764,0.0709158,0.10265705,0.1401651,0.0122398,0.0127224,0.014075,0.015854899999999998,0.0181941,0,05_resultados\revisao_operacional\evento_adiantado_corrigido_v1\j01731.mat,evento_adiantado_corrigido_v1
j01732,montecarlo,perda_fonte,heuristico,198,0,0.9896746891350672,{},592.6122638850534,592.6122638850534,1,14.754610453615202,14.754610453615202,150,150,150,150,57.93978528855198,56.5039066455025,60,24.16369944991276,850,0,0,0.02416369944991276,500,150,60,nan,0,nan,nan,nan,nan,nan,4.24e-05,8.1e-06,9.1e-06,9.6e-06,4.24e-05,nan,nan,nan,nan,nan,nan,nan,nan,nan,nan,0,05_resultados\revisao_operacional\campanha_v1\j01732.mat,campanha_v1
j01733,montecarlo,perda_fonte,heuristico_foresight,198,0,0.9896746891350672,{},362.4661767623983,362.4661767623983,1,14.59213408735375,14.59213408735375,150,150,150,150,57.54164304310025,56.110329959008375,60,26.00915945308827,850,0,0,0.02600915945308827,500,150,59.672412178472214,nan,0,nan,nan,nan,nan,nan,4.57e-05,9e-06,1.01e-05,1.815e-05,4.57e-05,nan,nan,nan,nan,nan,nan,nan,nan,nan,nan,0,05_resultados\revisao_operacional\campanha_v1\j01733.mat,campanha_v1
j01734,montecarlo,perda_fonte,miope_qp,198,0,0.9896746891350672,{},592.6116232891053,592.6116232891053,1,14.754610001373313,14.75461000137331,150,150,150,150,57.9147667951044,56.47501255161039,60,24.32134429297718,1150.0008251042025,0,0,0.02432134429297718,500,150,59.99996967342122,nan,0,nan,nan,nan,nan,nan,0.0012765,0.00059015,0.0007387,0.0009096499999999999,0.0012765,0.0011311,0.0005245,0.0006487999999999999,0.0008163000000000001,0.0011311,nan,nan,nan,nan,nan,0,05_resultados\revisao_operacional\campanha_v1\j01734.mat,campanha_v1
j01735,montecarlo,perda_fonte,mpc_qp_v5,198,0,0.9896746891350672,{},350.09297848840845,350.09297848840845,1,14.585082772904745,14.583398973431697,150,150,150,150,57.14723443650463,55.752634765492296,60.00216726984167,27.536684347521938,1558.2067872420628,0,1.9166666666666665,0.027536684347521937,500,150,59.39362546917578,0.11714470914615305,986,0,0,0.001417019933398933,333283.200808402,4015243775612013.0,0.0233767,0.024006899999999998,0.0333001,0.0413312,0.1471672,0.0152161,0.01845675,0.0268083,0.03530805,0.1411481,0.0058025,0.0053767,0.0066034,0.00765625,0.0134745,0,05_resultados\revisao_operacional\campanha_v1\j01735.mat,campanha_v1
j01736,montecarlo,perda_fonte,mpc_qp_estocastico_3cen,198,0,0.9896746891350672,{},350.0006965110289,350.0006965110289,1,14.583333825060157,14.583333825060155,150,150,150,150,50.10042816555136,50.10042816555136,60,47.02296621363033,2122.476937419252,0,0.16666666666666669,0.047022966213630335,500,150,56.60285788309278,0.1223662129349421,57,0,0,0.015792242056818395,666566.4042708572,8858386386927326.0,0.0471236,0.054228200000000004,0.0697338,0.1103007,0.156711,0.0319683,0.0409869,0.0564652,0.09692994999999999,0.1437799,0.0125261,0.0128024,0.014367749999999999,0.01579365,0.0175697,0,05_resultados\revisao_operacional\evento_adiantado_corrigido_v1\j01736.mat,evento_adiantado_corrigido_v1
j01737,montecarlo,perda_fonte,heuristico,199,-12,0.9433667587029697,{},592.6122638850534,592.6122638850534,1,14.754610453615202,14.754610453615202,150,150,150,150,57.93978528855198,56.5039066455025,60,24.16369944991276,850,0,0,0.02416369944991276,500,150,60,nan,0,nan,nan,nan,nan,nan,3.77e-05,8.1e-06,9.2e-06,1.205e-05,3.77e-05,nan,nan,nan,nan,nan,nan,nan,nan,nan,nan,0,05_resultados\revisao_operacional\campanha_v1\j01737.mat,campanha_v1
j01738,montecarlo,perda_fonte,heuristico_foresight,199,-12,0.9433667587029697,{},350.03090056278455,350.03090056278455,1,14.583355148221518,14.583355148221518,150,150,150,150,57.26094128871428,55.8296282046224,60,27.342492786421605,850,0,0,0.027342492786421604,500,150,59.39355862179829,nan,0,nan,nan,nan,nan,nan,4.47e-05,9.1e-06,1.14e-05,1.575e-05,6.02e-05,nan,nan,nan,nan,nan,nan,nan,nan,nan,nan,0,05_resultados\revisao_operacional\campanha_v1\j01738.mat,campanha_v1
j01739,montecarlo,perda_fonte,miope_qp,199,-12,0.9433667587029697,{},592.6116232891053,592.6116232891053,1,14.754610001373313,14.75461000137331,150,150,150,150,57.9147667951044,56.47501255161039,60,24.32134429297718,1150.0008251042025,0,0,0.02432134429297718,500,150,59.99996967342122,nan,0,nan,nan,nan,nan,nan,0.0012992,0.00057285,0.00070575,0.0009029,0.0012992,0.0011511,0.00050935,0.0006287,0.00079675,0.0011511,nan,nan,nan,nan,nan,0,05_resultados\revisao_operacional\campanha_v1\j01739.mat,campanha_v1
j01740,montecarlo,perda_fonte,mpc_qp_v5,199,-12,0.9433667587029697,{},350.0001303101081,350.0001303101081,1,14.585966424789365,14.583333425344362,150,150,150,150,56.93508525193884,55.54024957175049,60.017053426303114,28.695813606448834,1660.8926307343256,0,1.8333333333333333,0.028695813606448833,500,150,59.18124241093913,0.11709272357158085,853,0,0,0.0053756457317604145,333283.200808402,4015243775612013.0,0.021496,0.0242107,0.0345288,0.0411532,0.0501925,0.0141788,0.0185045,0.02750245,0.035243300000000005,0.0403197,0.0054659,0.00554585,0.0066694,0.0081466,0.0265066,0,05_resultados\revisao_operacional\campanha_v1\j01740.mat,campanha_v1
j01741,montecarlo,perda_fonte,mpc_qp_estocastico_3cen,199,-12,0.9433667587029697,{},350.0000002495097,350.0000002495097,1,14.583333333521168,14.583333333521166,150,150,150,150,52.27150838125093,52.27150838125093,60,36.719692515801725,1815.4827380265683,0,0.33333333333333337,0.036719692515801726,500,150,57.45888776829942,0.1325407082044734,237,0,0,0.0065967005657512345,666566.4042708572,8858386386927326.0,0.0499186,0.0538779,0.0654218,0.1087188,0.1437338,0.034141,0.0407992,0.0527175,0.09520134999999999,0.129931,0.0128072,0.012688950000000001,0.014387049999999998,0.01583555,0.0179774,0,05_resultados\revisao_operacional\evento_adiantado_corrigido_v1\j01741.mat,evento_adiantado_corrigido_v1
j01742,montecarlo,perda_fonte,heuristico,200,9,0.8089757504392467,{},592.6122638850534,592.6122638850534,1,14.754610453615202,14.754610453615202,150,150,150,150,57.93978528855198,56.5039066455025,60,24.16369944991276,850,0,0,0.02416369944991276,500,150,60,nan,0,nan,nan,nan,nan,nan,3.79e-05,8.2e-06,1.05e-05,1.595e-05,4.37e-05,nan,nan,nan,nan,nan,nan,nan,nan,nan,nan,0,05_resultados\revisao_operacional\campanha_v1\j01742.mat,campanha_v1
j01743,montecarlo,perda_fonte,heuristico_foresight,200,9,0.8089757504392467,{},435.2496593255132,435.2496593255132,1,14.643517084642799,14.643517084642799,150,150,150,150,57.51585356941604,56.10565159643527,60,25.92027056419938,850,0,0,0.02592027056419938,500,150,59.8440508457096,nan,0,nan,nan,nan,nan,nan,4.24e-05,9.6e-06,1.96e-05,2.895e-05,0.0001973,nan,nan,nan,nan,nan,nan,nan,nan,nan,nan,0,05_resultados\revisao_operacional\campanha_v1\j01743.mat,campanha_v1
j01744,montecarlo,perda_fonte,miope_qp,200,9,0.8089757504392467,{},592.6116232891053,592.6116232891053,1,14.754610001373313,14.75461000137331,150,150,150,150,57.9147667951044,56.47501255161039,60,24.32134429297718,1150.0008251042025,0,0,0.02432134429297718,500,150,59.99996967342122,nan,0,nan,nan,nan,nan,nan,0.0012395,0.0005849,0.0007149999999999999,0.00092015,0.0013343,0.0011008,0.0005208000000000001,0.0006346500000000001,0.0008271,0.001219,nan,nan,nan,nan,nan,0,05_resultados\revisao_operacional\campanha_v1\j01744.mat,campanha_v1
j01745,montecarlo,perda_fonte,mpc_qp_v5,200,9,0.8089757504392467,{},360.8480139471761,360.8480139471761,1,14.59583230702048,14.590991712026666,150,150,150,150,57.08656131240847,55.712273056912615,60.065276306816095,28.253421028157593,2013.6517372820163,0,0.75,0.02825342102815759,500,150,59.53872844430989,0.11693780005359855,852,0,0,0.00040120715704006216,333283.200808402,4015243775612013.0,0.0218223,0.0226984,0.032182749999999996,0.0380599,0.0635857,0.0139369,0.01717455,0.02652715,0.032704849999999994,0.0578163,0.0053689,0.0051932,0.00593125,0.0066497,0.0097787,0,05_resultados\revisao_operacional\campanha_v1\j01745.mat,campanha_v1
j01746,montecarlo,perda_fonte,mpc_qp_estocastico_3cen,200,9,0.8089757504392467,{},350.00171086203716,350.00171086203716,1,14.588074898028847,14.583334541192453,150,150,150,150,56.7540278976341,55.37980937128609,60.046465075698315,29.643896711990674,856.2716461070819,0,0,0.029643896711990674,500,150,59.20789024815269,0.1169996422941395,1112,0,0,3.410605131648481e-13,666566.4016168036,8030487551224027.0,0.0421626,0.047271350000000004,0.06993105,0.1001852,0.1210114,0.027525,0.0344888,0.05677215,0.08663984999999999,0.1078999,0.0120667,0.012599800000000001,0.014137750000000001,0.015862849999999998,0.0174482,0,05_resultados\revisao_operacional\evento_adiantado_corrigido_v1\j01746.mat,evento_adiantado_corrigido_v1
