id,event_start_s,recovery_s,source
j00001,400,10,05_resultados\revisao_operacional\campanha_v1\j00001.mat
j00002,400,4,05_resultados\revisao_operacional\campanha_v1\j00002.mat
j00003,400,2,05_resultados\revisao_operacional\campanha_v1\j00003.mat
j00004,400,0,05_resultados\revisao_operacional\campanha_v1\j00004.mat
j00005,400,0,05_resultados\revisao_operacional\campanha_v1\j00005.mat
j00006,200,10,05_resultados\revisao_operacional\campanha_v1\j00006.mat
j00007,200,4,05_resultados\revisao_operacional\campanha_v1\j00007.mat
j00008,200,2,05_resultados\revisao_operacional\campanha_v1\j00008.mat
j00009,200,0,05_resultados\revisao_operacional\campanha_v1\j00009.mat
j00010,200,0,05_resultados\revisao_operacional\campanha_v1\j00010.mat
j00011,500,150,05_resultados\revisao_operacional\campanha_v1\j00011.mat
j00012,500,150,05_resultados\revisao_operacional\campanha_v1\j00012.mat
j00013,500,150,05_resultados\revisao_operacional\campanha_v1\j00013.mat
j00014,500,150,05_resultados\revisao_operacional\campanha_v1\j00014.mat
j00015,500,150,05_resultados\revisao_operacional\evento_adiantado_corrigido_v1\j00015.mat
j00016,400,250,05_resultados\revisao_operacional\campanha_v1\j00016.mat
j00017,400,250,05_resultados\revisao_operacional\campanha_v1\j00017.mat
j00018,400,250,05_resultados\revisao_operacional\campanha_v1\j00018.mat
j00019,400,250,05_resultados\revisao_operacional\campanha_v1\j00019.mat
j00020,400,250,05_resultados\revisao_operacional\evento_adiantado_corrigido_v1\j00020.mat
j00021,220,10,05_resultados\revisao_operacional\campanha_v1\j00021.mat
j00021,340,10,05_resultados\revisao_operacional\campanha_v1\j00021.mat
j00021,700,10,05_resultados\revisao_operacional\campanha_v1\j00021.mat
j00022,220,4,05_resultados\revisao_operacional\campanha_v1\j00022.mat
j00022,340,4,05_resultados\revisao_operacional\campanha_v1\j00022.mat
j00022,700,4,05_resultados\revisao_operacional\campanha_v1\j00022.mat
j00023,220,2,05_resultados\revisao_operacional\campanha_v1\j00023.mat
j00023,340,2,05_resultados\revisao_operacional\campanha_v1\j00023.mat
j00023,700,2,05_resultados\revisao_operacional\campanha_v1\j00023.mat
j00024,220,0,05_resultados\revisao_operacional\campanha_v1\j00024.mat
j00024,340,0,05_resultados\revisao_operacional\campanha_v1\j00024.mat
j00024,700,0,05_resultados\revisao_operacional\campanha_v1\j00024.mat
j00025,220,0,05_resultados\revisao_operacional\campanha_v1\j00025.mat
j00025,340,0,05_resultados\revisao_operacional\campanha_v1\j00025.mat
j00025,700,0,05_resultados\revisao_operacional\campanha_v1\j00025.mat
j00026,979,43,05_resultados\revisao_operacional\campanha_v1\j00026.mat
j00027,979,43,05_resultados\revisao_operacional\campanha_v1\j00027.mat
j00028,979,0,05_resultados\revisao_operacional\campanha_v1\j00028.mat
j00029,979,0,05_resultados\revisao_operacional\campanha_v1\j00029.mat
j00030,979,0,05_resultados\revisao_operacional\campanha_v1\j00030.mat
j00031,290,nan,05_resultados\revisao_operacional\campanha_v1\j00031.mat
j00031,296,nan,05_resultados\revisao_operacional\campanha_v1\j00031.mat
j00031,311,nan,05_resultados\revisao_operacional\campanha_v1\j00031.mat
j00031,437,nan,05_resultados\revisao_operacional\campanha_v1\j00031.mat
j00031,1141,nan,05_resultados\revisao_operacional\campanha_v1\j00031.mat
j00032,290,1.0,05_resultados\revisao_operacional\campanha_v1\j00032.mat
j00032,296,0.0,05_resultados\revisao_operacional\campanha_v1\j00032.mat
j00032,311,nan,05_resultados\revisao_operacional\campanha_v1\j00032.mat
j00032,437,nan,05_resultados\revisao_operacional\campanha_v1\j00032.mat
j00032,1141,nan,05_resultados\revisao_operacional\campanha_v1\j00032.mat
j00033,290,0,05_resultados\revisao_operacional\campanha_v1\j00033.mat
j00033,296,0,05_resultados\revisao_operacional\campanha_v1\j00033.mat
j00033,311,0,05_resultados\revisao_operacional\campanha_v1\j00033.mat
j00033,437,0,05_resultados\revisao_operacional\campanha_v1\j00033.mat
j00033,1141,0,05_resultados\revisao_operacional\campanha_v1\j00033.mat
j00034,290,0,05_resultados\revisao_operacional\campanha_v1\j00034.mat
j00034,296,0,05_resultados\revisao_operacional\campanha_v1\j00034.mat
j00034,311,0,05_resultados\revisao_operacional\campanha_v1\j00034.mat
j00034,437,0,05_resultados\revisao_operacional\campanha_v1\j00034.mat
j00034,1141,0,05_resultados\revisao_operacional\campanha_v1\j00034.mat
j00035,290,0,05_resultados\revisao_operacional\campanha_v1\j00035.mat
j00035,296,0,05_resultados\revisao_operacional\campanha_v1\j00035.mat
j00035,311,0,05_resultados\revisao_operacional\campanha_v1\j00035.mat
j00035,437,0,05_resultados\revisao_operacional\campanha_v1\j00035.mat
j00035,1141,0,05_resultados\revisao_operacional\campanha_v1\j00035.mat
j00036,400,10,05_resultados\revisao_operacional\campanha_v1\j00036.mat
j00037,400,4,05_resultados\revisao_operacional\campanha_v1\j00037.mat
j00038,400,2,05_resultados\revisao_operacional\campanha_v1\j00038.mat
j00039,400,0,05_resultados\revisao_operacional\campanha_v1\j00039.mat
j00040,400,0,05_resultados\revisao_operacional\campanha_v1\j00040.mat
j00041,400,10,05_resultados\revisao_operacional\campanha_v1\j00041.mat
j00042,400,4,05_resultados\revisao_operacional\campanha_v1\j00042.mat
j00043,400,1,05_resultados\revisao_operacional\campanha_v1\j00043.mat
j00044,400,0,05_resultados\revisao_operacional\campanha_v1\j00044.mat
j00045,400,0,05_resultados\revisao_operacional\campanha_v1\j00045.mat
j00046,400,10,05_resultados\revisao_operacional\campanha_v1\j00046.mat
j00047,400,4,05_resultados\revisao_operacional\campanha_v1\j00047.mat
j00048,400,0,05_resultados\revisao_operacional\campanha_v1\j00048.mat
j00049,400,0,05_resultados\revisao_operacional\campanha_v1\j00049.mat
j00050,400,0,05_resultados\revisao_operacional\campanha_v1\j00050.mat
j00051,400,0,05_resultados\revisao_operacional\campanha_v1\j00051.mat
j00052,400,1,05_resultados\revisao_operacional\campanha_v1\j00052.mat
j00053,400,1,05_resultados\revisao_operacional\campanha_v1\j00053.mat
j00054,400,0,05_resultados\revisao_operacional\campanha_v1\j00054.mat
j00055,200,10,05_resultados\revisao_operacional\campanha_v1\j00055.mat
j00056,200,4,05_resultados\revisao_operacional\campanha_v1\j00056.mat
j00057,200,2,05_resultados\revisao_operacional\campanha_v1\j00057.mat
j00058,200,0,05_resultados\revisao_operacional\campanha_v1\j00058.mat
j00059,200,0,05_resultados\revisao_operacional\campanha_v1\j00059.mat
j00060,200,10,05_resultados\revisao_operacional\campanha_v1\j00060.mat
j00061,200,4,05_resultados\revisao_operacional\campanha_v1\j00061.mat
j00062,200,1,05_resultados\revisao_operacional\campanha_v1\j00062.mat
j00063,200,0,05_resultados\revisao_operacional\campanha_v1\j00063.mat
j00064,200,0,05_resultados\revisao_operacional\campanha_v1\j00064.mat
j00065,200,10,05_resultados\revisao_operacional\campanha_v1\j00065.mat
j00066,200,4,05_resultados\revisao_operacional\campanha_v1\j00066.mat
j00067,200,0,05_resultados\revisao_operacional\campanha_v1\j00067.mat
j00068,200,0,05_resultados\revisao_operacional\campanha_v1\j00068.mat
j00069,200,0,05_resultados\revisao_operacional\campanha_v1\j00069.mat
j00070,200,0,05_resultados\revisao_operacional\campanha_v1\j00070.mat
j00071,200,1,05_resultados\revisao_operacional\campanha_v1\j00071.mat
j00072,200,1,05_resultados\revisao_operacional\campanha_v1\j00072.mat
j00073,200,0,05_resultados\revisao_operacional\campanha_v1\j00073.mat
j00074,500,150,05_resultados\revisao_operacional\campanha_v1\j00074.mat
j00075,500,150,05_resultados\revisao_operacional\campanha_v1\j00075.mat
j00076,500,150,05_resultados\revisao_operacional\campanha_v1\j00076.mat
j00077,500,150,05_resultados\revisao_operacional\campanha_v1\j00077.mat
j00078,500,150,05_resultados\revisao_operacional\evento_adiantado_corrigido_v1\j00078.mat
j00079,500,150,05_resultados\revisao_operacional\campanha_v1\j00079.mat
j00080,500,150,05_resultados\revisao_operacional\campanha_v1\j00080.mat
j00081,500,150,05_resultados\revisao_operacional\campanha_v1\j00081.mat
j00082,500,150,05_resultados\revisao_operacional\campanha_v1\j00082.mat
j00083,500,150,05_resultados\revisao_operacional\evento_adiantado_corrigido_v1\j00083.mat
j00084,500,150,05_resultados\revisao_operacional\campanha_v1\j00084.mat
j00085,500,150,05_resultados\revisao_operacional\campanha_v1\j00085.mat
j00086,500,150,05_resultados\revisao_operacional\campanha_v1\j00086.mat
j00087,500,150,05_resultados\revisao_operacional\campanha_v1\j00087.mat
j00088,500,150,05_resultados\revisao_operacional\evento_adiantado_corrigido_v1\j00088.mat
j00089,500,150,05_resultados\revisao_operacional\campanha_v1\j00089.mat
j00090,500,150,05_resultados\revisao_operacional\campanha_v1\j00090.mat
j00091,500,150,05_resultados\revisao_operacional\campanha_v1\j00091.mat
j00092,500,150,05_resultados\revisao_operacional\campanha_v1\j00092.mat
j00093,400,250,05_resultados\revisao_operacional\campanha_v1\j00093.mat
j00094,400,250,05_resultados\revisao_operacional\campanha_v1\j00094.mat
j00095,400,250,05_resultados\revisao_operacional\campanha_v1\j00095.mat
j00096,400,250,05_resultados\revisao_operacional\campanha_v1\j00096.mat
j00097,400,250,05_resultados\revisao_operacional\evento_adiantado_corrigido_v1\j00097.mat
j00098,400,250,05_resultados\revisao_operacional\campanha_v1\j00098.mat
j00099,400,250,05_resultados\revisao_operacional\campanha_v1\j00099.mat
j00100,400,250,05_resultados\revisao_operacional\campanha_v1\j00100.mat
j00101,400,250,05_resultados\revisao_operacional\campanha_v1\j00101.mat
j00102,400,250,05_resultados\revisao_operacional\evento_adiantado_corrigido_v1\j00102.mat
j00103,400,250,05_resultados\revisao_operacional\campanha_v1\j00103.mat
j00104,400,250,05_resultados\revisao_operacional\campanha_v1\j00104.mat
j00105,400,250,05_resultados\revisao_operacional\campanha_v1\j00105.mat
j00106,400,250,05_resultados\revisao_operacional\campanha_v1\j00106.mat
j00107,400,250,05_resultados\revisao_operacional\evento_adiantado_corrigido_v1\j00107.mat
j00108,400,250,05_resultados\revisao_operacional\campanha_v1\j00108.mat
j00109,400,250,05_resultados\revisao_operacional\campanha_v1\j00109.mat
j00110,400,250,05_resultados\revisao_operacional\campanha_v1\j00110.mat
j00111,400,250,05_resultados\revisao_operacional\campanha_v1\j00111.mat
j00112,220,10,05_resultados\revisao_operacional\campanha_v1\j00112.mat
j00112,340,10,05_resultados\revisao_operacional\campanha_v1\j00112.mat
j00112,700,10,05_resultados\revisao_operacional\campanha_v1\j00112.mat
j00113,220,4,05_resultados\revisao_operacional\campanha_v1\j00113.mat
j00113,340,4,05_resultados\revisao_operacional\campanha_v1\j00113.mat
j00113,700,4,05_resultados\revisao_operacional\campanha_v1\j00113.mat
j00114,220,2,05_resultados\revisao_operacional\campanha_v1\j00114.mat
j00114,340,2,05_resultados\revisao_operacional\campanha_v1\j00114.mat
j00114,700,2,05_resultados\revisao_operacional\campanha_v1\j00114.mat
j00115,220,0,05_resultados\revisao_operacional\campanha_v1\j00115.mat
j00115,340,0,05_resultados\revisao_operacional\campanha_v1\j00115.mat
j00115,700,0,05_resultados\revisao_operacional\campanha_v1\j00115.mat
j00116,220,0,05_resultados\revisao_operacional\campanha_v1\j00116.mat
j00116,340,0,05_resultados\revisao_operacional\campanha_v1\j00116.mat
j00116,700,0,05_resultados\revisao_operacional\campanha_v1\j00116.mat
j00117,220,10,05_resultados\revisao_operacional\campanha_v1\j00117.mat
j00117,340,10,05_resultados\revisao_operacional\campanha_v1\j00117.mat
j00117,700,10,05_resultados\revisao_operacional\campanha_v1\j00117.mat
j00118,220,4,05_resultados\revisao_operacional\campanha_v1\j00118.mat
j00118,340,4,05_resultados\revisao_operacional\campanha_v1\j00118.mat
j00118,700,4,05_resultados\revisao_operacional\campanha_v1\j00118.mat
j00119,220,1,05_resultados\revisao_operacional\campanha_v1\j00119.mat
j00119,340,1,05_resultados\revisao_operacional\campanha_v1\j00119.mat
j00119,700,1,05_resultados\revisao_operacional\campanha_v1\j00119.mat
j00120,220,0,05_resultados\revisao_operacional\campanha_v1\j00120.mat
j00120,340,0,05_resultados\revisao_operacional\campanha_v1\j00120.mat
j00120,700,0,05_resultados\revisao_operacional\campanha_v1\j00120.mat
j00121,220,0,05_resultados\revisao_operacional\campanha_v1\j00121.mat
j00121,340,0,05_resultados\revisao_operacional\campanha_v1\j00121.mat
j00121,700,0,05_resultados\revisao_operacional\campanha_v1\j00121.mat
j00122,220,10,05_resultados\revisao_operacional\campanha_v1\j00122.mat
j00122,340,10,05_resultados\revisao_operacional\campanha_v1\j00122.mat
j00122,700,10,05_resultados\revisao_operacional\campanha_v1\j00122.mat
j00123,220,4,05_resultados\revisao_operacional\campanha_v1\j00123.mat
j00123,340,4,05_resultados\revisao_operacional\campanha_v1\j00123.mat
j00123,700,4,05_resultados\revisao_operacional\campanha_v1\j00123.mat
j00124,220,0,05_resultados\revisao_operacional\campanha_v1\j00124.mat
j00124,340,1,05_resultados\revisao_operacional\campanha_v1\j00124.mat
j00124,700,0,05_resultados\revisao_operacional\campanha_v1\j00124.mat
j00125,220,0,05_resultados\revisao_operacional\campanha_v1\j00125.mat
j00125,340,0,05_resultados\revisao_operacional\campanha_v1\j00125.mat
j00125,700,0,05_resultados\revisao_operacional\campanha_v1\j00125.mat
j00126,220,0,05_resultados\revisao_operacional\campanha_v1\j00126.mat
j00126,340,0,05_resultados\revisao_operacional\campanha_v1\j00126.mat
j00126,700,0,05_resultados\revisao_operacional\campanha_v1\j00126.mat
j00127,220,0,05_resultados\revisao_operacional\campanha_v1\j00127.mat
j00127,340,0,05_resultados\revisao_operacional\campanha_v1\j00127.mat
j00127,700,0,05_resultados\revisao_operacional\campanha_v1\j00127.mat
j00128,220,1,05_resultados\revisao_operacional\campanha_v1\j00128.mat
j00128,340,1,05_resultados\revisao_operacional\campanha_v1\j00128.mat
j00128,700,1,05_resultados\revisao_operacional\campanha_v1\j00128.mat
j00129,220,1,05_resultados\revisao_operacional\campanha_v1\j00129.mat
j00129,340,0,05_resultados\revisao_operacional\campanha_v1\j00129.mat
j00129,700,1,05_resultados\revisao_operacional\campanha_v1\j00129.mat
j00130,220,0,05_resultados\revisao_operacional\campanha_v1\j00130.mat
j00130,340,0,05_resultados\revisao_operacional\campanha_v1\j00130.mat
j00130,700,0,05_resultados\revisao_operacional\campanha_v1\j00130.mat
j00131,979,43,05_resultados\revisao_operacional\campanha_v1\j00131.mat
j00132,979,43,05_resultados\revisao_operacional\campanha_v1\j00132.mat
j00133,979,0,05_resultados\revisao_operacional\campanha_v1\j00133.mat
j00134,979,0,05_resultados\revisao_operacional\campanha_v1\j00134.mat
j00135,979,0,05_resultados\revisao_operacional\campanha_v1\j00135.mat
j00136,979,43,05_resultados\revisao_operacional\campanha_v1\j00136.mat
j00137,979,43,05_resultados\revisao_operacional\campanha_v1\j00137.mat
j00138,979,0,05_resultados\revisao_operacional\campanha_v1\j00138.mat
j00139,979,0,05_resultados\revisao_operacional\campanha_v1\j00139.mat
j00140,979,0,05_resultados\revisao_operacional\campanha_v1\j00140.mat
j00141,979,43,05_resultados\revisao_operacional\campanha_v1\j00141.mat
j00142,979,43,05_resultados\revisao_operacional\campanha_v1\j00142.mat
j00143,979,0,05_resultados\revisao_operacional\campanha_v1\j00143.mat
j00144,979,0,05_resultados\revisao_operacional\campanha_v1\j00144.mat
j00145,979,0,05_resultados\revisao_operacional\campanha_v1\j00145.mat
j00146,979,0,05_resultados\revisao_operacional\campanha_v1\j00146.mat
j00147,979,0,05_resultados\revisao_operacional\campanha_v1\j00147.mat
j00148,979,0,05_resultados\revisao_operacional\campanha_v1\j00148.mat
j00149,979,0,05_resultados\revisao_operacional\campanha_v1\j00149.mat
j00150,290,nan,05_resultados\revisao_operacional\campanha_v1\j00150.mat
j00150,296,nan,05_resultados\revisao_operacional\campanha_v1\j00150.mat
j00150,311,nan,05_resultados\revisao_operacional\campanha_v1\j00150.mat
j00150,437,nan,05_resultados\revisao_operacional\campanha_v1\j00150.mat
j00150,1141,nan,05_resultados\revisao_operacional\campanha_v1\j00150.mat
j00151,290,1.0,05_resultados\revisao_operacional\campanha_v1\j00151.mat
j00151,296,0.0,05_resultados\revisao_operacional\campanha_v1\j00151.mat
j00151,311,nan,05_resultados\revisao_operacional\campanha_v1\j00151.mat
j00151,437,nan,05_resultados\revisao_operacional\campanha_v1\j00151.mat
j00151,1141,nan,05_resultados\revisao_operacional\campanha_v1\j00151.mat
j00152,290,0,05_resultados\revisao_operacional\campanha_v1\j00152.mat
j00152,296,0,05_resultados\revisao_operacional\campanha_v1\j00152.mat
j00152,311,0,05_resultados\revisao_operacional\campanha_v1\j00152.mat
j00152,437,0,05_resultados\revisao_operacional\campanha_v1\j00152.mat
j00152,1141,0,05_resultados\revisao_operacional\campanha_v1\j00152.mat
j00153,290,0,05_resultados\revisao_operacional\campanha_v1\j00153.mat
j00153,296,0,05_resultados\revisao_operacional\campanha_v1\j00153.mat
j00153,311,0,05_resultados\revisao_operacional\campanha_v1\j00153.mat
j00153,437,0,05_resultados\revisao_operacional\campanha_v1\j00153.mat
j00153,1141,0,05_resultados\revisao_operacional\campanha_v1\j00153.mat
j00154,290,0,05_resultados\revisao_operacional\campanha_v1\j00154.mat
j00154,296,0,05_resultados\revisao_operacional\campanha_v1\j00154.mat
j00154,311,0,05_resultados\revisao_operacional\campanha_v1\j00154.mat
j00154,437,0,05_resultados\revisao_operacional\campanha_v1\j00154.mat
j00154,1141,0,05_resultados\revisao_operacional\campanha_v1\j00154.mat
j00155,290,nan,05_resultados\revisao_operacional\campanha_v1\j00155.mat
j00155,296,nan,05_resultados\revisao_operacional\campanha_v1\j00155.mat
j00155,311,nan,05_resultados\revisao_operacional\campanha_v1\j00155.mat
j00155,437,nan,05_resultados\revisao_operacional\campanha_v1\j00155.mat
j00155,1141,nan,05_resultados\revisao_operacional\campanha_v1\j00155.mat
j00156,290,1.0,05_resultados\revisao_operacional\campanha_v1\j00156.mat
j00156,296,0.0,05_resultados\revisao_operacional\campanha_v1\j00156.mat
j00156,311,nan,05_resultados\revisao_operacional\campanha_v1\j00156.mat
j00156,437,nan,05_resultados\revisao_operacional\campanha_v1\j00156.mat
j00156,1141,nan,05_resultados\revisao_operacional\campanha_v1\j00156.mat
j00157,290,0,05_resultados\revisao_operacional\campanha_v1\j00157.mat
j00157,296,0,05_resultados\revisao_operacional\campanha_v1\j00157.mat
j00157,311,0,05_resultados\revisao_operacional\campanha_v1\j00157.mat
j00157,437,0,05_resultados\revisao_operacional\campanha_v1\j00157.mat
j00157,1141,0,05_resultados\revisao_operacional\campanha_v1\j00157.mat
j00158,290,0,05_resultados\revisao_operacional\campanha_v1\j00158.mat
j00158,296,0,05_resultados\revisao_operacional\campanha_v1\j00158.mat
j00158,311,0,05_resultados\revisao_operacional\campanha_v1\j00158.mat
j00158,437,0,05_resultados\revisao_operacional\campanha_v1\j00158.mat
j00158,1141,0,05_resultados\revisao_operacional\campanha_v1\j00158.mat
j00159,290,0,05_resultados\revisao_operacional\campanha_v1\j00159.mat
j00159,296,0,05_resultados\revisao_operacional\campanha_v1\j00159.mat
j00159,311,0,05_resultados\revisao_operacional\campanha_v1\j00159.mat
j00159,437,0,05_resultados\revisao_operacional\campanha_v1\j00159.mat
j00159,1141,0,05_resultados\revisao_operacional\campanha_v1\j00159.mat
j00160,290,nan,05_resultados\revisao_operacional\campanha_v1\j00160.mat
j00160,296,nan,05_resultados\revisao_operacional\campanha_v1\j00160.mat
j00160,311,nan,05_resultados\revisao_operacional\campanha_v1\j00160.mat
j00160,437,nan,05_resultados\revisao_operacional\campanha_v1\j00160.mat
j00160,1141,nan,05_resultados\revisao_operacional\campanha_v1\j00160.mat
j00161,290,1.0,05_resultados\revisao_operacional\campanha_v1\j00161.mat
j00161,296,0.0,05_resultados\revisao_operacional\campanha_v1\j00161.mat
j00161,311,nan,05_resultados\revisao_operacional\campanha_v1\j00161.mat
j00161,437,nan,05_resultados\revisao_operacional\campanha_v1\j00161.mat
j00161,1141,nan,05_resultados\revisao_operacional\campanha_v1\j00161.mat
j00162,290,0,05_resultados\revisao_operacional\campanha_v1\j00162.mat
j00162,296,0,05_resultados\revisao_operacional\campanha_v1\j00162.mat
j00162,311,0,05_resultados\revisao_operacional\campanha_v1\j00162.mat
j00162,437,1,05_resultados\revisao_operacional\campanha_v1\j00162.mat
j00162,1141,0,05_resultados\revisao_operacional\campanha_v1\j00162.mat
j00163,290,0,05_resultados\revisao_operacional\campanha_v1\j00163.mat
j00163,296,0,05_resultados\revisao_operacional\campanha_v1\j00163.mat
j00163,311,0,05_resultados\revisao_operacional\campanha_v1\j00163.mat
j00163,437,0,05_resultados\revisao_operacional\campanha_v1\j00163.mat
j00163,1141,0,05_resultados\revisao_operacional\campanha_v1\j00163.mat
j00164,290,0,05_resultados\revisao_operacional\campanha_v1\j00164.mat
j00164,296,0,05_resultados\revisao_operacional\campanha_v1\j00164.mat
j00164,311,0,05_resultados\revisao_operacional\campanha_v1\j00164.mat
j00164,437,0,05_resultados\revisao_operacional\campanha_v1\j00164.mat
j00164,1141,0,05_resultados\revisao_operacional\campanha_v1\j00164.mat
j00165,290,0,05_resultados\revisao_operacional\campanha_v1\j00165.mat
j00165,296,0,05_resultados\revisao_operacional\campanha_v1\j00165.mat
j00165,311,0,05_resultados\revisao_operacional\campanha_v1\j00165.mat
j00165,437,0,05_resultados\revisao_operacional\campanha_v1\j00165.mat
j00165,1141,0,05_resultados\revisao_operacional\campanha_v1\j00165.mat
j00166,290,1,05_resultados\revisao_operacional\campanha_v1\j00166.mat
j00166,296,0,05_resultados\revisao_operacional\campanha_v1\j00166.mat
j00166,311,5,05_resultados\revisao_operacional\campanha_v1\j00166.mat
j00166,437,0,05_resultados\revisao_operacional\campanha_v1\j00166.mat
j00166,1141,0,05_resultados\revisao_operacional\campanha_v1\j00166.mat
j00167,290,0,05_resultados\revisao_operacional\campanha_v1\j00167.mat
j00167,296,0,05_resultados\revisao_operacional\campanha_v1\j00167.mat
j00167,311,5,05_resultados\revisao_operacional\campanha_v1\j00167.mat
j00167,437,0,05_resultados\revisao_operacional\campanha_v1\j00167.mat
j00167,1141,0,05_resultados\revisao_operacional\campanha_v1\j00167.mat
j00168,290,0,05_resultados\revisao_operacional\campanha_v1\j00168.mat
j00168,296,0,05_resultados\revisao_operacional\campanha_v1\j00168.mat
j00168,311,0,05_resultados\revisao_operacional\campanha_v1\j00168.mat
j00168,437,0,05_resultados\revisao_operacional\campanha_v1\j00168.mat
j00168,1141,0,05_resultados\revisao_operacional\campanha_v1\j00168.mat
j00169,500,150,05_resultados\revisao_operacional\campanha_v1\j00169.mat
j00170,400,0,05_resultados\revisao_operacional\campanha_v1\j00170.mat
j00171,500,150,05_resultados\revisao_operacional\campanha_v1\j00171.mat
j00172,400,0,05_resultados\revisao_operacional\campanha_v1\j00172.mat
j00173,500,150,05_resultados\revisao_operacional\campanha_v1\j00173.mat
j00174,400,0,05_resultados\revisao_operacional\campanha_v1\j00174.mat
j00175,500,150,05_resultados\revisao_operacional\campanha_v1\j00175.mat
j00176,400,0,05_resultados\revisao_operacional\campanha_v1\j00176.mat
j00177,500,150,05_resultados\revisao_operacional\campanha_v1\j00177.mat
j00178,400,0,05_resultados\revisao_operacional\campanha_v1\j00178.mat
j00179,500,150,05_resultados\revisao_operacional\campanha_v1\j00179.mat
j00180,400,0,05_resultados\revisao_operacional\campanha_v1\j00180.mat
j00181,500,150,05_resultados\revisao_operacional\campanha_v1\j00181.mat
j00182,400,0,05_resultados\revisao_operacional\campanha_v1\j00182.mat
j00183,500,150,05_resultados\revisao_operacional\campanha_v1\j00183.mat
j00184,400,0,05_resultados\revisao_operacional\campanha_v1\j00184.mat
j00185,500,150,05_resultados\revisao_operacional\campanha_v1\j00185.mat
j00186,400,0,05_resultados\revisao_operacional\campanha_v1\j00186.mat
j00187,500,150,05_resultados\revisao_operacional\campanha_v1\j00187.mat
j00188,400,0,05_resultados\revisao_operacional\campanha_v1\j00188.mat
j00189,500,150,05_resultados\revisao_operacional\campanha_v1\j00189.mat
j00190,400,0,05_resultados\revisao_operacional\campanha_v1\j00190.mat
j00191,500,150,05_resultados\revisao_operacional\campanha_v1\j00191.mat
j00192,400,0,05_resultados\revisao_operacional\campanha_v1\j00192.mat
j00193,500,150,05_resultados\revisao_operacional\campanha_v1\j00193.mat
j00194,400,0,05_resultados\revisao_operacional\campanha_v1\j00194.mat
j00195,500,150,05_resultados\revisao_operacional\campanha_v1\j00195.mat
j00196,400,0,05_resultados\revisao_operacional\campanha_v1\j00196.mat
j00197,500,150,05_resultados\revisao_operacional\campanha_v1\j00197.mat
j00198,400,0,05_resultados\revisao_operacional\campanha_v1\j00198.mat
j00199,500,150,05_resultados\revisao_operacional\campanha_v1\j00199.mat
j00200,500,150,05_resultados\revisao_operacional\campanha_v1\j00200.mat
j00201,500,150,05_resultados\revisao_operacional\campanha_v1\j00201.mat
j00202,500,150,05_resultados\revisao_operacional\campanha_v1\j00202.mat
j00203,500,150,05_resultados\revisao_operacional\evento_adiantado_corrigido_v1\j00203.mat
j00204,500,150,05_resultados\revisao_operacional\campanha_v1\j00204.mat
j00205,500,150,05_resultados\revisao_operacional\campanha_v1\j00205.mat
j00206,500,150,05_resultados\revisao_operacional\campanha_v1\j00206.mat
j00207,500,150,05_resultados\revisao_operacional\campanha_v1\j00207.mat
j00208,500,150,05_resultados\revisao_operacional\evento_adiantado_corrigido_v1\j00208.mat
j00209,500,150,05_resultados\revisao_operacional\campanha_v1\j00209.mat
j00210,500,150,05_resultados\revisao_operacional\campanha_v1\j00210.mat
j00211,500,150,05_resultados\revisao_operacional\campanha_v1\j00211.mat
j00212,500,150,05_resultados\revisao_operacional\campanha_v1\j00212.mat
j00213,500,150,05_resultados\revisao_operacional\evento_adiantado_corrigido_v1\j00213.mat
j00214,500,150,05_resultados\revisao_operacional\campanha_v1\j00214.mat
j00215,500,150,05_resultados\revisao_operacional\campanha_v1\j00215.mat
j00216,500,150,05_resultados\revisao_operacional\campanha_v1\j00216.mat
j00217,500,150,05_resultados\revisao_operacional\campanha_v1\j00217.mat
j00218,500,150,05_resultados\revisao_operacional\evento_adiantado_corrigido_v1\j00218.mat
j00219,500,150,05_resultados\revisao_operacional\campanha_v1\j00219.mat
j00220,500,150,05_resultados\revisao_operacional\campanha_v1\j00220.mat
j00221,500,150,05_resultados\revisao_operacional\campanha_v1\j00221.mat
j00222,500,150,05_resultados\revisao_operacional\campanha_v1\j00222.mat
j00223,500,150,05_resultados\revisao_operacional\evento_adiantado_corrigido_v1\j00223.mat
j00224,500,150,05_resultados\revisao_operacional\campanha_v1\j00224.mat
j00225,500,150,05_resultados\revisao_operacional\campanha_v1\j00225.mat
j00226,500,150,05_resultados\revisao_operacional\campanha_v1\j00226.mat
j00227,500,150,05_resultados\revisao_operacional\campanha_v1\j00227.mat
j00228,500,150,05_resultados\revisao_operacional\evento_adiantado_corrigido_v1\j00228.mat
j00229,500,150,05_resultados\revisao_operacional\campanha_v1\j00229.mat
j00230,500,150,05_resultados\revisao_operacional\campanha_v1\j00230.mat
j00231,500,150,05_resultados\revisao_operacional\campanha_v1\j00231.mat
j00232,500,150,05_resultados\revisao_operacional\campanha_v1\j00232.mat
j00233,500,150,05_resultados\revisao_operacional\evento_adiantado_corrigido_v1\j00233.mat
j00234,500,150,05_resultados\revisao_operacional\campanha_v1\j00234.mat
j00235,500,150,05_resultados\revisao_operacional\campanha_v1\j00235.mat
j00236,500,150,05_resultados\revisao_operacional\campanha_v1\j00236.mat
j00237,500,150,05_resultados\revisao_operacional\campanha_v1\j00237.mat
j00238,500,150,05_resultados\revisao_operacional\evento_adiantado_corrigido_v1\j00238.mat
j00239,500,150,05_resultados\revisao_operacional\campanha_v1\j00239.mat
j00240,500,150,05_resultados\revisao_operacional\campanha_v1\j00240.mat
j00241,500,150,05_resultados\revisao_operacional\campanha_v1\j00241.mat
j00242,500,150,05_resultados\revisao_operacional\campanha_v1\j00242.mat
j00243,500,150,05_resultados\revisao_operacional\evento_adiantado_corrigido_v1\j00243.mat
j00244,500,150,05_resultados\revisao_operacional\campanha_v1\j00244.mat
j00245,500,150,05_resultados\revisao_operacional\campanha_v1\j00245.mat
j00246,500,150,05_resultados\revisao_operacional\campanha_v1\j00246.mat
j00247,500,150,05_resultados\revisao_operacional\campanha_v1\j00247.mat
j00248,500,150,05_resultados\revisao_operacional\evento_adiantado_corrigido_v1\j00248.mat
j00249,500,150,05_resultados\revisao_operacional\campanha_v1\j00249.mat
j00250,500,150,05_resultados\revisao_operacional\campanha_v1\j00250.mat
j00251,500,150,05_resultados\revisao_operacional\campanha_v1\j00251.mat
j00252,500,150,05_resultados\revisao_operacional\campanha_v1\j00252.mat
j00253,500,150,05_resultados\revisao_operacional\evento_adiantado_corrigido_v1\j00253.mat
j00254,500,150,05_resultados\revisao_operacional\campanha_v1\j00254.mat
j00255,500,150,05_resultados\revisao_operacional\campanha_v1\j00255.mat
j00256,500,150,05_resultados\revisao_operacional\campanha_v1\j00256.mat
j00257,500,150,05_resultados\revisao_operacional\campanha_v1\j00257.mat
j00258,500,150,05_resultados\revisao_operacional\evento_adiantado_corrigido_v1\j00258.mat
j00259,500,150,05_resultados\revisao_operacional\campanha_v1\j00259.mat
j00260,500,150,05_resultados\revisao_operacional\campanha_v1\j00260.mat
j00261,500,150,05_resultados\revisao_operacional\campanha_v1\j00261.mat
j00262,500,150,05_resultados\revisao_operacional\campanha_v1\j00262.mat
j00263,500,150,05_resultados\revisao_operacional\evento_adiantado_corrigido_v1\j00263.mat
j00264,500,150,05_resultados\revisao_operacional\campanha_v1\j00264.mat
j00265,500,150,05_resultados\revisao_operacional\campanha_v1\j00265.mat
j00266,500,150,05_resultados\revisao_operacional\campanha_v1\j00266.mat
j00267,500,150,05_resultados\revisao_operacional\campanha_v1\j00267.mat
j00268,500,150,05_resultados\revisao_operacional\evento_adiantado_corrigido_v1\j00268.mat
j00269,500,150,05_resultados\revisao_operacional\campanha_v1\j00269.mat
j00270,500,150,05_resultados\revisao_operacional\campanha_v1\j00270.mat
j00271,500,150,05_resultados\revisao_operacional\campanha_v1\j00271.mat
j00272,500,150,05_resultados\revisao_operacional\campanha_v1\j00272.mat
j00273,500,150,05_resultados\revisao_operacional\evento_adiantado_corrigido_v1\j00273.mat
j00274,500,150,05_resultados\revisao_operacional\campanha_v1\j00274.mat
j00275,500,150,05_resultados\revisao_operacional\campanha_v1\j00275.mat
j00276,500,150,05_resultados\revisao_operacional\campanha_v1\j00276.mat
j00277,500,150,05_resultados\revisao_operacional\campanha_v1\j00277.mat
j00278,500,150,05_resultados\revisao_operacional\evento_adiantado_corrigido_v1\j00278.mat
j00279,500,150,05_resultados\revisao_operacional\campanha_v1\j00279.mat
j00280,500,150,05_resultados\revisao_operacional\campanha_v1\j00280.mat
j00281,500,150,05_resultados\revisao_operacional\campanha_v1\j00281.mat
j00282,500,150,05_resultados\revisao_operacional\campanha_v1\j00282.mat
j00283,500,150,05_resultados\revisao_operacional\evento_adiantado_corrigido_v1\j00283.mat
j00284,500,150,05_resultados\revisao_operacional\campanha_v1\j00284.mat
j00285,500,150,05_resultados\revisao_operacional\campanha_v1\j00285.mat
j00286,500,150,05_resultados\revisao_operacional\campanha_v1\j00286.mat
j00287,500,150,05_resultados\revisao_operacional\campanha_v1\j00287.mat
j00288,500,150,05_resultados\revisao_operacional\evento_adiantado_corrigido_v1\j00288.mat
j00289,500,150,05_resultados\revisao_operacional\campanha_v1\j00289.mat
j00290,500,150,05_resultados\revisao_operacional\campanha_v1\j00290.mat
j00291,500,150,05_resultados\revisao_operacional\campanha_v1\j00291.mat
j00292,500,150,05_resultados\revisao_operacional\campanha_v1\j00292.mat
j00293,500,150,05_resultados\revisao_operacional\evento_adiantado_corrigido_v1\j00293.mat
j00294,500,150,05_resultados\revisao_operacional\campanha_v1\j00294.mat
j00295,500,150,05_resultados\revisao_operacional\campanha_v1\j00295.mat
j00296,500,150,05_resultados\revisao_operacional\campanha_v1\j00296.mat
j00297,500,150,05_resultados\revisao_operacional\campanha_v1\j00297.mat
j00298,500,150,05_resultados\revisao_operacional\evento_adiantado_corrigido_v1\j00298.mat
j00299,500,150,05_resultados\revisao_operacional\campanha_v1\j00299.mat
j00300,500,150,05_resultados\revisao_operacional\campanha_v1\j00300.mat
j00301,500,150,05_resultados\revisao_operacional\campanha_v1\j00301.mat
j00302,500,150,05_resultados\revisao_operacional\campanha_v1\j00302.mat
j00303,500,150,05_resultados\revisao_operacional\evento_adiantado_corrigido_v1\j00303.mat
j00304,500,150,05_resultados\revisao_operacional\campanha_v1\j00304.mat
j00305,500,150,05_resultados\revisao_operacional\campanha_v1\j00305.mat
j00306,500,150,05_resultados\revisao_operacional\campanha_v1\j00306.mat
j00307,500,150,05_resultados\revisao_operacional\campanha_v1\j00307.mat
j00308,500,150,05_resultados\revisao_operacional\evento_adiantado_corrigido_v1\j00308.mat
j00309,500,150,05_resultados\revisao_operacional\campanha_v1\j00309.mat
j00310,500,150,05_resultados\revisao_operacional\campanha_v1\j00310.mat
j00311,500,150,05_resultados\revisao_operacional\campanha_v1\j00311.mat
j00312,500,150,05_resultados\revisao_operacional\campanha_v1\j00312.mat
j00313,500,150,05_resultados\revisao_operacional\evento_adiantado_corrigido_v1\j00313.mat
j00314,500,150,05_resultados\revisao_operacional\campanha_v1\j00314.mat
j00315,500,150,05_resultados\revisao_operacional\campanha_v1\j00315.mat
j00316,500,150,05_resultados\revisao_operacional\campanha_v1\j00316.mat
j00317,500,150,05_resultados\revisao_operacional\campanha_v1\j00317.mat
j00318,500,150,05_resultados\revisao_operacional\evento_adiantado_corrigido_v1\j00318.mat
j00319,500,150,05_resultados\revisao_operacional\campanha_v1\j00319.mat
j00320,500,150,05_resultados\revisao_operacional\campanha_v1\j00320.mat
j00321,500,150,05_resultados\revisao_operacional\campanha_v1\j00321.mat
j00322,500,150,05_resultados\revisao_operacional\campanha_v1\j00322.mat
j00323,500,150,05_resultados\revisao_operacional\evento_adiantado_corrigido_v1\j00323.mat
j00324,500,150,05_resultados\revisao_operacional\campanha_v1\j00324.mat
j00325,500,150,05_resultados\revisao_operacional\campanha_v1\j00325.mat
j00326,500,150,05_resultados\revisao_operacional\campanha_v1\j00326.mat
j00327,500,150,05_resultados\revisao_operacional\campanha_v1\j00327.mat
j00328,500,150,05_resultados\revisao_operacional\evento_adiantado_corrigido_v1\j00328.mat
j00329,500,150,05_resultados\revisao_operacional\campanha_v1\j00329.mat
j00330,500,150,05_resultados\revisao_operacional\campanha_v1\j00330.mat
j00331,500,150,05_resultados\revisao_operacional\campanha_v1\j00331.mat
j00332,500,150,05_resultados\revisao_operacional\campanha_v1\j00332.mat
j00333,500,150,05_resultados\revisao_operacional\evento_adiantado_corrigido_v1\j00333.mat
j00334,500,150,05_resultados\revisao_operacional\campanha_v1\j00334.mat
j00335,500,150,05_resultados\revisao_operacional\campanha_v1\j00335.mat
j00336,500,150,05_resultados\revisao_operacional\campanha_v1\j00336.mat
j00337,500,150,05_resultados\revisao_operacional\campanha_v1\j00337.mat
j00338,500,150,05_resultados\revisao_operacional\evento_adiantado_corrigido_v1\j00338.mat
j00339,500,150,05_resultados\revisao_operacional\campanha_v1\j00339.mat
j00340,500,150,05_resultados\revisao_operacional\campanha_v1\j00340.mat
j00341,500,150,05_resultados\revisao_operacional\campanha_v1\j00341.mat
j00342,500,150,05_resultados\revisao_operacional\campanha_v1\j00342.mat
j00343,500,150,05_resultados\revisao_operacional\evento_adiantado_corrigido_v1\j00343.mat
j00344,500,150,05_resultados\revisao_operacional\campanha_v1\j00344.mat
j00345,500,150,05_resultados\revisao_operacional\campanha_v1\j00345.mat
j00346,500,150,05_resultados\revisao_operacional\campanha_v1\j00346.mat
j00347,500,150,05_resultados\revisao_operacional\campanha_v1\j00347.mat
j00348,500,150,05_resultados\revisao_operacional\evento_adiantado_corrigido_v1\j00348.mat
j00349,500,150,05_resultados\revisao_operacional\campanha_v1\j00349.mat
j00350,500,150,05_resultados\revisao_operacional\campanha_v1\j00350.mat
j00351,500,150,05_resultados\revisao_operacional\campanha_v1\j00351.mat
j00352,500,150,05_resultados\revisao_operacional\campanha_v1\j00352.mat
j00353,500,150,05_resultados\revisao_operacional\evento_adiantado_corrigido_v1\j00353.mat
j00354,500,150,05_resultados\revisao_operacional\campanha_v1\j00354.mat
j00355,500,150,05_resultados\revisao_operacional\campanha_v1\j00355.mat
j00356,500,150,05_resultados\revisao_operacional\campanha_v1\j00356.mat
j00357,500,150,05_resultados\revisao_operacional\campanha_v1\j00357.mat
j00358,500,150,05_resultados\revisao_operacional\evento_adiantado_corrigido_v1\j00358.mat
j00359,500,150,05_resultados\revisao_operacional\campanha_v1\j00359.mat
j00360,500,150,05_resultados\revisao_operacional\campanha_v1\j00360.mat
j00361,500,150,05_resultados\revisao_operacional\campanha_v1\j00361.mat
j00362,500,150,05_resultados\revisao_operacional\campanha_v1\j00362.mat
j00363,500,150,05_resultados\revisao_operacional\evento_adiantado_corrigido_v1\j00363.mat
j00364,500,150,05_resultados\revisao_operacional\campanha_v1\j00364.mat
j00365,500,150,05_resultados\revisao_operacional\campanha_v1\j00365.mat
j00366,500,150,05_resultados\revisao_operacional\campanha_v1\j00366.mat
j00367,500,150,05_resultados\revisao_operacional\campanha_v1\j00367.mat
j00368,500,150,05_resultados\revisao_operacional\evento_adiantado_corrigido_v1\j00368.mat
j00369,500,150,05_resultados\revisao_operacional\campanha_v1\j00369.mat
j00370,500,150,05_resultados\revisao_operacional\campanha_v1\j00370.mat
j00371,500,150,05_resultados\revisao_operacional\campanha_v1\j00371.mat
j00372,500,150,05_resultados\revisao_operacional\campanha_v1\j00372.mat
j00373,500,150,05_resultados\revisao_operacional\evento_adiantado_corrigido_v1\j00373.mat
j00374,500,150,05_resultados\revisao_operacional\campanha_v1\j00374.mat
j00375,500,150,05_resultados\revisao_operacional\campanha_v1\j00375.mat
j00376,500,150,05_resultados\revisao_operacional\campanha_v1\j00376.mat
j00377,500,150,05_resultados\revisao_operacional\campanha_v1\j00377.mat
j00378,500,150,05_resultados\revisao_operacional\evento_adiantado_corrigido_v1\j00378.mat
j00379,500,150,05_resultados\revisao_operacional\campanha_v1\j00379.mat
j00380,500,150,05_resultados\revisao_operacional\campanha_v1\j00380.mat
j00381,500,150,05_resultados\revisao_operacional\campanha_v1\j00381.mat
j00382,500,150,05_resultados\revisao_operacional\campanha_v1\j00382.mat
j00383,500,150,05_resultados\revisao_operacional\evento_adiantado_corrigido_v1\j00383.mat
j00384,500,150,05_resultados\revisao_operacional\campanha_v1\j00384.mat
j00385,500,150,05_resultados\revisao_operacional\campanha_v1\j00385.mat
j00386,500,150,05_resultados\revisao_operacional\campanha_v1\j00386.mat
j00387,500,150,05_resultados\revisao_operacional\campanha_v1\j00387.mat
j00388,500,150,05_resultados\revisao_operacional\evento_adiantado_corrigido_v1\j00388.mat
j00389,500,150,05_resultados\revisao_operacional\campanha_v1\j00389.mat
j00390,500,150,05_resultados\revisao_operacional\campanha_v1\j00390.mat
j00391,500,150,05_resultados\revisao_operacional\campanha_v1\j00391.mat
j00392,500,150,05_resultados\revisao_operacional\campanha_v1\j00392.mat
j00393,500,150,05_resultados\revisao_operacional\evento_adiantado_corrigido_v1\j00393.mat
j00394,500,150,05_resultados\revisao_operacional\campanha_v1\j00394.mat
j00395,500,150,05_resultados\revisao_operacional\campanha_v1\j00395.mat
j00396,500,150,05_resultados\revisao_operacional\campanha_v1\j00396.mat
j00397,500,150,05_resultados\revisao_operacional\campanha_v1\j00397.mat
j00398,500,150,05_resultados\revisao_operacional\evento_adiantado_corrigido_v1\j00398.mat
j00399,500,150,05_resultados\revisao_operacional\campanha_v1\j00399.mat
j00400,500,150,05_resultados\revisao_operacional\campanha_v1\j00400.mat
j00401,500,150,05_resultados\revisao_operacional\campanha_v1\j00401.mat
j00402,500,150,05_resultados\revisao_operacional\campanha_v1\j00402.mat
j00403,500,150,05_resultados\revisao_operacional\evento_adiantado_corrigido_v1\j00403.mat
j00404,500,150,05_resultados\revisao_operacional\campanha_v1\j00404.mat
j00405,500,150,05_resultados\revisao_operacional\campanha_v1\j00405.mat
j00406,500,150,05_resultados\revisao_operacional\campanha_v1\j00406.mat
j00407,500,150,05_resultados\revisao_operacional\campanha_v1\j00407.mat
j00408,500,150,05_resultados\revisao_operacional\campanha_v1\j00408.mat
j00409,500,150,05_resultados\revisao_operacional\campanha_v1\j00409.mat
j00410,500,150,05_resultados\revisao_operacional\campanha_v1\j00410.mat
j00411,500,150,05_resultados\revisao_operacional\evento_adiantado_corrigido_v1\j00411.mat
j00412,500,150,05_resultados\revisao_operacional\campanha_v1\j00412.mat
j00413,500,150,05_resultados\revisao_operacional\campanha_v1\j00413.mat
j00414,500,150,05_resultados\revisao_operacional\campanha_v1\j00414.mat
j00415,500,150,05_resultados\revisao_operacional\campanha_v1\j00415.mat
j00416,500,150,05_resultados\revisao_operacional\evento_adiantado_corrigido_v1\j00416.mat
j00417,500,150,05_resultados\revisao_operacional\campanha_v1\j00417.mat
j00418,500,150,05_resultados\revisao_operacional\campanha_v1\j00418.mat
j00419,500,150,05_resultados\revisao_operacional\campanha_v1\j00419.mat
j00420,500,150,05_resultados\revisao_operacional\campanha_v1\j00420.mat
j00421,500,150,05_resultados\revisao_operacional\evento_adiantado_corrigido_v1\j00421.mat
j00422,500,150,05_resultados\revisao_operacional\campanha_v1\j00422.mat
j00423,500,150,05_resultados\revisao_operacional\campanha_v1\j00423.mat
j00424,500,150,05_resultados\revisao_operacional\campanha_v1\j00424.mat
j00425,500,150,05_resultados\revisao_operacional\campanha_v1\j00425.mat
j00426,500,150,05_resultados\revisao_operacional\evento_adiantado_corrigido_v1\j00426.mat
j00427,500,150,05_resultados\revisao_operacional\campanha_v1\j00427.mat
j00428,500,150,05_resultados\revisao_operacional\campanha_v1\j00428.mat
j00429,500,150,05_resultados\revisao_operacional\campanha_v1\j00429.mat
j00430,500,150,05_resultados\revisao_operacional\campanha_v1\j00430.mat
j00431,500,150,05_resultados\revisao_operacional\evento_adiantado_corrigido_v1\j00431.mat
j00437,500,150,05_resultados\revisao_operacional\campanha_v1\j00437.mat
j00438,500,150,05_resultados\revisao_operacional\campanha_v1\j00438.mat
j00439,500,150,05_resultados\revisao_operacional\campanha_v1\j00439.mat
j00440,500,150,05_resultados\revisao_operacional\campanha_v1\j00440.mat
j00441,500,150,05_resultados\revisao_operacional\campanha_v1\j00441.mat
j00442,500,150,05_resultados\revisao_operacional\campanha_v1\j00442.mat
j00443,500,150,05_resultados\revisao_operacional\campanha_v1\j00443.mat
j00444,500,150,05_resultados\revisao_operacional\campanha_v1\j00444.mat
j00445,500,150,05_resultados\revisao_operacional\campanha_v1\j00445.mat
j00446,500,150,05_resultados\revisao_operacional\campanha_v1\j00446.mat
j00447,500,150,05_resultados\revisao_operacional\campanha_v1\j00447.mat
j00448,500,150,05_resultados\revisao_operacional\campanha_v1\j00448.mat
j00449,500,150,05_resultados\revisao_operacional\campanha_v1\j00449.mat
j00450,500,150,05_resultados\revisao_operacional\campanha_v1\j00450.mat
j00451,500,150,05_resultados\revisao_operacional\campanha_v1\j00451.mat
j00452,500,150,05_resultados\revisao_operacional\campanha_v1\j00452.mat
j00453,500,150,05_resultados\revisao_operacional\campanha_v1\j00453.mat
j00454,500,150,05_resultados\revisao_operacional\campanha_v1\j00454.mat
j00455,500,150,05_resultados\revisao_operacional\campanha_v1\j00455.mat
j00456,500,150,05_resultados\revisao_operacional\campanha_v1\j00456.mat
j00457,500,150,05_resultados\revisao_operacional\campanha_v1\j00457.mat
j00458,500,150,05_resultados\revisao_operacional\campanha_v1\j00458.mat
j00459,500,150,05_resultados\revisao_operacional\campanha_v1\j00459.mat
j00460,500,150,05_resultados\revisao_operacional\campanha_v1\j00460.mat
j00461,500,150,05_resultados\revisao_operacional\evento_adiantado_corrigido_v1\j00461.mat
j00462,220,5,05_resultados\revisao_operacional\campanha_v1\j00462.mat
j00462,340,5,05_resultados\revisao_operacional\campanha_v1\j00462.mat
j00462,700,5,05_resultados\revisao_operacional\campanha_v1\j00462.mat
j00463,220,1,05_resultados\revisao_operacional\campanha_v1\j00463.mat
j00463,340,1,05_resultados\revisao_operacional\campanha_v1\j00463.mat
j00463,700,1,05_resultados\revisao_operacional\campanha_v1\j00463.mat
j00464,220,2,05_resultados\revisao_operacional\campanha_v1\j00464.mat
j00464,340,2,05_resultados\revisao_operacional\campanha_v1\j00464.mat
j00464,700,2,05_resultados\revisao_operacional\campanha_v1\j00464.mat
j00465,220,0,05_resultados\revisao_operacional\campanha_v1\j00465.mat
j00465,340,0,05_resultados\revisao_operacional\campanha_v1\j00465.mat
j00465,700,0,05_resultados\revisao_operacional\campanha_v1\j00465.mat
j00466,220,0,05_resultados\revisao_operacional\campanha_v1\j00466.mat
j00466,340,0,05_resultados\revisao_operacional\campanha_v1\j00466.mat
j00466,700,0,05_resultados\revisao_operacional\campanha_v1\j00466.mat
j00467,500,150,05_resultados\revisao_operacional\campanha_v1\j00467.mat
j00468,500,150,05_resultados\revisao_operacional\campanha_v1\j00468.mat
j00469,500,150,05_resultados\revisao_operacional\campanha_v1\j00469.mat
j00470,500,150,05_resultados\revisao_operacional\campanha_v1\j00470.mat
j00471,500,150,05_resultados\revisao_operacional\evento_adiantado_corrigido_v1\j00471.mat
j00472,220,11,05_resultados\revisao_operacional\campanha_v1\j00472.mat
j00472,340,11,05_resultados\revisao_operacional\campanha_v1\j00472.mat
j00472,700,11,05_resultados\revisao_operacional\campanha_v1\j00472.mat
j00473,220,4,05_resultados\revisao_operacional\campanha_v1\j00473.mat
j00473,340,4,05_resultados\revisao_operacional\campanha_v1\j00473.mat
j00473,700,4,05_resultados\revisao_operacional\campanha_v1\j00473.mat
j00474,220,2,05_resultados\revisao_operacional\campanha_v1\j00474.mat
j00474,340,2,05_resultados\revisao_operacional\campanha_v1\j00474.mat
j00474,700,2,05_resultados\revisao_operacional\campanha_v1\j00474.mat
j00475,220,0,05_resultados\revisao_operacional\campanha_v1\j00475.mat
j00475,340,0,05_resultados\revisao_operacional\campanha_v1\j00475.mat
j00475,700,0,05_resultados\revisao_operacional\campanha_v1\j00475.mat
j00476,220,0,05_resultados\revisao_operacional\campanha_v1\j00476.mat
j00476,340,0,05_resultados\revisao_operacional\campanha_v1\j00476.mat
j00476,700,0,05_resultados\revisao_operacional\campanha_v1\j00476.mat
j00477,500,150,05_resultados\revisao_operacional\campanha_v1\j00477.mat
j00478,500,150,05_resultados\revisao_operacional\campanha_v1\j00478.mat
j00479,500,158,05_resultados\revisao_operacional\campanha_v1\j00479.mat
j00480,500,150,05_resultados\revisao_operacional\campanha_v1\j00480.mat
j00481,500,150,05_resultados\revisao_operacional\evento_adiantado_corrigido_v1\j00481.mat
j00482,220,22,05_resultados\revisao_operacional\campanha_v1\j00482.mat
j00482,340,22,05_resultados\revisao_operacional\campanha_v1\j00482.mat
j00482,700,22,05_resultados\revisao_operacional\campanha_v1\j00482.mat
j00483,220,11,05_resultados\revisao_operacional\campanha_v1\j00483.mat
j00483,340,11,05_resultados\revisao_operacional\campanha_v1\j00483.mat
j00483,700,11,05_resultados\revisao_operacional\campanha_v1\j00483.mat
j00484,220,3,05_resultados\revisao_operacional\campanha_v1\j00484.mat
j00484,340,3,05_resultados\revisao_operacional\campanha_v1\j00484.mat
j00484,700,3,05_resultados\revisao_operacional\campanha_v1\j00484.mat
j00485,220,0,05_resultados\revisao_operacional\campanha_v1\j00485.mat
j00485,340,0,05_resultados\revisao_operacional\campanha_v1\j00485.mat
j00485,700,0,05_resultados\revisao_operacional\campanha_v1\j00485.mat
j00486,220,0,05_resultados\revisao_operacional\campanha_v1\j00486.mat
j00486,340,0,05_resultados\revisao_operacional\campanha_v1\j00486.mat
j00486,700,0,05_resultados\revisao_operacional\campanha_v1\j00486.mat
j00487,500,150,05_resultados\revisao_operacional\campanha_v1\j00487.mat
j00488,500,150,05_resultados\revisao_operacional\campanha_v1\j00488.mat
j00489,500,150,05_resultados\revisao_operacional\campanha_v1\j00489.mat
j00490,500,150,05_resultados\revisao_operacional\campanha_v1\j00490.mat
j00491,500,150,05_resultados\revisao_operacional\evento_adiantado_corrigido_v1\j00491.mat
j00492,220,5,05_resultados\revisao_operacional\campanha_v1\j00492.mat
j00492,340,5,05_resultados\revisao_operacional\campanha_v1\j00492.mat
j00492,700,5,05_resultados\revisao_operacional\campanha_v1\j00492.mat
j00493,220,1,05_resultados\revisao_operacional\campanha_v1\j00493.mat
j00493,340,1,05_resultados\revisao_operacional\campanha_v1\j00493.mat
j00493,700,1,05_resultados\revisao_operacional\campanha_v1\j00493.mat
j00494,220,2,05_resultados\revisao_operacional\campanha_v1\j00494.mat
j00494,340,2,05_resultados\revisao_operacional\campanha_v1\j00494.mat
j00494,700,2,05_resultados\revisao_operacional\campanha_v1\j00494.mat
j00495,220,0,05_resultados\revisao_operacional\campanha_v1\j00495.mat
j00495,340,0,05_resultados\revisao_operacional\campanha_v1\j00495.mat
j00495,700,0,05_resultados\revisao_operacional\campanha_v1\j00495.mat
j00496,220,0,05_resultados\revisao_operacional\campanha_v1\j00496.mat
j00496,340,0,05_resultados\revisao_operacional\campanha_v1\j00496.mat
j00496,700,0,05_resultados\revisao_operacional\campanha_v1\j00496.mat
j00497,500,150,05_resultados\revisao_operacional\campanha_v1\j00497.mat
j00498,500,150,05_resultados\revisao_operacional\campanha_v1\j00498.mat
j00499,500,150,05_resultados\revisao_operacional\campanha_v1\j00499.mat
j00500,500,150,05_resultados\revisao_operacional\campanha_v1\j00500.mat
j00501,500,150,05_resultados\revisao_operacional\evento_adiantado_corrigido_v1\j00501.mat
j00502,220,11,05_resultados\revisao_operacional\campanha_v1\j00502.mat
j00502,340,11,05_resultados\revisao_operacional\campanha_v1\j00502.mat
j00502,700,11,05_resultados\revisao_operacional\campanha_v1\j00502.mat
j00503,220,4,05_resultados\revisao_operacional\campanha_v1\j00503.mat
j00503,340,4,05_resultados\revisao_operacional\campanha_v1\j00503.mat
j00503,700,4,05_resultados\revisao_operacional\campanha_v1\j00503.mat
j00504,220,2,05_resultados\revisao_operacional\campanha_v1\j00504.mat
j00504,340,2,05_resultados\revisao_operacional\campanha_v1\j00504.mat
j00504,700,2,05_resultados\revisao_operacional\campanha_v1\j00504.mat
j00505,220,0,05_resultados\revisao_operacional\campanha_v1\j00505.mat
j00505,340,0,05_resultados\revisao_operacional\campanha_v1\j00505.mat
j00505,700,0,05_resultados\revisao_operacional\campanha_v1\j00505.mat
j00506,220,0,05_resultados\revisao_operacional\campanha_v1\j00506.mat
j00506,340,0,05_resultados\revisao_operacional\campanha_v1\j00506.mat
j00506,700,0,05_resultados\revisao_operacional\campanha_v1\j00506.mat
j00507,500,150,05_resultados\revisao_operacional\campanha_v1\j00507.mat
j00508,500,150,05_resultados\revisao_operacional\campanha_v1\j00508.mat
j00509,500,158,05_resultados\revisao_operacional\campanha_v1\j00509.mat
j00510,500,150,05_resultados\revisao_operacional\campanha_v1\j00510.mat
j00511,500,150,05_resultados\revisao_operacional\evento_adiantado_corrigido_v1\j00511.mat
j00512,220,22,05_resultados\revisao_operacional\campanha_v1\j00512.mat
j00512,340,22,05_resultados\revisao_operacional\campanha_v1\j00512.mat
j00512,700,22,05_resultados\revisao_operacional\campanha_v1\j00512.mat
j00513,220,11,05_resultados\revisao_operacional\campanha_v1\j00513.mat
j00513,340,11,05_resultados\revisao_operacional\campanha_v1\j00513.mat
j00513,700,11,05_resultados\revisao_operacional\campanha_v1\j00513.mat
j00514,220,3,05_resultados\revisao_operacional\campanha_v1\j00514.mat
j00514,340,3,05_resultados\revisao_operacional\campanha_v1\j00514.mat
j00514,700,3,05_resultados\revisao_operacional\campanha_v1\j00514.mat
j00515,220,0,05_resultados\revisao_operacional\campanha_v1\j00515.mat
j00515,340,0,05_resultados\revisao_operacional\campanha_v1\j00515.mat
j00515,700,0,05_resultados\revisao_operacional\campanha_v1\j00515.mat
j00516,220,0,05_resultados\revisao_operacional\campanha_v1\j00516.mat
j00516,340,0,05_resultados\revisao_operacional\campanha_v1\j00516.mat
j00516,700,0,05_resultados\revisao_operacional\campanha_v1\j00516.mat
j00517,500,150,05_resultados\revisao_operacional\campanha_v1\j00517.mat
j00518,500,150,05_resultados\revisao_operacional\campanha_v1\j00518.mat
j00519,500,150,05_resultados\revisao_operacional\campanha_v1\j00519.mat
j00520,500,150,05_resultados\revisao_operacional\campanha_v1\j00520.mat
j00521,500,150,05_resultados\revisao_operacional\evento_adiantado_corrigido_v1\j00521.mat
j00522,220,5,05_resultados\revisao_operacional\campanha_v1\j00522.mat
j00522,340,5,05_resultados\revisao_operacional\campanha_v1\j00522.mat
j00522,700,5,05_resultados\revisao_operacional\campanha_v1\j00522.mat
j00523,220,1,05_resultados\revisao_operacional\campanha_v1\j00523.mat
j00523,340,1,05_resultados\revisao_operacional\campanha_v1\j00523.mat
j00523,700,1,05_resultados\revisao_operacional\campanha_v1\j00523.mat
j00524,220,1,05_resultados\revisao_operacional\campanha_v1\j00524.mat
j00524,340,1,05_resultados\revisao_operacional\campanha_v1\j00524.mat
j00524,700,1,05_resultados\revisao_operacional\campanha_v1\j00524.mat
j00525,220,0,05_resultados\revisao_operacional\campanha_v1\j00525.mat
j00525,340,0,05_resultados\revisao_operacional\campanha_v1\j00525.mat
j00525,700,0,05_resultados\revisao_operacional\campanha_v1\j00525.mat
j00526,220,0,05_resultados\revisao_operacional\campanha_v1\j00526.mat
j00526,340,0,05_resultados\revisao_operacional\campanha_v1\j00526.mat
j00526,700,0,05_resultados\revisao_operacional\campanha_v1\j00526.mat
j00527,500,150,05_resultados\revisao_operacional\campanha_v1\j00527.mat
j00528,500,150,05_resultados\revisao_operacional\campanha_v1\j00528.mat
j00529,500,150,05_resultados\revisao_operacional\campanha_v1\j00529.mat
j00530,500,150,05_resultados\revisao_operacional\campanha_v1\j00530.mat
j00531,500,150,05_resultados\revisao_operacional\evento_adiantado_corrigido_v1\j00531.mat
j00532,220,10,05_resultados\revisao_operacional\campanha_v1\j00532.mat
j00532,340,10,05_resultados\revisao_operacional\campanha_v1\j00532.mat
j00532,700,10,05_resultados\revisao_operacional\campanha_v1\j00532.mat
j00533,220,4,05_resultados\revisao_operacional\campanha_v1\j00533.mat
j00533,340,4,05_resultados\revisao_operacional\campanha_v1\j00533.mat
j00533,700,4,05_resultados\revisao_operacional\campanha_v1\j00533.mat
j00534,220,2,05_resultados\revisao_operacional\campanha_v1\j00534.mat
j00534,340,2,05_resultados\revisao_operacional\campanha_v1\j00534.mat
j00534,700,2,05_resultados\revisao_operacional\campanha_v1\j00534.mat
j00535,220,0,05_resultados\revisao_operacional\campanha_v1\j00535.mat
j00535,340,0,05_resultados\revisao_operacional\campanha_v1\j00535.mat
j00535,700,0,05_resultados\revisao_operacional\campanha_v1\j00535.mat
j00536,220,0,05_resultados\revisao_operacional\campanha_v1\j00536.mat
j00536,340,0,05_resultados\revisao_operacional\campanha_v1\j00536.mat
j00536,700,0,05_resultados\revisao_operacional\campanha_v1\j00536.mat
j00537,500,150,05_resultados\revisao_operacional\campanha_v1\j00537.mat
j00538,500,150,05_resultados\revisao_operacional\campanha_v1\j00538.mat
j00539,500,158,05_resultados\revisao_operacional\campanha_v1\j00539.mat
j00540,500,150,05_resultados\revisao_operacional\campanha_v1\j00540.mat
j00541,500,150,05_resultados\revisao_operacional\evento_adiantado_corrigido_v1\j00541.mat
j00542,220,20,05_resultados\revisao_operacional\campanha_v1\j00542.mat
j00542,340,20,05_resultados\revisao_operacional\campanha_v1\j00542.mat
j00542,700,20,05_resultados\revisao_operacional\campanha_v1\j00542.mat
j00543,220,11,05_resultados\revisao_operacional\campanha_v1\j00543.mat
j00543,340,11,05_resultados\revisao_operacional\campanha_v1\j00543.mat
j00543,700,11,05_resultados\revisao_operacional\campanha_v1\j00543.mat
j00544,220,3,05_resultados\revisao_operacional\campanha_v1\j00544.mat
j00544,340,3,05_resultados\revisao_operacional\campanha_v1\j00544.mat
j00544,700,3,05_resultados\revisao_operacional\campanha_v1\j00544.mat
j00545,220,0,05_resultados\revisao_operacional\campanha_v1\j00545.mat
j00545,340,0,05_resultados\revisao_operacional\campanha_v1\j00545.mat
j00545,700,0,05_resultados\revisao_operacional\campanha_v1\j00545.mat
j00546,220,0,05_resultados\revisao_operacional\campanha_v1\j00546.mat
j00546,340,0,05_resultados\revisao_operacional\campanha_v1\j00546.mat
j00546,700,0,05_resultados\revisao_operacional\campanha_v1\j00546.mat
j00547,472,9,05_resultados\revisao_operacional\campanha_v1\j00547.mat
j00547,767,16,05_resultados\revisao_operacional\campanha_v1\j00547.mat
j00548,472,9,05_resultados\revisao_operacional\campanha_v1\j00548.mat
j00548,767,16,05_resultados\revisao_operacional\campanha_v1\j00548.mat
j00549,472,0,05_resultados\revisao_operacional\campanha_v1\j00549.mat
j00549,767,0,05_resultados\revisao_operacional\campanha_v1\j00549.mat
j00550,472,0,05_resultados\revisao_operacional\campanha_v1\j00550.mat
j00550,767,0,05_resultados\revisao_operacional\campanha_v1\j00550.mat
j00551,472,0,05_resultados\revisao_operacional\campanha_v1\j00551.mat
j00551,767,0,05_resultados\revisao_operacional\campanha_v1\j00551.mat
j00552,263,103,05_resultados\revisao_operacional\campanha_v1\j00552.mat
j00552,581,24,05_resultados\revisao_operacional\campanha_v1\j00552.mat
j00552,879,25,05_resultados\revisao_operacional\campanha_v1\j00552.mat
j00553,263,103,05_resultados\revisao_operacional\campanha_v1\j00553.mat
j00553,581,24,05_resultados\revisao_operacional\campanha_v1\j00553.mat
j00553,879,25,05_resultados\revisao_operacional\campanha_v1\j00553.mat
j00554,263,0,05_resultados\revisao_operacional\campanha_v1\j00554.mat
j00554,581,0,05_resultados\revisao_operacional\campanha_v1\j00554.mat
j00554,879,0,05_resultados\revisao_operacional\campanha_v1\j00554.mat
j00555,263,0,05_resultados\revisao_operacional\campanha_v1\j00555.mat
j00555,581,0,05_resultados\revisao_operacional\campanha_v1\j00555.mat
j00555,879,0,05_resultados\revisao_operacional\campanha_v1\j00555.mat
j00556,263,0,05_resultados\revisao_operacional\campanha_v1\j00556.mat
j00556,581,0,05_resultados\revisao_operacional\campanha_v1\j00556.mat
j00556,879,0,05_resultados\revisao_operacional\campanha_v1\j00556.mat
j00557,1097,45,05_resultados\revisao_operacional\campanha_v1\j00557.mat
j00558,1097,45,05_resultados\revisao_operacional\campanha_v1\j00558.mat
j00559,1097,0,05_resultados\revisao_operacional\campanha_v1\j00559.mat
j00560,1097,0,05_resultados\revisao_operacional\campanha_v1\j00560.mat
j00561,1097,0,05_resultados\revisao_operacional\campanha_v1\j00561.mat
j00562,45,87,05_resultados\revisao_operacional\campanha_v1\j00562.mat
j00562,414,7,05_resultados\revisao_operacional\campanha_v1\j00562.mat
j00562,518,24,05_resultados\revisao_operacional\campanha_v1\j00562.mat
j00562,652,10,05_resultados\revisao_operacional\campanha_v1\j00562.mat
j00562,731,50,05_resultados\revisao_operacional\campanha_v1\j00562.mat
j00563,45,87,05_resultados\revisao_operacional\campanha_v1\j00563.mat
j00563,414,7,05_resultados\revisao_operacional\campanha_v1\j00563.mat
j00563,518,24,05_resultados\revisao_operacional\campanha_v1\j00563.mat
j00563,652,10,05_resultados\revisao_operacional\campanha_v1\j00563.mat
j00563,731,50,05_resultados\revisao_operacional\campanha_v1\j00563.mat
j00564,45,0,05_resultados\revisao_operacional\campanha_v1\j00564.mat
j00564,414,0,05_resultados\revisao_operacional\campanha_v1\j00564.mat
j00564,518,0,05_resultados\revisao_operacional\campanha_v1\j00564.mat
j00564,652,0,05_resultados\revisao_operacional\campanha_v1\j00564.mat
j00564,731,0,05_resultados\revisao_operacional\campanha_v1\j00564.mat
j00565,45,0,05_resultados\revisao_operacional\campanha_v1\j00565.mat
j00565,414,0,05_resultados\revisao_operacional\campanha_v1\j00565.mat
j00565,518,0,05_resultados\revisao_operacional\campanha_v1\j00565.mat
j00565,652,0,05_resultados\revisao_operacional\campanha_v1\j00565.mat
j00565,731,0,05_resultados\revisao_operacional\campanha_v1\j00565.mat
j00566,45,0,05_resultados\revisao_operacional\campanha_v1\j00566.mat
j00566,414,0,05_resultados\revisao_operacional\campanha_v1\j00566.mat
j00566,518,0,05_resultados\revisao_operacional\campanha_v1\j00566.mat
j00566,652,0,05_resultados\revisao_operacional\campanha_v1\j00566.mat
j00566,731,0,05_resultados\revisao_operacional\campanha_v1\j00566.mat
j00567,259,44,05_resultados\revisao_operacional\campanha_v1\j00567.mat
j00567,815,27,05_resultados\revisao_operacional\campanha_v1\j00567.mat
j00567,920,101,05_resultados\revisao_operacional\campanha_v1\j00567.mat
j00568,259,44,05_resultados\revisao_operacional\campanha_v1\j00568.mat
j00568,815,27,05_resultados\revisao_operacional\campanha_v1\j00568.mat
j00568,920,101,05_resultados\revisao_operacional\campanha_v1\j00568.mat
j00569,259,0,05_resultados\revisao_operacional\campanha_v1\j00569.mat
j00569,815,0,05_resultados\revisao_operacional\campanha_v1\j00569.mat
j00569,920,0,05_resultados\revisao_operacional\campanha_v1\j00569.mat
j00570,259,0,05_resultados\revisao_operacional\campanha_v1\j00570.mat
j00570,815,0,05_resultados\revisao_operacional\campanha_v1\j00570.mat
j00570,920,0,05_resultados\revisao_operacional\campanha_v1\j00570.mat
j00571,259,0,05_resultados\revisao_operacional\campanha_v1\j00571.mat
j00571,815,0,05_resultados\revisao_operacional\campanha_v1\j00571.mat
j00571,920,0,05_resultados\revisao_operacional\campanha_v1\j00571.mat
j00572,253,0,05_resultados\revisao_operacional\campanha_v1\j00572.mat
j00572,573,88,05_resultados\revisao_operacional\campanha_v1\j00572.mat
j00572,771,70,05_resultados\revisao_operacional\campanha_v1\j00572.mat
j00572,1013,8,05_resultados\revisao_operacional\campanha_v1\j00572.mat
j00573,253,0,05_resultados\revisao_operacional\campanha_v1\j00573.mat
j00573,573,88,05_resultados\revisao_operacional\campanha_v1\j00573.mat
j00573,771,70,05_resultados\revisao_operacional\campanha_v1\j00573.mat
j00573,1013,8,05_resultados\revisao_operacional\campanha_v1\j00573.mat
j00574,253,0,05_resultados\revisao_operacional\campanha_v1\j00574.mat
j00574,573,0,05_resultados\revisao_operacional\campanha_v1\j00574.mat
j00574,771,0,05_resultados\revisao_operacional\campanha_v1\j00574.mat
j00574,1013,0,05_resultados\revisao_operacional\campanha_v1\j00574.mat
j00575,253,0,05_resultados\revisao_operacional\campanha_v1\j00575.mat
j00575,573,0,05_resultados\revisao_operacional\campanha_v1\j00575.mat
j00575,771,0,05_resultados\revisao_operacional\campanha_v1\j00575.mat
j00575,1013,0,05_resultados\revisao_operacional\campanha_v1\j00575.mat
j00576,253,0,05_resultados\revisao_operacional\campanha_v1\j00576.mat
j00576,573,0,05_resultados\revisao_operacional\campanha_v1\j00576.mat
j00576,771,0,05_resultados\revisao_operacional\campanha_v1\j00576.mat
j00576,1013,0,05_resultados\revisao_operacional\campanha_v1\j00576.mat
j00577,155,28,05_resultados\revisao_operacional\campanha_v1\j00577.mat
j00577,1025,57,05_resultados\revisao_operacional\campanha_v1\j00577.mat
j00578,155,28,05_resultados\revisao_operacional\campanha_v1\j00578.mat
j00578,1025,57,05_resultados\revisao_operacional\campanha_v1\j00578.mat
j00579,155,0,05_resultados\revisao_operacional\campanha_v1\j00579.mat
j00579,1025,0,05_resultados\revisao_operacional\campanha_v1\j00579.mat
j00580,155,0,05_resultados\revisao_operacional\campanha_v1\j00580.mat
j00580,1025,0,05_resultados\revisao_operacional\campanha_v1\j00580.mat
j00581,155,0,05_resultados\revisao_operacional\campanha_v1\j00581.mat
j00581,1025,0,05_resultados\revisao_operacional\campanha_v1\j00581.mat
j00582,0,8,05_resultados\revisao_operacional\campanha_v1\j00582.mat
j00582,245,57,05_resultados\revisao_operacional\campanha_v1\j00582.mat
j00582,507,95,05_resultados\revisao_operacional\campanha_v1\j00582.mat
j00582,899,0,05_resultados\revisao_operacional\campanha_v1\j00582.mat
j00582,1022,0,05_resultados\revisao_operacional\campanha_v1\j00582.mat
j00583,0,8,05_resultados\revisao_operacional\campanha_v1\j00583.mat
j00583,245,57,05_resultados\revisao_operacional\campanha_v1\j00583.mat
j00583,507,95,05_resultados\revisao_operacional\campanha_v1\j00583.mat
j00583,899,0,05_resultados\revisao_operacional\campanha_v1\j00583.mat
j00583,1022,0,05_resultados\revisao_operacional\campanha_v1\j00583.mat
j00584,0,1,05_resultados\revisao_operacional\campanha_v1\j00584.mat
j00584,245,0,05_resultados\revisao_operacional\campanha_v1\j00584.mat
j00584,507,0,05_resultados\revisao_operacional\campanha_v1\j00584.mat
j00584,899,0,05_resultados\revisao_operacional\campanha_v1\j00584.mat
j00584,1022,0,05_resultados\revisao_operacional\campanha_v1\j00584.mat
j00585,0,1,05_resultados\revisao_operacional\campanha_v1\j00585.mat
j00585,245,0,05_resultados\revisao_operacional\campanha_v1\j00585.mat
j00585,507,0,05_resultados\revisao_operacional\campanha_v1\j00585.mat
j00585,899,0,05_resultados\revisao_operacional\campanha_v1\j00585.mat
j00585,1022,0,05_resultados\revisao_operacional\campanha_v1\j00585.mat
j00586,0,0,05_resultados\revisao_operacional\campanha_v1\j00586.mat
j00586,245,0,05_resultados\revisao_operacional\campanha_v1\j00586.mat
j00586,507,0,05_resultados\revisao_operacional\campanha_v1\j00586.mat
j00586,899,0,05_resultados\revisao_operacional\campanha_v1\j00586.mat
j00586,1022,0,05_resultados\revisao_operacional\campanha_v1\j00586.mat
j00587,0,0,05_resultados\revisao_operacional\campanha_v1\j00587.mat
j00587,459,23,05_resultados\revisao_operacional\campanha_v1\j00587.mat
j00587,639,24,05_resultados\revisao_operacional\campanha_v1\j00587.mat
j00587,801,40,05_resultados\revisao_operacional\campanha_v1\j00587.mat
j00588,0,0,05_resultados\revisao_operacional\campanha_v1\j00588.mat
j00588,459,23,05_resultados\revisao_operacional\campanha_v1\j00588.mat
j00588,639,24,05_resultados\revisao_operacional\campanha_v1\j00588.mat
j00588,801,40,05_resultados\revisao_operacional\campanha_v1\j00588.mat
j00589,0,0,05_resultados\revisao_operacional\campanha_v1\j00589.mat
j00589,459,0,05_resultados\revisao_operacional\campanha_v1\j00589.mat
j00589,639,0,05_resultados\revisao_operacional\campanha_v1\j00589.mat
j00589,801,0,05_resultados\revisao_operacional\campanha_v1\j00589.mat
j00590,0,0,05_resultados\revisao_operacional\campanha_v1\j00590.mat
j00590,459,0,05_resultados\revisao_operacional\campanha_v1\j00590.mat
j00590,639,0,05_resultados\revisao_operacional\campanha_v1\j00590.mat
j00590,801,0,05_resultados\revisao_operacional\campanha_v1\j00590.mat
j00591,0,0,05_resultados\revisao_operacional\campanha_v1\j00591.mat
j00591,459,0,05_resultados\revisao_operacional\campanha_v1\j00591.mat
j00591,639,0,05_resultados\revisao_operacional\campanha_v1\j00591.mat
j00591,801,0,05_resultados\revisao_operacional\campanha_v1\j00591.mat
j00592,200,101.0,05_resultados\revisao_operacional\campanha_v1\j00592.mat
j00592,405,16.0,05_resultados\revisao_operacional\campanha_v1\j00592.mat
j00592,513,31.0,05_resultados\revisao_operacional\campanha_v1\j00592.mat
j00592,786,55.0,05_resultados\revisao_operacional\campanha_v1\j00592.mat
j00592,1198,nan,05_resultados\revisao_operacional\campanha_v1\j00592.mat
j00593,200,101.0,05_resultados\revisao_operacional\campanha_v1\j00593.mat
j00593,405,16.0,05_resultados\revisao_operacional\campanha_v1\j00593.mat
j00593,513,31.0,05_resultados\revisao_operacional\campanha_v1\j00593.mat
j00593,786,55.0,05_resultados\revisao_operacional\campanha_v1\j00593.mat
j00593,1198,nan,05_resultados\revisao_operacional\campanha_v1\j00593.mat
j00594,200,0.0,05_resultados\revisao_operacional\campanha_v1\j00594.mat
j00594,405,0.0,05_resultados\revisao_operacional\campanha_v1\j00594.mat
j00594,513,0.0,05_resultados\revisao_operacional\campanha_v1\j00594.mat
j00594,786,0.0,05_resultados\revisao_operacional\campanha_v1\j00594.mat
j00594,1198,nan,05_resultados\revisao_operacional\campanha_v1\j00594.mat
j00595,200,0.0,05_resultados\revisao_operacional\campanha_v1\j00595.mat
j00595,405,0.0,05_resultados\revisao_operacional\campanha_v1\j00595.mat
j00595,513,0.0,05_resultados\revisao_operacional\campanha_v1\j00595.mat
j00595,786,0.0,05_resultados\revisao_operacional\campanha_v1\j00595.mat
j00595,1198,nan,05_resultados\revisao_operacional\campanha_v1\j00595.mat
j00596,200,0.0,05_resultados\revisao_operacional\campanha_v1\j00596.mat
j00596,405,0.0,05_resultados\revisao_operacional\campanha_v1\j00596.mat
j00596,513,0.0,05_resultados\revisao_operacional\campanha_v1\j00596.mat
j00596,786,0.0,05_resultados\revisao_operacional\campanha_v1\j00596.mat
j00596,1198,nan,05_resultados\revisao_operacional\campanha_v1\j00596.mat
j00597,318,45.0,05_resultados\revisao_operacional\campanha_v1\j00597.mat
j00597,677,44.0,05_resultados\revisao_operacional\campanha_v1\j00597.mat
j00597,855,46.0,05_resultados\revisao_operacional\campanha_v1\j00597.mat
j00597,1025,56.0,05_resultados\revisao_operacional\campanha_v1\j00597.mat
j00597,1161,nan,05_resultados\revisao_operacional\campanha_v1\j00597.mat
j00598,318,45.0,05_resultados\revisao_operacional\campanha_v1\j00598.mat
j00598,677,44.0,05_resultados\revisao_operacional\campanha_v1\j00598.mat
j00598,855,46.0,05_resultados\revisao_operacional\campanha_v1\j00598.mat
j00598,1025,56.0,05_resultados\revisao_operacional\campanha_v1\j00598.mat
j00598,1161,nan,05_resultados\revisao_operacional\campanha_v1\j00598.mat
j00599,318,0,05_resultados\revisao_operacional\campanha_v1\j00599.mat
j00599,677,0,05_resultados\revisao_operacional\campanha_v1\j00599.mat
j00599,855,0,05_resultados\revisao_operacional\campanha_v1\j00599.mat
j00599,1025,0,05_resultados\revisao_operacional\campanha_v1\j00599.mat
j00599,1161,0,05_resultados\revisao_operacional\campanha_v1\j00599.mat
j00600,318,0,05_resultados\revisao_operacional\campanha_v1\j00600.mat
j00600,677,0,05_resultados\revisao_operacional\campanha_v1\j00600.mat
j00600,855,0,05_resultados\revisao_operacional\campanha_v1\j00600.mat
j00600,1025,0,05_resultados\revisao_operacional\campanha_v1\j00600.mat
j00600,1161,0,05_resultados\revisao_operacional\campanha_v1\j00600.mat
j00601,318,0,05_resultados\revisao_operacional\campanha_v1\j00601.mat
j00601,677,0,05_resultados\revisao_operacional\campanha_v1\j00601.mat
j00601,855,0,05_resultados\revisao_operacional\campanha_v1\j00601.mat
j00601,1025,0,05_resultados\revisao_operacional\campanha_v1\j00601.mat
j00601,1161,0,05_resultados\revisao_operacional\campanha_v1\j00601.mat
j00602,33,28,05_resultados\revisao_operacional\campanha_v1\j00602.mat
j00602,656,5,05_resultados\revisao_operacional\campanha_v1\j00602.mat
j00602,940,81,05_resultados\revisao_operacional\campanha_v1\j00602.mat
j00603,33,28,05_resultados\revisao_operacional\campanha_v1\j00603.mat
j00603,656,5,05_resultados\revisao_operacional\campanha_v1\j00603.mat
j00603,940,81,05_resultados\revisao_operacional\campanha_v1\j00603.mat
j00604,33,0,05_resultados\revisao_operacional\campanha_v1\j00604.mat
j00604,656,0,05_resultados\revisao_operacional\campanha_v1\j00604.mat
j00604,940,0,05_resultados\revisao_operacional\campanha_v1\j00604.mat
j00605,33,0,05_resultados\revisao_operacional\campanha_v1\j00605.mat
j00605,656,0,05_resultados\revisao_operacional\campanha_v1\j00605.mat
j00605,940,0,05_resultados\revisao_operacional\campanha_v1\j00605.mat
j00606,33,0,05_resultados\revisao_operacional\campanha_v1\j00606.mat
j00606,656,0,05_resultados\revisao_operacional\campanha_v1\j00606.mat
j00606,940,0,05_resultados\revisao_operacional\campanha_v1\j00606.mat
j00607,0,62,05_resultados\revisao_operacional\campanha_v1\j00607.mat
j00607,332,30,05_resultados\revisao_operacional\campanha_v1\j00607.mat
j00607,712,69,05_resultados\revisao_operacional\campanha_v1\j00607.mat
j00607,957,68,05_resultados\revisao_operacional\campanha_v1\j00607.mat
j00608,0,62,05_resultados\revisao_operacional\campanha_v1\j00608.mat
j00608,332,30,05_resultados\revisao_operacional\campanha_v1\j00608.mat
j00608,712,69,05_resultados\revisao_operacional\campanha_v1\j00608.mat
j00608,957,68,05_resultados\revisao_operacional\campanha_v1\j00608.mat
j00609,0,0,05_resultados\revisao_operacional\campanha_v1\j00609.mat
j00609,332,0,05_resultados\revisao_operacional\campanha_v1\j00609.mat
j00609,712,0,05_resultados\revisao_operacional\campanha_v1\j00609.mat
j00609,957,0,05_resultados\revisao_operacional\campanha_v1\j00609.mat
j00610,0,0,05_resultados\revisao_operacional\campanha_v1\j00610.mat
j00610,332,0,05_resultados\revisao_operacional\campanha_v1\j00610.mat
j00610,712,0,05_resultados\revisao_operacional\campanha_v1\j00610.mat
j00610,957,0,05_resultados\revisao_operacional\campanha_v1\j00610.mat
j00611,0,0,05_resultados\revisao_operacional\campanha_v1\j00611.mat
j00611,332,0,05_resultados\revisao_operacional\campanha_v1\j00611.mat
j00611,712,0,05_resultados\revisao_operacional\campanha_v1\j00611.mat
j00611,957,0,05_resultados\revisao_operacional\campanha_v1\j00611.mat
j00612,600,1,05_resultados\revisao_operacional\campanha_v1\j00612.mat
j00612,762,0,05_resultados\revisao_operacional\campanha_v1\j00612.mat
j00612,1026,56,05_resultados\revisao_operacional\campanha_v1\j00612.mat
j00613,600,0,05_resultados\revisao_operacional\campanha_v1\j00613.mat
j00613,762,0,05_resultados\revisao_operacional\campanha_v1\j00613.mat
j00613,1026,56,05_resultados\revisao_operacional\campanha_v1\j00613.mat
j00614,600,0,05_resultados\revisao_operacional\campanha_v1\j00614.mat
j00614,762,0,05_resultados\revisao_operacional\campanha_v1\j00614.mat
j00614,1026,0,05_resultados\revisao_operacional\campanha_v1\j00614.mat
j00615,600,0,05_resultados\revisao_operacional\campanha_v1\j00615.mat
j00615,762,0,05_resultados\revisao_operacional\campanha_v1\j00615.mat
j00615,1026,0,05_resultados\revisao_operacional\campanha_v1\j00615.mat
j00616,600,0,05_resultados\revisao_operacional\campanha_v1\j00616.mat
j00616,762,0,05_resultados\revisao_operacional\campanha_v1\j00616.mat
j00616,1026,0,05_resultados\revisao_operacional\campanha_v1\j00616.mat
j00617,43,19,05_resultados\revisao_operacional\campanha_v1\j00617.mat
j00617,208,34,05_resultados\revisao_operacional\campanha_v1\j00617.mat
j00617,508,33,05_resultados\revisao_operacional\campanha_v1\j00617.mat
j00617,695,28,05_resultados\revisao_operacional\campanha_v1\j00617.mat
j00617,893,0,05_resultados\revisao_operacional\campanha_v1\j00617.mat
j00617,998,24,05_resultados\revisao_operacional\campanha_v1\j00617.mat
j00617,1120,22,05_resultados\revisao_operacional\campanha_v1\j00617.mat
j00618,43,19,05_resultados\revisao_operacional\campanha_v1\j00618.mat
j00618,208,34,05_resultados\revisao_operacional\campanha_v1\j00618.mat
j00618,508,33,05_resultados\revisao_operacional\campanha_v1\j00618.mat
j00618,695,28,05_resultados\revisao_operacional\campanha_v1\j00618.mat
j00618,893,0,05_resultados\revisao_operacional\campanha_v1\j00618.mat
j00618,998,24,05_resultados\revisao_operacional\campanha_v1\j00618.mat
j00618,1120,22,05_resultados\revisao_operacional\campanha_v1\j00618.mat
j00619,43,0,05_resultados\revisao_operacional\campanha_v1\j00619.mat
j00619,208,0,05_resultados\revisao_operacional\campanha_v1\j00619.mat
j00619,508,0,05_resultados\revisao_operacional\campanha_v1\j00619.mat
j00619,695,0,05_resultados\revisao_operacional\campanha_v1\j00619.mat
j00619,893,0,05_resultados\revisao_operacional\campanha_v1\j00619.mat
j00619,998,0,05_resultados\revisao_operacional\campanha_v1\j00619.mat
j00619,1120,0,05_resultados\revisao_operacional\campanha_v1\j00619.mat
j00620,43,0,05_resultados\revisao_operacional\campanha_v1\j00620.mat
j00620,208,0,05_resultados\revisao_operacional\campanha_v1\j00620.mat
j00620,508,0,05_resultados\revisao_operacional\campanha_v1\j00620.mat
j00620,695,0,05_resultados\revisao_operacional\campanha_v1\j00620.mat
j00620,893,0,05_resultados\revisao_operacional\campanha_v1\j00620.mat
j00620,998,0,05_resultados\revisao_operacional\campanha_v1\j00620.mat
j00620,1120,0,05_resultados\revisao_operacional\campanha_v1\j00620.mat
j00621,43,0,05_resultados\revisao_operacional\campanha_v1\j00621.mat
j00621,208,0,05_resultados\revisao_operacional\campanha_v1\j00621.mat
j00621,508,0,05_resultados\revisao_operacional\campanha_v1\j00621.mat
j00621,695,0,05_resultados\revisao_operacional\campanha_v1\j00621.mat
j00621,893,0,05_resultados\revisao_operacional\campanha_v1\j00621.mat
j00621,998,0,05_resultados\revisao_operacional\campanha_v1\j00621.mat
j00621,1120,0,05_resultados\revisao_operacional\campanha_v1\j00621.mat
j00622,149,32,05_resultados\revisao_operacional\campanha_v1\j00622.mat
j00622,252,49,05_resultados\revisao_operacional\campanha_v1\j00622.mat
j00622,368,55,05_resultados\revisao_operacional\campanha_v1\j00622.mat
j00622,923,39,05_resultados\revisao_operacional\campanha_v1\j00622.mat
j00622,1048,33,05_resultados\revisao_operacional\campanha_v1\j00622.mat
j00623,149,32,05_resultados\revisao_operacional\campanha_v1\j00623.mat
j00623,252,49,05_resultados\revisao_operacional\campanha_v1\j00623.mat
j00623,368,55,05_resultados\revisao_operacional\campanha_v1\j00623.mat
j00623,923,39,05_resultados\revisao_operacional\campanha_v1\j00623.mat
j00623,1048,33,05_resultados\revisao_operacional\campanha_v1\j00623.mat
j00624,149,0,05_resultados\revisao_operacional\campanha_v1\j00624.mat
j00624,252,0,05_resultados\revisao_operacional\campanha_v1\j00624.mat
j00624,368,0,05_resultados\revisao_operacional\campanha_v1\j00624.mat
j00624,923,0,05_resultados\revisao_operacional\campanha_v1\j00624.mat
j00624,1048,0,05_resultados\revisao_operacional\campanha_v1\j00624.mat
j00625,149,0,05_resultados\revisao_operacional\campanha_v1\j00625.mat
j00625,252,0,05_resultados\revisao_operacional\campanha_v1\j00625.mat
j00625,368,0,05_resultados\revisao_operacional\campanha_v1\j00625.mat
j00625,923,0,05_resultados\revisao_operacional\campanha_v1\j00625.mat
j00625,1048,0,05_resultados\revisao_operacional\campanha_v1\j00625.mat
j00626,149,0,05_resultados\revisao_operacional\campanha_v1\j00626.mat
j00626,252,0,05_resultados\revisao_operacional\campanha_v1\j00626.mat
j00626,368,0,05_resultados\revisao_operacional\campanha_v1\j00626.mat
j00626,923,0,05_resultados\revisao_operacional\campanha_v1\j00626.mat
j00626,1048,0,05_resultados\revisao_operacional\campanha_v1\j00626.mat
j00627,0,4,05_resultados\revisao_operacional\campanha_v1\j00627.mat
j00627,130,53,05_resultados\revisao_operacional\campanha_v1\j00627.mat
j00627,373,49,05_resultados\revisao_operacional\campanha_v1\j00627.mat
j00627,640,0,05_resultados\revisao_operacional\campanha_v1\j00627.mat
j00627,752,30,05_resultados\revisao_operacional\campanha_v1\j00627.mat
j00627,983,38,05_resultados\revisao_operacional\campanha_v1\j00627.mat
j00627,1101,41,05_resultados\revisao_operacional\campanha_v1\j00627.mat
j00628,0,4,05_resultados\revisao_operacional\campanha_v1\j00628.mat
j00628,130,53,05_resultados\revisao_operacional\campanha_v1\j00628.mat
j00628,373,49,05_resultados\revisao_operacional\campanha_v1\j00628.mat
j00628,640,0,05_resultados\revisao_operacional\campanha_v1\j00628.mat
j00628,752,30,05_resultados\revisao_operacional\campanha_v1\j00628.mat
j00628,983,38,05_resultados\revisao_operacional\campanha_v1\j00628.mat
j00628,1101,41,05_resultados\revisao_operacional\campanha_v1\j00628.mat
j00629,0,0,05_resultados\revisao_operacional\campanha_v1\j00629.mat
j00629,130,0,05_resultados\revisao_operacional\campanha_v1\j00629.mat
j00629,373,0,05_resultados\revisao_operacional\campanha_v1\j00629.mat
j00629,640,0,05_resultados\revisao_operacional\campanha_v1\j00629.mat
j00629,752,0,05_resultados\revisao_operacional\campanha_v1\j00629.mat
j00629,983,0,05_resultados\revisao_operacional\campanha_v1\j00629.mat
j00629,1101,0,05_resultados\revisao_operacional\campanha_v1\j00629.mat
j00630,0,0,05_resultados\revisao_operacional\campanha_v1\j00630.mat
j00630,130,0,05_resultados\revisao_operacional\campanha_v1\j00630.mat
j00630,373,0,05_resultados\revisao_operacional\campanha_v1\j00630.mat
j00630,640,0,05_resultados\revisao_operacional\campanha_v1\j00630.mat
j00630,752,0,05_resultados\revisao_operacional\campanha_v1\j00630.mat
j00630,983,0,05_resultados\revisao_operacional\campanha_v1\j00630.mat
j00630,1101,0,05_resultados\revisao_operacional\campanha_v1\j00630.mat
j00631,0,0,05_resultados\revisao_operacional\campanha_v1\j00631.mat
j00631,130,0,05_resultados\revisao_operacional\campanha_v1\j00631.mat
j00631,373,0,05_resultados\revisao_operacional\campanha_v1\j00631.mat
j00631,640,0,05_resultados\revisao_operacional\campanha_v1\j00631.mat
j00631,752,0,05_resultados\revisao_operacional\campanha_v1\j00631.mat
j00631,983,0,05_resultados\revisao_operacional\campanha_v1\j00631.mat
j00631,1101,0,05_resultados\revisao_operacional\campanha_v1\j00631.mat
j00632,4,57.0,05_resultados\revisao_operacional\campanha_v1\j00632.mat
j00632,522,20.0,05_resultados\revisao_operacional\campanha_v1\j00632.mat
j00632,613,49.0,05_resultados\revisao_operacional\campanha_v1\j00632.mat
j00632,868,34.0,05_resultados\revisao_operacional\campanha_v1\j00632.mat
j00632,1159,nan,05_resultados\revisao_operacional\campanha_v1\j00632.mat
j00633,4,57.0,05_resultados\revisao_operacional\campanha_v1\j00633.mat
j00633,522,20.0,05_resultados\revisao_operacional\campanha_v1\j00633.mat
j00633,613,49.0,05_resultados\revisao_operacional\campanha_v1\j00633.mat
j00633,868,34.0,05_resultados\revisao_operacional\campanha_v1\j00633.mat
j00633,1159,nan,05_resultados\revisao_operacional\campanha_v1\j00633.mat
j00634,4,0,05_resultados\revisao_operacional\campanha_v1\j00634.mat
j00634,522,0,05_resultados\revisao_operacional\campanha_v1\j00634.mat
j00634,613,0,05_resultados\revisao_operacional\campanha_v1\j00634.mat
j00634,868,0,05_resultados\revisao_operacional\campanha_v1\j00634.mat
j00634,1159,0,05_resultados\revisao_operacional\campanha_v1\j00634.mat
j00635,4,0,05_resultados\revisao_operacional\campanha_v1\j00635.mat
j00635,522,0,05_resultados\revisao_operacional\campanha_v1\j00635.mat
j00635,613,0,05_resultados\revisao_operacional\campanha_v1\j00635.mat
j00635,868,0,05_resultados\revisao_operacional\campanha_v1\j00635.mat
j00635,1159,0,05_resultados\revisao_operacional\campanha_v1\j00635.mat
j00636,4,0,05_resultados\revisao_operacional\campanha_v1\j00636.mat
j00636,522,0,05_resultados\revisao_operacional\campanha_v1\j00636.mat
j00636,613,0,05_resultados\revisao_operacional\campanha_v1\j00636.mat
j00636,868,0,05_resultados\revisao_operacional\campanha_v1\j00636.mat
j00636,1159,0,05_resultados\revisao_operacional\campanha_v1\j00636.mat
j00637,0,62,05_resultados\revisao_operacional\campanha_v1\j00637.mat
j00637,242,60,05_resultados\revisao_operacional\campanha_v1\j00637.mat
j00637,676,45,05_resultados\revisao_operacional\campanha_v1\j00637.mat
j00637,796,45,05_resultados\revisao_operacional\campanha_v1\j00637.mat
j00638,0,62,05_resultados\revisao_operacional\campanha_v1\j00638.mat
j00638,242,60,05_resultados\revisao_operacional\campanha_v1\j00638.mat
j00638,676,45,05_resultados\revisao_operacional\campanha_v1\j00638.mat
j00638,796,45,05_resultados\revisao_operacional\campanha_v1\j00638.mat
j00639,0,0,05_resultados\revisao_operacional\campanha_v1\j00639.mat
j00639,242,0,05_resultados\revisao_operacional\campanha_v1\j00639.mat
j00639,676,0,05_resultados\revisao_operacional\campanha_v1\j00639.mat
j00639,796,0,05_resultados\revisao_operacional\campanha_v1\j00639.mat
j00640,0,1,05_resultados\revisao_operacional\campanha_v1\j00640.mat
j00640,242,0,05_resultados\revisao_operacional\campanha_v1\j00640.mat
j00640,676,0,05_resultados\revisao_operacional\campanha_v1\j00640.mat
j00640,796,0,05_resultados\revisao_operacional\campanha_v1\j00640.mat
j00641,0,0,05_resultados\revisao_operacional\campanha_v1\j00641.mat
j00641,242,0,05_resultados\revisao_operacional\campanha_v1\j00641.mat
j00641,676,0,05_resultados\revisao_operacional\campanha_v1\j00641.mat
j00641,796,0,05_resultados\revisao_operacional\campanha_v1\j00641.mat
j00642,0,5,05_resultados\revisao_operacional\campanha_v1\j00642.mat
j00642,155,27,05_resultados\revisao_operacional\campanha_v1\j00642.mat
j00642,755,28,05_resultados\revisao_operacional\campanha_v1\j00642.mat
j00642,996,25,05_resultados\revisao_operacional\campanha_v1\j00642.mat
j00643,0,5,05_resultados\revisao_operacional\campanha_v1\j00643.mat
j00643,155,27,05_resultados\revisao_operacional\campanha_v1\j00643.mat
j00643,755,28,05_resultados\revisao_operacional\campanha_v1\j00643.mat
j00643,996,25,05_resultados\revisao_operacional\campanha_v1\j00643.mat
j00644,0,1,05_resultados\revisao_operacional\campanha_v1\j00644.mat
j00644,155,0,05_resultados\revisao_operacional\campanha_v1\j00644.mat
j00644,755,0,05_resultados\revisao_operacional\campanha_v1\j00644.mat
j00644,996,0,05_resultados\revisao_operacional\campanha_v1\j00644.mat
j00645,0,1,05_resultados\revisao_operacional\campanha_v1\j00645.mat
j00645,155,0,05_resultados\revisao_operacional\campanha_v1\j00645.mat
j00645,755,0,05_resultados\revisao_operacional\campanha_v1\j00645.mat
j00645,996,0,05_resultados\revisao_operacional\campanha_v1\j00645.mat
j00646,0,0,05_resultados\revisao_operacional\campanha_v1\j00646.mat
j00646,155,0,05_resultados\revisao_operacional\campanha_v1\j00646.mat
j00646,755,0,05_resultados\revisao_operacional\campanha_v1\j00646.mat
j00646,996,0,05_resultados\revisao_operacional\campanha_v1\j00646.mat
j00647,4,639.0,05_resultados\revisao_operacional\campanha_v1\j00647.mat
j00647,15,628.0,05_resultados\revisao_operacional\campanha_v1\j00647.mat
j00647,25,618.0,05_resultados\revisao_operacional\campanha_v1\j00647.mat
j00647,36,607.0,05_resultados\revisao_operacional\campanha_v1\j00647.mat
j00647,46,597.0,05_resultados\revisao_operacional\campanha_v1\j00647.mat
j00647,57,586.0,05_resultados\revisao_operacional\campanha_v1\j00647.mat
j00647,67,576.0,05_resultados\revisao_operacional\campanha_v1\j00647.mat
j00647,78,565.0,05_resultados\revisao_operacional\campanha_v1\j00647.mat
j00647,88,555.0,05_resultados\revisao_operacional\campanha_v1\j00647.mat
j00647,99,544.0,05_resultados\revisao_operacional\campanha_v1\j00647.mat
j00647,109,534.0,05_resultados\revisao_operacional\campanha_v1\j00647.mat
j00647,120,523.0,05_resultados\revisao_operacional\campanha_v1\j00647.mat
j00647,130,513.0,05_resultados\revisao_operacional\campanha_v1\j00647.mat
j00647,141,502.0,05_resultados\revisao_operacional\campanha_v1\j00647.mat
j00647,151,492.0,05_resultados\revisao_operacional\campanha_v1\j00647.mat
j00647,162,481.0,05_resultados\revisao_operacional\campanha_v1\j00647.mat
j00647,172,471.0,05_resultados\revisao_operacional\campanha_v1\j00647.mat
j00647,183,460.0,05_resultados\revisao_operacional\campanha_v1\j00647.mat
j00647,193,450.0,05_resultados\revisao_operacional\campanha_v1\j00647.mat
j00647,204,439.0,05_resultados\revisao_operacional\campanha_v1\j00647.mat
j00647,214,429.0,05_resultados\revisao_operacional\campanha_v1\j00647.mat
j00647,225,418.0,05_resultados\revisao_operacional\campanha_v1\j00647.mat
j00647,235,408.0,05_resultados\revisao_operacional\campanha_v1\j00647.mat
j00647,246,397.0,05_resultados\revisao_operacional\campanha_v1\j00647.mat
j00647,256,387.0,05_resultados\revisao_operacional\campanha_v1\j00647.mat
j00647,267,376.0,05_resultados\revisao_operacional\campanha_v1\j00647.mat
j00647,277,366.0,05_resultados\revisao_operacional\campanha_v1\j00647.mat
j00647,288,355.0,05_resultados\revisao_operacional\campanha_v1\j00647.mat
j00647,298,345.0,05_resultados\revisao_operacional\campanha_v1\j00647.mat
j00647,309,334.0,05_resultados\revisao_operacional\campanha_v1\j00647.mat
j00647,319,324.0,05_resultados\revisao_operacional\campanha_v1\j00647.mat
j00647,330,313.0,05_resultados\revisao_operacional\campanha_v1\j00647.mat
j00647,340,303.0,05_resultados\revisao_operacional\campanha_v1\j00647.mat
j00647,351,292.0,05_resultados\revisao_operacional\campanha_v1\j00647.mat
j00647,361,282.0,05_resultados\revisao_operacional\campanha_v1\j00647.mat
j00647,372,271.0,05_resultados\revisao_operacional\campanha_v1\j00647.mat
j00647,382,261.0,05_resultados\revisao_operacional\campanha_v1\j00647.mat
j00647,393,250.0,05_resultados\revisao_operacional\campanha_v1\j00647.mat
j00647,403,240.0,05_resultados\revisao_operacional\campanha_v1\j00647.mat
j00647,414,229.0,05_resultados\revisao_operacional\campanha_v1\j00647.mat
j00647,438,205.0,05_resultados\revisao_operacional\campanha_v1\j00647.mat
j00647,449,194.0,05_resultados\revisao_operacional\campanha_v1\j00647.mat
j00647,459,184.0,05_resultados\revisao_operacional\campanha_v1\j00647.mat
j00647,470,173.0,05_resultados\revisao_operacional\campanha_v1\j00647.mat
j00647,480,163.0,05_resultados\revisao_operacional\campanha_v1\j00647.mat
j00647,491,152.0,05_resultados\revisao_operacional\campanha_v1\j00647.mat
j00647,501,142.0,05_resultados\revisao_operacional\campanha_v1\j00647.mat
j00647,512,131.0,05_resultados\revisao_operacional\campanha_v1\j00647.mat
j00647,522,121.0,05_resultados\revisao_operacional\campanha_v1\j00647.mat
j00647,533,110.0,05_resultados\revisao_operacional\campanha_v1\j00647.mat
j00647,543,100.0,05_resultados\revisao_operacional\campanha_v1\j00647.mat
j00647,553,90.0,05_resultados\revisao_operacional\campanha_v1\j00647.mat
j00647,564,79.0,05_resultados\revisao_operacional\campanha_v1\j00647.mat
j00647,575,68.0,05_resultados\revisao_operacional\campanha_v1\j00647.mat
j00647,585,58.0,05_resultados\revisao_operacional\campanha_v1\j00647.mat
j00647,596,47.0,05_resultados\revisao_operacional\campanha_v1\j00647.mat
j00647,606,37.0,05_resultados\revisao_operacional\campanha_v1\j00647.mat
j00647,617,26.0,05_resultados\revisao_operacional\campanha_v1\j00647.mat
j00647,627,16.0,05_resultados\revisao_operacional\campanha_v1\j00647.mat
j00647,637,6.0,05_resultados\revisao_operacional\campanha_v1\j00647.mat
j00647,661,428.0,05_resultados\revisao_operacional\campanha_v1\j00647.mat
j00647,672,417.0,05_resultados\revisao_operacional\campanha_v1\j00647.mat
j00647,682,407.0,05_resultados\revisao_operacional\campanha_v1\j00647.mat
j00647,693,396.0,05_resultados\revisao_operacional\campanha_v1\j00647.mat
j00647,703,386.0,05_resultados\revisao_operacional\campanha_v1\j00647.mat
j00647,714,375.0,05_resultados\revisao_operacional\campanha_v1\j00647.mat
j00647,724,365.0,05_resultados\revisao_operacional\campanha_v1\j00647.mat
j00647,735,354.0,05_resultados\revisao_operacional\campanha_v1\j00647.mat
j00647,745,344.0,05_resultados\revisao_operacional\campanha_v1\j00647.mat
j00647,756,333.0,05_resultados\revisao_operacional\campanha_v1\j00647.mat
j00647,766,323.0,05_resultados\revisao_operacional\campanha_v1\j00647.mat
j00647,777,312.0,05_resultados\revisao_operacional\campanha_v1\j00647.mat
j00647,787,302.0,05_resultados\revisao_operacional\campanha_v1\j00647.mat
j00647,798,291.0,05_resultados\revisao_operacional\campanha_v1\j00647.mat
j00647,808,281.0,05_resultados\revisao_operacional\campanha_v1\j00647.mat
j00647,819,270.0,05_resultados\revisao_operacional\campanha_v1\j00647.mat
j00647,829,260.0,05_resultados\revisao_operacional\campanha_v1\j00647.mat
j00647,840,249.0,05_resultados\revisao_operacional\campanha_v1\j00647.mat
j00647,850,239.0,05_resultados\revisao_operacional\campanha_v1\j00647.mat
j00647,861,228.0,05_resultados\revisao_operacional\campanha_v1\j00647.mat
j00647,884,205.0,05_resultados\revisao_operacional\campanha_v1\j00647.mat
j00647,895,194.0,05_resultados\revisao_operacional\campanha_v1\j00647.mat
j00647,905,184.0,05_resultados\revisao_operacional\campanha_v1\j00647.mat
j00647,916,173.0,05_resultados\revisao_operacional\campanha_v1\j00647.mat
j00647,926,163.0,05_resultados\revisao_operacional\campanha_v1\j00647.mat
j00647,937,152.0,05_resultados\revisao_operacional\campanha_v1\j00647.mat
j00647,947,142.0,05_resultados\revisao_operacional\campanha_v1\j00647.mat
j00647,958,131.0,05_resultados\revisao_operacional\campanha_v1\j00647.mat
j00647,968,121.0,05_resultados\revisao_operacional\campanha_v1\j00647.mat
j00647,979,110.0,05_resultados\revisao_operacional\campanha_v1\j00647.mat
j00647,989,100.0,05_resultados\revisao_operacional\campanha_v1\j00647.mat
j00647,1000,89.0,05_resultados\revisao_operacional\campanha_v1\j00647.mat
j00647,1010,79.0,05_resultados\revisao_operacional\campanha_v1\j00647.mat
j00647,1021,68.0,05_resultados\revisao_operacional\campanha_v1\j00647.mat
j00647,1031,58.0,05_resultados\revisao_operacional\campanha_v1\j00647.mat
j00647,1042,47.0,05_resultados\revisao_operacional\campanha_v1\j00647.mat
j00647,1052,37.0,05_resultados\revisao_operacional\campanha_v1\j00647.mat
j00647,1063,26.0,05_resultados\revisao_operacional\campanha_v1\j00647.mat
j00647,1073,16.0,05_resultados\revisao_operacional\campanha_v1\j00647.mat
j00647,1084,5.0,05_resultados\revisao_operacional\campanha_v1\j00647.mat
j00647,1107,nan,05_resultados\revisao_operacional\campanha_v1\j00647.mat
j00647,1118,nan,05_resultados\revisao_operacional\campanha_v1\j00647.mat
j00647,1129,nan,05_resultados\revisao_operacional\campanha_v1\j00647.mat
j00647,1139,nan,05_resultados\revisao_operacional\campanha_v1\j00647.mat
j00647,1149,nan,05_resultados\revisao_operacional\campanha_v1\j00647.mat
j00647,1160,nan,05_resultados\revisao_operacional\campanha_v1\j00647.mat
j00647,1170,nan,05_resultados\revisao_operacional\campanha_v1\j00647.mat
j00647,1181,nan,05_resultados\revisao_operacional\campanha_v1\j00647.mat
j00647,1191,nan,05_resultados\revisao_operacional\campanha_v1\j00647.mat
j00648,4,414.0,05_resultados\revisao_operacional\campanha_v1\j00648.mat
j00648,15,403.0,05_resultados\revisao_operacional\campanha_v1\j00648.mat
j00648,25,393.0,05_resultados\revisao_operacional\campanha_v1\j00648.mat
j00648,36,382.0,05_resultados\revisao_operacional\campanha_v1\j00648.mat
j00648,46,372.0,05_resultados\revisao_operacional\campanha_v1\j00648.mat
j00648,57,361.0,05_resultados\revisao_operacional\campanha_v1\j00648.mat
j00648,67,351.0,05_resultados\revisao_operacional\campanha_v1\j00648.mat
j00648,78,340.0,05_resultados\revisao_operacional\campanha_v1\j00648.mat
j00648,88,330.0,05_resultados\revisao_operacional\campanha_v1\j00648.mat
j00648,99,319.0,05_resultados\revisao_operacional\campanha_v1\j00648.mat
j00648,109,309.0,05_resultados\revisao_operacional\campanha_v1\j00648.mat
j00648,120,298.0,05_resultados\revisao_operacional\campanha_v1\j00648.mat
j00648,130,288.0,05_resultados\revisao_operacional\campanha_v1\j00648.mat
j00648,141,277.0,05_resultados\revisao_operacional\campanha_v1\j00648.mat
j00648,151,267.0,05_resultados\revisao_operacional\campanha_v1\j00648.mat
j00648,162,256.0,05_resultados\revisao_operacional\campanha_v1\j00648.mat
j00648,172,246.0,05_resultados\revisao_operacional\campanha_v1\j00648.mat
j00648,183,235.0,05_resultados\revisao_operacional\campanha_v1\j00648.mat
j00648,193,225.0,05_resultados\revisao_operacional\campanha_v1\j00648.mat
j00648,204,214.0,05_resultados\revisao_operacional\campanha_v1\j00648.mat
j00648,214,204.0,05_resultados\revisao_operacional\campanha_v1\j00648.mat
j00648,225,193.0,05_resultados\revisao_operacional\campanha_v1\j00648.mat
j00648,235,183.0,05_resultados\revisao_operacional\campanha_v1\j00648.mat
j00648,246,172.0,05_resultados\revisao_operacional\campanha_v1\j00648.mat
j00648,256,162.0,05_resultados\revisao_operacional\campanha_v1\j00648.mat
j00648,267,151.0,05_resultados\revisao_operacional\campanha_v1\j00648.mat
j00648,277,141.0,05_resultados\revisao_operacional\campanha_v1\j00648.mat
j00648,288,130.0,05_resultados\revisao_operacional\campanha_v1\j00648.mat
j00648,298,120.0,05_resultados\revisao_operacional\campanha_v1\j00648.mat
j00648,309,109.0,05_resultados\revisao_operacional\campanha_v1\j00648.mat
j00648,319,99.0,05_resultados\revisao_operacional\campanha_v1\j00648.mat
j00648,330,88.0,05_resultados\revisao_operacional\campanha_v1\j00648.mat
j00648,340,78.0,05_resultados\revisao_operacional\campanha_v1\j00648.mat
j00648,351,67.0,05_resultados\revisao_operacional\campanha_v1\j00648.mat
j00648,361,57.0,05_resultados\revisao_operacional\campanha_v1\j00648.mat
j00648,372,46.0,05_resultados\revisao_operacional\campanha_v1\j00648.mat
j00648,382,36.0,05_resultados\revisao_operacional\campanha_v1\j00648.mat
j00648,393,25.0,05_resultados\revisao_operacional\campanha_v1\j00648.mat
j00648,403,15.0,05_resultados\revisao_operacional\campanha_v1\j00648.mat
j00648,414,4.0,05_resultados\revisao_operacional\campanha_v1\j00648.mat
j00648,438,205.0,05_resultados\revisao_operacional\campanha_v1\j00648.mat
j00648,449,194.0,05_resultados\revisao_operacional\campanha_v1\j00648.mat
j00648,459,184.0,05_resultados\revisao_operacional\campanha_v1\j00648.mat
j00648,470,173.0,05_resultados\revisao_operacional\campanha_v1\j00648.mat
j00648,480,163.0,05_resultados\revisao_operacional\campanha_v1\j00648.mat
j00648,491,152.0,05_resultados\revisao_operacional\campanha_v1\j00648.mat
j00648,501,142.0,05_resultados\revisao_operacional\campanha_v1\j00648.mat
j00648,512,131.0,05_resultados\revisao_operacional\campanha_v1\j00648.mat
j00648,522,121.0,05_resultados\revisao_operacional\campanha_v1\j00648.mat
j00648,533,110.0,05_resultados\revisao_operacional\campanha_v1\j00648.mat
j00648,543,100.0,05_resultados\revisao_operacional\campanha_v1\j00648.mat
j00648,553,90.0,05_resultados\revisao_operacional\campanha_v1\j00648.mat
j00648,564,79.0,05_resultados\revisao_operacional\campanha_v1\j00648.mat
j00648,575,68.0,05_resultados\revisao_operacional\campanha_v1\j00648.mat
j00648,585,58.0,05_resultados\revisao_operacional\campanha_v1\j00648.mat
j00648,596,47.0,05_resultados\revisao_operacional\campanha_v1\j00648.mat
j00648,606,37.0,05_resultados\revisao_operacional\campanha_v1\j00648.mat
j00648,617,26.0,05_resultados\revisao_operacional\campanha_v1\j00648.mat
j00648,627,16.0,05_resultados\revisao_operacional\campanha_v1\j00648.mat
j00648,637,6.0,05_resultados\revisao_operacional\campanha_v1\j00648.mat
j00648,661,202.0,05_resultados\revisao_operacional\campanha_v1\j00648.mat
j00648,672,191.0,05_resultados\revisao_operacional\campanha_v1\j00648.mat
j00648,682,181.0,05_resultados\revisao_operacional\campanha_v1\j00648.mat
j00648,693,170.0,05_resultados\revisao_operacional\campanha_v1\j00648.mat
j00648,703,160.0,05_resultados\revisao_operacional\campanha_v1\j00648.mat
j00648,714,149.0,05_resultados\revisao_operacional\campanha_v1\j00648.mat
j00648,724,139.0,05_resultados\revisao_operacional\campanha_v1\j00648.mat
j00648,735,128.0,05_resultados\revisao_operacional\campanha_v1\j00648.mat
j00648,745,118.0,05_resultados\revisao_operacional\campanha_v1\j00648.mat
j00648,756,107.0,05_resultados\revisao_operacional\campanha_v1\j00648.mat
j00648,766,97.0,05_resultados\revisao_operacional\campanha_v1\j00648.mat
j00648,777,86.0,05_resultados\revisao_operacional\campanha_v1\j00648.mat
j00648,787,76.0,05_resultados\revisao_operacional\campanha_v1\j00648.mat
j00648,798,65.0,05_resultados\revisao_operacional\campanha_v1\j00648.mat
j00648,808,55.0,05_resultados\revisao_operacional\campanha_v1\j00648.mat
j00648,819,44.0,05_resultados\revisao_operacional\campanha_v1\j00648.mat
j00648,829,34.0,05_resultados\revisao_operacional\campanha_v1\j00648.mat
j00648,840,23.0,05_resultados\revisao_operacional\campanha_v1\j00648.mat
j00648,850,13.0,05_resultados\revisao_operacional\campanha_v1\j00648.mat
j00648,861,2.0,05_resultados\revisao_operacional\campanha_v1\j00648.mat
j00648,884,204.0,05_resultados\revisao_operacional\campanha_v1\j00648.mat
j00648,895,193.0,05_resultados\revisao_operacional\campanha_v1\j00648.mat
j00648,905,183.0,05_resultados\revisao_operacional\campanha_v1\j00648.mat
j00648,916,172.0,05_resultados\revisao_operacional\campanha_v1\j00648.mat
j00648,926,162.0,05_resultados\revisao_operacional\campanha_v1\j00648.mat
j00648,937,151.0,05_resultados\revisao_operacional\campanha_v1\j00648.mat
j00648,947,141.0,05_resultados\revisao_operacional\campanha_v1\j00648.mat
j00648,958,130.0,05_resultados\revisao_operacional\campanha_v1\j00648.mat
j00648,968,120.0,05_resultados\revisao_operacional\campanha_v1\j00648.mat
j00648,979,109.0,05_resultados\revisao_operacional\campanha_v1\j00648.mat
j00648,989,99.0,05_resultados\revisao_operacional\campanha_v1\j00648.mat
j00648,1000,88.0,05_resultados\revisao_operacional\campanha_v1\j00648.mat
j00648,1010,78.0,05_resultados\revisao_operacional\campanha_v1\j00648.mat
j00648,1021,67.0,05_resultados\revisao_operacional\campanha_v1\j00648.mat
j00648,1031,57.0,05_resultados\revisao_operacional\campanha_v1\j00648.mat
j00648,1042,46.0,05_resultados\revisao_operacional\campanha_v1\j00648.mat
j00648,1052,36.0,05_resultados\revisao_operacional\campanha_v1\j00648.mat
j00648,1063,25.0,05_resultados\revisao_operacional\campanha_v1\j00648.mat
j00648,1073,15.0,05_resultados\revisao_operacional\campanha_v1\j00648.mat
j00648,1084,4.0,05_resultados\revisao_operacional\campanha_v1\j00648.mat
j00648,1107,nan,05_resultados\revisao_operacional\campanha_v1\j00648.mat
j00648,1118,nan,05_resultados\revisao_operacional\campanha_v1\j00648.mat
j00648,1129,nan,05_resultados\revisao_operacional\campanha_v1\j00648.mat
j00648,1139,nan,05_resultados\revisao_operacional\campanha_v1\j00648.mat
j00648,1149,nan,05_resultados\revisao_operacional\campanha_v1\j00648.mat
j00648,1160,nan,05_resultados\revisao_operacional\campanha_v1\j00648.mat
j00648,1170,nan,05_resultados\revisao_operacional\campanha_v1\j00648.mat
j00648,1181,nan,05_resultados\revisao_operacional\campanha_v1\j00648.mat
j00648,1191,nan,05_resultados\revisao_operacional\campanha_v1\j00648.mat
j00649,4,0.0,05_resultados\revisao_operacional\campanha_v1\j00649.mat
j00649,15,1.0,05_resultados\revisao_operacional\campanha_v1\j00649.mat
j00649,25,0.0,05_resultados\revisao_operacional\campanha_v1\j00649.mat
j00649,36,0.0,05_resultados\revisao_operacional\campanha_v1\j00649.mat
j00649,46,0.0,05_resultados\revisao_operacional\campanha_v1\j00649.mat
j00649,57,369.0,05_resultados\revisao_operacional\campanha_v1\j00649.mat
j00649,67,359.0,05_resultados\revisao_operacional\campanha_v1\j00649.mat
j00649,78,348.0,05_resultados\revisao_operacional\campanha_v1\j00649.mat
j00649,88,338.0,05_resultados\revisao_operacional\campanha_v1\j00649.mat
j00649,99,327.0,05_resultados\revisao_operacional\campanha_v1\j00649.mat
j00649,109,317.0,05_resultados\revisao_operacional\campanha_v1\j00649.mat
j00649,120,306.0,05_resultados\revisao_operacional\campanha_v1\j00649.mat
j00649,130,296.0,05_resultados\revisao_operacional\campanha_v1\j00649.mat
j00649,141,285.0,05_resultados\revisao_operacional\campanha_v1\j00649.mat
j00649,151,275.0,05_resultados\revisao_operacional\campanha_v1\j00649.mat
j00649,162,264.0,05_resultados\revisao_operacional\campanha_v1\j00649.mat
j00649,172,254.0,05_resultados\revisao_operacional\campanha_v1\j00649.mat
j00649,183,243.0,05_resultados\revisao_operacional\campanha_v1\j00649.mat
j00649,193,233.0,05_resultados\revisao_operacional\campanha_v1\j00649.mat
j00649,204,222.0,05_resultados\revisao_operacional\campanha_v1\j00649.mat
j00649,214,212.0,05_resultados\revisao_operacional\campanha_v1\j00649.mat
j00649,225,201.0,05_resultados\revisao_operacional\campanha_v1\j00649.mat
j00649,235,191.0,05_resultados\revisao_operacional\campanha_v1\j00649.mat
j00649,246,180.0,05_resultados\revisao_operacional\campanha_v1\j00649.mat
j00649,256,170.0,05_resultados\revisao_operacional\campanha_v1\j00649.mat
j00649,267,159.0,05_resultados\revisao_operacional\campanha_v1\j00649.mat
j00649,277,149.0,05_resultados\revisao_operacional\campanha_v1\j00649.mat
j00649,288,138.0,05_resultados\revisao_operacional\campanha_v1\j00649.mat
j00649,298,128.0,05_resultados\revisao_operacional\campanha_v1\j00649.mat
j00649,309,117.0,05_resultados\revisao_operacional\campanha_v1\j00649.mat
j00649,319,107.0,05_resultados\revisao_operacional\campanha_v1\j00649.mat
j00649,330,96.0,05_resultados\revisao_operacional\campanha_v1\j00649.mat
j00649,340,86.0,05_resultados\revisao_operacional\campanha_v1\j00649.mat
j00649,351,75.0,05_resultados\revisao_operacional\campanha_v1\j00649.mat
j00649,361,65.0,05_resultados\revisao_operacional\campanha_v1\j00649.mat
j00649,372,54.0,05_resultados\revisao_operacional\campanha_v1\j00649.mat
j00649,382,44.0,05_resultados\revisao_operacional\campanha_v1\j00649.mat
j00649,393,33.0,05_resultados\revisao_operacional\campanha_v1\j00649.mat
j00649,403,23.0,05_resultados\revisao_operacional\campanha_v1\j00649.mat
j00649,414,12.0,05_resultados\revisao_operacional\campanha_v1\j00649.mat
j00649,438,201.0,05_resultados\revisao_operacional\campanha_v1\j00649.mat
j00649,449,190.0,05_resultados\revisao_operacional\campanha_v1\j00649.mat
j00649,459,180.0,05_resultados\revisao_operacional\campanha_v1\j00649.mat
j00649,470,169.0,05_resultados\revisao_operacional\campanha_v1\j00649.mat
j00649,480,159.0,05_resultados\revisao_operacional\campanha_v1\j00649.mat
j00649,491,148.0,05_resultados\revisao_operacional\campanha_v1\j00649.mat
j00649,501,138.0,05_resultados\revisao_operacional\campanha_v1\j00649.mat
j00649,512,127.0,05_resultados\revisao_operacional\campanha_v1\j00649.mat
j00649,522,117.0,05_resultados\revisao_operacional\campanha_v1\j00649.mat
j00649,533,106.0,05_resultados\revisao_operacional\campanha_v1\j00649.mat
j00649,543,96.0,05_resultados\revisao_operacional\campanha_v1\j00649.mat
j00649,553,86.0,05_resultados\revisao_operacional\campanha_v1\j00649.mat
j00649,564,75.0,05_resultados\revisao_operacional\campanha_v1\j00649.mat
j00649,575,64.0,05_resultados\revisao_operacional\campanha_v1\j00649.mat
j00649,585,54.0,05_resultados\revisao_operacional\campanha_v1\j00649.mat
j00649,596,43.0,05_resultados\revisao_operacional\campanha_v1\j00649.mat
j00649,606,33.0,05_resultados\revisao_operacional\campanha_v1\j00649.mat
j00649,617,22.0,05_resultados\revisao_operacional\campanha_v1\j00649.mat
j00649,627,12.0,05_resultados\revisao_operacional\campanha_v1\j00649.mat
j00649,637,2.0,05_resultados\revisao_operacional\campanha_v1\j00649.mat
j00649,661,201.0,05_resultados\revisao_operacional\campanha_v1\j00649.mat
j00649,672,190.0,05_resultados\revisao_operacional\campanha_v1\j00649.mat
j00649,682,180.0,05_resultados\revisao_operacional\campanha_v1\j00649.mat
j00649,693,169.0,05_resultados\revisao_operacional\campanha_v1\j00649.mat
j00649,703,159.0,05_resultados\revisao_operacional\campanha_v1\j00649.mat
j00649,714,148.0,05_resultados\revisao_operacional\campanha_v1\j00649.mat
j00649,724,138.0,05_resultados\revisao_operacional\campanha_v1\j00649.mat
j00649,735,127.0,05_resultados\revisao_operacional\campanha_v1\j00649.mat
j00649,745,117.0,05_resultados\revisao_operacional\campanha_v1\j00649.mat
j00649,756,106.0,05_resultados\revisao_operacional\campanha_v1\j00649.mat
j00649,766,96.0,05_resultados\revisao_operacional\campanha_v1\j00649.mat
j00649,777,85.0,05_resultados\revisao_operacional\campanha_v1\j00649.mat
j00649,787,75.0,05_resultados\revisao_operacional\campanha_v1\j00649.mat
j00649,798,64.0,05_resultados\revisao_operacional\campanha_v1\j00649.mat
j00649,808,54.0,05_resultados\revisao_operacional\campanha_v1\j00649.mat
j00649,819,43.0,05_resultados\revisao_operacional\campanha_v1\j00649.mat
j00649,829,33.0,05_resultados\revisao_operacional\campanha_v1\j00649.mat
j00649,840,22.0,05_resultados\revisao_operacional\campanha_v1\j00649.mat
j00649,850,12.0,05_resultados\revisao_operacional\campanha_v1\j00649.mat
j00649,861,1.0,05_resultados\revisao_operacional\campanha_v1\j00649.mat
j00649,884,202.0,05_resultados\revisao_operacional\campanha_v1\j00649.mat
j00649,895,191.0,05_resultados\revisao_operacional\campanha_v1\j00649.mat
j00649,905,181.0,05_resultados\revisao_operacional\campanha_v1\j00649.mat
j00649,916,170.0,05_resultados\revisao_operacional\campanha_v1\j00649.mat
j00649,926,160.0,05_resultados\revisao_operacional\campanha_v1\j00649.mat
j00649,937,149.0,05_resultados\revisao_operacional\campanha_v1\j00649.mat
j00649,947,139.0,05_resultados\revisao_operacional\campanha_v1\j00649.mat
j00649,958,128.0,05_resultados\revisao_operacional\campanha_v1\j00649.mat
j00649,968,118.0,05_resultados\revisao_operacional\campanha_v1\j00649.mat
j00649,979,107.0,05_resultados\revisao_operacional\campanha_v1\j00649.mat
j00649,989,97.0,05_resultados\revisao_operacional\campanha_v1\j00649.mat
j00649,1000,86.0,05_resultados\revisao_operacional\campanha_v1\j00649.mat
j00649,1010,76.0,05_resultados\revisao_operacional\campanha_v1\j00649.mat
j00649,1021,65.0,05_resultados\revisao_operacional\campanha_v1\j00649.mat
j00649,1031,55.0,05_resultados\revisao_operacional\campanha_v1\j00649.mat
j00649,1042,44.0,05_resultados\revisao_operacional\campanha_v1\j00649.mat
j00649,1052,34.0,05_resultados\revisao_operacional\campanha_v1\j00649.mat
j00649,1063,23.0,05_resultados\revisao_operacional\campanha_v1\j00649.mat
j00649,1073,13.0,05_resultados\revisao_operacional\campanha_v1\j00649.mat
j00649,1084,2.0,05_resultados\revisao_operacional\campanha_v1\j00649.mat
j00649,1107,nan,05_resultados\revisao_operacional\campanha_v1\j00649.mat
j00649,1118,nan,05_resultados\revisao_operacional\campanha_v1\j00649.mat
j00649,1129,nan,05_resultados\revisao_operacional\campanha_v1\j00649.mat
j00649,1139,nan,05_resultados\revisao_operacional\campanha_v1\j00649.mat
j00649,1149,nan,05_resultados\revisao_operacional\campanha_v1\j00649.mat
j00649,1160,nan,05_resultados\revisao_operacional\campanha_v1\j00649.mat
j00649,1170,nan,05_resultados\revisao_operacional\campanha_v1\j00649.mat
j00649,1181,nan,05_resultados\revisao_operacional\campanha_v1\j00649.mat
j00649,1191,nan,05_resultados\revisao_operacional\campanha_v1\j00649.mat
j00650,4,0.0,05_resultados\revisao_operacional\campanha_v1\j00650.mat
j00650,15,0.0,05_resultados\revisao_operacional\campanha_v1\j00650.mat
j00650,25,0.0,05_resultados\revisao_operacional\campanha_v1\j00650.mat
j00650,36,0.0,05_resultados\revisao_operacional\campanha_v1\j00650.mat
j00650,46,0.0,05_resultados\revisao_operacional\campanha_v1\j00650.mat
j00650,57,0.0,05_resultados\revisao_operacional\campanha_v1\j00650.mat
j00650,67,0.0,05_resultados\revisao_operacional\campanha_v1\j00650.mat
j00650,78,0.0,05_resultados\revisao_operacional\campanha_v1\j00650.mat
j00650,88,0.0,05_resultados\revisao_operacional\campanha_v1\j00650.mat
j00650,99,0.0,05_resultados\revisao_operacional\campanha_v1\j00650.mat
j00650,109,0.0,05_resultados\revisao_operacional\campanha_v1\j00650.mat
j00650,120,0.0,05_resultados\revisao_operacional\campanha_v1\j00650.mat
j00650,130,0.0,05_resultados\revisao_operacional\campanha_v1\j00650.mat
j00650,141,0.0,05_resultados\revisao_operacional\campanha_v1\j00650.mat
j00650,151,0.0,05_resultados\revisao_operacional\campanha_v1\j00650.mat
j00650,162,0.0,05_resultados\revisao_operacional\campanha_v1\j00650.mat
j00650,172,0.0,05_resultados\revisao_operacional\campanha_v1\j00650.mat
j00650,183,0.0,05_resultados\revisao_operacional\campanha_v1\j00650.mat
j00650,193,0.0,05_resultados\revisao_operacional\campanha_v1\j00650.mat
j00650,204,0.0,05_resultados\revisao_operacional\campanha_v1\j00650.mat
j00650,214,0.0,05_resultados\revisao_operacional\campanha_v1\j00650.mat
j00650,225,0.0,05_resultados\revisao_operacional\campanha_v1\j00650.mat
j00650,235,0.0,05_resultados\revisao_operacional\campanha_v1\j00650.mat
j00650,246,0.0,05_resultados\revisao_operacional\campanha_v1\j00650.mat
j00650,256,0.0,05_resultados\revisao_operacional\campanha_v1\j00650.mat
j00650,267,0.0,05_resultados\revisao_operacional\campanha_v1\j00650.mat
j00650,277,0.0,05_resultados\revisao_operacional\campanha_v1\j00650.mat
j00650,288,0.0,05_resultados\revisao_operacional\campanha_v1\j00650.mat
j00650,298,0.0,05_resultados\revisao_operacional\campanha_v1\j00650.mat
j00650,309,0.0,05_resultados\revisao_operacional\campanha_v1\j00650.mat
j00650,319,0.0,05_resultados\revisao_operacional\campanha_v1\j00650.mat
j00650,330,0.0,05_resultados\revisao_operacional\campanha_v1\j00650.mat
j00650,340,0.0,05_resultados\revisao_operacional\campanha_v1\j00650.mat
j00650,351,0.0,05_resultados\revisao_operacional\campanha_v1\j00650.mat
j00650,361,0.0,05_resultados\revisao_operacional\campanha_v1\j00650.mat
j00650,372,0.0,05_resultados\revisao_operacional\campanha_v1\j00650.mat
j00650,382,0.0,05_resultados\revisao_operacional\campanha_v1\j00650.mat
j00650,393,0.0,05_resultados\revisao_operacional\campanha_v1\j00650.mat
j00650,403,0.0,05_resultados\revisao_operacional\campanha_v1\j00650.mat
j00650,414,0.0,05_resultados\revisao_operacional\campanha_v1\j00650.mat
j00650,438,0.0,05_resultados\revisao_operacional\campanha_v1\j00650.mat
j00650,449,0.0,05_resultados\revisao_operacional\campanha_v1\j00650.mat
j00650,459,0.0,05_resultados\revisao_operacional\campanha_v1\j00650.mat
j00650,470,0.0,05_resultados\revisao_operacional\campanha_v1\j00650.mat
j00650,480,0.0,05_resultados\revisao_operacional\campanha_v1\j00650.mat
j00650,491,0.0,05_resultados\revisao_operacional\campanha_v1\j00650.mat
j00650,501,0.0,05_resultados\revisao_operacional\campanha_v1\j00650.mat
j00650,512,0.0,05_resultados\revisao_operacional\campanha_v1\j00650.mat
j00650,522,0.0,05_resultados\revisao_operacional\campanha_v1\j00650.mat
j00650,533,0.0,05_resultados\revisao_operacional\campanha_v1\j00650.mat
j00650,543,0.0,05_resultados\revisao_operacional\campanha_v1\j00650.mat
j00650,553,0.0,05_resultados\revisao_operacional\campanha_v1\j00650.mat
j00650,564,0.0,05_resultados\revisao_operacional\campanha_v1\j00650.mat
j00650,575,0.0,05_resultados\revisao_operacional\campanha_v1\j00650.mat
j00650,585,0.0,05_resultados\revisao_operacional\campanha_v1\j00650.mat
j00650,596,0.0,05_resultados\revisao_operacional\campanha_v1\j00650.mat
j00650,606,0.0,05_resultados\revisao_operacional\campanha_v1\j00650.mat
j00650,617,0.0,05_resultados\revisao_operacional\campanha_v1\j00650.mat
j00650,627,0.0,05_resultados\revisao_operacional\campanha_v1\j00650.mat
j00650,637,0.0,05_resultados\revisao_operacional\campanha_v1\j00650.mat
j00650,661,0.0,05_resultados\revisao_operacional\campanha_v1\j00650.mat
j00650,672,0.0,05_resultados\revisao_operacional\campanha_v1\j00650.mat
j00650,682,0.0,05_resultados\revisao_operacional\campanha_v1\j00650.mat
j00650,693,0.0,05_resultados\revisao_operacional\campanha_v1\j00650.mat
j00650,703,0.0,05_resultados\revisao_operacional\campanha_v1\j00650.mat
j00650,714,0.0,05_resultados\revisao_operacional\campanha_v1\j00650.mat
j00650,724,0.0,05_resultados\revisao_operacional\campanha_v1\j00650.mat
j00650,735,0.0,05_resultados\revisao_operacional\campanha_v1\j00650.mat
j00650,745,0.0,05_resultados\revisao_operacional\campanha_v1\j00650.mat
j00650,756,0.0,05_resultados\revisao_operacional\campanha_v1\j00650.mat
j00650,766,0.0,05_resultados\revisao_operacional\campanha_v1\j00650.mat
j00650,777,0.0,05_resultados\revisao_operacional\campanha_v1\j00650.mat
j00650,787,0.0,05_resultados\revisao_operacional\campanha_v1\j00650.mat
j00650,798,0.0,05_resultados\revisao_operacional\campanha_v1\j00650.mat
j00650,808,0.0,05_resultados\revisao_operacional\campanha_v1\j00650.mat
j00650,819,0.0,05_resultados\revisao_operacional\campanha_v1\j00650.mat
j00650,829,0.0,05_resultados\revisao_operacional\campanha_v1\j00650.mat
j00650,840,0.0,05_resultados\revisao_operacional\campanha_v1\j00650.mat
j00650,850,0.0,05_resultados\revisao_operacional\campanha_v1\j00650.mat
j00650,861,0.0,05_resultados\revisao_operacional\campanha_v1\j00650.mat
j00650,884,0.0,05_resultados\revisao_operacional\campanha_v1\j00650.mat
j00650,895,0.0,05_resultados\revisao_operacional\campanha_v1\j00650.mat
j00650,905,0.0,05_resultados\revisao_operacional\campanha_v1\j00650.mat
j00650,916,0.0,05_resultados\revisao_operacional\campanha_v1\j00650.mat
j00650,926,0.0,05_resultados\revisao_operacional\campanha_v1\j00650.mat
j00650,937,0.0,05_resultados\revisao_operacional\campanha_v1\j00650.mat
j00650,947,0.0,05_resultados\revisao_operacional\campanha_v1\j00650.mat
j00650,958,0.0,05_resultados\revisao_operacional\campanha_v1\j00650.mat
j00650,968,0.0,05_resultados\revisao_operacional\campanha_v1\j00650.mat
j00650,979,0.0,05_resultados\revisao_operacional\campanha_v1\j00650.mat
j00650,989,0.0,05_resultados\revisao_operacional\campanha_v1\j00650.mat
j00650,1000,0.0,05_resultados\revisao_operacional\campanha_v1\j00650.mat
j00650,1010,0.0,05_resultados\revisao_operacional\campanha_v1\j00650.mat
j00650,1021,0.0,05_resultados\revisao_operacional\campanha_v1\j00650.mat
j00650,1031,0.0,05_resultados\revisao_operacional\campanha_v1\j00650.mat
j00650,1042,0.0,05_resultados\revisao_operacional\campanha_v1\j00650.mat
j00650,1052,0.0,05_resultados\revisao_operacional\campanha_v1\j00650.mat
j00650,1063,0.0,05_resultados\revisao_operacional\campanha_v1\j00650.mat
j00650,1073,0.0,05_resultados\revisao_operacional\campanha_v1\j00650.mat
j00650,1084,0.0,05_resultados\revisao_operacional\campanha_v1\j00650.mat
j00650,1107,0.0,05_resultados\revisao_operacional\campanha_v1\j00650.mat
j00650,1118,0.0,05_resultados\revisao_operacional\campanha_v1\j00650.mat
j00650,1129,0.0,05_resultados\revisao_operacional\campanha_v1\j00650.mat
j00650,1139,0.0,05_resultados\revisao_operacional\campanha_v1\j00650.mat
j00650,1149,0.0,05_resultados\revisao_operacional\campanha_v1\j00650.mat
j00650,1160,0.0,05_resultados\revisao_operacional\campanha_v1\j00650.mat
j00650,1170,0.0,05_resultados\revisao_operacional\campanha_v1\j00650.mat
j00650,1181,0.0,05_resultados\revisao_operacional\campanha_v1\j00650.mat
j00650,1191,nan,05_resultados\revisao_operacional\campanha_v1\j00650.mat
j00651,4,0.0,05_resultados\revisao_operacional\campanha_v1\j00651.mat
j00651,15,0.0,05_resultados\revisao_operacional\campanha_v1\j00651.mat
j00651,25,0.0,05_resultados\revisao_operacional\campanha_v1\j00651.mat
j00651,36,0.0,05_resultados\revisao_operacional\campanha_v1\j00651.mat
j00651,46,0.0,05_resultados\revisao_operacional\campanha_v1\j00651.mat
j00651,57,0.0,05_resultados\revisao_operacional\campanha_v1\j00651.mat
j00651,67,0.0,05_resultados\revisao_operacional\campanha_v1\j00651.mat
j00651,78,0.0,05_resultados\revisao_operacional\campanha_v1\j00651.mat
j00651,88,0.0,05_resultados\revisao_operacional\campanha_v1\j00651.mat
j00651,99,0.0,05_resultados\revisao_operacional\campanha_v1\j00651.mat
j00651,109,0.0,05_resultados\revisao_operacional\campanha_v1\j00651.mat
j00651,120,0.0,05_resultados\revisao_operacional\campanha_v1\j00651.mat
j00651,130,0.0,05_resultados\revisao_operacional\campanha_v1\j00651.mat
j00651,141,0.0,05_resultados\revisao_operacional\campanha_v1\j00651.mat
j00651,151,0.0,05_resultados\revisao_operacional\campanha_v1\j00651.mat
j00651,162,0.0,05_resultados\revisao_operacional\campanha_v1\j00651.mat
j00651,172,0.0,05_resultados\revisao_operacional\campanha_v1\j00651.mat
j00651,183,0.0,05_resultados\revisao_operacional\campanha_v1\j00651.mat
j00651,193,0.0,05_resultados\revisao_operacional\campanha_v1\j00651.mat
j00651,204,0.0,05_resultados\revisao_operacional\campanha_v1\j00651.mat
j00651,214,0.0,05_resultados\revisao_operacional\campanha_v1\j00651.mat
j00651,225,0.0,05_resultados\revisao_operacional\campanha_v1\j00651.mat
j00651,235,0.0,05_resultados\revisao_operacional\campanha_v1\j00651.mat
j00651,246,0.0,05_resultados\revisao_operacional\campanha_v1\j00651.mat
j00651,256,0.0,05_resultados\revisao_operacional\campanha_v1\j00651.mat
j00651,267,0.0,05_resultados\revisao_operacional\campanha_v1\j00651.mat
j00651,277,0.0,05_resultados\revisao_operacional\campanha_v1\j00651.mat
j00651,288,0.0,05_resultados\revisao_operacional\campanha_v1\j00651.mat
j00651,298,0.0,05_resultados\revisao_operacional\campanha_v1\j00651.mat
j00651,309,0.0,05_resultados\revisao_operacional\campanha_v1\j00651.mat
j00651,319,0.0,05_resultados\revisao_operacional\campanha_v1\j00651.mat
j00651,330,0.0,05_resultados\revisao_operacional\campanha_v1\j00651.mat
j00651,340,0.0,05_resultados\revisao_operacional\campanha_v1\j00651.mat
j00651,351,0.0,05_resultados\revisao_operacional\campanha_v1\j00651.mat
j00651,361,0.0,05_resultados\revisao_operacional\campanha_v1\j00651.mat
j00651,372,0.0,05_resultados\revisao_operacional\campanha_v1\j00651.mat
j00651,382,0.0,05_resultados\revisao_operacional\campanha_v1\j00651.mat
j00651,393,0.0,05_resultados\revisao_operacional\campanha_v1\j00651.mat
j00651,403,0.0,05_resultados\revisao_operacional\campanha_v1\j00651.mat
j00651,414,0.0,05_resultados\revisao_operacional\campanha_v1\j00651.mat
j00651,438,0.0,05_resultados\revisao_operacional\campanha_v1\j00651.mat
j00651,449,0.0,05_resultados\revisao_operacional\campanha_v1\j00651.mat
j00651,459,0.0,05_resultados\revisao_operacional\campanha_v1\j00651.mat
j00651,470,0.0,05_resultados\revisao_operacional\campanha_v1\j00651.mat
j00651,480,0.0,05_resultados\revisao_operacional\campanha_v1\j00651.mat
j00651,491,0.0,05_resultados\revisao_operacional\campanha_v1\j00651.mat
j00651,501,0.0,05_resultados\revisao_operacional\campanha_v1\j00651.mat
j00651,512,0.0,05_resultados\revisao_operacional\campanha_v1\j00651.mat
j00651,522,0.0,05_resultados\revisao_operacional\campanha_v1\j00651.mat
j00651,533,0.0,05_resultados\revisao_operacional\campanha_v1\j00651.mat
j00651,543,0.0,05_resultados\revisao_operacional\campanha_v1\j00651.mat
j00651,553,0.0,05_resultados\revisao_operacional\campanha_v1\j00651.mat
j00651,564,0.0,05_resultados\revisao_operacional\campanha_v1\j00651.mat
j00651,575,0.0,05_resultados\revisao_operacional\campanha_v1\j00651.mat
j00651,585,0.0,05_resultados\revisao_operacional\campanha_v1\j00651.mat
j00651,596,0.0,05_resultados\revisao_operacional\campanha_v1\j00651.mat
j00651,606,0.0,05_resultados\revisao_operacional\campanha_v1\j00651.mat
j00651,617,0.0,05_resultados\revisao_operacional\campanha_v1\j00651.mat
j00651,627,0.0,05_resultados\revisao_operacional\campanha_v1\j00651.mat
j00651,637,0.0,05_resultados\revisao_operacional\campanha_v1\j00651.mat
j00651,661,0.0,05_resultados\revisao_operacional\campanha_v1\j00651.mat
j00651,672,0.0,05_resultados\revisao_operacional\campanha_v1\j00651.mat
j00651,682,0.0,05_resultados\revisao_operacional\campanha_v1\j00651.mat
j00651,693,0.0,05_resultados\revisao_operacional\campanha_v1\j00651.mat
j00651,703,0.0,05_resultados\revisao_operacional\campanha_v1\j00651.mat
j00651,714,0.0,05_resultados\revisao_operacional\campanha_v1\j00651.mat
j00651,724,0.0,05_resultados\revisao_operacional\campanha_v1\j00651.mat
j00651,735,0.0,05_resultados\revisao_operacional\campanha_v1\j00651.mat
j00651,745,0.0,05_resultados\revisao_operacional\campanha_v1\j00651.mat
j00651,756,0.0,05_resultados\revisao_operacional\campanha_v1\j00651.mat
j00651,766,0.0,05_resultados\revisao_operacional\campanha_v1\j00651.mat
j00651,777,0.0,05_resultados\revisao_operacional\campanha_v1\j00651.mat
j00651,787,0.0,05_resultados\revisao_operacional\campanha_v1\j00651.mat
j00651,798,0.0,05_resultados\revisao_operacional\campanha_v1\j00651.mat
j00651,808,0.0,05_resultados\revisao_operacional\campanha_v1\j00651.mat
j00651,819,0.0,05_resultados\revisao_operacional\campanha_v1\j00651.mat
j00651,829,0.0,05_resultados\revisao_operacional\campanha_v1\j00651.mat
j00651,840,0.0,05_resultados\revisao_operacional\campanha_v1\j00651.mat
j00651,850,0.0,05_resultados\revisao_operacional\campanha_v1\j00651.mat
j00651,861,0.0,05_resultados\revisao_operacional\campanha_v1\j00651.mat
j00651,884,0.0,05_resultados\revisao_operacional\campanha_v1\j00651.mat
j00651,895,0.0,05_resultados\revisao_operacional\campanha_v1\j00651.mat
j00651,905,0.0,05_resultados\revisao_operacional\campanha_v1\j00651.mat
j00651,916,0.0,05_resultados\revisao_operacional\campanha_v1\j00651.mat
j00651,926,0.0,05_resultados\revisao_operacional\campanha_v1\j00651.mat
j00651,937,0.0,05_resultados\revisao_operacional\campanha_v1\j00651.mat
j00651,947,0.0,05_resultados\revisao_operacional\campanha_v1\j00651.mat
j00651,958,0.0,05_resultados\revisao_operacional\campanha_v1\j00651.mat
j00651,968,0.0,05_resultados\revisao_operacional\campanha_v1\j00651.mat
j00651,979,0.0,05_resultados\revisao_operacional\campanha_v1\j00651.mat
j00651,989,0.0,05_resultados\revisao_operacional\campanha_v1\j00651.mat
j00651,1000,0.0,05_resultados\revisao_operacional\campanha_v1\j00651.mat
j00651,1010,0.0,05_resultados\revisao_operacional\campanha_v1\j00651.mat
j00651,1021,0.0,05_resultados\revisao_operacional\campanha_v1\j00651.mat
j00651,1031,0.0,05_resultados\revisao_operacional\campanha_v1\j00651.mat
j00651,1042,0.0,05_resultados\revisao_operacional\campanha_v1\j00651.mat
j00651,1052,0.0,05_resultados\revisao_operacional\campanha_v1\j00651.mat
j00651,1063,0.0,05_resultados\revisao_operacional\campanha_v1\j00651.mat
j00651,1073,0.0,05_resultados\revisao_operacional\campanha_v1\j00651.mat
j00651,1084,0.0,05_resultados\revisao_operacional\campanha_v1\j00651.mat
j00651,1107,0.0,05_resultados\revisao_operacional\campanha_v1\j00651.mat
j00651,1118,0.0,05_resultados\revisao_operacional\campanha_v1\j00651.mat
j00651,1129,0.0,05_resultados\revisao_operacional\campanha_v1\j00651.mat
j00651,1139,0.0,05_resultados\revisao_operacional\campanha_v1\j00651.mat
j00651,1149,0.0,05_resultados\revisao_operacional\campanha_v1\j00651.mat
j00651,1160,0.0,05_resultados\revisao_operacional\campanha_v1\j00651.mat
j00651,1170,0.0,05_resultados\revisao_operacional\campanha_v1\j00651.mat
j00651,1181,0.0,05_resultados\revisao_operacional\campanha_v1\j00651.mat
j00651,1191,nan,05_resultados\revisao_operacional\campanha_v1\j00651.mat
j00652,4,891.0,05_resultados\revisao_operacional\campanha_v1\j00652.mat
j00652,15,880.0,05_resultados\revisao_operacional\campanha_v1\j00652.mat
j00652,25,870.0,05_resultados\revisao_operacional\campanha_v1\j00652.mat
j00652,36,859.0,05_resultados\revisao_operacional\campanha_v1\j00652.mat
j00652,46,849.0,05_resultados\revisao_operacional\campanha_v1\j00652.mat
j00652,57,838.0,05_resultados\revisao_operacional\campanha_v1\j00652.mat
j00652,67,828.0,05_resultados\revisao_operacional\campanha_v1\j00652.mat
j00652,78,817.0,05_resultados\revisao_operacional\campanha_v1\j00652.mat
j00652,88,807.0,05_resultados\revisao_operacional\campanha_v1\j00652.mat
j00652,99,796.0,05_resultados\revisao_operacional\campanha_v1\j00652.mat
j00652,109,786.0,05_resultados\revisao_operacional\campanha_v1\j00652.mat
j00652,120,775.0,05_resultados\revisao_operacional\campanha_v1\j00652.mat
j00652,130,765.0,05_resultados\revisao_operacional\campanha_v1\j00652.mat
j00652,141,754.0,05_resultados\revisao_operacional\campanha_v1\j00652.mat
j00652,151,744.0,05_resultados\revisao_operacional\campanha_v1\j00652.mat
j00652,162,733.0,05_resultados\revisao_operacional\campanha_v1\j00652.mat
j00652,172,723.0,05_resultados\revisao_operacional\campanha_v1\j00652.mat
j00652,183,712.0,05_resultados\revisao_operacional\campanha_v1\j00652.mat
j00652,193,702.0,05_resultados\revisao_operacional\campanha_v1\j00652.mat
j00652,204,691.0,05_resultados\revisao_operacional\campanha_v1\j00652.mat
j00652,214,681.0,05_resultados\revisao_operacional\campanha_v1\j00652.mat
j00652,225,670.0,05_resultados\revisao_operacional\campanha_v1\j00652.mat
j00652,235,660.0,05_resultados\revisao_operacional\campanha_v1\j00652.mat
j00652,246,649.0,05_resultados\revisao_operacional\campanha_v1\j00652.mat
j00652,256,639.0,05_resultados\revisao_operacional\campanha_v1\j00652.mat
j00652,267,628.0,05_resultados\revisao_operacional\campanha_v1\j00652.mat
j00652,277,618.0,05_resultados\revisao_operacional\campanha_v1\j00652.mat
j00652,288,607.0,05_resultados\revisao_operacional\campanha_v1\j00652.mat
j00652,298,597.0,05_resultados\revisao_operacional\campanha_v1\j00652.mat
j00652,309,586.0,05_resultados\revisao_operacional\campanha_v1\j00652.mat
j00652,319,576.0,05_resultados\revisao_operacional\campanha_v1\j00652.mat
j00652,330,565.0,05_resultados\revisao_operacional\campanha_v1\j00652.mat
j00652,340,555.0,05_resultados\revisao_operacional\campanha_v1\j00652.mat
j00652,351,544.0,05_resultados\revisao_operacional\campanha_v1\j00652.mat
j00652,361,534.0,05_resultados\revisao_operacional\campanha_v1\j00652.mat
j00652,372,523.0,05_resultados\revisao_operacional\campanha_v1\j00652.mat
j00652,382,513.0,05_resultados\revisao_operacional\campanha_v1\j00652.mat
j00652,393,502.0,05_resultados\revisao_operacional\campanha_v1\j00652.mat
j00652,403,492.0,05_resultados\revisao_operacional\campanha_v1\j00652.mat
j00652,414,481.0,05_resultados\revisao_operacional\campanha_v1\j00652.mat
j00652,424,471.0,05_resultados\revisao_operacional\campanha_v1\j00652.mat
j00652,435,460.0,05_resultados\revisao_operacional\campanha_v1\j00652.mat
j00652,445,450.0,05_resultados\revisao_operacional\campanha_v1\j00652.mat
j00652,456,439.0,05_resultados\revisao_operacional\campanha_v1\j00652.mat
j00652,466,429.0,05_resultados\revisao_operacional\campanha_v1\j00652.mat
j00652,477,418.0,05_resultados\revisao_operacional\campanha_v1\j00652.mat
j00652,487,408.0,05_resultados\revisao_operacional\campanha_v1\j00652.mat
j00652,498,397.0,05_resultados\revisao_operacional\campanha_v1\j00652.mat
j00652,508,387.0,05_resultados\revisao_operacional\campanha_v1\j00652.mat
j00652,519,376.0,05_resultados\revisao_operacional\campanha_v1\j00652.mat
j00652,529,366.0,05_resultados\revisao_operacional\campanha_v1\j00652.mat
j00652,540,355.0,05_resultados\revisao_operacional\campanha_v1\j00652.mat
j00652,550,345.0,05_resultados\revisao_operacional\campanha_v1\j00652.mat
j00652,561,334.0,05_resultados\revisao_operacional\campanha_v1\j00652.mat
j00652,571,324.0,05_resultados\revisao_operacional\campanha_v1\j00652.mat
j00652,582,313.0,05_resultados\revisao_operacional\campanha_v1\j00652.mat
j00652,592,303.0,05_resultados\revisao_operacional\campanha_v1\j00652.mat
j00652,603,292.0,05_resultados\revisao_operacional\campanha_v1\j00652.mat
j00652,613,282.0,05_resultados\revisao_operacional\campanha_v1\j00652.mat
j00652,624,271.0,05_resultados\revisao_operacional\campanha_v1\j00652.mat
j00652,634,261.0,05_resultados\revisao_operacional\campanha_v1\j00652.mat
j00652,645,250.0,05_resultados\revisao_operacional\campanha_v1\j00652.mat
j00652,655,240.0,05_resultados\revisao_operacional\campanha_v1\j00652.mat
j00652,666,229.0,05_resultados\revisao_operacional\campanha_v1\j00652.mat
j00652,690,205.0,05_resultados\revisao_operacional\campanha_v1\j00652.mat
j00652,701,194.0,05_resultados\revisao_operacional\campanha_v1\j00652.mat
j00652,711,184.0,05_resultados\revisao_operacional\campanha_v1\j00652.mat
j00652,722,173.0,05_resultados\revisao_operacional\campanha_v1\j00652.mat
j00652,732,163.0,05_resultados\revisao_operacional\campanha_v1\j00652.mat
j00652,743,152.0,05_resultados\revisao_operacional\campanha_v1\j00652.mat
j00652,753,142.0,05_resultados\revisao_operacional\campanha_v1\j00652.mat
j00652,764,131.0,05_resultados\revisao_operacional\campanha_v1\j00652.mat
j00652,774,121.0,05_resultados\revisao_operacional\campanha_v1\j00652.mat
j00652,785,110.0,05_resultados\revisao_operacional\campanha_v1\j00652.mat
j00652,795,100.0,05_resultados\revisao_operacional\campanha_v1\j00652.mat
j00652,805,90.0,05_resultados\revisao_operacional\campanha_v1\j00652.mat
j00652,816,79.0,05_resultados\revisao_operacional\campanha_v1\j00652.mat
j00652,827,68.0,05_resultados\revisao_operacional\campanha_v1\j00652.mat
j00652,837,58.0,05_resultados\revisao_operacional\campanha_v1\j00652.mat
j00652,848,47.0,05_resultados\revisao_operacional\campanha_v1\j00652.mat
j00652,858,37.0,05_resultados\revisao_operacional\campanha_v1\j00652.mat
j00652,869,26.0,05_resultados\revisao_operacional\campanha_v1\j00652.mat
j00652,879,16.0,05_resultados\revisao_operacional\campanha_v1\j00652.mat
j00652,889,6.0,05_resultados\revisao_operacional\campanha_v1\j00652.mat
j00652,913,nan,05_resultados\revisao_operacional\campanha_v1\j00652.mat
j00652,924,nan,05_resultados\revisao_operacional\campanha_v1\j00652.mat
j00652,934,nan,05_resultados\revisao_operacional\campanha_v1\j00652.mat
j00652,945,nan,05_resultados\revisao_operacional\campanha_v1\j00652.mat
j00652,955,nan,05_resultados\revisao_operacional\campanha_v1\j00652.mat
j00652,966,nan,05_resultados\revisao_operacional\campanha_v1\j00652.mat
j00652,976,nan,05_resultados\revisao_operacional\campanha_v1\j00652.mat
j00652,987,nan,05_resultados\revisao_operacional\campanha_v1\j00652.mat
j00652,997,nan,05_resultados\revisao_operacional\campanha_v1\j00652.mat
j00652,1008,nan,05_resultados\revisao_operacional\campanha_v1\j00652.mat
j00652,1018,nan,05_resultados\revisao_operacional\campanha_v1\j00652.mat
j00652,1029,nan,05_resultados\revisao_operacional\campanha_v1\j00652.mat
j00652,1039,nan,05_resultados\revisao_operacional\campanha_v1\j00652.mat
j00652,1050,nan,05_resultados\revisao_operacional\campanha_v1\j00652.mat
j00652,1060,nan,05_resultados\revisao_operacional\campanha_v1\j00652.mat
j00652,1071,nan,05_resultados\revisao_operacional\campanha_v1\j00652.mat
j00652,1081,nan,05_resultados\revisao_operacional\campanha_v1\j00652.mat
j00652,1092,nan,05_resultados\revisao_operacional\campanha_v1\j00652.mat
j00652,1102,nan,05_resultados\revisao_operacional\campanha_v1\j00652.mat
j00652,1113,nan,05_resultados\revisao_operacional\campanha_v1\j00652.mat
j00652,1136,nan,05_resultados\revisao_operacional\campanha_v1\j00652.mat
j00652,1147,nan,05_resultados\revisao_operacional\campanha_v1\j00652.mat
j00652,1157,nan,05_resultados\revisao_operacional\campanha_v1\j00652.mat
j00652,1168,nan,05_resultados\revisao_operacional\campanha_v1\j00652.mat
j00652,1178,nan,05_resultados\revisao_operacional\campanha_v1\j00652.mat
j00652,1189,nan,05_resultados\revisao_operacional\campanha_v1\j00652.mat
j00652,1199,nan,05_resultados\revisao_operacional\campanha_v1\j00652.mat
j00653,4,180.0,05_resultados\revisao_operacional\campanha_v1\j00653.mat
j00653,15,169.0,05_resultados\revisao_operacional\campanha_v1\j00653.mat
j00653,25,159.0,05_resultados\revisao_operacional\campanha_v1\j00653.mat
j00653,36,148.0,05_resultados\revisao_operacional\campanha_v1\j00653.mat
j00653,46,138.0,05_resultados\revisao_operacional\campanha_v1\j00653.mat
j00653,57,127.0,05_resultados\revisao_operacional\campanha_v1\j00653.mat
j00653,67,117.0,05_resultados\revisao_operacional\campanha_v1\j00653.mat
j00653,78,106.0,05_resultados\revisao_operacional\campanha_v1\j00653.mat
j00653,88,96.0,05_resultados\revisao_operacional\campanha_v1\j00653.mat
j00653,99,85.0,05_resultados\revisao_operacional\campanha_v1\j00653.mat
j00653,109,75.0,05_resultados\revisao_operacional\campanha_v1\j00653.mat
j00653,120,64.0,05_resultados\revisao_operacional\campanha_v1\j00653.mat
j00653,130,54.0,05_resultados\revisao_operacional\campanha_v1\j00653.mat
j00653,141,43.0,05_resultados\revisao_operacional\campanha_v1\j00653.mat
j00653,151,33.0,05_resultados\revisao_operacional\campanha_v1\j00653.mat
j00653,162,22.0,05_resultados\revisao_operacional\campanha_v1\j00653.mat
j00653,172,12.0,05_resultados\revisao_operacional\campanha_v1\j00653.mat
j00653,183,1.0,05_resultados\revisao_operacional\campanha_v1\j00653.mat
j00653,193,477.0,05_resultados\revisao_operacional\campanha_v1\j00653.mat
j00653,204,466.0,05_resultados\revisao_operacional\campanha_v1\j00653.mat
j00653,214,456.0,05_resultados\revisao_operacional\campanha_v1\j00653.mat
j00653,225,445.0,05_resultados\revisao_operacional\campanha_v1\j00653.mat
j00653,235,435.0,05_resultados\revisao_operacional\campanha_v1\j00653.mat
j00653,246,424.0,05_resultados\revisao_operacional\campanha_v1\j00653.mat
j00653,256,414.0,05_resultados\revisao_operacional\campanha_v1\j00653.mat
j00653,267,403.0,05_resultados\revisao_operacional\campanha_v1\j00653.mat
j00653,277,393.0,05_resultados\revisao_operacional\campanha_v1\j00653.mat
j00653,288,382.0,05_resultados\revisao_operacional\campanha_v1\j00653.mat
j00653,298,372.0,05_resultados\revisao_operacional\campanha_v1\j00653.mat
j00653,309,361.0,05_resultados\revisao_operacional\campanha_v1\j00653.mat
j00653,319,351.0,05_resultados\revisao_operacional\campanha_v1\j00653.mat
j00653,330,340.0,05_resultados\revisao_operacional\campanha_v1\j00653.mat
j00653,340,330.0,05_resultados\revisao_operacional\campanha_v1\j00653.mat
j00653,351,319.0,05_resultados\revisao_operacional\campanha_v1\j00653.mat
j00653,361,309.0,05_resultados\revisao_operacional\campanha_v1\j00653.mat
j00653,372,298.0,05_resultados\revisao_operacional\campanha_v1\j00653.mat
j00653,382,288.0,05_resultados\revisao_operacional\campanha_v1\j00653.mat
j00653,393,277.0,05_resultados\revisao_operacional\campanha_v1\j00653.mat
j00653,403,267.0,05_resultados\revisao_operacional\campanha_v1\j00653.mat
j00653,414,256.0,05_resultados\revisao_operacional\campanha_v1\j00653.mat
j00653,424,246.0,05_resultados\revisao_operacional\campanha_v1\j00653.mat
j00653,435,235.0,05_resultados\revisao_operacional\campanha_v1\j00653.mat
j00653,445,225.0,05_resultados\revisao_operacional\campanha_v1\j00653.mat
j00653,456,214.0,05_resultados\revisao_operacional\campanha_v1\j00653.mat
j00653,466,204.0,05_resultados\revisao_operacional\campanha_v1\j00653.mat
j00653,477,193.0,05_resultados\revisao_operacional\campanha_v1\j00653.mat
j00653,487,183.0,05_resultados\revisao_operacional\campanha_v1\j00653.mat
j00653,498,172.0,05_resultados\revisao_operacional\campanha_v1\j00653.mat
j00653,508,162.0,05_resultados\revisao_operacional\campanha_v1\j00653.mat
j00653,519,151.0,05_resultados\revisao_operacional\campanha_v1\j00653.mat
j00653,529,141.0,05_resultados\revisao_operacional\campanha_v1\j00653.mat
j00653,540,130.0,05_resultados\revisao_operacional\campanha_v1\j00653.mat
j00653,550,120.0,05_resultados\revisao_operacional\campanha_v1\j00653.mat
j00653,561,109.0,05_resultados\revisao_operacional\campanha_v1\j00653.mat
j00653,571,99.0,05_resultados\revisao_operacional\campanha_v1\j00653.mat
j00653,582,88.0,05_resultados\revisao_operacional\campanha_v1\j00653.mat
j00653,592,78.0,05_resultados\revisao_operacional\campanha_v1\j00653.mat
j00653,603,67.0,05_resultados\revisao_operacional\campanha_v1\j00653.mat
j00653,613,57.0,05_resultados\revisao_operacional\campanha_v1\j00653.mat
j00653,624,46.0,05_resultados\revisao_operacional\campanha_v1\j00653.mat
j00653,634,36.0,05_resultados\revisao_operacional\campanha_v1\j00653.mat
j00653,645,25.0,05_resultados\revisao_operacional\campanha_v1\j00653.mat
j00653,655,15.0,05_resultados\revisao_operacional\campanha_v1\j00653.mat
j00653,666,4.0,05_resultados\revisao_operacional\campanha_v1\j00653.mat
j00653,690,205.0,05_resultados\revisao_operacional\campanha_v1\j00653.mat
j00653,701,194.0,05_resultados\revisao_operacional\campanha_v1\j00653.mat
j00653,711,184.0,05_resultados\revisao_operacional\campanha_v1\j00653.mat
j00653,722,173.0,05_resultados\revisao_operacional\campanha_v1\j00653.mat
j00653,732,163.0,05_resultados\revisao_operacional\campanha_v1\j00653.mat
j00653,743,152.0,05_resultados\revisao_operacional\campanha_v1\j00653.mat
j00653,753,142.0,05_resultados\revisao_operacional\campanha_v1\j00653.mat
j00653,764,131.0,05_resultados\revisao_operacional\campanha_v1\j00653.mat
j00653,774,121.0,05_resultados\revisao_operacional\campanha_v1\j00653.mat
j00653,785,110.0,05_resultados\revisao_operacional\campanha_v1\j00653.mat
j00653,795,100.0,05_resultados\revisao_operacional\campanha_v1\j00653.mat
j00653,805,90.0,05_resultados\revisao_operacional\campanha_v1\j00653.mat
j00653,816,79.0,05_resultados\revisao_operacional\campanha_v1\j00653.mat
j00653,827,68.0,05_resultados\revisao_operacional\campanha_v1\j00653.mat
j00653,837,58.0,05_resultados\revisao_operacional\campanha_v1\j00653.mat
j00653,848,47.0,05_resultados\revisao_operacional\campanha_v1\j00653.mat
j00653,858,37.0,05_resultados\revisao_operacional\campanha_v1\j00653.mat
j00653,869,26.0,05_resultados\revisao_operacional\campanha_v1\j00653.mat
j00653,879,16.0,05_resultados\revisao_operacional\campanha_v1\j00653.mat
j00653,889,6.0,05_resultados\revisao_operacional\campanha_v1\j00653.mat
j00653,913,202.0,05_resultados\revisao_operacional\campanha_v1\j00653.mat
j00653,924,191.0,05_resultados\revisao_operacional\campanha_v1\j00653.mat
j00653,934,181.0,05_resultados\revisao_operacional\campanha_v1\j00653.mat
j00653,945,170.0,05_resultados\revisao_operacional\campanha_v1\j00653.mat
j00653,955,160.0,05_resultados\revisao_operacional\campanha_v1\j00653.mat
j00653,966,149.0,05_resultados\revisao_operacional\campanha_v1\j00653.mat
j00653,976,139.0,05_resultados\revisao_operacional\campanha_v1\j00653.mat
j00653,987,128.0,05_resultados\revisao_operacional\campanha_v1\j00653.mat
j00653,997,118.0,05_resultados\revisao_operacional\campanha_v1\j00653.mat
j00653,1008,107.0,05_resultados\revisao_operacional\campanha_v1\j00653.mat
j00653,1018,97.0,05_resultados\revisao_operacional\campanha_v1\j00653.mat
j00653,1029,86.0,05_resultados\revisao_operacional\campanha_v1\j00653.mat
j00653,1039,76.0,05_resultados\revisao_operacional\campanha_v1\j00653.mat
j00653,1050,65.0,05_resultados\revisao_operacional\campanha_v1\j00653.mat
j00653,1060,55.0,05_resultados\revisao_operacional\campanha_v1\j00653.mat
j00653,1071,44.0,05_resultados\revisao_operacional\campanha_v1\j00653.mat
j00653,1081,34.0,05_resultados\revisao_operacional\campanha_v1\j00653.mat
j00653,1092,23.0,05_resultados\revisao_operacional\campanha_v1\j00653.mat
j00653,1102,13.0,05_resultados\revisao_operacional\campanha_v1\j00653.mat
j00653,1113,2.0,05_resultados\revisao_operacional\campanha_v1\j00653.mat
j00653,1136,nan,05_resultados\revisao_operacional\campanha_v1\j00653.mat
j00653,1147,nan,05_resultados\revisao_operacional\campanha_v1\j00653.mat
j00653,1157,nan,05_resultados\revisao_operacional\campanha_v1\j00653.mat
j00653,1168,nan,05_resultados\revisao_operacional\campanha_v1\j00653.mat
j00653,1178,nan,05_resultados\revisao_operacional\campanha_v1\j00653.mat
j00653,1189,nan,05_resultados\revisao_operacional\campanha_v1\j00653.mat
j00653,1199,nan,05_resultados\revisao_operacional\campanha_v1\j00653.mat
j00654,4,22.0,05_resultados\revisao_operacional\campanha_v1\j00654.mat
j00654,15,11.0,05_resultados\revisao_operacional\campanha_v1\j00654.mat
j00654,25,1.0,05_resultados\revisao_operacional\campanha_v1\j00654.mat
j00654,36,0.0,05_resultados\revisao_operacional\campanha_v1\j00654.mat
j00654,46,632.0,05_resultados\revisao_operacional\campanha_v1\j00654.mat
j00654,57,621.0,05_resultados\revisao_operacional\campanha_v1\j00654.mat
j00654,67,611.0,05_resultados\revisao_operacional\campanha_v1\j00654.mat
j00654,78,600.0,05_resultados\revisao_operacional\campanha_v1\j00654.mat
j00654,88,590.0,05_resultados\revisao_operacional\campanha_v1\j00654.mat
j00654,99,579.0,05_resultados\revisao_operacional\campanha_v1\j00654.mat
j00654,109,569.0,05_resultados\revisao_operacional\campanha_v1\j00654.mat
j00654,120,558.0,05_resultados\revisao_operacional\campanha_v1\j00654.mat
j00654,130,548.0,05_resultados\revisao_operacional\campanha_v1\j00654.mat
j00654,141,537.0,05_resultados\revisao_operacional\campanha_v1\j00654.mat
j00654,151,527.0,05_resultados\revisao_operacional\campanha_v1\j00654.mat
j00654,162,516.0,05_resultados\revisao_operacional\campanha_v1\j00654.mat
j00654,172,506.0,05_resultados\revisao_operacional\campanha_v1\j00654.mat
j00654,183,495.0,05_resultados\revisao_operacional\campanha_v1\j00654.mat
j00654,193,485.0,05_resultados\revisao_operacional\campanha_v1\j00654.mat
j00654,204,474.0,05_resultados\revisao_operacional\campanha_v1\j00654.mat
j00654,214,464.0,05_resultados\revisao_operacional\campanha_v1\j00654.mat
j00654,225,453.0,05_resultados\revisao_operacional\campanha_v1\j00654.mat
j00654,235,443.0,05_resultados\revisao_operacional\campanha_v1\j00654.mat
j00654,246,432.0,05_resultados\revisao_operacional\campanha_v1\j00654.mat
j00654,256,422.0,05_resultados\revisao_operacional\campanha_v1\j00654.mat
j00654,267,411.0,05_resultados\revisao_operacional\campanha_v1\j00654.mat
j00654,277,401.0,05_resultados\revisao_operacional\campanha_v1\j00654.mat
j00654,288,390.0,05_resultados\revisao_operacional\campanha_v1\j00654.mat
j00654,298,380.0,05_resultados\revisao_operacional\campanha_v1\j00654.mat
j00654,309,369.0,05_resultados\revisao_operacional\campanha_v1\j00654.mat
j00654,319,359.0,05_resultados\revisao_operacional\campanha_v1\j00654.mat
j00654,330,348.0,05_resultados\revisao_operacional\campanha_v1\j00654.mat
j00654,340,338.0,05_resultados\revisao_operacional\campanha_v1\j00654.mat
j00654,351,327.0,05_resultados\revisao_operacional\campanha_v1\j00654.mat
j00654,361,317.0,05_resultados\revisao_operacional\campanha_v1\j00654.mat
j00654,372,306.0,05_resultados\revisao_operacional\campanha_v1\j00654.mat
j00654,382,296.0,05_resultados\revisao_operacional\campanha_v1\j00654.mat
j00654,393,285.0,05_resultados\revisao_operacional\campanha_v1\j00654.mat
j00654,403,275.0,05_resultados\revisao_operacional\campanha_v1\j00654.mat
j00654,414,264.0,05_resultados\revisao_operacional\campanha_v1\j00654.mat
j00654,424,254.0,05_resultados\revisao_operacional\campanha_v1\j00654.mat
j00654,435,243.0,05_resultados\revisao_operacional\campanha_v1\j00654.mat
j00654,445,233.0,05_resultados\revisao_operacional\campanha_v1\j00654.mat
j00654,456,222.0,05_resultados\revisao_operacional\campanha_v1\j00654.mat
j00654,466,212.0,05_resultados\revisao_operacional\campanha_v1\j00654.mat
j00654,477,201.0,05_resultados\revisao_operacional\campanha_v1\j00654.mat
j00654,487,191.0,05_resultados\revisao_operacional\campanha_v1\j00654.mat
j00654,498,180.0,05_resultados\revisao_operacional\campanha_v1\j00654.mat
j00654,508,170.0,05_resultados\revisao_operacional\campanha_v1\j00654.mat
j00654,519,159.0,05_resultados\revisao_operacional\campanha_v1\j00654.mat
j00654,529,149.0,05_resultados\revisao_operacional\campanha_v1\j00654.mat
j00654,540,138.0,05_resultados\revisao_operacional\campanha_v1\j00654.mat
j00654,550,128.0,05_resultados\revisao_operacional\campanha_v1\j00654.mat
j00654,561,117.0,05_resultados\revisao_operacional\campanha_v1\j00654.mat
j00654,571,107.0,05_resultados\revisao_operacional\campanha_v1\j00654.mat
j00654,582,96.0,05_resultados\revisao_operacional\campanha_v1\j00654.mat
j00654,592,86.0,05_resultados\revisao_operacional\campanha_v1\j00654.mat
j00654,603,75.0,05_resultados\revisao_operacional\campanha_v1\j00654.mat
j00654,613,65.0,05_resultados\revisao_operacional\campanha_v1\j00654.mat
j00654,624,54.0,05_resultados\revisao_operacional\campanha_v1\j00654.mat
j00654,634,44.0,05_resultados\revisao_operacional\campanha_v1\j00654.mat
j00654,645,33.0,05_resultados\revisao_operacional\campanha_v1\j00654.mat
j00654,655,23.0,05_resultados\revisao_operacional\campanha_v1\j00654.mat
j00654,666,12.0,05_resultados\revisao_operacional\campanha_v1\j00654.mat
j00654,690,201.0,05_resultados\revisao_operacional\campanha_v1\j00654.mat
j00654,701,190.0,05_resultados\revisao_operacional\campanha_v1\j00654.mat
j00654,711,180.0,05_resultados\revisao_operacional\campanha_v1\j00654.mat
j00654,722,169.0,05_resultados\revisao_operacional\campanha_v1\j00654.mat
j00654,732,159.0,05_resultados\revisao_operacional\campanha_v1\j00654.mat
j00654,743,148.0,05_resultados\revisao_operacional\campanha_v1\j00654.mat
j00654,753,138.0,05_resultados\revisao_operacional\campanha_v1\j00654.mat
j00654,764,127.0,05_resultados\revisao_operacional\campanha_v1\j00654.mat
j00654,774,117.0,05_resultados\revisao_operacional\campanha_v1\j00654.mat
j00654,785,106.0,05_resultados\revisao_operacional\campanha_v1\j00654.mat
j00654,795,96.0,05_resultados\revisao_operacional\campanha_v1\j00654.mat
j00654,805,86.0,05_resultados\revisao_operacional\campanha_v1\j00654.mat
j00654,816,75.0,05_resultados\revisao_operacional\campanha_v1\j00654.mat
j00654,827,64.0,05_resultados\revisao_operacional\campanha_v1\j00654.mat
j00654,837,54.0,05_resultados\revisao_operacional\campanha_v1\j00654.mat
j00654,848,43.0,05_resultados\revisao_operacional\campanha_v1\j00654.mat
j00654,858,33.0,05_resultados\revisao_operacional\campanha_v1\j00654.mat
j00654,869,22.0,05_resultados\revisao_operacional\campanha_v1\j00654.mat
j00654,879,12.0,05_resultados\revisao_operacional\campanha_v1\j00654.mat
j00654,889,2.0,05_resultados\revisao_operacional\campanha_v1\j00654.mat
j00654,913,201.0,05_resultados\revisao_operacional\campanha_v1\j00654.mat
j00654,924,190.0,05_resultados\revisao_operacional\campanha_v1\j00654.mat
j00654,934,180.0,05_resultados\revisao_operacional\campanha_v1\j00654.mat
j00654,945,169.0,05_resultados\revisao_operacional\campanha_v1\j00654.mat
j00654,955,159.0,05_resultados\revisao_operacional\campanha_v1\j00654.mat
j00654,966,148.0,05_resultados\revisao_operacional\campanha_v1\j00654.mat
j00654,976,138.0,05_resultados\revisao_operacional\campanha_v1\j00654.mat
j00654,987,127.0,05_resultados\revisao_operacional\campanha_v1\j00654.mat
j00654,997,117.0,05_resultados\revisao_operacional\campanha_v1\j00654.mat
j00654,1008,106.0,05_resultados\revisao_operacional\campanha_v1\j00654.mat
j00654,1018,96.0,05_resultados\revisao_operacional\campanha_v1\j00654.mat
j00654,1029,85.0,05_resultados\revisao_operacional\campanha_v1\j00654.mat
j00654,1039,75.0,05_resultados\revisao_operacional\campanha_v1\j00654.mat
j00654,1050,64.0,05_resultados\revisao_operacional\campanha_v1\j00654.mat
j00654,1060,54.0,05_resultados\revisao_operacional\campanha_v1\j00654.mat
j00654,1071,43.0,05_resultados\revisao_operacional\campanha_v1\j00654.mat
j00654,1081,33.0,05_resultados\revisao_operacional\campanha_v1\j00654.mat
j00654,1092,22.0,05_resultados\revisao_operacional\campanha_v1\j00654.mat
j00654,1102,12.0,05_resultados\revisao_operacional\campanha_v1\j00654.mat
j00654,1113,1.0,05_resultados\revisao_operacional\campanha_v1\j00654.mat
j00654,1136,nan,05_resultados\revisao_operacional\campanha_v1\j00654.mat
j00654,1147,nan,05_resultados\revisao_operacional\campanha_v1\j00654.mat
j00654,1157,nan,05_resultados\revisao_operacional\campanha_v1\j00654.mat
j00654,1168,nan,05_resultados\revisao_operacional\campanha_v1\j00654.mat
j00654,1178,nan,05_resultados\revisao_operacional\campanha_v1\j00654.mat
j00654,1189,nan,05_resultados\revisao_operacional\campanha_v1\j00654.mat
j00654,1199,nan,05_resultados\revisao_operacional\campanha_v1\j00654.mat
j00655,4,0.0,05_resultados\revisao_operacional\campanha_v1\j00655.mat
j00655,15,0.0,05_resultados\revisao_operacional\campanha_v1\j00655.mat
j00655,25,0.0,05_resultados\revisao_operacional\campanha_v1\j00655.mat
j00655,36,0.0,05_resultados\revisao_operacional\campanha_v1\j00655.mat
j00655,46,0.0,05_resultados\revisao_operacional\campanha_v1\j00655.mat
j00655,57,0.0,05_resultados\revisao_operacional\campanha_v1\j00655.mat
j00655,67,0.0,05_resultados\revisao_operacional\campanha_v1\j00655.mat
j00655,78,0.0,05_resultados\revisao_operacional\campanha_v1\j00655.mat
j00655,88,0.0,05_resultados\revisao_operacional\campanha_v1\j00655.mat
j00655,99,0.0,05_resultados\revisao_operacional\campanha_v1\j00655.mat
j00655,109,0.0,05_resultados\revisao_operacional\campanha_v1\j00655.mat
j00655,120,0.0,05_resultados\revisao_operacional\campanha_v1\j00655.mat
j00655,130,0.0,05_resultados\revisao_operacional\campanha_v1\j00655.mat
j00655,141,0.0,05_resultados\revisao_operacional\campanha_v1\j00655.mat
j00655,151,0.0,05_resultados\revisao_operacional\campanha_v1\j00655.mat
j00655,162,0.0,05_resultados\revisao_operacional\campanha_v1\j00655.mat
j00655,172,0.0,05_resultados\revisao_operacional\campanha_v1\j00655.mat
j00655,183,0.0,05_resultados\revisao_operacional\campanha_v1\j00655.mat
j00655,193,0.0,05_resultados\revisao_operacional\campanha_v1\j00655.mat
j00655,204,0.0,05_resultados\revisao_operacional\campanha_v1\j00655.mat
j00655,214,0.0,05_resultados\revisao_operacional\campanha_v1\j00655.mat
j00655,225,0.0,05_resultados\revisao_operacional\campanha_v1\j00655.mat
j00655,235,0.0,05_resultados\revisao_operacional\campanha_v1\j00655.mat
j00655,246,0.0,05_resultados\revisao_operacional\campanha_v1\j00655.mat
j00655,256,0.0,05_resultados\revisao_operacional\campanha_v1\j00655.mat
j00655,267,0.0,05_resultados\revisao_operacional\campanha_v1\j00655.mat
j00655,277,0.0,05_resultados\revisao_operacional\campanha_v1\j00655.mat
j00655,288,0.0,05_resultados\revisao_operacional\campanha_v1\j00655.mat
j00655,298,0.0,05_resultados\revisao_operacional\campanha_v1\j00655.mat
j00655,309,0.0,05_resultados\revisao_operacional\campanha_v1\j00655.mat
j00655,319,0.0,05_resultados\revisao_operacional\campanha_v1\j00655.mat
j00655,330,0.0,05_resultados\revisao_operacional\campanha_v1\j00655.mat
j00655,340,0.0,05_resultados\revisao_operacional\campanha_v1\j00655.mat
j00655,351,0.0,05_resultados\revisao_operacional\campanha_v1\j00655.mat
j00655,361,0.0,05_resultados\revisao_operacional\campanha_v1\j00655.mat
j00655,372,0.0,05_resultados\revisao_operacional\campanha_v1\j00655.mat
j00655,382,0.0,05_resultados\revisao_operacional\campanha_v1\j00655.mat
j00655,393,0.0,05_resultados\revisao_operacional\campanha_v1\j00655.mat
j00655,403,0.0,05_resultados\revisao_operacional\campanha_v1\j00655.mat
j00655,414,0.0,05_resultados\revisao_operacional\campanha_v1\j00655.mat
j00655,424,0.0,05_resultados\revisao_operacional\campanha_v1\j00655.mat
j00655,435,0.0,05_resultados\revisao_operacional\campanha_v1\j00655.mat
j00655,445,0.0,05_resultados\revisao_operacional\campanha_v1\j00655.mat
j00655,456,0.0,05_resultados\revisao_operacional\campanha_v1\j00655.mat
j00655,466,0.0,05_resultados\revisao_operacional\campanha_v1\j00655.mat
j00655,477,0.0,05_resultados\revisao_operacional\campanha_v1\j00655.mat
j00655,487,0.0,05_resultados\revisao_operacional\campanha_v1\j00655.mat
j00655,498,0.0,05_resultados\revisao_operacional\campanha_v1\j00655.mat
j00655,508,0.0,05_resultados\revisao_operacional\campanha_v1\j00655.mat
j00655,519,0.0,05_resultados\revisao_operacional\campanha_v1\j00655.mat
j00655,529,0.0,05_resultados\revisao_operacional\campanha_v1\j00655.mat
j00655,540,0.0,05_resultados\revisao_operacional\campanha_v1\j00655.mat
j00655,550,0.0,05_resultados\revisao_operacional\campanha_v1\j00655.mat
j00655,561,0.0,05_resultados\revisao_operacional\campanha_v1\j00655.mat
j00655,571,0.0,05_resultados\revisao_operacional\campanha_v1\j00655.mat
j00655,582,0.0,05_resultados\revisao_operacional\campanha_v1\j00655.mat
j00655,592,0.0,05_resultados\revisao_operacional\campanha_v1\j00655.mat
j00655,603,0.0,05_resultados\revisao_operacional\campanha_v1\j00655.mat
j00655,613,0.0,05_resultados\revisao_operacional\campanha_v1\j00655.mat
j00655,624,0.0,05_resultados\revisao_operacional\campanha_v1\j00655.mat
j00655,634,0.0,05_resultados\revisao_operacional\campanha_v1\j00655.mat
j00655,645,0.0,05_resultados\revisao_operacional\campanha_v1\j00655.mat
j00655,655,0.0,05_resultados\revisao_operacional\campanha_v1\j00655.mat
j00655,666,0.0,05_resultados\revisao_operacional\campanha_v1\j00655.mat
j00655,690,0.0,05_resultados\revisao_operacional\campanha_v1\j00655.mat
j00655,701,0.0,05_resultados\revisao_operacional\campanha_v1\j00655.mat
j00655,711,0.0,05_resultados\revisao_operacional\campanha_v1\j00655.mat
j00655,722,0.0,05_resultados\revisao_operacional\campanha_v1\j00655.mat
j00655,732,0.0,05_resultados\revisao_operacional\campanha_v1\j00655.mat
j00655,743,0.0,05_resultados\revisao_operacional\campanha_v1\j00655.mat
j00655,753,0.0,05_resultados\revisao_operacional\campanha_v1\j00655.mat
j00655,764,0.0,05_resultados\revisao_operacional\campanha_v1\j00655.mat
j00655,774,0.0,05_resultados\revisao_operacional\campanha_v1\j00655.mat
j00655,785,0.0,05_resultados\revisao_operacional\campanha_v1\j00655.mat
j00655,795,0.0,05_resultados\revisao_operacional\campanha_v1\j00655.mat
j00655,805,0.0,05_resultados\revisao_operacional\campanha_v1\j00655.mat
j00655,816,0.0,05_resultados\revisao_operacional\campanha_v1\j00655.mat
j00655,827,0.0,05_resultados\revisao_operacional\campanha_v1\j00655.mat
j00655,837,0.0,05_resultados\revisao_operacional\campanha_v1\j00655.mat
j00655,848,0.0,05_resultados\revisao_operacional\campanha_v1\j00655.mat
j00655,858,0.0,05_resultados\revisao_operacional\campanha_v1\j00655.mat
j00655,869,0.0,05_resultados\revisao_operacional\campanha_v1\j00655.mat
j00655,879,0.0,05_resultados\revisao_operacional\campanha_v1\j00655.mat
j00655,889,0.0,05_resultados\revisao_operacional\campanha_v1\j00655.mat
j00655,913,0.0,05_resultados\revisao_operacional\campanha_v1\j00655.mat
j00655,924,0.0,05_resultados\revisao_operacional\campanha_v1\j00655.mat
j00655,934,0.0,05_resultados\revisao_operacional\campanha_v1\j00655.mat
j00655,945,0.0,05_resultados\revisao_operacional\campanha_v1\j00655.mat
j00655,955,0.0,05_resultados\revisao_operacional\campanha_v1\j00655.mat
j00655,966,0.0,05_resultados\revisao_operacional\campanha_v1\j00655.mat
j00655,976,0.0,05_resultados\revisao_operacional\campanha_v1\j00655.mat
j00655,987,0.0,05_resultados\revisao_operacional\campanha_v1\j00655.mat
j00655,997,0.0,05_resultados\revisao_operacional\campanha_v1\j00655.mat
j00655,1008,0.0,05_resultados\revisao_operacional\campanha_v1\j00655.mat
j00655,1018,0.0,05_resultados\revisao_operacional\campanha_v1\j00655.mat
j00655,1029,0.0,05_resultados\revisao_operacional\campanha_v1\j00655.mat
j00655,1039,0.0,05_resultados\revisao_operacional\campanha_v1\j00655.mat
j00655,1050,0.0,05_resultados\revisao_operacional\campanha_v1\j00655.mat
j00655,1060,0.0,05_resultados\revisao_operacional\campanha_v1\j00655.mat
j00655,1071,0.0,05_resultados\revisao_operacional\campanha_v1\j00655.mat
j00655,1081,0.0,05_resultados\revisao_operacional\campanha_v1\j00655.mat
j00655,1092,0.0,05_resultados\revisao_operacional\campanha_v1\j00655.mat
j00655,1102,0.0,05_resultados\revisao_operacional\campanha_v1\j00655.mat
j00655,1113,0.0,05_resultados\revisao_operacional\campanha_v1\j00655.mat
j00655,1136,0.0,05_resultados\revisao_operacional\campanha_v1\j00655.mat
j00655,1147,0.0,05_resultados\revisao_operacional\campanha_v1\j00655.mat
j00655,1157,0.0,05_resultados\revisao_operacional\campanha_v1\j00655.mat
j00655,1168,0.0,05_resultados\revisao_operacional\campanha_v1\j00655.mat
j00655,1178,0.0,05_resultados\revisao_operacional\campanha_v1\j00655.mat
j00655,1189,0.0,05_resultados\revisao_operacional\campanha_v1\j00655.mat
j00655,1199,nan,05_resultados\revisao_operacional\campanha_v1\j00655.mat
j00656,4,0.0,05_resultados\revisao_operacional\campanha_v1\j00656.mat
j00656,15,0.0,05_resultados\revisao_operacional\campanha_v1\j00656.mat
j00656,25,0.0,05_resultados\revisao_operacional\campanha_v1\j00656.mat
j00656,36,0.0,05_resultados\revisao_operacional\campanha_v1\j00656.mat
j00656,46,0.0,05_resultados\revisao_operacional\campanha_v1\j00656.mat
j00656,57,0.0,05_resultados\revisao_operacional\campanha_v1\j00656.mat
j00656,67,0.0,05_resultados\revisao_operacional\campanha_v1\j00656.mat
j00656,78,0.0,05_resultados\revisao_operacional\campanha_v1\j00656.mat
j00656,88,0.0,05_resultados\revisao_operacional\campanha_v1\j00656.mat
j00656,99,0.0,05_resultados\revisao_operacional\campanha_v1\j00656.mat
j00656,109,0.0,05_resultados\revisao_operacional\campanha_v1\j00656.mat
j00656,120,0.0,05_resultados\revisao_operacional\campanha_v1\j00656.mat
j00656,130,0.0,05_resultados\revisao_operacional\campanha_v1\j00656.mat
j00656,141,0.0,05_resultados\revisao_operacional\campanha_v1\j00656.mat
j00656,151,0.0,05_resultados\revisao_operacional\campanha_v1\j00656.mat
j00656,162,0.0,05_resultados\revisao_operacional\campanha_v1\j00656.mat
j00656,172,0.0,05_resultados\revisao_operacional\campanha_v1\j00656.mat
j00656,183,0.0,05_resultados\revisao_operacional\campanha_v1\j00656.mat
j00656,193,0.0,05_resultados\revisao_operacional\campanha_v1\j00656.mat
j00656,204,0.0,05_resultados\revisao_operacional\campanha_v1\j00656.mat
j00656,214,0.0,05_resultados\revisao_operacional\campanha_v1\j00656.mat
j00656,225,0.0,05_resultados\revisao_operacional\campanha_v1\j00656.mat
j00656,235,0.0,05_resultados\revisao_operacional\campanha_v1\j00656.mat
j00656,246,0.0,05_resultados\revisao_operacional\campanha_v1\j00656.mat
j00656,256,0.0,05_resultados\revisao_operacional\campanha_v1\j00656.mat
j00656,267,0.0,05_resultados\revisao_operacional\campanha_v1\j00656.mat
j00656,277,0.0,05_resultados\revisao_operacional\campanha_v1\j00656.mat
j00656,288,0.0,05_resultados\revisao_operacional\campanha_v1\j00656.mat
j00656,298,0.0,05_resultados\revisao_operacional\campanha_v1\j00656.mat
j00656,309,0.0,05_resultados\revisao_operacional\campanha_v1\j00656.mat
j00656,319,0.0,05_resultados\revisao_operacional\campanha_v1\j00656.mat
j00656,330,0.0,05_resultados\revisao_operacional\campanha_v1\j00656.mat
j00656,340,0.0,05_resultados\revisao_operacional\campanha_v1\j00656.mat
j00656,351,0.0,05_resultados\revisao_operacional\campanha_v1\j00656.mat
j00656,361,0.0,05_resultados\revisao_operacional\campanha_v1\j00656.mat
j00656,372,0.0,05_resultados\revisao_operacional\campanha_v1\j00656.mat
j00656,382,0.0,05_resultados\revisao_operacional\campanha_v1\j00656.mat
j00656,393,0.0,05_resultados\revisao_operacional\campanha_v1\j00656.mat
j00656,403,0.0,05_resultados\revisao_operacional\campanha_v1\j00656.mat
j00656,414,0.0,05_resultados\revisao_operacional\campanha_v1\j00656.mat
j00656,424,0.0,05_resultados\revisao_operacional\campanha_v1\j00656.mat
j00656,435,0.0,05_resultados\revisao_operacional\campanha_v1\j00656.mat
j00656,445,0.0,05_resultados\revisao_operacional\campanha_v1\j00656.mat
j00656,456,0.0,05_resultados\revisao_operacional\campanha_v1\j00656.mat
j00656,466,0.0,05_resultados\revisao_operacional\campanha_v1\j00656.mat
j00656,477,0.0,05_resultados\revisao_operacional\campanha_v1\j00656.mat
j00656,487,0.0,05_resultados\revisao_operacional\campanha_v1\j00656.mat
j00656,498,0.0,05_resultados\revisao_operacional\campanha_v1\j00656.mat
j00656,508,0.0,05_resultados\revisao_operacional\campanha_v1\j00656.mat
j00656,519,0.0,05_resultados\revisao_operacional\campanha_v1\j00656.mat
j00656,529,0.0,05_resultados\revisao_operacional\campanha_v1\j00656.mat
j00656,540,0.0,05_resultados\revisao_operacional\campanha_v1\j00656.mat
j00656,550,0.0,05_resultados\revisao_operacional\campanha_v1\j00656.mat
j00656,561,0.0,05_resultados\revisao_operacional\campanha_v1\j00656.mat
j00656,571,0.0,05_resultados\revisao_operacional\campanha_v1\j00656.mat
j00656,582,0.0,05_resultados\revisao_operacional\campanha_v1\j00656.mat
j00656,592,0.0,05_resultados\revisao_operacional\campanha_v1\j00656.mat
j00656,603,0.0,05_resultados\revisao_operacional\campanha_v1\j00656.mat
j00656,613,0.0,05_resultados\revisao_operacional\campanha_v1\j00656.mat
j00656,624,0.0,05_resultados\revisao_operacional\campanha_v1\j00656.mat
j00656,634,0.0,05_resultados\revisao_operacional\campanha_v1\j00656.mat
j00656,645,0.0,05_resultados\revisao_operacional\campanha_v1\j00656.mat
j00656,655,0.0,05_resultados\revisao_operacional\campanha_v1\j00656.mat
j00656,666,0.0,05_resultados\revisao_operacional\campanha_v1\j00656.mat
j00656,690,0.0,05_resultados\revisao_operacional\campanha_v1\j00656.mat
j00656,701,0.0,05_resultados\revisao_operacional\campanha_v1\j00656.mat
j00656,711,0.0,05_resultados\revisao_operacional\campanha_v1\j00656.mat
j00656,722,0.0,05_resultados\revisao_operacional\campanha_v1\j00656.mat
j00656,732,0.0,05_resultados\revisao_operacional\campanha_v1\j00656.mat
j00656,743,0.0,05_resultados\revisao_operacional\campanha_v1\j00656.mat
j00656,753,0.0,05_resultados\revisao_operacional\campanha_v1\j00656.mat
j00656,764,0.0,05_resultados\revisao_operacional\campanha_v1\j00656.mat
j00656,774,0.0,05_resultados\revisao_operacional\campanha_v1\j00656.mat
j00656,785,0.0,05_resultados\revisao_operacional\campanha_v1\j00656.mat
j00656,795,0.0,05_resultados\revisao_operacional\campanha_v1\j00656.mat
j00656,805,0.0,05_resultados\revisao_operacional\campanha_v1\j00656.mat
j00656,816,0.0,05_resultados\revisao_operacional\campanha_v1\j00656.mat
j00656,827,0.0,05_resultados\revisao_operacional\campanha_v1\j00656.mat
j00656,837,0.0,05_resultados\revisao_operacional\campanha_v1\j00656.mat
j00656,848,0.0,05_resultados\revisao_operacional\campanha_v1\j00656.mat
j00656,858,0.0,05_resultados\revisao_operacional\campanha_v1\j00656.mat
j00656,869,0.0,05_resultados\revisao_operacional\campanha_v1\j00656.mat
j00656,879,0.0,05_resultados\revisao_operacional\campanha_v1\j00656.mat
j00656,889,0.0,05_resultados\revisao_operacional\campanha_v1\j00656.mat
j00656,913,0.0,05_resultados\revisao_operacional\campanha_v1\j00656.mat
j00656,924,0.0,05_resultados\revisao_operacional\campanha_v1\j00656.mat
j00656,934,0.0,05_resultados\revisao_operacional\campanha_v1\j00656.mat
j00656,945,0.0,05_resultados\revisao_operacional\campanha_v1\j00656.mat
j00656,955,0.0,05_resultados\revisao_operacional\campanha_v1\j00656.mat
j00656,966,0.0,05_resultados\revisao_operacional\campanha_v1\j00656.mat
j00656,976,0.0,05_resultados\revisao_operacional\campanha_v1\j00656.mat
j00656,987,0.0,05_resultados\revisao_operacional\campanha_v1\j00656.mat
j00656,997,0.0,05_resultados\revisao_operacional\campanha_v1\j00656.mat
j00656,1008,0.0,05_resultados\revisao_operacional\campanha_v1\j00656.mat
j00656,1018,0.0,05_resultados\revisao_operacional\campanha_v1\j00656.mat
j00656,1029,0.0,05_resultados\revisao_operacional\campanha_v1\j00656.mat
j00656,1039,0.0,05_resultados\revisao_operacional\campanha_v1\j00656.mat
j00656,1050,0.0,05_resultados\revisao_operacional\campanha_v1\j00656.mat
j00656,1060,0.0,05_resultados\revisao_operacional\campanha_v1\j00656.mat
j00656,1071,0.0,05_resultados\revisao_operacional\campanha_v1\j00656.mat
j00656,1081,0.0,05_resultados\revisao_operacional\campanha_v1\j00656.mat
j00656,1092,0.0,05_resultados\revisao_operacional\campanha_v1\j00656.mat
j00656,1102,0.0,05_resultados\revisao_operacional\campanha_v1\j00656.mat
j00656,1113,0.0,05_resultados\revisao_operacional\campanha_v1\j00656.mat
j00656,1136,0.0,05_resultados\revisao_operacional\campanha_v1\j00656.mat
j00656,1147,0.0,05_resultados\revisao_operacional\campanha_v1\j00656.mat
j00656,1157,0.0,05_resultados\revisao_operacional\campanha_v1\j00656.mat
j00656,1168,0.0,05_resultados\revisao_operacional\campanha_v1\j00656.mat
j00656,1178,0.0,05_resultados\revisao_operacional\campanha_v1\j00656.mat
j00656,1189,0.0,05_resultados\revisao_operacional\campanha_v1\j00656.mat
j00656,1199,nan,05_resultados\revisao_operacional\campanha_v1\j00656.mat
j00657,6,1073,05_resultados\revisao_operacional\campanha_v1\j00657.mat
j00657,12,1067,05_resultados\revisao_operacional\campanha_v1\j00657.mat
j00657,27,1052,05_resultados\revisao_operacional\campanha_v1\j00657.mat
j00657,48,1031,05_resultados\revisao_operacional\campanha_v1\j00657.mat
j00657,153,926,05_resultados\revisao_operacional\campanha_v1\j00657.mat
j00657,668,411,05_resultados\revisao_operacional\campanha_v1\j00657.mat
j00657,857,222,05_resultados\revisao_operacional\campanha_v1\j00657.mat
j00658,6,1,05_resultados\revisao_operacional\campanha_v1\j00658.mat
j00658,12,0,05_resultados\revisao_operacional\campanha_v1\j00658.mat
j00658,27,1052,05_resultados\revisao_operacional\campanha_v1\j00658.mat
j00658,48,1031,05_resultados\revisao_operacional\campanha_v1\j00658.mat
j00658,153,926,05_resultados\revisao_operacional\campanha_v1\j00658.mat
j00658,668,411,05_resultados\revisao_operacional\campanha_v1\j00658.mat
j00658,857,222,05_resultados\revisao_operacional\campanha_v1\j00658.mat
j00659,6,0,05_resultados\revisao_operacional\campanha_v1\j00659.mat
j00659,12,0,05_resultados\revisao_operacional\campanha_v1\j00659.mat
j00659,27,0,05_resultados\revisao_operacional\campanha_v1\j00659.mat
j00659,48,0,05_resultados\revisao_operacional\campanha_v1\j00659.mat
j00659,153,0,05_resultados\revisao_operacional\campanha_v1\j00659.mat
j00659,668,0,05_resultados\revisao_operacional\campanha_v1\j00659.mat
j00659,857,0,05_resultados\revisao_operacional\campanha_v1\j00659.mat
j00660,6,0,05_resultados\revisao_operacional\campanha_v1\j00660.mat
j00660,12,0,05_resultados\revisao_operacional\campanha_v1\j00660.mat
j00660,27,0,05_resultados\revisao_operacional\campanha_v1\j00660.mat
j00660,48,0,05_resultados\revisao_operacional\campanha_v1\j00660.mat
j00660,153,0,05_resultados\revisao_operacional\campanha_v1\j00660.mat
j00660,668,0,05_resultados\revisao_operacional\campanha_v1\j00660.mat
j00660,857,0,05_resultados\revisao_operacional\campanha_v1\j00660.mat
j00661,6,0,05_resultados\revisao_operacional\campanha_v1\j00661.mat
j00661,12,0,05_resultados\revisao_operacional\campanha_v1\j00661.mat
j00661,27,0,05_resultados\revisao_operacional\campanha_v1\j00661.mat
j00661,48,0,05_resultados\revisao_operacional\campanha_v1\j00661.mat
j00661,153,0,05_resultados\revisao_operacional\campanha_v1\j00661.mat
j00661,668,0,05_resultados\revisao_operacional\campanha_v1\j00661.mat
j00661,857,0,05_resultados\revisao_operacional\campanha_v1\j00661.mat
j00662,179,nan,05_resultados\revisao_operacional\campanha_v1\j00662.mat
j00662,185,nan,05_resultados\revisao_operacional\campanha_v1\j00662.mat
j00662,200,nan,05_resultados\revisao_operacional\campanha_v1\j00662.mat
j00662,326,nan,05_resultados\revisao_operacional\campanha_v1\j00662.mat
j00662,1030,nan,05_resultados\revisao_operacional\campanha_v1\j00662.mat
j00663,179,1.0,05_resultados\revisao_operacional\campanha_v1\j00663.mat
j00663,185,0.0,05_resultados\revisao_operacional\campanha_v1\j00663.mat
j00663,200,nan,05_resultados\revisao_operacional\campanha_v1\j00663.mat
j00663,326,nan,05_resultados\revisao_operacional\campanha_v1\j00663.mat
j00663,1030,nan,05_resultados\revisao_operacional\campanha_v1\j00663.mat
j00664,179,0,05_resultados\revisao_operacional\campanha_v1\j00664.mat
j00664,185,0,05_resultados\revisao_operacional\campanha_v1\j00664.mat
j00664,200,0,05_resultados\revisao_operacional\campanha_v1\j00664.mat
j00664,326,0,05_resultados\revisao_operacional\campanha_v1\j00664.mat
j00664,1030,0,05_resultados\revisao_operacional\campanha_v1\j00664.mat
j00665,179,0,05_resultados\revisao_operacional\campanha_v1\j00665.mat
j00665,185,0,05_resultados\revisao_operacional\campanha_v1\j00665.mat
j00665,200,0,05_resultados\revisao_operacional\campanha_v1\j00665.mat
j00665,326,0,05_resultados\revisao_operacional\campanha_v1\j00665.mat
j00665,1030,0,05_resultados\revisao_operacional\campanha_v1\j00665.mat
j00666,179,0,05_resultados\revisao_operacional\campanha_v1\j00666.mat
j00666,185,0,05_resultados\revisao_operacional\campanha_v1\j00666.mat
j00666,200,0,05_resultados\revisao_operacional\campanha_v1\j00666.mat
j00666,326,0,05_resultados\revisao_operacional\campanha_v1\j00666.mat
j00666,1030,0,05_resultados\revisao_operacional\campanha_v1\j00666.mat
j00667,0,1014.0,05_resultados\revisao_operacional\campanha_v1\j00667.mat
j00667,7,1007.0,05_resultados\revisao_operacional\campanha_v1\j00667.mat
j00667,18,996.0,05_resultados\revisao_operacional\campanha_v1\j00667.mat
j00667,28,986.0,05_resultados\revisao_operacional\campanha_v1\j00667.mat
j00667,39,975.0,05_resultados\revisao_operacional\campanha_v1\j00667.mat
j00667,49,965.0,05_resultados\revisao_operacional\campanha_v1\j00667.mat
j00667,60,954.0,05_resultados\revisao_operacional\campanha_v1\j00667.mat
j00667,70,944.0,05_resultados\revisao_operacional\campanha_v1\j00667.mat
j00667,81,933.0,05_resultados\revisao_operacional\campanha_v1\j00667.mat
j00667,92,922.0,05_resultados\revisao_operacional\campanha_v1\j00667.mat
j00667,102,912.0,05_resultados\revisao_operacional\campanha_v1\j00667.mat
j00667,113,901.0,05_resultados\revisao_operacional\campanha_v1\j00667.mat
j00667,123,891.0,05_resultados\revisao_operacional\campanha_v1\j00667.mat
j00667,134,880.0,05_resultados\revisao_operacional\campanha_v1\j00667.mat
j00667,144,870.0,05_resultados\revisao_operacional\campanha_v1\j00667.mat
j00667,154,860.0,05_resultados\revisao_operacional\campanha_v1\j00667.mat
j00667,165,849.0,05_resultados\revisao_operacional\campanha_v1\j00667.mat
j00667,175,839.0,05_resultados\revisao_operacional\campanha_v1\j00667.mat
j00667,186,828.0,05_resultados\revisao_operacional\campanha_v1\j00667.mat
j00667,197,817.0,05_resultados\revisao_operacional\campanha_v1\j00667.mat
j00667,207,807.0,05_resultados\revisao_operacional\campanha_v1\j00667.mat
j00667,218,796.0,05_resultados\revisao_operacional\campanha_v1\j00667.mat
j00667,228,786.0,05_resultados\revisao_operacional\campanha_v1\j00667.mat
j00667,239,775.0,05_resultados\revisao_operacional\campanha_v1\j00667.mat
j00667,249,765.0,05_resultados\revisao_operacional\campanha_v1\j00667.mat
j00667,260,754.0,05_resultados\revisao_operacional\campanha_v1\j00667.mat
j00667,270,744.0,05_resultados\revisao_operacional\campanha_v1\j00667.mat
j00667,281,733.0,05_resultados\revisao_operacional\campanha_v1\j00667.mat
j00667,291,723.0,05_resultados\revisao_operacional\campanha_v1\j00667.mat
j00667,302,712.0,05_resultados\revisao_operacional\campanha_v1\j00667.mat
j00667,312,702.0,05_resultados\revisao_operacional\campanha_v1\j00667.mat
j00667,323,691.0,05_resultados\revisao_operacional\campanha_v1\j00667.mat
j00667,333,681.0,05_resultados\revisao_operacional\campanha_v1\j00667.mat
j00667,344,670.0,05_resultados\revisao_operacional\campanha_v1\j00667.mat
j00667,354,660.0,05_resultados\revisao_operacional\campanha_v1\j00667.mat
j00667,365,649.0,05_resultados\revisao_operacional\campanha_v1\j00667.mat
j00667,375,639.0,05_resultados\revisao_operacional\campanha_v1\j00667.mat
j00667,386,628.0,05_resultados\revisao_operacional\campanha_v1\j00667.mat
j00667,396,618.0,05_resultados\revisao_operacional\campanha_v1\j00667.mat
j00667,407,607.0,05_resultados\revisao_operacional\campanha_v1\j00667.mat
j00667,417,597.0,05_resultados\revisao_operacional\campanha_v1\j00667.mat
j00667,428,586.0,05_resultados\revisao_operacional\campanha_v1\j00667.mat
j00667,438,576.0,05_resultados\revisao_operacional\campanha_v1\j00667.mat
j00667,449,565.0,05_resultados\revisao_operacional\campanha_v1\j00667.mat
j00667,459,555.0,05_resultados\revisao_operacional\campanha_v1\j00667.mat
j00667,470,544.0,05_resultados\revisao_operacional\campanha_v1\j00667.mat
j00667,480,534.0,05_resultados\revisao_operacional\campanha_v1\j00667.mat
j00667,491,523.0,05_resultados\revisao_operacional\campanha_v1\j00667.mat
j00667,501,513.0,05_resultados\revisao_operacional\campanha_v1\j00667.mat
j00667,512,502.0,05_resultados\revisao_operacional\campanha_v1\j00667.mat
j00667,522,492.0,05_resultados\revisao_operacional\campanha_v1\j00667.mat
j00667,533,481.0,05_resultados\revisao_operacional\campanha_v1\j00667.mat
j00667,543,471.0,05_resultados\revisao_operacional\campanha_v1\j00667.mat
j00667,554,460.0,05_resultados\revisao_operacional\campanha_v1\j00667.mat
j00667,564,450.0,05_resultados\revisao_operacional\campanha_v1\j00667.mat
j00667,575,439.0,05_resultados\revisao_operacional\campanha_v1\j00667.mat
j00667,585,429.0,05_resultados\revisao_operacional\campanha_v1\j00667.mat
j00667,596,418.0,05_resultados\revisao_operacional\campanha_v1\j00667.mat
j00667,606,408.0,05_resultados\revisao_operacional\campanha_v1\j00667.mat
j00667,617,397.0,05_resultados\revisao_operacional\campanha_v1\j00667.mat
j00667,627,387.0,05_resultados\revisao_operacional\campanha_v1\j00667.mat
j00667,638,376.0,05_resultados\revisao_operacional\campanha_v1\j00667.mat
j00667,648,366.0,05_resultados\revisao_operacional\campanha_v1\j00667.mat
j00667,659,355.0,05_resultados\revisao_operacional\campanha_v1\j00667.mat
j00667,669,345.0,05_resultados\revisao_operacional\campanha_v1\j00667.mat
j00667,680,334.0,05_resultados\revisao_operacional\campanha_v1\j00667.mat
j00667,690,324.0,05_resultados\revisao_operacional\campanha_v1\j00667.mat
j00667,701,313.0,05_resultados\revisao_operacional\campanha_v1\j00667.mat
j00667,711,303.0,05_resultados\revisao_operacional\campanha_v1\j00667.mat
j00667,722,292.0,05_resultados\revisao_operacional\campanha_v1\j00667.mat
j00667,732,282.0,05_resultados\revisao_operacional\campanha_v1\j00667.mat
j00667,743,271.0,05_resultados\revisao_operacional\campanha_v1\j00667.mat
j00667,753,261.0,05_resultados\revisao_operacional\campanha_v1\j00667.mat
j00667,764,250.0,05_resultados\revisao_operacional\campanha_v1\j00667.mat
j00667,774,240.0,05_resultados\revisao_operacional\campanha_v1\j00667.mat
j00667,785,229.0,05_resultados\revisao_operacional\campanha_v1\j00667.mat
j00667,809,205.0,05_resultados\revisao_operacional\campanha_v1\j00667.mat
j00667,820,194.0,05_resultados\revisao_operacional\campanha_v1\j00667.mat
j00667,830,184.0,05_resultados\revisao_operacional\campanha_v1\j00667.mat
j00667,841,173.0,05_resultados\revisao_operacional\campanha_v1\j00667.mat
j00667,851,163.0,05_resultados\revisao_operacional\campanha_v1\j00667.mat
j00667,862,152.0,05_resultados\revisao_operacional\campanha_v1\j00667.mat
j00667,872,142.0,05_resultados\revisao_operacional\campanha_v1\j00667.mat
j00667,883,131.0,05_resultados\revisao_operacional\campanha_v1\j00667.mat
j00667,893,121.0,05_resultados\revisao_operacional\campanha_v1\j00667.mat
j00667,903,111.0,05_resultados\revisao_operacional\campanha_v1\j00667.mat
j00667,914,100.0,05_resultados\revisao_operacional\campanha_v1\j00667.mat
j00667,924,90.0,05_resultados\revisao_operacional\campanha_v1\j00667.mat
j00667,935,79.0,05_resultados\revisao_operacional\campanha_v1\j00667.mat
j00667,945,69.0,05_resultados\revisao_operacional\campanha_v1\j00667.mat
j00667,956,58.0,05_resultados\revisao_operacional\campanha_v1\j00667.mat
j00667,966,48.0,05_resultados\revisao_operacional\campanha_v1\j00667.mat
j00667,977,37.0,05_resultados\revisao_operacional\campanha_v1\j00667.mat
j00667,987,27.0,05_resultados\revisao_operacional\campanha_v1\j00667.mat
j00667,998,16.0,05_resultados\revisao_operacional\campanha_v1\j00667.mat
j00667,1008,6.0,05_resultados\revisao_operacional\campanha_v1\j00667.mat
j00667,1032,nan,05_resultados\revisao_operacional\campanha_v1\j00667.mat
j00667,1043,nan,05_resultados\revisao_operacional\campanha_v1\j00667.mat
j00667,1053,nan,05_resultados\revisao_operacional\campanha_v1\j00667.mat
j00667,1064,nan,05_resultados\revisao_operacional\campanha_v1\j00667.mat
j00667,1074,nan,05_resultados\revisao_operacional\campanha_v1\j00667.mat
j00667,1085,nan,05_resultados\revisao_operacional\campanha_v1\j00667.mat
j00667,1095,nan,05_resultados\revisao_operacional\campanha_v1\j00667.mat
j00667,1106,nan,05_resultados\revisao_operacional\campanha_v1\j00667.mat
j00667,1116,nan,05_resultados\revisao_operacional\campanha_v1\j00667.mat
j00667,1127,nan,05_resultados\revisao_operacional\campanha_v1\j00667.mat
j00667,1137,nan,05_resultados\revisao_operacional\campanha_v1\j00667.mat
j00667,1148,nan,05_resultados\revisao_operacional\campanha_v1\j00667.mat
j00667,1158,nan,05_resultados\revisao_operacional\campanha_v1\j00667.mat
j00667,1169,nan,05_resultados\revisao_operacional\campanha_v1\j00667.mat
j00667,1179,nan,05_resultados\revisao_operacional\campanha_v1\j00667.mat
j00667,1190,nan,05_resultados\revisao_operacional\campanha_v1\j00667.mat
j00668,0,303.0,05_resultados\revisao_operacional\campanha_v1\j00668.mat
j00668,7,296.0,05_resultados\revisao_operacional\campanha_v1\j00668.mat
j00668,18,285.0,05_resultados\revisao_operacional\campanha_v1\j00668.mat
j00668,28,275.0,05_resultados\revisao_operacional\campanha_v1\j00668.mat
j00668,39,264.0,05_resultados\revisao_operacional\campanha_v1\j00668.mat
j00668,49,254.0,05_resultados\revisao_operacional\campanha_v1\j00668.mat
j00668,60,243.0,05_resultados\revisao_operacional\campanha_v1\j00668.mat
j00668,70,233.0,05_resultados\revisao_operacional\campanha_v1\j00668.mat
j00668,81,222.0,05_resultados\revisao_operacional\campanha_v1\j00668.mat
j00668,92,211.0,05_resultados\revisao_operacional\campanha_v1\j00668.mat
j00668,102,201.0,05_resultados\revisao_operacional\campanha_v1\j00668.mat
j00668,113,190.0,05_resultados\revisao_operacional\campanha_v1\j00668.mat
j00668,123,180.0,05_resultados\revisao_operacional\campanha_v1\j00668.mat
j00668,134,169.0,05_resultados\revisao_operacional\campanha_v1\j00668.mat
j00668,144,159.0,05_resultados\revisao_operacional\campanha_v1\j00668.mat
j00668,154,149.0,05_resultados\revisao_operacional\campanha_v1\j00668.mat
j00668,165,138.0,05_resultados\revisao_operacional\campanha_v1\j00668.mat
j00668,175,128.0,05_resultados\revisao_operacional\campanha_v1\j00668.mat
j00668,186,117.0,05_resultados\revisao_operacional\campanha_v1\j00668.mat
j00668,197,106.0,05_resultados\revisao_operacional\campanha_v1\j00668.mat
j00668,207,96.0,05_resultados\revisao_operacional\campanha_v1\j00668.mat
j00668,218,85.0,05_resultados\revisao_operacional\campanha_v1\j00668.mat
j00668,228,75.0,05_resultados\revisao_operacional\campanha_v1\j00668.mat
j00668,239,64.0,05_resultados\revisao_operacional\campanha_v1\j00668.mat
j00668,249,54.0,05_resultados\revisao_operacional\campanha_v1\j00668.mat
j00668,260,43.0,05_resultados\revisao_operacional\campanha_v1\j00668.mat
j00668,270,33.0,05_resultados\revisao_operacional\campanha_v1\j00668.mat
j00668,281,22.0,05_resultados\revisao_operacional\campanha_v1\j00668.mat
j00668,291,12.0,05_resultados\revisao_operacional\campanha_v1\j00668.mat
j00668,302,1.0,05_resultados\revisao_operacional\campanha_v1\j00668.mat
j00668,312,477.0,05_resultados\revisao_operacional\campanha_v1\j00668.mat
j00668,323,466.0,05_resultados\revisao_operacional\campanha_v1\j00668.mat
j00668,333,456.0,05_resultados\revisao_operacional\campanha_v1\j00668.mat
j00668,344,445.0,05_resultados\revisao_operacional\campanha_v1\j00668.mat
j00668,354,435.0,05_resultados\revisao_operacional\campanha_v1\j00668.mat
j00668,365,424.0,05_resultados\revisao_operacional\campanha_v1\j00668.mat
j00668,375,414.0,05_resultados\revisao_operacional\campanha_v1\j00668.mat
j00668,386,403.0,05_resultados\revisao_operacional\campanha_v1\j00668.mat
j00668,396,393.0,05_resultados\revisao_operacional\campanha_v1\j00668.mat
j00668,407,382.0,05_resultados\revisao_operacional\campanha_v1\j00668.mat
j00668,417,372.0,05_resultados\revisao_operacional\campanha_v1\j00668.mat
j00668,428,361.0,05_resultados\revisao_operacional\campanha_v1\j00668.mat
j00668,438,351.0,05_resultados\revisao_operacional\campanha_v1\j00668.mat
j00668,449,340.0,05_resultados\revisao_operacional\campanha_v1\j00668.mat
j00668,459,330.0,05_resultados\revisao_operacional\campanha_v1\j00668.mat
j00668,470,319.0,05_resultados\revisao_operacional\campanha_v1\j00668.mat
j00668,480,309.0,05_resultados\revisao_operacional\campanha_v1\j00668.mat
j00668,491,298.0,05_resultados\revisao_operacional\campanha_v1\j00668.mat
j00668,501,288.0,05_resultados\revisao_operacional\campanha_v1\j00668.mat
j00668,512,277.0,05_resultados\revisao_operacional\campanha_v1\j00668.mat
j00668,522,267.0,05_resultados\revisao_operacional\campanha_v1\j00668.mat
j00668,533,256.0,05_resultados\revisao_operacional\campanha_v1\j00668.mat
j00668,543,246.0,05_resultados\revisao_operacional\campanha_v1\j00668.mat
j00668,554,235.0,05_resultados\revisao_operacional\campanha_v1\j00668.mat
j00668,564,225.0,05_resultados\revisao_operacional\campanha_v1\j00668.mat
j00668,575,214.0,05_resultados\revisao_operacional\campanha_v1\j00668.mat
j00668,585,204.0,05_resultados\revisao_operacional\campanha_v1\j00668.mat
j00668,596,193.0,05_resultados\revisao_operacional\campanha_v1\j00668.mat
j00668,606,183.0,05_resultados\revisao_operacional\campanha_v1\j00668.mat
j00668,617,172.0,05_resultados\revisao_operacional\campanha_v1\j00668.mat
j00668,627,162.0,05_resultados\revisao_operacional\campanha_v1\j00668.mat
j00668,638,151.0,05_resultados\revisao_operacional\campanha_v1\j00668.mat
j00668,648,141.0,05_resultados\revisao_operacional\campanha_v1\j00668.mat
j00668,659,130.0,05_resultados\revisao_operacional\campanha_v1\j00668.mat
j00668,669,120.0,05_resultados\revisao_operacional\campanha_v1\j00668.mat
j00668,680,109.0,05_resultados\revisao_operacional\campanha_v1\j00668.mat
j00668,690,99.0,05_resultados\revisao_operacional\campanha_v1\j00668.mat
j00668,701,88.0,05_resultados\revisao_operacional\campanha_v1\j00668.mat
j00668,711,78.0,05_resultados\revisao_operacional\campanha_v1\j00668.mat
j00668,722,67.0,05_resultados\revisao_operacional\campanha_v1\j00668.mat
j00668,732,57.0,05_resultados\revisao_operacional\campanha_v1\j00668.mat
j00668,743,46.0,05_resultados\revisao_operacional\campanha_v1\j00668.mat
j00668,753,36.0,05_resultados\revisao_operacional\campanha_v1\j00668.mat
j00668,764,25.0,05_resultados\revisao_operacional\campanha_v1\j00668.mat
j00668,774,15.0,05_resultados\revisao_operacional\campanha_v1\j00668.mat
j00668,785,4.0,05_resultados\revisao_operacional\campanha_v1\j00668.mat
j00668,809,205.0,05_resultados\revisao_operacional\campanha_v1\j00668.mat
j00668,820,194.0,05_resultados\revisao_operacional\campanha_v1\j00668.mat
j00668,830,184.0,05_resultados\revisao_operacional\campanha_v1\j00668.mat
j00668,841,173.0,05_resultados\revisao_operacional\campanha_v1\j00668.mat
j00668,851,163.0,05_resultados\revisao_operacional\campanha_v1\j00668.mat
j00668,862,152.0,05_resultados\revisao_operacional\campanha_v1\j00668.mat
j00668,872,142.0,05_resultados\revisao_operacional\campanha_v1\j00668.mat
j00668,883,131.0,05_resultados\revisao_operacional\campanha_v1\j00668.mat
j00668,893,121.0,05_resultados\revisao_operacional\campanha_v1\j00668.mat
j00668,903,111.0,05_resultados\revisao_operacional\campanha_v1\j00668.mat
j00668,914,100.0,05_resultados\revisao_operacional\campanha_v1\j00668.mat
j00668,924,90.0,05_resultados\revisao_operacional\campanha_v1\j00668.mat
j00668,935,79.0,05_resultados\revisao_operacional\campanha_v1\j00668.mat
j00668,945,69.0,05_resultados\revisao_operacional\campanha_v1\j00668.mat
j00668,956,58.0,05_resultados\revisao_operacional\campanha_v1\j00668.mat
j00668,966,48.0,05_resultados\revisao_operacional\campanha_v1\j00668.mat
j00668,977,37.0,05_resultados\revisao_operacional\campanha_v1\j00668.mat
j00668,987,27.0,05_resultados\revisao_operacional\campanha_v1\j00668.mat
j00668,998,16.0,05_resultados\revisao_operacional\campanha_v1\j00668.mat
j00668,1008,6.0,05_resultados\revisao_operacional\campanha_v1\j00668.mat
j00668,1032,nan,05_resultados\revisao_operacional\campanha_v1\j00668.mat
j00668,1043,nan,05_resultados\revisao_operacional\campanha_v1\j00668.mat
j00668,1053,nan,05_resultados\revisao_operacional\campanha_v1\j00668.mat
j00668,1064,nan,05_resultados\revisao_operacional\campanha_v1\j00668.mat
j00668,1074,nan,05_resultados\revisao_operacional\campanha_v1\j00668.mat
j00668,1085,nan,05_resultados\revisao_operacional\campanha_v1\j00668.mat
j00668,1095,nan,05_resultados\revisao_operacional\campanha_v1\j00668.mat
j00668,1106,nan,05_resultados\revisao_operacional\campanha_v1\j00668.mat
j00668,1116,nan,05_resultados\revisao_operacional\campanha_v1\j00668.mat
j00668,1127,nan,05_resultados\revisao_operacional\campanha_v1\j00668.mat
j00668,1137,nan,05_resultados\revisao_operacional\campanha_v1\j00668.mat
j00668,1148,nan,05_resultados\revisao_operacional\campanha_v1\j00668.mat
j00668,1158,nan,05_resultados\revisao_operacional\campanha_v1\j00668.mat
j00668,1169,nan,05_resultados\revisao_operacional\campanha_v1\j00668.mat
j00668,1179,nan,05_resultados\revisao_operacional\campanha_v1\j00668.mat
j00668,1190,nan,05_resultados\revisao_operacional\campanha_v1\j00668.mat
j00669,0,2.0,05_resultados\revisao_operacional\campanha_v1\j00669.mat
j00669,7,0.0,05_resultados\revisao_operacional\campanha_v1\j00669.mat
j00669,18,1.0,05_resultados\revisao_operacional\campanha_v1\j00669.mat
j00669,28,0.0,05_resultados\revisao_operacional\campanha_v1\j00669.mat
j00669,39,971.0,05_resultados\revisao_operacional\campanha_v1\j00669.mat
j00669,49,961.0,05_resultados\revisao_operacional\campanha_v1\j00669.mat
j00669,60,950.0,05_resultados\revisao_operacional\campanha_v1\j00669.mat
j00669,70,940.0,05_resultados\revisao_operacional\campanha_v1\j00669.mat
j00669,81,929.0,05_resultados\revisao_operacional\campanha_v1\j00669.mat
j00669,92,918.0,05_resultados\revisao_operacional\campanha_v1\j00669.mat
j00669,102,908.0,05_resultados\revisao_operacional\campanha_v1\j00669.mat
j00669,113,897.0,05_resultados\revisao_operacional\campanha_v1\j00669.mat
j00669,123,887.0,05_resultados\revisao_operacional\campanha_v1\j00669.mat
j00669,134,876.0,05_resultados\revisao_operacional\campanha_v1\j00669.mat
j00669,144,866.0,05_resultados\revisao_operacional\campanha_v1\j00669.mat
j00669,154,856.0,05_resultados\revisao_operacional\campanha_v1\j00669.mat
j00669,165,845.0,05_resultados\revisao_operacional\campanha_v1\j00669.mat
j00669,175,835.0,05_resultados\revisao_operacional\campanha_v1\j00669.mat
j00669,186,824.0,05_resultados\revisao_operacional\campanha_v1\j00669.mat
j00669,197,813.0,05_resultados\revisao_operacional\campanha_v1\j00669.mat
j00669,207,803.0,05_resultados\revisao_operacional\campanha_v1\j00669.mat
j00669,218,792.0,05_resultados\revisao_operacional\campanha_v1\j00669.mat
j00669,228,782.0,05_resultados\revisao_operacional\campanha_v1\j00669.mat
j00669,239,771.0,05_resultados\revisao_operacional\campanha_v1\j00669.mat
j00669,249,761.0,05_resultados\revisao_operacional\campanha_v1\j00669.mat
j00669,260,750.0,05_resultados\revisao_operacional\campanha_v1\j00669.mat
j00669,270,740.0,05_resultados\revisao_operacional\campanha_v1\j00669.mat
j00669,281,729.0,05_resultados\revisao_operacional\campanha_v1\j00669.mat
j00669,291,719.0,05_resultados\revisao_operacional\campanha_v1\j00669.mat
j00669,302,708.0,05_resultados\revisao_operacional\campanha_v1\j00669.mat
j00669,312,698.0,05_resultados\revisao_operacional\campanha_v1\j00669.mat
j00669,323,687.0,05_resultados\revisao_operacional\campanha_v1\j00669.mat
j00669,333,677.0,05_resultados\revisao_operacional\campanha_v1\j00669.mat
j00669,344,666.0,05_resultados\revisao_operacional\campanha_v1\j00669.mat
j00669,354,656.0,05_resultados\revisao_operacional\campanha_v1\j00669.mat
j00669,365,645.0,05_resultados\revisao_operacional\campanha_v1\j00669.mat
j00669,375,635.0,05_resultados\revisao_operacional\campanha_v1\j00669.mat
j00669,386,624.0,05_resultados\revisao_operacional\campanha_v1\j00669.mat
j00669,396,614.0,05_resultados\revisao_operacional\campanha_v1\j00669.mat
j00669,407,603.0,05_resultados\revisao_operacional\campanha_v1\j00669.mat
j00669,417,593.0,05_resultados\revisao_operacional\campanha_v1\j00669.mat
j00669,428,582.0,05_resultados\revisao_operacional\campanha_v1\j00669.mat
j00669,438,572.0,05_resultados\revisao_operacional\campanha_v1\j00669.mat
j00669,449,561.0,05_resultados\revisao_operacional\campanha_v1\j00669.mat
j00669,459,551.0,05_resultados\revisao_operacional\campanha_v1\j00669.mat
j00669,470,540.0,05_resultados\revisao_operacional\campanha_v1\j00669.mat
j00669,480,530.0,05_resultados\revisao_operacional\campanha_v1\j00669.mat
j00669,491,519.0,05_resultados\revisao_operacional\campanha_v1\j00669.mat
j00669,501,509.0,05_resultados\revisao_operacional\campanha_v1\j00669.mat
j00669,512,498.0,05_resultados\revisao_operacional\campanha_v1\j00669.mat
j00669,522,488.0,05_resultados\revisao_operacional\campanha_v1\j00669.mat
j00669,533,477.0,05_resultados\revisao_operacional\campanha_v1\j00669.mat
j00669,543,467.0,05_resultados\revisao_operacional\campanha_v1\j00669.mat
j00669,554,456.0,05_resultados\revisao_operacional\campanha_v1\j00669.mat
j00669,564,446.0,05_resultados\revisao_operacional\campanha_v1\j00669.mat
j00669,575,435.0,05_resultados\revisao_operacional\campanha_v1\j00669.mat
j00669,585,425.0,05_resultados\revisao_operacional\campanha_v1\j00669.mat
j00669,596,414.0,05_resultados\revisao_operacional\campanha_v1\j00669.mat
j00669,606,404.0,05_resultados\revisao_operacional\campanha_v1\j00669.mat
j00669,617,393.0,05_resultados\revisao_operacional\campanha_v1\j00669.mat
j00669,627,383.0,05_resultados\revisao_operacional\campanha_v1\j00669.mat
j00669,638,372.0,05_resultados\revisao_operacional\campanha_v1\j00669.mat
j00669,648,362.0,05_resultados\revisao_operacional\campanha_v1\j00669.mat
j00669,659,351.0,05_resultados\revisao_operacional\campanha_v1\j00669.mat
j00669,669,341.0,05_resultados\revisao_operacional\campanha_v1\j00669.mat
j00669,680,330.0,05_resultados\revisao_operacional\campanha_v1\j00669.mat
j00669,690,320.0,05_resultados\revisao_operacional\campanha_v1\j00669.mat
j00669,701,309.0,05_resultados\revisao_operacional\campanha_v1\j00669.mat
j00669,711,299.0,05_resultados\revisao_operacional\campanha_v1\j00669.mat
j00669,722,288.0,05_resultados\revisao_operacional\campanha_v1\j00669.mat
j00669,732,278.0,05_resultados\revisao_operacional\campanha_v1\j00669.mat
j00669,743,267.0,05_resultados\revisao_operacional\campanha_v1\j00669.mat
j00669,753,257.0,05_resultados\revisao_operacional\campanha_v1\j00669.mat
j00669,764,246.0,05_resultados\revisao_operacional\campanha_v1\j00669.mat
j00669,774,236.0,05_resultados\revisao_operacional\campanha_v1\j00669.mat
j00669,785,225.0,05_resultados\revisao_operacional\campanha_v1\j00669.mat
j00669,809,201.0,05_resultados\revisao_operacional\campanha_v1\j00669.mat
j00669,820,190.0,05_resultados\revisao_operacional\campanha_v1\j00669.mat
j00669,830,180.0,05_resultados\revisao_operacional\campanha_v1\j00669.mat
j00669,841,169.0,05_resultados\revisao_operacional\campanha_v1\j00669.mat
j00669,851,159.0,05_resultados\revisao_operacional\campanha_v1\j00669.mat
j00669,862,148.0,05_resultados\revisao_operacional\campanha_v1\j00669.mat
j00669,872,138.0,05_resultados\revisao_operacional\campanha_v1\j00669.mat
j00669,883,127.0,05_resultados\revisao_operacional\campanha_v1\j00669.mat
j00669,893,117.0,05_resultados\revisao_operacional\campanha_v1\j00669.mat
j00669,903,107.0,05_resultados\revisao_operacional\campanha_v1\j00669.mat
j00669,914,96.0,05_resultados\revisao_operacional\campanha_v1\j00669.mat
j00669,924,86.0,05_resultados\revisao_operacional\campanha_v1\j00669.mat
j00669,935,75.0,05_resultados\revisao_operacional\campanha_v1\j00669.mat
j00669,945,65.0,05_resultados\revisao_operacional\campanha_v1\j00669.mat
j00669,956,54.0,05_resultados\revisao_operacional\campanha_v1\j00669.mat
j00669,966,44.0,05_resultados\revisao_operacional\campanha_v1\j00669.mat
j00669,977,33.0,05_resultados\revisao_operacional\campanha_v1\j00669.mat
j00669,987,23.0,05_resultados\revisao_operacional\campanha_v1\j00669.mat
j00669,998,12.0,05_resultados\revisao_operacional\campanha_v1\j00669.mat
j00669,1008,2.0,05_resultados\revisao_operacional\campanha_v1\j00669.mat
j00669,1032,nan,05_resultados\revisao_operacional\campanha_v1\j00669.mat
j00669,1043,nan,05_resultados\revisao_operacional\campanha_v1\j00669.mat
j00669,1053,nan,05_resultados\revisao_operacional\campanha_v1\j00669.mat
j00669,1064,nan,05_resultados\revisao_operacional\campanha_v1\j00669.mat
j00669,1074,nan,05_resultados\revisao_operacional\campanha_v1\j00669.mat
j00669,1085,nan,05_resultados\revisao_operacional\campanha_v1\j00669.mat
j00669,1095,nan,05_resultados\revisao_operacional\campanha_v1\j00669.mat
j00669,1106,nan,05_resultados\revisao_operacional\campanha_v1\j00669.mat
j00669,1116,nan,05_resultados\revisao_operacional\campanha_v1\j00669.mat
j00669,1127,nan,05_resultados\revisao_operacional\campanha_v1\j00669.mat
j00669,1137,nan,05_resultados\revisao_operacional\campanha_v1\j00669.mat
j00669,1148,nan,05_resultados\revisao_operacional\campanha_v1\j00669.mat
j00669,1158,nan,05_resultados\revisao_operacional\campanha_v1\j00669.mat
j00669,1169,nan,05_resultados\revisao_operacional\campanha_v1\j00669.mat
j00669,1179,nan,05_resultados\revisao_operacional\campanha_v1\j00669.mat
j00669,1190,nan,05_resultados\revisao_operacional\campanha_v1\j00669.mat
j00670,0,1,05_resultados\revisao_operacional\campanha_v1\j00670.mat
j00670,7,0,05_resultados\revisao_operacional\campanha_v1\j00670.mat
j00670,18,0,05_resultados\revisao_operacional\campanha_v1\j00670.mat
j00670,28,0,05_resultados\revisao_operacional\campanha_v1\j00670.mat
j00670,39,0,05_resultados\revisao_operacional\campanha_v1\j00670.mat
j00670,49,0,05_resultados\revisao_operacional\campanha_v1\j00670.mat
j00670,60,0,05_resultados\revisao_operacional\campanha_v1\j00670.mat
j00670,70,0,05_resultados\revisao_operacional\campanha_v1\j00670.mat
j00670,81,0,05_resultados\revisao_operacional\campanha_v1\j00670.mat
j00670,92,0,05_resultados\revisao_operacional\campanha_v1\j00670.mat
j00670,102,0,05_resultados\revisao_operacional\campanha_v1\j00670.mat
j00670,113,0,05_resultados\revisao_operacional\campanha_v1\j00670.mat
j00670,123,0,05_resultados\revisao_operacional\campanha_v1\j00670.mat
j00670,134,0,05_resultados\revisao_operacional\campanha_v1\j00670.mat
j00670,144,0,05_resultados\revisao_operacional\campanha_v1\j00670.mat
j00670,154,0,05_resultados\revisao_operacional\campanha_v1\j00670.mat
j00670,165,0,05_resultados\revisao_operacional\campanha_v1\j00670.mat
j00670,175,0,05_resultados\revisao_operacional\campanha_v1\j00670.mat
j00670,186,0,05_resultados\revisao_operacional\campanha_v1\j00670.mat
j00670,197,0,05_resultados\revisao_operacional\campanha_v1\j00670.mat
j00670,207,0,05_resultados\revisao_operacional\campanha_v1\j00670.mat
j00670,218,0,05_resultados\revisao_operacional\campanha_v1\j00670.mat
j00670,228,0,05_resultados\revisao_operacional\campanha_v1\j00670.mat
j00670,239,0,05_resultados\revisao_operacional\campanha_v1\j00670.mat
j00670,249,0,05_resultados\revisao_operacional\campanha_v1\j00670.mat
j00670,260,0,05_resultados\revisao_operacional\campanha_v1\j00670.mat
j00670,270,0,05_resultados\revisao_operacional\campanha_v1\j00670.mat
j00670,281,0,05_resultados\revisao_operacional\campanha_v1\j00670.mat
j00670,291,0,05_resultados\revisao_operacional\campanha_v1\j00670.mat
j00670,302,0,05_resultados\revisao_operacional\campanha_v1\j00670.mat
j00670,312,0,05_resultados\revisao_operacional\campanha_v1\j00670.mat
j00670,323,0,05_resultados\revisao_operacional\campanha_v1\j00670.mat
j00670,333,0,05_resultados\revisao_operacional\campanha_v1\j00670.mat
j00670,344,0,05_resultados\revisao_operacional\campanha_v1\j00670.mat
j00670,354,0,05_resultados\revisao_operacional\campanha_v1\j00670.mat
j00670,365,0,05_resultados\revisao_operacional\campanha_v1\j00670.mat
j00670,375,0,05_resultados\revisao_operacional\campanha_v1\j00670.mat
j00670,386,0,05_resultados\revisao_operacional\campanha_v1\j00670.mat
j00670,396,0,05_resultados\revisao_operacional\campanha_v1\j00670.mat
j00670,407,0,05_resultados\revisao_operacional\campanha_v1\j00670.mat
j00670,417,0,05_resultados\revisao_operacional\campanha_v1\j00670.mat
j00670,428,0,05_resultados\revisao_operacional\campanha_v1\j00670.mat
j00670,438,0,05_resultados\revisao_operacional\campanha_v1\j00670.mat
j00670,449,0,05_resultados\revisao_operacional\campanha_v1\j00670.mat
j00670,459,0,05_resultados\revisao_operacional\campanha_v1\j00670.mat
j00670,470,0,05_resultados\revisao_operacional\campanha_v1\j00670.mat
j00670,480,0,05_resultados\revisao_operacional\campanha_v1\j00670.mat
j00670,491,0,05_resultados\revisao_operacional\campanha_v1\j00670.mat
j00670,501,0,05_resultados\revisao_operacional\campanha_v1\j00670.mat
j00670,512,0,05_resultados\revisao_operacional\campanha_v1\j00670.mat
j00670,522,0,05_resultados\revisao_operacional\campanha_v1\j00670.mat
j00670,533,0,05_resultados\revisao_operacional\campanha_v1\j00670.mat
j00670,543,0,05_resultados\revisao_operacional\campanha_v1\j00670.mat
j00670,554,0,05_resultados\revisao_operacional\campanha_v1\j00670.mat
j00670,564,0,05_resultados\revisao_operacional\campanha_v1\j00670.mat
j00670,575,0,05_resultados\revisao_operacional\campanha_v1\j00670.mat
j00670,585,0,05_resultados\revisao_operacional\campanha_v1\j00670.mat
j00670,596,0,05_resultados\revisao_operacional\campanha_v1\j00670.mat
j00670,606,0,05_resultados\revisao_operacional\campanha_v1\j00670.mat
j00670,617,0,05_resultados\revisao_operacional\campanha_v1\j00670.mat
j00670,627,0,05_resultados\revisao_operacional\campanha_v1\j00670.mat
j00670,638,0,05_resultados\revisao_operacional\campanha_v1\j00670.mat
j00670,648,0,05_resultados\revisao_operacional\campanha_v1\j00670.mat
j00670,659,0,05_resultados\revisao_operacional\campanha_v1\j00670.mat
j00670,669,0,05_resultados\revisao_operacional\campanha_v1\j00670.mat
j00670,680,0,05_resultados\revisao_operacional\campanha_v1\j00670.mat
j00670,690,0,05_resultados\revisao_operacional\campanha_v1\j00670.mat
j00670,701,0,05_resultados\revisao_operacional\campanha_v1\j00670.mat
j00670,711,0,05_resultados\revisao_operacional\campanha_v1\j00670.mat
j00670,722,0,05_resultados\revisao_operacional\campanha_v1\j00670.mat
j00670,732,0,05_resultados\revisao_operacional\campanha_v1\j00670.mat
j00670,743,0,05_resultados\revisao_operacional\campanha_v1\j00670.mat
j00670,753,0,05_resultados\revisao_operacional\campanha_v1\j00670.mat
j00670,764,0,05_resultados\revisao_operacional\campanha_v1\j00670.mat
j00670,774,0,05_resultados\revisao_operacional\campanha_v1\j00670.mat
j00670,785,0,05_resultados\revisao_operacional\campanha_v1\j00670.mat
j00670,809,0,05_resultados\revisao_operacional\campanha_v1\j00670.mat
j00670,820,0,05_resultados\revisao_operacional\campanha_v1\j00670.mat
j00670,830,0,05_resultados\revisao_operacional\campanha_v1\j00670.mat
j00670,841,0,05_resultados\revisao_operacional\campanha_v1\j00670.mat
j00670,851,0,05_resultados\revisao_operacional\campanha_v1\j00670.mat
j00670,862,0,05_resultados\revisao_operacional\campanha_v1\j00670.mat
j00670,872,0,05_resultados\revisao_operacional\campanha_v1\j00670.mat
j00670,883,0,05_resultados\revisao_operacional\campanha_v1\j00670.mat
j00670,893,0,05_resultados\revisao_operacional\campanha_v1\j00670.mat
j00670,903,0,05_resultados\revisao_operacional\campanha_v1\j00670.mat
j00670,914,0,05_resultados\revisao_operacional\campanha_v1\j00670.mat
j00670,924,0,05_resultados\revisao_operacional\campanha_v1\j00670.mat
j00670,935,0,05_resultados\revisao_operacional\campanha_v1\j00670.mat
j00670,945,0,05_resultados\revisao_operacional\campanha_v1\j00670.mat
j00670,956,0,05_resultados\revisao_operacional\campanha_v1\j00670.mat
j00670,966,0,05_resultados\revisao_operacional\campanha_v1\j00670.mat
j00670,977,0,05_resultados\revisao_operacional\campanha_v1\j00670.mat
j00670,987,0,05_resultados\revisao_operacional\campanha_v1\j00670.mat
j00670,998,0,05_resultados\revisao_operacional\campanha_v1\j00670.mat
j00670,1008,0,05_resultados\revisao_operacional\campanha_v1\j00670.mat
j00670,1032,0,05_resultados\revisao_operacional\campanha_v1\j00670.mat
j00670,1043,0,05_resultados\revisao_operacional\campanha_v1\j00670.mat
j00670,1053,0,05_resultados\revisao_operacional\campanha_v1\j00670.mat
j00670,1064,0,05_resultados\revisao_operacional\campanha_v1\j00670.mat
j00670,1074,0,05_resultados\revisao_operacional\campanha_v1\j00670.mat
j00670,1085,0,05_resultados\revisao_operacional\campanha_v1\j00670.mat
j00670,1095,0,05_resultados\revisao_operacional\campanha_v1\j00670.mat
j00670,1106,0,05_resultados\revisao_operacional\campanha_v1\j00670.mat
j00670,1116,0,05_resultados\revisao_operacional\campanha_v1\j00670.mat
j00670,1127,0,05_resultados\revisao_operacional\campanha_v1\j00670.mat
j00670,1137,0,05_resultados\revisao_operacional\campanha_v1\j00670.mat
j00670,1148,0,05_resultados\revisao_operacional\campanha_v1\j00670.mat
j00670,1158,0,05_resultados\revisao_operacional\campanha_v1\j00670.mat
j00670,1169,0,05_resultados\revisao_operacional\campanha_v1\j00670.mat
j00670,1179,0,05_resultados\revisao_operacional\campanha_v1\j00670.mat
j00670,1190,0,05_resultados\revisao_operacional\campanha_v1\j00670.mat
j00671,0,0,05_resultados\revisao_operacional\campanha_v1\j00671.mat
j00671,7,0,05_resultados\revisao_operacional\campanha_v1\j00671.mat
j00671,18,0,05_resultados\revisao_operacional\campanha_v1\j00671.mat
j00671,28,0,05_resultados\revisao_operacional\campanha_v1\j00671.mat
j00671,39,0,05_resultados\revisao_operacional\campanha_v1\j00671.mat
j00671,49,0,05_resultados\revisao_operacional\campanha_v1\j00671.mat
j00671,60,0,05_resultados\revisao_operacional\campanha_v1\j00671.mat
j00671,70,0,05_resultados\revisao_operacional\campanha_v1\j00671.mat
j00671,81,0,05_resultados\revisao_operacional\campanha_v1\j00671.mat
j00671,92,0,05_resultados\revisao_operacional\campanha_v1\j00671.mat
j00671,102,0,05_resultados\revisao_operacional\campanha_v1\j00671.mat
j00671,113,0,05_resultados\revisao_operacional\campanha_v1\j00671.mat
j00671,123,0,05_resultados\revisao_operacional\campanha_v1\j00671.mat
j00671,134,0,05_resultados\revisao_operacional\campanha_v1\j00671.mat
j00671,144,0,05_resultados\revisao_operacional\campanha_v1\j00671.mat
j00671,154,0,05_resultados\revisao_operacional\campanha_v1\j00671.mat
j00671,165,0,05_resultados\revisao_operacional\campanha_v1\j00671.mat
j00671,175,0,05_resultados\revisao_operacional\campanha_v1\j00671.mat
j00671,186,0,05_resultados\revisao_operacional\campanha_v1\j00671.mat
j00671,197,0,05_resultados\revisao_operacional\campanha_v1\j00671.mat
j00671,207,0,05_resultados\revisao_operacional\campanha_v1\j00671.mat
j00671,218,0,05_resultados\revisao_operacional\campanha_v1\j00671.mat
j00671,228,0,05_resultados\revisao_operacional\campanha_v1\j00671.mat
j00671,239,0,05_resultados\revisao_operacional\campanha_v1\j00671.mat
j00671,249,0,05_resultados\revisao_operacional\campanha_v1\j00671.mat
j00671,260,0,05_resultados\revisao_operacional\campanha_v1\j00671.mat
j00671,270,0,05_resultados\revisao_operacional\campanha_v1\j00671.mat
j00671,281,0,05_resultados\revisao_operacional\campanha_v1\j00671.mat
j00671,291,0,05_resultados\revisao_operacional\campanha_v1\j00671.mat
j00671,302,0,05_resultados\revisao_operacional\campanha_v1\j00671.mat
j00671,312,0,05_resultados\revisao_operacional\campanha_v1\j00671.mat
j00671,323,0,05_resultados\revisao_operacional\campanha_v1\j00671.mat
j00671,333,0,05_resultados\revisao_operacional\campanha_v1\j00671.mat
j00671,344,0,05_resultados\revisao_operacional\campanha_v1\j00671.mat
j00671,354,0,05_resultados\revisao_operacional\campanha_v1\j00671.mat
j00671,365,0,05_resultados\revisao_operacional\campanha_v1\j00671.mat
j00671,375,0,05_resultados\revisao_operacional\campanha_v1\j00671.mat
j00671,386,0,05_resultados\revisao_operacional\campanha_v1\j00671.mat
j00671,396,0,05_resultados\revisao_operacional\campanha_v1\j00671.mat
j00671,407,0,05_resultados\revisao_operacional\campanha_v1\j00671.mat
j00671,417,0,05_resultados\revisao_operacional\campanha_v1\j00671.mat
j00671,428,0,05_resultados\revisao_operacional\campanha_v1\j00671.mat
j00671,438,0,05_resultados\revisao_operacional\campanha_v1\j00671.mat
j00671,449,0,05_resultados\revisao_operacional\campanha_v1\j00671.mat
j00671,459,0,05_resultados\revisao_operacional\campanha_v1\j00671.mat
j00671,470,0,05_resultados\revisao_operacional\campanha_v1\j00671.mat
j00671,480,0,05_resultados\revisao_operacional\campanha_v1\j00671.mat
j00671,491,0,05_resultados\revisao_operacional\campanha_v1\j00671.mat
j00671,501,0,05_resultados\revisao_operacional\campanha_v1\j00671.mat
j00671,512,0,05_resultados\revisao_operacional\campanha_v1\j00671.mat
j00671,522,0,05_resultados\revisao_operacional\campanha_v1\j00671.mat
j00671,533,0,05_resultados\revisao_operacional\campanha_v1\j00671.mat
j00671,543,0,05_resultados\revisao_operacional\campanha_v1\j00671.mat
j00671,554,0,05_resultados\revisao_operacional\campanha_v1\j00671.mat
j00671,564,0,05_resultados\revisao_operacional\campanha_v1\j00671.mat
j00671,575,0,05_resultados\revisao_operacional\campanha_v1\j00671.mat
j00671,585,0,05_resultados\revisao_operacional\campanha_v1\j00671.mat
j00671,596,0,05_resultados\revisao_operacional\campanha_v1\j00671.mat
j00671,606,0,05_resultados\revisao_operacional\campanha_v1\j00671.mat
j00671,617,0,05_resultados\revisao_operacional\campanha_v1\j00671.mat
j00671,627,0,05_resultados\revisao_operacional\campanha_v1\j00671.mat
j00671,638,0,05_resultados\revisao_operacional\campanha_v1\j00671.mat
j00671,648,0,05_resultados\revisao_operacional\campanha_v1\j00671.mat
j00671,659,0,05_resultados\revisao_operacional\campanha_v1\j00671.mat
j00671,669,0,05_resultados\revisao_operacional\campanha_v1\j00671.mat
j00671,680,0,05_resultados\revisao_operacional\campanha_v1\j00671.mat
j00671,690,0,05_resultados\revisao_operacional\campanha_v1\j00671.mat
j00671,701,0,05_resultados\revisao_operacional\campanha_v1\j00671.mat
j00671,711,0,05_resultados\revisao_operacional\campanha_v1\j00671.mat
j00671,722,0,05_resultados\revisao_operacional\campanha_v1\j00671.mat
j00671,732,0,05_resultados\revisao_operacional\campanha_v1\j00671.mat
j00671,743,0,05_resultados\revisao_operacional\campanha_v1\j00671.mat
j00671,753,0,05_resultados\revisao_operacional\campanha_v1\j00671.mat
j00671,764,0,05_resultados\revisao_operacional\campanha_v1\j00671.mat
j00671,774,0,05_resultados\revisao_operacional\campanha_v1\j00671.mat
j00671,785,0,05_resultados\revisao_operacional\campanha_v1\j00671.mat
j00671,809,0,05_resultados\revisao_operacional\campanha_v1\j00671.mat
j00671,820,0,05_resultados\revisao_operacional\campanha_v1\j00671.mat
j00671,830,0,05_resultados\revisao_operacional\campanha_v1\j00671.mat
j00671,841,0,05_resultados\revisao_operacional\campanha_v1\j00671.mat
j00671,851,0,05_resultados\revisao_operacional\campanha_v1\j00671.mat
j00671,862,0,05_resultados\revisao_operacional\campanha_v1\j00671.mat
j00671,872,0,05_resultados\revisao_operacional\campanha_v1\j00671.mat
j00671,883,0,05_resultados\revisao_operacional\campanha_v1\j00671.mat
j00671,893,0,05_resultados\revisao_operacional\campanha_v1\j00671.mat
j00671,903,0,05_resultados\revisao_operacional\campanha_v1\j00671.mat
j00671,914,0,05_resultados\revisao_operacional\campanha_v1\j00671.mat
j00671,924,0,05_resultados\revisao_operacional\campanha_v1\j00671.mat
j00671,935,0,05_resultados\revisao_operacional\campanha_v1\j00671.mat
j00671,945,0,05_resultados\revisao_operacional\campanha_v1\j00671.mat
j00671,956,0,05_resultados\revisao_operacional\campanha_v1\j00671.mat
j00671,966,0,05_resultados\revisao_operacional\campanha_v1\j00671.mat
j00671,977,0,05_resultados\revisao_operacional\campanha_v1\j00671.mat
j00671,987,0,05_resultados\revisao_operacional\campanha_v1\j00671.mat
j00671,998,0,05_resultados\revisao_operacional\campanha_v1\j00671.mat
j00671,1008,0,05_resultados\revisao_operacional\campanha_v1\j00671.mat
j00671,1032,0,05_resultados\revisao_operacional\campanha_v1\j00671.mat
j00671,1043,0,05_resultados\revisao_operacional\campanha_v1\j00671.mat
j00671,1053,0,05_resultados\revisao_operacional\campanha_v1\j00671.mat
j00671,1064,0,05_resultados\revisao_operacional\campanha_v1\j00671.mat
j00671,1074,0,05_resultados\revisao_operacional\campanha_v1\j00671.mat
j00671,1085,0,05_resultados\revisao_operacional\campanha_v1\j00671.mat
j00671,1095,0,05_resultados\revisao_operacional\campanha_v1\j00671.mat
j00671,1106,0,05_resultados\revisao_operacional\campanha_v1\j00671.mat
j00671,1116,0,05_resultados\revisao_operacional\campanha_v1\j00671.mat
j00671,1127,0,05_resultados\revisao_operacional\campanha_v1\j00671.mat
j00671,1137,0,05_resultados\revisao_operacional\campanha_v1\j00671.mat
j00671,1148,0,05_resultados\revisao_operacional\campanha_v1\j00671.mat
j00671,1158,0,05_resultados\revisao_operacional\campanha_v1\j00671.mat
j00671,1169,0,05_resultados\revisao_operacional\campanha_v1\j00671.mat
j00671,1179,0,05_resultados\revisao_operacional\campanha_v1\j00671.mat
j00671,1190,0,05_resultados\revisao_operacional\campanha_v1\j00671.mat
j00672,0,675.0,05_resultados\revisao_operacional\campanha_v1\j00672.mat
j00672,5,670.0,05_resultados\revisao_operacional\campanha_v1\j00672.mat
j00672,15,660.0,05_resultados\revisao_operacional\campanha_v1\j00672.mat
j00672,26,649.0,05_resultados\revisao_operacional\campanha_v1\j00672.mat
j00672,36,639.0,05_resultados\revisao_operacional\campanha_v1\j00672.mat
j00672,47,628.0,05_resultados\revisao_operacional\campanha_v1\j00672.mat
j00672,57,618.0,05_resultados\revisao_operacional\campanha_v1\j00672.mat
j00672,68,607.0,05_resultados\revisao_operacional\campanha_v1\j00672.mat
j00672,78,597.0,05_resultados\revisao_operacional\campanha_v1\j00672.mat
j00672,89,586.0,05_resultados\revisao_operacional\campanha_v1\j00672.mat
j00672,99,576.0,05_resultados\revisao_operacional\campanha_v1\j00672.mat
j00672,110,565.0,05_resultados\revisao_operacional\campanha_v1\j00672.mat
j00672,120,555.0,05_resultados\revisao_operacional\campanha_v1\j00672.mat
j00672,131,544.0,05_resultados\revisao_operacional\campanha_v1\j00672.mat
j00672,141,534.0,05_resultados\revisao_operacional\campanha_v1\j00672.mat
j00672,152,523.0,05_resultados\revisao_operacional\campanha_v1\j00672.mat
j00672,162,513.0,05_resultados\revisao_operacional\campanha_v1\j00672.mat
j00672,173,502.0,05_resultados\revisao_operacional\campanha_v1\j00672.mat
j00672,183,492.0,05_resultados\revisao_operacional\campanha_v1\j00672.mat
j00672,194,481.0,05_resultados\revisao_operacional\campanha_v1\j00672.mat
j00672,204,471.0,05_resultados\revisao_operacional\campanha_v1\j00672.mat
j00672,215,460.0,05_resultados\revisao_operacional\campanha_v1\j00672.mat
j00672,225,450.0,05_resultados\revisao_operacional\campanha_v1\j00672.mat
j00672,236,439.0,05_resultados\revisao_operacional\campanha_v1\j00672.mat
j00672,246,429.0,05_resultados\revisao_operacional\campanha_v1\j00672.mat
j00672,257,418.0,05_resultados\revisao_operacional\campanha_v1\j00672.mat
j00672,267,408.0,05_resultados\revisao_operacional\campanha_v1\j00672.mat
j00672,278,397.0,05_resultados\revisao_operacional\campanha_v1\j00672.mat
j00672,288,387.0,05_resultados\revisao_operacional\campanha_v1\j00672.mat
j00672,299,376.0,05_resultados\revisao_operacional\campanha_v1\j00672.mat
j00672,309,366.0,05_resultados\revisao_operacional\campanha_v1\j00672.mat
j00672,320,355.0,05_resultados\revisao_operacional\campanha_v1\j00672.mat
j00672,330,345.0,05_resultados\revisao_operacional\campanha_v1\j00672.mat
j00672,341,334.0,05_resultados\revisao_operacional\campanha_v1\j00672.mat
j00672,351,324.0,05_resultados\revisao_operacional\campanha_v1\j00672.mat
j00672,362,313.0,05_resultados\revisao_operacional\campanha_v1\j00672.mat
j00672,372,303.0,05_resultados\revisao_operacional\campanha_v1\j00672.mat
j00672,383,292.0,05_resultados\revisao_operacional\campanha_v1\j00672.mat
j00672,393,282.0,05_resultados\revisao_operacional\campanha_v1\j00672.mat
j00672,404,271.0,05_resultados\revisao_operacional\campanha_v1\j00672.mat
j00672,414,261.0,05_resultados\revisao_operacional\campanha_v1\j00672.mat
j00672,425,250.0,05_resultados\revisao_operacional\campanha_v1\j00672.mat
j00672,435,240.0,05_resultados\revisao_operacional\campanha_v1\j00672.mat
j00672,446,229.0,05_resultados\revisao_operacional\campanha_v1\j00672.mat
j00672,470,205.0,05_resultados\revisao_operacional\campanha_v1\j00672.mat
j00672,481,194.0,05_resultados\revisao_operacional\campanha_v1\j00672.mat
j00672,491,184.0,05_resultados\revisao_operacional\campanha_v1\j00672.mat
j00672,502,173.0,05_resultados\revisao_operacional\campanha_v1\j00672.mat
j00672,512,163.0,05_resultados\revisao_operacional\campanha_v1\j00672.mat
j00672,523,152.0,05_resultados\revisao_operacional\campanha_v1\j00672.mat
j00672,533,142.0,05_resultados\revisao_operacional\campanha_v1\j00672.mat
j00672,544,131.0,05_resultados\revisao_operacional\campanha_v1\j00672.mat
j00672,554,121.0,05_resultados\revisao_operacional\campanha_v1\j00672.mat
j00672,565,110.0,05_resultados\revisao_operacional\campanha_v1\j00672.mat
j00672,575,100.0,05_resultados\revisao_operacional\campanha_v1\j00672.mat
j00672,585,90.0,05_resultados\revisao_operacional\campanha_v1\j00672.mat
j00672,596,79.0,05_resultados\revisao_operacional\campanha_v1\j00672.mat
j00672,607,68.0,05_resultados\revisao_operacional\campanha_v1\j00672.mat
j00672,617,58.0,05_resultados\revisao_operacional\campanha_v1\j00672.mat
j00672,628,47.0,05_resultados\revisao_operacional\campanha_v1\j00672.mat
j00672,638,37.0,05_resultados\revisao_operacional\campanha_v1\j00672.mat
j00672,649,26.0,05_resultados\revisao_operacional\campanha_v1\j00672.mat
j00672,659,16.0,05_resultados\revisao_operacional\campanha_v1\j00672.mat
j00672,669,6.0,05_resultados\revisao_operacional\campanha_v1\j00672.mat
j00672,693,428.0,05_resultados\revisao_operacional\campanha_v1\j00672.mat
j00672,704,417.0,05_resultados\revisao_operacional\campanha_v1\j00672.mat
j00672,714,407.0,05_resultados\revisao_operacional\campanha_v1\j00672.mat
j00672,725,396.0,05_resultados\revisao_operacional\campanha_v1\j00672.mat
j00672,735,386.0,05_resultados\revisao_operacional\campanha_v1\j00672.mat
j00672,746,375.0,05_resultados\revisao_operacional\campanha_v1\j00672.mat
j00672,756,365.0,05_resultados\revisao_operacional\campanha_v1\j00672.mat
j00672,767,354.0,05_resultados\revisao_operacional\campanha_v1\j00672.mat
j00672,777,344.0,05_resultados\revisao_operacional\campanha_v1\j00672.mat
j00672,788,333.0,05_resultados\revisao_operacional\campanha_v1\j00672.mat
j00672,798,323.0,05_resultados\revisao_operacional\campanha_v1\j00672.mat
j00672,809,312.0,05_resultados\revisao_operacional\campanha_v1\j00672.mat
j00672,819,302.0,05_resultados\revisao_operacional\campanha_v1\j00672.mat
j00672,830,291.0,05_resultados\revisao_operacional\campanha_v1\j00672.mat
j00672,840,281.0,05_resultados\revisao_operacional\campanha_v1\j00672.mat
j00672,851,270.0,05_resultados\revisao_operacional\campanha_v1\j00672.mat
j00672,861,260.0,05_resultados\revisao_operacional\campanha_v1\j00672.mat
j00672,872,249.0,05_resultados\revisao_operacional\campanha_v1\j00672.mat
j00672,882,239.0,05_resultados\revisao_operacional\campanha_v1\j00672.mat
j00672,893,228.0,05_resultados\revisao_operacional\campanha_v1\j00672.mat
j00672,916,205.0,05_resultados\revisao_operacional\campanha_v1\j00672.mat
j00672,927,194.0,05_resultados\revisao_operacional\campanha_v1\j00672.mat
j00672,937,184.0,05_resultados\revisao_operacional\campanha_v1\j00672.mat
j00672,948,173.0,05_resultados\revisao_operacional\campanha_v1\j00672.mat
j00672,958,163.0,05_resultados\revisao_operacional\campanha_v1\j00672.mat
j00672,969,152.0,05_resultados\revisao_operacional\campanha_v1\j00672.mat
j00672,979,142.0,05_resultados\revisao_operacional\campanha_v1\j00672.mat
j00672,990,131.0,05_resultados\revisao_operacional\campanha_v1\j00672.mat
j00672,1000,121.0,05_resultados\revisao_operacional\campanha_v1\j00672.mat
j00672,1011,110.0,05_resultados\revisao_operacional\campanha_v1\j00672.mat
j00672,1021,100.0,05_resultados\revisao_operacional\campanha_v1\j00672.mat
j00672,1032,89.0,05_resultados\revisao_operacional\campanha_v1\j00672.mat
j00672,1042,79.0,05_resultados\revisao_operacional\campanha_v1\j00672.mat
j00672,1053,68.0,05_resultados\revisao_operacional\campanha_v1\j00672.mat
j00672,1063,58.0,05_resultados\revisao_operacional\campanha_v1\j00672.mat
j00672,1074,47.0,05_resultados\revisao_operacional\campanha_v1\j00672.mat
j00672,1084,37.0,05_resultados\revisao_operacional\campanha_v1\j00672.mat
j00672,1095,26.0,05_resultados\revisao_operacional\campanha_v1\j00672.mat
j00672,1105,16.0,05_resultados\revisao_operacional\campanha_v1\j00672.mat
j00672,1116,5.0,05_resultados\revisao_operacional\campanha_v1\j00672.mat
j00672,1139,nan,05_resultados\revisao_operacional\campanha_v1\j00672.mat
j00672,1150,nan,05_resultados\revisao_operacional\campanha_v1\j00672.mat
j00672,1161,nan,05_resultados\revisao_operacional\campanha_v1\j00672.mat
j00672,1171,nan,05_resultados\revisao_operacional\campanha_v1\j00672.mat
j00672,1181,nan,05_resultados\revisao_operacional\campanha_v1\j00672.mat
j00672,1192,nan,05_resultados\revisao_operacional\campanha_v1\j00672.mat
j00673,0,450.0,05_resultados\revisao_operacional\campanha_v1\j00673.mat
j00673,5,445.0,05_resultados\revisao_operacional\campanha_v1\j00673.mat
j00673,15,435.0,05_resultados\revisao_operacional\campanha_v1\j00673.mat
j00673,26,424.0,05_resultados\revisao_operacional\campanha_v1\j00673.mat
j00673,36,414.0,05_resultados\revisao_operacional\campanha_v1\j00673.mat
j00673,47,403.0,05_resultados\revisao_operacional\campanha_v1\j00673.mat
j00673,57,393.0,05_resultados\revisao_operacional\campanha_v1\j00673.mat
j00673,68,382.0,05_resultados\revisao_operacional\campanha_v1\j00673.mat
j00673,78,372.0,05_resultados\revisao_operacional\campanha_v1\j00673.mat
j00673,89,361.0,05_resultados\revisao_operacional\campanha_v1\j00673.mat
j00673,99,351.0,05_resultados\revisao_operacional\campanha_v1\j00673.mat
j00673,110,340.0,05_resultados\revisao_operacional\campanha_v1\j00673.mat
j00673,120,330.0,05_resultados\revisao_operacional\campanha_v1\j00673.mat
j00673,131,319.0,05_resultados\revisao_operacional\campanha_v1\j00673.mat
j00673,141,309.0,05_resultados\revisao_operacional\campanha_v1\j00673.mat
j00673,152,298.0,05_resultados\revisao_operacional\campanha_v1\j00673.mat
j00673,162,288.0,05_resultados\revisao_operacional\campanha_v1\j00673.mat
j00673,173,277.0,05_resultados\revisao_operacional\campanha_v1\j00673.mat
j00673,183,267.0,05_resultados\revisao_operacional\campanha_v1\j00673.mat
j00673,194,256.0,05_resultados\revisao_operacional\campanha_v1\j00673.mat
j00673,204,246.0,05_resultados\revisao_operacional\campanha_v1\j00673.mat
j00673,215,235.0,05_resultados\revisao_operacional\campanha_v1\j00673.mat
j00673,225,225.0,05_resultados\revisao_operacional\campanha_v1\j00673.mat
j00673,236,214.0,05_resultados\revisao_operacional\campanha_v1\j00673.mat
j00673,246,204.0,05_resultados\revisao_operacional\campanha_v1\j00673.mat
j00673,257,193.0,05_resultados\revisao_operacional\campanha_v1\j00673.mat
j00673,267,183.0,05_resultados\revisao_operacional\campanha_v1\j00673.mat
j00673,278,172.0,05_resultados\revisao_operacional\campanha_v1\j00673.mat
j00673,288,162.0,05_resultados\revisao_operacional\campanha_v1\j00673.mat
j00673,299,151.0,05_resultados\revisao_operacional\campanha_v1\j00673.mat
j00673,309,141.0,05_resultados\revisao_operacional\campanha_v1\j00673.mat
j00673,320,130.0,05_resultados\revisao_operacional\campanha_v1\j00673.mat
j00673,330,120.0,05_resultados\revisao_operacional\campanha_v1\j00673.mat
j00673,341,109.0,05_resultados\revisao_operacional\campanha_v1\j00673.mat
j00673,351,99.0,05_resultados\revisao_operacional\campanha_v1\j00673.mat
j00673,362,88.0,05_resultados\revisao_operacional\campanha_v1\j00673.mat
j00673,372,78.0,05_resultados\revisao_operacional\campanha_v1\j00673.mat
j00673,383,67.0,05_resultados\revisao_operacional\campanha_v1\j00673.mat
j00673,393,57.0,05_resultados\revisao_operacional\campanha_v1\j00673.mat
j00673,404,46.0,05_resultados\revisao_operacional\campanha_v1\j00673.mat
j00673,414,36.0,05_resultados\revisao_operacional\campanha_v1\j00673.mat
j00673,425,25.0,05_resultados\revisao_operacional\campanha_v1\j00673.mat
j00673,435,15.0,05_resultados\revisao_operacional\campanha_v1\j00673.mat
j00673,446,4.0,05_resultados\revisao_operacional\campanha_v1\j00673.mat
j00673,470,205.0,05_resultados\revisao_operacional\campanha_v1\j00673.mat
j00673,481,194.0,05_resultados\revisao_operacional\campanha_v1\j00673.mat
j00673,491,184.0,05_resultados\revisao_operacional\campanha_v1\j00673.mat
j00673,502,173.0,05_resultados\revisao_operacional\campanha_v1\j00673.mat
j00673,512,163.0,05_resultados\revisao_operacional\campanha_v1\j00673.mat
j00673,523,152.0,05_resultados\revisao_operacional\campanha_v1\j00673.mat
j00673,533,142.0,05_resultados\revisao_operacional\campanha_v1\j00673.mat
j00673,544,131.0,05_resultados\revisao_operacional\campanha_v1\j00673.mat
j00673,554,121.0,05_resultados\revisao_operacional\campanha_v1\j00673.mat
j00673,565,110.0,05_resultados\revisao_operacional\campanha_v1\j00673.mat
j00673,575,100.0,05_resultados\revisao_operacional\campanha_v1\j00673.mat
j00673,585,90.0,05_resultados\revisao_operacional\campanha_v1\j00673.mat
j00673,596,79.0,05_resultados\revisao_operacional\campanha_v1\j00673.mat
j00673,607,68.0,05_resultados\revisao_operacional\campanha_v1\j00673.mat
j00673,617,58.0,05_resultados\revisao_operacional\campanha_v1\j00673.mat
j00673,628,47.0,05_resultados\revisao_operacional\campanha_v1\j00673.mat
j00673,638,37.0,05_resultados\revisao_operacional\campanha_v1\j00673.mat
j00673,649,26.0,05_resultados\revisao_operacional\campanha_v1\j00673.mat
j00673,659,16.0,05_resultados\revisao_operacional\campanha_v1\j00673.mat
j00673,669,6.0,05_resultados\revisao_operacional\campanha_v1\j00673.mat
j00673,693,202.0,05_resultados\revisao_operacional\campanha_v1\j00673.mat
j00673,704,191.0,05_resultados\revisao_operacional\campanha_v1\j00673.mat
j00673,714,181.0,05_resultados\revisao_operacional\campanha_v1\j00673.mat
j00673,725,170.0,05_resultados\revisao_operacional\campanha_v1\j00673.mat
j00673,735,160.0,05_resultados\revisao_operacional\campanha_v1\j00673.mat
j00673,746,149.0,05_resultados\revisao_operacional\campanha_v1\j00673.mat
j00673,756,139.0,05_resultados\revisao_operacional\campanha_v1\j00673.mat
j00673,767,128.0,05_resultados\revisao_operacional\campanha_v1\j00673.mat
j00673,777,118.0,05_resultados\revisao_operacional\campanha_v1\j00673.mat
j00673,788,107.0,05_resultados\revisao_operacional\campanha_v1\j00673.mat
j00673,798,97.0,05_resultados\revisao_operacional\campanha_v1\j00673.mat
j00673,809,86.0,05_resultados\revisao_operacional\campanha_v1\j00673.mat
j00673,819,76.0,05_resultados\revisao_operacional\campanha_v1\j00673.mat
j00673,830,65.0,05_resultados\revisao_operacional\campanha_v1\j00673.mat
j00673,840,55.0,05_resultados\revisao_operacional\campanha_v1\j00673.mat
j00673,851,44.0,05_resultados\revisao_operacional\campanha_v1\j00673.mat
j00673,861,34.0,05_resultados\revisao_operacional\campanha_v1\j00673.mat
j00673,872,23.0,05_resultados\revisao_operacional\campanha_v1\j00673.mat
j00673,882,13.0,05_resultados\revisao_operacional\campanha_v1\j00673.mat
j00673,893,2.0,05_resultados\revisao_operacional\campanha_v1\j00673.mat
j00673,916,204.0,05_resultados\revisao_operacional\campanha_v1\j00673.mat
j00673,927,193.0,05_resultados\revisao_operacional\campanha_v1\j00673.mat
j00673,937,183.0,05_resultados\revisao_operacional\campanha_v1\j00673.mat
j00673,948,172.0,05_resultados\revisao_operacional\campanha_v1\j00673.mat
j00673,958,162.0,05_resultados\revisao_operacional\campanha_v1\j00673.mat
j00673,969,151.0,05_resultados\revisao_operacional\campanha_v1\j00673.mat
j00673,979,141.0,05_resultados\revisao_operacional\campanha_v1\j00673.mat
j00673,990,130.0,05_resultados\revisao_operacional\campanha_v1\j00673.mat
j00673,1000,120.0,05_resultados\revisao_operacional\campanha_v1\j00673.mat
j00673,1011,109.0,05_resultados\revisao_operacional\campanha_v1\j00673.mat
j00673,1021,99.0,05_resultados\revisao_operacional\campanha_v1\j00673.mat
j00673,1032,88.0,05_resultados\revisao_operacional\campanha_v1\j00673.mat
j00673,1042,78.0,05_resultados\revisao_operacional\campanha_v1\j00673.mat
j00673,1053,67.0,05_resultados\revisao_operacional\campanha_v1\j00673.mat
j00673,1063,57.0,05_resultados\revisao_operacional\campanha_v1\j00673.mat
j00673,1074,46.0,05_resultados\revisao_operacional\campanha_v1\j00673.mat
j00673,1084,36.0,05_resultados\revisao_operacional\campanha_v1\j00673.mat
j00673,1095,25.0,05_resultados\revisao_operacional\campanha_v1\j00673.mat
j00673,1105,15.0,05_resultados\revisao_operacional\campanha_v1\j00673.mat
j00673,1116,4.0,05_resultados\revisao_operacional\campanha_v1\j00673.mat
j00673,1139,nan,05_resultados\revisao_operacional\campanha_v1\j00673.mat
j00673,1150,nan,05_resultados\revisao_operacional\campanha_v1\j00673.mat
j00673,1161,nan,05_resultados\revisao_operacional\campanha_v1\j00673.mat
j00673,1171,nan,05_resultados\revisao_operacional\campanha_v1\j00673.mat
j00673,1181,nan,05_resultados\revisao_operacional\campanha_v1\j00673.mat
j00673,1192,nan,05_resultados\revisao_operacional\campanha_v1\j00673.mat
j00674,0,7.0,05_resultados\revisao_operacional\campanha_v1\j00674.mat
j00674,5,2.0,05_resultados\revisao_operacional\campanha_v1\j00674.mat
j00674,15,0.0,05_resultados\revisao_operacional\campanha_v1\j00674.mat
j00674,26,1.0,05_resultados\revisao_operacional\campanha_v1\j00674.mat
j00674,36,0.0,05_resultados\revisao_operacional\campanha_v1\j00674.mat
j00674,47,411.0,05_resultados\revisao_operacional\campanha_v1\j00674.mat
j00674,57,401.0,05_resultados\revisao_operacional\campanha_v1\j00674.mat
j00674,68,390.0,05_resultados\revisao_operacional\campanha_v1\j00674.mat
j00674,78,380.0,05_resultados\revisao_operacional\campanha_v1\j00674.mat
j00674,89,369.0,05_resultados\revisao_operacional\campanha_v1\j00674.mat
j00674,99,359.0,05_resultados\revisao_operacional\campanha_v1\j00674.mat
j00674,110,348.0,05_resultados\revisao_operacional\campanha_v1\j00674.mat
j00674,120,338.0,05_resultados\revisao_operacional\campanha_v1\j00674.mat
j00674,131,327.0,05_resultados\revisao_operacional\campanha_v1\j00674.mat
j00674,141,317.0,05_resultados\revisao_operacional\campanha_v1\j00674.mat
j00674,152,306.0,05_resultados\revisao_operacional\campanha_v1\j00674.mat
j00674,162,296.0,05_resultados\revisao_operacional\campanha_v1\j00674.mat
j00674,173,285.0,05_resultados\revisao_operacional\campanha_v1\j00674.mat
j00674,183,275.0,05_resultados\revisao_operacional\campanha_v1\j00674.mat
j00674,194,264.0,05_resultados\revisao_operacional\campanha_v1\j00674.mat
j00674,204,254.0,05_resultados\revisao_operacional\campanha_v1\j00674.mat
j00674,215,243.0,05_resultados\revisao_operacional\campanha_v1\j00674.mat
j00674,225,233.0,05_resultados\revisao_operacional\campanha_v1\j00674.mat
j00674,236,222.0,05_resultados\revisao_operacional\campanha_v1\j00674.mat
j00674,246,212.0,05_resultados\revisao_operacional\campanha_v1\j00674.mat
j00674,257,201.0,05_resultados\revisao_operacional\campanha_v1\j00674.mat
j00674,267,191.0,05_resultados\revisao_operacional\campanha_v1\j00674.mat
j00674,278,180.0,05_resultados\revisao_operacional\campanha_v1\j00674.mat
j00674,288,170.0,05_resultados\revisao_operacional\campanha_v1\j00674.mat
j00674,299,159.0,05_resultados\revisao_operacional\campanha_v1\j00674.mat
j00674,309,149.0,05_resultados\revisao_operacional\campanha_v1\j00674.mat
j00674,320,138.0,05_resultados\revisao_operacional\campanha_v1\j00674.mat
j00674,330,128.0,05_resultados\revisao_operacional\campanha_v1\j00674.mat
j00674,341,117.0,05_resultados\revisao_operacional\campanha_v1\j00674.mat
j00674,351,107.0,05_resultados\revisao_operacional\campanha_v1\j00674.mat
j00674,362,96.0,05_resultados\revisao_operacional\campanha_v1\j00674.mat
j00674,372,86.0,05_resultados\revisao_operacional\campanha_v1\j00674.mat
j00674,383,75.0,05_resultados\revisao_operacional\campanha_v1\j00674.mat
j00674,393,65.0,05_resultados\revisao_operacional\campanha_v1\j00674.mat
j00674,404,54.0,05_resultados\revisao_operacional\campanha_v1\j00674.mat
j00674,414,44.0,05_resultados\revisao_operacional\campanha_v1\j00674.mat
j00674,425,33.0,05_resultados\revisao_operacional\campanha_v1\j00674.mat
j00674,435,23.0,05_resultados\revisao_operacional\campanha_v1\j00674.mat
j00674,446,12.0,05_resultados\revisao_operacional\campanha_v1\j00674.mat
j00674,470,201.0,05_resultados\revisao_operacional\campanha_v1\j00674.mat
j00674,481,190.0,05_resultados\revisao_operacional\campanha_v1\j00674.mat
j00674,491,180.0,05_resultados\revisao_operacional\campanha_v1\j00674.mat
j00674,502,169.0,05_resultados\revisao_operacional\campanha_v1\j00674.mat
j00674,512,159.0,05_resultados\revisao_operacional\campanha_v1\j00674.mat
j00674,523,148.0,05_resultados\revisao_operacional\campanha_v1\j00674.mat
j00674,533,138.0,05_resultados\revisao_operacional\campanha_v1\j00674.mat
j00674,544,127.0,05_resultados\revisao_operacional\campanha_v1\j00674.mat
j00674,554,117.0,05_resultados\revisao_operacional\campanha_v1\j00674.mat
j00674,565,106.0,05_resultados\revisao_operacional\campanha_v1\j00674.mat
j00674,575,96.0,05_resultados\revisao_operacional\campanha_v1\j00674.mat
j00674,585,86.0,05_resultados\revisao_operacional\campanha_v1\j00674.mat
j00674,596,75.0,05_resultados\revisao_operacional\campanha_v1\j00674.mat
j00674,607,64.0,05_resultados\revisao_operacional\campanha_v1\j00674.mat
j00674,617,54.0,05_resultados\revisao_operacional\campanha_v1\j00674.mat
j00674,628,43.0,05_resultados\revisao_operacional\campanha_v1\j00674.mat
j00674,638,33.0,05_resultados\revisao_operacional\campanha_v1\j00674.mat
j00674,649,22.0,05_resultados\revisao_operacional\campanha_v1\j00674.mat
j00674,659,12.0,05_resultados\revisao_operacional\campanha_v1\j00674.mat
j00674,669,2.0,05_resultados\revisao_operacional\campanha_v1\j00674.mat
j00674,693,201.0,05_resultados\revisao_operacional\campanha_v1\j00674.mat
j00674,704,190.0,05_resultados\revisao_operacional\campanha_v1\j00674.mat
j00674,714,180.0,05_resultados\revisao_operacional\campanha_v1\j00674.mat
j00674,725,169.0,05_resultados\revisao_operacional\campanha_v1\j00674.mat
j00674,735,159.0,05_resultados\revisao_operacional\campanha_v1\j00674.mat
j00674,746,148.0,05_resultados\revisao_operacional\campanha_v1\j00674.mat
j00674,756,138.0,05_resultados\revisao_operacional\campanha_v1\j00674.mat
j00674,767,127.0,05_resultados\revisao_operacional\campanha_v1\j00674.mat
j00674,777,117.0,05_resultados\revisao_operacional\campanha_v1\j00674.mat
j00674,788,106.0,05_resultados\revisao_operacional\campanha_v1\j00674.mat
j00674,798,96.0,05_resultados\revisao_operacional\campanha_v1\j00674.mat
j00674,809,85.0,05_resultados\revisao_operacional\campanha_v1\j00674.mat
j00674,819,75.0,05_resultados\revisao_operacional\campanha_v1\j00674.mat
j00674,830,64.0,05_resultados\revisao_operacional\campanha_v1\j00674.mat
j00674,840,54.0,05_resultados\revisao_operacional\campanha_v1\j00674.mat
j00674,851,43.0,05_resultados\revisao_operacional\campanha_v1\j00674.mat
j00674,861,33.0,05_resultados\revisao_operacional\campanha_v1\j00674.mat
j00674,872,22.0,05_resultados\revisao_operacional\campanha_v1\j00674.mat
j00674,882,12.0,05_resultados\revisao_operacional\campanha_v1\j00674.mat
j00674,893,1.0,05_resultados\revisao_operacional\campanha_v1\j00674.mat
j00674,916,202.0,05_resultados\revisao_operacional\campanha_v1\j00674.mat
j00674,927,191.0,05_resultados\revisao_operacional\campanha_v1\j00674.mat
j00674,937,181.0,05_resultados\revisao_operacional\campanha_v1\j00674.mat
j00674,948,170.0,05_resultados\revisao_operacional\campanha_v1\j00674.mat
j00674,958,160.0,05_resultados\revisao_operacional\campanha_v1\j00674.mat
j00674,969,149.0,05_resultados\revisao_operacional\campanha_v1\j00674.mat
j00674,979,139.0,05_resultados\revisao_operacional\campanha_v1\j00674.mat
j00674,990,128.0,05_resultados\revisao_operacional\campanha_v1\j00674.mat
j00674,1000,118.0,05_resultados\revisao_operacional\campanha_v1\j00674.mat
j00674,1011,107.0,05_resultados\revisao_operacional\campanha_v1\j00674.mat
j00674,1021,97.0,05_resultados\revisao_operacional\campanha_v1\j00674.mat
j00674,1032,86.0,05_resultados\revisao_operacional\campanha_v1\j00674.mat
j00674,1042,76.0,05_resultados\revisao_operacional\campanha_v1\j00674.mat
j00674,1053,65.0,05_resultados\revisao_operacional\campanha_v1\j00674.mat
j00674,1063,55.0,05_resultados\revisao_operacional\campanha_v1\j00674.mat
j00674,1074,44.0,05_resultados\revisao_operacional\campanha_v1\j00674.mat
j00674,1084,34.0,05_resultados\revisao_operacional\campanha_v1\j00674.mat
j00674,1095,23.0,05_resultados\revisao_operacional\campanha_v1\j00674.mat
j00674,1105,13.0,05_resultados\revisao_operacional\campanha_v1\j00674.mat
j00674,1116,2.0,05_resultados\revisao_operacional\campanha_v1\j00674.mat
j00674,1139,nan,05_resultados\revisao_operacional\campanha_v1\j00674.mat
j00674,1150,nan,05_resultados\revisao_operacional\campanha_v1\j00674.mat
j00674,1161,nan,05_resultados\revisao_operacional\campanha_v1\j00674.mat
j00674,1171,nan,05_resultados\revisao_operacional\campanha_v1\j00674.mat
j00674,1181,nan,05_resultados\revisao_operacional\campanha_v1\j00674.mat
j00674,1192,nan,05_resultados\revisao_operacional\campanha_v1\j00674.mat
j00675,0,0.0,05_resultados\revisao_operacional\campanha_v1\j00675.mat
j00675,5,0.0,05_resultados\revisao_operacional\campanha_v1\j00675.mat
j00675,15,0.0,05_resultados\revisao_operacional\campanha_v1\j00675.mat
j00675,26,0.0,05_resultados\revisao_operacional\campanha_v1\j00675.mat
j00675,36,0.0,05_resultados\revisao_operacional\campanha_v1\j00675.mat
j00675,47,0.0,05_resultados\revisao_operacional\campanha_v1\j00675.mat
j00675,57,0.0,05_resultados\revisao_operacional\campanha_v1\j00675.mat
j00675,68,0.0,05_resultados\revisao_operacional\campanha_v1\j00675.mat
j00675,78,0.0,05_resultados\revisao_operacional\campanha_v1\j00675.mat
j00675,89,0.0,05_resultados\revisao_operacional\campanha_v1\j00675.mat
j00675,99,0.0,05_resultados\revisao_operacional\campanha_v1\j00675.mat
j00675,110,0.0,05_resultados\revisao_operacional\campanha_v1\j00675.mat
j00675,120,0.0,05_resultados\revisao_operacional\campanha_v1\j00675.mat
j00675,131,0.0,05_resultados\revisao_operacional\campanha_v1\j00675.mat
j00675,141,0.0,05_resultados\revisao_operacional\campanha_v1\j00675.mat
j00675,152,0.0,05_resultados\revisao_operacional\campanha_v1\j00675.mat
j00675,162,0.0,05_resultados\revisao_operacional\campanha_v1\j00675.mat
j00675,173,0.0,05_resultados\revisao_operacional\campanha_v1\j00675.mat
j00675,183,0.0,05_resultados\revisao_operacional\campanha_v1\j00675.mat
j00675,194,0.0,05_resultados\revisao_operacional\campanha_v1\j00675.mat
j00675,204,0.0,05_resultados\revisao_operacional\campanha_v1\j00675.mat
j00675,215,0.0,05_resultados\revisao_operacional\campanha_v1\j00675.mat
j00675,225,0.0,05_resultados\revisao_operacional\campanha_v1\j00675.mat
j00675,236,0.0,05_resultados\revisao_operacional\campanha_v1\j00675.mat
j00675,246,0.0,05_resultados\revisao_operacional\campanha_v1\j00675.mat
j00675,257,0.0,05_resultados\revisao_operacional\campanha_v1\j00675.mat
j00675,267,0.0,05_resultados\revisao_operacional\campanha_v1\j00675.mat
j00675,278,0.0,05_resultados\revisao_operacional\campanha_v1\j00675.mat
j00675,288,0.0,05_resultados\revisao_operacional\campanha_v1\j00675.mat
j00675,299,0.0,05_resultados\revisao_operacional\campanha_v1\j00675.mat
j00675,309,0.0,05_resultados\revisao_operacional\campanha_v1\j00675.mat
j00675,320,0.0,05_resultados\revisao_operacional\campanha_v1\j00675.mat
j00675,330,0.0,05_resultados\revisao_operacional\campanha_v1\j00675.mat
j00675,341,0.0,05_resultados\revisao_operacional\campanha_v1\j00675.mat
j00675,351,0.0,05_resultados\revisao_operacional\campanha_v1\j00675.mat
j00675,362,0.0,05_resultados\revisao_operacional\campanha_v1\j00675.mat
j00675,372,0.0,05_resultados\revisao_operacional\campanha_v1\j00675.mat
j00675,383,0.0,05_resultados\revisao_operacional\campanha_v1\j00675.mat
j00675,393,0.0,05_resultados\revisao_operacional\campanha_v1\j00675.mat
j00675,404,0.0,05_resultados\revisao_operacional\campanha_v1\j00675.mat
j00675,414,0.0,05_resultados\revisao_operacional\campanha_v1\j00675.mat
j00675,425,0.0,05_resultados\revisao_operacional\campanha_v1\j00675.mat
j00675,435,0.0,05_resultados\revisao_operacional\campanha_v1\j00675.mat
j00675,446,0.0,05_resultados\revisao_operacional\campanha_v1\j00675.mat
j00675,470,0.0,05_resultados\revisao_operacional\campanha_v1\j00675.mat
j00675,481,0.0,05_resultados\revisao_operacional\campanha_v1\j00675.mat
j00675,491,0.0,05_resultados\revisao_operacional\campanha_v1\j00675.mat
j00675,502,0.0,05_resultados\revisao_operacional\campanha_v1\j00675.mat
j00675,512,0.0,05_resultados\revisao_operacional\campanha_v1\j00675.mat
j00675,523,0.0,05_resultados\revisao_operacional\campanha_v1\j00675.mat
j00675,533,0.0,05_resultados\revisao_operacional\campanha_v1\j00675.mat
j00675,544,0.0,05_resultados\revisao_operacional\campanha_v1\j00675.mat
j00675,554,0.0,05_resultados\revisao_operacional\campanha_v1\j00675.mat
j00675,565,0.0,05_resultados\revisao_operacional\campanha_v1\j00675.mat
j00675,575,0.0,05_resultados\revisao_operacional\campanha_v1\j00675.mat
j00675,585,0.0,05_resultados\revisao_operacional\campanha_v1\j00675.mat
j00675,596,0.0,05_resultados\revisao_operacional\campanha_v1\j00675.mat
j00675,607,0.0,05_resultados\revisao_operacional\campanha_v1\j00675.mat
j00675,617,0.0,05_resultados\revisao_operacional\campanha_v1\j00675.mat
j00675,628,0.0,05_resultados\revisao_operacional\campanha_v1\j00675.mat
j00675,638,0.0,05_resultados\revisao_operacional\campanha_v1\j00675.mat
j00675,649,0.0,05_resultados\revisao_operacional\campanha_v1\j00675.mat
j00675,659,0.0,05_resultados\revisao_operacional\campanha_v1\j00675.mat
j00675,669,0.0,05_resultados\revisao_operacional\campanha_v1\j00675.mat
j00675,693,0.0,05_resultados\revisao_operacional\campanha_v1\j00675.mat
j00675,704,0.0,05_resultados\revisao_operacional\campanha_v1\j00675.mat
j00675,714,0.0,05_resultados\revisao_operacional\campanha_v1\j00675.mat
j00675,725,0.0,05_resultados\revisao_operacional\campanha_v1\j00675.mat
j00675,735,0.0,05_resultados\revisao_operacional\campanha_v1\j00675.mat
j00675,746,0.0,05_resultados\revisao_operacional\campanha_v1\j00675.mat
j00675,756,0.0,05_resultados\revisao_operacional\campanha_v1\j00675.mat
j00675,767,0.0,05_resultados\revisao_operacional\campanha_v1\j00675.mat
j00675,777,0.0,05_resultados\revisao_operacional\campanha_v1\j00675.mat
j00675,788,0.0,05_resultados\revisao_operacional\campanha_v1\j00675.mat
j00675,798,0.0,05_resultados\revisao_operacional\campanha_v1\j00675.mat
j00675,809,0.0,05_resultados\revisao_operacional\campanha_v1\j00675.mat
j00675,819,0.0,05_resultados\revisao_operacional\campanha_v1\j00675.mat
j00675,830,0.0,05_resultados\revisao_operacional\campanha_v1\j00675.mat
j00675,840,0.0,05_resultados\revisao_operacional\campanha_v1\j00675.mat
j00675,851,0.0,05_resultados\revisao_operacional\campanha_v1\j00675.mat
j00675,861,0.0,05_resultados\revisao_operacional\campanha_v1\j00675.mat
j00675,872,0.0,05_resultados\revisao_operacional\campanha_v1\j00675.mat
j00675,882,0.0,05_resultados\revisao_operacional\campanha_v1\j00675.mat
j00675,893,0.0,05_resultados\revisao_operacional\campanha_v1\j00675.mat
j00675,916,0.0,05_resultados\revisao_operacional\campanha_v1\j00675.mat
j00675,927,0.0,05_resultados\revisao_operacional\campanha_v1\j00675.mat
j00675,937,0.0,05_resultados\revisao_operacional\campanha_v1\j00675.mat
j00675,948,0.0,05_resultados\revisao_operacional\campanha_v1\j00675.mat
j00675,958,0.0,05_resultados\revisao_operacional\campanha_v1\j00675.mat
j00675,969,0.0,05_resultados\revisao_operacional\campanha_v1\j00675.mat
j00675,979,0.0,05_resultados\revisao_operacional\campanha_v1\j00675.mat
j00675,990,0.0,05_resultados\revisao_operacional\campanha_v1\j00675.mat
j00675,1000,0.0,05_resultados\revisao_operacional\campanha_v1\j00675.mat
j00675,1011,0.0,05_resultados\revisao_operacional\campanha_v1\j00675.mat
j00675,1021,0.0,05_resultados\revisao_operacional\campanha_v1\j00675.mat
j00675,1032,0.0,05_resultados\revisao_operacional\campanha_v1\j00675.mat
j00675,1042,0.0,05_resultados\revisao_operacional\campanha_v1\j00675.mat
j00675,1053,0.0,05_resultados\revisao_operacional\campanha_v1\j00675.mat
j00675,1063,0.0,05_resultados\revisao_operacional\campanha_v1\j00675.mat
j00675,1074,0.0,05_resultados\revisao_operacional\campanha_v1\j00675.mat
j00675,1084,0.0,05_resultados\revisao_operacional\campanha_v1\j00675.mat
j00675,1095,0.0,05_resultados\revisao_operacional\campanha_v1\j00675.mat
j00675,1105,0.0,05_resultados\revisao_operacional\campanha_v1\j00675.mat
j00675,1116,0.0,05_resultados\revisao_operacional\campanha_v1\j00675.mat
j00675,1139,0.0,05_resultados\revisao_operacional\campanha_v1\j00675.mat
j00675,1150,0.0,05_resultados\revisao_operacional\campanha_v1\j00675.mat
j00675,1161,0.0,05_resultados\revisao_operacional\campanha_v1\j00675.mat
j00675,1171,0.0,05_resultados\revisao_operacional\campanha_v1\j00675.mat
j00675,1181,0.0,05_resultados\revisao_operacional\campanha_v1\j00675.mat
j00675,1192,nan,05_resultados\revisao_operacional\campanha_v1\j00675.mat
j00676,0,0.0,05_resultados\revisao_operacional\campanha_v1\j00676.mat
j00676,5,0.0,05_resultados\revisao_operacional\campanha_v1\j00676.mat
j00676,15,0.0,05_resultados\revisao_operacional\campanha_v1\j00676.mat
j00676,26,0.0,05_resultados\revisao_operacional\campanha_v1\j00676.mat
j00676,36,0.0,05_resultados\revisao_operacional\campanha_v1\j00676.mat
j00676,47,0.0,05_resultados\revisao_operacional\campanha_v1\j00676.mat
j00676,57,0.0,05_resultados\revisao_operacional\campanha_v1\j00676.mat
j00676,68,0.0,05_resultados\revisao_operacional\campanha_v1\j00676.mat
j00676,78,0.0,05_resultados\revisao_operacional\campanha_v1\j00676.mat
j00676,89,0.0,05_resultados\revisao_operacional\campanha_v1\j00676.mat
j00676,99,0.0,05_resultados\revisao_operacional\campanha_v1\j00676.mat
j00676,110,0.0,05_resultados\revisao_operacional\campanha_v1\j00676.mat
j00676,120,0.0,05_resultados\revisao_operacional\campanha_v1\j00676.mat
j00676,131,0.0,05_resultados\revisao_operacional\campanha_v1\j00676.mat
j00676,141,0.0,05_resultados\revisao_operacional\campanha_v1\j00676.mat
j00676,152,0.0,05_resultados\revisao_operacional\campanha_v1\j00676.mat
j00676,162,0.0,05_resultados\revisao_operacional\campanha_v1\j00676.mat
j00676,173,0.0,05_resultados\revisao_operacional\campanha_v1\j00676.mat
j00676,183,0.0,05_resultados\revisao_operacional\campanha_v1\j00676.mat
j00676,194,0.0,05_resultados\revisao_operacional\campanha_v1\j00676.mat
j00676,204,0.0,05_resultados\revisao_operacional\campanha_v1\j00676.mat
j00676,215,0.0,05_resultados\revisao_operacional\campanha_v1\j00676.mat
j00676,225,0.0,05_resultados\revisao_operacional\campanha_v1\j00676.mat
j00676,236,0.0,05_resultados\revisao_operacional\campanha_v1\j00676.mat
j00676,246,0.0,05_resultados\revisao_operacional\campanha_v1\j00676.mat
j00676,257,0.0,05_resultados\revisao_operacional\campanha_v1\j00676.mat
j00676,267,0.0,05_resultados\revisao_operacional\campanha_v1\j00676.mat
j00676,278,0.0,05_resultados\revisao_operacional\campanha_v1\j00676.mat
j00676,288,0.0,05_resultados\revisao_operacional\campanha_v1\j00676.mat
j00676,299,0.0,05_resultados\revisao_operacional\campanha_v1\j00676.mat
j00676,309,0.0,05_resultados\revisao_operacional\campanha_v1\j00676.mat
j00676,320,0.0,05_resultados\revisao_operacional\campanha_v1\j00676.mat
j00676,330,0.0,05_resultados\revisao_operacional\campanha_v1\j00676.mat
j00676,341,0.0,05_resultados\revisao_operacional\campanha_v1\j00676.mat
j00676,351,0.0,05_resultados\revisao_operacional\campanha_v1\j00676.mat
j00676,362,0.0,05_resultados\revisao_operacional\campanha_v1\j00676.mat
j00676,372,0.0,05_resultados\revisao_operacional\campanha_v1\j00676.mat
j00676,383,0.0,05_resultados\revisao_operacional\campanha_v1\j00676.mat
j00676,393,0.0,05_resultados\revisao_operacional\campanha_v1\j00676.mat
j00676,404,0.0,05_resultados\revisao_operacional\campanha_v1\j00676.mat
j00676,414,0.0,05_resultados\revisao_operacional\campanha_v1\j00676.mat
j00676,425,0.0,05_resultados\revisao_operacional\campanha_v1\j00676.mat
j00676,435,0.0,05_resultados\revisao_operacional\campanha_v1\j00676.mat
j00676,446,0.0,05_resultados\revisao_operacional\campanha_v1\j00676.mat
j00676,470,0.0,05_resultados\revisao_operacional\campanha_v1\j00676.mat
j00676,481,0.0,05_resultados\revisao_operacional\campanha_v1\j00676.mat
j00676,491,0.0,05_resultados\revisao_operacional\campanha_v1\j00676.mat
j00676,502,0.0,05_resultados\revisao_operacional\campanha_v1\j00676.mat
j00676,512,0.0,05_resultados\revisao_operacional\campanha_v1\j00676.mat
j00676,523,0.0,05_resultados\revisao_operacional\campanha_v1\j00676.mat
j00676,533,0.0,05_resultados\revisao_operacional\campanha_v1\j00676.mat
j00676,544,0.0,05_resultados\revisao_operacional\campanha_v1\j00676.mat
j00676,554,0.0,05_resultados\revisao_operacional\campanha_v1\j00676.mat
j00676,565,0.0,05_resultados\revisao_operacional\campanha_v1\j00676.mat
j00676,575,0.0,05_resultados\revisao_operacional\campanha_v1\j00676.mat
j00676,585,0.0,05_resultados\revisao_operacional\campanha_v1\j00676.mat
j00676,596,0.0,05_resultados\revisao_operacional\campanha_v1\j00676.mat
j00676,607,0.0,05_resultados\revisao_operacional\campanha_v1\j00676.mat
j00676,617,0.0,05_resultados\revisao_operacional\campanha_v1\j00676.mat
j00676,628,0.0,05_resultados\revisao_operacional\campanha_v1\j00676.mat
j00676,638,0.0,05_resultados\revisao_operacional\campanha_v1\j00676.mat
j00676,649,0.0,05_resultados\revisao_operacional\campanha_v1\j00676.mat
j00676,659,0.0,05_resultados\revisao_operacional\campanha_v1\j00676.mat
j00676,669,0.0,05_resultados\revisao_operacional\campanha_v1\j00676.mat
j00676,693,0.0,05_resultados\revisao_operacional\campanha_v1\j00676.mat
j00676,704,0.0,05_resultados\revisao_operacional\campanha_v1\j00676.mat
j00676,714,0.0,05_resultados\revisao_operacional\campanha_v1\j00676.mat
j00676,725,0.0,05_resultados\revisao_operacional\campanha_v1\j00676.mat
j00676,735,0.0,05_resultados\revisao_operacional\campanha_v1\j00676.mat
j00676,746,0.0,05_resultados\revisao_operacional\campanha_v1\j00676.mat
j00676,756,0.0,05_resultados\revisao_operacional\campanha_v1\j00676.mat
j00676,767,0.0,05_resultados\revisao_operacional\campanha_v1\j00676.mat
j00676,777,0.0,05_resultados\revisao_operacional\campanha_v1\j00676.mat
j00676,788,0.0,05_resultados\revisao_operacional\campanha_v1\j00676.mat
j00676,798,0.0,05_resultados\revisao_operacional\campanha_v1\j00676.mat
j00676,809,0.0,05_resultados\revisao_operacional\campanha_v1\j00676.mat
j00676,819,0.0,05_resultados\revisao_operacional\campanha_v1\j00676.mat
j00676,830,0.0,05_resultados\revisao_operacional\campanha_v1\j00676.mat
j00676,840,0.0,05_resultados\revisao_operacional\campanha_v1\j00676.mat
j00676,851,0.0,05_resultados\revisao_operacional\campanha_v1\j00676.mat
j00676,861,0.0,05_resultados\revisao_operacional\campanha_v1\j00676.mat
j00676,872,0.0,05_resultados\revisao_operacional\campanha_v1\j00676.mat
j00676,882,0.0,05_resultados\revisao_operacional\campanha_v1\j00676.mat
j00676,893,0.0,05_resultados\revisao_operacional\campanha_v1\j00676.mat
j00676,916,0.0,05_resultados\revisao_operacional\campanha_v1\j00676.mat
j00676,927,0.0,05_resultados\revisao_operacional\campanha_v1\j00676.mat
j00676,937,0.0,05_resultados\revisao_operacional\campanha_v1\j00676.mat
j00676,948,0.0,05_resultados\revisao_operacional\campanha_v1\j00676.mat
j00676,958,0.0,05_resultados\revisao_operacional\campanha_v1\j00676.mat
j00676,969,0.0,05_resultados\revisao_operacional\campanha_v1\j00676.mat
j00676,979,0.0,05_resultados\revisao_operacional\campanha_v1\j00676.mat
j00676,990,0.0,05_resultados\revisao_operacional\campanha_v1\j00676.mat
j00676,1000,0.0,05_resultados\revisao_operacional\campanha_v1\j00676.mat
j00676,1011,0.0,05_resultados\revisao_operacional\campanha_v1\j00676.mat
j00676,1021,0.0,05_resultados\revisao_operacional\campanha_v1\j00676.mat
j00676,1032,0.0,05_resultados\revisao_operacional\campanha_v1\j00676.mat
j00676,1042,0.0,05_resultados\revisao_operacional\campanha_v1\j00676.mat
j00676,1053,0.0,05_resultados\revisao_operacional\campanha_v1\j00676.mat
j00676,1063,0.0,05_resultados\revisao_operacional\campanha_v1\j00676.mat
j00676,1074,0.0,05_resultados\revisao_operacional\campanha_v1\j00676.mat
j00676,1084,0.0,05_resultados\revisao_operacional\campanha_v1\j00676.mat
j00676,1095,0.0,05_resultados\revisao_operacional\campanha_v1\j00676.mat
j00676,1105,0.0,05_resultados\revisao_operacional\campanha_v1\j00676.mat
j00676,1116,0.0,05_resultados\revisao_operacional\campanha_v1\j00676.mat
j00676,1139,0.0,05_resultados\revisao_operacional\campanha_v1\j00676.mat
j00676,1150,0.0,05_resultados\revisao_operacional\campanha_v1\j00676.mat
j00676,1161,0.0,05_resultados\revisao_operacional\campanha_v1\j00676.mat
j00676,1171,0.0,05_resultados\revisao_operacional\campanha_v1\j00676.mat
j00676,1181,0.0,05_resultados\revisao_operacional\campanha_v1\j00676.mat
j00676,1192,nan,05_resultados\revisao_operacional\campanha_v1\j00676.mat
j00677,0,984.0,05_resultados\revisao_operacional\campanha_v1\j00677.mat
j00677,9,975.0,05_resultados\revisao_operacional\campanha_v1\j00677.mat
j00677,19,965.0,05_resultados\revisao_operacional\campanha_v1\j00677.mat
j00677,30,954.0,05_resultados\revisao_operacional\campanha_v1\j00677.mat
j00677,40,944.0,05_resultados\revisao_operacional\campanha_v1\j00677.mat
j00677,51,933.0,05_resultados\revisao_operacional\campanha_v1\j00677.mat
j00677,62,922.0,05_resultados\revisao_operacional\campanha_v1\j00677.mat
j00677,72,912.0,05_resultados\revisao_operacional\campanha_v1\j00677.mat
j00677,83,901.0,05_resultados\revisao_operacional\campanha_v1\j00677.mat
j00677,93,891.0,05_resultados\revisao_operacional\campanha_v1\j00677.mat
j00677,104,880.0,05_resultados\revisao_operacional\campanha_v1\j00677.mat
j00677,114,870.0,05_resultados\revisao_operacional\campanha_v1\j00677.mat
j00677,124,860.0,05_resultados\revisao_operacional\campanha_v1\j00677.mat
j00677,135,849.0,05_resultados\revisao_operacional\campanha_v1\j00677.mat
j00677,145,839.0,05_resultados\revisao_operacional\campanha_v1\j00677.mat
j00677,156,828.0,05_resultados\revisao_operacional\campanha_v1\j00677.mat
j00677,167,817.0,05_resultados\revisao_operacional\campanha_v1\j00677.mat
j00677,177,807.0,05_resultados\revisao_operacional\campanha_v1\j00677.mat
j00677,188,796.0,05_resultados\revisao_operacional\campanha_v1\j00677.mat
j00677,198,786.0,05_resultados\revisao_operacional\campanha_v1\j00677.mat
j00677,209,775.0,05_resultados\revisao_operacional\campanha_v1\j00677.mat
j00677,219,765.0,05_resultados\revisao_operacional\campanha_v1\j00677.mat
j00677,230,754.0,05_resultados\revisao_operacional\campanha_v1\j00677.mat
j00677,240,744.0,05_resultados\revisao_operacional\campanha_v1\j00677.mat
j00677,251,733.0,05_resultados\revisao_operacional\campanha_v1\j00677.mat
j00677,261,723.0,05_resultados\revisao_operacional\campanha_v1\j00677.mat
j00677,272,712.0,05_resultados\revisao_operacional\campanha_v1\j00677.mat
j00677,282,702.0,05_resultados\revisao_operacional\campanha_v1\j00677.mat
j00677,293,691.0,05_resultados\revisao_operacional\campanha_v1\j00677.mat
j00677,303,681.0,05_resultados\revisao_operacional\campanha_v1\j00677.mat
j00677,314,670.0,05_resultados\revisao_operacional\campanha_v1\j00677.mat
j00677,324,660.0,05_resultados\revisao_operacional\campanha_v1\j00677.mat
j00677,335,649.0,05_resultados\revisao_operacional\campanha_v1\j00677.mat
j00677,345,639.0,05_resultados\revisao_operacional\campanha_v1\j00677.mat
j00677,356,628.0,05_resultados\revisao_operacional\campanha_v1\j00677.mat
j00677,366,618.0,05_resultados\revisao_operacional\campanha_v1\j00677.mat
j00677,377,607.0,05_resultados\revisao_operacional\campanha_v1\j00677.mat
j00677,387,597.0,05_resultados\revisao_operacional\campanha_v1\j00677.mat
j00677,398,586.0,05_resultados\revisao_operacional\campanha_v1\j00677.mat
j00677,408,576.0,05_resultados\revisao_operacional\campanha_v1\j00677.mat
j00677,419,565.0,05_resultados\revisao_operacional\campanha_v1\j00677.mat
j00677,429,555.0,05_resultados\revisao_operacional\campanha_v1\j00677.mat
j00677,440,544.0,05_resultados\revisao_operacional\campanha_v1\j00677.mat
j00677,450,534.0,05_resultados\revisao_operacional\campanha_v1\j00677.mat
j00677,461,523.0,05_resultados\revisao_operacional\campanha_v1\j00677.mat
j00677,471,513.0,05_resultados\revisao_operacional\campanha_v1\j00677.mat
j00677,482,502.0,05_resultados\revisao_operacional\campanha_v1\j00677.mat
j00677,492,492.0,05_resultados\revisao_operacional\campanha_v1\j00677.mat
j00677,503,481.0,05_resultados\revisao_operacional\campanha_v1\j00677.mat
j00677,513,471.0,05_resultados\revisao_operacional\campanha_v1\j00677.mat
j00677,524,460.0,05_resultados\revisao_operacional\campanha_v1\j00677.mat
j00677,534,450.0,05_resultados\revisao_operacional\campanha_v1\j00677.mat
j00677,545,439.0,05_resultados\revisao_operacional\campanha_v1\j00677.mat
j00677,555,429.0,05_resultados\revisao_operacional\campanha_v1\j00677.mat
j00677,566,418.0,05_resultados\revisao_operacional\campanha_v1\j00677.mat
j00677,576,408.0,05_resultados\revisao_operacional\campanha_v1\j00677.mat
j00677,587,397.0,05_resultados\revisao_operacional\campanha_v1\j00677.mat
j00677,597,387.0,05_resultados\revisao_operacional\campanha_v1\j00677.mat
j00677,608,376.0,05_resultados\revisao_operacional\campanha_v1\j00677.mat
j00677,618,366.0,05_resultados\revisao_operacional\campanha_v1\j00677.mat
j00677,629,355.0,05_resultados\revisao_operacional\campanha_v1\j00677.mat
j00677,639,345.0,05_resultados\revisao_operacional\campanha_v1\j00677.mat
j00677,650,334.0,05_resultados\revisao_operacional\campanha_v1\j00677.mat
j00677,660,324.0,05_resultados\revisao_operacional\campanha_v1\j00677.mat
j00677,671,313.0,05_resultados\revisao_operacional\campanha_v1\j00677.mat
j00677,681,303.0,05_resultados\revisao_operacional\campanha_v1\j00677.mat
j00677,692,292.0,05_resultados\revisao_operacional\campanha_v1\j00677.mat
j00677,702,282.0,05_resultados\revisao_operacional\campanha_v1\j00677.mat
j00677,713,271.0,05_resultados\revisao_operacional\campanha_v1\j00677.mat
j00677,723,261.0,05_resultados\revisao_operacional\campanha_v1\j00677.mat
j00677,734,250.0,05_resultados\revisao_operacional\campanha_v1\j00677.mat
j00677,744,240.0,05_resultados\revisao_operacional\campanha_v1\j00677.mat
j00677,755,229.0,05_resultados\revisao_operacional\campanha_v1\j00677.mat
j00677,779,205.0,05_resultados\revisao_operacional\campanha_v1\j00677.mat
j00677,790,194.0,05_resultados\revisao_operacional\campanha_v1\j00677.mat
j00677,800,184.0,05_resultados\revisao_operacional\campanha_v1\j00677.mat
j00677,811,173.0,05_resultados\revisao_operacional\campanha_v1\j00677.mat
j00677,821,163.0,05_resultados\revisao_operacional\campanha_v1\j00677.mat
j00677,832,152.0,05_resultados\revisao_operacional\campanha_v1\j00677.mat
j00677,842,142.0,05_resultados\revisao_operacional\campanha_v1\j00677.mat
j00677,853,131.0,05_resultados\revisao_operacional\campanha_v1\j00677.mat
j00677,863,121.0,05_resultados\revisao_operacional\campanha_v1\j00677.mat
j00677,873,111.0,05_resultados\revisao_operacional\campanha_v1\j00677.mat
j00677,884,100.0,05_resultados\revisao_operacional\campanha_v1\j00677.mat
j00677,894,90.0,05_resultados\revisao_operacional\campanha_v1\j00677.mat
j00677,905,79.0,05_resultados\revisao_operacional\campanha_v1\j00677.mat
j00677,915,69.0,05_resultados\revisao_operacional\campanha_v1\j00677.mat
j00677,926,58.0,05_resultados\revisao_operacional\campanha_v1\j00677.mat
j00677,936,48.0,05_resultados\revisao_operacional\campanha_v1\j00677.mat
j00677,947,37.0,05_resultados\revisao_operacional\campanha_v1\j00677.mat
j00677,957,27.0,05_resultados\revisao_operacional\campanha_v1\j00677.mat
j00677,968,16.0,05_resultados\revisao_operacional\campanha_v1\j00677.mat
j00677,978,6.0,05_resultados\revisao_operacional\campanha_v1\j00677.mat
j00677,1002,nan,05_resultados\revisao_operacional\campanha_v1\j00677.mat
j00677,1013,nan,05_resultados\revisao_operacional\campanha_v1\j00677.mat
j00677,1023,nan,05_resultados\revisao_operacional\campanha_v1\j00677.mat
j00677,1034,nan,05_resultados\revisao_operacional\campanha_v1\j00677.mat
j00677,1044,nan,05_resultados\revisao_operacional\campanha_v1\j00677.mat
j00677,1055,nan,05_resultados\revisao_operacional\campanha_v1\j00677.mat
j00677,1065,nan,05_resultados\revisao_operacional\campanha_v1\j00677.mat
j00677,1076,nan,05_resultados\revisao_operacional\campanha_v1\j00677.mat
j00677,1086,nan,05_resultados\revisao_operacional\campanha_v1\j00677.mat
j00677,1097,nan,05_resultados\revisao_operacional\campanha_v1\j00677.mat
j00677,1107,nan,05_resultados\revisao_operacional\campanha_v1\j00677.mat
j00677,1118,nan,05_resultados\revisao_operacional\campanha_v1\j00677.mat
j00677,1128,nan,05_resultados\revisao_operacional\campanha_v1\j00677.mat
j00677,1139,nan,05_resultados\revisao_operacional\campanha_v1\j00677.mat
j00677,1149,nan,05_resultados\revisao_operacional\campanha_v1\j00677.mat
j00677,1160,nan,05_resultados\revisao_operacional\campanha_v1\j00677.mat
j00677,1170,nan,05_resultados\revisao_operacional\campanha_v1\j00677.mat
j00677,1181,nan,05_resultados\revisao_operacional\campanha_v1\j00677.mat
j00677,1191,nan,05_resultados\revisao_operacional\campanha_v1\j00677.mat
j00678,0,273.0,05_resultados\revisao_operacional\campanha_v1\j00678.mat
j00678,9,264.0,05_resultados\revisao_operacional\campanha_v1\j00678.mat
j00678,19,254.0,05_resultados\revisao_operacional\campanha_v1\j00678.mat
j00678,30,243.0,05_resultados\revisao_operacional\campanha_v1\j00678.mat
j00678,40,233.0,05_resultados\revisao_operacional\campanha_v1\j00678.mat
j00678,51,222.0,05_resultados\revisao_operacional\campanha_v1\j00678.mat
j00678,62,211.0,05_resultados\revisao_operacional\campanha_v1\j00678.mat
j00678,72,201.0,05_resultados\revisao_operacional\campanha_v1\j00678.mat
j00678,83,190.0,05_resultados\revisao_operacional\campanha_v1\j00678.mat
j00678,93,180.0,05_resultados\revisao_operacional\campanha_v1\j00678.mat
j00678,104,169.0,05_resultados\revisao_operacional\campanha_v1\j00678.mat
j00678,114,159.0,05_resultados\revisao_operacional\campanha_v1\j00678.mat
j00678,124,149.0,05_resultados\revisao_operacional\campanha_v1\j00678.mat
j00678,135,138.0,05_resultados\revisao_operacional\campanha_v1\j00678.mat
j00678,145,128.0,05_resultados\revisao_operacional\campanha_v1\j00678.mat
j00678,156,117.0,05_resultados\revisao_operacional\campanha_v1\j00678.mat
j00678,167,106.0,05_resultados\revisao_operacional\campanha_v1\j00678.mat
j00678,177,96.0,05_resultados\revisao_operacional\campanha_v1\j00678.mat
j00678,188,85.0,05_resultados\revisao_operacional\campanha_v1\j00678.mat
j00678,198,75.0,05_resultados\revisao_operacional\campanha_v1\j00678.mat
j00678,209,64.0,05_resultados\revisao_operacional\campanha_v1\j00678.mat
j00678,219,54.0,05_resultados\revisao_operacional\campanha_v1\j00678.mat
j00678,230,43.0,05_resultados\revisao_operacional\campanha_v1\j00678.mat
j00678,240,33.0,05_resultados\revisao_operacional\campanha_v1\j00678.mat
j00678,251,22.0,05_resultados\revisao_operacional\campanha_v1\j00678.mat
j00678,261,12.0,05_resultados\revisao_operacional\campanha_v1\j00678.mat
j00678,272,1.0,05_resultados\revisao_operacional\campanha_v1\j00678.mat
j00678,282,477.0,05_resultados\revisao_operacional\campanha_v1\j00678.mat
j00678,293,466.0,05_resultados\revisao_operacional\campanha_v1\j00678.mat
j00678,303,456.0,05_resultados\revisao_operacional\campanha_v1\j00678.mat
j00678,314,445.0,05_resultados\revisao_operacional\campanha_v1\j00678.mat
j00678,324,435.0,05_resultados\revisao_operacional\campanha_v1\j00678.mat
j00678,335,424.0,05_resultados\revisao_operacional\campanha_v1\j00678.mat
j00678,345,414.0,05_resultados\revisao_operacional\campanha_v1\j00678.mat
j00678,356,403.0,05_resultados\revisao_operacional\campanha_v1\j00678.mat
j00678,366,393.0,05_resultados\revisao_operacional\campanha_v1\j00678.mat
j00678,377,382.0,05_resultados\revisao_operacional\campanha_v1\j00678.mat
j00678,387,372.0,05_resultados\revisao_operacional\campanha_v1\j00678.mat
j00678,398,361.0,05_resultados\revisao_operacional\campanha_v1\j00678.mat
j00678,408,351.0,05_resultados\revisao_operacional\campanha_v1\j00678.mat
j00678,419,340.0,05_resultados\revisao_operacional\campanha_v1\j00678.mat
j00678,429,330.0,05_resultados\revisao_operacional\campanha_v1\j00678.mat
j00678,440,319.0,05_resultados\revisao_operacional\campanha_v1\j00678.mat
j00678,450,309.0,05_resultados\revisao_operacional\campanha_v1\j00678.mat
j00678,461,298.0,05_resultados\revisao_operacional\campanha_v1\j00678.mat
j00678,471,288.0,05_resultados\revisao_operacional\campanha_v1\j00678.mat
j00678,482,277.0,05_resultados\revisao_operacional\campanha_v1\j00678.mat
j00678,492,267.0,05_resultados\revisao_operacional\campanha_v1\j00678.mat
j00678,503,256.0,05_resultados\revisao_operacional\campanha_v1\j00678.mat
j00678,513,246.0,05_resultados\revisao_operacional\campanha_v1\j00678.mat
j00678,524,235.0,05_resultados\revisao_operacional\campanha_v1\j00678.mat
j00678,534,225.0,05_resultados\revisao_operacional\campanha_v1\j00678.mat
j00678,545,214.0,05_resultados\revisao_operacional\campanha_v1\j00678.mat
j00678,555,204.0,05_resultados\revisao_operacional\campanha_v1\j00678.mat
j00678,566,193.0,05_resultados\revisao_operacional\campanha_v1\j00678.mat
j00678,576,183.0,05_resultados\revisao_operacional\campanha_v1\j00678.mat
j00678,587,172.0,05_resultados\revisao_operacional\campanha_v1\j00678.mat
j00678,597,162.0,05_resultados\revisao_operacional\campanha_v1\j00678.mat
j00678,608,151.0,05_resultados\revisao_operacional\campanha_v1\j00678.mat
j00678,618,141.0,05_resultados\revisao_operacional\campanha_v1\j00678.mat
j00678,629,130.0,05_resultados\revisao_operacional\campanha_v1\j00678.mat
j00678,639,120.0,05_resultados\revisao_operacional\campanha_v1\j00678.mat
j00678,650,109.0,05_resultados\revisao_operacional\campanha_v1\j00678.mat
j00678,660,99.0,05_resultados\revisao_operacional\campanha_v1\j00678.mat
j00678,671,88.0,05_resultados\revisao_operacional\campanha_v1\j00678.mat
j00678,681,78.0,05_resultados\revisao_operacional\campanha_v1\j00678.mat
j00678,692,67.0,05_resultados\revisao_operacional\campanha_v1\j00678.mat
j00678,702,57.0,05_resultados\revisao_operacional\campanha_v1\j00678.mat
j00678,713,46.0,05_resultados\revisao_operacional\campanha_v1\j00678.mat
j00678,723,36.0,05_resultados\revisao_operacional\campanha_v1\j00678.mat
j00678,734,25.0,05_resultados\revisao_operacional\campanha_v1\j00678.mat
j00678,744,15.0,05_resultados\revisao_operacional\campanha_v1\j00678.mat
j00678,755,4.0,05_resultados\revisao_operacional\campanha_v1\j00678.mat
j00678,779,205.0,05_resultados\revisao_operacional\campanha_v1\j00678.mat
j00678,790,194.0,05_resultados\revisao_operacional\campanha_v1\j00678.mat
j00678,800,184.0,05_resultados\revisao_operacional\campanha_v1\j00678.mat
j00678,811,173.0,05_resultados\revisao_operacional\campanha_v1\j00678.mat
j00678,821,163.0,05_resultados\revisao_operacional\campanha_v1\j00678.mat
j00678,832,152.0,05_resultados\revisao_operacional\campanha_v1\j00678.mat
j00678,842,142.0,05_resultados\revisao_operacional\campanha_v1\j00678.mat
j00678,853,131.0,05_resultados\revisao_operacional\campanha_v1\j00678.mat
j00678,863,121.0,05_resultados\revisao_operacional\campanha_v1\j00678.mat
j00678,873,111.0,05_resultados\revisao_operacional\campanha_v1\j00678.mat
j00678,884,100.0,05_resultados\revisao_operacional\campanha_v1\j00678.mat
j00678,894,90.0,05_resultados\revisao_operacional\campanha_v1\j00678.mat
j00678,905,79.0,05_resultados\revisao_operacional\campanha_v1\j00678.mat
j00678,915,69.0,05_resultados\revisao_operacional\campanha_v1\j00678.mat
j00678,926,58.0,05_resultados\revisao_operacional\campanha_v1\j00678.mat
j00678,936,48.0,05_resultados\revisao_operacional\campanha_v1\j00678.mat
j00678,947,37.0,05_resultados\revisao_operacional\campanha_v1\j00678.mat
j00678,957,27.0,05_resultados\revisao_operacional\campanha_v1\j00678.mat
j00678,968,16.0,05_resultados\revisao_operacional\campanha_v1\j00678.mat
j00678,978,6.0,05_resultados\revisao_operacional\campanha_v1\j00678.mat
j00678,1002,nan,05_resultados\revisao_operacional\campanha_v1\j00678.mat
j00678,1013,nan,05_resultados\revisao_operacional\campanha_v1\j00678.mat
j00678,1023,nan,05_resultados\revisao_operacional\campanha_v1\j00678.mat
j00678,1034,nan,05_resultados\revisao_operacional\campanha_v1\j00678.mat
j00678,1044,nan,05_resultados\revisao_operacional\campanha_v1\j00678.mat
j00678,1055,nan,05_resultados\revisao_operacional\campanha_v1\j00678.mat
j00678,1065,nan,05_resultados\revisao_operacional\campanha_v1\j00678.mat
j00678,1076,nan,05_resultados\revisao_operacional\campanha_v1\j00678.mat
j00678,1086,nan,05_resultados\revisao_operacional\campanha_v1\j00678.mat
j00678,1097,nan,05_resultados\revisao_operacional\campanha_v1\j00678.mat
j00678,1107,nan,05_resultados\revisao_operacional\campanha_v1\j00678.mat
j00678,1118,nan,05_resultados\revisao_operacional\campanha_v1\j00678.mat
j00678,1128,nan,05_resultados\revisao_operacional\campanha_v1\j00678.mat
j00678,1139,nan,05_resultados\revisao_operacional\campanha_v1\j00678.mat
j00678,1149,nan,05_resultados\revisao_operacional\campanha_v1\j00678.mat
j00678,1160,nan,05_resultados\revisao_operacional\campanha_v1\j00678.mat
j00678,1170,nan,05_resultados\revisao_operacional\campanha_v1\j00678.mat
j00678,1181,nan,05_resultados\revisao_operacional\campanha_v1\j00678.mat
j00678,1191,nan,05_resultados\revisao_operacional\campanha_v1\j00678.mat
j00679,0,11.0,05_resultados\revisao_operacional\campanha_v1\j00679.mat
j00679,9,2.0,05_resultados\revisao_operacional\campanha_v1\j00679.mat
j00679,19,0.0,05_resultados\revisao_operacional\campanha_v1\j00679.mat
j00679,30,1.0,05_resultados\revisao_operacional\campanha_v1\j00679.mat
j00679,40,0.0,05_resultados\revisao_operacional\campanha_v1\j00679.mat
j00679,51,929.0,05_resultados\revisao_operacional\campanha_v1\j00679.mat
j00679,62,918.0,05_resultados\revisao_operacional\campanha_v1\j00679.mat
j00679,72,908.0,05_resultados\revisao_operacional\campanha_v1\j00679.mat
j00679,83,897.0,05_resultados\revisao_operacional\campanha_v1\j00679.mat
j00679,93,887.0,05_resultados\revisao_operacional\campanha_v1\j00679.mat
j00679,104,876.0,05_resultados\revisao_operacional\campanha_v1\j00679.mat
j00679,114,866.0,05_resultados\revisao_operacional\campanha_v1\j00679.mat
j00679,124,856.0,05_resultados\revisao_operacional\campanha_v1\j00679.mat
j00679,135,845.0,05_resultados\revisao_operacional\campanha_v1\j00679.mat
j00679,145,835.0,05_resultados\revisao_operacional\campanha_v1\j00679.mat
j00679,156,824.0,05_resultados\revisao_operacional\campanha_v1\j00679.mat
j00679,167,813.0,05_resultados\revisao_operacional\campanha_v1\j00679.mat
j00679,177,803.0,05_resultados\revisao_operacional\campanha_v1\j00679.mat
j00679,188,792.0,05_resultados\revisao_operacional\campanha_v1\j00679.mat
j00679,198,782.0,05_resultados\revisao_operacional\campanha_v1\j00679.mat
j00679,209,771.0,05_resultados\revisao_operacional\campanha_v1\j00679.mat
j00679,219,761.0,05_resultados\revisao_operacional\campanha_v1\j00679.mat
j00679,230,750.0,05_resultados\revisao_operacional\campanha_v1\j00679.mat
j00679,240,740.0,05_resultados\revisao_operacional\campanha_v1\j00679.mat
j00679,251,729.0,05_resultados\revisao_operacional\campanha_v1\j00679.mat
j00679,261,719.0,05_resultados\revisao_operacional\campanha_v1\j00679.mat
j00679,272,708.0,05_resultados\revisao_operacional\campanha_v1\j00679.mat
j00679,282,698.0,05_resultados\revisao_operacional\campanha_v1\j00679.mat
j00679,293,687.0,05_resultados\revisao_operacional\campanha_v1\j00679.mat
j00679,303,677.0,05_resultados\revisao_operacional\campanha_v1\j00679.mat
j00679,314,666.0,05_resultados\revisao_operacional\campanha_v1\j00679.mat
j00679,324,656.0,05_resultados\revisao_operacional\campanha_v1\j00679.mat
j00679,335,645.0,05_resultados\revisao_operacional\campanha_v1\j00679.mat
j00679,345,635.0,05_resultados\revisao_operacional\campanha_v1\j00679.mat
j00679,356,624.0,05_resultados\revisao_operacional\campanha_v1\j00679.mat
j00679,366,614.0,05_resultados\revisao_operacional\campanha_v1\j00679.mat
j00679,377,603.0,05_resultados\revisao_operacional\campanha_v1\j00679.mat
j00679,387,593.0,05_resultados\revisao_operacional\campanha_v1\j00679.mat
j00679,398,582.0,05_resultados\revisao_operacional\campanha_v1\j00679.mat
j00679,408,572.0,05_resultados\revisao_operacional\campanha_v1\j00679.mat
j00679,419,561.0,05_resultados\revisao_operacional\campanha_v1\j00679.mat
j00679,429,551.0,05_resultados\revisao_operacional\campanha_v1\j00679.mat
j00679,440,540.0,05_resultados\revisao_operacional\campanha_v1\j00679.mat
j00679,450,530.0,05_resultados\revisao_operacional\campanha_v1\j00679.mat
j00679,461,519.0,05_resultados\revisao_operacional\campanha_v1\j00679.mat
j00679,471,509.0,05_resultados\revisao_operacional\campanha_v1\j00679.mat
j00679,482,498.0,05_resultados\revisao_operacional\campanha_v1\j00679.mat
j00679,492,488.0,05_resultados\revisao_operacional\campanha_v1\j00679.mat
j00679,503,477.0,05_resultados\revisao_operacional\campanha_v1\j00679.mat
j00679,513,467.0,05_resultados\revisao_operacional\campanha_v1\j00679.mat
j00679,524,456.0,05_resultados\revisao_operacional\campanha_v1\j00679.mat
j00679,534,446.0,05_resultados\revisao_operacional\campanha_v1\j00679.mat
j00679,545,435.0,05_resultados\revisao_operacional\campanha_v1\j00679.mat
j00679,555,425.0,05_resultados\revisao_operacional\campanha_v1\j00679.mat
j00679,566,414.0,05_resultados\revisao_operacional\campanha_v1\j00679.mat
j00679,576,404.0,05_resultados\revisao_operacional\campanha_v1\j00679.mat
j00679,587,393.0,05_resultados\revisao_operacional\campanha_v1\j00679.mat
j00679,597,383.0,05_resultados\revisao_operacional\campanha_v1\j00679.mat
j00679,608,372.0,05_resultados\revisao_operacional\campanha_v1\j00679.mat
j00679,618,362.0,05_resultados\revisao_operacional\campanha_v1\j00679.mat
j00679,629,351.0,05_resultados\revisao_operacional\campanha_v1\j00679.mat
j00679,639,341.0,05_resultados\revisao_operacional\campanha_v1\j00679.mat
j00679,650,330.0,05_resultados\revisao_operacional\campanha_v1\j00679.mat
j00679,660,320.0,05_resultados\revisao_operacional\campanha_v1\j00679.mat
j00679,671,309.0,05_resultados\revisao_operacional\campanha_v1\j00679.mat
j00679,681,299.0,05_resultados\revisao_operacional\campanha_v1\j00679.mat
j00679,692,288.0,05_resultados\revisao_operacional\campanha_v1\j00679.mat
j00679,702,278.0,05_resultados\revisao_operacional\campanha_v1\j00679.mat
j00679,713,267.0,05_resultados\revisao_operacional\campanha_v1\j00679.mat
j00679,723,257.0,05_resultados\revisao_operacional\campanha_v1\j00679.mat
j00679,734,246.0,05_resultados\revisao_operacional\campanha_v1\j00679.mat
j00679,744,236.0,05_resultados\revisao_operacional\campanha_v1\j00679.mat
j00679,755,225.0,05_resultados\revisao_operacional\campanha_v1\j00679.mat
j00679,779,201.0,05_resultados\revisao_operacional\campanha_v1\j00679.mat
j00679,790,190.0,05_resultados\revisao_operacional\campanha_v1\j00679.mat
j00679,800,180.0,05_resultados\revisao_operacional\campanha_v1\j00679.mat
j00679,811,169.0,05_resultados\revisao_operacional\campanha_v1\j00679.mat
j00679,821,159.0,05_resultados\revisao_operacional\campanha_v1\j00679.mat
j00679,832,148.0,05_resultados\revisao_operacional\campanha_v1\j00679.mat
j00679,842,138.0,05_resultados\revisao_operacional\campanha_v1\j00679.mat
j00679,853,127.0,05_resultados\revisao_operacional\campanha_v1\j00679.mat
j00679,863,117.0,05_resultados\revisao_operacional\campanha_v1\j00679.mat
j00679,873,107.0,05_resultados\revisao_operacional\campanha_v1\j00679.mat
j00679,884,96.0,05_resultados\revisao_operacional\campanha_v1\j00679.mat
j00679,894,86.0,05_resultados\revisao_operacional\campanha_v1\j00679.mat
j00679,905,75.0,05_resultados\revisao_operacional\campanha_v1\j00679.mat
j00679,915,65.0,05_resultados\revisao_operacional\campanha_v1\j00679.mat
j00679,926,54.0,05_resultados\revisao_operacional\campanha_v1\j00679.mat
j00679,936,44.0,05_resultados\revisao_operacional\campanha_v1\j00679.mat
j00679,947,33.0,05_resultados\revisao_operacional\campanha_v1\j00679.mat
j00679,957,23.0,05_resultados\revisao_operacional\campanha_v1\j00679.mat
j00679,968,12.0,05_resultados\revisao_operacional\campanha_v1\j00679.mat
j00679,978,2.0,05_resultados\revisao_operacional\campanha_v1\j00679.mat
j00679,1002,nan,05_resultados\revisao_operacional\campanha_v1\j00679.mat
j00679,1013,nan,05_resultados\revisao_operacional\campanha_v1\j00679.mat
j00679,1023,nan,05_resultados\revisao_operacional\campanha_v1\j00679.mat
j00679,1034,nan,05_resultados\revisao_operacional\campanha_v1\j00679.mat
j00679,1044,nan,05_resultados\revisao_operacional\campanha_v1\j00679.mat
j00679,1055,nan,05_resultados\revisao_operacional\campanha_v1\j00679.mat
j00679,1065,nan,05_resultados\revisao_operacional\campanha_v1\j00679.mat
j00679,1076,nan,05_resultados\revisao_operacional\campanha_v1\j00679.mat
j00679,1086,nan,05_resultados\revisao_operacional\campanha_v1\j00679.mat
j00679,1097,nan,05_resultados\revisao_operacional\campanha_v1\j00679.mat
j00679,1107,nan,05_resultados\revisao_operacional\campanha_v1\j00679.mat
j00679,1118,nan,05_resultados\revisao_operacional\campanha_v1\j00679.mat
j00679,1128,nan,05_resultados\revisao_operacional\campanha_v1\j00679.mat
j00679,1139,nan,05_resultados\revisao_operacional\campanha_v1\j00679.mat
j00679,1149,nan,05_resultados\revisao_operacional\campanha_v1\j00679.mat
j00679,1160,nan,05_resultados\revisao_operacional\campanha_v1\j00679.mat
j00679,1170,nan,05_resultados\revisao_operacional\campanha_v1\j00679.mat
j00679,1181,nan,05_resultados\revisao_operacional\campanha_v1\j00679.mat
j00679,1191,nan,05_resultados\revisao_operacional\campanha_v1\j00679.mat
j00680,0,1.0,05_resultados\revisao_operacional\campanha_v1\j00680.mat
j00680,9,0.0,05_resultados\revisao_operacional\campanha_v1\j00680.mat
j00680,19,0.0,05_resultados\revisao_operacional\campanha_v1\j00680.mat
j00680,30,0.0,05_resultados\revisao_operacional\campanha_v1\j00680.mat
j00680,40,0.0,05_resultados\revisao_operacional\campanha_v1\j00680.mat
j00680,51,0.0,05_resultados\revisao_operacional\campanha_v1\j00680.mat
j00680,62,0.0,05_resultados\revisao_operacional\campanha_v1\j00680.mat
j00680,72,0.0,05_resultados\revisao_operacional\campanha_v1\j00680.mat
j00680,83,0.0,05_resultados\revisao_operacional\campanha_v1\j00680.mat
j00680,93,0.0,05_resultados\revisao_operacional\campanha_v1\j00680.mat
j00680,104,0.0,05_resultados\revisao_operacional\campanha_v1\j00680.mat
j00680,114,0.0,05_resultados\revisao_operacional\campanha_v1\j00680.mat
j00680,124,0.0,05_resultados\revisao_operacional\campanha_v1\j00680.mat
j00680,135,0.0,05_resultados\revisao_operacional\campanha_v1\j00680.mat
j00680,145,0.0,05_resultados\revisao_operacional\campanha_v1\j00680.mat
j00680,156,0.0,05_resultados\revisao_operacional\campanha_v1\j00680.mat
j00680,167,0.0,05_resultados\revisao_operacional\campanha_v1\j00680.mat
j00680,177,0.0,05_resultados\revisao_operacional\campanha_v1\j00680.mat
j00680,188,0.0,05_resultados\revisao_operacional\campanha_v1\j00680.mat
j00680,198,0.0,05_resultados\revisao_operacional\campanha_v1\j00680.mat
j00680,209,0.0,05_resultados\revisao_operacional\campanha_v1\j00680.mat
j00680,219,0.0,05_resultados\revisao_operacional\campanha_v1\j00680.mat
j00680,230,0.0,05_resultados\revisao_operacional\campanha_v1\j00680.mat
j00680,240,0.0,05_resultados\revisao_operacional\campanha_v1\j00680.mat
j00680,251,0.0,05_resultados\revisao_operacional\campanha_v1\j00680.mat
j00680,261,0.0,05_resultados\revisao_operacional\campanha_v1\j00680.mat
j00680,272,0.0,05_resultados\revisao_operacional\campanha_v1\j00680.mat
j00680,282,0.0,05_resultados\revisao_operacional\campanha_v1\j00680.mat
j00680,293,0.0,05_resultados\revisao_operacional\campanha_v1\j00680.mat
j00680,303,0.0,05_resultados\revisao_operacional\campanha_v1\j00680.mat
j00680,314,0.0,05_resultados\revisao_operacional\campanha_v1\j00680.mat
j00680,324,0.0,05_resultados\revisao_operacional\campanha_v1\j00680.mat
j00680,335,0.0,05_resultados\revisao_operacional\campanha_v1\j00680.mat
j00680,345,0.0,05_resultados\revisao_operacional\campanha_v1\j00680.mat
j00680,356,0.0,05_resultados\revisao_operacional\campanha_v1\j00680.mat
j00680,366,0.0,05_resultados\revisao_operacional\campanha_v1\j00680.mat
j00680,377,0.0,05_resultados\revisao_operacional\campanha_v1\j00680.mat
j00680,387,0.0,05_resultados\revisao_operacional\campanha_v1\j00680.mat
j00680,398,0.0,05_resultados\revisao_operacional\campanha_v1\j00680.mat
j00680,408,0.0,05_resultados\revisao_operacional\campanha_v1\j00680.mat
j00680,419,0.0,05_resultados\revisao_operacional\campanha_v1\j00680.mat
j00680,429,0.0,05_resultados\revisao_operacional\campanha_v1\j00680.mat
j00680,440,0.0,05_resultados\revisao_operacional\campanha_v1\j00680.mat
j00680,450,0.0,05_resultados\revisao_operacional\campanha_v1\j00680.mat
j00680,461,0.0,05_resultados\revisao_operacional\campanha_v1\j00680.mat
j00680,471,0.0,05_resultados\revisao_operacional\campanha_v1\j00680.mat
j00680,482,0.0,05_resultados\revisao_operacional\campanha_v1\j00680.mat
j00680,492,0.0,05_resultados\revisao_operacional\campanha_v1\j00680.mat
j00680,503,0.0,05_resultados\revisao_operacional\campanha_v1\j00680.mat
j00680,513,0.0,05_resultados\revisao_operacional\campanha_v1\j00680.mat
j00680,524,0.0,05_resultados\revisao_operacional\campanha_v1\j00680.mat
j00680,534,0.0,05_resultados\revisao_operacional\campanha_v1\j00680.mat
j00680,545,0.0,05_resultados\revisao_operacional\campanha_v1\j00680.mat
j00680,555,0.0,05_resultados\revisao_operacional\campanha_v1\j00680.mat
j00680,566,0.0,05_resultados\revisao_operacional\campanha_v1\j00680.mat
j00680,576,0.0,05_resultados\revisao_operacional\campanha_v1\j00680.mat
j00680,587,0.0,05_resultados\revisao_operacional\campanha_v1\j00680.mat
j00680,597,0.0,05_resultados\revisao_operacional\campanha_v1\j00680.mat
j00680,608,0.0,05_resultados\revisao_operacional\campanha_v1\j00680.mat
j00680,618,0.0,05_resultados\revisao_operacional\campanha_v1\j00680.mat
j00680,629,0.0,05_resultados\revisao_operacional\campanha_v1\j00680.mat
j00680,639,0.0,05_resultados\revisao_operacional\campanha_v1\j00680.mat
j00680,650,0.0,05_resultados\revisao_operacional\campanha_v1\j00680.mat
j00680,660,0.0,05_resultados\revisao_operacional\campanha_v1\j00680.mat
j00680,671,0.0,05_resultados\revisao_operacional\campanha_v1\j00680.mat
j00680,681,0.0,05_resultados\revisao_operacional\campanha_v1\j00680.mat
j00680,692,0.0,05_resultados\revisao_operacional\campanha_v1\j00680.mat
j00680,702,0.0,05_resultados\revisao_operacional\campanha_v1\j00680.mat
j00680,713,0.0,05_resultados\revisao_operacional\campanha_v1\j00680.mat
j00680,723,0.0,05_resultados\revisao_operacional\campanha_v1\j00680.mat
j00680,734,0.0,05_resultados\revisao_operacional\campanha_v1\j00680.mat
j00680,744,0.0,05_resultados\revisao_operacional\campanha_v1\j00680.mat
j00680,755,0.0,05_resultados\revisao_operacional\campanha_v1\j00680.mat
j00680,779,0.0,05_resultados\revisao_operacional\campanha_v1\j00680.mat
j00680,790,0.0,05_resultados\revisao_operacional\campanha_v1\j00680.mat
j00680,800,0.0,05_resultados\revisao_operacional\campanha_v1\j00680.mat
j00680,811,0.0,05_resultados\revisao_operacional\campanha_v1\j00680.mat
j00680,821,0.0,05_resultados\revisao_operacional\campanha_v1\j00680.mat
j00680,832,0.0,05_resultados\revisao_operacional\campanha_v1\j00680.mat
j00680,842,0.0,05_resultados\revisao_operacional\campanha_v1\j00680.mat
j00680,853,0.0,05_resultados\revisao_operacional\campanha_v1\j00680.mat
j00680,863,0.0,05_resultados\revisao_operacional\campanha_v1\j00680.mat
j00680,873,0.0,05_resultados\revisao_operacional\campanha_v1\j00680.mat
j00680,884,0.0,05_resultados\revisao_operacional\campanha_v1\j00680.mat
j00680,894,0.0,05_resultados\revisao_operacional\campanha_v1\j00680.mat
j00680,905,0.0,05_resultados\revisao_operacional\campanha_v1\j00680.mat
j00680,915,0.0,05_resultados\revisao_operacional\campanha_v1\j00680.mat
j00680,926,0.0,05_resultados\revisao_operacional\campanha_v1\j00680.mat
j00680,936,0.0,05_resultados\revisao_operacional\campanha_v1\j00680.mat
j00680,947,0.0,05_resultados\revisao_operacional\campanha_v1\j00680.mat
j00680,957,0.0,05_resultados\revisao_operacional\campanha_v1\j00680.mat
j00680,968,0.0,05_resultados\revisao_operacional\campanha_v1\j00680.mat
j00680,978,0.0,05_resultados\revisao_operacional\campanha_v1\j00680.mat
j00680,1002,0.0,05_resultados\revisao_operacional\campanha_v1\j00680.mat
j00680,1013,0.0,05_resultados\revisao_operacional\campanha_v1\j00680.mat
j00680,1023,0.0,05_resultados\revisao_operacional\campanha_v1\j00680.mat
j00680,1034,0.0,05_resultados\revisao_operacional\campanha_v1\j00680.mat
j00680,1044,0.0,05_resultados\revisao_operacional\campanha_v1\j00680.mat
j00680,1055,0.0,05_resultados\revisao_operacional\campanha_v1\j00680.mat
j00680,1065,0.0,05_resultados\revisao_operacional\campanha_v1\j00680.mat
j00680,1076,0.0,05_resultados\revisao_operacional\campanha_v1\j00680.mat
j00680,1086,0.0,05_resultados\revisao_operacional\campanha_v1\j00680.mat
j00680,1097,0.0,05_resultados\revisao_operacional\campanha_v1\j00680.mat
j00680,1107,0.0,05_resultados\revisao_operacional\campanha_v1\j00680.mat
j00680,1118,0.0,05_resultados\revisao_operacional\campanha_v1\j00680.mat
j00680,1128,0.0,05_resultados\revisao_operacional\campanha_v1\j00680.mat
j00680,1139,0.0,05_resultados\revisao_operacional\campanha_v1\j00680.mat
j00680,1149,0.0,05_resultados\revisao_operacional\campanha_v1\j00680.mat
j00680,1160,0.0,05_resultados\revisao_operacional\campanha_v1\j00680.mat
j00680,1170,0.0,05_resultados\revisao_operacional\campanha_v1\j00680.mat
j00680,1181,0.0,05_resultados\revisao_operacional\campanha_v1\j00680.mat
j00680,1191,nan,05_resultados\revisao_operacional\campanha_v1\j00680.mat
j00681,0,0.0,05_resultados\revisao_operacional\campanha_v1\j00681.mat
j00681,9,0.0,05_resultados\revisao_operacional\campanha_v1\j00681.mat
j00681,19,0.0,05_resultados\revisao_operacional\campanha_v1\j00681.mat
j00681,30,0.0,05_resultados\revisao_operacional\campanha_v1\j00681.mat
j00681,40,0.0,05_resultados\revisao_operacional\campanha_v1\j00681.mat
j00681,51,0.0,05_resultados\revisao_operacional\campanha_v1\j00681.mat
j00681,62,0.0,05_resultados\revisao_operacional\campanha_v1\j00681.mat
j00681,72,0.0,05_resultados\revisao_operacional\campanha_v1\j00681.mat
j00681,83,0.0,05_resultados\revisao_operacional\campanha_v1\j00681.mat
j00681,93,0.0,05_resultados\revisao_operacional\campanha_v1\j00681.mat
j00681,104,0.0,05_resultados\revisao_operacional\campanha_v1\j00681.mat
j00681,114,0.0,05_resultados\revisao_operacional\campanha_v1\j00681.mat
j00681,124,0.0,05_resultados\revisao_operacional\campanha_v1\j00681.mat
j00681,135,0.0,05_resultados\revisao_operacional\campanha_v1\j00681.mat
j00681,145,0.0,05_resultados\revisao_operacional\campanha_v1\j00681.mat
j00681,156,0.0,05_resultados\revisao_operacional\campanha_v1\j00681.mat
j00681,167,0.0,05_resultados\revisao_operacional\campanha_v1\j00681.mat
j00681,177,0.0,05_resultados\revisao_operacional\campanha_v1\j00681.mat
j00681,188,0.0,05_resultados\revisao_operacional\campanha_v1\j00681.mat
j00681,198,0.0,05_resultados\revisao_operacional\campanha_v1\j00681.mat
j00681,209,0.0,05_resultados\revisao_operacional\campanha_v1\j00681.mat
j00681,219,0.0,05_resultados\revisao_operacional\campanha_v1\j00681.mat
j00681,230,0.0,05_resultados\revisao_operacional\campanha_v1\j00681.mat
j00681,240,0.0,05_resultados\revisao_operacional\campanha_v1\j00681.mat
j00681,251,0.0,05_resultados\revisao_operacional\campanha_v1\j00681.mat
j00681,261,0.0,05_resultados\revisao_operacional\campanha_v1\j00681.mat
j00681,272,0.0,05_resultados\revisao_operacional\campanha_v1\j00681.mat
j00681,282,0.0,05_resultados\revisao_operacional\campanha_v1\j00681.mat
j00681,293,0.0,05_resultados\revisao_operacional\campanha_v1\j00681.mat
j00681,303,0.0,05_resultados\revisao_operacional\campanha_v1\j00681.mat
j00681,314,0.0,05_resultados\revisao_operacional\campanha_v1\j00681.mat
j00681,324,0.0,05_resultados\revisao_operacional\campanha_v1\j00681.mat
j00681,335,0.0,05_resultados\revisao_operacional\campanha_v1\j00681.mat
j00681,345,0.0,05_resultados\revisao_operacional\campanha_v1\j00681.mat
j00681,356,0.0,05_resultados\revisao_operacional\campanha_v1\j00681.mat
j00681,366,0.0,05_resultados\revisao_operacional\campanha_v1\j00681.mat
j00681,377,0.0,05_resultados\revisao_operacional\campanha_v1\j00681.mat
j00681,387,0.0,05_resultados\revisao_operacional\campanha_v1\j00681.mat
j00681,398,0.0,05_resultados\revisao_operacional\campanha_v1\j00681.mat
j00681,408,0.0,05_resultados\revisao_operacional\campanha_v1\j00681.mat
j00681,419,0.0,05_resultados\revisao_operacional\campanha_v1\j00681.mat
j00681,429,0.0,05_resultados\revisao_operacional\campanha_v1\j00681.mat
j00681,440,0.0,05_resultados\revisao_operacional\campanha_v1\j00681.mat
j00681,450,0.0,05_resultados\revisao_operacional\campanha_v1\j00681.mat
j00681,461,0.0,05_resultados\revisao_operacional\campanha_v1\j00681.mat
j00681,471,0.0,05_resultados\revisao_operacional\campanha_v1\j00681.mat
j00681,482,0.0,05_resultados\revisao_operacional\campanha_v1\j00681.mat
j00681,492,0.0,05_resultados\revisao_operacional\campanha_v1\j00681.mat
j00681,503,0.0,05_resultados\revisao_operacional\campanha_v1\j00681.mat
j00681,513,0.0,05_resultados\revisao_operacional\campanha_v1\j00681.mat
j00681,524,0.0,05_resultados\revisao_operacional\campanha_v1\j00681.mat
j00681,534,0.0,05_resultados\revisao_operacional\campanha_v1\j00681.mat
j00681,545,0.0,05_resultados\revisao_operacional\campanha_v1\j00681.mat
j00681,555,0.0,05_resultados\revisao_operacional\campanha_v1\j00681.mat
j00681,566,0.0,05_resultados\revisao_operacional\campanha_v1\j00681.mat
j00681,576,0.0,05_resultados\revisao_operacional\campanha_v1\j00681.mat
j00681,587,0.0,05_resultados\revisao_operacional\campanha_v1\j00681.mat
j00681,597,0.0,05_resultados\revisao_operacional\campanha_v1\j00681.mat
j00681,608,0.0,05_resultados\revisao_operacional\campanha_v1\j00681.mat
j00681,618,0.0,05_resultados\revisao_operacional\campanha_v1\j00681.mat
j00681,629,0.0,05_resultados\revisao_operacional\campanha_v1\j00681.mat
j00681,639,0.0,05_resultados\revisao_operacional\campanha_v1\j00681.mat
j00681,650,0.0,05_resultados\revisao_operacional\campanha_v1\j00681.mat
j00681,660,0.0,05_resultados\revisao_operacional\campanha_v1\j00681.mat
j00681,671,0.0,05_resultados\revisao_operacional\campanha_v1\j00681.mat
j00681,681,0.0,05_resultados\revisao_operacional\campanha_v1\j00681.mat
j00681,692,0.0,05_resultados\revisao_operacional\campanha_v1\j00681.mat
j00681,702,0.0,05_resultados\revisao_operacional\campanha_v1\j00681.mat
j00681,713,0.0,05_resultados\revisao_operacional\campanha_v1\j00681.mat
j00681,723,0.0,05_resultados\revisao_operacional\campanha_v1\j00681.mat
j00681,734,0.0,05_resultados\revisao_operacional\campanha_v1\j00681.mat
j00681,744,0.0,05_resultados\revisao_operacional\campanha_v1\j00681.mat
j00681,755,0.0,05_resultados\revisao_operacional\campanha_v1\j00681.mat
j00681,779,0.0,05_resultados\revisao_operacional\campanha_v1\j00681.mat
j00681,790,0.0,05_resultados\revisao_operacional\campanha_v1\j00681.mat
j00681,800,0.0,05_resultados\revisao_operacional\campanha_v1\j00681.mat
j00681,811,0.0,05_resultados\revisao_operacional\campanha_v1\j00681.mat
j00681,821,0.0,05_resultados\revisao_operacional\campanha_v1\j00681.mat
j00681,832,0.0,05_resultados\revisao_operacional\campanha_v1\j00681.mat
j00681,842,0.0,05_resultados\revisao_operacional\campanha_v1\j00681.mat
j00681,853,0.0,05_resultados\revisao_operacional\campanha_v1\j00681.mat
j00681,863,0.0,05_resultados\revisao_operacional\campanha_v1\j00681.mat
j00681,873,0.0,05_resultados\revisao_operacional\campanha_v1\j00681.mat
j00681,884,0.0,05_resultados\revisao_operacional\campanha_v1\j00681.mat
j00681,894,0.0,05_resultados\revisao_operacional\campanha_v1\j00681.mat
j00681,905,0.0,05_resultados\revisao_operacional\campanha_v1\j00681.mat
j00681,915,0.0,05_resultados\revisao_operacional\campanha_v1\j00681.mat
j00681,926,0.0,05_resultados\revisao_operacional\campanha_v1\j00681.mat
j00681,936,0.0,05_resultados\revisao_operacional\campanha_v1\j00681.mat
j00681,947,0.0,05_resultados\revisao_operacional\campanha_v1\j00681.mat
j00681,957,0.0,05_resultados\revisao_operacional\campanha_v1\j00681.mat
j00681,968,0.0,05_resultados\revisao_operacional\campanha_v1\j00681.mat
j00681,978,0.0,05_resultados\revisao_operacional\campanha_v1\j00681.mat
j00681,1002,0.0,05_resultados\revisao_operacional\campanha_v1\j00681.mat
j00681,1013,0.0,05_resultados\revisao_operacional\campanha_v1\j00681.mat
j00681,1023,0.0,05_resultados\revisao_operacional\campanha_v1\j00681.mat
j00681,1034,0.0,05_resultados\revisao_operacional\campanha_v1\j00681.mat
j00681,1044,0.0,05_resultados\revisao_operacional\campanha_v1\j00681.mat
j00681,1055,0.0,05_resultados\revisao_operacional\campanha_v1\j00681.mat
j00681,1065,0.0,05_resultados\revisao_operacional\campanha_v1\j00681.mat
j00681,1076,0.0,05_resultados\revisao_operacional\campanha_v1\j00681.mat
j00681,1086,0.0,05_resultados\revisao_operacional\campanha_v1\j00681.mat
j00681,1097,0.0,05_resultados\revisao_operacional\campanha_v1\j00681.mat
j00681,1107,0.0,05_resultados\revisao_operacional\campanha_v1\j00681.mat
j00681,1118,0.0,05_resultados\revisao_operacional\campanha_v1\j00681.mat
j00681,1128,0.0,05_resultados\revisao_operacional\campanha_v1\j00681.mat
j00681,1139,0.0,05_resultados\revisao_operacional\campanha_v1\j00681.mat
j00681,1149,0.0,05_resultados\revisao_operacional\campanha_v1\j00681.mat
j00681,1160,0.0,05_resultados\revisao_operacional\campanha_v1\j00681.mat
j00681,1170,0.0,05_resultados\revisao_operacional\campanha_v1\j00681.mat
j00681,1181,0.0,05_resultados\revisao_operacional\campanha_v1\j00681.mat
j00681,1191,nan,05_resultados\revisao_operacional\campanha_v1\j00681.mat
j00682,3,513,05_resultados\revisao_operacional\campanha_v1\j00682.mat
j00682,14,502,05_resultados\revisao_operacional\campanha_v1\j00682.mat
j00682,24,492,05_resultados\revisao_operacional\campanha_v1\j00682.mat
j00682,35,481,05_resultados\revisao_operacional\campanha_v1\j00682.mat
j00682,45,471,05_resultados\revisao_operacional\campanha_v1\j00682.mat
j00682,56,460,05_resultados\revisao_operacional\campanha_v1\j00682.mat
j00682,66,450,05_resultados\revisao_operacional\campanha_v1\j00682.mat
j00682,77,439,05_resultados\revisao_operacional\campanha_v1\j00682.mat
j00682,87,429,05_resultados\revisao_operacional\campanha_v1\j00682.mat
j00682,98,418,05_resultados\revisao_operacional\campanha_v1\j00682.mat
j00682,108,408,05_resultados\revisao_operacional\campanha_v1\j00682.mat
j00682,119,397,05_resultados\revisao_operacional\campanha_v1\j00682.mat
j00682,129,387,05_resultados\revisao_operacional\campanha_v1\j00682.mat
j00682,140,376,05_resultados\revisao_operacional\campanha_v1\j00682.mat
j00682,150,366,05_resultados\revisao_operacional\campanha_v1\j00682.mat
j00682,161,355,05_resultados\revisao_operacional\campanha_v1\j00682.mat
j00682,171,345,05_resultados\revisao_operacional\campanha_v1\j00682.mat
j00682,182,334,05_resultados\revisao_operacional\campanha_v1\j00682.mat
j00682,192,324,05_resultados\revisao_operacional\campanha_v1\j00682.mat
j00682,203,313,05_resultados\revisao_operacional\campanha_v1\j00682.mat
j00682,213,303,05_resultados\revisao_operacional\campanha_v1\j00682.mat
j00682,224,292,05_resultados\revisao_operacional\campanha_v1\j00682.mat
j00682,234,282,05_resultados\revisao_operacional\campanha_v1\j00682.mat
j00682,245,271,05_resultados\revisao_operacional\campanha_v1\j00682.mat
j00682,255,261,05_resultados\revisao_operacional\campanha_v1\j00682.mat
j00682,266,250,05_resultados\revisao_operacional\campanha_v1\j00682.mat
j00682,276,240,05_resultados\revisao_operacional\campanha_v1\j00682.mat
j00682,287,229,05_resultados\revisao_operacional\campanha_v1\j00682.mat
j00682,311,205,05_resultados\revisao_operacional\campanha_v1\j00682.mat
j00682,322,194,05_resultados\revisao_operacional\campanha_v1\j00682.mat
j00682,332,184,05_resultados\revisao_operacional\campanha_v1\j00682.mat
j00682,343,173,05_resultados\revisao_operacional\campanha_v1\j00682.mat
j00682,353,163,05_resultados\revisao_operacional\campanha_v1\j00682.mat
j00682,364,152,05_resultados\revisao_operacional\campanha_v1\j00682.mat
j00682,374,142,05_resultados\revisao_operacional\campanha_v1\j00682.mat
j00682,385,131,05_resultados\revisao_operacional\campanha_v1\j00682.mat
j00682,395,121,05_resultados\revisao_operacional\campanha_v1\j00682.mat
j00682,406,110,05_resultados\revisao_operacional\campanha_v1\j00682.mat
j00682,416,100,05_resultados\revisao_operacional\campanha_v1\j00682.mat
j00682,426,90,05_resultados\revisao_operacional\campanha_v1\j00682.mat
j00682,437,79,05_resultados\revisao_operacional\campanha_v1\j00682.mat
j00682,448,68,05_resultados\revisao_operacional\campanha_v1\j00682.mat
j00682,458,58,05_resultados\revisao_operacional\campanha_v1\j00682.mat
j00682,469,47,05_resultados\revisao_operacional\campanha_v1\j00682.mat
j00682,479,37,05_resultados\revisao_operacional\campanha_v1\j00682.mat
j00682,490,26,05_resultados\revisao_operacional\campanha_v1\j00682.mat
j00682,500,16,05_resultados\revisao_operacional\campanha_v1\j00682.mat
j00682,510,6,05_resultados\revisao_operacional\campanha_v1\j00682.mat
j00682,534,428,05_resultados\revisao_operacional\campanha_v1\j00682.mat
j00682,545,417,05_resultados\revisao_operacional\campanha_v1\j00682.mat
j00682,555,407,05_resultados\revisao_operacional\campanha_v1\j00682.mat
j00682,566,396,05_resultados\revisao_operacional\campanha_v1\j00682.mat
j00682,576,386,05_resultados\revisao_operacional\campanha_v1\j00682.mat
j00682,587,375,05_resultados\revisao_operacional\campanha_v1\j00682.mat
j00682,597,365,05_resultados\revisao_operacional\campanha_v1\j00682.mat
j00682,608,354,05_resultados\revisao_operacional\campanha_v1\j00682.mat
j00682,618,344,05_resultados\revisao_operacional\campanha_v1\j00682.mat
j00682,629,333,05_resultados\revisao_operacional\campanha_v1\j00682.mat
j00682,639,323,05_resultados\revisao_operacional\campanha_v1\j00682.mat
j00682,650,312,05_resultados\revisao_operacional\campanha_v1\j00682.mat
j00682,660,302,05_resultados\revisao_operacional\campanha_v1\j00682.mat
j00682,671,291,05_resultados\revisao_operacional\campanha_v1\j00682.mat
j00682,681,281,05_resultados\revisao_operacional\campanha_v1\j00682.mat
j00682,692,270,05_resultados\revisao_operacional\campanha_v1\j00682.mat
j00682,702,260,05_resultados\revisao_operacional\campanha_v1\j00682.mat
j00682,713,249,05_resultados\revisao_operacional\campanha_v1\j00682.mat
j00682,723,239,05_resultados\revisao_operacional\campanha_v1\j00682.mat
j00682,734,228,05_resultados\revisao_operacional\campanha_v1\j00682.mat
j00682,757,205,05_resultados\revisao_operacional\campanha_v1\j00682.mat
j00682,768,194,05_resultados\revisao_operacional\campanha_v1\j00682.mat
j00682,778,184,05_resultados\revisao_operacional\campanha_v1\j00682.mat
j00682,789,173,05_resultados\revisao_operacional\campanha_v1\j00682.mat
j00682,799,163,05_resultados\revisao_operacional\campanha_v1\j00682.mat
j00682,810,152,05_resultados\revisao_operacional\campanha_v1\j00682.mat
j00682,820,142,05_resultados\revisao_operacional\campanha_v1\j00682.mat
j00682,831,131,05_resultados\revisao_operacional\campanha_v1\j00682.mat
j00682,841,121,05_resultados\revisao_operacional\campanha_v1\j00682.mat
j00682,852,110,05_resultados\revisao_operacional\campanha_v1\j00682.mat
j00682,862,100,05_resultados\revisao_operacional\campanha_v1\j00682.mat
j00682,873,89,05_resultados\revisao_operacional\campanha_v1\j00682.mat
j00682,883,79,05_resultados\revisao_operacional\campanha_v1\j00682.mat
j00682,894,68,05_resultados\revisao_operacional\campanha_v1\j00682.mat
j00682,904,58,05_resultados\revisao_operacional\campanha_v1\j00682.mat
j00682,915,47,05_resultados\revisao_operacional\campanha_v1\j00682.mat
j00682,925,37,05_resultados\revisao_operacional\campanha_v1\j00682.mat
j00682,936,26,05_resultados\revisao_operacional\campanha_v1\j00682.mat
j00682,946,16,05_resultados\revisao_operacional\campanha_v1\j00682.mat
j00682,957,5,05_resultados\revisao_operacional\campanha_v1\j00682.mat
j00682,980,205,05_resultados\revisao_operacional\campanha_v1\j00682.mat
j00682,991,194,05_resultados\revisao_operacional\campanha_v1\j00682.mat
j00682,1002,183,05_resultados\revisao_operacional\campanha_v1\j00682.mat
j00682,1012,173,05_resultados\revisao_operacional\campanha_v1\j00682.mat
j00682,1022,163,05_resultados\revisao_operacional\campanha_v1\j00682.mat
j00682,1033,152,05_resultados\revisao_operacional\campanha_v1\j00682.mat
j00682,1043,142,05_resultados\revisao_operacional\campanha_v1\j00682.mat
j00682,1054,131,05_resultados\revisao_operacional\campanha_v1\j00682.mat
j00682,1064,121,05_resultados\revisao_operacional\campanha_v1\j00682.mat
j00682,1075,110,05_resultados\revisao_operacional\campanha_v1\j00682.mat
j00682,1085,100,05_resultados\revisao_operacional\campanha_v1\j00682.mat
j00682,1096,89,05_resultados\revisao_operacional\campanha_v1\j00682.mat
j00682,1106,79,05_resultados\revisao_operacional\campanha_v1\j00682.mat
j00682,1117,68,05_resultados\revisao_operacional\campanha_v1\j00682.mat
j00682,1127,58,05_resultados\revisao_operacional\campanha_v1\j00682.mat
j00682,1138,47,05_resultados\revisao_operacional\campanha_v1\j00682.mat
j00682,1148,37,05_resultados\revisao_operacional\campanha_v1\j00682.mat
j00682,1159,26,05_resultados\revisao_operacional\campanha_v1\j00682.mat
j00682,1169,16,05_resultados\revisao_operacional\campanha_v1\j00682.mat
j00682,1180,5,05_resultados\revisao_operacional\campanha_v1\j00682.mat
j00683,3,288,05_resultados\revisao_operacional\campanha_v1\j00683.mat
j00683,14,277,05_resultados\revisao_operacional\campanha_v1\j00683.mat
j00683,24,267,05_resultados\revisao_operacional\campanha_v1\j00683.mat
j00683,35,256,05_resultados\revisao_operacional\campanha_v1\j00683.mat
j00683,45,246,05_resultados\revisao_operacional\campanha_v1\j00683.mat
j00683,56,235,05_resultados\revisao_operacional\campanha_v1\j00683.mat
j00683,66,225,05_resultados\revisao_operacional\campanha_v1\j00683.mat
j00683,77,214,05_resultados\revisao_operacional\campanha_v1\j00683.mat
j00683,87,204,05_resultados\revisao_operacional\campanha_v1\j00683.mat
j00683,98,193,05_resultados\revisao_operacional\campanha_v1\j00683.mat
j00683,108,183,05_resultados\revisao_operacional\campanha_v1\j00683.mat
j00683,119,172,05_resultados\revisao_operacional\campanha_v1\j00683.mat
j00683,129,162,05_resultados\revisao_operacional\campanha_v1\j00683.mat
j00683,140,151,05_resultados\revisao_operacional\campanha_v1\j00683.mat
j00683,150,141,05_resultados\revisao_operacional\campanha_v1\j00683.mat
j00683,161,130,05_resultados\revisao_operacional\campanha_v1\j00683.mat
j00683,171,120,05_resultados\revisao_operacional\campanha_v1\j00683.mat
j00683,182,109,05_resultados\revisao_operacional\campanha_v1\j00683.mat
j00683,192,99,05_resultados\revisao_operacional\campanha_v1\j00683.mat
j00683,203,88,05_resultados\revisao_operacional\campanha_v1\j00683.mat
j00683,213,78,05_resultados\revisao_operacional\campanha_v1\j00683.mat
j00683,224,67,05_resultados\revisao_operacional\campanha_v1\j00683.mat
j00683,234,57,05_resultados\revisao_operacional\campanha_v1\j00683.mat
j00683,245,46,05_resultados\revisao_operacional\campanha_v1\j00683.mat
j00683,255,36,05_resultados\revisao_operacional\campanha_v1\j00683.mat
j00683,266,25,05_resultados\revisao_operacional\campanha_v1\j00683.mat
j00683,276,15,05_resultados\revisao_operacional\campanha_v1\j00683.mat
j00683,287,4,05_resultados\revisao_operacional\campanha_v1\j00683.mat
j00683,311,205,05_resultados\revisao_operacional\campanha_v1\j00683.mat
j00683,322,194,05_resultados\revisao_operacional\campanha_v1\j00683.mat
j00683,332,184,05_resultados\revisao_operacional\campanha_v1\j00683.mat
j00683,343,173,05_resultados\revisao_operacional\campanha_v1\j00683.mat
j00683,353,163,05_resultados\revisao_operacional\campanha_v1\j00683.mat
j00683,364,152,05_resultados\revisao_operacional\campanha_v1\j00683.mat
j00683,374,142,05_resultados\revisao_operacional\campanha_v1\j00683.mat
j00683,385,131,05_resultados\revisao_operacional\campanha_v1\j00683.mat
j00683,395,121,05_resultados\revisao_operacional\campanha_v1\j00683.mat
j00683,406,110,05_resultados\revisao_operacional\campanha_v1\j00683.mat
j00683,416,100,05_resultados\revisao_operacional\campanha_v1\j00683.mat
j00683,426,90,05_resultados\revisao_operacional\campanha_v1\j00683.mat
j00683,437,79,05_resultados\revisao_operacional\campanha_v1\j00683.mat
j00683,448,68,05_resultados\revisao_operacional\campanha_v1\j00683.mat
j00683,458,58,05_resultados\revisao_operacional\campanha_v1\j00683.mat
j00683,469,47,05_resultados\revisao_operacional\campanha_v1\j00683.mat
j00683,479,37,05_resultados\revisao_operacional\campanha_v1\j00683.mat
j00683,490,26,05_resultados\revisao_operacional\campanha_v1\j00683.mat
j00683,500,16,05_resultados\revisao_operacional\campanha_v1\j00683.mat
j00683,510,6,05_resultados\revisao_operacional\campanha_v1\j00683.mat
j00683,534,202,05_resultados\revisao_operacional\campanha_v1\j00683.mat
j00683,545,191,05_resultados\revisao_operacional\campanha_v1\j00683.mat
j00683,555,181,05_resultados\revisao_operacional\campanha_v1\j00683.mat
j00683,566,170,05_resultados\revisao_operacional\campanha_v1\j00683.mat
j00683,576,160,05_resultados\revisao_operacional\campanha_v1\j00683.mat
j00683,587,149,05_resultados\revisao_operacional\campanha_v1\j00683.mat
j00683,597,139,05_resultados\revisao_operacional\campanha_v1\j00683.mat
j00683,608,128,05_resultados\revisao_operacional\campanha_v1\j00683.mat
j00683,618,118,05_resultados\revisao_operacional\campanha_v1\j00683.mat
j00683,629,107,05_resultados\revisao_operacional\campanha_v1\j00683.mat
j00683,639,97,05_resultados\revisao_operacional\campanha_v1\j00683.mat
j00683,650,86,05_resultados\revisao_operacional\campanha_v1\j00683.mat
j00683,660,76,05_resultados\revisao_operacional\campanha_v1\j00683.mat
j00683,671,65,05_resultados\revisao_operacional\campanha_v1\j00683.mat
j00683,681,55,05_resultados\revisao_operacional\campanha_v1\j00683.mat
j00683,692,44,05_resultados\revisao_operacional\campanha_v1\j00683.mat
j00683,702,34,05_resultados\revisao_operacional\campanha_v1\j00683.mat
j00683,713,23,05_resultados\revisao_operacional\campanha_v1\j00683.mat
j00683,723,13,05_resultados\revisao_operacional\campanha_v1\j00683.mat
j00683,734,2,05_resultados\revisao_operacional\campanha_v1\j00683.mat
j00683,757,204,05_resultados\revisao_operacional\campanha_v1\j00683.mat
j00683,768,193,05_resultados\revisao_operacional\campanha_v1\j00683.mat
j00683,778,183,05_resultados\revisao_operacional\campanha_v1\j00683.mat
j00683,789,172,05_resultados\revisao_operacional\campanha_v1\j00683.mat
j00683,799,162,05_resultados\revisao_operacional\campanha_v1\j00683.mat
j00683,810,151,05_resultados\revisao_operacional\campanha_v1\j00683.mat
j00683,820,141,05_resultados\revisao_operacional\campanha_v1\j00683.mat
j00683,831,130,05_resultados\revisao_operacional\campanha_v1\j00683.mat
j00683,841,120,05_resultados\revisao_operacional\campanha_v1\j00683.mat
j00683,852,109,05_resultados\revisao_operacional\campanha_v1\j00683.mat
j00683,862,99,05_resultados\revisao_operacional\campanha_v1\j00683.mat
j00683,873,88,05_resultados\revisao_operacional\campanha_v1\j00683.mat
j00683,883,78,05_resultados\revisao_operacional\campanha_v1\j00683.mat
j00683,894,67,05_resultados\revisao_operacional\campanha_v1\j00683.mat
j00683,904,57,05_resultados\revisao_operacional\campanha_v1\j00683.mat
j00683,915,46,05_resultados\revisao_operacional\campanha_v1\j00683.mat
j00683,925,36,05_resultados\revisao_operacional\campanha_v1\j00683.mat
j00683,936,25,05_resultados\revisao_operacional\campanha_v1\j00683.mat
j00683,946,15,05_resultados\revisao_operacional\campanha_v1\j00683.mat
j00683,957,4,05_resultados\revisao_operacional\campanha_v1\j00683.mat
j00683,980,117,05_resultados\revisao_operacional\campanha_v1\j00683.mat
j00683,991,106,05_resultados\revisao_operacional\campanha_v1\j00683.mat
j00683,1002,95,05_resultados\revisao_operacional\campanha_v1\j00683.mat
j00683,1012,85,05_resultados\revisao_operacional\campanha_v1\j00683.mat
j00683,1022,75,05_resultados\revisao_operacional\campanha_v1\j00683.mat
j00683,1033,64,05_resultados\revisao_operacional\campanha_v1\j00683.mat
j00683,1043,54,05_resultados\revisao_operacional\campanha_v1\j00683.mat
j00683,1054,43,05_resultados\revisao_operacional\campanha_v1\j00683.mat
j00683,1064,33,05_resultados\revisao_operacional\campanha_v1\j00683.mat
j00683,1075,22,05_resultados\revisao_operacional\campanha_v1\j00683.mat
j00683,1085,12,05_resultados\revisao_operacional\campanha_v1\j00683.mat
j00683,1096,1,05_resultados\revisao_operacional\campanha_v1\j00683.mat
j00683,1106,75,05_resultados\revisao_operacional\campanha_v1\j00683.mat
j00683,1117,64,05_resultados\revisao_operacional\campanha_v1\j00683.mat
j00683,1127,54,05_resultados\revisao_operacional\campanha_v1\j00683.mat
j00683,1138,43,05_resultados\revisao_operacional\campanha_v1\j00683.mat
j00683,1148,33,05_resultados\revisao_operacional\campanha_v1\j00683.mat
j00683,1159,22,05_resultados\revisao_operacional\campanha_v1\j00683.mat
j00683,1169,12,05_resultados\revisao_operacional\campanha_v1\j00683.mat
j00683,1180,1,05_resultados\revisao_operacional\campanha_v1\j00683.mat
j00684,3,2,05_resultados\revisao_operacional\campanha_v1\j00684.mat
j00684,14,0,05_resultados\revisao_operacional\campanha_v1\j00684.mat
j00684,24,0,05_resultados\revisao_operacional\campanha_v1\j00684.mat
j00684,35,2,05_resultados\revisao_operacional\campanha_v1\j00684.mat
j00684,45,0,05_resultados\revisao_operacional\campanha_v1\j00684.mat
j00684,56,243,05_resultados\revisao_operacional\campanha_v1\j00684.mat
j00684,66,233,05_resultados\revisao_operacional\campanha_v1\j00684.mat
j00684,77,222,05_resultados\revisao_operacional\campanha_v1\j00684.mat
j00684,87,212,05_resultados\revisao_operacional\campanha_v1\j00684.mat
j00684,98,201,05_resultados\revisao_operacional\campanha_v1\j00684.mat
j00684,108,191,05_resultados\revisao_operacional\campanha_v1\j00684.mat
j00684,119,180,05_resultados\revisao_operacional\campanha_v1\j00684.mat
j00684,129,170,05_resultados\revisao_operacional\campanha_v1\j00684.mat
j00684,140,159,05_resultados\revisao_operacional\campanha_v1\j00684.mat
j00684,150,149,05_resultados\revisao_operacional\campanha_v1\j00684.mat
j00684,161,138,05_resultados\revisao_operacional\campanha_v1\j00684.mat
j00684,171,128,05_resultados\revisao_operacional\campanha_v1\j00684.mat
j00684,182,117,05_resultados\revisao_operacional\campanha_v1\j00684.mat
j00684,192,107,05_resultados\revisao_operacional\campanha_v1\j00684.mat
j00684,203,96,05_resultados\revisao_operacional\campanha_v1\j00684.mat
j00684,213,86,05_resultados\revisao_operacional\campanha_v1\j00684.mat
j00684,224,75,05_resultados\revisao_operacional\campanha_v1\j00684.mat
j00684,234,65,05_resultados\revisao_operacional\campanha_v1\j00684.mat
j00684,245,54,05_resultados\revisao_operacional\campanha_v1\j00684.mat
j00684,255,44,05_resultados\revisao_operacional\campanha_v1\j00684.mat
j00684,266,33,05_resultados\revisao_operacional\campanha_v1\j00684.mat
j00684,276,23,05_resultados\revisao_operacional\campanha_v1\j00684.mat
j00684,287,12,05_resultados\revisao_operacional\campanha_v1\j00684.mat
j00684,311,201,05_resultados\revisao_operacional\campanha_v1\j00684.mat
j00684,322,190,05_resultados\revisao_operacional\campanha_v1\j00684.mat
j00684,332,180,05_resultados\revisao_operacional\campanha_v1\j00684.mat
j00684,343,169,05_resultados\revisao_operacional\campanha_v1\j00684.mat
j00684,353,159,05_resultados\revisao_operacional\campanha_v1\j00684.mat
j00684,364,148,05_resultados\revisao_operacional\campanha_v1\j00684.mat
j00684,374,138,05_resultados\revisao_operacional\campanha_v1\j00684.mat
j00684,385,127,05_resultados\revisao_operacional\campanha_v1\j00684.mat
j00684,395,117,05_resultados\revisao_operacional\campanha_v1\j00684.mat
j00684,406,106,05_resultados\revisao_operacional\campanha_v1\j00684.mat
j00684,416,96,05_resultados\revisao_operacional\campanha_v1\j00684.mat
j00684,426,86,05_resultados\revisao_operacional\campanha_v1\j00684.mat
j00684,437,75,05_resultados\revisao_operacional\campanha_v1\j00684.mat
j00684,448,64,05_resultados\revisao_operacional\campanha_v1\j00684.mat
j00684,458,54,05_resultados\revisao_operacional\campanha_v1\j00684.mat
j00684,469,43,05_resultados\revisao_operacional\campanha_v1\j00684.mat
j00684,479,33,05_resultados\revisao_operacional\campanha_v1\j00684.mat
j00684,490,22,05_resultados\revisao_operacional\campanha_v1\j00684.mat
j00684,500,12,05_resultados\revisao_operacional\campanha_v1\j00684.mat
j00684,510,2,05_resultados\revisao_operacional\campanha_v1\j00684.mat
j00684,534,201,05_resultados\revisao_operacional\campanha_v1\j00684.mat
j00684,545,190,05_resultados\revisao_operacional\campanha_v1\j00684.mat
j00684,555,180,05_resultados\revisao_operacional\campanha_v1\j00684.mat
j00684,566,169,05_resultados\revisao_operacional\campanha_v1\j00684.mat
j00684,576,159,05_resultados\revisao_operacional\campanha_v1\j00684.mat
j00684,587,148,05_resultados\revisao_operacional\campanha_v1\j00684.mat
j00684,597,138,05_resultados\revisao_operacional\campanha_v1\j00684.mat
j00684,608,127,05_resultados\revisao_operacional\campanha_v1\j00684.mat
j00684,618,117,05_resultados\revisao_operacional\campanha_v1\j00684.mat
j00684,629,106,05_resultados\revisao_operacional\campanha_v1\j00684.mat
j00684,639,96,05_resultados\revisao_operacional\campanha_v1\j00684.mat
j00684,650,85,05_resultados\revisao_operacional\campanha_v1\j00684.mat
j00684,660,75,05_resultados\revisao_operacional\campanha_v1\j00684.mat
j00684,671,64,05_resultados\revisao_operacional\campanha_v1\j00684.mat
j00684,681,54,05_resultados\revisao_operacional\campanha_v1\j00684.mat
j00684,692,43,05_resultados\revisao_operacional\campanha_v1\j00684.mat
j00684,702,33,05_resultados\revisao_operacional\campanha_v1\j00684.mat
j00684,713,22,05_resultados\revisao_operacional\campanha_v1\j00684.mat
j00684,723,12,05_resultados\revisao_operacional\campanha_v1\j00684.mat
j00684,734,1,05_resultados\revisao_operacional\campanha_v1\j00684.mat
j00684,757,202,05_resultados\revisao_operacional\campanha_v1\j00684.mat
j00684,768,191,05_resultados\revisao_operacional\campanha_v1\j00684.mat
j00684,778,181,05_resultados\revisao_operacional\campanha_v1\j00684.mat
j00684,789,170,05_resultados\revisao_operacional\campanha_v1\j00684.mat
j00684,799,160,05_resultados\revisao_operacional\campanha_v1\j00684.mat
j00684,810,149,05_resultados\revisao_operacional\campanha_v1\j00684.mat
j00684,820,139,05_resultados\revisao_operacional\campanha_v1\j00684.mat
j00684,831,128,05_resultados\revisao_operacional\campanha_v1\j00684.mat
j00684,841,118,05_resultados\revisao_operacional\campanha_v1\j00684.mat
j00684,852,107,05_resultados\revisao_operacional\campanha_v1\j00684.mat
j00684,862,97,05_resultados\revisao_operacional\campanha_v1\j00684.mat
j00684,873,86,05_resultados\revisao_operacional\campanha_v1\j00684.mat
j00684,883,76,05_resultados\revisao_operacional\campanha_v1\j00684.mat
j00684,894,65,05_resultados\revisao_operacional\campanha_v1\j00684.mat
j00684,904,55,05_resultados\revisao_operacional\campanha_v1\j00684.mat
j00684,915,44,05_resultados\revisao_operacional\campanha_v1\j00684.mat
j00684,925,34,05_resultados\revisao_operacional\campanha_v1\j00684.mat
j00684,936,23,05_resultados\revisao_operacional\campanha_v1\j00684.mat
j00684,946,13,05_resultados\revisao_operacional\campanha_v1\j00684.mat
j00684,957,2,05_resultados\revisao_operacional\campanha_v1\j00684.mat
j00684,980,202,05_resultados\revisao_operacional\campanha_v1\j00684.mat
j00684,991,191,05_resultados\revisao_operacional\campanha_v1\j00684.mat
j00684,1002,180,05_resultados\revisao_operacional\campanha_v1\j00684.mat
j00684,1012,170,05_resultados\revisao_operacional\campanha_v1\j00684.mat
j00684,1022,160,05_resultados\revisao_operacional\campanha_v1\j00684.mat
j00684,1033,149,05_resultados\revisao_operacional\campanha_v1\j00684.mat
j00684,1043,139,05_resultados\revisao_operacional\campanha_v1\j00684.mat
j00684,1054,128,05_resultados\revisao_operacional\campanha_v1\j00684.mat
j00684,1064,118,05_resultados\revisao_operacional\campanha_v1\j00684.mat
j00684,1075,107,05_resultados\revisao_operacional\campanha_v1\j00684.mat
j00684,1085,97,05_resultados\revisao_operacional\campanha_v1\j00684.mat
j00684,1096,86,05_resultados\revisao_operacional\campanha_v1\j00684.mat
j00684,1106,76,05_resultados\revisao_operacional\campanha_v1\j00684.mat
j00684,1117,65,05_resultados\revisao_operacional\campanha_v1\j00684.mat
j00684,1127,55,05_resultados\revisao_operacional\campanha_v1\j00684.mat
j00684,1138,44,05_resultados\revisao_operacional\campanha_v1\j00684.mat
j00684,1148,34,05_resultados\revisao_operacional\campanha_v1\j00684.mat
j00684,1159,23,05_resultados\revisao_operacional\campanha_v1\j00684.mat
j00684,1169,13,05_resultados\revisao_operacional\campanha_v1\j00684.mat
j00684,1180,2,05_resultados\revisao_operacional\campanha_v1\j00684.mat
j00685,3,0,05_resultados\revisao_operacional\campanha_v1\j00685.mat
j00685,14,0,05_resultados\revisao_operacional\campanha_v1\j00685.mat
j00685,24,0,05_resultados\revisao_operacional\campanha_v1\j00685.mat
j00685,35,0,05_resultados\revisao_operacional\campanha_v1\j00685.mat
j00685,45,0,05_resultados\revisao_operacional\campanha_v1\j00685.mat
j00685,56,0,05_resultados\revisao_operacional\campanha_v1\j00685.mat
j00685,66,0,05_resultados\revisao_operacional\campanha_v1\j00685.mat
j00685,77,0,05_resultados\revisao_operacional\campanha_v1\j00685.mat
j00685,87,0,05_resultados\revisao_operacional\campanha_v1\j00685.mat
j00685,98,0,05_resultados\revisao_operacional\campanha_v1\j00685.mat
j00685,108,0,05_resultados\revisao_operacional\campanha_v1\j00685.mat
j00685,119,0,05_resultados\revisao_operacional\campanha_v1\j00685.mat
j00685,129,0,05_resultados\revisao_operacional\campanha_v1\j00685.mat
j00685,140,0,05_resultados\revisao_operacional\campanha_v1\j00685.mat
j00685,150,0,05_resultados\revisao_operacional\campanha_v1\j00685.mat
j00685,161,0,05_resultados\revisao_operacional\campanha_v1\j00685.mat
j00685,171,0,05_resultados\revisao_operacional\campanha_v1\j00685.mat
j00685,182,0,05_resultados\revisao_operacional\campanha_v1\j00685.mat
j00685,192,0,05_resultados\revisao_operacional\campanha_v1\j00685.mat
j00685,203,0,05_resultados\revisao_operacional\campanha_v1\j00685.mat
j00685,213,0,05_resultados\revisao_operacional\campanha_v1\j00685.mat
j00685,224,0,05_resultados\revisao_operacional\campanha_v1\j00685.mat
j00685,234,0,05_resultados\revisao_operacional\campanha_v1\j00685.mat
j00685,245,0,05_resultados\revisao_operacional\campanha_v1\j00685.mat
j00685,255,0,05_resultados\revisao_operacional\campanha_v1\j00685.mat
j00685,266,0,05_resultados\revisao_operacional\campanha_v1\j00685.mat
j00685,276,0,05_resultados\revisao_operacional\campanha_v1\j00685.mat
j00685,287,0,05_resultados\revisao_operacional\campanha_v1\j00685.mat
j00685,311,0,05_resultados\revisao_operacional\campanha_v1\j00685.mat
j00685,322,0,05_resultados\revisao_operacional\campanha_v1\j00685.mat
j00685,332,0,05_resultados\revisao_operacional\campanha_v1\j00685.mat
j00685,343,0,05_resultados\revisao_operacional\campanha_v1\j00685.mat
j00685,353,0,05_resultados\revisao_operacional\campanha_v1\j00685.mat
j00685,364,0,05_resultados\revisao_operacional\campanha_v1\j00685.mat
j00685,374,0,05_resultados\revisao_operacional\campanha_v1\j00685.mat
j00685,385,0,05_resultados\revisao_operacional\campanha_v1\j00685.mat
j00685,395,0,05_resultados\revisao_operacional\campanha_v1\j00685.mat
j00685,406,0,05_resultados\revisao_operacional\campanha_v1\j00685.mat
j00685,416,0,05_resultados\revisao_operacional\campanha_v1\j00685.mat
j00685,426,0,05_resultados\revisao_operacional\campanha_v1\j00685.mat
j00685,437,0,05_resultados\revisao_operacional\campanha_v1\j00685.mat
j00685,448,0,05_resultados\revisao_operacional\campanha_v1\j00685.mat
j00685,458,0,05_resultados\revisao_operacional\campanha_v1\j00685.mat
j00685,469,0,05_resultados\revisao_operacional\campanha_v1\j00685.mat
j00685,479,0,05_resultados\revisao_operacional\campanha_v1\j00685.mat
j00685,490,0,05_resultados\revisao_operacional\campanha_v1\j00685.mat
j00685,500,0,05_resultados\revisao_operacional\campanha_v1\j00685.mat
j00685,510,0,05_resultados\revisao_operacional\campanha_v1\j00685.mat
j00685,534,0,05_resultados\revisao_operacional\campanha_v1\j00685.mat
j00685,545,0,05_resultados\revisao_operacional\campanha_v1\j00685.mat
j00685,555,0,05_resultados\revisao_operacional\campanha_v1\j00685.mat
j00685,566,0,05_resultados\revisao_operacional\campanha_v1\j00685.mat
j00685,576,0,05_resultados\revisao_operacional\campanha_v1\j00685.mat
j00685,587,0,05_resultados\revisao_operacional\campanha_v1\j00685.mat
j00685,597,0,05_resultados\revisao_operacional\campanha_v1\j00685.mat
j00685,608,0,05_resultados\revisao_operacional\campanha_v1\j00685.mat
j00685,618,0,05_resultados\revisao_operacional\campanha_v1\j00685.mat
j00685,629,0,05_resultados\revisao_operacional\campanha_v1\j00685.mat
j00685,639,0,05_resultados\revisao_operacional\campanha_v1\j00685.mat
j00685,650,0,05_resultados\revisao_operacional\campanha_v1\j00685.mat
j00685,660,0,05_resultados\revisao_operacional\campanha_v1\j00685.mat
j00685,671,0,05_resultados\revisao_operacional\campanha_v1\j00685.mat
j00685,681,0,05_resultados\revisao_operacional\campanha_v1\j00685.mat
j00685,692,0,05_resultados\revisao_operacional\campanha_v1\j00685.mat
j00685,702,0,05_resultados\revisao_operacional\campanha_v1\j00685.mat
j00685,713,0,05_resultados\revisao_operacional\campanha_v1\j00685.mat
j00685,723,0,05_resultados\revisao_operacional\campanha_v1\j00685.mat
j00685,734,0,05_resultados\revisao_operacional\campanha_v1\j00685.mat
j00685,757,0,05_resultados\revisao_operacional\campanha_v1\j00685.mat
j00685,768,0,05_resultados\revisao_operacional\campanha_v1\j00685.mat
j00685,778,0,05_resultados\revisao_operacional\campanha_v1\j00685.mat
j00685,789,0,05_resultados\revisao_operacional\campanha_v1\j00685.mat
j00685,799,0,05_resultados\revisao_operacional\campanha_v1\j00685.mat
j00685,810,0,05_resultados\revisao_operacional\campanha_v1\j00685.mat
j00685,820,0,05_resultados\revisao_operacional\campanha_v1\j00685.mat
j00685,831,0,05_resultados\revisao_operacional\campanha_v1\j00685.mat
j00685,841,0,05_resultados\revisao_operacional\campanha_v1\j00685.mat
j00685,852,0,05_resultados\revisao_operacional\campanha_v1\j00685.mat
j00685,862,0,05_resultados\revisao_operacional\campanha_v1\j00685.mat
j00685,873,0,05_resultados\revisao_operacional\campanha_v1\j00685.mat
j00685,883,0,05_resultados\revisao_operacional\campanha_v1\j00685.mat
j00685,894,0,05_resultados\revisao_operacional\campanha_v1\j00685.mat
j00685,904,0,05_resultados\revisao_operacional\campanha_v1\j00685.mat
j00685,915,0,05_resultados\revisao_operacional\campanha_v1\j00685.mat
j00685,925,0,05_resultados\revisao_operacional\campanha_v1\j00685.mat
j00685,936,0,05_resultados\revisao_operacional\campanha_v1\j00685.mat
j00685,946,0,05_resultados\revisao_operacional\campanha_v1\j00685.mat
j00685,957,0,05_resultados\revisao_operacional\campanha_v1\j00685.mat
j00685,980,0,05_resultados\revisao_operacional\campanha_v1\j00685.mat
j00685,991,0,05_resultados\revisao_operacional\campanha_v1\j00685.mat
j00685,1002,0,05_resultados\revisao_operacional\campanha_v1\j00685.mat
j00685,1012,0,05_resultados\revisao_operacional\campanha_v1\j00685.mat
j00685,1022,0,05_resultados\revisao_operacional\campanha_v1\j00685.mat
j00685,1033,0,05_resultados\revisao_operacional\campanha_v1\j00685.mat
j00685,1043,0,05_resultados\revisao_operacional\campanha_v1\j00685.mat
j00685,1054,0,05_resultados\revisao_operacional\campanha_v1\j00685.mat
j00685,1064,0,05_resultados\revisao_operacional\campanha_v1\j00685.mat
j00685,1075,0,05_resultados\revisao_operacional\campanha_v1\j00685.mat
j00685,1085,0,05_resultados\revisao_operacional\campanha_v1\j00685.mat
j00685,1096,0,05_resultados\revisao_operacional\campanha_v1\j00685.mat
j00685,1106,0,05_resultados\revisao_operacional\campanha_v1\j00685.mat
j00685,1117,0,05_resultados\revisao_operacional\campanha_v1\j00685.mat
j00685,1127,0,05_resultados\revisao_operacional\campanha_v1\j00685.mat
j00685,1138,0,05_resultados\revisao_operacional\campanha_v1\j00685.mat
j00685,1148,0,05_resultados\revisao_operacional\campanha_v1\j00685.mat
j00685,1159,0,05_resultados\revisao_operacional\campanha_v1\j00685.mat
j00685,1169,0,05_resultados\revisao_operacional\campanha_v1\j00685.mat
j00685,1180,0,05_resultados\revisao_operacional\campanha_v1\j00685.mat
j00686,3,0,05_resultados\revisao_operacional\campanha_v1\j00686.mat
j00686,14,0,05_resultados\revisao_operacional\campanha_v1\j00686.mat
j00686,24,0,05_resultados\revisao_operacional\campanha_v1\j00686.mat
j00686,35,0,05_resultados\revisao_operacional\campanha_v1\j00686.mat
j00686,45,0,05_resultados\revisao_operacional\campanha_v1\j00686.mat
j00686,56,0,05_resultados\revisao_operacional\campanha_v1\j00686.mat
j00686,66,0,05_resultados\revisao_operacional\campanha_v1\j00686.mat
j00686,77,0,05_resultados\revisao_operacional\campanha_v1\j00686.mat
j00686,87,0,05_resultados\revisao_operacional\campanha_v1\j00686.mat
j00686,98,0,05_resultados\revisao_operacional\campanha_v1\j00686.mat
j00686,108,0,05_resultados\revisao_operacional\campanha_v1\j00686.mat
j00686,119,0,05_resultados\revisao_operacional\campanha_v1\j00686.mat
j00686,129,0,05_resultados\revisao_operacional\campanha_v1\j00686.mat
j00686,140,0,05_resultados\revisao_operacional\campanha_v1\j00686.mat
j00686,150,0,05_resultados\revisao_operacional\campanha_v1\j00686.mat
j00686,161,0,05_resultados\revisao_operacional\campanha_v1\j00686.mat
j00686,171,0,05_resultados\revisao_operacional\campanha_v1\j00686.mat
j00686,182,0,05_resultados\revisao_operacional\campanha_v1\j00686.mat
j00686,192,0,05_resultados\revisao_operacional\campanha_v1\j00686.mat
j00686,203,0,05_resultados\revisao_operacional\campanha_v1\j00686.mat
j00686,213,0,05_resultados\revisao_operacional\campanha_v1\j00686.mat
j00686,224,0,05_resultados\revisao_operacional\campanha_v1\j00686.mat
j00686,234,0,05_resultados\revisao_operacional\campanha_v1\j00686.mat
j00686,245,0,05_resultados\revisao_operacional\campanha_v1\j00686.mat
j00686,255,0,05_resultados\revisao_operacional\campanha_v1\j00686.mat
j00686,266,0,05_resultados\revisao_operacional\campanha_v1\j00686.mat
j00686,276,0,05_resultados\revisao_operacional\campanha_v1\j00686.mat
j00686,287,0,05_resultados\revisao_operacional\campanha_v1\j00686.mat
j00686,311,0,05_resultados\revisao_operacional\campanha_v1\j00686.mat
j00686,322,0,05_resultados\revisao_operacional\campanha_v1\j00686.mat
j00686,332,0,05_resultados\revisao_operacional\campanha_v1\j00686.mat
j00686,343,0,05_resultados\revisao_operacional\campanha_v1\j00686.mat
j00686,353,0,05_resultados\revisao_operacional\campanha_v1\j00686.mat
j00686,364,0,05_resultados\revisao_operacional\campanha_v1\j00686.mat
j00686,374,0,05_resultados\revisao_operacional\campanha_v1\j00686.mat
j00686,385,0,05_resultados\revisao_operacional\campanha_v1\j00686.mat
j00686,395,0,05_resultados\revisao_operacional\campanha_v1\j00686.mat
j00686,406,0,05_resultados\revisao_operacional\campanha_v1\j00686.mat
j00686,416,0,05_resultados\revisao_operacional\campanha_v1\j00686.mat
j00686,426,0,05_resultados\revisao_operacional\campanha_v1\j00686.mat
j00686,437,0,05_resultados\revisao_operacional\campanha_v1\j00686.mat
j00686,448,0,05_resultados\revisao_operacional\campanha_v1\j00686.mat
j00686,458,0,05_resultados\revisao_operacional\campanha_v1\j00686.mat
j00686,469,0,05_resultados\revisao_operacional\campanha_v1\j00686.mat
j00686,479,0,05_resultados\revisao_operacional\campanha_v1\j00686.mat
j00686,490,0,05_resultados\revisao_operacional\campanha_v1\j00686.mat
j00686,500,0,05_resultados\revisao_operacional\campanha_v1\j00686.mat
j00686,510,0,05_resultados\revisao_operacional\campanha_v1\j00686.mat
j00686,534,0,05_resultados\revisao_operacional\campanha_v1\j00686.mat
j00686,545,0,05_resultados\revisao_operacional\campanha_v1\j00686.mat
j00686,555,0,05_resultados\revisao_operacional\campanha_v1\j00686.mat
j00686,566,0,05_resultados\revisao_operacional\campanha_v1\j00686.mat
j00686,576,0,05_resultados\revisao_operacional\campanha_v1\j00686.mat
j00686,587,0,05_resultados\revisao_operacional\campanha_v1\j00686.mat
j00686,597,0,05_resultados\revisao_operacional\campanha_v1\j00686.mat
j00686,608,0,05_resultados\revisao_operacional\campanha_v1\j00686.mat
j00686,618,0,05_resultados\revisao_operacional\campanha_v1\j00686.mat
j00686,629,0,05_resultados\revisao_operacional\campanha_v1\j00686.mat
j00686,639,0,05_resultados\revisao_operacional\campanha_v1\j00686.mat
j00686,650,0,05_resultados\revisao_operacional\campanha_v1\j00686.mat
j00686,660,0,05_resultados\revisao_operacional\campanha_v1\j00686.mat
j00686,671,0,05_resultados\revisao_operacional\campanha_v1\j00686.mat
j00686,681,0,05_resultados\revisao_operacional\campanha_v1\j00686.mat
j00686,692,0,05_resultados\revisao_operacional\campanha_v1\j00686.mat
j00686,702,0,05_resultados\revisao_operacional\campanha_v1\j00686.mat
j00686,713,0,05_resultados\revisao_operacional\campanha_v1\j00686.mat
j00686,723,0,05_resultados\revisao_operacional\campanha_v1\j00686.mat
j00686,734,0,05_resultados\revisao_operacional\campanha_v1\j00686.mat
j00686,757,0,05_resultados\revisao_operacional\campanha_v1\j00686.mat
j00686,768,0,05_resultados\revisao_operacional\campanha_v1\j00686.mat
j00686,778,0,05_resultados\revisao_operacional\campanha_v1\j00686.mat
j00686,789,0,05_resultados\revisao_operacional\campanha_v1\j00686.mat
j00686,799,0,05_resultados\revisao_operacional\campanha_v1\j00686.mat
j00686,810,0,05_resultados\revisao_operacional\campanha_v1\j00686.mat
j00686,820,0,05_resultados\revisao_operacional\campanha_v1\j00686.mat
j00686,831,0,05_resultados\revisao_operacional\campanha_v1\j00686.mat
j00686,841,0,05_resultados\revisao_operacional\campanha_v1\j00686.mat
j00686,852,0,05_resultados\revisao_operacional\campanha_v1\j00686.mat
j00686,862,0,05_resultados\revisao_operacional\campanha_v1\j00686.mat
j00686,873,0,05_resultados\revisao_operacional\campanha_v1\j00686.mat
j00686,883,0,05_resultados\revisao_operacional\campanha_v1\j00686.mat
j00686,894,0,05_resultados\revisao_operacional\campanha_v1\j00686.mat
j00686,904,0,05_resultados\revisao_operacional\campanha_v1\j00686.mat
j00686,915,0,05_resultados\revisao_operacional\campanha_v1\j00686.mat
j00686,925,0,05_resultados\revisao_operacional\campanha_v1\j00686.mat
j00686,936,0,05_resultados\revisao_operacional\campanha_v1\j00686.mat
j00686,946,0,05_resultados\revisao_operacional\campanha_v1\j00686.mat
j00686,957,0,05_resultados\revisao_operacional\campanha_v1\j00686.mat
j00686,980,0,05_resultados\revisao_operacional\campanha_v1\j00686.mat
j00686,991,0,05_resultados\revisao_operacional\campanha_v1\j00686.mat
j00686,1002,0,05_resultados\revisao_operacional\campanha_v1\j00686.mat
j00686,1012,0,05_resultados\revisao_operacional\campanha_v1\j00686.mat
j00686,1022,0,05_resultados\revisao_operacional\campanha_v1\j00686.mat
j00686,1033,0,05_resultados\revisao_operacional\campanha_v1\j00686.mat
j00686,1043,0,05_resultados\revisao_operacional\campanha_v1\j00686.mat
j00686,1054,0,05_resultados\revisao_operacional\campanha_v1\j00686.mat
j00686,1064,0,05_resultados\revisao_operacional\campanha_v1\j00686.mat
j00686,1075,0,05_resultados\revisao_operacional\campanha_v1\j00686.mat
j00686,1085,0,05_resultados\revisao_operacional\campanha_v1\j00686.mat
j00686,1096,0,05_resultados\revisao_operacional\campanha_v1\j00686.mat
j00686,1106,0,05_resultados\revisao_operacional\campanha_v1\j00686.mat
j00686,1117,0,05_resultados\revisao_operacional\campanha_v1\j00686.mat
j00686,1127,0,05_resultados\revisao_operacional\campanha_v1\j00686.mat
j00686,1138,0,05_resultados\revisao_operacional\campanha_v1\j00686.mat
j00686,1148,0,05_resultados\revisao_operacional\campanha_v1\j00686.mat
j00686,1159,0,05_resultados\revisao_operacional\campanha_v1\j00686.mat
j00686,1169,0,05_resultados\revisao_operacional\campanha_v1\j00686.mat
j00686,1180,0,05_resultados\revisao_operacional\campanha_v1\j00686.mat
j00687,1,1049.0,05_resultados\revisao_operacional\campanha_v1\j00687.mat
j00687,12,1038.0,05_resultados\revisao_operacional\campanha_v1\j00687.mat
j00687,22,1028.0,05_resultados\revisao_operacional\campanha_v1\j00687.mat
j00687,33,1017.0,05_resultados\revisao_operacional\campanha_v1\j00687.mat
j00687,43,1007.0,05_resultados\revisao_operacional\campanha_v1\j00687.mat
j00687,54,996.0,05_resultados\revisao_operacional\campanha_v1\j00687.mat
j00687,64,986.0,05_resultados\revisao_operacional\campanha_v1\j00687.mat
j00687,75,975.0,05_resultados\revisao_operacional\campanha_v1\j00687.mat
j00687,85,965.0,05_resultados\revisao_operacional\campanha_v1\j00687.mat
j00687,96,954.0,05_resultados\revisao_operacional\campanha_v1\j00687.mat
j00687,106,944.0,05_resultados\revisao_operacional\campanha_v1\j00687.mat
j00687,117,933.0,05_resultados\revisao_operacional\campanha_v1\j00687.mat
j00687,128,922.0,05_resultados\revisao_operacional\campanha_v1\j00687.mat
j00687,138,912.0,05_resultados\revisao_operacional\campanha_v1\j00687.mat
j00687,149,901.0,05_resultados\revisao_operacional\campanha_v1\j00687.mat
j00687,159,891.0,05_resultados\revisao_operacional\campanha_v1\j00687.mat
j00687,170,880.0,05_resultados\revisao_operacional\campanha_v1\j00687.mat
j00687,180,870.0,05_resultados\revisao_operacional\campanha_v1\j00687.mat
j00687,190,860.0,05_resultados\revisao_operacional\campanha_v1\j00687.mat
j00687,201,849.0,05_resultados\revisao_operacional\campanha_v1\j00687.mat
j00687,211,839.0,05_resultados\revisao_operacional\campanha_v1\j00687.mat
j00687,222,828.0,05_resultados\revisao_operacional\campanha_v1\j00687.mat
j00687,233,817.0,05_resultados\revisao_operacional\campanha_v1\j00687.mat
j00687,243,807.0,05_resultados\revisao_operacional\campanha_v1\j00687.mat
j00687,254,796.0,05_resultados\revisao_operacional\campanha_v1\j00687.mat
j00687,264,786.0,05_resultados\revisao_operacional\campanha_v1\j00687.mat
j00687,275,775.0,05_resultados\revisao_operacional\campanha_v1\j00687.mat
j00687,285,765.0,05_resultados\revisao_operacional\campanha_v1\j00687.mat
j00687,296,754.0,05_resultados\revisao_operacional\campanha_v1\j00687.mat
j00687,306,744.0,05_resultados\revisao_operacional\campanha_v1\j00687.mat
j00687,317,733.0,05_resultados\revisao_operacional\campanha_v1\j00687.mat
j00687,327,723.0,05_resultados\revisao_operacional\campanha_v1\j00687.mat
j00687,338,712.0,05_resultados\revisao_operacional\campanha_v1\j00687.mat
j00687,348,702.0,05_resultados\revisao_operacional\campanha_v1\j00687.mat
j00687,359,691.0,05_resultados\revisao_operacional\campanha_v1\j00687.mat
j00687,369,681.0,05_resultados\revisao_operacional\campanha_v1\j00687.mat
j00687,380,670.0,05_resultados\revisao_operacional\campanha_v1\j00687.mat
j00687,390,660.0,05_resultados\revisao_operacional\campanha_v1\j00687.mat
j00687,401,649.0,05_resultados\revisao_operacional\campanha_v1\j00687.mat
j00687,411,639.0,05_resultados\revisao_operacional\campanha_v1\j00687.mat
j00687,422,628.0,05_resultados\revisao_operacional\campanha_v1\j00687.mat
j00687,432,618.0,05_resultados\revisao_operacional\campanha_v1\j00687.mat
j00687,443,607.0,05_resultados\revisao_operacional\campanha_v1\j00687.mat
j00687,453,597.0,05_resultados\revisao_operacional\campanha_v1\j00687.mat
j00687,464,586.0,05_resultados\revisao_operacional\campanha_v1\j00687.mat
j00687,474,576.0,05_resultados\revisao_operacional\campanha_v1\j00687.mat
j00687,485,565.0,05_resultados\revisao_operacional\campanha_v1\j00687.mat
j00687,495,555.0,05_resultados\revisao_operacional\campanha_v1\j00687.mat
j00687,506,544.0,05_resultados\revisao_operacional\campanha_v1\j00687.mat
j00687,516,534.0,05_resultados\revisao_operacional\campanha_v1\j00687.mat
j00687,527,523.0,05_resultados\revisao_operacional\campanha_v1\j00687.mat
j00687,537,513.0,05_resultados\revisao_operacional\campanha_v1\j00687.mat
j00687,548,502.0,05_resultados\revisao_operacional\campanha_v1\j00687.mat
j00687,558,492.0,05_resultados\revisao_operacional\campanha_v1\j00687.mat
j00687,569,481.0,05_resultados\revisao_operacional\campanha_v1\j00687.mat
j00687,579,471.0,05_resultados\revisao_operacional\campanha_v1\j00687.mat
j00687,590,460.0,05_resultados\revisao_operacional\campanha_v1\j00687.mat
j00687,600,450.0,05_resultados\revisao_operacional\campanha_v1\j00687.mat
j00687,611,439.0,05_resultados\revisao_operacional\campanha_v1\j00687.mat
j00687,621,429.0,05_resultados\revisao_operacional\campanha_v1\j00687.mat
j00687,632,418.0,05_resultados\revisao_operacional\campanha_v1\j00687.mat
j00687,642,408.0,05_resultados\revisao_operacional\campanha_v1\j00687.mat
j00687,653,397.0,05_resultados\revisao_operacional\campanha_v1\j00687.mat
j00687,663,387.0,05_resultados\revisao_operacional\campanha_v1\j00687.mat
j00687,674,376.0,05_resultados\revisao_operacional\campanha_v1\j00687.mat
j00687,684,366.0,05_resultados\revisao_operacional\campanha_v1\j00687.mat
j00687,695,355.0,05_resultados\revisao_operacional\campanha_v1\j00687.mat
j00687,705,345.0,05_resultados\revisao_operacional\campanha_v1\j00687.mat
j00687,716,334.0,05_resultados\revisao_operacional\campanha_v1\j00687.mat
j00687,726,324.0,05_resultados\revisao_operacional\campanha_v1\j00687.mat
j00687,737,313.0,05_resultados\revisao_operacional\campanha_v1\j00687.mat
j00687,747,303.0,05_resultados\revisao_operacional\campanha_v1\j00687.mat
j00687,758,292.0,05_resultados\revisao_operacional\campanha_v1\j00687.mat
j00687,768,282.0,05_resultados\revisao_operacional\campanha_v1\j00687.mat
j00687,779,271.0,05_resultados\revisao_operacional\campanha_v1\j00687.mat
j00687,789,261.0,05_resultados\revisao_operacional\campanha_v1\j00687.mat
j00687,800,250.0,05_resultados\revisao_operacional\campanha_v1\j00687.mat
j00687,810,240.0,05_resultados\revisao_operacional\campanha_v1\j00687.mat
j00687,821,229.0,05_resultados\revisao_operacional\campanha_v1\j00687.mat
j00687,845,205.0,05_resultados\revisao_operacional\campanha_v1\j00687.mat
j00687,856,194.0,05_resultados\revisao_operacional\campanha_v1\j00687.mat
j00687,866,184.0,05_resultados\revisao_operacional\campanha_v1\j00687.mat
j00687,877,173.0,05_resultados\revisao_operacional\campanha_v1\j00687.mat
j00687,887,163.0,05_resultados\revisao_operacional\campanha_v1\j00687.mat
j00687,898,152.0,05_resultados\revisao_operacional\campanha_v1\j00687.mat
j00687,908,142.0,05_resultados\revisao_operacional\campanha_v1\j00687.mat
j00687,919,131.0,05_resultados\revisao_operacional\campanha_v1\j00687.mat
j00687,929,121.0,05_resultados\revisao_operacional\campanha_v1\j00687.mat
j00687,939,111.0,05_resultados\revisao_operacional\campanha_v1\j00687.mat
j00687,950,100.0,05_resultados\revisao_operacional\campanha_v1\j00687.mat
j00687,960,90.0,05_resultados\revisao_operacional\campanha_v1\j00687.mat
j00687,971,79.0,05_resultados\revisao_operacional\campanha_v1\j00687.mat
j00687,981,69.0,05_resultados\revisao_operacional\campanha_v1\j00687.mat
j00687,992,58.0,05_resultados\revisao_operacional\campanha_v1\j00687.mat
j00687,1002,48.0,05_resultados\revisao_operacional\campanha_v1\j00687.mat
j00687,1013,37.0,05_resultados\revisao_operacional\campanha_v1\j00687.mat
j00687,1023,27.0,05_resultados\revisao_operacional\campanha_v1\j00687.mat
j00687,1034,16.0,05_resultados\revisao_operacional\campanha_v1\j00687.mat
j00687,1044,6.0,05_resultados\revisao_operacional\campanha_v1\j00687.mat
j00687,1068,nan,05_resultados\revisao_operacional\campanha_v1\j00687.mat
j00687,1079,nan,05_resultados\revisao_operacional\campanha_v1\j00687.mat
j00687,1089,nan,05_resultados\revisao_operacional\campanha_v1\j00687.mat
j00687,1100,nan,05_resultados\revisao_operacional\campanha_v1\j00687.mat
j00687,1110,nan,05_resultados\revisao_operacional\campanha_v1\j00687.mat
j00687,1121,nan,05_resultados\revisao_operacional\campanha_v1\j00687.mat
j00687,1131,nan,05_resultados\revisao_operacional\campanha_v1\j00687.mat
j00687,1142,nan,05_resultados\revisao_operacional\campanha_v1\j00687.mat
j00687,1152,nan,05_resultados\revisao_operacional\campanha_v1\j00687.mat
j00687,1163,nan,05_resultados\revisao_operacional\campanha_v1\j00687.mat
j00687,1173,nan,05_resultados\revisao_operacional\campanha_v1\j00687.mat
j00687,1184,nan,05_resultados\revisao_operacional\campanha_v1\j00687.mat
j00687,1194,nan,05_resultados\revisao_operacional\campanha_v1\j00687.mat
j00688,1,338.0,05_resultados\revisao_operacional\campanha_v1\j00688.mat
j00688,12,327.0,05_resultados\revisao_operacional\campanha_v1\j00688.mat
j00688,22,317.0,05_resultados\revisao_operacional\campanha_v1\j00688.mat
j00688,33,306.0,05_resultados\revisao_operacional\campanha_v1\j00688.mat
j00688,43,296.0,05_resultados\revisao_operacional\campanha_v1\j00688.mat
j00688,54,285.0,05_resultados\revisao_operacional\campanha_v1\j00688.mat
j00688,64,275.0,05_resultados\revisao_operacional\campanha_v1\j00688.mat
j00688,75,264.0,05_resultados\revisao_operacional\campanha_v1\j00688.mat
j00688,85,254.0,05_resultados\revisao_operacional\campanha_v1\j00688.mat
j00688,96,243.0,05_resultados\revisao_operacional\campanha_v1\j00688.mat
j00688,106,233.0,05_resultados\revisao_operacional\campanha_v1\j00688.mat
j00688,117,222.0,05_resultados\revisao_operacional\campanha_v1\j00688.mat
j00688,128,211.0,05_resultados\revisao_operacional\campanha_v1\j00688.mat
j00688,138,201.0,05_resultados\revisao_operacional\campanha_v1\j00688.mat
j00688,149,190.0,05_resultados\revisao_operacional\campanha_v1\j00688.mat
j00688,159,180.0,05_resultados\revisao_operacional\campanha_v1\j00688.mat
j00688,170,169.0,05_resultados\revisao_operacional\campanha_v1\j00688.mat
j00688,180,159.0,05_resultados\revisao_operacional\campanha_v1\j00688.mat
j00688,190,149.0,05_resultados\revisao_operacional\campanha_v1\j00688.mat
j00688,201,138.0,05_resultados\revisao_operacional\campanha_v1\j00688.mat
j00688,211,128.0,05_resultados\revisao_operacional\campanha_v1\j00688.mat
j00688,222,117.0,05_resultados\revisao_operacional\campanha_v1\j00688.mat
j00688,233,106.0,05_resultados\revisao_operacional\campanha_v1\j00688.mat
j00688,243,96.0,05_resultados\revisao_operacional\campanha_v1\j00688.mat
j00688,254,85.0,05_resultados\revisao_operacional\campanha_v1\j00688.mat
j00688,264,75.0,05_resultados\revisao_operacional\campanha_v1\j00688.mat
j00688,275,64.0,05_resultados\revisao_operacional\campanha_v1\j00688.mat
j00688,285,54.0,05_resultados\revisao_operacional\campanha_v1\j00688.mat
j00688,296,43.0,05_resultados\revisao_operacional\campanha_v1\j00688.mat
j00688,306,33.0,05_resultados\revisao_operacional\campanha_v1\j00688.mat
j00688,317,22.0,05_resultados\revisao_operacional\campanha_v1\j00688.mat
j00688,327,12.0,05_resultados\revisao_operacional\campanha_v1\j00688.mat
j00688,338,1.0,05_resultados\revisao_operacional\campanha_v1\j00688.mat
j00688,348,477.0,05_resultados\revisao_operacional\campanha_v1\j00688.mat
j00688,359,466.0,05_resultados\revisao_operacional\campanha_v1\j00688.mat
j00688,369,456.0,05_resultados\revisao_operacional\campanha_v1\j00688.mat
j00688,380,445.0,05_resultados\revisao_operacional\campanha_v1\j00688.mat
j00688,390,435.0,05_resultados\revisao_operacional\campanha_v1\j00688.mat
j00688,401,424.0,05_resultados\revisao_operacional\campanha_v1\j00688.mat
j00688,411,414.0,05_resultados\revisao_operacional\campanha_v1\j00688.mat
j00688,422,403.0,05_resultados\revisao_operacional\campanha_v1\j00688.mat
j00688,432,393.0,05_resultados\revisao_operacional\campanha_v1\j00688.mat
j00688,443,382.0,05_resultados\revisao_operacional\campanha_v1\j00688.mat
j00688,453,372.0,05_resultados\revisao_operacional\campanha_v1\j00688.mat
j00688,464,361.0,05_resultados\revisao_operacional\campanha_v1\j00688.mat
j00688,474,351.0,05_resultados\revisao_operacional\campanha_v1\j00688.mat
j00688,485,340.0,05_resultados\revisao_operacional\campanha_v1\j00688.mat
j00688,495,330.0,05_resultados\revisao_operacional\campanha_v1\j00688.mat
j00688,506,319.0,05_resultados\revisao_operacional\campanha_v1\j00688.mat
j00688,516,309.0,05_resultados\revisao_operacional\campanha_v1\j00688.mat
j00688,527,298.0,05_resultados\revisao_operacional\campanha_v1\j00688.mat
j00688,537,288.0,05_resultados\revisao_operacional\campanha_v1\j00688.mat
j00688,548,277.0,05_resultados\revisao_operacional\campanha_v1\j00688.mat
j00688,558,267.0,05_resultados\revisao_operacional\campanha_v1\j00688.mat
j00688,569,256.0,05_resultados\revisao_operacional\campanha_v1\j00688.mat
j00688,579,246.0,05_resultados\revisao_operacional\campanha_v1\j00688.mat
j00688,590,235.0,05_resultados\revisao_operacional\campanha_v1\j00688.mat
j00688,600,225.0,05_resultados\revisao_operacional\campanha_v1\j00688.mat
j00688,611,214.0,05_resultados\revisao_operacional\campanha_v1\j00688.mat
j00688,621,204.0,05_resultados\revisao_operacional\campanha_v1\j00688.mat
j00688,632,193.0,05_resultados\revisao_operacional\campanha_v1\j00688.mat
j00688,642,183.0,05_resultados\revisao_operacional\campanha_v1\j00688.mat
j00688,653,172.0,05_resultados\revisao_operacional\campanha_v1\j00688.mat
j00688,663,162.0,05_resultados\revisao_operacional\campanha_v1\j00688.mat
j00688,674,151.0,05_resultados\revisao_operacional\campanha_v1\j00688.mat
j00688,684,141.0,05_resultados\revisao_operacional\campanha_v1\j00688.mat
j00688,695,130.0,05_resultados\revisao_operacional\campanha_v1\j00688.mat
j00688,705,120.0,05_resultados\revisao_operacional\campanha_v1\j00688.mat
j00688,716,109.0,05_resultados\revisao_operacional\campanha_v1\j00688.mat
j00688,726,99.0,05_resultados\revisao_operacional\campanha_v1\j00688.mat
j00688,737,88.0,05_resultados\revisao_operacional\campanha_v1\j00688.mat
j00688,747,78.0,05_resultados\revisao_operacional\campanha_v1\j00688.mat
j00688,758,67.0,05_resultados\revisao_operacional\campanha_v1\j00688.mat
j00688,768,57.0,05_resultados\revisao_operacional\campanha_v1\j00688.mat
j00688,779,46.0,05_resultados\revisao_operacional\campanha_v1\j00688.mat
j00688,789,36.0,05_resultados\revisao_operacional\campanha_v1\j00688.mat
j00688,800,25.0,05_resultados\revisao_operacional\campanha_v1\j00688.mat
j00688,810,15.0,05_resultados\revisao_operacional\campanha_v1\j00688.mat
j00688,821,4.0,05_resultados\revisao_operacional\campanha_v1\j00688.mat
j00688,845,205.0,05_resultados\revisao_operacional\campanha_v1\j00688.mat
j00688,856,194.0,05_resultados\revisao_operacional\campanha_v1\j00688.mat
j00688,866,184.0,05_resultados\revisao_operacional\campanha_v1\j00688.mat
j00688,877,173.0,05_resultados\revisao_operacional\campanha_v1\j00688.mat
j00688,887,163.0,05_resultados\revisao_operacional\campanha_v1\j00688.mat
j00688,898,152.0,05_resultados\revisao_operacional\campanha_v1\j00688.mat
j00688,908,142.0,05_resultados\revisao_operacional\campanha_v1\j00688.mat
j00688,919,131.0,05_resultados\revisao_operacional\campanha_v1\j00688.mat
j00688,929,121.0,05_resultados\revisao_operacional\campanha_v1\j00688.mat
j00688,939,111.0,05_resultados\revisao_operacional\campanha_v1\j00688.mat
j00688,950,100.0,05_resultados\revisao_operacional\campanha_v1\j00688.mat
j00688,960,90.0,05_resultados\revisao_operacional\campanha_v1\j00688.mat
j00688,971,79.0,05_resultados\revisao_operacional\campanha_v1\j00688.mat
j00688,981,69.0,05_resultados\revisao_operacional\campanha_v1\j00688.mat
j00688,992,58.0,05_resultados\revisao_operacional\campanha_v1\j00688.mat
j00688,1002,48.0,05_resultados\revisao_operacional\campanha_v1\j00688.mat
j00688,1013,37.0,05_resultados\revisao_operacional\campanha_v1\j00688.mat
j00688,1023,27.0,05_resultados\revisao_operacional\campanha_v1\j00688.mat
j00688,1034,16.0,05_resultados\revisao_operacional\campanha_v1\j00688.mat
j00688,1044,6.0,05_resultados\revisao_operacional\campanha_v1\j00688.mat
j00688,1068,nan,05_resultados\revisao_operacional\campanha_v1\j00688.mat
j00688,1079,nan,05_resultados\revisao_operacional\campanha_v1\j00688.mat
j00688,1089,nan,05_resultados\revisao_operacional\campanha_v1\j00688.mat
j00688,1100,nan,05_resultados\revisao_operacional\campanha_v1\j00688.mat
j00688,1110,nan,05_resultados\revisao_operacional\campanha_v1\j00688.mat
j00688,1121,nan,05_resultados\revisao_operacional\campanha_v1\j00688.mat
j00688,1131,nan,05_resultados\revisao_operacional\campanha_v1\j00688.mat
j00688,1142,nan,05_resultados\revisao_operacional\campanha_v1\j00688.mat
j00688,1152,nan,05_resultados\revisao_operacional\campanha_v1\j00688.mat
j00688,1163,nan,05_resultados\revisao_operacional\campanha_v1\j00688.mat
j00688,1173,nan,05_resultados\revisao_operacional\campanha_v1\j00688.mat
j00688,1184,nan,05_resultados\revisao_operacional\campanha_v1\j00688.mat
j00688,1194,nan,05_resultados\revisao_operacional\campanha_v1\j00688.mat
j00689,1,12.0,05_resultados\revisao_operacional\campanha_v1\j00689.mat
j00689,12,1.0,05_resultados\revisao_operacional\campanha_v1\j00689.mat
j00689,22,0.0,05_resultados\revisao_operacional\campanha_v1\j00689.mat
j00689,33,1.0,05_resultados\revisao_operacional\campanha_v1\j00689.mat
j00689,43,0.0,05_resultados\revisao_operacional\campanha_v1\j00689.mat
j00689,54,992.0,05_resultados\revisao_operacional\campanha_v1\j00689.mat
j00689,64,982.0,05_resultados\revisao_operacional\campanha_v1\j00689.mat
j00689,75,971.0,05_resultados\revisao_operacional\campanha_v1\j00689.mat
j00689,85,961.0,05_resultados\revisao_operacional\campanha_v1\j00689.mat
j00689,96,950.0,05_resultados\revisao_operacional\campanha_v1\j00689.mat
j00689,106,940.0,05_resultados\revisao_operacional\campanha_v1\j00689.mat
j00689,117,929.0,05_resultados\revisao_operacional\campanha_v1\j00689.mat
j00689,128,918.0,05_resultados\revisao_operacional\campanha_v1\j00689.mat
j00689,138,908.0,05_resultados\revisao_operacional\campanha_v1\j00689.mat
j00689,149,897.0,05_resultados\revisao_operacional\campanha_v1\j00689.mat
j00689,159,887.0,05_resultados\revisao_operacional\campanha_v1\j00689.mat
j00689,170,876.0,05_resultados\revisao_operacional\campanha_v1\j00689.mat
j00689,180,866.0,05_resultados\revisao_operacional\campanha_v1\j00689.mat
j00689,190,856.0,05_resultados\revisao_operacional\campanha_v1\j00689.mat
j00689,201,845.0,05_resultados\revisao_operacional\campanha_v1\j00689.mat
j00689,211,835.0,05_resultados\revisao_operacional\campanha_v1\j00689.mat
j00689,222,824.0,05_resultados\revisao_operacional\campanha_v1\j00689.mat
j00689,233,813.0,05_resultados\revisao_operacional\campanha_v1\j00689.mat
j00689,243,803.0,05_resultados\revisao_operacional\campanha_v1\j00689.mat
j00689,254,792.0,05_resultados\revisao_operacional\campanha_v1\j00689.mat
j00689,264,782.0,05_resultados\revisao_operacional\campanha_v1\j00689.mat
j00689,275,771.0,05_resultados\revisao_operacional\campanha_v1\j00689.mat
j00689,285,761.0,05_resultados\revisao_operacional\campanha_v1\j00689.mat
j00689,296,750.0,05_resultados\revisao_operacional\campanha_v1\j00689.mat
j00689,306,740.0,05_resultados\revisao_operacional\campanha_v1\j00689.mat
j00689,317,729.0,05_resultados\revisao_operacional\campanha_v1\j00689.mat
j00689,327,719.0,05_resultados\revisao_operacional\campanha_v1\j00689.mat
j00689,338,708.0,05_resultados\revisao_operacional\campanha_v1\j00689.mat
j00689,348,698.0,05_resultados\revisao_operacional\campanha_v1\j00689.mat
j00689,359,687.0,05_resultados\revisao_operacional\campanha_v1\j00689.mat
j00689,369,677.0,05_resultados\revisao_operacional\campanha_v1\j00689.mat
j00689,380,666.0,05_resultados\revisao_operacional\campanha_v1\j00689.mat
j00689,390,656.0,05_resultados\revisao_operacional\campanha_v1\j00689.mat
j00689,401,645.0,05_resultados\revisao_operacional\campanha_v1\j00689.mat
j00689,411,635.0,05_resultados\revisao_operacional\campanha_v1\j00689.mat
j00689,422,624.0,05_resultados\revisao_operacional\campanha_v1\j00689.mat
j00689,432,614.0,05_resultados\revisao_operacional\campanha_v1\j00689.mat
j00689,443,603.0,05_resultados\revisao_operacional\campanha_v1\j00689.mat
j00689,453,593.0,05_resultados\revisao_operacional\campanha_v1\j00689.mat
j00689,464,582.0,05_resultados\revisao_operacional\campanha_v1\j00689.mat
j00689,474,572.0,05_resultados\revisao_operacional\campanha_v1\j00689.mat
j00689,485,561.0,05_resultados\revisao_operacional\campanha_v1\j00689.mat
j00689,495,551.0,05_resultados\revisao_operacional\campanha_v1\j00689.mat
j00689,506,540.0,05_resultados\revisao_operacional\campanha_v1\j00689.mat
j00689,516,530.0,05_resultados\revisao_operacional\campanha_v1\j00689.mat
j00689,527,519.0,05_resultados\revisao_operacional\campanha_v1\j00689.mat
j00689,537,509.0,05_resultados\revisao_operacional\campanha_v1\j00689.mat
j00689,548,498.0,05_resultados\revisao_operacional\campanha_v1\j00689.mat
j00689,558,488.0,05_resultados\revisao_operacional\campanha_v1\j00689.mat
j00689,569,477.0,05_resultados\revisao_operacional\campanha_v1\j00689.mat
j00689,579,467.0,05_resultados\revisao_operacional\campanha_v1\j00689.mat
j00689,590,456.0,05_resultados\revisao_operacional\campanha_v1\j00689.mat
j00689,600,446.0,05_resultados\revisao_operacional\campanha_v1\j00689.mat
j00689,611,435.0,05_resultados\revisao_operacional\campanha_v1\j00689.mat
j00689,621,425.0,05_resultados\revisao_operacional\campanha_v1\j00689.mat
j00689,632,414.0,05_resultados\revisao_operacional\campanha_v1\j00689.mat
j00689,642,404.0,05_resultados\revisao_operacional\campanha_v1\j00689.mat
j00689,653,393.0,05_resultados\revisao_operacional\campanha_v1\j00689.mat
j00689,663,383.0,05_resultados\revisao_operacional\campanha_v1\j00689.mat
j00689,674,372.0,05_resultados\revisao_operacional\campanha_v1\j00689.mat
j00689,684,362.0,05_resultados\revisao_operacional\campanha_v1\j00689.mat
j00689,695,351.0,05_resultados\revisao_operacional\campanha_v1\j00689.mat
j00689,705,341.0,05_resultados\revisao_operacional\campanha_v1\j00689.mat
j00689,716,330.0,05_resultados\revisao_operacional\campanha_v1\j00689.mat
j00689,726,320.0,05_resultados\revisao_operacional\campanha_v1\j00689.mat
j00689,737,309.0,05_resultados\revisao_operacional\campanha_v1\j00689.mat
j00689,747,299.0,05_resultados\revisao_operacional\campanha_v1\j00689.mat
j00689,758,288.0,05_resultados\revisao_operacional\campanha_v1\j00689.mat
j00689,768,278.0,05_resultados\revisao_operacional\campanha_v1\j00689.mat
j00689,779,267.0,05_resultados\revisao_operacional\campanha_v1\j00689.mat
j00689,789,257.0,05_resultados\revisao_operacional\campanha_v1\j00689.mat
j00689,800,246.0,05_resultados\revisao_operacional\campanha_v1\j00689.mat
j00689,810,236.0,05_resultados\revisao_operacional\campanha_v1\j00689.mat
j00689,821,225.0,05_resultados\revisao_operacional\campanha_v1\j00689.mat
j00689,845,201.0,05_resultados\revisao_operacional\campanha_v1\j00689.mat
j00689,856,190.0,05_resultados\revisao_operacional\campanha_v1\j00689.mat
j00689,866,180.0,05_resultados\revisao_operacional\campanha_v1\j00689.mat
j00689,877,169.0,05_resultados\revisao_operacional\campanha_v1\j00689.mat
j00689,887,159.0,05_resultados\revisao_operacional\campanha_v1\j00689.mat
j00689,898,148.0,05_resultados\revisao_operacional\campanha_v1\j00689.mat
j00689,908,138.0,05_resultados\revisao_operacional\campanha_v1\j00689.mat
j00689,919,127.0,05_resultados\revisao_operacional\campanha_v1\j00689.mat
j00689,929,117.0,05_resultados\revisao_operacional\campanha_v1\j00689.mat
j00689,939,107.0,05_resultados\revisao_operacional\campanha_v1\j00689.mat
j00689,950,96.0,05_resultados\revisao_operacional\campanha_v1\j00689.mat
j00689,960,86.0,05_resultados\revisao_operacional\campanha_v1\j00689.mat
j00689,971,75.0,05_resultados\revisao_operacional\campanha_v1\j00689.mat
j00689,981,65.0,05_resultados\revisao_operacional\campanha_v1\j00689.mat
j00689,992,54.0,05_resultados\revisao_operacional\campanha_v1\j00689.mat
j00689,1002,44.0,05_resultados\revisao_operacional\campanha_v1\j00689.mat
j00689,1013,33.0,05_resultados\revisao_operacional\campanha_v1\j00689.mat
j00689,1023,23.0,05_resultados\revisao_operacional\campanha_v1\j00689.mat
j00689,1034,12.0,05_resultados\revisao_operacional\campanha_v1\j00689.mat
j00689,1044,2.0,05_resultados\revisao_operacional\campanha_v1\j00689.mat
j00689,1068,nan,05_resultados\revisao_operacional\campanha_v1\j00689.mat
j00689,1079,nan,05_resultados\revisao_operacional\campanha_v1\j00689.mat
j00689,1089,nan,05_resultados\revisao_operacional\campanha_v1\j00689.mat
j00689,1100,nan,05_resultados\revisao_operacional\campanha_v1\j00689.mat
j00689,1110,nan,05_resultados\revisao_operacional\campanha_v1\j00689.mat
j00689,1121,nan,05_resultados\revisao_operacional\campanha_v1\j00689.mat
j00689,1131,nan,05_resultados\revisao_operacional\campanha_v1\j00689.mat
j00689,1142,nan,05_resultados\revisao_operacional\campanha_v1\j00689.mat
j00689,1152,nan,05_resultados\revisao_operacional\campanha_v1\j00689.mat
j00689,1163,nan,05_resultados\revisao_operacional\campanha_v1\j00689.mat
j00689,1173,nan,05_resultados\revisao_operacional\campanha_v1\j00689.mat
j00689,1184,nan,05_resultados\revisao_operacional\campanha_v1\j00689.mat
j00689,1194,nan,05_resultados\revisao_operacional\campanha_v1\j00689.mat
j00690,1,0.0,05_resultados\revisao_operacional\campanha_v1\j00690.mat
j00690,12,0.0,05_resultados\revisao_operacional\campanha_v1\j00690.mat
j00690,22,0.0,05_resultados\revisao_operacional\campanha_v1\j00690.mat
j00690,33,0.0,05_resultados\revisao_operacional\campanha_v1\j00690.mat
j00690,43,0.0,05_resultados\revisao_operacional\campanha_v1\j00690.mat
j00690,54,0.0,05_resultados\revisao_operacional\campanha_v1\j00690.mat
j00690,64,0.0,05_resultados\revisao_operacional\campanha_v1\j00690.mat
j00690,75,0.0,05_resultados\revisao_operacional\campanha_v1\j00690.mat
j00690,85,0.0,05_resultados\revisao_operacional\campanha_v1\j00690.mat
j00690,96,0.0,05_resultados\revisao_operacional\campanha_v1\j00690.mat
j00690,106,0.0,05_resultados\revisao_operacional\campanha_v1\j00690.mat
j00690,117,0.0,05_resultados\revisao_operacional\campanha_v1\j00690.mat
j00690,128,0.0,05_resultados\revisao_operacional\campanha_v1\j00690.mat
j00690,138,0.0,05_resultados\revisao_operacional\campanha_v1\j00690.mat
j00690,149,0.0,05_resultados\revisao_operacional\campanha_v1\j00690.mat
j00690,159,0.0,05_resultados\revisao_operacional\campanha_v1\j00690.mat
j00690,170,0.0,05_resultados\revisao_operacional\campanha_v1\j00690.mat
j00690,180,0.0,05_resultados\revisao_operacional\campanha_v1\j00690.mat
j00690,190,0.0,05_resultados\revisao_operacional\campanha_v1\j00690.mat
j00690,201,0.0,05_resultados\revisao_operacional\campanha_v1\j00690.mat
j00690,211,0.0,05_resultados\revisao_operacional\campanha_v1\j00690.mat
j00690,222,0.0,05_resultados\revisao_operacional\campanha_v1\j00690.mat
j00690,233,0.0,05_resultados\revisao_operacional\campanha_v1\j00690.mat
j00690,243,0.0,05_resultados\revisao_operacional\campanha_v1\j00690.mat
j00690,254,0.0,05_resultados\revisao_operacional\campanha_v1\j00690.mat
j00690,264,0.0,05_resultados\revisao_operacional\campanha_v1\j00690.mat
j00690,275,0.0,05_resultados\revisao_operacional\campanha_v1\j00690.mat
j00690,285,0.0,05_resultados\revisao_operacional\campanha_v1\j00690.mat
j00690,296,0.0,05_resultados\revisao_operacional\campanha_v1\j00690.mat
j00690,306,0.0,05_resultados\revisao_operacional\campanha_v1\j00690.mat
j00690,317,0.0,05_resultados\revisao_operacional\campanha_v1\j00690.mat
j00690,327,0.0,05_resultados\revisao_operacional\campanha_v1\j00690.mat
j00690,338,0.0,05_resultados\revisao_operacional\campanha_v1\j00690.mat
j00690,348,0.0,05_resultados\revisao_operacional\campanha_v1\j00690.mat
j00690,359,0.0,05_resultados\revisao_operacional\campanha_v1\j00690.mat
j00690,369,0.0,05_resultados\revisao_operacional\campanha_v1\j00690.mat
j00690,380,0.0,05_resultados\revisao_operacional\campanha_v1\j00690.mat
j00690,390,0.0,05_resultados\revisao_operacional\campanha_v1\j00690.mat
j00690,401,0.0,05_resultados\revisao_operacional\campanha_v1\j00690.mat
j00690,411,0.0,05_resultados\revisao_operacional\campanha_v1\j00690.mat
j00690,422,0.0,05_resultados\revisao_operacional\campanha_v1\j00690.mat
j00690,432,0.0,05_resultados\revisao_operacional\campanha_v1\j00690.mat
j00690,443,0.0,05_resultados\revisao_operacional\campanha_v1\j00690.mat
j00690,453,0.0,05_resultados\revisao_operacional\campanha_v1\j00690.mat
j00690,464,0.0,05_resultados\revisao_operacional\campanha_v1\j00690.mat
j00690,474,0.0,05_resultados\revisao_operacional\campanha_v1\j00690.mat
j00690,485,0.0,05_resultados\revisao_operacional\campanha_v1\j00690.mat
j00690,495,0.0,05_resultados\revisao_operacional\campanha_v1\j00690.mat
j00690,506,0.0,05_resultados\revisao_operacional\campanha_v1\j00690.mat
j00690,516,0.0,05_resultados\revisao_operacional\campanha_v1\j00690.mat
j00690,527,0.0,05_resultados\revisao_operacional\campanha_v1\j00690.mat
j00690,537,0.0,05_resultados\revisao_operacional\campanha_v1\j00690.mat
j00690,548,0.0,05_resultados\revisao_operacional\campanha_v1\j00690.mat
j00690,558,0.0,05_resultados\revisao_operacional\campanha_v1\j00690.mat
j00690,569,0.0,05_resultados\revisao_operacional\campanha_v1\j00690.mat
j00690,579,0.0,05_resultados\revisao_operacional\campanha_v1\j00690.mat
j00690,590,0.0,05_resultados\revisao_operacional\campanha_v1\j00690.mat
j00690,600,0.0,05_resultados\revisao_operacional\campanha_v1\j00690.mat
j00690,611,0.0,05_resultados\revisao_operacional\campanha_v1\j00690.mat
j00690,621,0.0,05_resultados\revisao_operacional\campanha_v1\j00690.mat
j00690,632,0.0,05_resultados\revisao_operacional\campanha_v1\j00690.mat
j00690,642,0.0,05_resultados\revisao_operacional\campanha_v1\j00690.mat
j00690,653,0.0,05_resultados\revisao_operacional\campanha_v1\j00690.mat
j00690,663,0.0,05_resultados\revisao_operacional\campanha_v1\j00690.mat
j00690,674,0.0,05_resultados\revisao_operacional\campanha_v1\j00690.mat
j00690,684,0.0,05_resultados\revisao_operacional\campanha_v1\j00690.mat
j00690,695,0.0,05_resultados\revisao_operacional\campanha_v1\j00690.mat
j00690,705,0.0,05_resultados\revisao_operacional\campanha_v1\j00690.mat
j00690,716,0.0,05_resultados\revisao_operacional\campanha_v1\j00690.mat
j00690,726,0.0,05_resultados\revisao_operacional\campanha_v1\j00690.mat
j00690,737,0.0,05_resultados\revisao_operacional\campanha_v1\j00690.mat
j00690,747,0.0,05_resultados\revisao_operacional\campanha_v1\j00690.mat
j00690,758,0.0,05_resultados\revisao_operacional\campanha_v1\j00690.mat
j00690,768,0.0,05_resultados\revisao_operacional\campanha_v1\j00690.mat
j00690,779,0.0,05_resultados\revisao_operacional\campanha_v1\j00690.mat
j00690,789,0.0,05_resultados\revisao_operacional\campanha_v1\j00690.mat
j00690,800,0.0,05_resultados\revisao_operacional\campanha_v1\j00690.mat
j00690,810,0.0,05_resultados\revisao_operacional\campanha_v1\j00690.mat
j00690,821,0.0,05_resultados\revisao_operacional\campanha_v1\j00690.mat
j00690,845,0.0,05_resultados\revisao_operacional\campanha_v1\j00690.mat
j00690,856,0.0,05_resultados\revisao_operacional\campanha_v1\j00690.mat
j00690,866,0.0,05_resultados\revisao_operacional\campanha_v1\j00690.mat
j00690,877,0.0,05_resultados\revisao_operacional\campanha_v1\j00690.mat
j00690,887,0.0,05_resultados\revisao_operacional\campanha_v1\j00690.mat
j00690,898,0.0,05_resultados\revisao_operacional\campanha_v1\j00690.mat
j00690,908,0.0,05_resultados\revisao_operacional\campanha_v1\j00690.mat
j00690,919,0.0,05_resultados\revisao_operacional\campanha_v1\j00690.mat
j00690,929,0.0,05_resultados\revisao_operacional\campanha_v1\j00690.mat
j00690,939,0.0,05_resultados\revisao_operacional\campanha_v1\j00690.mat
j00690,950,0.0,05_resultados\revisao_operacional\campanha_v1\j00690.mat
j00690,960,0.0,05_resultados\revisao_operacional\campanha_v1\j00690.mat
j00690,971,0.0,05_resultados\revisao_operacional\campanha_v1\j00690.mat
j00690,981,0.0,05_resultados\revisao_operacional\campanha_v1\j00690.mat
j00690,992,0.0,05_resultados\revisao_operacional\campanha_v1\j00690.mat
j00690,1002,0.0,05_resultados\revisao_operacional\campanha_v1\j00690.mat
j00690,1013,0.0,05_resultados\revisao_operacional\campanha_v1\j00690.mat
j00690,1023,0.0,05_resultados\revisao_operacional\campanha_v1\j00690.mat
j00690,1034,0.0,05_resultados\revisao_operacional\campanha_v1\j00690.mat
j00690,1044,0.0,05_resultados\revisao_operacional\campanha_v1\j00690.mat
j00690,1068,0.0,05_resultados\revisao_operacional\campanha_v1\j00690.mat
j00690,1079,0.0,05_resultados\revisao_operacional\campanha_v1\j00690.mat
j00690,1089,0.0,05_resultados\revisao_operacional\campanha_v1\j00690.mat
j00690,1100,0.0,05_resultados\revisao_operacional\campanha_v1\j00690.mat
j00690,1110,0.0,05_resultados\revisao_operacional\campanha_v1\j00690.mat
j00690,1121,0.0,05_resultados\revisao_operacional\campanha_v1\j00690.mat
j00690,1131,0.0,05_resultados\revisao_operacional\campanha_v1\j00690.mat
j00690,1142,0.0,05_resultados\revisao_operacional\campanha_v1\j00690.mat
j00690,1152,0.0,05_resultados\revisao_operacional\campanha_v1\j00690.mat
j00690,1163,0.0,05_resultados\revisao_operacional\campanha_v1\j00690.mat
j00690,1173,0.0,05_resultados\revisao_operacional\campanha_v1\j00690.mat
j00690,1184,0.0,05_resultados\revisao_operacional\campanha_v1\j00690.mat
j00690,1194,nan,05_resultados\revisao_operacional\campanha_v1\j00690.mat
j00691,1,0.0,05_resultados\revisao_operacional\campanha_v1\j00691.mat
j00691,12,0.0,05_resultados\revisao_operacional\campanha_v1\j00691.mat
j00691,22,0.0,05_resultados\revisao_operacional\campanha_v1\j00691.mat
j00691,33,0.0,05_resultados\revisao_operacional\campanha_v1\j00691.mat
j00691,43,0.0,05_resultados\revisao_operacional\campanha_v1\j00691.mat
j00691,54,0.0,05_resultados\revisao_operacional\campanha_v1\j00691.mat
j00691,64,0.0,05_resultados\revisao_operacional\campanha_v1\j00691.mat
j00691,75,0.0,05_resultados\revisao_operacional\campanha_v1\j00691.mat
j00691,85,0.0,05_resultados\revisao_operacional\campanha_v1\j00691.mat
j00691,96,0.0,05_resultados\revisao_operacional\campanha_v1\j00691.mat
j00691,106,0.0,05_resultados\revisao_operacional\campanha_v1\j00691.mat
j00691,117,0.0,05_resultados\revisao_operacional\campanha_v1\j00691.mat
j00691,128,0.0,05_resultados\revisao_operacional\campanha_v1\j00691.mat
j00691,138,0.0,05_resultados\revisao_operacional\campanha_v1\j00691.mat
j00691,149,0.0,05_resultados\revisao_operacional\campanha_v1\j00691.mat
j00691,159,0.0,05_resultados\revisao_operacional\campanha_v1\j00691.mat
j00691,170,0.0,05_resultados\revisao_operacional\campanha_v1\j00691.mat
j00691,180,0.0,05_resultados\revisao_operacional\campanha_v1\j00691.mat
j00691,190,0.0,05_resultados\revisao_operacional\campanha_v1\j00691.mat
j00691,201,0.0,05_resultados\revisao_operacional\campanha_v1\j00691.mat
j00691,211,0.0,05_resultados\revisao_operacional\campanha_v1\j00691.mat
j00691,222,0.0,05_resultados\revisao_operacional\campanha_v1\j00691.mat
j00691,233,0.0,05_resultados\revisao_operacional\campanha_v1\j00691.mat
j00691,243,0.0,05_resultados\revisao_operacional\campanha_v1\j00691.mat
j00691,254,0.0,05_resultados\revisao_operacional\campanha_v1\j00691.mat
j00691,264,0.0,05_resultados\revisao_operacional\campanha_v1\j00691.mat
j00691,275,0.0,05_resultados\revisao_operacional\campanha_v1\j00691.mat
j00691,285,0.0,05_resultados\revisao_operacional\campanha_v1\j00691.mat
j00691,296,0.0,05_resultados\revisao_operacional\campanha_v1\j00691.mat
j00691,306,0.0,05_resultados\revisao_operacional\campanha_v1\j00691.mat
j00691,317,0.0,05_resultados\revisao_operacional\campanha_v1\j00691.mat
j00691,327,0.0,05_resultados\revisao_operacional\campanha_v1\j00691.mat
j00691,338,0.0,05_resultados\revisao_operacional\campanha_v1\j00691.mat
j00691,348,0.0,05_resultados\revisao_operacional\campanha_v1\j00691.mat
j00691,359,0.0,05_resultados\revisao_operacional\campanha_v1\j00691.mat
j00691,369,0.0,05_resultados\revisao_operacional\campanha_v1\j00691.mat
j00691,380,0.0,05_resultados\revisao_operacional\campanha_v1\j00691.mat
j00691,390,0.0,05_resultados\revisao_operacional\campanha_v1\j00691.mat
j00691,401,0.0,05_resultados\revisao_operacional\campanha_v1\j00691.mat
j00691,411,0.0,05_resultados\revisao_operacional\campanha_v1\j00691.mat
j00691,422,0.0,05_resultados\revisao_operacional\campanha_v1\j00691.mat
j00691,432,0.0,05_resultados\revisao_operacional\campanha_v1\j00691.mat
j00691,443,0.0,05_resultados\revisao_operacional\campanha_v1\j00691.mat
j00691,453,0.0,05_resultados\revisao_operacional\campanha_v1\j00691.mat
j00691,464,0.0,05_resultados\revisao_operacional\campanha_v1\j00691.mat
j00691,474,0.0,05_resultados\revisao_operacional\campanha_v1\j00691.mat
j00691,485,0.0,05_resultados\revisao_operacional\campanha_v1\j00691.mat
j00691,495,0.0,05_resultados\revisao_operacional\campanha_v1\j00691.mat
j00691,506,0.0,05_resultados\revisao_operacional\campanha_v1\j00691.mat
j00691,516,0.0,05_resultados\revisao_operacional\campanha_v1\j00691.mat
j00691,527,0.0,05_resultados\revisao_operacional\campanha_v1\j00691.mat
j00691,537,0.0,05_resultados\revisao_operacional\campanha_v1\j00691.mat
j00691,548,0.0,05_resultados\revisao_operacional\campanha_v1\j00691.mat
j00691,558,0.0,05_resultados\revisao_operacional\campanha_v1\j00691.mat
j00691,569,0.0,05_resultados\revisao_operacional\campanha_v1\j00691.mat
j00691,579,0.0,05_resultados\revisao_operacional\campanha_v1\j00691.mat
j00691,590,0.0,05_resultados\revisao_operacional\campanha_v1\j00691.mat
j00691,600,0.0,05_resultados\revisao_operacional\campanha_v1\j00691.mat
j00691,611,0.0,05_resultados\revisao_operacional\campanha_v1\j00691.mat
j00691,621,0.0,05_resultados\revisao_operacional\campanha_v1\j00691.mat
j00691,632,0.0,05_resultados\revisao_operacional\campanha_v1\j00691.mat
j00691,642,0.0,05_resultados\revisao_operacional\campanha_v1\j00691.mat
j00691,653,0.0,05_resultados\revisao_operacional\campanha_v1\j00691.mat
j00691,663,0.0,05_resultados\revisao_operacional\campanha_v1\j00691.mat
j00691,674,0.0,05_resultados\revisao_operacional\campanha_v1\j00691.mat
j00691,684,0.0,05_resultados\revisao_operacional\campanha_v1\j00691.mat
j00691,695,0.0,05_resultados\revisao_operacional\campanha_v1\j00691.mat
j00691,705,0.0,05_resultados\revisao_operacional\campanha_v1\j00691.mat
j00691,716,0.0,05_resultados\revisao_operacional\campanha_v1\j00691.mat
j00691,726,0.0,05_resultados\revisao_operacional\campanha_v1\j00691.mat
j00691,737,0.0,05_resultados\revisao_operacional\campanha_v1\j00691.mat
j00691,747,0.0,05_resultados\revisao_operacional\campanha_v1\j00691.mat
j00691,758,0.0,05_resultados\revisao_operacional\campanha_v1\j00691.mat
j00691,768,0.0,05_resultados\revisao_operacional\campanha_v1\j00691.mat
j00691,779,0.0,05_resultados\revisao_operacional\campanha_v1\j00691.mat
j00691,789,0.0,05_resultados\revisao_operacional\campanha_v1\j00691.mat
j00691,800,0.0,05_resultados\revisao_operacional\campanha_v1\j00691.mat
j00691,810,0.0,05_resultados\revisao_operacional\campanha_v1\j00691.mat
j00691,821,0.0,05_resultados\revisao_operacional\campanha_v1\j00691.mat
j00691,845,0.0,05_resultados\revisao_operacional\campanha_v1\j00691.mat
j00691,856,0.0,05_resultados\revisao_operacional\campanha_v1\j00691.mat
j00691,866,0.0,05_resultados\revisao_operacional\campanha_v1\j00691.mat
j00691,877,0.0,05_resultados\revisao_operacional\campanha_v1\j00691.mat
j00691,887,0.0,05_resultados\revisao_operacional\campanha_v1\j00691.mat
j00691,898,0.0,05_resultados\revisao_operacional\campanha_v1\j00691.mat
j00691,908,0.0,05_resultados\revisao_operacional\campanha_v1\j00691.mat
j00691,919,0.0,05_resultados\revisao_operacional\campanha_v1\j00691.mat
j00691,929,0.0,05_resultados\revisao_operacional\campanha_v1\j00691.mat
j00691,939,0.0,05_resultados\revisao_operacional\campanha_v1\j00691.mat
j00691,950,0.0,05_resultados\revisao_operacional\campanha_v1\j00691.mat
j00691,960,0.0,05_resultados\revisao_operacional\campanha_v1\j00691.mat
j00691,971,0.0,05_resultados\revisao_operacional\campanha_v1\j00691.mat
j00691,981,0.0,05_resultados\revisao_operacional\campanha_v1\j00691.mat
j00691,992,0.0,05_resultados\revisao_operacional\campanha_v1\j00691.mat
j00691,1002,0.0,05_resultados\revisao_operacional\campanha_v1\j00691.mat
j00691,1013,0.0,05_resultados\revisao_operacional\campanha_v1\j00691.mat
j00691,1023,0.0,05_resultados\revisao_operacional\campanha_v1\j00691.mat
j00691,1034,0.0,05_resultados\revisao_operacional\campanha_v1\j00691.mat
j00691,1044,0.0,05_resultados\revisao_operacional\campanha_v1\j00691.mat
j00691,1068,0.0,05_resultados\revisao_operacional\campanha_v1\j00691.mat
j00691,1079,0.0,05_resultados\revisao_operacional\campanha_v1\j00691.mat
j00691,1089,0.0,05_resultados\revisao_operacional\campanha_v1\j00691.mat
j00691,1100,0.0,05_resultados\revisao_operacional\campanha_v1\j00691.mat
j00691,1110,0.0,05_resultados\revisao_operacional\campanha_v1\j00691.mat
j00691,1121,0.0,05_resultados\revisao_operacional\campanha_v1\j00691.mat
j00691,1131,0.0,05_resultados\revisao_operacional\campanha_v1\j00691.mat
j00691,1142,0.0,05_resultados\revisao_operacional\campanha_v1\j00691.mat
j00691,1152,0.0,05_resultados\revisao_operacional\campanha_v1\j00691.mat
j00691,1163,0.0,05_resultados\revisao_operacional\campanha_v1\j00691.mat
j00691,1173,0.0,05_resultados\revisao_operacional\campanha_v1\j00691.mat
j00691,1184,0.0,05_resultados\revisao_operacional\campanha_v1\j00691.mat
j00691,1194,nan,05_resultados\revisao_operacional\campanha_v1\j00691.mat
j00692,0,1012.0,05_resultados\revisao_operacional\campanha_v1\j00692.mat
j00692,5,1007.0,05_resultados\revisao_operacional\campanha_v1\j00692.mat
j00692,16,996.0,05_resultados\revisao_operacional\campanha_v1\j00692.mat
j00692,26,986.0,05_resultados\revisao_operacional\campanha_v1\j00692.mat
j00692,37,975.0,05_resultados\revisao_operacional\campanha_v1\j00692.mat
j00692,47,965.0,05_resultados\revisao_operacional\campanha_v1\j00692.mat
j00692,58,954.0,05_resultados\revisao_operacional\campanha_v1\j00692.mat
j00692,68,944.0,05_resultados\revisao_operacional\campanha_v1\j00692.mat
j00692,79,933.0,05_resultados\revisao_operacional\campanha_v1\j00692.mat
j00692,90,922.0,05_resultados\revisao_operacional\campanha_v1\j00692.mat
j00692,100,912.0,05_resultados\revisao_operacional\campanha_v1\j00692.mat
j00692,111,901.0,05_resultados\revisao_operacional\campanha_v1\j00692.mat
j00692,121,891.0,05_resultados\revisao_operacional\campanha_v1\j00692.mat
j00692,132,880.0,05_resultados\revisao_operacional\campanha_v1\j00692.mat
j00692,142,870.0,05_resultados\revisao_operacional\campanha_v1\j00692.mat
j00692,152,860.0,05_resultados\revisao_operacional\campanha_v1\j00692.mat
j00692,163,849.0,05_resultados\revisao_operacional\campanha_v1\j00692.mat
j00692,173,839.0,05_resultados\revisao_operacional\campanha_v1\j00692.mat
j00692,184,828.0,05_resultados\revisao_operacional\campanha_v1\j00692.mat
j00692,195,817.0,05_resultados\revisao_operacional\campanha_v1\j00692.mat
j00692,205,807.0,05_resultados\revisao_operacional\campanha_v1\j00692.mat
j00692,216,796.0,05_resultados\revisao_operacional\campanha_v1\j00692.mat
j00692,226,786.0,05_resultados\revisao_operacional\campanha_v1\j00692.mat
j00692,237,775.0,05_resultados\revisao_operacional\campanha_v1\j00692.mat
j00692,247,765.0,05_resultados\revisao_operacional\campanha_v1\j00692.mat
j00692,258,754.0,05_resultados\revisao_operacional\campanha_v1\j00692.mat
j00692,268,744.0,05_resultados\revisao_operacional\campanha_v1\j00692.mat
j00692,279,733.0,05_resultados\revisao_operacional\campanha_v1\j00692.mat
j00692,289,723.0,05_resultados\revisao_operacional\campanha_v1\j00692.mat
j00692,300,712.0,05_resultados\revisao_operacional\campanha_v1\j00692.mat
j00692,310,702.0,05_resultados\revisao_operacional\campanha_v1\j00692.mat
j00692,321,691.0,05_resultados\revisao_operacional\campanha_v1\j00692.mat
j00692,331,681.0,05_resultados\revisao_operacional\campanha_v1\j00692.mat
j00692,342,670.0,05_resultados\revisao_operacional\campanha_v1\j00692.mat
j00692,352,660.0,05_resultados\revisao_operacional\campanha_v1\j00692.mat
j00692,363,649.0,05_resultados\revisao_operacional\campanha_v1\j00692.mat
j00692,373,639.0,05_resultados\revisao_operacional\campanha_v1\j00692.mat
j00692,384,628.0,05_resultados\revisao_operacional\campanha_v1\j00692.mat
j00692,394,618.0,05_resultados\revisao_operacional\campanha_v1\j00692.mat
j00692,405,607.0,05_resultados\revisao_operacional\campanha_v1\j00692.mat
j00692,415,597.0,05_resultados\revisao_operacional\campanha_v1\j00692.mat
j00692,426,586.0,05_resultados\revisao_operacional\campanha_v1\j00692.mat
j00692,436,576.0,05_resultados\revisao_operacional\campanha_v1\j00692.mat
j00692,447,565.0,05_resultados\revisao_operacional\campanha_v1\j00692.mat
j00692,457,555.0,05_resultados\revisao_operacional\campanha_v1\j00692.mat
j00692,468,544.0,05_resultados\revisao_operacional\campanha_v1\j00692.mat
j00692,478,534.0,05_resultados\revisao_operacional\campanha_v1\j00692.mat
j00692,489,523.0,05_resultados\revisao_operacional\campanha_v1\j00692.mat
j00692,499,513.0,05_resultados\revisao_operacional\campanha_v1\j00692.mat
j00692,510,502.0,05_resultados\revisao_operacional\campanha_v1\j00692.mat
j00692,520,492.0,05_resultados\revisao_operacional\campanha_v1\j00692.mat
j00692,531,481.0,05_resultados\revisao_operacional\campanha_v1\j00692.mat
j00692,541,471.0,05_resultados\revisao_operacional\campanha_v1\j00692.mat
j00692,552,460.0,05_resultados\revisao_operacional\campanha_v1\j00692.mat
j00692,562,450.0,05_resultados\revisao_operacional\campanha_v1\j00692.mat
j00692,573,439.0,05_resultados\revisao_operacional\campanha_v1\j00692.mat
j00692,583,429.0,05_resultados\revisao_operacional\campanha_v1\j00692.mat
j00692,594,418.0,05_resultados\revisao_operacional\campanha_v1\j00692.mat
j00692,604,408.0,05_resultados\revisao_operacional\campanha_v1\j00692.mat
j00692,615,397.0,05_resultados\revisao_operacional\campanha_v1\j00692.mat
j00692,625,387.0,05_resultados\revisao_operacional\campanha_v1\j00692.mat
j00692,636,376.0,05_resultados\revisao_operacional\campanha_v1\j00692.mat
j00692,646,366.0,05_resultados\revisao_operacional\campanha_v1\j00692.mat
j00692,657,355.0,05_resultados\revisao_operacional\campanha_v1\j00692.mat
j00692,667,345.0,05_resultados\revisao_operacional\campanha_v1\j00692.mat
j00692,678,334.0,05_resultados\revisao_operacional\campanha_v1\j00692.mat
j00692,688,324.0,05_resultados\revisao_operacional\campanha_v1\j00692.mat
j00692,699,313.0,05_resultados\revisao_operacional\campanha_v1\j00692.mat
j00692,709,303.0,05_resultados\revisao_operacional\campanha_v1\j00692.mat
j00692,720,292.0,05_resultados\revisao_operacional\campanha_v1\j00692.mat
j00692,730,282.0,05_resultados\revisao_operacional\campanha_v1\j00692.mat
j00692,741,271.0,05_resultados\revisao_operacional\campanha_v1\j00692.mat
j00692,751,261.0,05_resultados\revisao_operacional\campanha_v1\j00692.mat
j00692,762,250.0,05_resultados\revisao_operacional\campanha_v1\j00692.mat
j00692,772,240.0,05_resultados\revisao_operacional\campanha_v1\j00692.mat
j00692,783,229.0,05_resultados\revisao_operacional\campanha_v1\j00692.mat
j00692,807,205.0,05_resultados\revisao_operacional\campanha_v1\j00692.mat
j00692,818,194.0,05_resultados\revisao_operacional\campanha_v1\j00692.mat
j00692,828,184.0,05_resultados\revisao_operacional\campanha_v1\j00692.mat
j00692,839,173.0,05_resultados\revisao_operacional\campanha_v1\j00692.mat
j00692,849,163.0,05_resultados\revisao_operacional\campanha_v1\j00692.mat
j00692,860,152.0,05_resultados\revisao_operacional\campanha_v1\j00692.mat
j00692,870,142.0,05_resultados\revisao_operacional\campanha_v1\j00692.mat
j00692,881,131.0,05_resultados\revisao_operacional\campanha_v1\j00692.mat
j00692,891,121.0,05_resultados\revisao_operacional\campanha_v1\j00692.mat
j00692,901,111.0,05_resultados\revisao_operacional\campanha_v1\j00692.mat
j00692,912,100.0,05_resultados\revisao_operacional\campanha_v1\j00692.mat
j00692,922,90.0,05_resultados\revisao_operacional\campanha_v1\j00692.mat
j00692,933,79.0,05_resultados\revisao_operacional\campanha_v1\j00692.mat
j00692,943,69.0,05_resultados\revisao_operacional\campanha_v1\j00692.mat
j00692,954,58.0,05_resultados\revisao_operacional\campanha_v1\j00692.mat
j00692,964,48.0,05_resultados\revisao_operacional\campanha_v1\j00692.mat
j00692,975,37.0,05_resultados\revisao_operacional\campanha_v1\j00692.mat
j00692,985,27.0,05_resultados\revisao_operacional\campanha_v1\j00692.mat
j00692,996,16.0,05_resultados\revisao_operacional\campanha_v1\j00692.mat
j00692,1006,6.0,05_resultados\revisao_operacional\campanha_v1\j00692.mat
j00692,1030,nan,05_resultados\revisao_operacional\campanha_v1\j00692.mat
j00692,1041,nan,05_resultados\revisao_operacional\campanha_v1\j00692.mat
j00692,1051,nan,05_resultados\revisao_operacional\campanha_v1\j00692.mat
j00692,1062,nan,05_resultados\revisao_operacional\campanha_v1\j00692.mat
j00692,1072,nan,05_resultados\revisao_operacional\campanha_v1\j00692.mat
j00692,1083,nan,05_resultados\revisao_operacional\campanha_v1\j00692.mat
j00692,1093,nan,05_resultados\revisao_operacional\campanha_v1\j00692.mat
j00692,1104,nan,05_resultados\revisao_operacional\campanha_v1\j00692.mat
j00692,1114,nan,05_resultados\revisao_operacional\campanha_v1\j00692.mat
j00692,1125,nan,05_resultados\revisao_operacional\campanha_v1\j00692.mat
j00692,1135,nan,05_resultados\revisao_operacional\campanha_v1\j00692.mat
j00692,1146,nan,05_resultados\revisao_operacional\campanha_v1\j00692.mat
j00692,1156,nan,05_resultados\revisao_operacional\campanha_v1\j00692.mat
j00692,1167,nan,05_resultados\revisao_operacional\campanha_v1\j00692.mat
j00692,1177,nan,05_resultados\revisao_operacional\campanha_v1\j00692.mat
j00692,1188,nan,05_resultados\revisao_operacional\campanha_v1\j00692.mat
j00692,1198,nan,05_resultados\revisao_operacional\campanha_v1\j00692.mat
j00693,0,301.0,05_resultados\revisao_operacional\campanha_v1\j00693.mat
j00693,5,296.0,05_resultados\revisao_operacional\campanha_v1\j00693.mat
j00693,16,285.0,05_resultados\revisao_operacional\campanha_v1\j00693.mat
j00693,26,275.0,05_resultados\revisao_operacional\campanha_v1\j00693.mat
j00693,37,264.0,05_resultados\revisao_operacional\campanha_v1\j00693.mat
j00693,47,254.0,05_resultados\revisao_operacional\campanha_v1\j00693.mat
j00693,58,243.0,05_resultados\revisao_operacional\campanha_v1\j00693.mat
j00693,68,233.0,05_resultados\revisao_operacional\campanha_v1\j00693.mat
j00693,79,222.0,05_resultados\revisao_operacional\campanha_v1\j00693.mat
j00693,90,211.0,05_resultados\revisao_operacional\campanha_v1\j00693.mat
j00693,100,201.0,05_resultados\revisao_operacional\campanha_v1\j00693.mat
j00693,111,190.0,05_resultados\revisao_operacional\campanha_v1\j00693.mat
j00693,121,180.0,05_resultados\revisao_operacional\campanha_v1\j00693.mat
j00693,132,169.0,05_resultados\revisao_operacional\campanha_v1\j00693.mat
j00693,142,159.0,05_resultados\revisao_operacional\campanha_v1\j00693.mat
j00693,152,149.0,05_resultados\revisao_operacional\campanha_v1\j00693.mat
j00693,163,138.0,05_resultados\revisao_operacional\campanha_v1\j00693.mat
j00693,173,128.0,05_resultados\revisao_operacional\campanha_v1\j00693.mat
j00693,184,117.0,05_resultados\revisao_operacional\campanha_v1\j00693.mat
j00693,195,106.0,05_resultados\revisao_operacional\campanha_v1\j00693.mat
j00693,205,96.0,05_resultados\revisao_operacional\campanha_v1\j00693.mat
j00693,216,85.0,05_resultados\revisao_operacional\campanha_v1\j00693.mat
j00693,226,75.0,05_resultados\revisao_operacional\campanha_v1\j00693.mat
j00693,237,64.0,05_resultados\revisao_operacional\campanha_v1\j00693.mat
j00693,247,54.0,05_resultados\revisao_operacional\campanha_v1\j00693.mat
j00693,258,43.0,05_resultados\revisao_operacional\campanha_v1\j00693.mat
j00693,268,33.0,05_resultados\revisao_operacional\campanha_v1\j00693.mat
j00693,279,22.0,05_resultados\revisao_operacional\campanha_v1\j00693.mat
j00693,289,12.0,05_resultados\revisao_operacional\campanha_v1\j00693.mat
j00693,300,1.0,05_resultados\revisao_operacional\campanha_v1\j00693.mat
j00693,310,477.0,05_resultados\revisao_operacional\campanha_v1\j00693.mat
j00693,321,466.0,05_resultados\revisao_operacional\campanha_v1\j00693.mat
j00693,331,456.0,05_resultados\revisao_operacional\campanha_v1\j00693.mat
j00693,342,445.0,05_resultados\revisao_operacional\campanha_v1\j00693.mat
j00693,352,435.0,05_resultados\revisao_operacional\campanha_v1\j00693.mat
j00693,363,424.0,05_resultados\revisao_operacional\campanha_v1\j00693.mat
j00693,373,414.0,05_resultados\revisao_operacional\campanha_v1\j00693.mat
j00693,384,403.0,05_resultados\revisao_operacional\campanha_v1\j00693.mat
j00693,394,393.0,05_resultados\revisao_operacional\campanha_v1\j00693.mat
j00693,405,382.0,05_resultados\revisao_operacional\campanha_v1\j00693.mat
j00693,415,372.0,05_resultados\revisao_operacional\campanha_v1\j00693.mat
j00693,426,361.0,05_resultados\revisao_operacional\campanha_v1\j00693.mat
j00693,436,351.0,05_resultados\revisao_operacional\campanha_v1\j00693.mat
j00693,447,340.0,05_resultados\revisao_operacional\campanha_v1\j00693.mat
j00693,457,330.0,05_resultados\revisao_operacional\campanha_v1\j00693.mat
j00693,468,319.0,05_resultados\revisao_operacional\campanha_v1\j00693.mat
j00693,478,309.0,05_resultados\revisao_operacional\campanha_v1\j00693.mat
j00693,489,298.0,05_resultados\revisao_operacional\campanha_v1\j00693.mat
j00693,499,288.0,05_resultados\revisao_operacional\campanha_v1\j00693.mat
j00693,510,277.0,05_resultados\revisao_operacional\campanha_v1\j00693.mat
j00693,520,267.0,05_resultados\revisao_operacional\campanha_v1\j00693.mat
j00693,531,256.0,05_resultados\revisao_operacional\campanha_v1\j00693.mat
j00693,541,246.0,05_resultados\revisao_operacional\campanha_v1\j00693.mat
j00693,552,235.0,05_resultados\revisao_operacional\campanha_v1\j00693.mat
j00693,562,225.0,05_resultados\revisao_operacional\campanha_v1\j00693.mat
j00693,573,214.0,05_resultados\revisao_operacional\campanha_v1\j00693.mat
j00693,583,204.0,05_resultados\revisao_operacional\campanha_v1\j00693.mat
j00693,594,193.0,05_resultados\revisao_operacional\campanha_v1\j00693.mat
j00693,604,183.0,05_resultados\revisao_operacional\campanha_v1\j00693.mat
j00693,615,172.0,05_resultados\revisao_operacional\campanha_v1\j00693.mat
j00693,625,162.0,05_resultados\revisao_operacional\campanha_v1\j00693.mat
j00693,636,151.0,05_resultados\revisao_operacional\campanha_v1\j00693.mat
j00693,646,141.0,05_resultados\revisao_operacional\campanha_v1\j00693.mat
j00693,657,130.0,05_resultados\revisao_operacional\campanha_v1\j00693.mat
j00693,667,120.0,05_resultados\revisao_operacional\campanha_v1\j00693.mat
j00693,678,109.0,05_resultados\revisao_operacional\campanha_v1\j00693.mat
j00693,688,99.0,05_resultados\revisao_operacional\campanha_v1\j00693.mat
j00693,699,88.0,05_resultados\revisao_operacional\campanha_v1\j00693.mat
j00693,709,78.0,05_resultados\revisao_operacional\campanha_v1\j00693.mat
j00693,720,67.0,05_resultados\revisao_operacional\campanha_v1\j00693.mat
j00693,730,57.0,05_resultados\revisao_operacional\campanha_v1\j00693.mat
j00693,741,46.0,05_resultados\revisao_operacional\campanha_v1\j00693.mat
j00693,751,36.0,05_resultados\revisao_operacional\campanha_v1\j00693.mat
j00693,762,25.0,05_resultados\revisao_operacional\campanha_v1\j00693.mat
j00693,772,15.0,05_resultados\revisao_operacional\campanha_v1\j00693.mat
j00693,783,4.0,05_resultados\revisao_operacional\campanha_v1\j00693.mat
j00693,807,205.0,05_resultados\revisao_operacional\campanha_v1\j00693.mat
j00693,818,194.0,05_resultados\revisao_operacional\campanha_v1\j00693.mat
j00693,828,184.0,05_resultados\revisao_operacional\campanha_v1\j00693.mat
j00693,839,173.0,05_resultados\revisao_operacional\campanha_v1\j00693.mat
j00693,849,163.0,05_resultados\revisao_operacional\campanha_v1\j00693.mat
j00693,860,152.0,05_resultados\revisao_operacional\campanha_v1\j00693.mat
j00693,870,142.0,05_resultados\revisao_operacional\campanha_v1\j00693.mat
j00693,881,131.0,05_resultados\revisao_operacional\campanha_v1\j00693.mat
j00693,891,121.0,05_resultados\revisao_operacional\campanha_v1\j00693.mat
j00693,901,111.0,05_resultados\revisao_operacional\campanha_v1\j00693.mat
j00693,912,100.0,05_resultados\revisao_operacional\campanha_v1\j00693.mat
j00693,922,90.0,05_resultados\revisao_operacional\campanha_v1\j00693.mat
j00693,933,79.0,05_resultados\revisao_operacional\campanha_v1\j00693.mat
j00693,943,69.0,05_resultados\revisao_operacional\campanha_v1\j00693.mat
j00693,954,58.0,05_resultados\revisao_operacional\campanha_v1\j00693.mat
j00693,964,48.0,05_resultados\revisao_operacional\campanha_v1\j00693.mat
j00693,975,37.0,05_resultados\revisao_operacional\campanha_v1\j00693.mat
j00693,985,27.0,05_resultados\revisao_operacional\campanha_v1\j00693.mat
j00693,996,16.0,05_resultados\revisao_operacional\campanha_v1\j00693.mat
j00693,1006,6.0,05_resultados\revisao_operacional\campanha_v1\j00693.mat
j00693,1030,nan,05_resultados\revisao_operacional\campanha_v1\j00693.mat
j00693,1041,nan,05_resultados\revisao_operacional\campanha_v1\j00693.mat
j00693,1051,nan,05_resultados\revisao_operacional\campanha_v1\j00693.mat
j00693,1062,nan,05_resultados\revisao_operacional\campanha_v1\j00693.mat
j00693,1072,nan,05_resultados\revisao_operacional\campanha_v1\j00693.mat
j00693,1083,nan,05_resultados\revisao_operacional\campanha_v1\j00693.mat
j00693,1093,nan,05_resultados\revisao_operacional\campanha_v1\j00693.mat
j00693,1104,nan,05_resultados\revisao_operacional\campanha_v1\j00693.mat
j00693,1114,nan,05_resultados\revisao_operacional\campanha_v1\j00693.mat
j00693,1125,nan,05_resultados\revisao_operacional\campanha_v1\j00693.mat
j00693,1135,nan,05_resultados\revisao_operacional\campanha_v1\j00693.mat
j00693,1146,nan,05_resultados\revisao_operacional\campanha_v1\j00693.mat
j00693,1156,nan,05_resultados\revisao_operacional\campanha_v1\j00693.mat
j00693,1167,nan,05_resultados\revisao_operacional\campanha_v1\j00693.mat
j00693,1177,nan,05_resultados\revisao_operacional\campanha_v1\j00693.mat
j00693,1188,nan,05_resultados\revisao_operacional\campanha_v1\j00693.mat
j00693,1198,nan,05_resultados\revisao_operacional\campanha_v1\j00693.mat
j00694,0,1.0,05_resultados\revisao_operacional\campanha_v1\j00694.mat
j00694,5,0.0,05_resultados\revisao_operacional\campanha_v1\j00694.mat
j00694,16,1.0,05_resultados\revisao_operacional\campanha_v1\j00694.mat
j00694,26,0.0,05_resultados\revisao_operacional\campanha_v1\j00694.mat
j00694,37,1.0,05_resultados\revisao_operacional\campanha_v1\j00694.mat
j00694,47,0.0,05_resultados\revisao_operacional\campanha_v1\j00694.mat
j00694,58,950.0,05_resultados\revisao_operacional\campanha_v1\j00694.mat
j00694,68,940.0,05_resultados\revisao_operacional\campanha_v1\j00694.mat
j00694,79,929.0,05_resultados\revisao_operacional\campanha_v1\j00694.mat
j00694,90,918.0,05_resultados\revisao_operacional\campanha_v1\j00694.mat
j00694,100,908.0,05_resultados\revisao_operacional\campanha_v1\j00694.mat
j00694,111,897.0,05_resultados\revisao_operacional\campanha_v1\j00694.mat
j00694,121,887.0,05_resultados\revisao_operacional\campanha_v1\j00694.mat
j00694,132,876.0,05_resultados\revisao_operacional\campanha_v1\j00694.mat
j00694,142,866.0,05_resultados\revisao_operacional\campanha_v1\j00694.mat
j00694,152,856.0,05_resultados\revisao_operacional\campanha_v1\j00694.mat
j00694,163,845.0,05_resultados\revisao_operacional\campanha_v1\j00694.mat
j00694,173,835.0,05_resultados\revisao_operacional\campanha_v1\j00694.mat
j00694,184,824.0,05_resultados\revisao_operacional\campanha_v1\j00694.mat
j00694,195,813.0,05_resultados\revisao_operacional\campanha_v1\j00694.mat
j00694,205,803.0,05_resultados\revisao_operacional\campanha_v1\j00694.mat
j00694,216,792.0,05_resultados\revisao_operacional\campanha_v1\j00694.mat
j00694,226,782.0,05_resultados\revisao_operacional\campanha_v1\j00694.mat
j00694,237,771.0,05_resultados\revisao_operacional\campanha_v1\j00694.mat
j00694,247,761.0,05_resultados\revisao_operacional\campanha_v1\j00694.mat
j00694,258,750.0,05_resultados\revisao_operacional\campanha_v1\j00694.mat
j00694,268,740.0,05_resultados\revisao_operacional\campanha_v1\j00694.mat
j00694,279,729.0,05_resultados\revisao_operacional\campanha_v1\j00694.mat
j00694,289,719.0,05_resultados\revisao_operacional\campanha_v1\j00694.mat
j00694,300,708.0,05_resultados\revisao_operacional\campanha_v1\j00694.mat
j00694,310,698.0,05_resultados\revisao_operacional\campanha_v1\j00694.mat
j00694,321,687.0,05_resultados\revisao_operacional\campanha_v1\j00694.mat
j00694,331,677.0,05_resultados\revisao_operacional\campanha_v1\j00694.mat
j00694,342,666.0,05_resultados\revisao_operacional\campanha_v1\j00694.mat
j00694,352,656.0,05_resultados\revisao_operacional\campanha_v1\j00694.mat
j00694,363,645.0,05_resultados\revisao_operacional\campanha_v1\j00694.mat
j00694,373,635.0,05_resultados\revisao_operacional\campanha_v1\j00694.mat
j00694,384,624.0,05_resultados\revisao_operacional\campanha_v1\j00694.mat
j00694,394,614.0,05_resultados\revisao_operacional\campanha_v1\j00694.mat
j00694,405,603.0,05_resultados\revisao_operacional\campanha_v1\j00694.mat
j00694,415,593.0,05_resultados\revisao_operacional\campanha_v1\j00694.mat
j00694,426,582.0,05_resultados\revisao_operacional\campanha_v1\j00694.mat
j00694,436,572.0,05_resultados\revisao_operacional\campanha_v1\j00694.mat
j00694,447,561.0,05_resultados\revisao_operacional\campanha_v1\j00694.mat
j00694,457,551.0,05_resultados\revisao_operacional\campanha_v1\j00694.mat
j00694,468,540.0,05_resultados\revisao_operacional\campanha_v1\j00694.mat
j00694,478,530.0,05_resultados\revisao_operacional\campanha_v1\j00694.mat
j00694,489,519.0,05_resultados\revisao_operacional\campanha_v1\j00694.mat
j00694,499,509.0,05_resultados\revisao_operacional\campanha_v1\j00694.mat
j00694,510,498.0,05_resultados\revisao_operacional\campanha_v1\j00694.mat
j00694,520,488.0,05_resultados\revisao_operacional\campanha_v1\j00694.mat
j00694,531,477.0,05_resultados\revisao_operacional\campanha_v1\j00694.mat
j00694,541,467.0,05_resultados\revisao_operacional\campanha_v1\j00694.mat
j00694,552,456.0,05_resultados\revisao_operacional\campanha_v1\j00694.mat
j00694,562,446.0,05_resultados\revisao_operacional\campanha_v1\j00694.mat
j00694,573,435.0,05_resultados\revisao_operacional\campanha_v1\j00694.mat
j00694,583,425.0,05_resultados\revisao_operacional\campanha_v1\j00694.mat
j00694,594,414.0,05_resultados\revisao_operacional\campanha_v1\j00694.mat
j00694,604,404.0,05_resultados\revisao_operacional\campanha_v1\j00694.mat
j00694,615,393.0,05_resultados\revisao_operacional\campanha_v1\j00694.mat
j00694,625,383.0,05_resultados\revisao_operacional\campanha_v1\j00694.mat
j00694,636,372.0,05_resultados\revisao_operacional\campanha_v1\j00694.mat
j00694,646,362.0,05_resultados\revisao_operacional\campanha_v1\j00694.mat
j00694,657,351.0,05_resultados\revisao_operacional\campanha_v1\j00694.mat
j00694,667,341.0,05_resultados\revisao_operacional\campanha_v1\j00694.mat
j00694,678,330.0,05_resultados\revisao_operacional\campanha_v1\j00694.mat
j00694,688,320.0,05_resultados\revisao_operacional\campanha_v1\j00694.mat
j00694,699,309.0,05_resultados\revisao_operacional\campanha_v1\j00694.mat
j00694,709,299.0,05_resultados\revisao_operacional\campanha_v1\j00694.mat
j00694,720,288.0,05_resultados\revisao_operacional\campanha_v1\j00694.mat
j00694,730,278.0,05_resultados\revisao_operacional\campanha_v1\j00694.mat
j00694,741,267.0,05_resultados\revisao_operacional\campanha_v1\j00694.mat
j00694,751,257.0,05_resultados\revisao_operacional\campanha_v1\j00694.mat
j00694,762,246.0,05_resultados\revisao_operacional\campanha_v1\j00694.mat
j00694,772,236.0,05_resultados\revisao_operacional\campanha_v1\j00694.mat
j00694,783,225.0,05_resultados\revisao_operacional\campanha_v1\j00694.mat
j00694,807,201.0,05_resultados\revisao_operacional\campanha_v1\j00694.mat
j00694,818,190.0,05_resultados\revisao_operacional\campanha_v1\j00694.mat
j00694,828,180.0,05_resultados\revisao_operacional\campanha_v1\j00694.mat
j00694,839,169.0,05_resultados\revisao_operacional\campanha_v1\j00694.mat
j00694,849,159.0,05_resultados\revisao_operacional\campanha_v1\j00694.mat
j00694,860,148.0,05_resultados\revisao_operacional\campanha_v1\j00694.mat
j00694,870,138.0,05_resultados\revisao_operacional\campanha_v1\j00694.mat
j00694,881,127.0,05_resultados\revisao_operacional\campanha_v1\j00694.mat
j00694,891,117.0,05_resultados\revisao_operacional\campanha_v1\j00694.mat
j00694,901,107.0,05_resultados\revisao_operacional\campanha_v1\j00694.mat
j00694,912,96.0,05_resultados\revisao_operacional\campanha_v1\j00694.mat
j00694,922,86.0,05_resultados\revisao_operacional\campanha_v1\j00694.mat
j00694,933,75.0,05_resultados\revisao_operacional\campanha_v1\j00694.mat
j00694,943,65.0,05_resultados\revisao_operacional\campanha_v1\j00694.mat
j00694,954,54.0,05_resultados\revisao_operacional\campanha_v1\j00694.mat
j00694,964,44.0,05_resultados\revisao_operacional\campanha_v1\j00694.mat
j00694,975,33.0,05_resultados\revisao_operacional\campanha_v1\j00694.mat
j00694,985,23.0,05_resultados\revisao_operacional\campanha_v1\j00694.mat
j00694,996,12.0,05_resultados\revisao_operacional\campanha_v1\j00694.mat
j00694,1006,2.0,05_resultados\revisao_operacional\campanha_v1\j00694.mat
j00694,1030,nan,05_resultados\revisao_operacional\campanha_v1\j00694.mat
j00694,1041,nan,05_resultados\revisao_operacional\campanha_v1\j00694.mat
j00694,1051,nan,05_resultados\revisao_operacional\campanha_v1\j00694.mat
j00694,1062,nan,05_resultados\revisao_operacional\campanha_v1\j00694.mat
j00694,1072,nan,05_resultados\revisao_operacional\campanha_v1\j00694.mat
j00694,1083,nan,05_resultados\revisao_operacional\campanha_v1\j00694.mat
j00694,1093,nan,05_resultados\revisao_operacional\campanha_v1\j00694.mat
j00694,1104,nan,05_resultados\revisao_operacional\campanha_v1\j00694.mat
j00694,1114,nan,05_resultados\revisao_operacional\campanha_v1\j00694.mat
j00694,1125,nan,05_resultados\revisao_operacional\campanha_v1\j00694.mat
j00694,1135,nan,05_resultados\revisao_operacional\campanha_v1\j00694.mat
j00694,1146,nan,05_resultados\revisao_operacional\campanha_v1\j00694.mat
j00694,1156,nan,05_resultados\revisao_operacional\campanha_v1\j00694.mat
j00694,1167,nan,05_resultados\revisao_operacional\campanha_v1\j00694.mat
j00694,1177,nan,05_resultados\revisao_operacional\campanha_v1\j00694.mat
j00694,1188,nan,05_resultados\revisao_operacional\campanha_v1\j00694.mat
j00694,1198,nan,05_resultados\revisao_operacional\campanha_v1\j00694.mat
j00695,0,1.0,05_resultados\revisao_operacional\campanha_v1\j00695.mat
j00695,5,0.0,05_resultados\revisao_operacional\campanha_v1\j00695.mat
j00695,16,0.0,05_resultados\revisao_operacional\campanha_v1\j00695.mat
j00695,26,0.0,05_resultados\revisao_operacional\campanha_v1\j00695.mat
j00695,37,0.0,05_resultados\revisao_operacional\campanha_v1\j00695.mat
j00695,47,0.0,05_resultados\revisao_operacional\campanha_v1\j00695.mat
j00695,58,0.0,05_resultados\revisao_operacional\campanha_v1\j00695.mat
j00695,68,0.0,05_resultados\revisao_operacional\campanha_v1\j00695.mat
j00695,79,0.0,05_resultados\revisao_operacional\campanha_v1\j00695.mat
j00695,90,0.0,05_resultados\revisao_operacional\campanha_v1\j00695.mat
j00695,100,0.0,05_resultados\revisao_operacional\campanha_v1\j00695.mat
j00695,111,0.0,05_resultados\revisao_operacional\campanha_v1\j00695.mat
j00695,121,0.0,05_resultados\revisao_operacional\campanha_v1\j00695.mat
j00695,132,0.0,05_resultados\revisao_operacional\campanha_v1\j00695.mat
j00695,142,0.0,05_resultados\revisao_operacional\campanha_v1\j00695.mat
j00695,152,0.0,05_resultados\revisao_operacional\campanha_v1\j00695.mat
j00695,163,0.0,05_resultados\revisao_operacional\campanha_v1\j00695.mat
j00695,173,0.0,05_resultados\revisao_operacional\campanha_v1\j00695.mat
j00695,184,0.0,05_resultados\revisao_operacional\campanha_v1\j00695.mat
j00695,195,0.0,05_resultados\revisao_operacional\campanha_v1\j00695.mat
j00695,205,0.0,05_resultados\revisao_operacional\campanha_v1\j00695.mat
j00695,216,0.0,05_resultados\revisao_operacional\campanha_v1\j00695.mat
j00695,226,0.0,05_resultados\revisao_operacional\campanha_v1\j00695.mat
j00695,237,0.0,05_resultados\revisao_operacional\campanha_v1\j00695.mat
j00695,247,0.0,05_resultados\revisao_operacional\campanha_v1\j00695.mat
j00695,258,0.0,05_resultados\revisao_operacional\campanha_v1\j00695.mat
j00695,268,0.0,05_resultados\revisao_operacional\campanha_v1\j00695.mat
j00695,279,0.0,05_resultados\revisao_operacional\campanha_v1\j00695.mat
j00695,289,0.0,05_resultados\revisao_operacional\campanha_v1\j00695.mat
j00695,300,0.0,05_resultados\revisao_operacional\campanha_v1\j00695.mat
j00695,310,0.0,05_resultados\revisao_operacional\campanha_v1\j00695.mat
j00695,321,0.0,05_resultados\revisao_operacional\campanha_v1\j00695.mat
j00695,331,0.0,05_resultados\revisao_operacional\campanha_v1\j00695.mat
j00695,342,0.0,05_resultados\revisao_operacional\campanha_v1\j00695.mat
j00695,352,0.0,05_resultados\revisao_operacional\campanha_v1\j00695.mat
j00695,363,0.0,05_resultados\revisao_operacional\campanha_v1\j00695.mat
j00695,373,0.0,05_resultados\revisao_operacional\campanha_v1\j00695.mat
j00695,384,0.0,05_resultados\revisao_operacional\campanha_v1\j00695.mat
j00695,394,0.0,05_resultados\revisao_operacional\campanha_v1\j00695.mat
j00695,405,0.0,05_resultados\revisao_operacional\campanha_v1\j00695.mat
j00695,415,0.0,05_resultados\revisao_operacional\campanha_v1\j00695.mat
j00695,426,0.0,05_resultados\revisao_operacional\campanha_v1\j00695.mat
j00695,436,0.0,05_resultados\revisao_operacional\campanha_v1\j00695.mat
j00695,447,0.0,05_resultados\revisao_operacional\campanha_v1\j00695.mat
j00695,457,0.0,05_resultados\revisao_operacional\campanha_v1\j00695.mat
j00695,468,0.0,05_resultados\revisao_operacional\campanha_v1\j00695.mat
j00695,478,0.0,05_resultados\revisao_operacional\campanha_v1\j00695.mat
j00695,489,0.0,05_resultados\revisao_operacional\campanha_v1\j00695.mat
j00695,499,0.0,05_resultados\revisao_operacional\campanha_v1\j00695.mat
j00695,510,0.0,05_resultados\revisao_operacional\campanha_v1\j00695.mat
j00695,520,0.0,05_resultados\revisao_operacional\campanha_v1\j00695.mat
j00695,531,0.0,05_resultados\revisao_operacional\campanha_v1\j00695.mat
j00695,541,0.0,05_resultados\revisao_operacional\campanha_v1\j00695.mat
j00695,552,0.0,05_resultados\revisao_operacional\campanha_v1\j00695.mat
j00695,562,0.0,05_resultados\revisao_operacional\campanha_v1\j00695.mat
j00695,573,0.0,05_resultados\revisao_operacional\campanha_v1\j00695.mat
j00695,583,0.0,05_resultados\revisao_operacional\campanha_v1\j00695.mat
j00695,594,0.0,05_resultados\revisao_operacional\campanha_v1\j00695.mat
j00695,604,0.0,05_resultados\revisao_operacional\campanha_v1\j00695.mat
j00695,615,0.0,05_resultados\revisao_operacional\campanha_v1\j00695.mat
j00695,625,0.0,05_resultados\revisao_operacional\campanha_v1\j00695.mat
j00695,636,0.0,05_resultados\revisao_operacional\campanha_v1\j00695.mat
j00695,646,0.0,05_resultados\revisao_operacional\campanha_v1\j00695.mat
j00695,657,0.0,05_resultados\revisao_operacional\campanha_v1\j00695.mat
j00695,667,0.0,05_resultados\revisao_operacional\campanha_v1\j00695.mat
j00695,678,0.0,05_resultados\revisao_operacional\campanha_v1\j00695.mat
j00695,688,0.0,05_resultados\revisao_operacional\campanha_v1\j00695.mat
j00695,699,0.0,05_resultados\revisao_operacional\campanha_v1\j00695.mat
j00695,709,0.0,05_resultados\revisao_operacional\campanha_v1\j00695.mat
j00695,720,0.0,05_resultados\revisao_operacional\campanha_v1\j00695.mat
j00695,730,0.0,05_resultados\revisao_operacional\campanha_v1\j00695.mat
j00695,741,0.0,05_resultados\revisao_operacional\campanha_v1\j00695.mat
j00695,751,0.0,05_resultados\revisao_operacional\campanha_v1\j00695.mat
j00695,762,0.0,05_resultados\revisao_operacional\campanha_v1\j00695.mat
j00695,772,0.0,05_resultados\revisao_operacional\campanha_v1\j00695.mat
j00695,783,0.0,05_resultados\revisao_operacional\campanha_v1\j00695.mat
j00695,807,0.0,05_resultados\revisao_operacional\campanha_v1\j00695.mat
j00695,818,0.0,05_resultados\revisao_operacional\campanha_v1\j00695.mat
j00695,828,0.0,05_resultados\revisao_operacional\campanha_v1\j00695.mat
j00695,839,0.0,05_resultados\revisao_operacional\campanha_v1\j00695.mat
j00695,849,0.0,05_resultados\revisao_operacional\campanha_v1\j00695.mat
j00695,860,0.0,05_resultados\revisao_operacional\campanha_v1\j00695.mat
j00695,870,0.0,05_resultados\revisao_operacional\campanha_v1\j00695.mat
j00695,881,0.0,05_resultados\revisao_operacional\campanha_v1\j00695.mat
j00695,891,0.0,05_resultados\revisao_operacional\campanha_v1\j00695.mat
j00695,901,0.0,05_resultados\revisao_operacional\campanha_v1\j00695.mat
j00695,912,0.0,05_resultados\revisao_operacional\campanha_v1\j00695.mat
j00695,922,0.0,05_resultados\revisao_operacional\campanha_v1\j00695.mat
j00695,933,0.0,05_resultados\revisao_operacional\campanha_v1\j00695.mat
j00695,943,0.0,05_resultados\revisao_operacional\campanha_v1\j00695.mat
j00695,954,0.0,05_resultados\revisao_operacional\campanha_v1\j00695.mat
j00695,964,0.0,05_resultados\revisao_operacional\campanha_v1\j00695.mat
j00695,975,0.0,05_resultados\revisao_operacional\campanha_v1\j00695.mat
j00695,985,0.0,05_resultados\revisao_operacional\campanha_v1\j00695.mat
j00695,996,0.0,05_resultados\revisao_operacional\campanha_v1\j00695.mat
j00695,1006,0.0,05_resultados\revisao_operacional\campanha_v1\j00695.mat
j00695,1030,0.0,05_resultados\revisao_operacional\campanha_v1\j00695.mat
j00695,1041,0.0,05_resultados\revisao_operacional\campanha_v1\j00695.mat
j00695,1051,0.0,05_resultados\revisao_operacional\campanha_v1\j00695.mat
j00695,1062,0.0,05_resultados\revisao_operacional\campanha_v1\j00695.mat
j00695,1072,0.0,05_resultados\revisao_operacional\campanha_v1\j00695.mat
j00695,1083,0.0,05_resultados\revisao_operacional\campanha_v1\j00695.mat
j00695,1093,0.0,05_resultados\revisao_operacional\campanha_v1\j00695.mat
j00695,1104,0.0,05_resultados\revisao_operacional\campanha_v1\j00695.mat
j00695,1114,0.0,05_resultados\revisao_operacional\campanha_v1\j00695.mat
j00695,1125,0.0,05_resultados\revisao_operacional\campanha_v1\j00695.mat
j00695,1135,0.0,05_resultados\revisao_operacional\campanha_v1\j00695.mat
j00695,1146,0.0,05_resultados\revisao_operacional\campanha_v1\j00695.mat
j00695,1156,0.0,05_resultados\revisao_operacional\campanha_v1\j00695.mat
j00695,1167,0.0,05_resultados\revisao_operacional\campanha_v1\j00695.mat
j00695,1177,0.0,05_resultados\revisao_operacional\campanha_v1\j00695.mat
j00695,1188,0.0,05_resultados\revisao_operacional\campanha_v1\j00695.mat
j00695,1198,nan,05_resultados\revisao_operacional\campanha_v1\j00695.mat
j00696,0,1.0,05_resultados\revisao_operacional\campanha_v1\j00696.mat
j00696,5,0.0,05_resultados\revisao_operacional\campanha_v1\j00696.mat
j00696,16,0.0,05_resultados\revisao_operacional\campanha_v1\j00696.mat
j00696,26,0.0,05_resultados\revisao_operacional\campanha_v1\j00696.mat
j00696,37,0.0,05_resultados\revisao_operacional\campanha_v1\j00696.mat
j00696,47,0.0,05_resultados\revisao_operacional\campanha_v1\j00696.mat
j00696,58,0.0,05_resultados\revisao_operacional\campanha_v1\j00696.mat
j00696,68,0.0,05_resultados\revisao_operacional\campanha_v1\j00696.mat
j00696,79,0.0,05_resultados\revisao_operacional\campanha_v1\j00696.mat
j00696,90,0.0,05_resultados\revisao_operacional\campanha_v1\j00696.mat
j00696,100,0.0,05_resultados\revisao_operacional\campanha_v1\j00696.mat
j00696,111,0.0,05_resultados\revisao_operacional\campanha_v1\j00696.mat
j00696,121,0.0,05_resultados\revisao_operacional\campanha_v1\j00696.mat
j00696,132,0.0,05_resultados\revisao_operacional\campanha_v1\j00696.mat
j00696,142,0.0,05_resultados\revisao_operacional\campanha_v1\j00696.mat
j00696,152,0.0,05_resultados\revisao_operacional\campanha_v1\j00696.mat
j00696,163,0.0,05_resultados\revisao_operacional\campanha_v1\j00696.mat
j00696,173,0.0,05_resultados\revisao_operacional\campanha_v1\j00696.mat
j00696,184,0.0,05_resultados\revisao_operacional\campanha_v1\j00696.mat
j00696,195,0.0,05_resultados\revisao_operacional\campanha_v1\j00696.mat
j00696,205,0.0,05_resultados\revisao_operacional\campanha_v1\j00696.mat
j00696,216,0.0,05_resultados\revisao_operacional\campanha_v1\j00696.mat
j00696,226,0.0,05_resultados\revisao_operacional\campanha_v1\j00696.mat
j00696,237,0.0,05_resultados\revisao_operacional\campanha_v1\j00696.mat
j00696,247,0.0,05_resultados\revisao_operacional\campanha_v1\j00696.mat
j00696,258,0.0,05_resultados\revisao_operacional\campanha_v1\j00696.mat
j00696,268,0.0,05_resultados\revisao_operacional\campanha_v1\j00696.mat
j00696,279,0.0,05_resultados\revisao_operacional\campanha_v1\j00696.mat
j00696,289,0.0,05_resultados\revisao_operacional\campanha_v1\j00696.mat
j00696,300,0.0,05_resultados\revisao_operacional\campanha_v1\j00696.mat
j00696,310,0.0,05_resultados\revisao_operacional\campanha_v1\j00696.mat
j00696,321,0.0,05_resultados\revisao_operacional\campanha_v1\j00696.mat
j00696,331,0.0,05_resultados\revisao_operacional\campanha_v1\j00696.mat
j00696,342,0.0,05_resultados\revisao_operacional\campanha_v1\j00696.mat
j00696,352,0.0,05_resultados\revisao_operacional\campanha_v1\j00696.mat
j00696,363,0.0,05_resultados\revisao_operacional\campanha_v1\j00696.mat
j00696,373,0.0,05_resultados\revisao_operacional\campanha_v1\j00696.mat
j00696,384,0.0,05_resultados\revisao_operacional\campanha_v1\j00696.mat
j00696,394,0.0,05_resultados\revisao_operacional\campanha_v1\j00696.mat
j00696,405,0.0,05_resultados\revisao_operacional\campanha_v1\j00696.mat
j00696,415,0.0,05_resultados\revisao_operacional\campanha_v1\j00696.mat
j00696,426,0.0,05_resultados\revisao_operacional\campanha_v1\j00696.mat
j00696,436,0.0,05_resultados\revisao_operacional\campanha_v1\j00696.mat
j00696,447,0.0,05_resultados\revisao_operacional\campanha_v1\j00696.mat
j00696,457,0.0,05_resultados\revisao_operacional\campanha_v1\j00696.mat
j00696,468,0.0,05_resultados\revisao_operacional\campanha_v1\j00696.mat
j00696,478,0.0,05_resultados\revisao_operacional\campanha_v1\j00696.mat
j00696,489,0.0,05_resultados\revisao_operacional\campanha_v1\j00696.mat
j00696,499,0.0,05_resultados\revisao_operacional\campanha_v1\j00696.mat
j00696,510,0.0,05_resultados\revisao_operacional\campanha_v1\j00696.mat
j00696,520,0.0,05_resultados\revisao_operacional\campanha_v1\j00696.mat
j00696,531,0.0,05_resultados\revisao_operacional\campanha_v1\j00696.mat
j00696,541,0.0,05_resultados\revisao_operacional\campanha_v1\j00696.mat
j00696,552,0.0,05_resultados\revisao_operacional\campanha_v1\j00696.mat
j00696,562,0.0,05_resultados\revisao_operacional\campanha_v1\j00696.mat
j00696,573,0.0,05_resultados\revisao_operacional\campanha_v1\j00696.mat
j00696,583,0.0,05_resultados\revisao_operacional\campanha_v1\j00696.mat
j00696,594,0.0,05_resultados\revisao_operacional\campanha_v1\j00696.mat
j00696,604,0.0,05_resultados\revisao_operacional\campanha_v1\j00696.mat
j00696,615,0.0,05_resultados\revisao_operacional\campanha_v1\j00696.mat
j00696,625,0.0,05_resultados\revisao_operacional\campanha_v1\j00696.mat
j00696,636,0.0,05_resultados\revisao_operacional\campanha_v1\j00696.mat
j00696,646,0.0,05_resultados\revisao_operacional\campanha_v1\j00696.mat
j00696,657,0.0,05_resultados\revisao_operacional\campanha_v1\j00696.mat
j00696,667,0.0,05_resultados\revisao_operacional\campanha_v1\j00696.mat
j00696,678,0.0,05_resultados\revisao_operacional\campanha_v1\j00696.mat
j00696,688,0.0,05_resultados\revisao_operacional\campanha_v1\j00696.mat
j00696,699,0.0,05_resultados\revisao_operacional\campanha_v1\j00696.mat
j00696,709,0.0,05_resultados\revisao_operacional\campanha_v1\j00696.mat
j00696,720,0.0,05_resultados\revisao_operacional\campanha_v1\j00696.mat
j00696,730,0.0,05_resultados\revisao_operacional\campanha_v1\j00696.mat
j00696,741,0.0,05_resultados\revisao_operacional\campanha_v1\j00696.mat
j00696,751,0.0,05_resultados\revisao_operacional\campanha_v1\j00696.mat
j00696,762,0.0,05_resultados\revisao_operacional\campanha_v1\j00696.mat
j00696,772,0.0,05_resultados\revisao_operacional\campanha_v1\j00696.mat
j00696,783,0.0,05_resultados\revisao_operacional\campanha_v1\j00696.mat
j00696,807,0.0,05_resultados\revisao_operacional\campanha_v1\j00696.mat
j00696,818,0.0,05_resultados\revisao_operacional\campanha_v1\j00696.mat
j00696,828,0.0,05_resultados\revisao_operacional\campanha_v1\j00696.mat
j00696,839,0.0,05_resultados\revisao_operacional\campanha_v1\j00696.mat
j00696,849,0.0,05_resultados\revisao_operacional\campanha_v1\j00696.mat
j00696,860,0.0,05_resultados\revisao_operacional\campanha_v1\j00696.mat
j00696,870,0.0,05_resultados\revisao_operacional\campanha_v1\j00696.mat
j00696,881,0.0,05_resultados\revisao_operacional\campanha_v1\j00696.mat
j00696,891,0.0,05_resultados\revisao_operacional\campanha_v1\j00696.mat
j00696,901,0.0,05_resultados\revisao_operacional\campanha_v1\j00696.mat
j00696,912,0.0,05_resultados\revisao_operacional\campanha_v1\j00696.mat
j00696,922,0.0,05_resultados\revisao_operacional\campanha_v1\j00696.mat
j00696,933,0.0,05_resultados\revisao_operacional\campanha_v1\j00696.mat
j00696,943,0.0,05_resultados\revisao_operacional\campanha_v1\j00696.mat
j00696,954,0.0,05_resultados\revisao_operacional\campanha_v1\j00696.mat
j00696,964,0.0,05_resultados\revisao_operacional\campanha_v1\j00696.mat
j00696,975,0.0,05_resultados\revisao_operacional\campanha_v1\j00696.mat
j00696,985,0.0,05_resultados\revisao_operacional\campanha_v1\j00696.mat
j00696,996,0.0,05_resultados\revisao_operacional\campanha_v1\j00696.mat
j00696,1006,0.0,05_resultados\revisao_operacional\campanha_v1\j00696.mat
j00696,1030,0.0,05_resultados\revisao_operacional\campanha_v1\j00696.mat
j00696,1041,0.0,05_resultados\revisao_operacional\campanha_v1\j00696.mat
j00696,1051,0.0,05_resultados\revisao_operacional\campanha_v1\j00696.mat
j00696,1062,0.0,05_resultados\revisao_operacional\campanha_v1\j00696.mat
j00696,1072,0.0,05_resultados\revisao_operacional\campanha_v1\j00696.mat
j00696,1083,0.0,05_resultados\revisao_operacional\campanha_v1\j00696.mat
j00696,1093,0.0,05_resultados\revisao_operacional\campanha_v1\j00696.mat
j00696,1104,0.0,05_resultados\revisao_operacional\campanha_v1\j00696.mat
j00696,1114,0.0,05_resultados\revisao_operacional\campanha_v1\j00696.mat
j00696,1125,0.0,05_resultados\revisao_operacional\campanha_v1\j00696.mat
j00696,1135,0.0,05_resultados\revisao_operacional\campanha_v1\j00696.mat
j00696,1146,0.0,05_resultados\revisao_operacional\campanha_v1\j00696.mat
j00696,1156,0.0,05_resultados\revisao_operacional\campanha_v1\j00696.mat
j00696,1167,0.0,05_resultados\revisao_operacional\campanha_v1\j00696.mat
j00696,1177,0.0,05_resultados\revisao_operacional\campanha_v1\j00696.mat
j00696,1188,0.0,05_resultados\revisao_operacional\campanha_v1\j00696.mat
j00696,1198,nan,05_resultados\revisao_operacional\campanha_v1\j00696.mat
j00697,2,597.0,05_resultados\revisao_operacional\campanha_v1\j00697.mat
j00697,13,586.0,05_resultados\revisao_operacional\campanha_v1\j00697.mat
j00697,23,576.0,05_resultados\revisao_operacional\campanha_v1\j00697.mat
j00697,34,565.0,05_resultados\revisao_operacional\campanha_v1\j00697.mat
j00697,44,555.0,05_resultados\revisao_operacional\campanha_v1\j00697.mat
j00697,55,544.0,05_resultados\revisao_operacional\campanha_v1\j00697.mat
j00697,65,534.0,05_resultados\revisao_operacional\campanha_v1\j00697.mat
j00697,76,523.0,05_resultados\revisao_operacional\campanha_v1\j00697.mat
j00697,86,513.0,05_resultados\revisao_operacional\campanha_v1\j00697.mat
j00697,97,502.0,05_resultados\revisao_operacional\campanha_v1\j00697.mat
j00697,107,492.0,05_resultados\revisao_operacional\campanha_v1\j00697.mat
j00697,118,481.0,05_resultados\revisao_operacional\campanha_v1\j00697.mat
j00697,128,471.0,05_resultados\revisao_operacional\campanha_v1\j00697.mat
j00697,139,460.0,05_resultados\revisao_operacional\campanha_v1\j00697.mat
j00697,149,450.0,05_resultados\revisao_operacional\campanha_v1\j00697.mat
j00697,160,439.0,05_resultados\revisao_operacional\campanha_v1\j00697.mat
j00697,170,429.0,05_resultados\revisao_operacional\campanha_v1\j00697.mat
j00697,181,418.0,05_resultados\revisao_operacional\campanha_v1\j00697.mat
j00697,191,408.0,05_resultados\revisao_operacional\campanha_v1\j00697.mat
j00697,202,397.0,05_resultados\revisao_operacional\campanha_v1\j00697.mat
j00697,212,387.0,05_resultados\revisao_operacional\campanha_v1\j00697.mat
j00697,223,376.0,05_resultados\revisao_operacional\campanha_v1\j00697.mat
j00697,233,366.0,05_resultados\revisao_operacional\campanha_v1\j00697.mat
j00697,244,355.0,05_resultados\revisao_operacional\campanha_v1\j00697.mat
j00697,254,345.0,05_resultados\revisao_operacional\campanha_v1\j00697.mat
j00697,265,334.0,05_resultados\revisao_operacional\campanha_v1\j00697.mat
j00697,275,324.0,05_resultados\revisao_operacional\campanha_v1\j00697.mat
j00697,286,313.0,05_resultados\revisao_operacional\campanha_v1\j00697.mat
j00697,296,303.0,05_resultados\revisao_operacional\campanha_v1\j00697.mat
j00697,307,292.0,05_resultados\revisao_operacional\campanha_v1\j00697.mat
j00697,317,282.0,05_resultados\revisao_operacional\campanha_v1\j00697.mat
j00697,328,271.0,05_resultados\revisao_operacional\campanha_v1\j00697.mat
j00697,338,261.0,05_resultados\revisao_operacional\campanha_v1\j00697.mat
j00697,349,250.0,05_resultados\revisao_operacional\campanha_v1\j00697.mat
j00697,359,240.0,05_resultados\revisao_operacional\campanha_v1\j00697.mat
j00697,370,229.0,05_resultados\revisao_operacional\campanha_v1\j00697.mat
j00697,394,205.0,05_resultados\revisao_operacional\campanha_v1\j00697.mat
j00697,405,194.0,05_resultados\revisao_operacional\campanha_v1\j00697.mat
j00697,415,184.0,05_resultados\revisao_operacional\campanha_v1\j00697.mat
j00697,426,173.0,05_resultados\revisao_operacional\campanha_v1\j00697.mat
j00697,436,163.0,05_resultados\revisao_operacional\campanha_v1\j00697.mat
j00697,447,152.0,05_resultados\revisao_operacional\campanha_v1\j00697.mat
j00697,457,142.0,05_resultados\revisao_operacional\campanha_v1\j00697.mat
j00697,468,131.0,05_resultados\revisao_operacional\campanha_v1\j00697.mat
j00697,478,121.0,05_resultados\revisao_operacional\campanha_v1\j00697.mat
j00697,489,110.0,05_resultados\revisao_operacional\campanha_v1\j00697.mat
j00697,499,100.0,05_resultados\revisao_operacional\campanha_v1\j00697.mat
j00697,509,90.0,05_resultados\revisao_operacional\campanha_v1\j00697.mat
j00697,520,79.0,05_resultados\revisao_operacional\campanha_v1\j00697.mat
j00697,531,68.0,05_resultados\revisao_operacional\campanha_v1\j00697.mat
j00697,541,58.0,05_resultados\revisao_operacional\campanha_v1\j00697.mat
j00697,552,47.0,05_resultados\revisao_operacional\campanha_v1\j00697.mat
j00697,562,37.0,05_resultados\revisao_operacional\campanha_v1\j00697.mat
j00697,573,26.0,05_resultados\revisao_operacional\campanha_v1\j00697.mat
j00697,583,16.0,05_resultados\revisao_operacional\campanha_v1\j00697.mat
j00697,593,6.0,05_resultados\revisao_operacional\campanha_v1\j00697.mat
j00697,617,428.0,05_resultados\revisao_operacional\campanha_v1\j00697.mat
j00697,628,417.0,05_resultados\revisao_operacional\campanha_v1\j00697.mat
j00697,638,407.0,05_resultados\revisao_operacional\campanha_v1\j00697.mat
j00697,649,396.0,05_resultados\revisao_operacional\campanha_v1\j00697.mat
j00697,659,386.0,05_resultados\revisao_operacional\campanha_v1\j00697.mat
j00697,670,375.0,05_resultados\revisao_operacional\campanha_v1\j00697.mat
j00697,680,365.0,05_resultados\revisao_operacional\campanha_v1\j00697.mat
j00697,691,354.0,05_resultados\revisao_operacional\campanha_v1\j00697.mat
j00697,701,344.0,05_resultados\revisao_operacional\campanha_v1\j00697.mat
j00697,712,333.0,05_resultados\revisao_operacional\campanha_v1\j00697.mat
j00697,722,323.0,05_resultados\revisao_operacional\campanha_v1\j00697.mat
j00697,733,312.0,05_resultados\revisao_operacional\campanha_v1\j00697.mat
j00697,743,302.0,05_resultados\revisao_operacional\campanha_v1\j00697.mat
j00697,754,291.0,05_resultados\revisao_operacional\campanha_v1\j00697.mat
j00697,764,281.0,05_resultados\revisao_operacional\campanha_v1\j00697.mat
j00697,775,270.0,05_resultados\revisao_operacional\campanha_v1\j00697.mat
j00697,785,260.0,05_resultados\revisao_operacional\campanha_v1\j00697.mat
j00697,796,249.0,05_resultados\revisao_operacional\campanha_v1\j00697.mat
j00697,806,239.0,05_resultados\revisao_operacional\campanha_v1\j00697.mat
j00697,817,228.0,05_resultados\revisao_operacional\campanha_v1\j00697.mat
j00697,840,205.0,05_resultados\revisao_operacional\campanha_v1\j00697.mat
j00697,851,194.0,05_resultados\revisao_operacional\campanha_v1\j00697.mat
j00697,861,184.0,05_resultados\revisao_operacional\campanha_v1\j00697.mat
j00697,872,173.0,05_resultados\revisao_operacional\campanha_v1\j00697.mat
j00697,882,163.0,05_resultados\revisao_operacional\campanha_v1\j00697.mat
j00697,893,152.0,05_resultados\revisao_operacional\campanha_v1\j00697.mat
j00697,903,142.0,05_resultados\revisao_operacional\campanha_v1\j00697.mat
j00697,914,131.0,05_resultados\revisao_operacional\campanha_v1\j00697.mat
j00697,924,121.0,05_resultados\revisao_operacional\campanha_v1\j00697.mat
j00697,935,110.0,05_resultados\revisao_operacional\campanha_v1\j00697.mat
j00697,945,100.0,05_resultados\revisao_operacional\campanha_v1\j00697.mat
j00697,956,89.0,05_resultados\revisao_operacional\campanha_v1\j00697.mat
j00697,966,79.0,05_resultados\revisao_operacional\campanha_v1\j00697.mat
j00697,977,68.0,05_resultados\revisao_operacional\campanha_v1\j00697.mat
j00697,987,58.0,05_resultados\revisao_operacional\campanha_v1\j00697.mat
j00697,998,47.0,05_resultados\revisao_operacional\campanha_v1\j00697.mat
j00697,1008,37.0,05_resultados\revisao_operacional\campanha_v1\j00697.mat
j00697,1019,26.0,05_resultados\revisao_operacional\campanha_v1\j00697.mat
j00697,1029,16.0,05_resultados\revisao_operacional\campanha_v1\j00697.mat
j00697,1040,5.0,05_resultados\revisao_operacional\campanha_v1\j00697.mat
j00697,1063,nan,05_resultados\revisao_operacional\campanha_v1\j00697.mat
j00697,1074,nan,05_resultados\revisao_operacional\campanha_v1\j00697.mat
j00697,1085,nan,05_resultados\revisao_operacional\campanha_v1\j00697.mat
j00697,1095,nan,05_resultados\revisao_operacional\campanha_v1\j00697.mat
j00697,1105,nan,05_resultados\revisao_operacional\campanha_v1\j00697.mat
j00697,1116,nan,05_resultados\revisao_operacional\campanha_v1\j00697.mat
j00697,1126,nan,05_resultados\revisao_operacional\campanha_v1\j00697.mat
j00697,1137,nan,05_resultados\revisao_operacional\campanha_v1\j00697.mat
j00697,1147,nan,05_resultados\revisao_operacional\campanha_v1\j00697.mat
j00697,1158,nan,05_resultados\revisao_operacional\campanha_v1\j00697.mat
j00697,1168,nan,05_resultados\revisao_operacional\campanha_v1\j00697.mat
j00697,1179,nan,05_resultados\revisao_operacional\campanha_v1\j00697.mat
j00697,1189,nan,05_resultados\revisao_operacional\campanha_v1\j00697.mat
j00698,2,372.0,05_resultados\revisao_operacional\campanha_v1\j00698.mat
j00698,13,361.0,05_resultados\revisao_operacional\campanha_v1\j00698.mat
j00698,23,351.0,05_resultados\revisao_operacional\campanha_v1\j00698.mat
j00698,34,340.0,05_resultados\revisao_operacional\campanha_v1\j00698.mat
j00698,44,330.0,05_resultados\revisao_operacional\campanha_v1\j00698.mat
j00698,55,319.0,05_resultados\revisao_operacional\campanha_v1\j00698.mat
j00698,65,309.0,05_resultados\revisao_operacional\campanha_v1\j00698.mat
j00698,76,298.0,05_resultados\revisao_operacional\campanha_v1\j00698.mat
j00698,86,288.0,05_resultados\revisao_operacional\campanha_v1\j00698.mat
j00698,97,277.0,05_resultados\revisao_operacional\campanha_v1\j00698.mat
j00698,107,267.0,05_resultados\revisao_operacional\campanha_v1\j00698.mat
j00698,118,256.0,05_resultados\revisao_operacional\campanha_v1\j00698.mat
j00698,128,246.0,05_resultados\revisao_operacional\campanha_v1\j00698.mat
j00698,139,235.0,05_resultados\revisao_operacional\campanha_v1\j00698.mat
j00698,149,225.0,05_resultados\revisao_operacional\campanha_v1\j00698.mat
j00698,160,214.0,05_resultados\revisao_operacional\campanha_v1\j00698.mat
j00698,170,204.0,05_resultados\revisao_operacional\campanha_v1\j00698.mat
j00698,181,193.0,05_resultados\revisao_operacional\campanha_v1\j00698.mat
j00698,191,183.0,05_resultados\revisao_operacional\campanha_v1\j00698.mat
j00698,202,172.0,05_resultados\revisao_operacional\campanha_v1\j00698.mat
j00698,212,162.0,05_resultados\revisao_operacional\campanha_v1\j00698.mat
j00698,223,151.0,05_resultados\revisao_operacional\campanha_v1\j00698.mat
j00698,233,141.0,05_resultados\revisao_operacional\campanha_v1\j00698.mat
j00698,244,130.0,05_resultados\revisao_operacional\campanha_v1\j00698.mat
j00698,254,120.0,05_resultados\revisao_operacional\campanha_v1\j00698.mat
j00698,265,109.0,05_resultados\revisao_operacional\campanha_v1\j00698.mat
j00698,275,99.0,05_resultados\revisao_operacional\campanha_v1\j00698.mat
j00698,286,88.0,05_resultados\revisao_operacional\campanha_v1\j00698.mat
j00698,296,78.0,05_resultados\revisao_operacional\campanha_v1\j00698.mat
j00698,307,67.0,05_resultados\revisao_operacional\campanha_v1\j00698.mat
j00698,317,57.0,05_resultados\revisao_operacional\campanha_v1\j00698.mat
j00698,328,46.0,05_resultados\revisao_operacional\campanha_v1\j00698.mat
j00698,338,36.0,05_resultados\revisao_operacional\campanha_v1\j00698.mat
j00698,349,25.0,05_resultados\revisao_operacional\campanha_v1\j00698.mat
j00698,359,15.0,05_resultados\revisao_operacional\campanha_v1\j00698.mat
j00698,370,4.0,05_resultados\revisao_operacional\campanha_v1\j00698.mat
j00698,394,205.0,05_resultados\revisao_operacional\campanha_v1\j00698.mat
j00698,405,194.0,05_resultados\revisao_operacional\campanha_v1\j00698.mat
j00698,415,184.0,05_resultados\revisao_operacional\campanha_v1\j00698.mat
j00698,426,173.0,05_resultados\revisao_operacional\campanha_v1\j00698.mat
j00698,436,163.0,05_resultados\revisao_operacional\campanha_v1\j00698.mat
j00698,447,152.0,05_resultados\revisao_operacional\campanha_v1\j00698.mat
j00698,457,142.0,05_resultados\revisao_operacional\campanha_v1\j00698.mat
j00698,468,131.0,05_resultados\revisao_operacional\campanha_v1\j00698.mat
j00698,478,121.0,05_resultados\revisao_operacional\campanha_v1\j00698.mat
j00698,489,110.0,05_resultados\revisao_operacional\campanha_v1\j00698.mat
j00698,499,100.0,05_resultados\revisao_operacional\campanha_v1\j00698.mat
j00698,509,90.0,05_resultados\revisao_operacional\campanha_v1\j00698.mat
j00698,520,79.0,05_resultados\revisao_operacional\campanha_v1\j00698.mat
j00698,531,68.0,05_resultados\revisao_operacional\campanha_v1\j00698.mat
j00698,541,58.0,05_resultados\revisao_operacional\campanha_v1\j00698.mat
j00698,552,47.0,05_resultados\revisao_operacional\campanha_v1\j00698.mat
j00698,562,37.0,05_resultados\revisao_operacional\campanha_v1\j00698.mat
j00698,573,26.0,05_resultados\revisao_operacional\campanha_v1\j00698.mat
j00698,583,16.0,05_resultados\revisao_operacional\campanha_v1\j00698.mat
j00698,593,6.0,05_resultados\revisao_operacional\campanha_v1\j00698.mat
j00698,617,202.0,05_resultados\revisao_operacional\campanha_v1\j00698.mat
j00698,628,191.0,05_resultados\revisao_operacional\campanha_v1\j00698.mat
j00698,638,181.0,05_resultados\revisao_operacional\campanha_v1\j00698.mat
j00698,649,170.0,05_resultados\revisao_operacional\campanha_v1\j00698.mat
j00698,659,160.0,05_resultados\revisao_operacional\campanha_v1\j00698.mat
j00698,670,149.0,05_resultados\revisao_operacional\campanha_v1\j00698.mat
j00698,680,139.0,05_resultados\revisao_operacional\campanha_v1\j00698.mat
j00698,691,128.0,05_resultados\revisao_operacional\campanha_v1\j00698.mat
j00698,701,118.0,05_resultados\revisao_operacional\campanha_v1\j00698.mat
j00698,712,107.0,05_resultados\revisao_operacional\campanha_v1\j00698.mat
j00698,722,97.0,05_resultados\revisao_operacional\campanha_v1\j00698.mat
j00698,733,86.0,05_resultados\revisao_operacional\campanha_v1\j00698.mat
j00698,743,76.0,05_resultados\revisao_operacional\campanha_v1\j00698.mat
j00698,754,65.0,05_resultados\revisao_operacional\campanha_v1\j00698.mat
j00698,764,55.0,05_resultados\revisao_operacional\campanha_v1\j00698.mat
j00698,775,44.0,05_resultados\revisao_operacional\campanha_v1\j00698.mat
j00698,785,34.0,05_resultados\revisao_operacional\campanha_v1\j00698.mat
j00698,796,23.0,05_resultados\revisao_operacional\campanha_v1\j00698.mat
j00698,806,13.0,05_resultados\revisao_operacional\campanha_v1\j00698.mat
j00698,817,2.0,05_resultados\revisao_operacional\campanha_v1\j00698.mat
j00698,840,204.0,05_resultados\revisao_operacional\campanha_v1\j00698.mat
j00698,851,193.0,05_resultados\revisao_operacional\campanha_v1\j00698.mat
j00698,861,183.0,05_resultados\revisao_operacional\campanha_v1\j00698.mat
j00698,872,172.0,05_resultados\revisao_operacional\campanha_v1\j00698.mat
j00698,882,162.0,05_resultados\revisao_operacional\campanha_v1\j00698.mat
j00698,893,151.0,05_resultados\revisao_operacional\campanha_v1\j00698.mat
j00698,903,141.0,05_resultados\revisao_operacional\campanha_v1\j00698.mat
j00698,914,130.0,05_resultados\revisao_operacional\campanha_v1\j00698.mat
j00698,924,120.0,05_resultados\revisao_operacional\campanha_v1\j00698.mat
j00698,935,109.0,05_resultados\revisao_operacional\campanha_v1\j00698.mat
j00698,945,99.0,05_resultados\revisao_operacional\campanha_v1\j00698.mat
j00698,956,88.0,05_resultados\revisao_operacional\campanha_v1\j00698.mat
j00698,966,78.0,05_resultados\revisao_operacional\campanha_v1\j00698.mat
j00698,977,67.0,05_resultados\revisao_operacional\campanha_v1\j00698.mat
j00698,987,57.0,05_resultados\revisao_operacional\campanha_v1\j00698.mat
j00698,998,46.0,05_resultados\revisao_operacional\campanha_v1\j00698.mat
j00698,1008,36.0,05_resultados\revisao_operacional\campanha_v1\j00698.mat
j00698,1019,25.0,05_resultados\revisao_operacional\campanha_v1\j00698.mat
j00698,1029,15.0,05_resultados\revisao_operacional\campanha_v1\j00698.mat
j00698,1040,4.0,05_resultados\revisao_operacional\campanha_v1\j00698.mat
j00698,1063,117.0,05_resultados\revisao_operacional\campanha_v1\j00698.mat
j00698,1074,106.0,05_resultados\revisao_operacional\campanha_v1\j00698.mat
j00698,1085,95.0,05_resultados\revisao_operacional\campanha_v1\j00698.mat
j00698,1095,85.0,05_resultados\revisao_operacional\campanha_v1\j00698.mat
j00698,1105,75.0,05_resultados\revisao_operacional\campanha_v1\j00698.mat
j00698,1116,64.0,05_resultados\revisao_operacional\campanha_v1\j00698.mat
j00698,1126,54.0,05_resultados\revisao_operacional\campanha_v1\j00698.mat
j00698,1137,43.0,05_resultados\revisao_operacional\campanha_v1\j00698.mat
j00698,1147,33.0,05_resultados\revisao_operacional\campanha_v1\j00698.mat
j00698,1158,22.0,05_resultados\revisao_operacional\campanha_v1\j00698.mat
j00698,1168,12.0,05_resultados\revisao_operacional\campanha_v1\j00698.mat
j00698,1179,1.0,05_resultados\revisao_operacional\campanha_v1\j00698.mat
j00698,1189,nan,05_resultados\revisao_operacional\campanha_v1\j00698.mat
j00699,2,12.0,05_resultados\revisao_operacional\campanha_v1\j00699.mat
j00699,13,1.0,05_resultados\revisao_operacional\campanha_v1\j00699.mat
j00699,23,0.0,05_resultados\revisao_operacional\campanha_v1\j00699.mat
j00699,34,1.0,05_resultados\revisao_operacional\campanha_v1\j00699.mat
j00699,44,338.0,05_resultados\revisao_operacional\campanha_v1\j00699.mat
j00699,55,327.0,05_resultados\revisao_operacional\campanha_v1\j00699.mat
j00699,65,317.0,05_resultados\revisao_operacional\campanha_v1\j00699.mat
j00699,76,306.0,05_resultados\revisao_operacional\campanha_v1\j00699.mat
j00699,86,296.0,05_resultados\revisao_operacional\campanha_v1\j00699.mat
j00699,97,285.0,05_resultados\revisao_operacional\campanha_v1\j00699.mat
j00699,107,275.0,05_resultados\revisao_operacional\campanha_v1\j00699.mat
j00699,118,264.0,05_resultados\revisao_operacional\campanha_v1\j00699.mat
j00699,128,254.0,05_resultados\revisao_operacional\campanha_v1\j00699.mat
j00699,139,243.0,05_resultados\revisao_operacional\campanha_v1\j00699.mat
j00699,149,233.0,05_resultados\revisao_operacional\campanha_v1\j00699.mat
j00699,160,222.0,05_resultados\revisao_operacional\campanha_v1\j00699.mat
j00699,170,212.0,05_resultados\revisao_operacional\campanha_v1\j00699.mat
j00699,181,201.0,05_resultados\revisao_operacional\campanha_v1\j00699.mat
j00699,191,191.0,05_resultados\revisao_operacional\campanha_v1\j00699.mat
j00699,202,180.0,05_resultados\revisao_operacional\campanha_v1\j00699.mat
j00699,212,170.0,05_resultados\revisao_operacional\campanha_v1\j00699.mat
j00699,223,159.0,05_resultados\revisao_operacional\campanha_v1\j00699.mat
j00699,233,149.0,05_resultados\revisao_operacional\campanha_v1\j00699.mat
j00699,244,138.0,05_resultados\revisao_operacional\campanha_v1\j00699.mat
j00699,254,128.0,05_resultados\revisao_operacional\campanha_v1\j00699.mat
j00699,265,117.0,05_resultados\revisao_operacional\campanha_v1\j00699.mat
j00699,275,107.0,05_resultados\revisao_operacional\campanha_v1\j00699.mat
j00699,286,96.0,05_resultados\revisao_operacional\campanha_v1\j00699.mat
j00699,296,86.0,05_resultados\revisao_operacional\campanha_v1\j00699.mat
j00699,307,75.0,05_resultados\revisao_operacional\campanha_v1\j00699.mat
j00699,317,65.0,05_resultados\revisao_operacional\campanha_v1\j00699.mat
j00699,328,54.0,05_resultados\revisao_operacional\campanha_v1\j00699.mat
j00699,338,44.0,05_resultados\revisao_operacional\campanha_v1\j00699.mat
j00699,349,33.0,05_resultados\revisao_operacional\campanha_v1\j00699.mat
j00699,359,23.0,05_resultados\revisao_operacional\campanha_v1\j00699.mat
j00699,370,12.0,05_resultados\revisao_operacional\campanha_v1\j00699.mat
j00699,394,201.0,05_resultados\revisao_operacional\campanha_v1\j00699.mat
j00699,405,190.0,05_resultados\revisao_operacional\campanha_v1\j00699.mat
j00699,415,180.0,05_resultados\revisao_operacional\campanha_v1\j00699.mat
j00699,426,169.0,05_resultados\revisao_operacional\campanha_v1\j00699.mat
j00699,436,159.0,05_resultados\revisao_operacional\campanha_v1\j00699.mat
j00699,447,148.0,05_resultados\revisao_operacional\campanha_v1\j00699.mat
j00699,457,138.0,05_resultados\revisao_operacional\campanha_v1\j00699.mat
j00699,468,127.0,05_resultados\revisao_operacional\campanha_v1\j00699.mat
j00699,478,117.0,05_resultados\revisao_operacional\campanha_v1\j00699.mat
j00699,489,106.0,05_resultados\revisao_operacional\campanha_v1\j00699.mat
j00699,499,96.0,05_resultados\revisao_operacional\campanha_v1\j00699.mat
j00699,509,86.0,05_resultados\revisao_operacional\campanha_v1\j00699.mat
j00699,520,75.0,05_resultados\revisao_operacional\campanha_v1\j00699.mat
j00699,531,64.0,05_resultados\revisao_operacional\campanha_v1\j00699.mat
j00699,541,54.0,05_resultados\revisao_operacional\campanha_v1\j00699.mat
j00699,552,43.0,05_resultados\revisao_operacional\campanha_v1\j00699.mat
j00699,562,33.0,05_resultados\revisao_operacional\campanha_v1\j00699.mat
j00699,573,22.0,05_resultados\revisao_operacional\campanha_v1\j00699.mat
j00699,583,12.0,05_resultados\revisao_operacional\campanha_v1\j00699.mat
j00699,593,2.0,05_resultados\revisao_operacional\campanha_v1\j00699.mat
j00699,617,201.0,05_resultados\revisao_operacional\campanha_v1\j00699.mat
j00699,628,190.0,05_resultados\revisao_operacional\campanha_v1\j00699.mat
j00699,638,180.0,05_resultados\revisao_operacional\campanha_v1\j00699.mat
j00699,649,169.0,05_resultados\revisao_operacional\campanha_v1\j00699.mat
j00699,659,159.0,05_resultados\revisao_operacional\campanha_v1\j00699.mat
j00699,670,148.0,05_resultados\revisao_operacional\campanha_v1\j00699.mat
j00699,680,138.0,05_resultados\revisao_operacional\campanha_v1\j00699.mat
j00699,691,127.0,05_resultados\revisao_operacional\campanha_v1\j00699.mat
j00699,701,117.0,05_resultados\revisao_operacional\campanha_v1\j00699.mat
j00699,712,106.0,05_resultados\revisao_operacional\campanha_v1\j00699.mat
j00699,722,96.0,05_resultados\revisao_operacional\campanha_v1\j00699.mat
j00699,733,85.0,05_resultados\revisao_operacional\campanha_v1\j00699.mat
j00699,743,75.0,05_resultados\revisao_operacional\campanha_v1\j00699.mat
j00699,754,64.0,05_resultados\revisao_operacional\campanha_v1\j00699.mat
j00699,764,54.0,05_resultados\revisao_operacional\campanha_v1\j00699.mat
j00699,775,43.0,05_resultados\revisao_operacional\campanha_v1\j00699.mat
j00699,785,33.0,05_resultados\revisao_operacional\campanha_v1\j00699.mat
j00699,796,22.0,05_resultados\revisao_operacional\campanha_v1\j00699.mat
j00699,806,12.0,05_resultados\revisao_operacional\campanha_v1\j00699.mat
j00699,817,1.0,05_resultados\revisao_operacional\campanha_v1\j00699.mat
j00699,840,202.0,05_resultados\revisao_operacional\campanha_v1\j00699.mat
j00699,851,191.0,05_resultados\revisao_operacional\campanha_v1\j00699.mat
j00699,861,181.0,05_resultados\revisao_operacional\campanha_v1\j00699.mat
j00699,872,170.0,05_resultados\revisao_operacional\campanha_v1\j00699.mat
j00699,882,160.0,05_resultados\revisao_operacional\campanha_v1\j00699.mat
j00699,893,149.0,05_resultados\revisao_operacional\campanha_v1\j00699.mat
j00699,903,139.0,05_resultados\revisao_operacional\campanha_v1\j00699.mat
j00699,914,128.0,05_resultados\revisao_operacional\campanha_v1\j00699.mat
j00699,924,118.0,05_resultados\revisao_operacional\campanha_v1\j00699.mat
j00699,935,107.0,05_resultados\revisao_operacional\campanha_v1\j00699.mat
j00699,945,97.0,05_resultados\revisao_operacional\campanha_v1\j00699.mat
j00699,956,86.0,05_resultados\revisao_operacional\campanha_v1\j00699.mat
j00699,966,76.0,05_resultados\revisao_operacional\campanha_v1\j00699.mat
j00699,977,65.0,05_resultados\revisao_operacional\campanha_v1\j00699.mat
j00699,987,55.0,05_resultados\revisao_operacional\campanha_v1\j00699.mat
j00699,998,44.0,05_resultados\revisao_operacional\campanha_v1\j00699.mat
j00699,1008,34.0,05_resultados\revisao_operacional\campanha_v1\j00699.mat
j00699,1019,23.0,05_resultados\revisao_operacional\campanha_v1\j00699.mat
j00699,1029,13.0,05_resultados\revisao_operacional\campanha_v1\j00699.mat
j00699,1040,2.0,05_resultados\revisao_operacional\campanha_v1\j00699.mat
j00699,1063,nan,05_resultados\revisao_operacional\campanha_v1\j00699.mat
j00699,1074,nan,05_resultados\revisao_operacional\campanha_v1\j00699.mat
j00699,1085,nan,05_resultados\revisao_operacional\campanha_v1\j00699.mat
j00699,1095,nan,05_resultados\revisao_operacional\campanha_v1\j00699.mat
j00699,1105,nan,05_resultados\revisao_operacional\campanha_v1\j00699.mat
j00699,1116,nan,05_resultados\revisao_operacional\campanha_v1\j00699.mat
j00699,1126,nan,05_resultados\revisao_operacional\campanha_v1\j00699.mat
j00699,1137,nan,05_resultados\revisao_operacional\campanha_v1\j00699.mat
j00699,1147,nan,05_resultados\revisao_operacional\campanha_v1\j00699.mat
j00699,1158,nan,05_resultados\revisao_operacional\campanha_v1\j00699.mat
j00699,1168,nan,05_resultados\revisao_operacional\campanha_v1\j00699.mat
j00699,1179,nan,05_resultados\revisao_operacional\campanha_v1\j00699.mat
j00699,1189,nan,05_resultados\revisao_operacional\campanha_v1\j00699.mat
j00700,2,0,05_resultados\revisao_operacional\campanha_v1\j00700.mat
j00700,13,0,05_resultados\revisao_operacional\campanha_v1\j00700.mat
j00700,23,0,05_resultados\revisao_operacional\campanha_v1\j00700.mat
j00700,34,0,05_resultados\revisao_operacional\campanha_v1\j00700.mat
j00700,44,0,05_resultados\revisao_operacional\campanha_v1\j00700.mat
j00700,55,0,05_resultados\revisao_operacional\campanha_v1\j00700.mat
j00700,65,0,05_resultados\revisao_operacional\campanha_v1\j00700.mat
j00700,76,0,05_resultados\revisao_operacional\campanha_v1\j00700.mat
j00700,86,0,05_resultados\revisao_operacional\campanha_v1\j00700.mat
j00700,97,0,05_resultados\revisao_operacional\campanha_v1\j00700.mat
j00700,107,0,05_resultados\revisao_operacional\campanha_v1\j00700.mat
j00700,118,0,05_resultados\revisao_operacional\campanha_v1\j00700.mat
j00700,128,0,05_resultados\revisao_operacional\campanha_v1\j00700.mat
j00700,139,0,05_resultados\revisao_operacional\campanha_v1\j00700.mat
j00700,149,0,05_resultados\revisao_operacional\campanha_v1\j00700.mat
j00700,160,0,05_resultados\revisao_operacional\campanha_v1\j00700.mat
j00700,170,0,05_resultados\revisao_operacional\campanha_v1\j00700.mat
j00700,181,0,05_resultados\revisao_operacional\campanha_v1\j00700.mat
j00700,191,0,05_resultados\revisao_operacional\campanha_v1\j00700.mat
j00700,202,0,05_resultados\revisao_operacional\campanha_v1\j00700.mat
j00700,212,0,05_resultados\revisao_operacional\campanha_v1\j00700.mat
j00700,223,0,05_resultados\revisao_operacional\campanha_v1\j00700.mat
j00700,233,0,05_resultados\revisao_operacional\campanha_v1\j00700.mat
j00700,244,0,05_resultados\revisao_operacional\campanha_v1\j00700.mat
j00700,254,0,05_resultados\revisao_operacional\campanha_v1\j00700.mat
j00700,265,0,05_resultados\revisao_operacional\campanha_v1\j00700.mat
j00700,275,0,05_resultados\revisao_operacional\campanha_v1\j00700.mat
j00700,286,0,05_resultados\revisao_operacional\campanha_v1\j00700.mat
j00700,296,0,05_resultados\revisao_operacional\campanha_v1\j00700.mat
j00700,307,0,05_resultados\revisao_operacional\campanha_v1\j00700.mat
j00700,317,0,05_resultados\revisao_operacional\campanha_v1\j00700.mat
j00700,328,0,05_resultados\revisao_operacional\campanha_v1\j00700.mat
j00700,338,0,05_resultados\revisao_operacional\campanha_v1\j00700.mat
j00700,349,0,05_resultados\revisao_operacional\campanha_v1\j00700.mat
j00700,359,0,05_resultados\revisao_operacional\campanha_v1\j00700.mat
j00700,370,0,05_resultados\revisao_operacional\campanha_v1\j00700.mat
j00700,394,0,05_resultados\revisao_operacional\campanha_v1\j00700.mat
j00700,405,0,05_resultados\revisao_operacional\campanha_v1\j00700.mat
j00700,415,0,05_resultados\revisao_operacional\campanha_v1\j00700.mat
j00700,426,0,05_resultados\revisao_operacional\campanha_v1\j00700.mat
j00700,436,0,05_resultados\revisao_operacional\campanha_v1\j00700.mat
j00700,447,0,05_resultados\revisao_operacional\campanha_v1\j00700.mat
j00700,457,0,05_resultados\revisao_operacional\campanha_v1\j00700.mat
j00700,468,0,05_resultados\revisao_operacional\campanha_v1\j00700.mat
j00700,478,0,05_resultados\revisao_operacional\campanha_v1\j00700.mat
j00700,489,0,05_resultados\revisao_operacional\campanha_v1\j00700.mat
j00700,499,0,05_resultados\revisao_operacional\campanha_v1\j00700.mat
j00700,509,0,05_resultados\revisao_operacional\campanha_v1\j00700.mat
j00700,520,0,05_resultados\revisao_operacional\campanha_v1\j00700.mat
j00700,531,0,05_resultados\revisao_operacional\campanha_v1\j00700.mat
j00700,541,0,05_resultados\revisao_operacional\campanha_v1\j00700.mat
j00700,552,0,05_resultados\revisao_operacional\campanha_v1\j00700.mat
j00700,562,0,05_resultados\revisao_operacional\campanha_v1\j00700.mat
j00700,573,0,05_resultados\revisao_operacional\campanha_v1\j00700.mat
j00700,583,0,05_resultados\revisao_operacional\campanha_v1\j00700.mat
j00700,593,0,05_resultados\revisao_operacional\campanha_v1\j00700.mat
j00700,617,0,05_resultados\revisao_operacional\campanha_v1\j00700.mat
j00700,628,0,05_resultados\revisao_operacional\campanha_v1\j00700.mat
j00700,638,0,05_resultados\revisao_operacional\campanha_v1\j00700.mat
j00700,649,0,05_resultados\revisao_operacional\campanha_v1\j00700.mat
j00700,659,0,05_resultados\revisao_operacional\campanha_v1\j00700.mat
j00700,670,0,05_resultados\revisao_operacional\campanha_v1\j00700.mat
j00700,680,0,05_resultados\revisao_operacional\campanha_v1\j00700.mat
j00700,691,0,05_resultados\revisao_operacional\campanha_v1\j00700.mat
j00700,701,0,05_resultados\revisao_operacional\campanha_v1\j00700.mat
j00700,712,0,05_resultados\revisao_operacional\campanha_v1\j00700.mat
j00700,722,0,05_resultados\revisao_operacional\campanha_v1\j00700.mat
j00700,733,0,05_resultados\revisao_operacional\campanha_v1\j00700.mat
j00700,743,0,05_resultados\revisao_operacional\campanha_v1\j00700.mat
j00700,754,0,05_resultados\revisao_operacional\campanha_v1\j00700.mat
j00700,764,0,05_resultados\revisao_operacional\campanha_v1\j00700.mat
j00700,775,0,05_resultados\revisao_operacional\campanha_v1\j00700.mat
j00700,785,0,05_resultados\revisao_operacional\campanha_v1\j00700.mat
j00700,796,0,05_resultados\revisao_operacional\campanha_v1\j00700.mat
j00700,806,0,05_resultados\revisao_operacional\campanha_v1\j00700.mat
j00700,817,0,05_resultados\revisao_operacional\campanha_v1\j00700.mat
j00700,840,0,05_resultados\revisao_operacional\campanha_v1\j00700.mat
j00700,851,0,05_resultados\revisao_operacional\campanha_v1\j00700.mat
j00700,861,0,05_resultados\revisao_operacional\campanha_v1\j00700.mat
j00700,872,0,05_resultados\revisao_operacional\campanha_v1\j00700.mat
j00700,882,0,05_resultados\revisao_operacional\campanha_v1\j00700.mat
j00700,893,0,05_resultados\revisao_operacional\campanha_v1\j00700.mat
j00700,903,0,05_resultados\revisao_operacional\campanha_v1\j00700.mat
j00700,914,0,05_resultados\revisao_operacional\campanha_v1\j00700.mat
j00700,924,0,05_resultados\revisao_operacional\campanha_v1\j00700.mat
j00700,935,0,05_resultados\revisao_operacional\campanha_v1\j00700.mat
j00700,945,0,05_resultados\revisao_operacional\campanha_v1\j00700.mat
j00700,956,0,05_resultados\revisao_operacional\campanha_v1\j00700.mat
j00700,966,0,05_resultados\revisao_operacional\campanha_v1\j00700.mat
j00700,977,0,05_resultados\revisao_operacional\campanha_v1\j00700.mat
j00700,987,0,05_resultados\revisao_operacional\campanha_v1\j00700.mat
j00700,998,0,05_resultados\revisao_operacional\campanha_v1\j00700.mat
j00700,1008,0,05_resultados\revisao_operacional\campanha_v1\j00700.mat
j00700,1019,0,05_resultados\revisao_operacional\campanha_v1\j00700.mat
j00700,1029,0,05_resultados\revisao_operacional\campanha_v1\j00700.mat
j00700,1040,0,05_resultados\revisao_operacional\campanha_v1\j00700.mat
j00700,1063,0,05_resultados\revisao_operacional\campanha_v1\j00700.mat
j00700,1074,0,05_resultados\revisao_operacional\campanha_v1\j00700.mat
j00700,1085,0,05_resultados\revisao_operacional\campanha_v1\j00700.mat
j00700,1095,0,05_resultados\revisao_operacional\campanha_v1\j00700.mat
j00700,1105,0,05_resultados\revisao_operacional\campanha_v1\j00700.mat
j00700,1116,0,05_resultados\revisao_operacional\campanha_v1\j00700.mat
j00700,1126,0,05_resultados\revisao_operacional\campanha_v1\j00700.mat
j00700,1137,0,05_resultados\revisao_operacional\campanha_v1\j00700.mat
j00700,1147,0,05_resultados\revisao_operacional\campanha_v1\j00700.mat
j00700,1158,0,05_resultados\revisao_operacional\campanha_v1\j00700.mat
j00700,1168,0,05_resultados\revisao_operacional\campanha_v1\j00700.mat
j00700,1179,0,05_resultados\revisao_operacional\campanha_v1\j00700.mat
j00700,1189,0,05_resultados\revisao_operacional\campanha_v1\j00700.mat
j00701,2,0,05_resultados\revisao_operacional\campanha_v1\j00701.mat
j00701,13,0,05_resultados\revisao_operacional\campanha_v1\j00701.mat
j00701,23,0,05_resultados\revisao_operacional\campanha_v1\j00701.mat
j00701,34,0,05_resultados\revisao_operacional\campanha_v1\j00701.mat
j00701,44,0,05_resultados\revisao_operacional\campanha_v1\j00701.mat
j00701,55,0,05_resultados\revisao_operacional\campanha_v1\j00701.mat
j00701,65,0,05_resultados\revisao_operacional\campanha_v1\j00701.mat
j00701,76,0,05_resultados\revisao_operacional\campanha_v1\j00701.mat
j00701,86,0,05_resultados\revisao_operacional\campanha_v1\j00701.mat
j00701,97,0,05_resultados\revisao_operacional\campanha_v1\j00701.mat
j00701,107,0,05_resultados\revisao_operacional\campanha_v1\j00701.mat
j00701,118,0,05_resultados\revisao_operacional\campanha_v1\j00701.mat
j00701,128,0,05_resultados\revisao_operacional\campanha_v1\j00701.mat
j00701,139,0,05_resultados\revisao_operacional\campanha_v1\j00701.mat
j00701,149,0,05_resultados\revisao_operacional\campanha_v1\j00701.mat
j00701,160,0,05_resultados\revisao_operacional\campanha_v1\j00701.mat
j00701,170,0,05_resultados\revisao_operacional\campanha_v1\j00701.mat
j00701,181,0,05_resultados\revisao_operacional\campanha_v1\j00701.mat
j00701,191,0,05_resultados\revisao_operacional\campanha_v1\j00701.mat
j00701,202,0,05_resultados\revisao_operacional\campanha_v1\j00701.mat
j00701,212,0,05_resultados\revisao_operacional\campanha_v1\j00701.mat
j00701,223,0,05_resultados\revisao_operacional\campanha_v1\j00701.mat
j00701,233,0,05_resultados\revisao_operacional\campanha_v1\j00701.mat
j00701,244,0,05_resultados\revisao_operacional\campanha_v1\j00701.mat
j00701,254,0,05_resultados\revisao_operacional\campanha_v1\j00701.mat
j00701,265,0,05_resultados\revisao_operacional\campanha_v1\j00701.mat
j00701,275,0,05_resultados\revisao_operacional\campanha_v1\j00701.mat
j00701,286,0,05_resultados\revisao_operacional\campanha_v1\j00701.mat
j00701,296,0,05_resultados\revisao_operacional\campanha_v1\j00701.mat
j00701,307,0,05_resultados\revisao_operacional\campanha_v1\j00701.mat
j00701,317,0,05_resultados\revisao_operacional\campanha_v1\j00701.mat
j00701,328,0,05_resultados\revisao_operacional\campanha_v1\j00701.mat
j00701,338,0,05_resultados\revisao_operacional\campanha_v1\j00701.mat
j00701,349,0,05_resultados\revisao_operacional\campanha_v1\j00701.mat
j00701,359,0,05_resultados\revisao_operacional\campanha_v1\j00701.mat
j00701,370,0,05_resultados\revisao_operacional\campanha_v1\j00701.mat
j00701,394,0,05_resultados\revisao_operacional\campanha_v1\j00701.mat
j00701,405,0,05_resultados\revisao_operacional\campanha_v1\j00701.mat
j00701,415,0,05_resultados\revisao_operacional\campanha_v1\j00701.mat
j00701,426,0,05_resultados\revisao_operacional\campanha_v1\j00701.mat
j00701,436,0,05_resultados\revisao_operacional\campanha_v1\j00701.mat
j00701,447,0,05_resultados\revisao_operacional\campanha_v1\j00701.mat
j00701,457,0,05_resultados\revisao_operacional\campanha_v1\j00701.mat
j00701,468,0,05_resultados\revisao_operacional\campanha_v1\j00701.mat
j00701,478,0,05_resultados\revisao_operacional\campanha_v1\j00701.mat
j00701,489,0,05_resultados\revisao_operacional\campanha_v1\j00701.mat
j00701,499,0,05_resultados\revisao_operacional\campanha_v1\j00701.mat
j00701,509,0,05_resultados\revisao_operacional\campanha_v1\j00701.mat
j00701,520,0,05_resultados\revisao_operacional\campanha_v1\j00701.mat
j00701,531,0,05_resultados\revisao_operacional\campanha_v1\j00701.mat
j00701,541,0,05_resultados\revisao_operacional\campanha_v1\j00701.mat
j00701,552,0,05_resultados\revisao_operacional\campanha_v1\j00701.mat
j00701,562,0,05_resultados\revisao_operacional\campanha_v1\j00701.mat
j00701,573,0,05_resultados\revisao_operacional\campanha_v1\j00701.mat
j00701,583,0,05_resultados\revisao_operacional\campanha_v1\j00701.mat
j00701,593,0,05_resultados\revisao_operacional\campanha_v1\j00701.mat
j00701,617,0,05_resultados\revisao_operacional\campanha_v1\j00701.mat
j00701,628,0,05_resultados\revisao_operacional\campanha_v1\j00701.mat
j00701,638,0,05_resultados\revisao_operacional\campanha_v1\j00701.mat
j00701,649,0,05_resultados\revisao_operacional\campanha_v1\j00701.mat
j00701,659,0,05_resultados\revisao_operacional\campanha_v1\j00701.mat
j00701,670,0,05_resultados\revisao_operacional\campanha_v1\j00701.mat
j00701,680,0,05_resultados\revisao_operacional\campanha_v1\j00701.mat
j00701,691,0,05_resultados\revisao_operacional\campanha_v1\j00701.mat
j00701,701,0,05_resultados\revisao_operacional\campanha_v1\j00701.mat
j00701,712,0,05_resultados\revisao_operacional\campanha_v1\j00701.mat
j00701,722,0,05_resultados\revisao_operacional\campanha_v1\j00701.mat
j00701,733,0,05_resultados\revisao_operacional\campanha_v1\j00701.mat
j00701,743,0,05_resultados\revisao_operacional\campanha_v1\j00701.mat
j00701,754,0,05_resultados\revisao_operacional\campanha_v1\j00701.mat
j00701,764,0,05_resultados\revisao_operacional\campanha_v1\j00701.mat
j00701,775,0,05_resultados\revisao_operacional\campanha_v1\j00701.mat
j00701,785,0,05_resultados\revisao_operacional\campanha_v1\j00701.mat
j00701,796,0,05_resultados\revisao_operacional\campanha_v1\j00701.mat
j00701,806,0,05_resultados\revisao_operacional\campanha_v1\j00701.mat
j00701,817,0,05_resultados\revisao_operacional\campanha_v1\j00701.mat
j00701,840,0,05_resultados\revisao_operacional\campanha_v1\j00701.mat
j00701,851,0,05_resultados\revisao_operacional\campanha_v1\j00701.mat
j00701,861,0,05_resultados\revisao_operacional\campanha_v1\j00701.mat
j00701,872,0,05_resultados\revisao_operacional\campanha_v1\j00701.mat
j00701,882,0,05_resultados\revisao_operacional\campanha_v1\j00701.mat
j00701,893,0,05_resultados\revisao_operacional\campanha_v1\j00701.mat
j00701,903,0,05_resultados\revisao_operacional\campanha_v1\j00701.mat
j00701,914,0,05_resultados\revisao_operacional\campanha_v1\j00701.mat
j00701,924,0,05_resultados\revisao_operacional\campanha_v1\j00701.mat
j00701,935,0,05_resultados\revisao_operacional\campanha_v1\j00701.mat
j00701,945,0,05_resultados\revisao_operacional\campanha_v1\j00701.mat
j00701,956,0,05_resultados\revisao_operacional\campanha_v1\j00701.mat
j00701,966,0,05_resultados\revisao_operacional\campanha_v1\j00701.mat
j00701,977,0,05_resultados\revisao_operacional\campanha_v1\j00701.mat
j00701,987,0,05_resultados\revisao_operacional\campanha_v1\j00701.mat
j00701,998,0,05_resultados\revisao_operacional\campanha_v1\j00701.mat
j00701,1008,0,05_resultados\revisao_operacional\campanha_v1\j00701.mat
j00701,1019,0,05_resultados\revisao_operacional\campanha_v1\j00701.mat
j00701,1029,0,05_resultados\revisao_operacional\campanha_v1\j00701.mat
j00701,1040,0,05_resultados\revisao_operacional\campanha_v1\j00701.mat
j00701,1063,0,05_resultados\revisao_operacional\campanha_v1\j00701.mat
j00701,1074,0,05_resultados\revisao_operacional\campanha_v1\j00701.mat
j00701,1085,0,05_resultados\revisao_operacional\campanha_v1\j00701.mat
j00701,1095,0,05_resultados\revisao_operacional\campanha_v1\j00701.mat
j00701,1105,0,05_resultados\revisao_operacional\campanha_v1\j00701.mat
j00701,1116,0,05_resultados\revisao_operacional\campanha_v1\j00701.mat
j00701,1126,0,05_resultados\revisao_operacional\campanha_v1\j00701.mat
j00701,1137,0,05_resultados\revisao_operacional\campanha_v1\j00701.mat
j00701,1147,0,05_resultados\revisao_operacional\campanha_v1\j00701.mat
j00701,1158,0,05_resultados\revisao_operacional\campanha_v1\j00701.mat
j00701,1168,0,05_resultados\revisao_operacional\campanha_v1\j00701.mat
j00701,1179,0,05_resultados\revisao_operacional\campanha_v1\j00701.mat
j00701,1189,0,05_resultados\revisao_operacional\campanha_v1\j00701.mat
j00702,233,nan,05_resultados\revisao_operacional\campanha_v1\j00702.mat
j00702,239,nan,05_resultados\revisao_operacional\campanha_v1\j00702.mat
j00702,254,nan,05_resultados\revisao_operacional\campanha_v1\j00702.mat
j00702,380,nan,05_resultados\revisao_operacional\campanha_v1\j00702.mat
j00702,1084,nan,05_resultados\revisao_operacional\campanha_v1\j00702.mat
j00703,233,1.0,05_resultados\revisao_operacional\campanha_v1\j00703.mat
j00703,239,0.0,05_resultados\revisao_operacional\campanha_v1\j00703.mat
j00703,254,nan,05_resultados\revisao_operacional\campanha_v1\j00703.mat
j00703,380,nan,05_resultados\revisao_operacional\campanha_v1\j00703.mat
j00703,1084,nan,05_resultados\revisao_operacional\campanha_v1\j00703.mat
j00704,233,0,05_resultados\revisao_operacional\campanha_v1\j00704.mat
j00704,239,0,05_resultados\revisao_operacional\campanha_v1\j00704.mat
j00704,254,0,05_resultados\revisao_operacional\campanha_v1\j00704.mat
j00704,380,0,05_resultados\revisao_operacional\campanha_v1\j00704.mat
j00704,1084,0,05_resultados\revisao_operacional\campanha_v1\j00704.mat
j00705,233,0,05_resultados\revisao_operacional\campanha_v1\j00705.mat
j00705,239,0,05_resultados\revisao_operacional\campanha_v1\j00705.mat
j00705,254,0,05_resultados\revisao_operacional\campanha_v1\j00705.mat
j00705,380,0,05_resultados\revisao_operacional\campanha_v1\j00705.mat
j00705,1084,0,05_resultados\revisao_operacional\campanha_v1\j00705.mat
j00706,233,0,05_resultados\revisao_operacional\campanha_v1\j00706.mat
j00706,239,0,05_resultados\revisao_operacional\campanha_v1\j00706.mat
j00706,254,0,05_resultados\revisao_operacional\campanha_v1\j00706.mat
j00706,380,0,05_resultados\revisao_operacional\campanha_v1\j00706.mat
j00706,1084,0,05_resultados\revisao_operacional\campanha_v1\j00706.mat
j00707,55,1073,05_resultados\revisao_operacional\campanha_v1\j00707.mat
j00707,61,1067,05_resultados\revisao_operacional\campanha_v1\j00707.mat
j00707,76,1052,05_resultados\revisao_operacional\campanha_v1\j00707.mat
j00707,97,1031,05_resultados\revisao_operacional\campanha_v1\j00707.mat
j00707,202,926,05_resultados\revisao_operacional\campanha_v1\j00707.mat
j00707,717,411,05_resultados\revisao_operacional\campanha_v1\j00707.mat
j00707,906,222,05_resultados\revisao_operacional\campanha_v1\j00707.mat
j00708,55,0,05_resultados\revisao_operacional\campanha_v1\j00708.mat
j00708,61,0,05_resultados\revisao_operacional\campanha_v1\j00708.mat
j00708,76,1052,05_resultados\revisao_operacional\campanha_v1\j00708.mat
j00708,97,1031,05_resultados\revisao_operacional\campanha_v1\j00708.mat
j00708,202,926,05_resultados\revisao_operacional\campanha_v1\j00708.mat
j00708,717,411,05_resultados\revisao_operacional\campanha_v1\j00708.mat
j00708,906,222,05_resultados\revisao_operacional\campanha_v1\j00708.mat
j00709,55,0,05_resultados\revisao_operacional\campanha_v1\j00709.mat
j00709,61,0,05_resultados\revisao_operacional\campanha_v1\j00709.mat
j00709,76,0,05_resultados\revisao_operacional\campanha_v1\j00709.mat
j00709,97,0,05_resultados\revisao_operacional\campanha_v1\j00709.mat
j00709,202,0,05_resultados\revisao_operacional\campanha_v1\j00709.mat
j00709,717,0,05_resultados\revisao_operacional\campanha_v1\j00709.mat
j00709,906,0,05_resultados\revisao_operacional\campanha_v1\j00709.mat
j00710,55,0,05_resultados\revisao_operacional\campanha_v1\j00710.mat
j00710,61,0,05_resultados\revisao_operacional\campanha_v1\j00710.mat
j00710,76,0,05_resultados\revisao_operacional\campanha_v1\j00710.mat
j00710,97,0,05_resultados\revisao_operacional\campanha_v1\j00710.mat
j00710,202,0,05_resultados\revisao_operacional\campanha_v1\j00710.mat
j00710,717,0,05_resultados\revisao_operacional\campanha_v1\j00710.mat
j00710,906,0,05_resultados\revisao_operacional\campanha_v1\j00710.mat
j00711,55,0,05_resultados\revisao_operacional\campanha_v1\j00711.mat
j00711,61,0,05_resultados\revisao_operacional\campanha_v1\j00711.mat
j00711,76,0,05_resultados\revisao_operacional\campanha_v1\j00711.mat
j00711,97,0,05_resultados\revisao_operacional\campanha_v1\j00711.mat
j00711,202,0,05_resultados\revisao_operacional\campanha_v1\j00711.mat
j00711,717,0,05_resultados\revisao_operacional\campanha_v1\j00711.mat
j00711,906,0,05_resultados\revisao_operacional\campanha_v1\j00711.mat
j00712,0,896.0,05_resultados\revisao_operacional\campanha_v1\j00712.mat
j00712,5,891.0,05_resultados\revisao_operacional\campanha_v1\j00712.mat
j00712,16,880.0,05_resultados\revisao_operacional\campanha_v1\j00712.mat
j00712,26,870.0,05_resultados\revisao_operacional\campanha_v1\j00712.mat
j00712,37,859.0,05_resultados\revisao_operacional\campanha_v1\j00712.mat
j00712,47,849.0,05_resultados\revisao_operacional\campanha_v1\j00712.mat
j00712,58,838.0,05_resultados\revisao_operacional\campanha_v1\j00712.mat
j00712,68,828.0,05_resultados\revisao_operacional\campanha_v1\j00712.mat
j00712,79,817.0,05_resultados\revisao_operacional\campanha_v1\j00712.mat
j00712,89,807.0,05_resultados\revisao_operacional\campanha_v1\j00712.mat
j00712,100,796.0,05_resultados\revisao_operacional\campanha_v1\j00712.mat
j00712,110,786.0,05_resultados\revisao_operacional\campanha_v1\j00712.mat
j00712,121,775.0,05_resultados\revisao_operacional\campanha_v1\j00712.mat
j00712,131,765.0,05_resultados\revisao_operacional\campanha_v1\j00712.mat
j00712,142,754.0,05_resultados\revisao_operacional\campanha_v1\j00712.mat
j00712,152,744.0,05_resultados\revisao_operacional\campanha_v1\j00712.mat
j00712,163,733.0,05_resultados\revisao_operacional\campanha_v1\j00712.mat
j00712,173,723.0,05_resultados\revisao_operacional\campanha_v1\j00712.mat
j00712,184,712.0,05_resultados\revisao_operacional\campanha_v1\j00712.mat
j00712,194,702.0,05_resultados\revisao_operacional\campanha_v1\j00712.mat
j00712,205,691.0,05_resultados\revisao_operacional\campanha_v1\j00712.mat
j00712,215,681.0,05_resultados\revisao_operacional\campanha_v1\j00712.mat
j00712,226,670.0,05_resultados\revisao_operacional\campanha_v1\j00712.mat
j00712,236,660.0,05_resultados\revisao_operacional\campanha_v1\j00712.mat
j00712,247,649.0,05_resultados\revisao_operacional\campanha_v1\j00712.mat
j00712,257,639.0,05_resultados\revisao_operacional\campanha_v1\j00712.mat
j00712,268,628.0,05_resultados\revisao_operacional\campanha_v1\j00712.mat
j00712,278,618.0,05_resultados\revisao_operacional\campanha_v1\j00712.mat
j00712,289,607.0,05_resultados\revisao_operacional\campanha_v1\j00712.mat
j00712,299,597.0,05_resultados\revisao_operacional\campanha_v1\j00712.mat
j00712,310,586.0,05_resultados\revisao_operacional\campanha_v1\j00712.mat
j00712,320,576.0,05_resultados\revisao_operacional\campanha_v1\j00712.mat
j00712,331,565.0,05_resultados\revisao_operacional\campanha_v1\j00712.mat
j00712,341,555.0,05_resultados\revisao_operacional\campanha_v1\j00712.mat
j00712,352,544.0,05_resultados\revisao_operacional\campanha_v1\j00712.mat
j00712,362,534.0,05_resultados\revisao_operacional\campanha_v1\j00712.mat
j00712,373,523.0,05_resultados\revisao_operacional\campanha_v1\j00712.mat
j00712,383,513.0,05_resultados\revisao_operacional\campanha_v1\j00712.mat
j00712,394,502.0,05_resultados\revisao_operacional\campanha_v1\j00712.mat
j00712,404,492.0,05_resultados\revisao_operacional\campanha_v1\j00712.mat
j00712,415,481.0,05_resultados\revisao_operacional\campanha_v1\j00712.mat
j00712,425,471.0,05_resultados\revisao_operacional\campanha_v1\j00712.mat
j00712,436,460.0,05_resultados\revisao_operacional\campanha_v1\j00712.mat
j00712,446,450.0,05_resultados\revisao_operacional\campanha_v1\j00712.mat
j00712,457,439.0,05_resultados\revisao_operacional\campanha_v1\j00712.mat
j00712,467,429.0,05_resultados\revisao_operacional\campanha_v1\j00712.mat
j00712,478,418.0,05_resultados\revisao_operacional\campanha_v1\j00712.mat
j00712,488,408.0,05_resultados\revisao_operacional\campanha_v1\j00712.mat
j00712,499,397.0,05_resultados\revisao_operacional\campanha_v1\j00712.mat
j00712,509,387.0,05_resultados\revisao_operacional\campanha_v1\j00712.mat
j00712,520,376.0,05_resultados\revisao_operacional\campanha_v1\j00712.mat
j00712,530,366.0,05_resultados\revisao_operacional\campanha_v1\j00712.mat
j00712,541,355.0,05_resultados\revisao_operacional\campanha_v1\j00712.mat
j00712,551,345.0,05_resultados\revisao_operacional\campanha_v1\j00712.mat
j00712,562,334.0,05_resultados\revisao_operacional\campanha_v1\j00712.mat
j00712,572,324.0,05_resultados\revisao_operacional\campanha_v1\j00712.mat
j00712,583,313.0,05_resultados\revisao_operacional\campanha_v1\j00712.mat
j00712,593,303.0,05_resultados\revisao_operacional\campanha_v1\j00712.mat
j00712,604,292.0,05_resultados\revisao_operacional\campanha_v1\j00712.mat
j00712,614,282.0,05_resultados\revisao_operacional\campanha_v1\j00712.mat
j00712,625,271.0,05_resultados\revisao_operacional\campanha_v1\j00712.mat
j00712,635,261.0,05_resultados\revisao_operacional\campanha_v1\j00712.mat
j00712,646,250.0,05_resultados\revisao_operacional\campanha_v1\j00712.mat
j00712,656,240.0,05_resultados\revisao_operacional\campanha_v1\j00712.mat
j00712,667,229.0,05_resultados\revisao_operacional\campanha_v1\j00712.mat
j00712,691,205.0,05_resultados\revisao_operacional\campanha_v1\j00712.mat
j00712,702,194.0,05_resultados\revisao_operacional\campanha_v1\j00712.mat
j00712,712,184.0,05_resultados\revisao_operacional\campanha_v1\j00712.mat
j00712,723,173.0,05_resultados\revisao_operacional\campanha_v1\j00712.mat
j00712,733,163.0,05_resultados\revisao_operacional\campanha_v1\j00712.mat
j00712,744,152.0,05_resultados\revisao_operacional\campanha_v1\j00712.mat
j00712,754,142.0,05_resultados\revisao_operacional\campanha_v1\j00712.mat
j00712,765,131.0,05_resultados\revisao_operacional\campanha_v1\j00712.mat
j00712,775,121.0,05_resultados\revisao_operacional\campanha_v1\j00712.mat
j00712,786,110.0,05_resultados\revisao_operacional\campanha_v1\j00712.mat
j00712,796,100.0,05_resultados\revisao_operacional\campanha_v1\j00712.mat
j00712,806,90.0,05_resultados\revisao_operacional\campanha_v1\j00712.mat
j00712,817,79.0,05_resultados\revisao_operacional\campanha_v1\j00712.mat
j00712,828,68.0,05_resultados\revisao_operacional\campanha_v1\j00712.mat
j00712,838,58.0,05_resultados\revisao_operacional\campanha_v1\j00712.mat
j00712,849,47.0,05_resultados\revisao_operacional\campanha_v1\j00712.mat
j00712,859,37.0,05_resultados\revisao_operacional\campanha_v1\j00712.mat
j00712,870,26.0,05_resultados\revisao_operacional\campanha_v1\j00712.mat
j00712,880,16.0,05_resultados\revisao_operacional\campanha_v1\j00712.mat
j00712,890,6.0,05_resultados\revisao_operacional\campanha_v1\j00712.mat
j00712,914,nan,05_resultados\revisao_operacional\campanha_v1\j00712.mat
j00712,925,nan,05_resultados\revisao_operacional\campanha_v1\j00712.mat
j00712,935,nan,05_resultados\revisao_operacional\campanha_v1\j00712.mat
j00712,946,nan,05_resultados\revisao_operacional\campanha_v1\j00712.mat
j00712,956,nan,05_resultados\revisao_operacional\campanha_v1\j00712.mat
j00712,967,nan,05_resultados\revisao_operacional\campanha_v1\j00712.mat
j00712,977,nan,05_resultados\revisao_operacional\campanha_v1\j00712.mat
j00712,988,nan,05_resultados\revisao_operacional\campanha_v1\j00712.mat
j00712,998,nan,05_resultados\revisao_operacional\campanha_v1\j00712.mat
j00712,1009,nan,05_resultados\revisao_operacional\campanha_v1\j00712.mat
j00712,1019,nan,05_resultados\revisao_operacional\campanha_v1\j00712.mat
j00712,1030,nan,05_resultados\revisao_operacional\campanha_v1\j00712.mat
j00712,1040,nan,05_resultados\revisao_operacional\campanha_v1\j00712.mat
j00712,1051,nan,05_resultados\revisao_operacional\campanha_v1\j00712.mat
j00712,1061,nan,05_resultados\revisao_operacional\campanha_v1\j00712.mat
j00712,1072,nan,05_resultados\revisao_operacional\campanha_v1\j00712.mat
j00712,1082,nan,05_resultados\revisao_operacional\campanha_v1\j00712.mat
j00712,1093,nan,05_resultados\revisao_operacional\campanha_v1\j00712.mat
j00712,1103,nan,05_resultados\revisao_operacional\campanha_v1\j00712.mat
j00712,1114,nan,05_resultados\revisao_operacional\campanha_v1\j00712.mat
j00712,1137,nan,05_resultados\revisao_operacional\campanha_v1\j00712.mat
j00712,1148,nan,05_resultados\revisao_operacional\campanha_v1\j00712.mat
j00712,1158,nan,05_resultados\revisao_operacional\campanha_v1\j00712.mat
j00712,1169,nan,05_resultados\revisao_operacional\campanha_v1\j00712.mat
j00712,1179,nan,05_resultados\revisao_operacional\campanha_v1\j00712.mat
j00712,1190,nan,05_resultados\revisao_operacional\campanha_v1\j00712.mat
j00713,0,185.0,05_resultados\revisao_operacional\campanha_v1\j00713.mat
j00713,5,180.0,05_resultados\revisao_operacional\campanha_v1\j00713.mat
j00713,16,169.0,05_resultados\revisao_operacional\campanha_v1\j00713.mat
j00713,26,159.0,05_resultados\revisao_operacional\campanha_v1\j00713.mat
j00713,37,148.0,05_resultados\revisao_operacional\campanha_v1\j00713.mat
j00713,47,138.0,05_resultados\revisao_operacional\campanha_v1\j00713.mat
j00713,58,127.0,05_resultados\revisao_operacional\campanha_v1\j00713.mat
j00713,68,117.0,05_resultados\revisao_operacional\campanha_v1\j00713.mat
j00713,79,106.0,05_resultados\revisao_operacional\campanha_v1\j00713.mat
j00713,89,96.0,05_resultados\revisao_operacional\campanha_v1\j00713.mat
j00713,100,85.0,05_resultados\revisao_operacional\campanha_v1\j00713.mat
j00713,110,75.0,05_resultados\revisao_operacional\campanha_v1\j00713.mat
j00713,121,64.0,05_resultados\revisao_operacional\campanha_v1\j00713.mat
j00713,131,54.0,05_resultados\revisao_operacional\campanha_v1\j00713.mat
j00713,142,43.0,05_resultados\revisao_operacional\campanha_v1\j00713.mat
j00713,152,33.0,05_resultados\revisao_operacional\campanha_v1\j00713.mat
j00713,163,22.0,05_resultados\revisao_operacional\campanha_v1\j00713.mat
j00713,173,12.0,05_resultados\revisao_operacional\campanha_v1\j00713.mat
j00713,184,1.0,05_resultados\revisao_operacional\campanha_v1\j00713.mat
j00713,194,477.0,05_resultados\revisao_operacional\campanha_v1\j00713.mat
j00713,205,466.0,05_resultados\revisao_operacional\campanha_v1\j00713.mat
j00713,215,456.0,05_resultados\revisao_operacional\campanha_v1\j00713.mat
j00713,226,445.0,05_resultados\revisao_operacional\campanha_v1\j00713.mat
j00713,236,435.0,05_resultados\revisao_operacional\campanha_v1\j00713.mat
j00713,247,424.0,05_resultados\revisao_operacional\campanha_v1\j00713.mat
j00713,257,414.0,05_resultados\revisao_operacional\campanha_v1\j00713.mat
j00713,268,403.0,05_resultados\revisao_operacional\campanha_v1\j00713.mat
j00713,278,393.0,05_resultados\revisao_operacional\campanha_v1\j00713.mat
j00713,289,382.0,05_resultados\revisao_operacional\campanha_v1\j00713.mat
j00713,299,372.0,05_resultados\revisao_operacional\campanha_v1\j00713.mat
j00713,310,361.0,05_resultados\revisao_operacional\campanha_v1\j00713.mat
j00713,320,351.0,05_resultados\revisao_operacional\campanha_v1\j00713.mat
j00713,331,340.0,05_resultados\revisao_operacional\campanha_v1\j00713.mat
j00713,341,330.0,05_resultados\revisao_operacional\campanha_v1\j00713.mat
j00713,352,319.0,05_resultados\revisao_operacional\campanha_v1\j00713.mat
j00713,362,309.0,05_resultados\revisao_operacional\campanha_v1\j00713.mat
j00713,373,298.0,05_resultados\revisao_operacional\campanha_v1\j00713.mat
j00713,383,288.0,05_resultados\revisao_operacional\campanha_v1\j00713.mat
j00713,394,277.0,05_resultados\revisao_operacional\campanha_v1\j00713.mat
j00713,404,267.0,05_resultados\revisao_operacional\campanha_v1\j00713.mat
j00713,415,256.0,05_resultados\revisao_operacional\campanha_v1\j00713.mat
j00713,425,246.0,05_resultados\revisao_operacional\campanha_v1\j00713.mat
j00713,436,235.0,05_resultados\revisao_operacional\campanha_v1\j00713.mat
j00713,446,225.0,05_resultados\revisao_operacional\campanha_v1\j00713.mat
j00713,457,214.0,05_resultados\revisao_operacional\campanha_v1\j00713.mat
j00713,467,204.0,05_resultados\revisao_operacional\campanha_v1\j00713.mat
j00713,478,193.0,05_resultados\revisao_operacional\campanha_v1\j00713.mat
j00713,488,183.0,05_resultados\revisao_operacional\campanha_v1\j00713.mat
j00713,499,172.0,05_resultados\revisao_operacional\campanha_v1\j00713.mat
j00713,509,162.0,05_resultados\revisao_operacional\campanha_v1\j00713.mat
j00713,520,151.0,05_resultados\revisao_operacional\campanha_v1\j00713.mat
j00713,530,141.0,05_resultados\revisao_operacional\campanha_v1\j00713.mat
j00713,541,130.0,05_resultados\revisao_operacional\campanha_v1\j00713.mat
j00713,551,120.0,05_resultados\revisao_operacional\campanha_v1\j00713.mat
j00713,562,109.0,05_resultados\revisao_operacional\campanha_v1\j00713.mat
j00713,572,99.0,05_resultados\revisao_operacional\campanha_v1\j00713.mat
j00713,583,88.0,05_resultados\revisao_operacional\campanha_v1\j00713.mat
j00713,593,78.0,05_resultados\revisao_operacional\campanha_v1\j00713.mat
j00713,604,67.0,05_resultados\revisao_operacional\campanha_v1\j00713.mat
j00713,614,57.0,05_resultados\revisao_operacional\campanha_v1\j00713.mat
j00713,625,46.0,05_resultados\revisao_operacional\campanha_v1\j00713.mat
j00713,635,36.0,05_resultados\revisao_operacional\campanha_v1\j00713.mat
j00713,646,25.0,05_resultados\revisao_operacional\campanha_v1\j00713.mat
j00713,656,15.0,05_resultados\revisao_operacional\campanha_v1\j00713.mat
j00713,667,4.0,05_resultados\revisao_operacional\campanha_v1\j00713.mat
j00713,691,205.0,05_resultados\revisao_operacional\campanha_v1\j00713.mat
j00713,702,194.0,05_resultados\revisao_operacional\campanha_v1\j00713.mat
j00713,712,184.0,05_resultados\revisao_operacional\campanha_v1\j00713.mat
j00713,723,173.0,05_resultados\revisao_operacional\campanha_v1\j00713.mat
j00713,733,163.0,05_resultados\revisao_operacional\campanha_v1\j00713.mat
j00713,744,152.0,05_resultados\revisao_operacional\campanha_v1\j00713.mat
j00713,754,142.0,05_resultados\revisao_operacional\campanha_v1\j00713.mat
j00713,765,131.0,05_resultados\revisao_operacional\campanha_v1\j00713.mat
j00713,775,121.0,05_resultados\revisao_operacional\campanha_v1\j00713.mat
j00713,786,110.0,05_resultados\revisao_operacional\campanha_v1\j00713.mat
j00713,796,100.0,05_resultados\revisao_operacional\campanha_v1\j00713.mat
j00713,806,90.0,05_resultados\revisao_operacional\campanha_v1\j00713.mat
j00713,817,79.0,05_resultados\revisao_operacional\campanha_v1\j00713.mat
j00713,828,68.0,05_resultados\revisao_operacional\campanha_v1\j00713.mat
j00713,838,58.0,05_resultados\revisao_operacional\campanha_v1\j00713.mat
j00713,849,47.0,05_resultados\revisao_operacional\campanha_v1\j00713.mat
j00713,859,37.0,05_resultados\revisao_operacional\campanha_v1\j00713.mat
j00713,870,26.0,05_resultados\revisao_operacional\campanha_v1\j00713.mat
j00713,880,16.0,05_resultados\revisao_operacional\campanha_v1\j00713.mat
j00713,890,6.0,05_resultados\revisao_operacional\campanha_v1\j00713.mat
j00713,914,202.0,05_resultados\revisao_operacional\campanha_v1\j00713.mat
j00713,925,191.0,05_resultados\revisao_operacional\campanha_v1\j00713.mat
j00713,935,181.0,05_resultados\revisao_operacional\campanha_v1\j00713.mat
j00713,946,170.0,05_resultados\revisao_operacional\campanha_v1\j00713.mat
j00713,956,160.0,05_resultados\revisao_operacional\campanha_v1\j00713.mat
j00713,967,149.0,05_resultados\revisao_operacional\campanha_v1\j00713.mat
j00713,977,139.0,05_resultados\revisao_operacional\campanha_v1\j00713.mat
j00713,988,128.0,05_resultados\revisao_operacional\campanha_v1\j00713.mat
j00713,998,118.0,05_resultados\revisao_operacional\campanha_v1\j00713.mat
j00713,1009,107.0,05_resultados\revisao_operacional\campanha_v1\j00713.mat
j00713,1019,97.0,05_resultados\revisao_operacional\campanha_v1\j00713.mat
j00713,1030,86.0,05_resultados\revisao_operacional\campanha_v1\j00713.mat
j00713,1040,76.0,05_resultados\revisao_operacional\campanha_v1\j00713.mat
j00713,1051,65.0,05_resultados\revisao_operacional\campanha_v1\j00713.mat
j00713,1061,55.0,05_resultados\revisao_operacional\campanha_v1\j00713.mat
j00713,1072,44.0,05_resultados\revisao_operacional\campanha_v1\j00713.mat
j00713,1082,34.0,05_resultados\revisao_operacional\campanha_v1\j00713.mat
j00713,1093,23.0,05_resultados\revisao_operacional\campanha_v1\j00713.mat
j00713,1103,13.0,05_resultados\revisao_operacional\campanha_v1\j00713.mat
j00713,1114,2.0,05_resultados\revisao_operacional\campanha_v1\j00713.mat
j00713,1137,nan,05_resultados\revisao_operacional\campanha_v1\j00713.mat
j00713,1148,nan,05_resultados\revisao_operacional\campanha_v1\j00713.mat
j00713,1158,nan,05_resultados\revisao_operacional\campanha_v1\j00713.mat
j00713,1169,nan,05_resultados\revisao_operacional\campanha_v1\j00713.mat
j00713,1179,nan,05_resultados\revisao_operacional\campanha_v1\j00713.mat
j00713,1190,nan,05_resultados\revisao_operacional\campanha_v1\j00713.mat
j00714,0,1.0,05_resultados\revisao_operacional\campanha_v1\j00714.mat
j00714,5,0.0,05_resultados\revisao_operacional\campanha_v1\j00714.mat
j00714,16,11.0,05_resultados\revisao_operacional\campanha_v1\j00714.mat
j00714,26,1.0,05_resultados\revisao_operacional\campanha_v1\j00714.mat
j00714,37,0.0,05_resultados\revisao_operacional\campanha_v1\j00714.mat
j00714,47,1.0,05_resultados\revisao_operacional\campanha_v1\j00714.mat
j00714,58,621.0,05_resultados\revisao_operacional\campanha_v1\j00714.mat
j00714,68,611.0,05_resultados\revisao_operacional\campanha_v1\j00714.mat
j00714,79,600.0,05_resultados\revisao_operacional\campanha_v1\j00714.mat
j00714,89,590.0,05_resultados\revisao_operacional\campanha_v1\j00714.mat
j00714,100,579.0,05_resultados\revisao_operacional\campanha_v1\j00714.mat
j00714,110,569.0,05_resultados\revisao_operacional\campanha_v1\j00714.mat
j00714,121,558.0,05_resultados\revisao_operacional\campanha_v1\j00714.mat
j00714,131,548.0,05_resultados\revisao_operacional\campanha_v1\j00714.mat
j00714,142,537.0,05_resultados\revisao_operacional\campanha_v1\j00714.mat
j00714,152,527.0,05_resultados\revisao_operacional\campanha_v1\j00714.mat
j00714,163,516.0,05_resultados\revisao_operacional\campanha_v1\j00714.mat
j00714,173,506.0,05_resultados\revisao_operacional\campanha_v1\j00714.mat
j00714,184,495.0,05_resultados\revisao_operacional\campanha_v1\j00714.mat
j00714,194,485.0,05_resultados\revisao_operacional\campanha_v1\j00714.mat
j00714,205,474.0,05_resultados\revisao_operacional\campanha_v1\j00714.mat
j00714,215,464.0,05_resultados\revisao_operacional\campanha_v1\j00714.mat
j00714,226,453.0,05_resultados\revisao_operacional\campanha_v1\j00714.mat
j00714,236,443.0,05_resultados\revisao_operacional\campanha_v1\j00714.mat
j00714,247,432.0,05_resultados\revisao_operacional\campanha_v1\j00714.mat
j00714,257,422.0,05_resultados\revisao_operacional\campanha_v1\j00714.mat
j00714,268,411.0,05_resultados\revisao_operacional\campanha_v1\j00714.mat
j00714,278,401.0,05_resultados\revisao_operacional\campanha_v1\j00714.mat
j00714,289,390.0,05_resultados\revisao_operacional\campanha_v1\j00714.mat
j00714,299,380.0,05_resultados\revisao_operacional\campanha_v1\j00714.mat
j00714,310,369.0,05_resultados\revisao_operacional\campanha_v1\j00714.mat
j00714,320,359.0,05_resultados\revisao_operacional\campanha_v1\j00714.mat
j00714,331,348.0,05_resultados\revisao_operacional\campanha_v1\j00714.mat
j00714,341,338.0,05_resultados\revisao_operacional\campanha_v1\j00714.mat
j00714,352,327.0,05_resultados\revisao_operacional\campanha_v1\j00714.mat
j00714,362,317.0,05_resultados\revisao_operacional\campanha_v1\j00714.mat
j00714,373,306.0,05_resultados\revisao_operacional\campanha_v1\j00714.mat
j00714,383,296.0,05_resultados\revisao_operacional\campanha_v1\j00714.mat
j00714,394,285.0,05_resultados\revisao_operacional\campanha_v1\j00714.mat
j00714,404,275.0,05_resultados\revisao_operacional\campanha_v1\j00714.mat
j00714,415,264.0,05_resultados\revisao_operacional\campanha_v1\j00714.mat
j00714,425,254.0,05_resultados\revisao_operacional\campanha_v1\j00714.mat
j00714,436,243.0,05_resultados\revisao_operacional\campanha_v1\j00714.mat
j00714,446,233.0,05_resultados\revisao_operacional\campanha_v1\j00714.mat
j00714,457,222.0,05_resultados\revisao_operacional\campanha_v1\j00714.mat
j00714,467,212.0,05_resultados\revisao_operacional\campanha_v1\j00714.mat
j00714,478,201.0,05_resultados\revisao_operacional\campanha_v1\j00714.mat
j00714,488,191.0,05_resultados\revisao_operacional\campanha_v1\j00714.mat
j00714,499,180.0,05_resultados\revisao_operacional\campanha_v1\j00714.mat
j00714,509,170.0,05_resultados\revisao_operacional\campanha_v1\j00714.mat
j00714,520,159.0,05_resultados\revisao_operacional\campanha_v1\j00714.mat
j00714,530,149.0,05_resultados\revisao_operacional\campanha_v1\j00714.mat
j00714,541,138.0,05_resultados\revisao_operacional\campanha_v1\j00714.mat
j00714,551,128.0,05_resultados\revisao_operacional\campanha_v1\j00714.mat
j00714,562,117.0,05_resultados\revisao_operacional\campanha_v1\j00714.mat
j00714,572,107.0,05_resultados\revisao_operacional\campanha_v1\j00714.mat
j00714,583,96.0,05_resultados\revisao_operacional\campanha_v1\j00714.mat
j00714,593,86.0,05_resultados\revisao_operacional\campanha_v1\j00714.mat
j00714,604,75.0,05_resultados\revisao_operacional\campanha_v1\j00714.mat
j00714,614,65.0,05_resultados\revisao_operacional\campanha_v1\j00714.mat
j00714,625,54.0,05_resultados\revisao_operacional\campanha_v1\j00714.mat
j00714,635,44.0,05_resultados\revisao_operacional\campanha_v1\j00714.mat
j00714,646,33.0,05_resultados\revisao_operacional\campanha_v1\j00714.mat
j00714,656,23.0,05_resultados\revisao_operacional\campanha_v1\j00714.mat
j00714,667,12.0,05_resultados\revisao_operacional\campanha_v1\j00714.mat
j00714,691,201.0,05_resultados\revisao_operacional\campanha_v1\j00714.mat
j00714,702,190.0,05_resultados\revisao_operacional\campanha_v1\j00714.mat
j00714,712,180.0,05_resultados\revisao_operacional\campanha_v1\j00714.mat
j00714,723,169.0,05_resultados\revisao_operacional\campanha_v1\j00714.mat
j00714,733,159.0,05_resultados\revisao_operacional\campanha_v1\j00714.mat
j00714,744,148.0,05_resultados\revisao_operacional\campanha_v1\j00714.mat
j00714,754,138.0,05_resultados\revisao_operacional\campanha_v1\j00714.mat
j00714,765,127.0,05_resultados\revisao_operacional\campanha_v1\j00714.mat
j00714,775,117.0,05_resultados\revisao_operacional\campanha_v1\j00714.mat
j00714,786,106.0,05_resultados\revisao_operacional\campanha_v1\j00714.mat
j00714,796,96.0,05_resultados\revisao_operacional\campanha_v1\j00714.mat
j00714,806,86.0,05_resultados\revisao_operacional\campanha_v1\j00714.mat
j00714,817,75.0,05_resultados\revisao_operacional\campanha_v1\j00714.mat
j00714,828,64.0,05_resultados\revisao_operacional\campanha_v1\j00714.mat
j00714,838,54.0,05_resultados\revisao_operacional\campanha_v1\j00714.mat
j00714,849,43.0,05_resultados\revisao_operacional\campanha_v1\j00714.mat
j00714,859,33.0,05_resultados\revisao_operacional\campanha_v1\j00714.mat
j00714,870,22.0,05_resultados\revisao_operacional\campanha_v1\j00714.mat
j00714,880,12.0,05_resultados\revisao_operacional\campanha_v1\j00714.mat
j00714,890,2.0,05_resultados\revisao_operacional\campanha_v1\j00714.mat
j00714,914,201.0,05_resultados\revisao_operacional\campanha_v1\j00714.mat
j00714,925,190.0,05_resultados\revisao_operacional\campanha_v1\j00714.mat
j00714,935,180.0,05_resultados\revisao_operacional\campanha_v1\j00714.mat
j00714,946,169.0,05_resultados\revisao_operacional\campanha_v1\j00714.mat
j00714,956,159.0,05_resultados\revisao_operacional\campanha_v1\j00714.mat
j00714,967,148.0,05_resultados\revisao_operacional\campanha_v1\j00714.mat
j00714,977,138.0,05_resultados\revisao_operacional\campanha_v1\j00714.mat
j00714,988,127.0,05_resultados\revisao_operacional\campanha_v1\j00714.mat
j00714,998,117.0,05_resultados\revisao_operacional\campanha_v1\j00714.mat
j00714,1009,106.0,05_resultados\revisao_operacional\campanha_v1\j00714.mat
j00714,1019,96.0,05_resultados\revisao_operacional\campanha_v1\j00714.mat
j00714,1030,85.0,05_resultados\revisao_operacional\campanha_v1\j00714.mat
j00714,1040,75.0,05_resultados\revisao_operacional\campanha_v1\j00714.mat
j00714,1051,64.0,05_resultados\revisao_operacional\campanha_v1\j00714.mat
j00714,1061,54.0,05_resultados\revisao_operacional\campanha_v1\j00714.mat
j00714,1072,43.0,05_resultados\revisao_operacional\campanha_v1\j00714.mat
j00714,1082,33.0,05_resultados\revisao_operacional\campanha_v1\j00714.mat
j00714,1093,22.0,05_resultados\revisao_operacional\campanha_v1\j00714.mat
j00714,1103,12.0,05_resultados\revisao_operacional\campanha_v1\j00714.mat
j00714,1114,1.0,05_resultados\revisao_operacional\campanha_v1\j00714.mat
j00714,1137,nan,05_resultados\revisao_operacional\campanha_v1\j00714.mat
j00714,1148,nan,05_resultados\revisao_operacional\campanha_v1\j00714.mat
j00714,1158,nan,05_resultados\revisao_operacional\campanha_v1\j00714.mat
j00714,1169,nan,05_resultados\revisao_operacional\campanha_v1\j00714.mat
j00714,1179,nan,05_resultados\revisao_operacional\campanha_v1\j00714.mat
j00714,1190,nan,05_resultados\revisao_operacional\campanha_v1\j00714.mat
j00715,0,1,05_resultados\revisao_operacional\campanha_v1\j00715.mat
j00715,5,0,05_resultados\revisao_operacional\campanha_v1\j00715.mat
j00715,16,0,05_resultados\revisao_operacional\campanha_v1\j00715.mat
j00715,26,0,05_resultados\revisao_operacional\campanha_v1\j00715.mat
j00715,37,0,05_resultados\revisao_operacional\campanha_v1\j00715.mat
j00715,47,0,05_resultados\revisao_operacional\campanha_v1\j00715.mat
j00715,58,0,05_resultados\revisao_operacional\campanha_v1\j00715.mat
j00715,68,0,05_resultados\revisao_operacional\campanha_v1\j00715.mat
j00715,79,0,05_resultados\revisao_operacional\campanha_v1\j00715.mat
j00715,89,0,05_resultados\revisao_operacional\campanha_v1\j00715.mat
j00715,100,0,05_resultados\revisao_operacional\campanha_v1\j00715.mat
j00715,110,0,05_resultados\revisao_operacional\campanha_v1\j00715.mat
j00715,121,0,05_resultados\revisao_operacional\campanha_v1\j00715.mat
j00715,131,0,05_resultados\revisao_operacional\campanha_v1\j00715.mat
j00715,142,0,05_resultados\revisao_operacional\campanha_v1\j00715.mat
j00715,152,0,05_resultados\revisao_operacional\campanha_v1\j00715.mat
j00715,163,0,05_resultados\revisao_operacional\campanha_v1\j00715.mat
j00715,173,0,05_resultados\revisao_operacional\campanha_v1\j00715.mat
j00715,184,0,05_resultados\revisao_operacional\campanha_v1\j00715.mat
j00715,194,0,05_resultados\revisao_operacional\campanha_v1\j00715.mat
j00715,205,0,05_resultados\revisao_operacional\campanha_v1\j00715.mat
j00715,215,0,05_resultados\revisao_operacional\campanha_v1\j00715.mat
j00715,226,0,05_resultados\revisao_operacional\campanha_v1\j00715.mat
j00715,236,0,05_resultados\revisao_operacional\campanha_v1\j00715.mat
j00715,247,0,05_resultados\revisao_operacional\campanha_v1\j00715.mat
j00715,257,0,05_resultados\revisao_operacional\campanha_v1\j00715.mat
j00715,268,0,05_resultados\revisao_operacional\campanha_v1\j00715.mat
j00715,278,0,05_resultados\revisao_operacional\campanha_v1\j00715.mat
j00715,289,0,05_resultados\revisao_operacional\campanha_v1\j00715.mat
j00715,299,0,05_resultados\revisao_operacional\campanha_v1\j00715.mat
j00715,310,0,05_resultados\revisao_operacional\campanha_v1\j00715.mat
j00715,320,0,05_resultados\revisao_operacional\campanha_v1\j00715.mat
j00715,331,0,05_resultados\revisao_operacional\campanha_v1\j00715.mat
j00715,341,0,05_resultados\revisao_operacional\campanha_v1\j00715.mat
j00715,352,0,05_resultados\revisao_operacional\campanha_v1\j00715.mat
j00715,362,0,05_resultados\revisao_operacional\campanha_v1\j00715.mat
j00715,373,0,05_resultados\revisao_operacional\campanha_v1\j00715.mat
j00715,383,0,05_resultados\revisao_operacional\campanha_v1\j00715.mat
j00715,394,0,05_resultados\revisao_operacional\campanha_v1\j00715.mat
j00715,404,0,05_resultados\revisao_operacional\campanha_v1\j00715.mat
j00715,415,0,05_resultados\revisao_operacional\campanha_v1\j00715.mat
j00715,425,0,05_resultados\revisao_operacional\campanha_v1\j00715.mat
j00715,436,0,05_resultados\revisao_operacional\campanha_v1\j00715.mat
j00715,446,0,05_resultados\revisao_operacional\campanha_v1\j00715.mat
j00715,457,0,05_resultados\revisao_operacional\campanha_v1\j00715.mat
j00715,467,0,05_resultados\revisao_operacional\campanha_v1\j00715.mat
j00715,478,0,05_resultados\revisao_operacional\campanha_v1\j00715.mat
j00715,488,0,05_resultados\revisao_operacional\campanha_v1\j00715.mat
j00715,499,0,05_resultados\revisao_operacional\campanha_v1\j00715.mat
j00715,509,0,05_resultados\revisao_operacional\campanha_v1\j00715.mat
j00715,520,0,05_resultados\revisao_operacional\campanha_v1\j00715.mat
j00715,530,0,05_resultados\revisao_operacional\campanha_v1\j00715.mat
j00715,541,0,05_resultados\revisao_operacional\campanha_v1\j00715.mat
j00715,551,0,05_resultados\revisao_operacional\campanha_v1\j00715.mat
j00715,562,0,05_resultados\revisao_operacional\campanha_v1\j00715.mat
j00715,572,0,05_resultados\revisao_operacional\campanha_v1\j00715.mat
j00715,583,0,05_resultados\revisao_operacional\campanha_v1\j00715.mat
j00715,593,0,05_resultados\revisao_operacional\campanha_v1\j00715.mat
j00715,604,0,05_resultados\revisao_operacional\campanha_v1\j00715.mat
j00715,614,0,05_resultados\revisao_operacional\campanha_v1\j00715.mat
j00715,625,0,05_resultados\revisao_operacional\campanha_v1\j00715.mat
j00715,635,0,05_resultados\revisao_operacional\campanha_v1\j00715.mat
j00715,646,0,05_resultados\revisao_operacional\campanha_v1\j00715.mat
j00715,656,0,05_resultados\revisao_operacional\campanha_v1\j00715.mat
j00715,667,0,05_resultados\revisao_operacional\campanha_v1\j00715.mat
j00715,691,0,05_resultados\revisao_operacional\campanha_v1\j00715.mat
j00715,702,0,05_resultados\revisao_operacional\campanha_v1\j00715.mat
j00715,712,0,05_resultados\revisao_operacional\campanha_v1\j00715.mat
j00715,723,0,05_resultados\revisao_operacional\campanha_v1\j00715.mat
j00715,733,0,05_resultados\revisao_operacional\campanha_v1\j00715.mat
j00715,744,0,05_resultados\revisao_operacional\campanha_v1\j00715.mat
j00715,754,0,05_resultados\revisao_operacional\campanha_v1\j00715.mat
j00715,765,0,05_resultados\revisao_operacional\campanha_v1\j00715.mat
j00715,775,0,05_resultados\revisao_operacional\campanha_v1\j00715.mat
j00715,786,0,05_resultados\revisao_operacional\campanha_v1\j00715.mat
j00715,796,0,05_resultados\revisao_operacional\campanha_v1\j00715.mat
j00715,806,0,05_resultados\revisao_operacional\campanha_v1\j00715.mat
j00715,817,0,05_resultados\revisao_operacional\campanha_v1\j00715.mat
j00715,828,0,05_resultados\revisao_operacional\campanha_v1\j00715.mat
j00715,838,0,05_resultados\revisao_operacional\campanha_v1\j00715.mat
j00715,849,0,05_resultados\revisao_operacional\campanha_v1\j00715.mat
j00715,859,0,05_resultados\revisao_operacional\campanha_v1\j00715.mat
j00715,870,0,05_resultados\revisao_operacional\campanha_v1\j00715.mat
j00715,880,0,05_resultados\revisao_operacional\campanha_v1\j00715.mat
j00715,890,0,05_resultados\revisao_operacional\campanha_v1\j00715.mat
j00715,914,0,05_resultados\revisao_operacional\campanha_v1\j00715.mat
j00715,925,0,05_resultados\revisao_operacional\campanha_v1\j00715.mat
j00715,935,0,05_resultados\revisao_operacional\campanha_v1\j00715.mat
j00715,946,0,05_resultados\revisao_operacional\campanha_v1\j00715.mat
j00715,956,0,05_resultados\revisao_operacional\campanha_v1\j00715.mat
j00715,967,0,05_resultados\revisao_operacional\campanha_v1\j00715.mat
j00715,977,0,05_resultados\revisao_operacional\campanha_v1\j00715.mat
j00715,988,0,05_resultados\revisao_operacional\campanha_v1\j00715.mat
j00715,998,0,05_resultados\revisao_operacional\campanha_v1\j00715.mat
j00715,1009,0,05_resultados\revisao_operacional\campanha_v1\j00715.mat
j00715,1019,0,05_resultados\revisao_operacional\campanha_v1\j00715.mat
j00715,1030,0,05_resultados\revisao_operacional\campanha_v1\j00715.mat
j00715,1040,0,05_resultados\revisao_operacional\campanha_v1\j00715.mat
j00715,1051,0,05_resultados\revisao_operacional\campanha_v1\j00715.mat
j00715,1061,0,05_resultados\revisao_operacional\campanha_v1\j00715.mat
j00715,1072,0,05_resultados\revisao_operacional\campanha_v1\j00715.mat
j00715,1082,0,05_resultados\revisao_operacional\campanha_v1\j00715.mat
j00715,1093,0,05_resultados\revisao_operacional\campanha_v1\j00715.mat
j00715,1103,0,05_resultados\revisao_operacional\campanha_v1\j00715.mat
j00715,1114,0,05_resultados\revisao_operacional\campanha_v1\j00715.mat
j00715,1137,0,05_resultados\revisao_operacional\campanha_v1\j00715.mat
j00715,1148,0,05_resultados\revisao_operacional\campanha_v1\j00715.mat
j00715,1158,0,05_resultados\revisao_operacional\campanha_v1\j00715.mat
j00715,1169,0,05_resultados\revisao_operacional\campanha_v1\j00715.mat
j00715,1179,0,05_resultados\revisao_operacional\campanha_v1\j00715.mat
j00715,1190,0,05_resultados\revisao_operacional\campanha_v1\j00715.mat
j00716,0,1,05_resultados\revisao_operacional\campanha_v1\j00716.mat
j00716,5,0,05_resultados\revisao_operacional\campanha_v1\j00716.mat
j00716,16,0,05_resultados\revisao_operacional\campanha_v1\j00716.mat
j00716,26,0,05_resultados\revisao_operacional\campanha_v1\j00716.mat
j00716,37,0,05_resultados\revisao_operacional\campanha_v1\j00716.mat
j00716,47,0,05_resultados\revisao_operacional\campanha_v1\j00716.mat
j00716,58,0,05_resultados\revisao_operacional\campanha_v1\j00716.mat
j00716,68,0,05_resultados\revisao_operacional\campanha_v1\j00716.mat
j00716,79,0,05_resultados\revisao_operacional\campanha_v1\j00716.mat
j00716,89,0,05_resultados\revisao_operacional\campanha_v1\j00716.mat
j00716,100,0,05_resultados\revisao_operacional\campanha_v1\j00716.mat
j00716,110,0,05_resultados\revisao_operacional\campanha_v1\j00716.mat
j00716,121,0,05_resultados\revisao_operacional\campanha_v1\j00716.mat
j00716,131,0,05_resultados\revisao_operacional\campanha_v1\j00716.mat
j00716,142,0,05_resultados\revisao_operacional\campanha_v1\j00716.mat
j00716,152,0,05_resultados\revisao_operacional\campanha_v1\j00716.mat
j00716,163,0,05_resultados\revisao_operacional\campanha_v1\j00716.mat
j00716,173,0,05_resultados\revisao_operacional\campanha_v1\j00716.mat
j00716,184,0,05_resultados\revisao_operacional\campanha_v1\j00716.mat
j00716,194,0,05_resultados\revisao_operacional\campanha_v1\j00716.mat
j00716,205,0,05_resultados\revisao_operacional\campanha_v1\j00716.mat
j00716,215,0,05_resultados\revisao_operacional\campanha_v1\j00716.mat
j00716,226,0,05_resultados\revisao_operacional\campanha_v1\j00716.mat
j00716,236,0,05_resultados\revisao_operacional\campanha_v1\j00716.mat
j00716,247,0,05_resultados\revisao_operacional\campanha_v1\j00716.mat
j00716,257,0,05_resultados\revisao_operacional\campanha_v1\j00716.mat
j00716,268,0,05_resultados\revisao_operacional\campanha_v1\j00716.mat
j00716,278,0,05_resultados\revisao_operacional\campanha_v1\j00716.mat
j00716,289,0,05_resultados\revisao_operacional\campanha_v1\j00716.mat
j00716,299,0,05_resultados\revisao_operacional\campanha_v1\j00716.mat
j00716,310,0,05_resultados\revisao_operacional\campanha_v1\j00716.mat
j00716,320,0,05_resultados\revisao_operacional\campanha_v1\j00716.mat
j00716,331,0,05_resultados\revisao_operacional\campanha_v1\j00716.mat
j00716,341,0,05_resultados\revisao_operacional\campanha_v1\j00716.mat
j00716,352,0,05_resultados\revisao_operacional\campanha_v1\j00716.mat
j00716,362,0,05_resultados\revisao_operacional\campanha_v1\j00716.mat
j00716,373,0,05_resultados\revisao_operacional\campanha_v1\j00716.mat
j00716,383,0,05_resultados\revisao_operacional\campanha_v1\j00716.mat
j00716,394,0,05_resultados\revisao_operacional\campanha_v1\j00716.mat
j00716,404,0,05_resultados\revisao_operacional\campanha_v1\j00716.mat
j00716,415,0,05_resultados\revisao_operacional\campanha_v1\j00716.mat
j00716,425,0,05_resultados\revisao_operacional\campanha_v1\j00716.mat
j00716,436,0,05_resultados\revisao_operacional\campanha_v1\j00716.mat
j00716,446,0,05_resultados\revisao_operacional\campanha_v1\j00716.mat
j00716,457,0,05_resultados\revisao_operacional\campanha_v1\j00716.mat
j00716,467,0,05_resultados\revisao_operacional\campanha_v1\j00716.mat
j00716,478,0,05_resultados\revisao_operacional\campanha_v1\j00716.mat
j00716,488,0,05_resultados\revisao_operacional\campanha_v1\j00716.mat
j00716,499,0,05_resultados\revisao_operacional\campanha_v1\j00716.mat
j00716,509,0,05_resultados\revisao_operacional\campanha_v1\j00716.mat
j00716,520,0,05_resultados\revisao_operacional\campanha_v1\j00716.mat
j00716,530,0,05_resultados\revisao_operacional\campanha_v1\j00716.mat
j00716,541,0,05_resultados\revisao_operacional\campanha_v1\j00716.mat
j00716,551,0,05_resultados\revisao_operacional\campanha_v1\j00716.mat
j00716,562,0,05_resultados\revisao_operacional\campanha_v1\j00716.mat
j00716,572,0,05_resultados\revisao_operacional\campanha_v1\j00716.mat
j00716,583,0,05_resultados\revisao_operacional\campanha_v1\j00716.mat
j00716,593,0,05_resultados\revisao_operacional\campanha_v1\j00716.mat
j00716,604,0,05_resultados\revisao_operacional\campanha_v1\j00716.mat
j00716,614,0,05_resultados\revisao_operacional\campanha_v1\j00716.mat
j00716,625,0,05_resultados\revisao_operacional\campanha_v1\j00716.mat
j00716,635,0,05_resultados\revisao_operacional\campanha_v1\j00716.mat
j00716,646,0,05_resultados\revisao_operacional\campanha_v1\j00716.mat
j00716,656,0,05_resultados\revisao_operacional\campanha_v1\j00716.mat
j00716,667,0,05_resultados\revisao_operacional\campanha_v1\j00716.mat
j00716,691,0,05_resultados\revisao_operacional\campanha_v1\j00716.mat
j00716,702,0,05_resultados\revisao_operacional\campanha_v1\j00716.mat
j00716,712,0,05_resultados\revisao_operacional\campanha_v1\j00716.mat
j00716,723,0,05_resultados\revisao_operacional\campanha_v1\j00716.mat
j00716,733,0,05_resultados\revisao_operacional\campanha_v1\j00716.mat
j00716,744,0,05_resultados\revisao_operacional\campanha_v1\j00716.mat
j00716,754,0,05_resultados\revisao_operacional\campanha_v1\j00716.mat
j00716,765,0,05_resultados\revisao_operacional\campanha_v1\j00716.mat
j00716,775,0,05_resultados\revisao_operacional\campanha_v1\j00716.mat
j00716,786,0,05_resultados\revisao_operacional\campanha_v1\j00716.mat
j00716,796,0,05_resultados\revisao_operacional\campanha_v1\j00716.mat
j00716,806,0,05_resultados\revisao_operacional\campanha_v1\j00716.mat
j00716,817,0,05_resultados\revisao_operacional\campanha_v1\j00716.mat
j00716,828,0,05_resultados\revisao_operacional\campanha_v1\j00716.mat
j00716,838,0,05_resultados\revisao_operacional\campanha_v1\j00716.mat
j00716,849,0,05_resultados\revisao_operacional\campanha_v1\j00716.mat
j00716,859,0,05_resultados\revisao_operacional\campanha_v1\j00716.mat
j00716,870,0,05_resultados\revisao_operacional\campanha_v1\j00716.mat
j00716,880,0,05_resultados\revisao_operacional\campanha_v1\j00716.mat
j00716,890,0,05_resultados\revisao_operacional\campanha_v1\j00716.mat
j00716,914,0,05_resultados\revisao_operacional\campanha_v1\j00716.mat
j00716,925,0,05_resultados\revisao_operacional\campanha_v1\j00716.mat
j00716,935,0,05_resultados\revisao_operacional\campanha_v1\j00716.mat
j00716,946,0,05_resultados\revisao_operacional\campanha_v1\j00716.mat
j00716,956,0,05_resultados\revisao_operacional\campanha_v1\j00716.mat
j00716,967,0,05_resultados\revisao_operacional\campanha_v1\j00716.mat
j00716,977,0,05_resultados\revisao_operacional\campanha_v1\j00716.mat
j00716,988,0,05_resultados\revisao_operacional\campanha_v1\j00716.mat
j00716,998,0,05_resultados\revisao_operacional\campanha_v1\j00716.mat
j00716,1009,0,05_resultados\revisao_operacional\campanha_v1\j00716.mat
j00716,1019,0,05_resultados\revisao_operacional\campanha_v1\j00716.mat
j00716,1030,0,05_resultados\revisao_operacional\campanha_v1\j00716.mat
j00716,1040,0,05_resultados\revisao_operacional\campanha_v1\j00716.mat
j00716,1051,0,05_resultados\revisao_operacional\campanha_v1\j00716.mat
j00716,1061,0,05_resultados\revisao_operacional\campanha_v1\j00716.mat
j00716,1072,0,05_resultados\revisao_operacional\campanha_v1\j00716.mat
j00716,1082,0,05_resultados\revisao_operacional\campanha_v1\j00716.mat
j00716,1093,0,05_resultados\revisao_operacional\campanha_v1\j00716.mat
j00716,1103,0,05_resultados\revisao_operacional\campanha_v1\j00716.mat
j00716,1114,0,05_resultados\revisao_operacional\campanha_v1\j00716.mat
j00716,1137,0,05_resultados\revisao_operacional\campanha_v1\j00716.mat
j00716,1148,0,05_resultados\revisao_operacional\campanha_v1\j00716.mat
j00716,1158,0,05_resultados\revisao_operacional\campanha_v1\j00716.mat
j00716,1169,0,05_resultados\revisao_operacional\campanha_v1\j00716.mat
j00716,1179,0,05_resultados\revisao_operacional\campanha_v1\j00716.mat
j00716,1190,0,05_resultados\revisao_operacional\campanha_v1\j00716.mat
j00717,0,573.0,05_resultados\revisao_operacional\campanha_v1\j00717.mat
j00717,8,565.0,05_resultados\revisao_operacional\campanha_v1\j00717.mat
j00717,18,555.0,05_resultados\revisao_operacional\campanha_v1\j00717.mat
j00717,29,544.0,05_resultados\revisao_operacional\campanha_v1\j00717.mat
j00717,39,534.0,05_resultados\revisao_operacional\campanha_v1\j00717.mat
j00717,50,523.0,05_resultados\revisao_operacional\campanha_v1\j00717.mat
j00717,60,513.0,05_resultados\revisao_operacional\campanha_v1\j00717.mat
j00717,71,502.0,05_resultados\revisao_operacional\campanha_v1\j00717.mat
j00717,81,492.0,05_resultados\revisao_operacional\campanha_v1\j00717.mat
j00717,92,481.0,05_resultados\revisao_operacional\campanha_v1\j00717.mat
j00717,102,471.0,05_resultados\revisao_operacional\campanha_v1\j00717.mat
j00717,113,460.0,05_resultados\revisao_operacional\campanha_v1\j00717.mat
j00717,123,450.0,05_resultados\revisao_operacional\campanha_v1\j00717.mat
j00717,134,439.0,05_resultados\revisao_operacional\campanha_v1\j00717.mat
j00717,144,429.0,05_resultados\revisao_operacional\campanha_v1\j00717.mat
j00717,155,418.0,05_resultados\revisao_operacional\campanha_v1\j00717.mat
j00717,165,408.0,05_resultados\revisao_operacional\campanha_v1\j00717.mat
j00717,176,397.0,05_resultados\revisao_operacional\campanha_v1\j00717.mat
j00717,186,387.0,05_resultados\revisao_operacional\campanha_v1\j00717.mat
j00717,197,376.0,05_resultados\revisao_operacional\campanha_v1\j00717.mat
j00717,207,366.0,05_resultados\revisao_operacional\campanha_v1\j00717.mat
j00717,218,355.0,05_resultados\revisao_operacional\campanha_v1\j00717.mat
j00717,228,345.0,05_resultados\revisao_operacional\campanha_v1\j00717.mat
j00717,239,334.0,05_resultados\revisao_operacional\campanha_v1\j00717.mat
j00717,249,324.0,05_resultados\revisao_operacional\campanha_v1\j00717.mat
j00717,260,313.0,05_resultados\revisao_operacional\campanha_v1\j00717.mat
j00717,270,303.0,05_resultados\revisao_operacional\campanha_v1\j00717.mat
j00717,281,292.0,05_resultados\revisao_operacional\campanha_v1\j00717.mat
j00717,291,282.0,05_resultados\revisao_operacional\campanha_v1\j00717.mat
j00717,302,271.0,05_resultados\revisao_operacional\campanha_v1\j00717.mat
j00717,312,261.0,05_resultados\revisao_operacional\campanha_v1\j00717.mat
j00717,323,250.0,05_resultados\revisao_operacional\campanha_v1\j00717.mat
j00717,333,240.0,05_resultados\revisao_operacional\campanha_v1\j00717.mat
j00717,344,229.0,05_resultados\revisao_operacional\campanha_v1\j00717.mat
j00717,368,205.0,05_resultados\revisao_operacional\campanha_v1\j00717.mat
j00717,379,194.0,05_resultados\revisao_operacional\campanha_v1\j00717.mat
j00717,389,184.0,05_resultados\revisao_operacional\campanha_v1\j00717.mat
j00717,400,173.0,05_resultados\revisao_operacional\campanha_v1\j00717.mat
j00717,410,163.0,05_resultados\revisao_operacional\campanha_v1\j00717.mat
j00717,421,152.0,05_resultados\revisao_operacional\campanha_v1\j00717.mat
j00717,431,142.0,05_resultados\revisao_operacional\campanha_v1\j00717.mat
j00717,442,131.0,05_resultados\revisao_operacional\campanha_v1\j00717.mat
j00717,452,121.0,05_resultados\revisao_operacional\campanha_v1\j00717.mat
j00717,463,110.0,05_resultados\revisao_operacional\campanha_v1\j00717.mat
j00717,473,100.0,05_resultados\revisao_operacional\campanha_v1\j00717.mat
j00717,483,90.0,05_resultados\revisao_operacional\campanha_v1\j00717.mat
j00717,494,79.0,05_resultados\revisao_operacional\campanha_v1\j00717.mat
j00717,505,68.0,05_resultados\revisao_operacional\campanha_v1\j00717.mat
j00717,515,58.0,05_resultados\revisao_operacional\campanha_v1\j00717.mat
j00717,526,47.0,05_resultados\revisao_operacional\campanha_v1\j00717.mat
j00717,536,37.0,05_resultados\revisao_operacional\campanha_v1\j00717.mat
j00717,547,26.0,05_resultados\revisao_operacional\campanha_v1\j00717.mat
j00717,557,16.0,05_resultados\revisao_operacional\campanha_v1\j00717.mat
j00717,567,6.0,05_resultados\revisao_operacional\campanha_v1\j00717.mat
j00717,591,428.0,05_resultados\revisao_operacional\campanha_v1\j00717.mat
j00717,602,417.0,05_resultados\revisao_operacional\campanha_v1\j00717.mat
j00717,612,407.0,05_resultados\revisao_operacional\campanha_v1\j00717.mat
j00717,623,396.0,05_resultados\revisao_operacional\campanha_v1\j00717.mat
j00717,633,386.0,05_resultados\revisao_operacional\campanha_v1\j00717.mat
j00717,644,375.0,05_resultados\revisao_operacional\campanha_v1\j00717.mat
j00717,654,365.0,05_resultados\revisao_operacional\campanha_v1\j00717.mat
j00717,665,354.0,05_resultados\revisao_operacional\campanha_v1\j00717.mat
j00717,675,344.0,05_resultados\revisao_operacional\campanha_v1\j00717.mat
j00717,686,333.0,05_resultados\revisao_operacional\campanha_v1\j00717.mat
j00717,696,323.0,05_resultados\revisao_operacional\campanha_v1\j00717.mat
j00717,707,312.0,05_resultados\revisao_operacional\campanha_v1\j00717.mat
j00717,717,302.0,05_resultados\revisao_operacional\campanha_v1\j00717.mat
j00717,728,291.0,05_resultados\revisao_operacional\campanha_v1\j00717.mat
j00717,738,281.0,05_resultados\revisao_operacional\campanha_v1\j00717.mat
j00717,749,270.0,05_resultados\revisao_operacional\campanha_v1\j00717.mat
j00717,759,260.0,05_resultados\revisao_operacional\campanha_v1\j00717.mat
j00717,770,249.0,05_resultados\revisao_operacional\campanha_v1\j00717.mat
j00717,780,239.0,05_resultados\revisao_operacional\campanha_v1\j00717.mat
j00717,791,228.0,05_resultados\revisao_operacional\campanha_v1\j00717.mat
j00717,814,205.0,05_resultados\revisao_operacional\campanha_v1\j00717.mat
j00717,825,194.0,05_resultados\revisao_operacional\campanha_v1\j00717.mat
j00717,835,184.0,05_resultados\revisao_operacional\campanha_v1\j00717.mat
j00717,846,173.0,05_resultados\revisao_operacional\campanha_v1\j00717.mat
j00717,856,163.0,05_resultados\revisao_operacional\campanha_v1\j00717.mat
j00717,867,152.0,05_resultados\revisao_operacional\campanha_v1\j00717.mat
j00717,877,142.0,05_resultados\revisao_operacional\campanha_v1\j00717.mat
j00717,888,131.0,05_resultados\revisao_operacional\campanha_v1\j00717.mat
j00717,898,121.0,05_resultados\revisao_operacional\campanha_v1\j00717.mat
j00717,909,110.0,05_resultados\revisao_operacional\campanha_v1\j00717.mat
j00717,919,100.0,05_resultados\revisao_operacional\campanha_v1\j00717.mat
j00717,930,89.0,05_resultados\revisao_operacional\campanha_v1\j00717.mat
j00717,940,79.0,05_resultados\revisao_operacional\campanha_v1\j00717.mat
j00717,951,68.0,05_resultados\revisao_operacional\campanha_v1\j00717.mat
j00717,961,58.0,05_resultados\revisao_operacional\campanha_v1\j00717.mat
j00717,972,47.0,05_resultados\revisao_operacional\campanha_v1\j00717.mat
j00717,982,37.0,05_resultados\revisao_operacional\campanha_v1\j00717.mat
j00717,993,26.0,05_resultados\revisao_operacional\campanha_v1\j00717.mat
j00717,1003,16.0,05_resultados\revisao_operacional\campanha_v1\j00717.mat
j00717,1014,5.0,05_resultados\revisao_operacional\campanha_v1\j00717.mat
j00717,1037,nan,05_resultados\revisao_operacional\campanha_v1\j00717.mat
j00717,1048,nan,05_resultados\revisao_operacional\campanha_v1\j00717.mat
j00717,1059,nan,05_resultados\revisao_operacional\campanha_v1\j00717.mat
j00717,1069,nan,05_resultados\revisao_operacional\campanha_v1\j00717.mat
j00717,1079,nan,05_resultados\revisao_operacional\campanha_v1\j00717.mat
j00717,1090,nan,05_resultados\revisao_operacional\campanha_v1\j00717.mat
j00717,1100,nan,05_resultados\revisao_operacional\campanha_v1\j00717.mat
j00717,1111,nan,05_resultados\revisao_operacional\campanha_v1\j00717.mat
j00717,1121,nan,05_resultados\revisao_operacional\campanha_v1\j00717.mat
j00717,1132,nan,05_resultados\revisao_operacional\campanha_v1\j00717.mat
j00717,1142,nan,05_resultados\revisao_operacional\campanha_v1\j00717.mat
j00717,1153,nan,05_resultados\revisao_operacional\campanha_v1\j00717.mat
j00717,1163,nan,05_resultados\revisao_operacional\campanha_v1\j00717.mat
j00717,1174,nan,05_resultados\revisao_operacional\campanha_v1\j00717.mat
j00717,1184,nan,05_resultados\revisao_operacional\campanha_v1\j00717.mat
j00717,1195,nan,05_resultados\revisao_operacional\campanha_v1\j00717.mat
j00718,0,348.0,05_resultados\revisao_operacional\campanha_v1\j00718.mat
j00718,8,340.0,05_resultados\revisao_operacional\campanha_v1\j00718.mat
j00718,18,330.0,05_resultados\revisao_operacional\campanha_v1\j00718.mat
j00718,29,319.0,05_resultados\revisao_operacional\campanha_v1\j00718.mat
j00718,39,309.0,05_resultados\revisao_operacional\campanha_v1\j00718.mat
j00718,50,298.0,05_resultados\revisao_operacional\campanha_v1\j00718.mat
j00718,60,288.0,05_resultados\revisao_operacional\campanha_v1\j00718.mat
j00718,71,277.0,05_resultados\revisao_operacional\campanha_v1\j00718.mat
j00718,81,267.0,05_resultados\revisao_operacional\campanha_v1\j00718.mat
j00718,92,256.0,05_resultados\revisao_operacional\campanha_v1\j00718.mat
j00718,102,246.0,05_resultados\revisao_operacional\campanha_v1\j00718.mat
j00718,113,235.0,05_resultados\revisao_operacional\campanha_v1\j00718.mat
j00718,123,225.0,05_resultados\revisao_operacional\campanha_v1\j00718.mat
j00718,134,214.0,05_resultados\revisao_operacional\campanha_v1\j00718.mat
j00718,144,204.0,05_resultados\revisao_operacional\campanha_v1\j00718.mat
j00718,155,193.0,05_resultados\revisao_operacional\campanha_v1\j00718.mat
j00718,165,183.0,05_resultados\revisao_operacional\campanha_v1\j00718.mat
j00718,176,172.0,05_resultados\revisao_operacional\campanha_v1\j00718.mat
j00718,186,162.0,05_resultados\revisao_operacional\campanha_v1\j00718.mat
j00718,197,151.0,05_resultados\revisao_operacional\campanha_v1\j00718.mat
j00718,207,141.0,05_resultados\revisao_operacional\campanha_v1\j00718.mat
j00718,218,130.0,05_resultados\revisao_operacional\campanha_v1\j00718.mat
j00718,228,120.0,05_resultados\revisao_operacional\campanha_v1\j00718.mat
j00718,239,109.0,05_resultados\revisao_operacional\campanha_v1\j00718.mat
j00718,249,99.0,05_resultados\revisao_operacional\campanha_v1\j00718.mat
j00718,260,88.0,05_resultados\revisao_operacional\campanha_v1\j00718.mat
j00718,270,78.0,05_resultados\revisao_operacional\campanha_v1\j00718.mat
j00718,281,67.0,05_resultados\revisao_operacional\campanha_v1\j00718.mat
j00718,291,57.0,05_resultados\revisao_operacional\campanha_v1\j00718.mat
j00718,302,46.0,05_resultados\revisao_operacional\campanha_v1\j00718.mat
j00718,312,36.0,05_resultados\revisao_operacional\campanha_v1\j00718.mat
j00718,323,25.0,05_resultados\revisao_operacional\campanha_v1\j00718.mat
j00718,333,15.0,05_resultados\revisao_operacional\campanha_v1\j00718.mat
j00718,344,4.0,05_resultados\revisao_operacional\campanha_v1\j00718.mat
j00718,368,205.0,05_resultados\revisao_operacional\campanha_v1\j00718.mat
j00718,379,194.0,05_resultados\revisao_operacional\campanha_v1\j00718.mat
j00718,389,184.0,05_resultados\revisao_operacional\campanha_v1\j00718.mat
j00718,400,173.0,05_resultados\revisao_operacional\campanha_v1\j00718.mat
j00718,410,163.0,05_resultados\revisao_operacional\campanha_v1\j00718.mat
j00718,421,152.0,05_resultados\revisao_operacional\campanha_v1\j00718.mat
j00718,431,142.0,05_resultados\revisao_operacional\campanha_v1\j00718.mat
j00718,442,131.0,05_resultados\revisao_operacional\campanha_v1\j00718.mat
j00718,452,121.0,05_resultados\revisao_operacional\campanha_v1\j00718.mat
j00718,463,110.0,05_resultados\revisao_operacional\campanha_v1\j00718.mat
j00718,473,100.0,05_resultados\revisao_operacional\campanha_v1\j00718.mat
j00718,483,90.0,05_resultados\revisao_operacional\campanha_v1\j00718.mat
j00718,494,79.0,05_resultados\revisao_operacional\campanha_v1\j00718.mat
j00718,505,68.0,05_resultados\revisao_operacional\campanha_v1\j00718.mat
j00718,515,58.0,05_resultados\revisao_operacional\campanha_v1\j00718.mat
j00718,526,47.0,05_resultados\revisao_operacional\campanha_v1\j00718.mat
j00718,536,37.0,05_resultados\revisao_operacional\campanha_v1\j00718.mat
j00718,547,26.0,05_resultados\revisao_operacional\campanha_v1\j00718.mat
j00718,557,16.0,05_resultados\revisao_operacional\campanha_v1\j00718.mat
j00718,567,6.0,05_resultados\revisao_operacional\campanha_v1\j00718.mat
j00718,591,202.0,05_resultados\revisao_operacional\campanha_v1\j00718.mat
j00718,602,191.0,05_resultados\revisao_operacional\campanha_v1\j00718.mat
j00718,612,181.0,05_resultados\revisao_operacional\campanha_v1\j00718.mat
j00718,623,170.0,05_resultados\revisao_operacional\campanha_v1\j00718.mat
j00718,633,160.0,05_resultados\revisao_operacional\campanha_v1\j00718.mat
j00718,644,149.0,05_resultados\revisao_operacional\campanha_v1\j00718.mat
j00718,654,139.0,05_resultados\revisao_operacional\campanha_v1\j00718.mat
j00718,665,128.0,05_resultados\revisao_operacional\campanha_v1\j00718.mat
j00718,675,118.0,05_resultados\revisao_operacional\campanha_v1\j00718.mat
j00718,686,107.0,05_resultados\revisao_operacional\campanha_v1\j00718.mat
j00718,696,97.0,05_resultados\revisao_operacional\campanha_v1\j00718.mat
j00718,707,86.0,05_resultados\revisao_operacional\campanha_v1\j00718.mat
j00718,717,76.0,05_resultados\revisao_operacional\campanha_v1\j00718.mat
j00718,728,65.0,05_resultados\revisao_operacional\campanha_v1\j00718.mat
j00718,738,55.0,05_resultados\revisao_operacional\campanha_v1\j00718.mat
j00718,749,44.0,05_resultados\revisao_operacional\campanha_v1\j00718.mat
j00718,759,34.0,05_resultados\revisao_operacional\campanha_v1\j00718.mat
j00718,770,23.0,05_resultados\revisao_operacional\campanha_v1\j00718.mat
j00718,780,13.0,05_resultados\revisao_operacional\campanha_v1\j00718.mat
j00718,791,2.0,05_resultados\revisao_operacional\campanha_v1\j00718.mat
j00718,814,204.0,05_resultados\revisao_operacional\campanha_v1\j00718.mat
j00718,825,193.0,05_resultados\revisao_operacional\campanha_v1\j00718.mat
j00718,835,183.0,05_resultados\revisao_operacional\campanha_v1\j00718.mat
j00718,846,172.0,05_resultados\revisao_operacional\campanha_v1\j00718.mat
j00718,856,162.0,05_resultados\revisao_operacional\campanha_v1\j00718.mat
j00718,867,151.0,05_resultados\revisao_operacional\campanha_v1\j00718.mat
j00718,877,141.0,05_resultados\revisao_operacional\campanha_v1\j00718.mat
j00718,888,130.0,05_resultados\revisao_operacional\campanha_v1\j00718.mat
j00718,898,120.0,05_resultados\revisao_operacional\campanha_v1\j00718.mat
j00718,909,109.0,05_resultados\revisao_operacional\campanha_v1\j00718.mat
j00718,919,99.0,05_resultados\revisao_operacional\campanha_v1\j00718.mat
j00718,930,88.0,05_resultados\revisao_operacional\campanha_v1\j00718.mat
j00718,940,78.0,05_resultados\revisao_operacional\campanha_v1\j00718.mat
j00718,951,67.0,05_resultados\revisao_operacional\campanha_v1\j00718.mat
j00718,961,57.0,05_resultados\revisao_operacional\campanha_v1\j00718.mat
j00718,972,46.0,05_resultados\revisao_operacional\campanha_v1\j00718.mat
j00718,982,36.0,05_resultados\revisao_operacional\campanha_v1\j00718.mat
j00718,993,25.0,05_resultados\revisao_operacional\campanha_v1\j00718.mat
j00718,1003,15.0,05_resultados\revisao_operacional\campanha_v1\j00718.mat
j00718,1014,4.0,05_resultados\revisao_operacional\campanha_v1\j00718.mat
j00718,1037,117.0,05_resultados\revisao_operacional\campanha_v1\j00718.mat
j00718,1048,106.0,05_resultados\revisao_operacional\campanha_v1\j00718.mat
j00718,1059,95.0,05_resultados\revisao_operacional\campanha_v1\j00718.mat
j00718,1069,85.0,05_resultados\revisao_operacional\campanha_v1\j00718.mat
j00718,1079,75.0,05_resultados\revisao_operacional\campanha_v1\j00718.mat
j00718,1090,64.0,05_resultados\revisao_operacional\campanha_v1\j00718.mat
j00718,1100,54.0,05_resultados\revisao_operacional\campanha_v1\j00718.mat
j00718,1111,43.0,05_resultados\revisao_operacional\campanha_v1\j00718.mat
j00718,1121,33.0,05_resultados\revisao_operacional\campanha_v1\j00718.mat
j00718,1132,22.0,05_resultados\revisao_operacional\campanha_v1\j00718.mat
j00718,1142,12.0,05_resultados\revisao_operacional\campanha_v1\j00718.mat
j00718,1153,1.0,05_resultados\revisao_operacional\campanha_v1\j00718.mat
j00718,1163,nan,05_resultados\revisao_operacional\campanha_v1\j00718.mat
j00718,1174,nan,05_resultados\revisao_operacional\campanha_v1\j00718.mat
j00718,1184,nan,05_resultados\revisao_operacional\campanha_v1\j00718.mat
j00718,1195,nan,05_resultados\revisao_operacional\campanha_v1\j00718.mat
j00719,0,9.0,05_resultados\revisao_operacional\campanha_v1\j00719.mat
j00719,8,1.0,05_resultados\revisao_operacional\campanha_v1\j00719.mat
j00719,18,0.0,05_resultados\revisao_operacional\campanha_v1\j00719.mat
j00719,29,1.0,05_resultados\revisao_operacional\campanha_v1\j00719.mat
j00719,39,317.0,05_resultados\revisao_operacional\campanha_v1\j00719.mat
j00719,50,306.0,05_resultados\revisao_operacional\campanha_v1\j00719.mat
j00719,60,296.0,05_resultados\revisao_operacional\campanha_v1\j00719.mat
j00719,71,285.0,05_resultados\revisao_operacional\campanha_v1\j00719.mat
j00719,81,275.0,05_resultados\revisao_operacional\campanha_v1\j00719.mat
j00719,92,264.0,05_resultados\revisao_operacional\campanha_v1\j00719.mat
j00719,102,254.0,05_resultados\revisao_operacional\campanha_v1\j00719.mat
j00719,113,243.0,05_resultados\revisao_operacional\campanha_v1\j00719.mat
j00719,123,233.0,05_resultados\revisao_operacional\campanha_v1\j00719.mat
j00719,134,222.0,05_resultados\revisao_operacional\campanha_v1\j00719.mat
j00719,144,212.0,05_resultados\revisao_operacional\campanha_v1\j00719.mat
j00719,155,201.0,05_resultados\revisao_operacional\campanha_v1\j00719.mat
j00719,165,191.0,05_resultados\revisao_operacional\campanha_v1\j00719.mat
j00719,176,180.0,05_resultados\revisao_operacional\campanha_v1\j00719.mat
j00719,186,170.0,05_resultados\revisao_operacional\campanha_v1\j00719.mat
j00719,197,159.0,05_resultados\revisao_operacional\campanha_v1\j00719.mat
j00719,207,149.0,05_resultados\revisao_operacional\campanha_v1\j00719.mat
j00719,218,138.0,05_resultados\revisao_operacional\campanha_v1\j00719.mat
j00719,228,128.0,05_resultados\revisao_operacional\campanha_v1\j00719.mat
j00719,239,117.0,05_resultados\revisao_operacional\campanha_v1\j00719.mat
j00719,249,107.0,05_resultados\revisao_operacional\campanha_v1\j00719.mat
j00719,260,96.0,05_resultados\revisao_operacional\campanha_v1\j00719.mat
j00719,270,86.0,05_resultados\revisao_operacional\campanha_v1\j00719.mat
j00719,281,75.0,05_resultados\revisao_operacional\campanha_v1\j00719.mat
j00719,291,65.0,05_resultados\revisao_operacional\campanha_v1\j00719.mat
j00719,302,54.0,05_resultados\revisao_operacional\campanha_v1\j00719.mat
j00719,312,44.0,05_resultados\revisao_operacional\campanha_v1\j00719.mat
j00719,323,33.0,05_resultados\revisao_operacional\campanha_v1\j00719.mat
j00719,333,23.0,05_resultados\revisao_operacional\campanha_v1\j00719.mat
j00719,344,12.0,05_resultados\revisao_operacional\campanha_v1\j00719.mat
j00719,368,201.0,05_resultados\revisao_operacional\campanha_v1\j00719.mat
j00719,379,190.0,05_resultados\revisao_operacional\campanha_v1\j00719.mat
j00719,389,180.0,05_resultados\revisao_operacional\campanha_v1\j00719.mat
j00719,400,169.0,05_resultados\revisao_operacional\campanha_v1\j00719.mat
j00719,410,159.0,05_resultados\revisao_operacional\campanha_v1\j00719.mat
j00719,421,148.0,05_resultados\revisao_operacional\campanha_v1\j00719.mat
j00719,431,138.0,05_resultados\revisao_operacional\campanha_v1\j00719.mat
j00719,442,127.0,05_resultados\revisao_operacional\campanha_v1\j00719.mat
j00719,452,117.0,05_resultados\revisao_operacional\campanha_v1\j00719.mat
j00719,463,106.0,05_resultados\revisao_operacional\campanha_v1\j00719.mat
j00719,473,96.0,05_resultados\revisao_operacional\campanha_v1\j00719.mat
j00719,483,86.0,05_resultados\revisao_operacional\campanha_v1\j00719.mat
j00719,494,75.0,05_resultados\revisao_operacional\campanha_v1\j00719.mat
j00719,505,64.0,05_resultados\revisao_operacional\campanha_v1\j00719.mat
j00719,515,54.0,05_resultados\revisao_operacional\campanha_v1\j00719.mat
j00719,526,43.0,05_resultados\revisao_operacional\campanha_v1\j00719.mat
j00719,536,33.0,05_resultados\revisao_operacional\campanha_v1\j00719.mat
j00719,547,22.0,05_resultados\revisao_operacional\campanha_v1\j00719.mat
j00719,557,12.0,05_resultados\revisao_operacional\campanha_v1\j00719.mat
j00719,567,2.0,05_resultados\revisao_operacional\campanha_v1\j00719.mat
j00719,591,201.0,05_resultados\revisao_operacional\campanha_v1\j00719.mat
j00719,602,190.0,05_resultados\revisao_operacional\campanha_v1\j00719.mat
j00719,612,180.0,05_resultados\revisao_operacional\campanha_v1\j00719.mat
j00719,623,169.0,05_resultados\revisao_operacional\campanha_v1\j00719.mat
j00719,633,159.0,05_resultados\revisao_operacional\campanha_v1\j00719.mat
j00719,644,148.0,05_resultados\revisao_operacional\campanha_v1\j00719.mat
j00719,654,138.0,05_resultados\revisao_operacional\campanha_v1\j00719.mat
j00719,665,127.0,05_resultados\revisao_operacional\campanha_v1\j00719.mat
j00719,675,117.0,05_resultados\revisao_operacional\campanha_v1\j00719.mat
j00719,686,106.0,05_resultados\revisao_operacional\campanha_v1\j00719.mat
j00719,696,96.0,05_resultados\revisao_operacional\campanha_v1\j00719.mat
j00719,707,85.0,05_resultados\revisao_operacional\campanha_v1\j00719.mat
j00719,717,75.0,05_resultados\revisao_operacional\campanha_v1\j00719.mat
j00719,728,64.0,05_resultados\revisao_operacional\campanha_v1\j00719.mat
j00719,738,54.0,05_resultados\revisao_operacional\campanha_v1\j00719.mat
j00719,749,43.0,05_resultados\revisao_operacional\campanha_v1\j00719.mat
j00719,759,33.0,05_resultados\revisao_operacional\campanha_v1\j00719.mat
j00719,770,22.0,05_resultados\revisao_operacional\campanha_v1\j00719.mat
j00719,780,12.0,05_resultados\revisao_operacional\campanha_v1\j00719.mat
j00719,791,1.0,05_resultados\revisao_operacional\campanha_v1\j00719.mat
j00719,814,202.0,05_resultados\revisao_operacional\campanha_v1\j00719.mat
j00719,825,191.0,05_resultados\revisao_operacional\campanha_v1\j00719.mat
j00719,835,181.0,05_resultados\revisao_operacional\campanha_v1\j00719.mat
j00719,846,170.0,05_resultados\revisao_operacional\campanha_v1\j00719.mat
j00719,856,160.0,05_resultados\revisao_operacional\campanha_v1\j00719.mat
j00719,867,149.0,05_resultados\revisao_operacional\campanha_v1\j00719.mat
j00719,877,139.0,05_resultados\revisao_operacional\campanha_v1\j00719.mat
j00719,888,128.0,05_resultados\revisao_operacional\campanha_v1\j00719.mat
j00719,898,118.0,05_resultados\revisao_operacional\campanha_v1\j00719.mat
j00719,909,107.0,05_resultados\revisao_operacional\campanha_v1\j00719.mat
j00719,919,97.0,05_resultados\revisao_operacional\campanha_v1\j00719.mat
j00719,930,86.0,05_resultados\revisao_operacional\campanha_v1\j00719.mat
j00719,940,76.0,05_resultados\revisao_operacional\campanha_v1\j00719.mat
j00719,951,65.0,05_resultados\revisao_operacional\campanha_v1\j00719.mat
j00719,961,55.0,05_resultados\revisao_operacional\campanha_v1\j00719.mat
j00719,972,44.0,05_resultados\revisao_operacional\campanha_v1\j00719.mat
j00719,982,34.0,05_resultados\revisao_operacional\campanha_v1\j00719.mat
j00719,993,23.0,05_resultados\revisao_operacional\campanha_v1\j00719.mat
j00719,1003,13.0,05_resultados\revisao_operacional\campanha_v1\j00719.mat
j00719,1014,2.0,05_resultados\revisao_operacional\campanha_v1\j00719.mat
j00719,1037,nan,05_resultados\revisao_operacional\campanha_v1\j00719.mat
j00719,1048,nan,05_resultados\revisao_operacional\campanha_v1\j00719.mat
j00719,1059,nan,05_resultados\revisao_operacional\campanha_v1\j00719.mat
j00719,1069,nan,05_resultados\revisao_operacional\campanha_v1\j00719.mat
j00719,1079,nan,05_resultados\revisao_operacional\campanha_v1\j00719.mat
j00719,1090,nan,05_resultados\revisao_operacional\campanha_v1\j00719.mat
j00719,1100,nan,05_resultados\revisao_operacional\campanha_v1\j00719.mat
j00719,1111,nan,05_resultados\revisao_operacional\campanha_v1\j00719.mat
j00719,1121,nan,05_resultados\revisao_operacional\campanha_v1\j00719.mat
j00719,1132,nan,05_resultados\revisao_operacional\campanha_v1\j00719.mat
j00719,1142,nan,05_resultados\revisao_operacional\campanha_v1\j00719.mat
j00719,1153,nan,05_resultados\revisao_operacional\campanha_v1\j00719.mat
j00719,1163,nan,05_resultados\revisao_operacional\campanha_v1\j00719.mat
j00719,1174,nan,05_resultados\revisao_operacional\campanha_v1\j00719.mat
j00719,1184,nan,05_resultados\revisao_operacional\campanha_v1\j00719.mat
j00719,1195,nan,05_resultados\revisao_operacional\campanha_v1\j00719.mat
j00720,0,1.0,05_resultados\revisao_operacional\campanha_v1\j00720.mat
j00720,8,0.0,05_resultados\revisao_operacional\campanha_v1\j00720.mat
j00720,18,0.0,05_resultados\revisao_operacional\campanha_v1\j00720.mat
j00720,29,0.0,05_resultados\revisao_operacional\campanha_v1\j00720.mat
j00720,39,0.0,05_resultados\revisao_operacional\campanha_v1\j00720.mat
j00720,50,0.0,05_resultados\revisao_operacional\campanha_v1\j00720.mat
j00720,60,0.0,05_resultados\revisao_operacional\campanha_v1\j00720.mat
j00720,71,0.0,05_resultados\revisao_operacional\campanha_v1\j00720.mat
j00720,81,0.0,05_resultados\revisao_operacional\campanha_v1\j00720.mat
j00720,92,0.0,05_resultados\revisao_operacional\campanha_v1\j00720.mat
j00720,102,0.0,05_resultados\revisao_operacional\campanha_v1\j00720.mat
j00720,113,0.0,05_resultados\revisao_operacional\campanha_v1\j00720.mat
j00720,123,0.0,05_resultados\revisao_operacional\campanha_v1\j00720.mat
j00720,134,0.0,05_resultados\revisao_operacional\campanha_v1\j00720.mat
j00720,144,0.0,05_resultados\revisao_operacional\campanha_v1\j00720.mat
j00720,155,0.0,05_resultados\revisao_operacional\campanha_v1\j00720.mat
j00720,165,0.0,05_resultados\revisao_operacional\campanha_v1\j00720.mat
j00720,176,0.0,05_resultados\revisao_operacional\campanha_v1\j00720.mat
j00720,186,0.0,05_resultados\revisao_operacional\campanha_v1\j00720.mat
j00720,197,0.0,05_resultados\revisao_operacional\campanha_v1\j00720.mat
j00720,207,0.0,05_resultados\revisao_operacional\campanha_v1\j00720.mat
j00720,218,0.0,05_resultados\revisao_operacional\campanha_v1\j00720.mat
j00720,228,0.0,05_resultados\revisao_operacional\campanha_v1\j00720.mat
j00720,239,0.0,05_resultados\revisao_operacional\campanha_v1\j00720.mat
j00720,249,0.0,05_resultados\revisao_operacional\campanha_v1\j00720.mat
j00720,260,0.0,05_resultados\revisao_operacional\campanha_v1\j00720.mat
j00720,270,0.0,05_resultados\revisao_operacional\campanha_v1\j00720.mat
j00720,281,0.0,05_resultados\revisao_operacional\campanha_v1\j00720.mat
j00720,291,0.0,05_resultados\revisao_operacional\campanha_v1\j00720.mat
j00720,302,0.0,05_resultados\revisao_operacional\campanha_v1\j00720.mat
j00720,312,0.0,05_resultados\revisao_operacional\campanha_v1\j00720.mat
j00720,323,0.0,05_resultados\revisao_operacional\campanha_v1\j00720.mat
j00720,333,0.0,05_resultados\revisao_operacional\campanha_v1\j00720.mat
j00720,344,0.0,05_resultados\revisao_operacional\campanha_v1\j00720.mat
j00720,368,0.0,05_resultados\revisao_operacional\campanha_v1\j00720.mat
j00720,379,0.0,05_resultados\revisao_operacional\campanha_v1\j00720.mat
j00720,389,0.0,05_resultados\revisao_operacional\campanha_v1\j00720.mat
j00720,400,0.0,05_resultados\revisao_operacional\campanha_v1\j00720.mat
j00720,410,0.0,05_resultados\revisao_operacional\campanha_v1\j00720.mat
j00720,421,0.0,05_resultados\revisao_operacional\campanha_v1\j00720.mat
j00720,431,0.0,05_resultados\revisao_operacional\campanha_v1\j00720.mat
j00720,442,0.0,05_resultados\revisao_operacional\campanha_v1\j00720.mat
j00720,452,0.0,05_resultados\revisao_operacional\campanha_v1\j00720.mat
j00720,463,0.0,05_resultados\revisao_operacional\campanha_v1\j00720.mat
j00720,473,0.0,05_resultados\revisao_operacional\campanha_v1\j00720.mat
j00720,483,0.0,05_resultados\revisao_operacional\campanha_v1\j00720.mat
j00720,494,0.0,05_resultados\revisao_operacional\campanha_v1\j00720.mat
j00720,505,0.0,05_resultados\revisao_operacional\campanha_v1\j00720.mat
j00720,515,0.0,05_resultados\revisao_operacional\campanha_v1\j00720.mat
j00720,526,0.0,05_resultados\revisao_operacional\campanha_v1\j00720.mat
j00720,536,0.0,05_resultados\revisao_operacional\campanha_v1\j00720.mat
j00720,547,0.0,05_resultados\revisao_operacional\campanha_v1\j00720.mat
j00720,557,0.0,05_resultados\revisao_operacional\campanha_v1\j00720.mat
j00720,567,0.0,05_resultados\revisao_operacional\campanha_v1\j00720.mat
j00720,591,0.0,05_resultados\revisao_operacional\campanha_v1\j00720.mat
j00720,602,0.0,05_resultados\revisao_operacional\campanha_v1\j00720.mat
j00720,612,0.0,05_resultados\revisao_operacional\campanha_v1\j00720.mat
j00720,623,0.0,05_resultados\revisao_operacional\campanha_v1\j00720.mat
j00720,633,0.0,05_resultados\revisao_operacional\campanha_v1\j00720.mat
j00720,644,0.0,05_resultados\revisao_operacional\campanha_v1\j00720.mat
j00720,654,0.0,05_resultados\revisao_operacional\campanha_v1\j00720.mat
j00720,665,0.0,05_resultados\revisao_operacional\campanha_v1\j00720.mat
j00720,675,0.0,05_resultados\revisao_operacional\campanha_v1\j00720.mat
j00720,686,0.0,05_resultados\revisao_operacional\campanha_v1\j00720.mat
j00720,696,0.0,05_resultados\revisao_operacional\campanha_v1\j00720.mat
j00720,707,0.0,05_resultados\revisao_operacional\campanha_v1\j00720.mat
j00720,717,0.0,05_resultados\revisao_operacional\campanha_v1\j00720.mat
j00720,728,0.0,05_resultados\revisao_operacional\campanha_v1\j00720.mat
j00720,738,0.0,05_resultados\revisao_operacional\campanha_v1\j00720.mat
j00720,749,0.0,05_resultados\revisao_operacional\campanha_v1\j00720.mat
j00720,759,0.0,05_resultados\revisao_operacional\campanha_v1\j00720.mat
j00720,770,0.0,05_resultados\revisao_operacional\campanha_v1\j00720.mat
j00720,780,0.0,05_resultados\revisao_operacional\campanha_v1\j00720.mat
j00720,791,0.0,05_resultados\revisao_operacional\campanha_v1\j00720.mat
j00720,814,0.0,05_resultados\revisao_operacional\campanha_v1\j00720.mat
j00720,825,0.0,05_resultados\revisao_operacional\campanha_v1\j00720.mat
j00720,835,0.0,05_resultados\revisao_operacional\campanha_v1\j00720.mat
j00720,846,0.0,05_resultados\revisao_operacional\campanha_v1\j00720.mat
j00720,856,0.0,05_resultados\revisao_operacional\campanha_v1\j00720.mat
j00720,867,0.0,05_resultados\revisao_operacional\campanha_v1\j00720.mat
j00720,877,0.0,05_resultados\revisao_operacional\campanha_v1\j00720.mat
j00720,888,0.0,05_resultados\revisao_operacional\campanha_v1\j00720.mat
j00720,898,0.0,05_resultados\revisao_operacional\campanha_v1\j00720.mat
j00720,909,0.0,05_resultados\revisao_operacional\campanha_v1\j00720.mat
j00720,919,0.0,05_resultados\revisao_operacional\campanha_v1\j00720.mat
j00720,930,0.0,05_resultados\revisao_operacional\campanha_v1\j00720.mat
j00720,940,0.0,05_resultados\revisao_operacional\campanha_v1\j00720.mat
j00720,951,0.0,05_resultados\revisao_operacional\campanha_v1\j00720.mat
j00720,961,0.0,05_resultados\revisao_operacional\campanha_v1\j00720.mat
j00720,972,0.0,05_resultados\revisao_operacional\campanha_v1\j00720.mat
j00720,982,0.0,05_resultados\revisao_operacional\campanha_v1\j00720.mat
j00720,993,0.0,05_resultados\revisao_operacional\campanha_v1\j00720.mat
j00720,1003,0.0,05_resultados\revisao_operacional\campanha_v1\j00720.mat
j00720,1014,0.0,05_resultados\revisao_operacional\campanha_v1\j00720.mat
j00720,1037,0.0,05_resultados\revisao_operacional\campanha_v1\j00720.mat
j00720,1048,0.0,05_resultados\revisao_operacional\campanha_v1\j00720.mat
j00720,1059,0.0,05_resultados\revisao_operacional\campanha_v1\j00720.mat
j00720,1069,0.0,05_resultados\revisao_operacional\campanha_v1\j00720.mat
j00720,1079,0.0,05_resultados\revisao_operacional\campanha_v1\j00720.mat
j00720,1090,0.0,05_resultados\revisao_operacional\campanha_v1\j00720.mat
j00720,1100,0.0,05_resultados\revisao_operacional\campanha_v1\j00720.mat
j00720,1111,0.0,05_resultados\revisao_operacional\campanha_v1\j00720.mat
j00720,1121,0.0,05_resultados\revisao_operacional\campanha_v1\j00720.mat
j00720,1132,0.0,05_resultados\revisao_operacional\campanha_v1\j00720.mat
j00720,1142,0.0,05_resultados\revisao_operacional\campanha_v1\j00720.mat
j00720,1153,0.0,05_resultados\revisao_operacional\campanha_v1\j00720.mat
j00720,1163,0.0,05_resultados\revisao_operacional\campanha_v1\j00720.mat
j00720,1174,0.0,05_resultados\revisao_operacional\campanha_v1\j00720.mat
j00720,1184,0.0,05_resultados\revisao_operacional\campanha_v1\j00720.mat
j00720,1195,nan,05_resultados\revisao_operacional\campanha_v1\j00720.mat
j00721,0,0.0,05_resultados\revisao_operacional\campanha_v1\j00721.mat
j00721,8,0.0,05_resultados\revisao_operacional\campanha_v1\j00721.mat
j00721,18,0.0,05_resultados\revisao_operacional\campanha_v1\j00721.mat
j00721,29,0.0,05_resultados\revisao_operacional\campanha_v1\j00721.mat
j00721,39,0.0,05_resultados\revisao_operacional\campanha_v1\j00721.mat
j00721,50,0.0,05_resultados\revisao_operacional\campanha_v1\j00721.mat
j00721,60,0.0,05_resultados\revisao_operacional\campanha_v1\j00721.mat
j00721,71,0.0,05_resultados\revisao_operacional\campanha_v1\j00721.mat
j00721,81,0.0,05_resultados\revisao_operacional\campanha_v1\j00721.mat
j00721,92,0.0,05_resultados\revisao_operacional\campanha_v1\j00721.mat
j00721,102,0.0,05_resultados\revisao_operacional\campanha_v1\j00721.mat
j00721,113,0.0,05_resultados\revisao_operacional\campanha_v1\j00721.mat
j00721,123,0.0,05_resultados\revisao_operacional\campanha_v1\j00721.mat
j00721,134,0.0,05_resultados\revisao_operacional\campanha_v1\j00721.mat
j00721,144,0.0,05_resultados\revisao_operacional\campanha_v1\j00721.mat
j00721,155,0.0,05_resultados\revisao_operacional\campanha_v1\j00721.mat
j00721,165,0.0,05_resultados\revisao_operacional\campanha_v1\j00721.mat
j00721,176,0.0,05_resultados\revisao_operacional\campanha_v1\j00721.mat
j00721,186,0.0,05_resultados\revisao_operacional\campanha_v1\j00721.mat
j00721,197,0.0,05_resultados\revisao_operacional\campanha_v1\j00721.mat
j00721,207,0.0,05_resultados\revisao_operacional\campanha_v1\j00721.mat
j00721,218,0.0,05_resultados\revisao_operacional\campanha_v1\j00721.mat
j00721,228,0.0,05_resultados\revisao_operacional\campanha_v1\j00721.mat
j00721,239,0.0,05_resultados\revisao_operacional\campanha_v1\j00721.mat
j00721,249,0.0,05_resultados\revisao_operacional\campanha_v1\j00721.mat
j00721,260,0.0,05_resultados\revisao_operacional\campanha_v1\j00721.mat
j00721,270,0.0,05_resultados\revisao_operacional\campanha_v1\j00721.mat
j00721,281,0.0,05_resultados\revisao_operacional\campanha_v1\j00721.mat
j00721,291,0.0,05_resultados\revisao_operacional\campanha_v1\j00721.mat
j00721,302,0.0,05_resultados\revisao_operacional\campanha_v1\j00721.mat
j00721,312,0.0,05_resultados\revisao_operacional\campanha_v1\j00721.mat
j00721,323,0.0,05_resultados\revisao_operacional\campanha_v1\j00721.mat
j00721,333,0.0,05_resultados\revisao_operacional\campanha_v1\j00721.mat
j00721,344,0.0,05_resultados\revisao_operacional\campanha_v1\j00721.mat
j00721,368,0.0,05_resultados\revisao_operacional\campanha_v1\j00721.mat
j00721,379,0.0,05_resultados\revisao_operacional\campanha_v1\j00721.mat
j00721,389,0.0,05_resultados\revisao_operacional\campanha_v1\j00721.mat
j00721,400,0.0,05_resultados\revisao_operacional\campanha_v1\j00721.mat
j00721,410,0.0,05_resultados\revisao_operacional\campanha_v1\j00721.mat
j00721,421,0.0,05_resultados\revisao_operacional\campanha_v1\j00721.mat
j00721,431,0.0,05_resultados\revisao_operacional\campanha_v1\j00721.mat
j00721,442,0.0,05_resultados\revisao_operacional\campanha_v1\j00721.mat
j00721,452,0.0,05_resultados\revisao_operacional\campanha_v1\j00721.mat
j00721,463,0.0,05_resultados\revisao_operacional\campanha_v1\j00721.mat
j00721,473,0.0,05_resultados\revisao_operacional\campanha_v1\j00721.mat
j00721,483,0.0,05_resultados\revisao_operacional\campanha_v1\j00721.mat
j00721,494,0.0,05_resultados\revisao_operacional\campanha_v1\j00721.mat
j00721,505,0.0,05_resultados\revisao_operacional\campanha_v1\j00721.mat
j00721,515,0.0,05_resultados\revisao_operacional\campanha_v1\j00721.mat
j00721,526,0.0,05_resultados\revisao_operacional\campanha_v1\j00721.mat
j00721,536,0.0,05_resultados\revisao_operacional\campanha_v1\j00721.mat
j00721,547,0.0,05_resultados\revisao_operacional\campanha_v1\j00721.mat
j00721,557,0.0,05_resultados\revisao_operacional\campanha_v1\j00721.mat
j00721,567,0.0,05_resultados\revisao_operacional\campanha_v1\j00721.mat
j00721,591,0.0,05_resultados\revisao_operacional\campanha_v1\j00721.mat
j00721,602,0.0,05_resultados\revisao_operacional\campanha_v1\j00721.mat
j00721,612,0.0,05_resultados\revisao_operacional\campanha_v1\j00721.mat
j00721,623,0.0,05_resultados\revisao_operacional\campanha_v1\j00721.mat
j00721,633,0.0,05_resultados\revisao_operacional\campanha_v1\j00721.mat
j00721,644,0.0,05_resultados\revisao_operacional\campanha_v1\j00721.mat
j00721,654,0.0,05_resultados\revisao_operacional\campanha_v1\j00721.mat
j00721,665,0.0,05_resultados\revisao_operacional\campanha_v1\j00721.mat
j00721,675,0.0,05_resultados\revisao_operacional\campanha_v1\j00721.mat
j00721,686,0.0,05_resultados\revisao_operacional\campanha_v1\j00721.mat
j00721,696,0.0,05_resultados\revisao_operacional\campanha_v1\j00721.mat
j00721,707,0.0,05_resultados\revisao_operacional\campanha_v1\j00721.mat
j00721,717,0.0,05_resultados\revisao_operacional\campanha_v1\j00721.mat
j00721,728,0.0,05_resultados\revisao_operacional\campanha_v1\j00721.mat
j00721,738,0.0,05_resultados\revisao_operacional\campanha_v1\j00721.mat
j00721,749,0.0,05_resultados\revisao_operacional\campanha_v1\j00721.mat
j00721,759,0.0,05_resultados\revisao_operacional\campanha_v1\j00721.mat
j00721,770,0.0,05_resultados\revisao_operacional\campanha_v1\j00721.mat
j00721,780,0.0,05_resultados\revisao_operacional\campanha_v1\j00721.mat
j00721,791,0.0,05_resultados\revisao_operacional\campanha_v1\j00721.mat
j00721,814,0.0,05_resultados\revisao_operacional\campanha_v1\j00721.mat
j00721,825,0.0,05_resultados\revisao_operacional\campanha_v1\j00721.mat
j00721,835,0.0,05_resultados\revisao_operacional\campanha_v1\j00721.mat
j00721,846,0.0,05_resultados\revisao_operacional\campanha_v1\j00721.mat
j00721,856,0.0,05_resultados\revisao_operacional\campanha_v1\j00721.mat
j00721,867,0.0,05_resultados\revisao_operacional\campanha_v1\j00721.mat
j00721,877,0.0,05_resultados\revisao_operacional\campanha_v1\j00721.mat
j00721,888,0.0,05_resultados\revisao_operacional\campanha_v1\j00721.mat
j00721,898,0.0,05_resultados\revisao_operacional\campanha_v1\j00721.mat
j00721,909,0.0,05_resultados\revisao_operacional\campanha_v1\j00721.mat
j00721,919,0.0,05_resultados\revisao_operacional\campanha_v1\j00721.mat
j00721,930,0.0,05_resultados\revisao_operacional\campanha_v1\j00721.mat
j00721,940,0.0,05_resultados\revisao_operacional\campanha_v1\j00721.mat
j00721,951,0.0,05_resultados\revisao_operacional\campanha_v1\j00721.mat
j00721,961,0.0,05_resultados\revisao_operacional\campanha_v1\j00721.mat
j00721,972,0.0,05_resultados\revisao_operacional\campanha_v1\j00721.mat
j00721,982,0.0,05_resultados\revisao_operacional\campanha_v1\j00721.mat
j00721,993,0.0,05_resultados\revisao_operacional\campanha_v1\j00721.mat
j00721,1003,0.0,05_resultados\revisao_operacional\campanha_v1\j00721.mat
j00721,1014,0.0,05_resultados\revisao_operacional\campanha_v1\j00721.mat
j00721,1037,0.0,05_resultados\revisao_operacional\campanha_v1\j00721.mat
j00721,1048,0.0,05_resultados\revisao_operacional\campanha_v1\j00721.mat
j00721,1059,0.0,05_resultados\revisao_operacional\campanha_v1\j00721.mat
j00721,1069,0.0,05_resultados\revisao_operacional\campanha_v1\j00721.mat
j00721,1079,0.0,05_resultados\revisao_operacional\campanha_v1\j00721.mat
j00721,1090,0.0,05_resultados\revisao_operacional\campanha_v1\j00721.mat
j00721,1100,0.0,05_resultados\revisao_operacional\campanha_v1\j00721.mat
j00721,1111,0.0,05_resultados\revisao_operacional\campanha_v1\j00721.mat
j00721,1121,0.0,05_resultados\revisao_operacional\campanha_v1\j00721.mat
j00721,1132,0.0,05_resultados\revisao_operacional\campanha_v1\j00721.mat
j00721,1142,0.0,05_resultados\revisao_operacional\campanha_v1\j00721.mat
j00721,1153,0.0,05_resultados\revisao_operacional\campanha_v1\j00721.mat
j00721,1163,0.0,05_resultados\revisao_operacional\campanha_v1\j00721.mat
j00721,1174,0.0,05_resultados\revisao_operacional\campanha_v1\j00721.mat
j00721,1184,0.0,05_resultados\revisao_operacional\campanha_v1\j00721.mat
j00721,1195,nan,05_resultados\revisao_operacional\campanha_v1\j00721.mat
j00722,0,961.0,05_resultados\revisao_operacional\campanha_v1\j00722.mat
j00722,7,954.0,05_resultados\revisao_operacional\campanha_v1\j00722.mat
j00722,17,944.0,05_resultados\revisao_operacional\campanha_v1\j00722.mat
j00722,28,933.0,05_resultados\revisao_operacional\campanha_v1\j00722.mat
j00722,39,922.0,05_resultados\revisao_operacional\campanha_v1\j00722.mat
j00722,49,912.0,05_resultados\revisao_operacional\campanha_v1\j00722.mat
j00722,60,901.0,05_resultados\revisao_operacional\campanha_v1\j00722.mat
j00722,70,891.0,05_resultados\revisao_operacional\campanha_v1\j00722.mat
j00722,81,880.0,05_resultados\revisao_operacional\campanha_v1\j00722.mat
j00722,91,870.0,05_resultados\revisao_operacional\campanha_v1\j00722.mat
j00722,101,860.0,05_resultados\revisao_operacional\campanha_v1\j00722.mat
j00722,112,849.0,05_resultados\revisao_operacional\campanha_v1\j00722.mat
j00722,122,839.0,05_resultados\revisao_operacional\campanha_v1\j00722.mat
j00722,133,828.0,05_resultados\revisao_operacional\campanha_v1\j00722.mat
j00722,144,817.0,05_resultados\revisao_operacional\campanha_v1\j00722.mat
j00722,154,807.0,05_resultados\revisao_operacional\campanha_v1\j00722.mat
j00722,165,796.0,05_resultados\revisao_operacional\campanha_v1\j00722.mat
j00722,175,786.0,05_resultados\revisao_operacional\campanha_v1\j00722.mat
j00722,186,775.0,05_resultados\revisao_operacional\campanha_v1\j00722.mat
j00722,196,765.0,05_resultados\revisao_operacional\campanha_v1\j00722.mat
j00722,207,754.0,05_resultados\revisao_operacional\campanha_v1\j00722.mat
j00722,217,744.0,05_resultados\revisao_operacional\campanha_v1\j00722.mat
j00722,228,733.0,05_resultados\revisao_operacional\campanha_v1\j00722.mat
j00722,238,723.0,05_resultados\revisao_operacional\campanha_v1\j00722.mat
j00722,249,712.0,05_resultados\revisao_operacional\campanha_v1\j00722.mat
j00722,259,702.0,05_resultados\revisao_operacional\campanha_v1\j00722.mat
j00722,270,691.0,05_resultados\revisao_operacional\campanha_v1\j00722.mat
j00722,280,681.0,05_resultados\revisao_operacional\campanha_v1\j00722.mat
j00722,291,670.0,05_resultados\revisao_operacional\campanha_v1\j00722.mat
j00722,301,660.0,05_resultados\revisao_operacional\campanha_v1\j00722.mat
j00722,312,649.0,05_resultados\revisao_operacional\campanha_v1\j00722.mat
j00722,322,639.0,05_resultados\revisao_operacional\campanha_v1\j00722.mat
j00722,333,628.0,05_resultados\revisao_operacional\campanha_v1\j00722.mat
j00722,343,618.0,05_resultados\revisao_operacional\campanha_v1\j00722.mat
j00722,354,607.0,05_resultados\revisao_operacional\campanha_v1\j00722.mat
j00722,364,597.0,05_resultados\revisao_operacional\campanha_v1\j00722.mat
j00722,375,586.0,05_resultados\revisao_operacional\campanha_v1\j00722.mat
j00722,385,576.0,05_resultados\revisao_operacional\campanha_v1\j00722.mat
j00722,396,565.0,05_resultados\revisao_operacional\campanha_v1\j00722.mat
j00722,406,555.0,05_resultados\revisao_operacional\campanha_v1\j00722.mat
j00722,417,544.0,05_resultados\revisao_operacional\campanha_v1\j00722.mat
j00722,427,534.0,05_resultados\revisao_operacional\campanha_v1\j00722.mat
j00722,438,523.0,05_resultados\revisao_operacional\campanha_v1\j00722.mat
j00722,448,513.0,05_resultados\revisao_operacional\campanha_v1\j00722.mat
j00722,459,502.0,05_resultados\revisao_operacional\campanha_v1\j00722.mat
j00722,469,492.0,05_resultados\revisao_operacional\campanha_v1\j00722.mat
j00722,480,481.0,05_resultados\revisao_operacional\campanha_v1\j00722.mat
j00722,490,471.0,05_resultados\revisao_operacional\campanha_v1\j00722.mat
j00722,501,460.0,05_resultados\revisao_operacional\campanha_v1\j00722.mat
j00722,511,450.0,05_resultados\revisao_operacional\campanha_v1\j00722.mat
j00722,522,439.0,05_resultados\revisao_operacional\campanha_v1\j00722.mat
j00722,532,429.0,05_resultados\revisao_operacional\campanha_v1\j00722.mat
j00722,543,418.0,05_resultados\revisao_operacional\campanha_v1\j00722.mat
j00722,553,408.0,05_resultados\revisao_operacional\campanha_v1\j00722.mat
j00722,564,397.0,05_resultados\revisao_operacional\campanha_v1\j00722.mat
j00722,574,387.0,05_resultados\revisao_operacional\campanha_v1\j00722.mat
j00722,585,376.0,05_resultados\revisao_operacional\campanha_v1\j00722.mat
j00722,595,366.0,05_resultados\revisao_operacional\campanha_v1\j00722.mat
j00722,606,355.0,05_resultados\revisao_operacional\campanha_v1\j00722.mat
j00722,616,345.0,05_resultados\revisao_operacional\campanha_v1\j00722.mat
j00722,627,334.0,05_resultados\revisao_operacional\campanha_v1\j00722.mat
j00722,637,324.0,05_resultados\revisao_operacional\campanha_v1\j00722.mat
j00722,648,313.0,05_resultados\revisao_operacional\campanha_v1\j00722.mat
j00722,658,303.0,05_resultados\revisao_operacional\campanha_v1\j00722.mat
j00722,669,292.0,05_resultados\revisao_operacional\campanha_v1\j00722.mat
j00722,679,282.0,05_resultados\revisao_operacional\campanha_v1\j00722.mat
j00722,690,271.0,05_resultados\revisao_operacional\campanha_v1\j00722.mat
j00722,700,261.0,05_resultados\revisao_operacional\campanha_v1\j00722.mat
j00722,711,250.0,05_resultados\revisao_operacional\campanha_v1\j00722.mat
j00722,721,240.0,05_resultados\revisao_operacional\campanha_v1\j00722.mat
j00722,732,229.0,05_resultados\revisao_operacional\campanha_v1\j00722.mat
j00722,756,205.0,05_resultados\revisao_operacional\campanha_v1\j00722.mat
j00722,767,194.0,05_resultados\revisao_operacional\campanha_v1\j00722.mat
j00722,777,184.0,05_resultados\revisao_operacional\campanha_v1\j00722.mat
j00722,788,173.0,05_resultados\revisao_operacional\campanha_v1\j00722.mat
j00722,798,163.0,05_resultados\revisao_operacional\campanha_v1\j00722.mat
j00722,809,152.0,05_resultados\revisao_operacional\campanha_v1\j00722.mat
j00722,819,142.0,05_resultados\revisao_operacional\campanha_v1\j00722.mat
j00722,830,131.0,05_resultados\revisao_operacional\campanha_v1\j00722.mat
j00722,840,121.0,05_resultados\revisao_operacional\campanha_v1\j00722.mat
j00722,850,111.0,05_resultados\revisao_operacional\campanha_v1\j00722.mat
j00722,861,100.0,05_resultados\revisao_operacional\campanha_v1\j00722.mat
j00722,871,90.0,05_resultados\revisao_operacional\campanha_v1\j00722.mat
j00722,882,79.0,05_resultados\revisao_operacional\campanha_v1\j00722.mat
j00722,892,69.0,05_resultados\revisao_operacional\campanha_v1\j00722.mat
j00722,903,58.0,05_resultados\revisao_operacional\campanha_v1\j00722.mat
j00722,913,48.0,05_resultados\revisao_operacional\campanha_v1\j00722.mat
j00722,924,37.0,05_resultados\revisao_operacional\campanha_v1\j00722.mat
j00722,934,27.0,05_resultados\revisao_operacional\campanha_v1\j00722.mat
j00722,945,16.0,05_resultados\revisao_operacional\campanha_v1\j00722.mat
j00722,955,6.0,05_resultados\revisao_operacional\campanha_v1\j00722.mat
j00722,979,nan,05_resultados\revisao_operacional\campanha_v1\j00722.mat
j00722,990,nan,05_resultados\revisao_operacional\campanha_v1\j00722.mat
j00722,1000,nan,05_resultados\revisao_operacional\campanha_v1\j00722.mat
j00722,1011,nan,05_resultados\revisao_operacional\campanha_v1\j00722.mat
j00722,1021,nan,05_resultados\revisao_operacional\campanha_v1\j00722.mat
j00722,1032,nan,05_resultados\revisao_operacional\campanha_v1\j00722.mat
j00722,1042,nan,05_resultados\revisao_operacional\campanha_v1\j00722.mat
j00722,1053,nan,05_resultados\revisao_operacional\campanha_v1\j00722.mat
j00722,1063,nan,05_resultados\revisao_operacional\campanha_v1\j00722.mat
j00722,1074,nan,05_resultados\revisao_operacional\campanha_v1\j00722.mat
j00722,1084,nan,05_resultados\revisao_operacional\campanha_v1\j00722.mat
j00722,1095,nan,05_resultados\revisao_operacional\campanha_v1\j00722.mat
j00722,1105,nan,05_resultados\revisao_operacional\campanha_v1\j00722.mat
j00722,1116,nan,05_resultados\revisao_operacional\campanha_v1\j00722.mat
j00722,1126,nan,05_resultados\revisao_operacional\campanha_v1\j00722.mat
j00722,1137,nan,05_resultados\revisao_operacional\campanha_v1\j00722.mat
j00722,1147,nan,05_resultados\revisao_operacional\campanha_v1\j00722.mat
j00722,1158,nan,05_resultados\revisao_operacional\campanha_v1\j00722.mat
j00722,1168,nan,05_resultados\revisao_operacional\campanha_v1\j00722.mat
j00722,1178,nan,05_resultados\revisao_operacional\campanha_v1\j00722.mat
j00723,0,250.0,05_resultados\revisao_operacional\campanha_v1\j00723.mat
j00723,7,243.0,05_resultados\revisao_operacional\campanha_v1\j00723.mat
j00723,17,233.0,05_resultados\revisao_operacional\campanha_v1\j00723.mat
j00723,28,222.0,05_resultados\revisao_operacional\campanha_v1\j00723.mat
j00723,39,211.0,05_resultados\revisao_operacional\campanha_v1\j00723.mat
j00723,49,201.0,05_resultados\revisao_operacional\campanha_v1\j00723.mat
j00723,60,190.0,05_resultados\revisao_operacional\campanha_v1\j00723.mat
j00723,70,180.0,05_resultados\revisao_operacional\campanha_v1\j00723.mat
j00723,81,169.0,05_resultados\revisao_operacional\campanha_v1\j00723.mat
j00723,91,159.0,05_resultados\revisao_operacional\campanha_v1\j00723.mat
j00723,101,149.0,05_resultados\revisao_operacional\campanha_v1\j00723.mat
j00723,112,138.0,05_resultados\revisao_operacional\campanha_v1\j00723.mat
j00723,122,128.0,05_resultados\revisao_operacional\campanha_v1\j00723.mat
j00723,133,117.0,05_resultados\revisao_operacional\campanha_v1\j00723.mat
j00723,144,106.0,05_resultados\revisao_operacional\campanha_v1\j00723.mat
j00723,154,96.0,05_resultados\revisao_operacional\campanha_v1\j00723.mat
j00723,165,85.0,05_resultados\revisao_operacional\campanha_v1\j00723.mat
j00723,175,75.0,05_resultados\revisao_operacional\campanha_v1\j00723.mat
j00723,186,64.0,05_resultados\revisao_operacional\campanha_v1\j00723.mat
j00723,196,54.0,05_resultados\revisao_operacional\campanha_v1\j00723.mat
j00723,207,43.0,05_resultados\revisao_operacional\campanha_v1\j00723.mat
j00723,217,33.0,05_resultados\revisao_operacional\campanha_v1\j00723.mat
j00723,228,22.0,05_resultados\revisao_operacional\campanha_v1\j00723.mat
j00723,238,12.0,05_resultados\revisao_operacional\campanha_v1\j00723.mat
j00723,249,1.0,05_resultados\revisao_operacional\campanha_v1\j00723.mat
j00723,259,477.0,05_resultados\revisao_operacional\campanha_v1\j00723.mat
j00723,270,466.0,05_resultados\revisao_operacional\campanha_v1\j00723.mat
j00723,280,456.0,05_resultados\revisao_operacional\campanha_v1\j00723.mat
j00723,291,445.0,05_resultados\revisao_operacional\campanha_v1\j00723.mat
j00723,301,435.0,05_resultados\revisao_operacional\campanha_v1\j00723.mat
j00723,312,424.0,05_resultados\revisao_operacional\campanha_v1\j00723.mat
j00723,322,414.0,05_resultados\revisao_operacional\campanha_v1\j00723.mat
j00723,333,403.0,05_resultados\revisao_operacional\campanha_v1\j00723.mat
j00723,343,393.0,05_resultados\revisao_operacional\campanha_v1\j00723.mat
j00723,354,382.0,05_resultados\revisao_operacional\campanha_v1\j00723.mat
j00723,364,372.0,05_resultados\revisao_operacional\campanha_v1\j00723.mat
j00723,375,361.0,05_resultados\revisao_operacional\campanha_v1\j00723.mat
j00723,385,351.0,05_resultados\revisao_operacional\campanha_v1\j00723.mat
j00723,396,340.0,05_resultados\revisao_operacional\campanha_v1\j00723.mat
j00723,406,330.0,05_resultados\revisao_operacional\campanha_v1\j00723.mat
j00723,417,319.0,05_resultados\revisao_operacional\campanha_v1\j00723.mat
j00723,427,309.0,05_resultados\revisao_operacional\campanha_v1\j00723.mat
j00723,438,298.0,05_resultados\revisao_operacional\campanha_v1\j00723.mat
j00723,448,288.0,05_resultados\revisao_operacional\campanha_v1\j00723.mat
j00723,459,277.0,05_resultados\revisao_operacional\campanha_v1\j00723.mat
j00723,469,267.0,05_resultados\revisao_operacional\campanha_v1\j00723.mat
j00723,480,256.0,05_resultados\revisao_operacional\campanha_v1\j00723.mat
j00723,490,246.0,05_resultados\revisao_operacional\campanha_v1\j00723.mat
j00723,501,235.0,05_resultados\revisao_operacional\campanha_v1\j00723.mat
j00723,511,225.0,05_resultados\revisao_operacional\campanha_v1\j00723.mat
j00723,522,214.0,05_resultados\revisao_operacional\campanha_v1\j00723.mat
j00723,532,204.0,05_resultados\revisao_operacional\campanha_v1\j00723.mat
j00723,543,193.0,05_resultados\revisao_operacional\campanha_v1\j00723.mat
j00723,553,183.0,05_resultados\revisao_operacional\campanha_v1\j00723.mat
j00723,564,172.0,05_resultados\revisao_operacional\campanha_v1\j00723.mat
j00723,574,162.0,05_resultados\revisao_operacional\campanha_v1\j00723.mat
j00723,585,151.0,05_resultados\revisao_operacional\campanha_v1\j00723.mat
j00723,595,141.0,05_resultados\revisao_operacional\campanha_v1\j00723.mat
j00723,606,130.0,05_resultados\revisao_operacional\campanha_v1\j00723.mat
j00723,616,120.0,05_resultados\revisao_operacional\campanha_v1\j00723.mat
j00723,627,109.0,05_resultados\revisao_operacional\campanha_v1\j00723.mat
j00723,637,99.0,05_resultados\revisao_operacional\campanha_v1\j00723.mat
j00723,648,88.0,05_resultados\revisao_operacional\campanha_v1\j00723.mat
j00723,658,78.0,05_resultados\revisao_operacional\campanha_v1\j00723.mat
j00723,669,67.0,05_resultados\revisao_operacional\campanha_v1\j00723.mat
j00723,679,57.0,05_resultados\revisao_operacional\campanha_v1\j00723.mat
j00723,690,46.0,05_resultados\revisao_operacional\campanha_v1\j00723.mat
j00723,700,36.0,05_resultados\revisao_operacional\campanha_v1\j00723.mat
j00723,711,25.0,05_resultados\revisao_operacional\campanha_v1\j00723.mat
j00723,721,15.0,05_resultados\revisao_operacional\campanha_v1\j00723.mat
j00723,732,4.0,05_resultados\revisao_operacional\campanha_v1\j00723.mat
j00723,756,205.0,05_resultados\revisao_operacional\campanha_v1\j00723.mat
j00723,767,194.0,05_resultados\revisao_operacional\campanha_v1\j00723.mat
j00723,777,184.0,05_resultados\revisao_operacional\campanha_v1\j00723.mat
j00723,788,173.0,05_resultados\revisao_operacional\campanha_v1\j00723.mat
j00723,798,163.0,05_resultados\revisao_operacional\campanha_v1\j00723.mat
j00723,809,152.0,05_resultados\revisao_operacional\campanha_v1\j00723.mat
j00723,819,142.0,05_resultados\revisao_operacional\campanha_v1\j00723.mat
j00723,830,131.0,05_resultados\revisao_operacional\campanha_v1\j00723.mat
j00723,840,121.0,05_resultados\revisao_operacional\campanha_v1\j00723.mat
j00723,850,111.0,05_resultados\revisao_operacional\campanha_v1\j00723.mat
j00723,861,100.0,05_resultados\revisao_operacional\campanha_v1\j00723.mat
j00723,871,90.0,05_resultados\revisao_operacional\campanha_v1\j00723.mat
j00723,882,79.0,05_resultados\revisao_operacional\campanha_v1\j00723.mat
j00723,892,69.0,05_resultados\revisao_operacional\campanha_v1\j00723.mat
j00723,903,58.0,05_resultados\revisao_operacional\campanha_v1\j00723.mat
j00723,913,48.0,05_resultados\revisao_operacional\campanha_v1\j00723.mat
j00723,924,37.0,05_resultados\revisao_operacional\campanha_v1\j00723.mat
j00723,934,27.0,05_resultados\revisao_operacional\campanha_v1\j00723.mat
j00723,945,16.0,05_resultados\revisao_operacional\campanha_v1\j00723.mat
j00723,955,6.0,05_resultados\revisao_operacional\campanha_v1\j00723.mat
j00723,979,nan,05_resultados\revisao_operacional\campanha_v1\j00723.mat
j00723,990,nan,05_resultados\revisao_operacional\campanha_v1\j00723.mat
j00723,1000,nan,05_resultados\revisao_operacional\campanha_v1\j00723.mat
j00723,1011,nan,05_resultados\revisao_operacional\campanha_v1\j00723.mat
j00723,1021,nan,05_resultados\revisao_operacional\campanha_v1\j00723.mat
j00723,1032,nan,05_resultados\revisao_operacional\campanha_v1\j00723.mat
j00723,1042,nan,05_resultados\revisao_operacional\campanha_v1\j00723.mat
j00723,1053,nan,05_resultados\revisao_operacional\campanha_v1\j00723.mat
j00723,1063,nan,05_resultados\revisao_operacional\campanha_v1\j00723.mat
j00723,1074,nan,05_resultados\revisao_operacional\campanha_v1\j00723.mat
j00723,1084,nan,05_resultados\revisao_operacional\campanha_v1\j00723.mat
j00723,1095,nan,05_resultados\revisao_operacional\campanha_v1\j00723.mat
j00723,1105,nan,05_resultados\revisao_operacional\campanha_v1\j00723.mat
j00723,1116,nan,05_resultados\revisao_operacional\campanha_v1\j00723.mat
j00723,1126,nan,05_resultados\revisao_operacional\campanha_v1\j00723.mat
j00723,1137,nan,05_resultados\revisao_operacional\campanha_v1\j00723.mat
j00723,1147,nan,05_resultados\revisao_operacional\campanha_v1\j00723.mat
j00723,1158,nan,05_resultados\revisao_operacional\campanha_v1\j00723.mat
j00723,1168,nan,05_resultados\revisao_operacional\campanha_v1\j00723.mat
j00723,1178,nan,05_resultados\revisao_operacional\campanha_v1\j00723.mat
j00724,0,8,05_resultados\revisao_operacional\campanha_v1\j00724.mat
j00724,7,1,05_resultados\revisao_operacional\campanha_v1\j00724.mat
j00724,17,0,05_resultados\revisao_operacional\campanha_v1\j00724.mat
j00724,28,5,05_resultados\revisao_operacional\campanha_v1\j00724.mat
j00724,39,0,05_resultados\revisao_operacional\campanha_v1\j00724.mat
j00724,49,908,05_resultados\revisao_operacional\campanha_v1\j00724.mat
j00724,60,897,05_resultados\revisao_operacional\campanha_v1\j00724.mat
j00724,70,887,05_resultados\revisao_operacional\campanha_v1\j00724.mat
j00724,81,876,05_resultados\revisao_operacional\campanha_v1\j00724.mat
j00724,91,866,05_resultados\revisao_operacional\campanha_v1\j00724.mat
j00724,101,856,05_resultados\revisao_operacional\campanha_v1\j00724.mat
j00724,112,845,05_resultados\revisao_operacional\campanha_v1\j00724.mat
j00724,122,835,05_resultados\revisao_operacional\campanha_v1\j00724.mat
j00724,133,824,05_resultados\revisao_operacional\campanha_v1\j00724.mat
j00724,144,813,05_resultados\revisao_operacional\campanha_v1\j00724.mat
j00724,154,803,05_resultados\revisao_operacional\campanha_v1\j00724.mat
j00724,165,792,05_resultados\revisao_operacional\campanha_v1\j00724.mat
j00724,175,782,05_resultados\revisao_operacional\campanha_v1\j00724.mat
j00724,186,771,05_resultados\revisao_operacional\campanha_v1\j00724.mat
j00724,196,761,05_resultados\revisao_operacional\campanha_v1\j00724.mat
j00724,207,750,05_resultados\revisao_operacional\campanha_v1\j00724.mat
j00724,217,740,05_resultados\revisao_operacional\campanha_v1\j00724.mat
j00724,228,729,05_resultados\revisao_operacional\campanha_v1\j00724.mat
j00724,238,719,05_resultados\revisao_operacional\campanha_v1\j00724.mat
j00724,249,708,05_resultados\revisao_operacional\campanha_v1\j00724.mat
j00724,259,698,05_resultados\revisao_operacional\campanha_v1\j00724.mat
j00724,270,687,05_resultados\revisao_operacional\campanha_v1\j00724.mat
j00724,280,677,05_resultados\revisao_operacional\campanha_v1\j00724.mat
j00724,291,666,05_resultados\revisao_operacional\campanha_v1\j00724.mat
j00724,301,656,05_resultados\revisao_operacional\campanha_v1\j00724.mat
j00724,312,645,05_resultados\revisao_operacional\campanha_v1\j00724.mat
j00724,322,635,05_resultados\revisao_operacional\campanha_v1\j00724.mat
j00724,333,624,05_resultados\revisao_operacional\campanha_v1\j00724.mat
j00724,343,614,05_resultados\revisao_operacional\campanha_v1\j00724.mat
j00724,354,603,05_resultados\revisao_operacional\campanha_v1\j00724.mat
j00724,364,593,05_resultados\revisao_operacional\campanha_v1\j00724.mat
j00724,375,582,05_resultados\revisao_operacional\campanha_v1\j00724.mat
j00724,385,572,05_resultados\revisao_operacional\campanha_v1\j00724.mat
j00724,396,561,05_resultados\revisao_operacional\campanha_v1\j00724.mat
j00724,406,551,05_resultados\revisao_operacional\campanha_v1\j00724.mat
j00724,417,540,05_resultados\revisao_operacional\campanha_v1\j00724.mat
j00724,427,530,05_resultados\revisao_operacional\campanha_v1\j00724.mat
j00724,438,519,05_resultados\revisao_operacional\campanha_v1\j00724.mat
j00724,448,509,05_resultados\revisao_operacional\campanha_v1\j00724.mat
j00724,459,498,05_resultados\revisao_operacional\campanha_v1\j00724.mat
j00724,469,488,05_resultados\revisao_operacional\campanha_v1\j00724.mat
j00724,480,477,05_resultados\revisao_operacional\campanha_v1\j00724.mat
j00724,490,467,05_resultados\revisao_operacional\campanha_v1\j00724.mat
j00724,501,456,05_resultados\revisao_operacional\campanha_v1\j00724.mat
j00724,511,446,05_resultados\revisao_operacional\campanha_v1\j00724.mat
j00724,522,435,05_resultados\revisao_operacional\campanha_v1\j00724.mat
j00724,532,425,05_resultados\revisao_operacional\campanha_v1\j00724.mat
j00724,543,414,05_resultados\revisao_operacional\campanha_v1\j00724.mat
j00724,553,404,05_resultados\revisao_operacional\campanha_v1\j00724.mat
j00724,564,393,05_resultados\revisao_operacional\campanha_v1\j00724.mat
j00724,574,383,05_resultados\revisao_operacional\campanha_v1\j00724.mat
j00724,585,372,05_resultados\revisao_operacional\campanha_v1\j00724.mat
j00724,595,362,05_resultados\revisao_operacional\campanha_v1\j00724.mat
j00724,606,351,05_resultados\revisao_operacional\campanha_v1\j00724.mat
j00724,616,341,05_resultados\revisao_operacional\campanha_v1\j00724.mat
j00724,627,330,05_resultados\revisao_operacional\campanha_v1\j00724.mat
j00724,637,320,05_resultados\revisao_operacional\campanha_v1\j00724.mat
j00724,648,309,05_resultados\revisao_operacional\campanha_v1\j00724.mat
j00724,658,299,05_resultados\revisao_operacional\campanha_v1\j00724.mat
j00724,669,288,05_resultados\revisao_operacional\campanha_v1\j00724.mat
j00724,679,278,05_resultados\revisao_operacional\campanha_v1\j00724.mat
j00724,690,267,05_resultados\revisao_operacional\campanha_v1\j00724.mat
j00724,700,257,05_resultados\revisao_operacional\campanha_v1\j00724.mat
j00724,711,246,05_resultados\revisao_operacional\campanha_v1\j00724.mat
j00724,721,236,05_resultados\revisao_operacional\campanha_v1\j00724.mat
j00724,732,225,05_resultados\revisao_operacional\campanha_v1\j00724.mat
j00724,756,201,05_resultados\revisao_operacional\campanha_v1\j00724.mat
j00724,767,190,05_resultados\revisao_operacional\campanha_v1\j00724.mat
j00724,777,180,05_resultados\revisao_operacional\campanha_v1\j00724.mat
j00724,788,169,05_resultados\revisao_operacional\campanha_v1\j00724.mat
j00724,798,159,05_resultados\revisao_operacional\campanha_v1\j00724.mat
j00724,809,148,05_resultados\revisao_operacional\campanha_v1\j00724.mat
j00724,819,138,05_resultados\revisao_operacional\campanha_v1\j00724.mat
j00724,830,127,05_resultados\revisao_operacional\campanha_v1\j00724.mat
j00724,840,117,05_resultados\revisao_operacional\campanha_v1\j00724.mat
j00724,850,107,05_resultados\revisao_operacional\campanha_v1\j00724.mat
j00724,861,96,05_resultados\revisao_operacional\campanha_v1\j00724.mat
j00724,871,86,05_resultados\revisao_operacional\campanha_v1\j00724.mat
j00724,882,75,05_resultados\revisao_operacional\campanha_v1\j00724.mat
j00724,892,65,05_resultados\revisao_operacional\campanha_v1\j00724.mat
j00724,903,54,05_resultados\revisao_operacional\campanha_v1\j00724.mat
j00724,913,44,05_resultados\revisao_operacional\campanha_v1\j00724.mat
j00724,924,33,05_resultados\revisao_operacional\campanha_v1\j00724.mat
j00724,934,23,05_resultados\revisao_operacional\campanha_v1\j00724.mat
j00724,945,12,05_resultados\revisao_operacional\campanha_v1\j00724.mat
j00724,955,2,05_resultados\revisao_operacional\campanha_v1\j00724.mat
j00724,979,201,05_resultados\revisao_operacional\campanha_v1\j00724.mat
j00724,990,190,05_resultados\revisao_operacional\campanha_v1\j00724.mat
j00724,1000,180,05_resultados\revisao_operacional\campanha_v1\j00724.mat
j00724,1011,169,05_resultados\revisao_operacional\campanha_v1\j00724.mat
j00724,1021,159,05_resultados\revisao_operacional\campanha_v1\j00724.mat
j00724,1032,148,05_resultados\revisao_operacional\campanha_v1\j00724.mat
j00724,1042,138,05_resultados\revisao_operacional\campanha_v1\j00724.mat
j00724,1053,127,05_resultados\revisao_operacional\campanha_v1\j00724.mat
j00724,1063,117,05_resultados\revisao_operacional\campanha_v1\j00724.mat
j00724,1074,106,05_resultados\revisao_operacional\campanha_v1\j00724.mat
j00724,1084,96,05_resultados\revisao_operacional\campanha_v1\j00724.mat
j00724,1095,85,05_resultados\revisao_operacional\campanha_v1\j00724.mat
j00724,1105,75,05_resultados\revisao_operacional\campanha_v1\j00724.mat
j00724,1116,64,05_resultados\revisao_operacional\campanha_v1\j00724.mat
j00724,1126,54,05_resultados\revisao_operacional\campanha_v1\j00724.mat
j00724,1137,43,05_resultados\revisao_operacional\campanha_v1\j00724.mat
j00724,1147,33,05_resultados\revisao_operacional\campanha_v1\j00724.mat
j00724,1158,22,05_resultados\revisao_operacional\campanha_v1\j00724.mat
j00724,1168,12,05_resultados\revisao_operacional\campanha_v1\j00724.mat
j00724,1178,2,05_resultados\revisao_operacional\campanha_v1\j00724.mat
j00725,0,1,05_resultados\revisao_operacional\campanha_v1\j00725.mat
j00725,7,0,05_resultados\revisao_operacional\campanha_v1\j00725.mat
j00725,17,0,05_resultados\revisao_operacional\campanha_v1\j00725.mat
j00725,28,0,05_resultados\revisao_operacional\campanha_v1\j00725.mat
j00725,39,0,05_resultados\revisao_operacional\campanha_v1\j00725.mat
j00725,49,0,05_resultados\revisao_operacional\campanha_v1\j00725.mat
j00725,60,0,05_resultados\revisao_operacional\campanha_v1\j00725.mat
j00725,70,0,05_resultados\revisao_operacional\campanha_v1\j00725.mat
j00725,81,0,05_resultados\revisao_operacional\campanha_v1\j00725.mat
j00725,91,0,05_resultados\revisao_operacional\campanha_v1\j00725.mat
j00725,101,0,05_resultados\revisao_operacional\campanha_v1\j00725.mat
j00725,112,0,05_resultados\revisao_operacional\campanha_v1\j00725.mat
j00725,122,0,05_resultados\revisao_operacional\campanha_v1\j00725.mat
j00725,133,0,05_resultados\revisao_operacional\campanha_v1\j00725.mat
j00725,144,0,05_resultados\revisao_operacional\campanha_v1\j00725.mat
j00725,154,0,05_resultados\revisao_operacional\campanha_v1\j00725.mat
j00725,165,0,05_resultados\revisao_operacional\campanha_v1\j00725.mat
j00725,175,0,05_resultados\revisao_operacional\campanha_v1\j00725.mat
j00725,186,0,05_resultados\revisao_operacional\campanha_v1\j00725.mat
j00725,196,0,05_resultados\revisao_operacional\campanha_v1\j00725.mat
j00725,207,0,05_resultados\revisao_operacional\campanha_v1\j00725.mat
j00725,217,0,05_resultados\revisao_operacional\campanha_v1\j00725.mat
j00725,228,0,05_resultados\revisao_operacional\campanha_v1\j00725.mat
j00725,238,0,05_resultados\revisao_operacional\campanha_v1\j00725.mat
j00725,249,0,05_resultados\revisao_operacional\campanha_v1\j00725.mat
j00725,259,0,05_resultados\revisao_operacional\campanha_v1\j00725.mat
j00725,270,0,05_resultados\revisao_operacional\campanha_v1\j00725.mat
j00725,280,0,05_resultados\revisao_operacional\campanha_v1\j00725.mat
j00725,291,0,05_resultados\revisao_operacional\campanha_v1\j00725.mat
j00725,301,0,05_resultados\revisao_operacional\campanha_v1\j00725.mat
j00725,312,0,05_resultados\revisao_operacional\campanha_v1\j00725.mat
j00725,322,0,05_resultados\revisao_operacional\campanha_v1\j00725.mat
j00725,333,0,05_resultados\revisao_operacional\campanha_v1\j00725.mat
j00725,343,0,05_resultados\revisao_operacional\campanha_v1\j00725.mat
j00725,354,0,05_resultados\revisao_operacional\campanha_v1\j00725.mat
j00725,364,0,05_resultados\revisao_operacional\campanha_v1\j00725.mat
j00725,375,0,05_resultados\revisao_operacional\campanha_v1\j00725.mat
j00725,385,0,05_resultados\revisao_operacional\campanha_v1\j00725.mat
j00725,396,0,05_resultados\revisao_operacional\campanha_v1\j00725.mat
j00725,406,0,05_resultados\revisao_operacional\campanha_v1\j00725.mat
j00725,417,0,05_resultados\revisao_operacional\campanha_v1\j00725.mat
j00725,427,0,05_resultados\revisao_operacional\campanha_v1\j00725.mat
j00725,438,0,05_resultados\revisao_operacional\campanha_v1\j00725.mat
j00725,448,0,05_resultados\revisao_operacional\campanha_v1\j00725.mat
j00725,459,0,05_resultados\revisao_operacional\campanha_v1\j00725.mat
j00725,469,0,05_resultados\revisao_operacional\campanha_v1\j00725.mat
j00725,480,0,05_resultados\revisao_operacional\campanha_v1\j00725.mat
j00725,490,0,05_resultados\revisao_operacional\campanha_v1\j00725.mat
j00725,501,0,05_resultados\revisao_operacional\campanha_v1\j00725.mat
j00725,511,0,05_resultados\revisao_operacional\campanha_v1\j00725.mat
j00725,522,0,05_resultados\revisao_operacional\campanha_v1\j00725.mat
j00725,532,0,05_resultados\revisao_operacional\campanha_v1\j00725.mat
j00725,543,0,05_resultados\revisao_operacional\campanha_v1\j00725.mat
j00725,553,0,05_resultados\revisao_operacional\campanha_v1\j00725.mat
j00725,564,0,05_resultados\revisao_operacional\campanha_v1\j00725.mat
j00725,574,0,05_resultados\revisao_operacional\campanha_v1\j00725.mat
j00725,585,0,05_resultados\revisao_operacional\campanha_v1\j00725.mat
j00725,595,0,05_resultados\revisao_operacional\campanha_v1\j00725.mat
j00725,606,0,05_resultados\revisao_operacional\campanha_v1\j00725.mat
j00725,616,0,05_resultados\revisao_operacional\campanha_v1\j00725.mat
j00725,627,0,05_resultados\revisao_operacional\campanha_v1\j00725.mat
j00725,637,0,05_resultados\revisao_operacional\campanha_v1\j00725.mat
j00725,648,0,05_resultados\revisao_operacional\campanha_v1\j00725.mat
j00725,658,0,05_resultados\revisao_operacional\campanha_v1\j00725.mat
j00725,669,0,05_resultados\revisao_operacional\campanha_v1\j00725.mat
j00725,679,0,05_resultados\revisao_operacional\campanha_v1\j00725.mat
j00725,690,0,05_resultados\revisao_operacional\campanha_v1\j00725.mat
j00725,700,0,05_resultados\revisao_operacional\campanha_v1\j00725.mat
j00725,711,0,05_resultados\revisao_operacional\campanha_v1\j00725.mat
j00725,721,0,05_resultados\revisao_operacional\campanha_v1\j00725.mat
j00725,732,0,05_resultados\revisao_operacional\campanha_v1\j00725.mat
j00725,756,0,05_resultados\revisao_operacional\campanha_v1\j00725.mat
j00725,767,0,05_resultados\revisao_operacional\campanha_v1\j00725.mat
j00725,777,0,05_resultados\revisao_operacional\campanha_v1\j00725.mat
j00725,788,0,05_resultados\revisao_operacional\campanha_v1\j00725.mat
j00725,798,0,05_resultados\revisao_operacional\campanha_v1\j00725.mat
j00725,809,0,05_resultados\revisao_operacional\campanha_v1\j00725.mat
j00725,819,0,05_resultados\revisao_operacional\campanha_v1\j00725.mat
j00725,830,0,05_resultados\revisao_operacional\campanha_v1\j00725.mat
j00725,840,0,05_resultados\revisao_operacional\campanha_v1\j00725.mat
j00725,850,0,05_resultados\revisao_operacional\campanha_v1\j00725.mat
j00725,861,0,05_resultados\revisao_operacional\campanha_v1\j00725.mat
j00725,871,0,05_resultados\revisao_operacional\campanha_v1\j00725.mat
j00725,882,0,05_resultados\revisao_operacional\campanha_v1\j00725.mat
j00725,892,0,05_resultados\revisao_operacional\campanha_v1\j00725.mat
j00725,903,0,05_resultados\revisao_operacional\campanha_v1\j00725.mat
j00725,913,0,05_resultados\revisao_operacional\campanha_v1\j00725.mat
j00725,924,0,05_resultados\revisao_operacional\campanha_v1\j00725.mat
j00725,934,0,05_resultados\revisao_operacional\campanha_v1\j00725.mat
j00725,945,0,05_resultados\revisao_operacional\campanha_v1\j00725.mat
j00725,955,0,05_resultados\revisao_operacional\campanha_v1\j00725.mat
j00725,979,0,05_resultados\revisao_operacional\campanha_v1\j00725.mat
j00725,990,0,05_resultados\revisao_operacional\campanha_v1\j00725.mat
j00725,1000,0,05_resultados\revisao_operacional\campanha_v1\j00725.mat
j00725,1011,0,05_resultados\revisao_operacional\campanha_v1\j00725.mat
j00725,1021,0,05_resultados\revisao_operacional\campanha_v1\j00725.mat
j00725,1032,0,05_resultados\revisao_operacional\campanha_v1\j00725.mat
j00725,1042,0,05_resultados\revisao_operacional\campanha_v1\j00725.mat
j00725,1053,0,05_resultados\revisao_operacional\campanha_v1\j00725.mat
j00725,1063,0,05_resultados\revisao_operacional\campanha_v1\j00725.mat
j00725,1074,0,05_resultados\revisao_operacional\campanha_v1\j00725.mat
j00725,1084,0,05_resultados\revisao_operacional\campanha_v1\j00725.mat
j00725,1095,0,05_resultados\revisao_operacional\campanha_v1\j00725.mat
j00725,1105,0,05_resultados\revisao_operacional\campanha_v1\j00725.mat
j00725,1116,0,05_resultados\revisao_operacional\campanha_v1\j00725.mat
j00725,1126,0,05_resultados\revisao_operacional\campanha_v1\j00725.mat
j00725,1137,0,05_resultados\revisao_operacional\campanha_v1\j00725.mat
j00725,1147,0,05_resultados\revisao_operacional\campanha_v1\j00725.mat
j00725,1158,0,05_resultados\revisao_operacional\campanha_v1\j00725.mat
j00725,1168,0,05_resultados\revisao_operacional\campanha_v1\j00725.mat
j00725,1178,0,05_resultados\revisao_operacional\campanha_v1\j00725.mat
j00726,0,0,05_resultados\revisao_operacional\campanha_v1\j00726.mat
j00726,7,0,05_resultados\revisao_operacional\campanha_v1\j00726.mat
j00726,17,0,05_resultados\revisao_operacional\campanha_v1\j00726.mat
j00726,28,0,05_resultados\revisao_operacional\campanha_v1\j00726.mat
j00726,39,0,05_resultados\revisao_operacional\campanha_v1\j00726.mat
j00726,49,0,05_resultados\revisao_operacional\campanha_v1\j00726.mat
j00726,60,0,05_resultados\revisao_operacional\campanha_v1\j00726.mat
j00726,70,0,05_resultados\revisao_operacional\campanha_v1\j00726.mat
j00726,81,0,05_resultados\revisao_operacional\campanha_v1\j00726.mat
j00726,91,0,05_resultados\revisao_operacional\campanha_v1\j00726.mat
j00726,101,0,05_resultados\revisao_operacional\campanha_v1\j00726.mat
j00726,112,0,05_resultados\revisao_operacional\campanha_v1\j00726.mat
j00726,122,0,05_resultados\revisao_operacional\campanha_v1\j00726.mat
j00726,133,0,05_resultados\revisao_operacional\campanha_v1\j00726.mat
j00726,144,0,05_resultados\revisao_operacional\campanha_v1\j00726.mat
j00726,154,0,05_resultados\revisao_operacional\campanha_v1\j00726.mat
j00726,165,0,05_resultados\revisao_operacional\campanha_v1\j00726.mat
j00726,175,0,05_resultados\revisao_operacional\campanha_v1\j00726.mat
j00726,186,0,05_resultados\revisao_operacional\campanha_v1\j00726.mat
j00726,196,0,05_resultados\revisao_operacional\campanha_v1\j00726.mat
j00726,207,0,05_resultados\revisao_operacional\campanha_v1\j00726.mat
j00726,217,0,05_resultados\revisao_operacional\campanha_v1\j00726.mat
j00726,228,0,05_resultados\revisao_operacional\campanha_v1\j00726.mat
j00726,238,0,05_resultados\revisao_operacional\campanha_v1\j00726.mat
j00726,249,0,05_resultados\revisao_operacional\campanha_v1\j00726.mat
j00726,259,0,05_resultados\revisao_operacional\campanha_v1\j00726.mat
j00726,270,0,05_resultados\revisao_operacional\campanha_v1\j00726.mat
j00726,280,0,05_resultados\revisao_operacional\campanha_v1\j00726.mat
j00726,291,0,05_resultados\revisao_operacional\campanha_v1\j00726.mat
j00726,301,0,05_resultados\revisao_operacional\campanha_v1\j00726.mat
j00726,312,0,05_resultados\revisao_operacional\campanha_v1\j00726.mat
j00726,322,0,05_resultados\revisao_operacional\campanha_v1\j00726.mat
j00726,333,0,05_resultados\revisao_operacional\campanha_v1\j00726.mat
j00726,343,0,05_resultados\revisao_operacional\campanha_v1\j00726.mat
j00726,354,0,05_resultados\revisao_operacional\campanha_v1\j00726.mat
j00726,364,0,05_resultados\revisao_operacional\campanha_v1\j00726.mat
j00726,375,0,05_resultados\revisao_operacional\campanha_v1\j00726.mat
j00726,385,0,05_resultados\revisao_operacional\campanha_v1\j00726.mat
j00726,396,0,05_resultados\revisao_operacional\campanha_v1\j00726.mat
j00726,406,0,05_resultados\revisao_operacional\campanha_v1\j00726.mat
j00726,417,0,05_resultados\revisao_operacional\campanha_v1\j00726.mat
j00726,427,0,05_resultados\revisao_operacional\campanha_v1\j00726.mat
j00726,438,0,05_resultados\revisao_operacional\campanha_v1\j00726.mat
j00726,448,0,05_resultados\revisao_operacional\campanha_v1\j00726.mat
j00726,459,0,05_resultados\revisao_operacional\campanha_v1\j00726.mat
j00726,469,0,05_resultados\revisao_operacional\campanha_v1\j00726.mat
j00726,480,0,05_resultados\revisao_operacional\campanha_v1\j00726.mat
j00726,490,0,05_resultados\revisao_operacional\campanha_v1\j00726.mat
j00726,501,0,05_resultados\revisao_operacional\campanha_v1\j00726.mat
j00726,511,0,05_resultados\revisao_operacional\campanha_v1\j00726.mat
j00726,522,0,05_resultados\revisao_operacional\campanha_v1\j00726.mat
j00726,532,0,05_resultados\revisao_operacional\campanha_v1\j00726.mat
j00726,543,0,05_resultados\revisao_operacional\campanha_v1\j00726.mat
j00726,553,0,05_resultados\revisao_operacional\campanha_v1\j00726.mat
j00726,564,0,05_resultados\revisao_operacional\campanha_v1\j00726.mat
j00726,574,0,05_resultados\revisao_operacional\campanha_v1\j00726.mat
j00726,585,0,05_resultados\revisao_operacional\campanha_v1\j00726.mat
j00726,595,0,05_resultados\revisao_operacional\campanha_v1\j00726.mat
j00726,606,0,05_resultados\revisao_operacional\campanha_v1\j00726.mat
j00726,616,0,05_resultados\revisao_operacional\campanha_v1\j00726.mat
j00726,627,0,05_resultados\revisao_operacional\campanha_v1\j00726.mat
j00726,637,0,05_resultados\revisao_operacional\campanha_v1\j00726.mat
j00726,648,0,05_resultados\revisao_operacional\campanha_v1\j00726.mat
j00726,658,0,05_resultados\revisao_operacional\campanha_v1\j00726.mat
j00726,669,0,05_resultados\revisao_operacional\campanha_v1\j00726.mat
j00726,679,0,05_resultados\revisao_operacional\campanha_v1\j00726.mat
j00726,690,0,05_resultados\revisao_operacional\campanha_v1\j00726.mat
j00726,700,0,05_resultados\revisao_operacional\campanha_v1\j00726.mat
j00726,711,0,05_resultados\revisao_operacional\campanha_v1\j00726.mat
j00726,721,0,05_resultados\revisao_operacional\campanha_v1\j00726.mat
j00726,732,0,05_resultados\revisao_operacional\campanha_v1\j00726.mat
j00726,756,0,05_resultados\revisao_operacional\campanha_v1\j00726.mat
j00726,767,0,05_resultados\revisao_operacional\campanha_v1\j00726.mat
j00726,777,0,05_resultados\revisao_operacional\campanha_v1\j00726.mat
j00726,788,0,05_resultados\revisao_operacional\campanha_v1\j00726.mat
j00726,798,0,05_resultados\revisao_operacional\campanha_v1\j00726.mat
j00726,809,0,05_resultados\revisao_operacional\campanha_v1\j00726.mat
j00726,819,0,05_resultados\revisao_operacional\campanha_v1\j00726.mat
j00726,830,0,05_resultados\revisao_operacional\campanha_v1\j00726.mat
j00726,840,0,05_resultados\revisao_operacional\campanha_v1\j00726.mat
j00726,850,0,05_resultados\revisao_operacional\campanha_v1\j00726.mat
j00726,861,0,05_resultados\revisao_operacional\campanha_v1\j00726.mat
j00726,871,0,05_resultados\revisao_operacional\campanha_v1\j00726.mat
j00726,882,0,05_resultados\revisao_operacional\campanha_v1\j00726.mat
j00726,892,0,05_resultados\revisao_operacional\campanha_v1\j00726.mat
j00726,903,0,05_resultados\revisao_operacional\campanha_v1\j00726.mat
j00726,913,0,05_resultados\revisao_operacional\campanha_v1\j00726.mat
j00726,924,0,05_resultados\revisao_operacional\campanha_v1\j00726.mat
j00726,934,0,05_resultados\revisao_operacional\campanha_v1\j00726.mat
j00726,945,0,05_resultados\revisao_operacional\campanha_v1\j00726.mat
j00726,955,0,05_resultados\revisao_operacional\campanha_v1\j00726.mat
j00726,979,0,05_resultados\revisao_operacional\campanha_v1\j00726.mat
j00726,990,0,05_resultados\revisao_operacional\campanha_v1\j00726.mat
j00726,1000,0,05_resultados\revisao_operacional\campanha_v1\j00726.mat
j00726,1011,0,05_resultados\revisao_operacional\campanha_v1\j00726.mat
j00726,1021,0,05_resultados\revisao_operacional\campanha_v1\j00726.mat
j00726,1032,0,05_resultados\revisao_operacional\campanha_v1\j00726.mat
j00726,1042,0,05_resultados\revisao_operacional\campanha_v1\j00726.mat
j00726,1053,0,05_resultados\revisao_operacional\campanha_v1\j00726.mat
j00726,1063,0,05_resultados\revisao_operacional\campanha_v1\j00726.mat
j00726,1074,0,05_resultados\revisao_operacional\campanha_v1\j00726.mat
j00726,1084,0,05_resultados\revisao_operacional\campanha_v1\j00726.mat
j00726,1095,0,05_resultados\revisao_operacional\campanha_v1\j00726.mat
j00726,1105,0,05_resultados\revisao_operacional\campanha_v1\j00726.mat
j00726,1116,0,05_resultados\revisao_operacional\campanha_v1\j00726.mat
j00726,1126,0,05_resultados\revisao_operacional\campanha_v1\j00726.mat
j00726,1137,0,05_resultados\revisao_operacional\campanha_v1\j00726.mat
j00726,1147,0,05_resultados\revisao_operacional\campanha_v1\j00726.mat
j00726,1158,0,05_resultados\revisao_operacional\campanha_v1\j00726.mat
j00726,1168,0,05_resultados\revisao_operacional\campanha_v1\j00726.mat
j00726,1178,0,05_resultados\revisao_operacional\campanha_v1\j00726.mat
j00727,149,nan,05_resultados\revisao_operacional\campanha_v1\j00727.mat
j00727,155,nan,05_resultados\revisao_operacional\campanha_v1\j00727.mat
j00727,170,nan,05_resultados\revisao_operacional\campanha_v1\j00727.mat
j00727,191,nan,05_resultados\revisao_operacional\campanha_v1\j00727.mat
j00727,296,nan,05_resultados\revisao_operacional\campanha_v1\j00727.mat
j00727,811,nan,05_resultados\revisao_operacional\campanha_v1\j00727.mat
j00727,1000,nan,05_resultados\revisao_operacional\campanha_v1\j00727.mat
j00728,149,0.0,05_resultados\revisao_operacional\campanha_v1\j00728.mat
j00728,155,0.0,05_resultados\revisao_operacional\campanha_v1\j00728.mat
j00728,170,nan,05_resultados\revisao_operacional\campanha_v1\j00728.mat
j00728,191,nan,05_resultados\revisao_operacional\campanha_v1\j00728.mat
j00728,296,nan,05_resultados\revisao_operacional\campanha_v1\j00728.mat
j00728,811,nan,05_resultados\revisao_operacional\campanha_v1\j00728.mat
j00728,1000,nan,05_resultados\revisao_operacional\campanha_v1\j00728.mat
j00729,149,0,05_resultados\revisao_operacional\campanha_v1\j00729.mat
j00729,155,0,05_resultados\revisao_operacional\campanha_v1\j00729.mat
j00729,170,0,05_resultados\revisao_operacional\campanha_v1\j00729.mat
j00729,191,0,05_resultados\revisao_operacional\campanha_v1\j00729.mat
j00729,296,0,05_resultados\revisao_operacional\campanha_v1\j00729.mat
j00729,811,0,05_resultados\revisao_operacional\campanha_v1\j00729.mat
j00729,1000,0,05_resultados\revisao_operacional\campanha_v1\j00729.mat
j00730,149,0,05_resultados\revisao_operacional\campanha_v1\j00730.mat
j00730,155,0,05_resultados\revisao_operacional\campanha_v1\j00730.mat
j00730,170,0,05_resultados\revisao_operacional\campanha_v1\j00730.mat
j00730,191,0,05_resultados\revisao_operacional\campanha_v1\j00730.mat
j00730,296,0,05_resultados\revisao_operacional\campanha_v1\j00730.mat
j00730,811,0,05_resultados\revisao_operacional\campanha_v1\j00730.mat
j00730,1000,0,05_resultados\revisao_operacional\campanha_v1\j00730.mat
j00731,149,0,05_resultados\revisao_operacional\campanha_v1\j00731.mat
j00731,155,0,05_resultados\revisao_operacional\campanha_v1\j00731.mat
j00731,170,0,05_resultados\revisao_operacional\campanha_v1\j00731.mat
j00731,191,0,05_resultados\revisao_operacional\campanha_v1\j00731.mat
j00731,296,0,05_resultados\revisao_operacional\campanha_v1\j00731.mat
j00731,811,0,05_resultados\revisao_operacional\campanha_v1\j00731.mat
j00731,1000,0,05_resultados\revisao_operacional\campanha_v1\j00731.mat
j00732,0,792.0,05_resultados\revisao_operacional\campanha_v1\j00732.mat
j00732,6,786.0,05_resultados\revisao_operacional\campanha_v1\j00732.mat
j00732,17,775.0,05_resultados\revisao_operacional\campanha_v1\j00732.mat
j00732,27,765.0,05_resultados\revisao_operacional\campanha_v1\j00732.mat
j00732,38,754.0,05_resultados\revisao_operacional\campanha_v1\j00732.mat
j00732,48,744.0,05_resultados\revisao_operacional\campanha_v1\j00732.mat
j00732,59,733.0,05_resultados\revisao_operacional\campanha_v1\j00732.mat
j00732,69,723.0,05_resultados\revisao_operacional\campanha_v1\j00732.mat
j00732,80,712.0,05_resultados\revisao_operacional\campanha_v1\j00732.mat
j00732,90,702.0,05_resultados\revisao_operacional\campanha_v1\j00732.mat
j00732,101,691.0,05_resultados\revisao_operacional\campanha_v1\j00732.mat
j00732,111,681.0,05_resultados\revisao_operacional\campanha_v1\j00732.mat
j00732,122,670.0,05_resultados\revisao_operacional\campanha_v1\j00732.mat
j00732,132,660.0,05_resultados\revisao_operacional\campanha_v1\j00732.mat
j00732,143,649.0,05_resultados\revisao_operacional\campanha_v1\j00732.mat
j00732,153,639.0,05_resultados\revisao_operacional\campanha_v1\j00732.mat
j00732,164,628.0,05_resultados\revisao_operacional\campanha_v1\j00732.mat
j00732,174,618.0,05_resultados\revisao_operacional\campanha_v1\j00732.mat
j00732,185,607.0,05_resultados\revisao_operacional\campanha_v1\j00732.mat
j00732,195,597.0,05_resultados\revisao_operacional\campanha_v1\j00732.mat
j00732,206,586.0,05_resultados\revisao_operacional\campanha_v1\j00732.mat
j00732,216,576.0,05_resultados\revisao_operacional\campanha_v1\j00732.mat
j00732,227,565.0,05_resultados\revisao_operacional\campanha_v1\j00732.mat
j00732,237,555.0,05_resultados\revisao_operacional\campanha_v1\j00732.mat
j00732,248,544.0,05_resultados\revisao_operacional\campanha_v1\j00732.mat
j00732,258,534.0,05_resultados\revisao_operacional\campanha_v1\j00732.mat
j00732,269,523.0,05_resultados\revisao_operacional\campanha_v1\j00732.mat
j00732,279,513.0,05_resultados\revisao_operacional\campanha_v1\j00732.mat
j00732,290,502.0,05_resultados\revisao_operacional\campanha_v1\j00732.mat
j00732,300,492.0,05_resultados\revisao_operacional\campanha_v1\j00732.mat
j00732,311,481.0,05_resultados\revisao_operacional\campanha_v1\j00732.mat
j00732,321,471.0,05_resultados\revisao_operacional\campanha_v1\j00732.mat
j00732,332,460.0,05_resultados\revisao_operacional\campanha_v1\j00732.mat
j00732,342,450.0,05_resultados\revisao_operacional\campanha_v1\j00732.mat
j00732,353,439.0,05_resultados\revisao_operacional\campanha_v1\j00732.mat
j00732,363,429.0,05_resultados\revisao_operacional\campanha_v1\j00732.mat
j00732,374,418.0,05_resultados\revisao_operacional\campanha_v1\j00732.mat
j00732,384,408.0,05_resultados\revisao_operacional\campanha_v1\j00732.mat
j00732,395,397.0,05_resultados\revisao_operacional\campanha_v1\j00732.mat
j00732,405,387.0,05_resultados\revisao_operacional\campanha_v1\j00732.mat
j00732,416,376.0,05_resultados\revisao_operacional\campanha_v1\j00732.mat
j00732,426,366.0,05_resultados\revisao_operacional\campanha_v1\j00732.mat
j00732,437,355.0,05_resultados\revisao_operacional\campanha_v1\j00732.mat
j00732,447,345.0,05_resultados\revisao_operacional\campanha_v1\j00732.mat
j00732,458,334.0,05_resultados\revisao_operacional\campanha_v1\j00732.mat
j00732,468,324.0,05_resultados\revisao_operacional\campanha_v1\j00732.mat
j00732,479,313.0,05_resultados\revisao_operacional\campanha_v1\j00732.mat
j00732,489,303.0,05_resultados\revisao_operacional\campanha_v1\j00732.mat
j00732,500,292.0,05_resultados\revisao_operacional\campanha_v1\j00732.mat
j00732,510,282.0,05_resultados\revisao_operacional\campanha_v1\j00732.mat
j00732,521,271.0,05_resultados\revisao_operacional\campanha_v1\j00732.mat
j00732,531,261.0,05_resultados\revisao_operacional\campanha_v1\j00732.mat
j00732,542,250.0,05_resultados\revisao_operacional\campanha_v1\j00732.mat
j00732,552,240.0,05_resultados\revisao_operacional\campanha_v1\j00732.mat
j00732,563,229.0,05_resultados\revisao_operacional\campanha_v1\j00732.mat
j00732,587,205.0,05_resultados\revisao_operacional\campanha_v1\j00732.mat
j00732,598,194.0,05_resultados\revisao_operacional\campanha_v1\j00732.mat
j00732,608,184.0,05_resultados\revisao_operacional\campanha_v1\j00732.mat
j00732,619,173.0,05_resultados\revisao_operacional\campanha_v1\j00732.mat
j00732,629,163.0,05_resultados\revisao_operacional\campanha_v1\j00732.mat
j00732,640,152.0,05_resultados\revisao_operacional\campanha_v1\j00732.mat
j00732,650,142.0,05_resultados\revisao_operacional\campanha_v1\j00732.mat
j00732,661,131.0,05_resultados\revisao_operacional\campanha_v1\j00732.mat
j00732,671,121.0,05_resultados\revisao_operacional\campanha_v1\j00732.mat
j00732,682,110.0,05_resultados\revisao_operacional\campanha_v1\j00732.mat
j00732,692,100.0,05_resultados\revisao_operacional\campanha_v1\j00732.mat
j00732,702,90.0,05_resultados\revisao_operacional\campanha_v1\j00732.mat
j00732,713,79.0,05_resultados\revisao_operacional\campanha_v1\j00732.mat
j00732,724,68.0,05_resultados\revisao_operacional\campanha_v1\j00732.mat
j00732,734,58.0,05_resultados\revisao_operacional\campanha_v1\j00732.mat
j00732,745,47.0,05_resultados\revisao_operacional\campanha_v1\j00732.mat
j00732,755,37.0,05_resultados\revisao_operacional\campanha_v1\j00732.mat
j00732,766,26.0,05_resultados\revisao_operacional\campanha_v1\j00732.mat
j00732,776,16.0,05_resultados\revisao_operacional\campanha_v1\j00732.mat
j00732,786,6.0,05_resultados\revisao_operacional\campanha_v1\j00732.mat
j00732,810,nan,05_resultados\revisao_operacional\campanha_v1\j00732.mat
j00732,821,nan,05_resultados\revisao_operacional\campanha_v1\j00732.mat
j00732,831,nan,05_resultados\revisao_operacional\campanha_v1\j00732.mat
j00732,842,nan,05_resultados\revisao_operacional\campanha_v1\j00732.mat
j00732,852,nan,05_resultados\revisao_operacional\campanha_v1\j00732.mat
j00732,863,nan,05_resultados\revisao_operacional\campanha_v1\j00732.mat
j00732,873,nan,05_resultados\revisao_operacional\campanha_v1\j00732.mat
j00732,884,nan,05_resultados\revisao_operacional\campanha_v1\j00732.mat
j00732,894,nan,05_resultados\revisao_operacional\campanha_v1\j00732.mat
j00732,905,nan,05_resultados\revisao_operacional\campanha_v1\j00732.mat
j00732,915,nan,05_resultados\revisao_operacional\campanha_v1\j00732.mat
j00732,926,nan,05_resultados\revisao_operacional\campanha_v1\j00732.mat
j00732,936,nan,05_resultados\revisao_operacional\campanha_v1\j00732.mat
j00732,947,nan,05_resultados\revisao_operacional\campanha_v1\j00732.mat
j00732,957,nan,05_resultados\revisao_operacional\campanha_v1\j00732.mat
j00732,968,nan,05_resultados\revisao_operacional\campanha_v1\j00732.mat
j00732,978,nan,05_resultados\revisao_operacional\campanha_v1\j00732.mat
j00732,989,nan,05_resultados\revisao_operacional\campanha_v1\j00732.mat
j00732,999,nan,05_resultados\revisao_operacional\campanha_v1\j00732.mat
j00732,1010,nan,05_resultados\revisao_operacional\campanha_v1\j00732.mat
j00732,1033,nan,05_resultados\revisao_operacional\campanha_v1\j00732.mat
j00732,1044,nan,05_resultados\revisao_operacional\campanha_v1\j00732.mat
j00732,1054,nan,05_resultados\revisao_operacional\campanha_v1\j00732.mat
j00732,1065,nan,05_resultados\revisao_operacional\campanha_v1\j00732.mat
j00732,1075,nan,05_resultados\revisao_operacional\campanha_v1\j00732.mat
j00732,1086,nan,05_resultados\revisao_operacional\campanha_v1\j00732.mat
j00732,1096,nan,05_resultados\revisao_operacional\campanha_v1\j00732.mat
j00732,1107,nan,05_resultados\revisao_operacional\campanha_v1\j00732.mat
j00732,1117,nan,05_resultados\revisao_operacional\campanha_v1\j00732.mat
j00732,1128,nan,05_resultados\revisao_operacional\campanha_v1\j00732.mat
j00732,1138,nan,05_resultados\revisao_operacional\campanha_v1\j00732.mat
j00732,1149,nan,05_resultados\revisao_operacional\campanha_v1\j00732.mat
j00732,1159,nan,05_resultados\revisao_operacional\campanha_v1\j00732.mat
j00732,1170,nan,05_resultados\revisao_operacional\campanha_v1\j00732.mat
j00732,1180,nan,05_resultados\revisao_operacional\campanha_v1\j00732.mat
j00732,1191,nan,05_resultados\revisao_operacional\campanha_v1\j00732.mat
j00733,0,81.0,05_resultados\revisao_operacional\campanha_v1\j00733.mat
j00733,6,75.0,05_resultados\revisao_operacional\campanha_v1\j00733.mat
j00733,17,64.0,05_resultados\revisao_operacional\campanha_v1\j00733.mat
j00733,27,54.0,05_resultados\revisao_operacional\campanha_v1\j00733.mat
j00733,38,43.0,05_resultados\revisao_operacional\campanha_v1\j00733.mat
j00733,48,33.0,05_resultados\revisao_operacional\campanha_v1\j00733.mat
j00733,59,22.0,05_resultados\revisao_operacional\campanha_v1\j00733.mat
j00733,69,12.0,05_resultados\revisao_operacional\campanha_v1\j00733.mat
j00733,80,1.0,05_resultados\revisao_operacional\campanha_v1\j00733.mat
j00733,90,477.0,05_resultados\revisao_operacional\campanha_v1\j00733.mat
j00733,101,466.0,05_resultados\revisao_operacional\campanha_v1\j00733.mat
j00733,111,456.0,05_resultados\revisao_operacional\campanha_v1\j00733.mat
j00733,122,445.0,05_resultados\revisao_operacional\campanha_v1\j00733.mat
j00733,132,435.0,05_resultados\revisao_operacional\campanha_v1\j00733.mat
j00733,143,424.0,05_resultados\revisao_operacional\campanha_v1\j00733.mat
j00733,153,414.0,05_resultados\revisao_operacional\campanha_v1\j00733.mat
j00733,164,403.0,05_resultados\revisao_operacional\campanha_v1\j00733.mat
j00733,174,393.0,05_resultados\revisao_operacional\campanha_v1\j00733.mat
j00733,185,382.0,05_resultados\revisao_operacional\campanha_v1\j00733.mat
j00733,195,372.0,05_resultados\revisao_operacional\campanha_v1\j00733.mat
j00733,206,361.0,05_resultados\revisao_operacional\campanha_v1\j00733.mat
j00733,216,351.0,05_resultados\revisao_operacional\campanha_v1\j00733.mat
j00733,227,340.0,05_resultados\revisao_operacional\campanha_v1\j00733.mat
j00733,237,330.0,05_resultados\revisao_operacional\campanha_v1\j00733.mat
j00733,248,319.0,05_resultados\revisao_operacional\campanha_v1\j00733.mat
j00733,258,309.0,05_resultados\revisao_operacional\campanha_v1\j00733.mat
j00733,269,298.0,05_resultados\revisao_operacional\campanha_v1\j00733.mat
j00733,279,288.0,05_resultados\revisao_operacional\campanha_v1\j00733.mat
j00733,290,277.0,05_resultados\revisao_operacional\campanha_v1\j00733.mat
j00733,300,267.0,05_resultados\revisao_operacional\campanha_v1\j00733.mat
j00733,311,256.0,05_resultados\revisao_operacional\campanha_v1\j00733.mat
j00733,321,246.0,05_resultados\revisao_operacional\campanha_v1\j00733.mat
j00733,332,235.0,05_resultados\revisao_operacional\campanha_v1\j00733.mat
j00733,342,225.0,05_resultados\revisao_operacional\campanha_v1\j00733.mat
j00733,353,214.0,05_resultados\revisao_operacional\campanha_v1\j00733.mat
j00733,363,204.0,05_resultados\revisao_operacional\campanha_v1\j00733.mat
j00733,374,193.0,05_resultados\revisao_operacional\campanha_v1\j00733.mat
j00733,384,183.0,05_resultados\revisao_operacional\campanha_v1\j00733.mat
j00733,395,172.0,05_resultados\revisao_operacional\campanha_v1\j00733.mat
j00733,405,162.0,05_resultados\revisao_operacional\campanha_v1\j00733.mat
j00733,416,151.0,05_resultados\revisao_operacional\campanha_v1\j00733.mat
j00733,426,141.0,05_resultados\revisao_operacional\campanha_v1\j00733.mat
j00733,437,130.0,05_resultados\revisao_operacional\campanha_v1\j00733.mat
j00733,447,120.0,05_resultados\revisao_operacional\campanha_v1\j00733.mat
j00733,458,109.0,05_resultados\revisao_operacional\campanha_v1\j00733.mat
j00733,468,99.0,05_resultados\revisao_operacional\campanha_v1\j00733.mat
j00733,479,88.0,05_resultados\revisao_operacional\campanha_v1\j00733.mat
j00733,489,78.0,05_resultados\revisao_operacional\campanha_v1\j00733.mat
j00733,500,67.0,05_resultados\revisao_operacional\campanha_v1\j00733.mat
j00733,510,57.0,05_resultados\revisao_operacional\campanha_v1\j00733.mat
j00733,521,46.0,05_resultados\revisao_operacional\campanha_v1\j00733.mat
j00733,531,36.0,05_resultados\revisao_operacional\campanha_v1\j00733.mat
j00733,542,25.0,05_resultados\revisao_operacional\campanha_v1\j00733.mat
j00733,552,15.0,05_resultados\revisao_operacional\campanha_v1\j00733.mat
j00733,563,4.0,05_resultados\revisao_operacional\campanha_v1\j00733.mat
j00733,587,205.0,05_resultados\revisao_operacional\campanha_v1\j00733.mat
j00733,598,194.0,05_resultados\revisao_operacional\campanha_v1\j00733.mat
j00733,608,184.0,05_resultados\revisao_operacional\campanha_v1\j00733.mat
j00733,619,173.0,05_resultados\revisao_operacional\campanha_v1\j00733.mat
j00733,629,163.0,05_resultados\revisao_operacional\campanha_v1\j00733.mat
j00733,640,152.0,05_resultados\revisao_operacional\campanha_v1\j00733.mat
j00733,650,142.0,05_resultados\revisao_operacional\campanha_v1\j00733.mat
j00733,661,131.0,05_resultados\revisao_operacional\campanha_v1\j00733.mat
j00733,671,121.0,05_resultados\revisao_operacional\campanha_v1\j00733.mat
j00733,682,110.0,05_resultados\revisao_operacional\campanha_v1\j00733.mat
j00733,692,100.0,05_resultados\revisao_operacional\campanha_v1\j00733.mat
j00733,702,90.0,05_resultados\revisao_operacional\campanha_v1\j00733.mat
j00733,713,79.0,05_resultados\revisao_operacional\campanha_v1\j00733.mat
j00733,724,68.0,05_resultados\revisao_operacional\campanha_v1\j00733.mat
j00733,734,58.0,05_resultados\revisao_operacional\campanha_v1\j00733.mat
j00733,745,47.0,05_resultados\revisao_operacional\campanha_v1\j00733.mat
j00733,755,37.0,05_resultados\revisao_operacional\campanha_v1\j00733.mat
j00733,766,26.0,05_resultados\revisao_operacional\campanha_v1\j00733.mat
j00733,776,16.0,05_resultados\revisao_operacional\campanha_v1\j00733.mat
j00733,786,6.0,05_resultados\revisao_operacional\campanha_v1\j00733.mat
j00733,810,202.0,05_resultados\revisao_operacional\campanha_v1\j00733.mat
j00733,821,191.0,05_resultados\revisao_operacional\campanha_v1\j00733.mat
j00733,831,181.0,05_resultados\revisao_operacional\campanha_v1\j00733.mat
j00733,842,170.0,05_resultados\revisao_operacional\campanha_v1\j00733.mat
j00733,852,160.0,05_resultados\revisao_operacional\campanha_v1\j00733.mat
j00733,863,149.0,05_resultados\revisao_operacional\campanha_v1\j00733.mat
j00733,873,139.0,05_resultados\revisao_operacional\campanha_v1\j00733.mat
j00733,884,128.0,05_resultados\revisao_operacional\campanha_v1\j00733.mat
j00733,894,118.0,05_resultados\revisao_operacional\campanha_v1\j00733.mat
j00733,905,107.0,05_resultados\revisao_operacional\campanha_v1\j00733.mat
j00733,915,97.0,05_resultados\revisao_operacional\campanha_v1\j00733.mat
j00733,926,86.0,05_resultados\revisao_operacional\campanha_v1\j00733.mat
j00733,936,76.0,05_resultados\revisao_operacional\campanha_v1\j00733.mat
j00733,947,65.0,05_resultados\revisao_operacional\campanha_v1\j00733.mat
j00733,957,55.0,05_resultados\revisao_operacional\campanha_v1\j00733.mat
j00733,968,44.0,05_resultados\revisao_operacional\campanha_v1\j00733.mat
j00733,978,34.0,05_resultados\revisao_operacional\campanha_v1\j00733.mat
j00733,989,23.0,05_resultados\revisao_operacional\campanha_v1\j00733.mat
j00733,999,13.0,05_resultados\revisao_operacional\campanha_v1\j00733.mat
j00733,1010,2.0,05_resultados\revisao_operacional\campanha_v1\j00733.mat
j00733,1033,nan,05_resultados\revisao_operacional\campanha_v1\j00733.mat
j00733,1044,nan,05_resultados\revisao_operacional\campanha_v1\j00733.mat
j00733,1054,nan,05_resultados\revisao_operacional\campanha_v1\j00733.mat
j00733,1065,nan,05_resultados\revisao_operacional\campanha_v1\j00733.mat
j00733,1075,nan,05_resultados\revisao_operacional\campanha_v1\j00733.mat
j00733,1086,nan,05_resultados\revisao_operacional\campanha_v1\j00733.mat
j00733,1096,nan,05_resultados\revisao_operacional\campanha_v1\j00733.mat
j00733,1107,nan,05_resultados\revisao_operacional\campanha_v1\j00733.mat
j00733,1117,nan,05_resultados\revisao_operacional\campanha_v1\j00733.mat
j00733,1128,nan,05_resultados\revisao_operacional\campanha_v1\j00733.mat
j00733,1138,nan,05_resultados\revisao_operacional\campanha_v1\j00733.mat
j00733,1149,nan,05_resultados\revisao_operacional\campanha_v1\j00733.mat
j00733,1159,nan,05_resultados\revisao_operacional\campanha_v1\j00733.mat
j00733,1170,nan,05_resultados\revisao_operacional\campanha_v1\j00733.mat
j00733,1180,nan,05_resultados\revisao_operacional\campanha_v1\j00733.mat
j00733,1191,nan,05_resultados\revisao_operacional\campanha_v1\j00733.mat
j00734,0,1.0,05_resultados\revisao_operacional\campanha_v1\j00734.mat
j00734,6,0.0,05_resultados\revisao_operacional\campanha_v1\j00734.mat
j00734,17,1.0,05_resultados\revisao_operacional\campanha_v1\j00734.mat
j00734,27,548.0,05_resultados\revisao_operacional\campanha_v1\j00734.mat
j00734,38,537.0,05_resultados\revisao_operacional\campanha_v1\j00734.mat
j00734,48,527.0,05_resultados\revisao_operacional\campanha_v1\j00734.mat
j00734,59,516.0,05_resultados\revisao_operacional\campanha_v1\j00734.mat
j00734,69,506.0,05_resultados\revisao_operacional\campanha_v1\j00734.mat
j00734,80,495.0,05_resultados\revisao_operacional\campanha_v1\j00734.mat
j00734,90,485.0,05_resultados\revisao_operacional\campanha_v1\j00734.mat
j00734,101,474.0,05_resultados\revisao_operacional\campanha_v1\j00734.mat
j00734,111,464.0,05_resultados\revisao_operacional\campanha_v1\j00734.mat
j00734,122,453.0,05_resultados\revisao_operacional\campanha_v1\j00734.mat
j00734,132,443.0,05_resultados\revisao_operacional\campanha_v1\j00734.mat
j00734,143,432.0,05_resultados\revisao_operacional\campanha_v1\j00734.mat
j00734,153,422.0,05_resultados\revisao_operacional\campanha_v1\j00734.mat
j00734,164,411.0,05_resultados\revisao_operacional\campanha_v1\j00734.mat
j00734,174,401.0,05_resultados\revisao_operacional\campanha_v1\j00734.mat
j00734,185,390.0,05_resultados\revisao_operacional\campanha_v1\j00734.mat
j00734,195,380.0,05_resultados\revisao_operacional\campanha_v1\j00734.mat
j00734,206,369.0,05_resultados\revisao_operacional\campanha_v1\j00734.mat
j00734,216,359.0,05_resultados\revisao_operacional\campanha_v1\j00734.mat
j00734,227,348.0,05_resultados\revisao_operacional\campanha_v1\j00734.mat
j00734,237,338.0,05_resultados\revisao_operacional\campanha_v1\j00734.mat
j00734,248,327.0,05_resultados\revisao_operacional\campanha_v1\j00734.mat
j00734,258,317.0,05_resultados\revisao_operacional\campanha_v1\j00734.mat
j00734,269,306.0,05_resultados\revisao_operacional\campanha_v1\j00734.mat
j00734,279,296.0,05_resultados\revisao_operacional\campanha_v1\j00734.mat
j00734,290,285.0,05_resultados\revisao_operacional\campanha_v1\j00734.mat
j00734,300,275.0,05_resultados\revisao_operacional\campanha_v1\j00734.mat
j00734,311,264.0,05_resultados\revisao_operacional\campanha_v1\j00734.mat
j00734,321,254.0,05_resultados\revisao_operacional\campanha_v1\j00734.mat
j00734,332,243.0,05_resultados\revisao_operacional\campanha_v1\j00734.mat
j00734,342,233.0,05_resultados\revisao_operacional\campanha_v1\j00734.mat
j00734,353,222.0,05_resultados\revisao_operacional\campanha_v1\j00734.mat
j00734,363,212.0,05_resultados\revisao_operacional\campanha_v1\j00734.mat
j00734,374,201.0,05_resultados\revisao_operacional\campanha_v1\j00734.mat
j00734,384,191.0,05_resultados\revisao_operacional\campanha_v1\j00734.mat
j00734,395,180.0,05_resultados\revisao_operacional\campanha_v1\j00734.mat
j00734,405,170.0,05_resultados\revisao_operacional\campanha_v1\j00734.mat
j00734,416,159.0,05_resultados\revisao_operacional\campanha_v1\j00734.mat
j00734,426,149.0,05_resultados\revisao_operacional\campanha_v1\j00734.mat
j00734,437,138.0,05_resultados\revisao_operacional\campanha_v1\j00734.mat
j00734,447,128.0,05_resultados\revisao_operacional\campanha_v1\j00734.mat
j00734,458,117.0,05_resultados\revisao_operacional\campanha_v1\j00734.mat
j00734,468,107.0,05_resultados\revisao_operacional\campanha_v1\j00734.mat
j00734,479,96.0,05_resultados\revisao_operacional\campanha_v1\j00734.mat
j00734,489,86.0,05_resultados\revisao_operacional\campanha_v1\j00734.mat
j00734,500,75.0,05_resultados\revisao_operacional\campanha_v1\j00734.mat
j00734,510,65.0,05_resultados\revisao_operacional\campanha_v1\j00734.mat
j00734,521,54.0,05_resultados\revisao_operacional\campanha_v1\j00734.mat
j00734,531,44.0,05_resultados\revisao_operacional\campanha_v1\j00734.mat
j00734,542,33.0,05_resultados\revisao_operacional\campanha_v1\j00734.mat
j00734,552,23.0,05_resultados\revisao_operacional\campanha_v1\j00734.mat
j00734,563,12.0,05_resultados\revisao_operacional\campanha_v1\j00734.mat
j00734,587,201.0,05_resultados\revisao_operacional\campanha_v1\j00734.mat
j00734,598,190.0,05_resultados\revisao_operacional\campanha_v1\j00734.mat
j00734,608,180.0,05_resultados\revisao_operacional\campanha_v1\j00734.mat
j00734,619,169.0,05_resultados\revisao_operacional\campanha_v1\j00734.mat
j00734,629,159.0,05_resultados\revisao_operacional\campanha_v1\j00734.mat
j00734,640,148.0,05_resultados\revisao_operacional\campanha_v1\j00734.mat
j00734,650,138.0,05_resultados\revisao_operacional\campanha_v1\j00734.mat
j00734,661,127.0,05_resultados\revisao_operacional\campanha_v1\j00734.mat
j00734,671,117.0,05_resultados\revisao_operacional\campanha_v1\j00734.mat
j00734,682,106.0,05_resultados\revisao_operacional\campanha_v1\j00734.mat
j00734,692,96.0,05_resultados\revisao_operacional\campanha_v1\j00734.mat
j00734,702,86.0,05_resultados\revisao_operacional\campanha_v1\j00734.mat
j00734,713,75.0,05_resultados\revisao_operacional\campanha_v1\j00734.mat
j00734,724,64.0,05_resultados\revisao_operacional\campanha_v1\j00734.mat
j00734,734,54.0,05_resultados\revisao_operacional\campanha_v1\j00734.mat
j00734,745,43.0,05_resultados\revisao_operacional\campanha_v1\j00734.mat
j00734,755,33.0,05_resultados\revisao_operacional\campanha_v1\j00734.mat
j00734,766,22.0,05_resultados\revisao_operacional\campanha_v1\j00734.mat
j00734,776,12.0,05_resultados\revisao_operacional\campanha_v1\j00734.mat
j00734,786,2.0,05_resultados\revisao_operacional\campanha_v1\j00734.mat
j00734,810,201.0,05_resultados\revisao_operacional\campanha_v1\j00734.mat
j00734,821,190.0,05_resultados\revisao_operacional\campanha_v1\j00734.mat
j00734,831,180.0,05_resultados\revisao_operacional\campanha_v1\j00734.mat
j00734,842,169.0,05_resultados\revisao_operacional\campanha_v1\j00734.mat
j00734,852,159.0,05_resultados\revisao_operacional\campanha_v1\j00734.mat
j00734,863,148.0,05_resultados\revisao_operacional\campanha_v1\j00734.mat
j00734,873,138.0,05_resultados\revisao_operacional\campanha_v1\j00734.mat
j00734,884,127.0,05_resultados\revisao_operacional\campanha_v1\j00734.mat
j00734,894,117.0,05_resultados\revisao_operacional\campanha_v1\j00734.mat
j00734,905,106.0,05_resultados\revisao_operacional\campanha_v1\j00734.mat
j00734,915,96.0,05_resultados\revisao_operacional\campanha_v1\j00734.mat
j00734,926,85.0,05_resultados\revisao_operacional\campanha_v1\j00734.mat
j00734,936,75.0,05_resultados\revisao_operacional\campanha_v1\j00734.mat
j00734,947,64.0,05_resultados\revisao_operacional\campanha_v1\j00734.mat
j00734,957,54.0,05_resultados\revisao_operacional\campanha_v1\j00734.mat
j00734,968,43.0,05_resultados\revisao_operacional\campanha_v1\j00734.mat
j00734,978,33.0,05_resultados\revisao_operacional\campanha_v1\j00734.mat
j00734,989,22.0,05_resultados\revisao_operacional\campanha_v1\j00734.mat
j00734,999,12.0,05_resultados\revisao_operacional\campanha_v1\j00734.mat
j00734,1010,1.0,05_resultados\revisao_operacional\campanha_v1\j00734.mat
j00734,1033,nan,05_resultados\revisao_operacional\campanha_v1\j00734.mat
j00734,1044,nan,05_resultados\revisao_operacional\campanha_v1\j00734.mat
j00734,1054,nan,05_resultados\revisao_operacional\campanha_v1\j00734.mat
j00734,1065,nan,05_resultados\revisao_operacional\campanha_v1\j00734.mat
j00734,1075,nan,05_resultados\revisao_operacional\campanha_v1\j00734.mat
j00734,1086,nan,05_resultados\revisao_operacional\campanha_v1\j00734.mat
j00734,1096,nan,05_resultados\revisao_operacional\campanha_v1\j00734.mat
j00734,1107,nan,05_resultados\revisao_operacional\campanha_v1\j00734.mat
j00734,1117,nan,05_resultados\revisao_operacional\campanha_v1\j00734.mat
j00734,1128,nan,05_resultados\revisao_operacional\campanha_v1\j00734.mat
j00734,1138,nan,05_resultados\revisao_operacional\campanha_v1\j00734.mat
j00734,1149,nan,05_resultados\revisao_operacional\campanha_v1\j00734.mat
j00734,1159,nan,05_resultados\revisao_operacional\campanha_v1\j00734.mat
j00734,1170,nan,05_resultados\revisao_operacional\campanha_v1\j00734.mat
j00734,1180,nan,05_resultados\revisao_operacional\campanha_v1\j00734.mat
j00734,1191,nan,05_resultados\revisao_operacional\campanha_v1\j00734.mat
j00735,0,1.0,05_resultados\revisao_operacional\campanha_v1\j00735.mat
j00735,6,0.0,05_resultados\revisao_operacional\campanha_v1\j00735.mat
j00735,17,0.0,05_resultados\revisao_operacional\campanha_v1\j00735.mat
j00735,27,0.0,05_resultados\revisao_operacional\campanha_v1\j00735.mat
j00735,38,0.0,05_resultados\revisao_operacional\campanha_v1\j00735.mat
j00735,48,0.0,05_resultados\revisao_operacional\campanha_v1\j00735.mat
j00735,59,0.0,05_resultados\revisao_operacional\campanha_v1\j00735.mat
j00735,69,0.0,05_resultados\revisao_operacional\campanha_v1\j00735.mat
j00735,80,0.0,05_resultados\revisao_operacional\campanha_v1\j00735.mat
j00735,90,0.0,05_resultados\revisao_operacional\campanha_v1\j00735.mat
j00735,101,0.0,05_resultados\revisao_operacional\campanha_v1\j00735.mat
j00735,111,0.0,05_resultados\revisao_operacional\campanha_v1\j00735.mat
j00735,122,0.0,05_resultados\revisao_operacional\campanha_v1\j00735.mat
j00735,132,0.0,05_resultados\revisao_operacional\campanha_v1\j00735.mat
j00735,143,0.0,05_resultados\revisao_operacional\campanha_v1\j00735.mat
j00735,153,0.0,05_resultados\revisao_operacional\campanha_v1\j00735.mat
j00735,164,0.0,05_resultados\revisao_operacional\campanha_v1\j00735.mat
j00735,174,0.0,05_resultados\revisao_operacional\campanha_v1\j00735.mat
j00735,185,0.0,05_resultados\revisao_operacional\campanha_v1\j00735.mat
j00735,195,0.0,05_resultados\revisao_operacional\campanha_v1\j00735.mat
j00735,206,0.0,05_resultados\revisao_operacional\campanha_v1\j00735.mat
j00735,216,0.0,05_resultados\revisao_operacional\campanha_v1\j00735.mat
j00735,227,0.0,05_resultados\revisao_operacional\campanha_v1\j00735.mat
j00735,237,0.0,05_resultados\revisao_operacional\campanha_v1\j00735.mat
j00735,248,0.0,05_resultados\revisao_operacional\campanha_v1\j00735.mat
j00735,258,0.0,05_resultados\revisao_operacional\campanha_v1\j00735.mat
j00735,269,0.0,05_resultados\revisao_operacional\campanha_v1\j00735.mat
j00735,279,0.0,05_resultados\revisao_operacional\campanha_v1\j00735.mat
j00735,290,0.0,05_resultados\revisao_operacional\campanha_v1\j00735.mat
j00735,300,0.0,05_resultados\revisao_operacional\campanha_v1\j00735.mat
j00735,311,0.0,05_resultados\revisao_operacional\campanha_v1\j00735.mat
j00735,321,0.0,05_resultados\revisao_operacional\campanha_v1\j00735.mat
j00735,332,0.0,05_resultados\revisao_operacional\campanha_v1\j00735.mat
j00735,342,0.0,05_resultados\revisao_operacional\campanha_v1\j00735.mat
j00735,353,0.0,05_resultados\revisao_operacional\campanha_v1\j00735.mat
j00735,363,0.0,05_resultados\revisao_operacional\campanha_v1\j00735.mat
j00735,374,0.0,05_resultados\revisao_operacional\campanha_v1\j00735.mat
j00735,384,0.0,05_resultados\revisao_operacional\campanha_v1\j00735.mat
j00735,395,0.0,05_resultados\revisao_operacional\campanha_v1\j00735.mat
j00735,405,0.0,05_resultados\revisao_operacional\campanha_v1\j00735.mat
j00735,416,0.0,05_resultados\revisao_operacional\campanha_v1\j00735.mat
j00735,426,0.0,05_resultados\revisao_operacional\campanha_v1\j00735.mat
j00735,437,0.0,05_resultados\revisao_operacional\campanha_v1\j00735.mat
j00735,447,0.0,05_resultados\revisao_operacional\campanha_v1\j00735.mat
j00735,458,0.0,05_resultados\revisao_operacional\campanha_v1\j00735.mat
j00735,468,0.0,05_resultados\revisao_operacional\campanha_v1\j00735.mat
j00735,479,0.0,05_resultados\revisao_operacional\campanha_v1\j00735.mat
j00735,489,0.0,05_resultados\revisao_operacional\campanha_v1\j00735.mat
j00735,500,0.0,05_resultados\revisao_operacional\campanha_v1\j00735.mat
j00735,510,0.0,05_resultados\revisao_operacional\campanha_v1\j00735.mat
j00735,521,0.0,05_resultados\revisao_operacional\campanha_v1\j00735.mat
j00735,531,0.0,05_resultados\revisao_operacional\campanha_v1\j00735.mat
j00735,542,0.0,05_resultados\revisao_operacional\campanha_v1\j00735.mat
j00735,552,0.0,05_resultados\revisao_operacional\campanha_v1\j00735.mat
j00735,563,0.0,05_resultados\revisao_operacional\campanha_v1\j00735.mat
j00735,587,0.0,05_resultados\revisao_operacional\campanha_v1\j00735.mat
j00735,598,0.0,05_resultados\revisao_operacional\campanha_v1\j00735.mat
j00735,608,0.0,05_resultados\revisao_operacional\campanha_v1\j00735.mat
j00735,619,0.0,05_resultados\revisao_operacional\campanha_v1\j00735.mat
j00735,629,0.0,05_resultados\revisao_operacional\campanha_v1\j00735.mat
j00735,640,0.0,05_resultados\revisao_operacional\campanha_v1\j00735.mat
j00735,650,0.0,05_resultados\revisao_operacional\campanha_v1\j00735.mat
j00735,661,0.0,05_resultados\revisao_operacional\campanha_v1\j00735.mat
j00735,671,0.0,05_resultados\revisao_operacional\campanha_v1\j00735.mat
j00735,682,0.0,05_resultados\revisao_operacional\campanha_v1\j00735.mat
j00735,692,0.0,05_resultados\revisao_operacional\campanha_v1\j00735.mat
j00735,702,0.0,05_resultados\revisao_operacional\campanha_v1\j00735.mat
j00735,713,0.0,05_resultados\revisao_operacional\campanha_v1\j00735.mat
j00735,724,0.0,05_resultados\revisao_operacional\campanha_v1\j00735.mat
j00735,734,0.0,05_resultados\revisao_operacional\campanha_v1\j00735.mat
j00735,745,0.0,05_resultados\revisao_operacional\campanha_v1\j00735.mat
j00735,755,0.0,05_resultados\revisao_operacional\campanha_v1\j00735.mat
j00735,766,0.0,05_resultados\revisao_operacional\campanha_v1\j00735.mat
j00735,776,0.0,05_resultados\revisao_operacional\campanha_v1\j00735.mat
j00735,786,0.0,05_resultados\revisao_operacional\campanha_v1\j00735.mat
j00735,810,0.0,05_resultados\revisao_operacional\campanha_v1\j00735.mat
j00735,821,0.0,05_resultados\revisao_operacional\campanha_v1\j00735.mat
j00735,831,0.0,05_resultados\revisao_operacional\campanha_v1\j00735.mat
j00735,842,0.0,05_resultados\revisao_operacional\campanha_v1\j00735.mat
j00735,852,0.0,05_resultados\revisao_operacional\campanha_v1\j00735.mat
j00735,863,0.0,05_resultados\revisao_operacional\campanha_v1\j00735.mat
j00735,873,0.0,05_resultados\revisao_operacional\campanha_v1\j00735.mat
j00735,884,0.0,05_resultados\revisao_operacional\campanha_v1\j00735.mat
j00735,894,0.0,05_resultados\revisao_operacional\campanha_v1\j00735.mat
j00735,905,0.0,05_resultados\revisao_operacional\campanha_v1\j00735.mat
j00735,915,0.0,05_resultados\revisao_operacional\campanha_v1\j00735.mat
j00735,926,0.0,05_resultados\revisao_operacional\campanha_v1\j00735.mat
j00735,936,0.0,05_resultados\revisao_operacional\campanha_v1\j00735.mat
j00735,947,0.0,05_resultados\revisao_operacional\campanha_v1\j00735.mat
j00735,957,0.0,05_resultados\revisao_operacional\campanha_v1\j00735.mat
j00735,968,0.0,05_resultados\revisao_operacional\campanha_v1\j00735.mat
j00735,978,0.0,05_resultados\revisao_operacional\campanha_v1\j00735.mat
j00735,989,0.0,05_resultados\revisao_operacional\campanha_v1\j00735.mat
j00735,999,0.0,05_resultados\revisao_operacional\campanha_v1\j00735.mat
j00735,1010,0.0,05_resultados\revisao_operacional\campanha_v1\j00735.mat
j00735,1033,0.0,05_resultados\revisao_operacional\campanha_v1\j00735.mat
j00735,1044,0.0,05_resultados\revisao_operacional\campanha_v1\j00735.mat
j00735,1054,0.0,05_resultados\revisao_operacional\campanha_v1\j00735.mat
j00735,1065,0.0,05_resultados\revisao_operacional\campanha_v1\j00735.mat
j00735,1075,0.0,05_resultados\revisao_operacional\campanha_v1\j00735.mat
j00735,1086,0.0,05_resultados\revisao_operacional\campanha_v1\j00735.mat
j00735,1096,0.0,05_resultados\revisao_operacional\campanha_v1\j00735.mat
j00735,1107,0.0,05_resultados\revisao_operacional\campanha_v1\j00735.mat
j00735,1117,0.0,05_resultados\revisao_operacional\campanha_v1\j00735.mat
j00735,1128,0.0,05_resultados\revisao_operacional\campanha_v1\j00735.mat
j00735,1138,0.0,05_resultados\revisao_operacional\campanha_v1\j00735.mat
j00735,1149,0.0,05_resultados\revisao_operacional\campanha_v1\j00735.mat
j00735,1159,0.0,05_resultados\revisao_operacional\campanha_v1\j00735.mat
j00735,1170,0.0,05_resultados\revisao_operacional\campanha_v1\j00735.mat
j00735,1180,0.0,05_resultados\revisao_operacional\campanha_v1\j00735.mat
j00735,1191,nan,05_resultados\revisao_operacional\campanha_v1\j00735.mat
j00736,0,0.0,05_resultados\revisao_operacional\campanha_v1\j00736.mat
j00736,6,0.0,05_resultados\revisao_operacional\campanha_v1\j00736.mat
j00736,17,0.0,05_resultados\revisao_operacional\campanha_v1\j00736.mat
j00736,27,0.0,05_resultados\revisao_operacional\campanha_v1\j00736.mat
j00736,38,0.0,05_resultados\revisao_operacional\campanha_v1\j00736.mat
j00736,48,0.0,05_resultados\revisao_operacional\campanha_v1\j00736.mat
j00736,59,0.0,05_resultados\revisao_operacional\campanha_v1\j00736.mat
j00736,69,0.0,05_resultados\revisao_operacional\campanha_v1\j00736.mat
j00736,80,0.0,05_resultados\revisao_operacional\campanha_v1\j00736.mat
j00736,90,0.0,05_resultados\revisao_operacional\campanha_v1\j00736.mat
j00736,101,0.0,05_resultados\revisao_operacional\campanha_v1\j00736.mat
j00736,111,0.0,05_resultados\revisao_operacional\campanha_v1\j00736.mat
j00736,122,0.0,05_resultados\revisao_operacional\campanha_v1\j00736.mat
j00736,132,0.0,05_resultados\revisao_operacional\campanha_v1\j00736.mat
j00736,143,0.0,05_resultados\revisao_operacional\campanha_v1\j00736.mat
j00736,153,0.0,05_resultados\revisao_operacional\campanha_v1\j00736.mat
j00736,164,0.0,05_resultados\revisao_operacional\campanha_v1\j00736.mat
j00736,174,0.0,05_resultados\revisao_operacional\campanha_v1\j00736.mat
j00736,185,0.0,05_resultados\revisao_operacional\campanha_v1\j00736.mat
j00736,195,0.0,05_resultados\revisao_operacional\campanha_v1\j00736.mat
j00736,206,0.0,05_resultados\revisao_operacional\campanha_v1\j00736.mat
j00736,216,0.0,05_resultados\revisao_operacional\campanha_v1\j00736.mat
j00736,227,0.0,05_resultados\revisao_operacional\campanha_v1\j00736.mat
j00736,237,0.0,05_resultados\revisao_operacional\campanha_v1\j00736.mat
j00736,248,0.0,05_resultados\revisao_operacional\campanha_v1\j00736.mat
j00736,258,0.0,05_resultados\revisao_operacional\campanha_v1\j00736.mat
j00736,269,0.0,05_resultados\revisao_operacional\campanha_v1\j00736.mat
j00736,279,0.0,05_resultados\revisao_operacional\campanha_v1\j00736.mat
j00736,290,0.0,05_resultados\revisao_operacional\campanha_v1\j00736.mat
j00736,300,0.0,05_resultados\revisao_operacional\campanha_v1\j00736.mat
j00736,311,0.0,05_resultados\revisao_operacional\campanha_v1\j00736.mat
j00736,321,0.0,05_resultados\revisao_operacional\campanha_v1\j00736.mat
j00736,332,0.0,05_resultados\revisao_operacional\campanha_v1\j00736.mat
j00736,342,0.0,05_resultados\revisao_operacional\campanha_v1\j00736.mat
j00736,353,0.0,05_resultados\revisao_operacional\campanha_v1\j00736.mat
j00736,363,0.0,05_resultados\revisao_operacional\campanha_v1\j00736.mat
j00736,374,0.0,05_resultados\revisao_operacional\campanha_v1\j00736.mat
j00736,384,0.0,05_resultados\revisao_operacional\campanha_v1\j00736.mat
j00736,395,0.0,05_resultados\revisao_operacional\campanha_v1\j00736.mat
j00736,405,0.0,05_resultados\revisao_operacional\campanha_v1\j00736.mat
j00736,416,0.0,05_resultados\revisao_operacional\campanha_v1\j00736.mat
j00736,426,0.0,05_resultados\revisao_operacional\campanha_v1\j00736.mat
j00736,437,0.0,05_resultados\revisao_operacional\campanha_v1\j00736.mat
j00736,447,0.0,05_resultados\revisao_operacional\campanha_v1\j00736.mat
j00736,458,0.0,05_resultados\revisao_operacional\campanha_v1\j00736.mat
j00736,468,0.0,05_resultados\revisao_operacional\campanha_v1\j00736.mat
j00736,479,0.0,05_resultados\revisao_operacional\campanha_v1\j00736.mat
j00736,489,0.0,05_resultados\revisao_operacional\campanha_v1\j00736.mat
j00736,500,0.0,05_resultados\revisao_operacional\campanha_v1\j00736.mat
j00736,510,0.0,05_resultados\revisao_operacional\campanha_v1\j00736.mat
j00736,521,0.0,05_resultados\revisao_operacional\campanha_v1\j00736.mat
j00736,531,0.0,05_resultados\revisao_operacional\campanha_v1\j00736.mat
j00736,542,0.0,05_resultados\revisao_operacional\campanha_v1\j00736.mat
j00736,552,0.0,05_resultados\revisao_operacional\campanha_v1\j00736.mat
j00736,563,0.0,05_resultados\revisao_operacional\campanha_v1\j00736.mat
j00736,587,0.0,05_resultados\revisao_operacional\campanha_v1\j00736.mat
j00736,598,0.0,05_resultados\revisao_operacional\campanha_v1\j00736.mat
j00736,608,0.0,05_resultados\revisao_operacional\campanha_v1\j00736.mat
j00736,619,0.0,05_resultados\revisao_operacional\campanha_v1\j00736.mat
j00736,629,0.0,05_resultados\revisao_operacional\campanha_v1\j00736.mat
j00736,640,0.0,05_resultados\revisao_operacional\campanha_v1\j00736.mat
j00736,650,0.0,05_resultados\revisao_operacional\campanha_v1\j00736.mat
j00736,661,0.0,05_resultados\revisao_operacional\campanha_v1\j00736.mat
j00736,671,0.0,05_resultados\revisao_operacional\campanha_v1\j00736.mat
j00736,682,0.0,05_resultados\revisao_operacional\campanha_v1\j00736.mat
j00736,692,0.0,05_resultados\revisao_operacional\campanha_v1\j00736.mat
j00736,702,0.0,05_resultados\revisao_operacional\campanha_v1\j00736.mat
j00736,713,0.0,05_resultados\revisao_operacional\campanha_v1\j00736.mat
j00736,724,0.0,05_resultados\revisao_operacional\campanha_v1\j00736.mat
j00736,734,0.0,05_resultados\revisao_operacional\campanha_v1\j00736.mat
j00736,745,0.0,05_resultados\revisao_operacional\campanha_v1\j00736.mat
j00736,755,0.0,05_resultados\revisao_operacional\campanha_v1\j00736.mat
j00736,766,0.0,05_resultados\revisao_operacional\campanha_v1\j00736.mat
j00736,776,0.0,05_resultados\revisao_operacional\campanha_v1\j00736.mat
j00736,786,0.0,05_resultados\revisao_operacional\campanha_v1\j00736.mat
j00736,810,0.0,05_resultados\revisao_operacional\campanha_v1\j00736.mat
j00736,821,0.0,05_resultados\revisao_operacional\campanha_v1\j00736.mat
j00736,831,0.0,05_resultados\revisao_operacional\campanha_v1\j00736.mat
j00736,842,0.0,05_resultados\revisao_operacional\campanha_v1\j00736.mat
j00736,852,0.0,05_resultados\revisao_operacional\campanha_v1\j00736.mat
j00736,863,0.0,05_resultados\revisao_operacional\campanha_v1\j00736.mat
j00736,873,0.0,05_resultados\revisao_operacional\campanha_v1\j00736.mat
j00736,884,0.0,05_resultados\revisao_operacional\campanha_v1\j00736.mat
j00736,894,0.0,05_resultados\revisao_operacional\campanha_v1\j00736.mat
j00736,905,0.0,05_resultados\revisao_operacional\campanha_v1\j00736.mat
j00736,915,0.0,05_resultados\revisao_operacional\campanha_v1\j00736.mat
j00736,926,0.0,05_resultados\revisao_operacional\campanha_v1\j00736.mat
j00736,936,0.0,05_resultados\revisao_operacional\campanha_v1\j00736.mat
j00736,947,0.0,05_resultados\revisao_operacional\campanha_v1\j00736.mat
j00736,957,0.0,05_resultados\revisao_operacional\campanha_v1\j00736.mat
j00736,968,0.0,05_resultados\revisao_operacional\campanha_v1\j00736.mat
j00736,978,0.0,05_resultados\revisao_operacional\campanha_v1\j00736.mat
j00736,989,0.0,05_resultados\revisao_operacional\campanha_v1\j00736.mat
j00736,999,0.0,05_resultados\revisao_operacional\campanha_v1\j00736.mat
j00736,1010,0.0,05_resultados\revisao_operacional\campanha_v1\j00736.mat
j00736,1033,0.0,05_resultados\revisao_operacional\campanha_v1\j00736.mat
j00736,1044,0.0,05_resultados\revisao_operacional\campanha_v1\j00736.mat
j00736,1054,0.0,05_resultados\revisao_operacional\campanha_v1\j00736.mat
j00736,1065,0.0,05_resultados\revisao_operacional\campanha_v1\j00736.mat
j00736,1075,0.0,05_resultados\revisao_operacional\campanha_v1\j00736.mat
j00736,1086,0.0,05_resultados\revisao_operacional\campanha_v1\j00736.mat
j00736,1096,0.0,05_resultados\revisao_operacional\campanha_v1\j00736.mat
j00736,1107,0.0,05_resultados\revisao_operacional\campanha_v1\j00736.mat
j00736,1117,0.0,05_resultados\revisao_operacional\campanha_v1\j00736.mat
j00736,1128,0.0,05_resultados\revisao_operacional\campanha_v1\j00736.mat
j00736,1138,0.0,05_resultados\revisao_operacional\campanha_v1\j00736.mat
j00736,1149,0.0,05_resultados\revisao_operacional\campanha_v1\j00736.mat
j00736,1159,0.0,05_resultados\revisao_operacional\campanha_v1\j00736.mat
j00736,1170,0.0,05_resultados\revisao_operacional\campanha_v1\j00736.mat
j00736,1180,0.0,05_resultados\revisao_operacional\campanha_v1\j00736.mat
j00736,1191,nan,05_resultados\revisao_operacional\campanha_v1\j00736.mat
j00737,2,544.0,05_resultados\revisao_operacional\campanha_v1\j00737.mat
j00737,12,534.0,05_resultados\revisao_operacional\campanha_v1\j00737.mat
j00737,23,523.0,05_resultados\revisao_operacional\campanha_v1\j00737.mat
j00737,33,513.0,05_resultados\revisao_operacional\campanha_v1\j00737.mat
j00737,44,502.0,05_resultados\revisao_operacional\campanha_v1\j00737.mat
j00737,54,492.0,05_resultados\revisao_operacional\campanha_v1\j00737.mat
j00737,65,481.0,05_resultados\revisao_operacional\campanha_v1\j00737.mat
j00737,75,471.0,05_resultados\revisao_operacional\campanha_v1\j00737.mat
j00737,86,460.0,05_resultados\revisao_operacional\campanha_v1\j00737.mat
j00737,96,450.0,05_resultados\revisao_operacional\campanha_v1\j00737.mat
j00737,107,439.0,05_resultados\revisao_operacional\campanha_v1\j00737.mat
j00737,117,429.0,05_resultados\revisao_operacional\campanha_v1\j00737.mat
j00737,128,418.0,05_resultados\revisao_operacional\campanha_v1\j00737.mat
j00737,138,408.0,05_resultados\revisao_operacional\campanha_v1\j00737.mat
j00737,149,397.0,05_resultados\revisao_operacional\campanha_v1\j00737.mat
j00737,159,387.0,05_resultados\revisao_operacional\campanha_v1\j00737.mat
j00737,170,376.0,05_resultados\revisao_operacional\campanha_v1\j00737.mat
j00737,180,366.0,05_resultados\revisao_operacional\campanha_v1\j00737.mat
j00737,191,355.0,05_resultados\revisao_operacional\campanha_v1\j00737.mat
j00737,201,345.0,05_resultados\revisao_operacional\campanha_v1\j00737.mat
j00737,212,334.0,05_resultados\revisao_operacional\campanha_v1\j00737.mat
j00737,222,324.0,05_resultados\revisao_operacional\campanha_v1\j00737.mat
j00737,233,313.0,05_resultados\revisao_operacional\campanha_v1\j00737.mat
j00737,243,303.0,05_resultados\revisao_operacional\campanha_v1\j00737.mat
j00737,254,292.0,05_resultados\revisao_operacional\campanha_v1\j00737.mat
j00737,264,282.0,05_resultados\revisao_operacional\campanha_v1\j00737.mat
j00737,275,271.0,05_resultados\revisao_operacional\campanha_v1\j00737.mat
j00737,285,261.0,05_resultados\revisao_operacional\campanha_v1\j00737.mat
j00737,296,250.0,05_resultados\revisao_operacional\campanha_v1\j00737.mat
j00737,306,240.0,05_resultados\revisao_operacional\campanha_v1\j00737.mat
j00737,317,229.0,05_resultados\revisao_operacional\campanha_v1\j00737.mat
j00737,341,205.0,05_resultados\revisao_operacional\campanha_v1\j00737.mat
j00737,352,194.0,05_resultados\revisao_operacional\campanha_v1\j00737.mat
j00737,362,184.0,05_resultados\revisao_operacional\campanha_v1\j00737.mat
j00737,373,173.0,05_resultados\revisao_operacional\campanha_v1\j00737.mat
j00737,383,163.0,05_resultados\revisao_operacional\campanha_v1\j00737.mat
j00737,394,152.0,05_resultados\revisao_operacional\campanha_v1\j00737.mat
j00737,404,142.0,05_resultados\revisao_operacional\campanha_v1\j00737.mat
j00737,415,131.0,05_resultados\revisao_operacional\campanha_v1\j00737.mat
j00737,425,121.0,05_resultados\revisao_operacional\campanha_v1\j00737.mat
j00737,436,110.0,05_resultados\revisao_operacional\campanha_v1\j00737.mat
j00737,446,100.0,05_resultados\revisao_operacional\campanha_v1\j00737.mat
j00737,456,90.0,05_resultados\revisao_operacional\campanha_v1\j00737.mat
j00737,467,79.0,05_resultados\revisao_operacional\campanha_v1\j00737.mat
j00737,478,68.0,05_resultados\revisao_operacional\campanha_v1\j00737.mat
j00737,488,58.0,05_resultados\revisao_operacional\campanha_v1\j00737.mat
j00737,499,47.0,05_resultados\revisao_operacional\campanha_v1\j00737.mat
j00737,509,37.0,05_resultados\revisao_operacional\campanha_v1\j00737.mat
j00737,520,26.0,05_resultados\revisao_operacional\campanha_v1\j00737.mat
j00737,530,16.0,05_resultados\revisao_operacional\campanha_v1\j00737.mat
j00737,540,6.0,05_resultados\revisao_operacional\campanha_v1\j00737.mat
j00737,564,428.0,05_resultados\revisao_operacional\campanha_v1\j00737.mat
j00737,575,417.0,05_resultados\revisao_operacional\campanha_v1\j00737.mat
j00737,585,407.0,05_resultados\revisao_operacional\campanha_v1\j00737.mat
j00737,596,396.0,05_resultados\revisao_operacional\campanha_v1\j00737.mat
j00737,606,386.0,05_resultados\revisao_operacional\campanha_v1\j00737.mat
j00737,617,375.0,05_resultados\revisao_operacional\campanha_v1\j00737.mat
j00737,627,365.0,05_resultados\revisao_operacional\campanha_v1\j00737.mat
j00737,638,354.0,05_resultados\revisao_operacional\campanha_v1\j00737.mat
j00737,648,344.0,05_resultados\revisao_operacional\campanha_v1\j00737.mat
j00737,659,333.0,05_resultados\revisao_operacional\campanha_v1\j00737.mat
j00737,669,323.0,05_resultados\revisao_operacional\campanha_v1\j00737.mat
j00737,680,312.0,05_resultados\revisao_operacional\campanha_v1\j00737.mat
j00737,690,302.0,05_resultados\revisao_operacional\campanha_v1\j00737.mat
j00737,701,291.0,05_resultados\revisao_operacional\campanha_v1\j00737.mat
j00737,711,281.0,05_resultados\revisao_operacional\campanha_v1\j00737.mat
j00737,722,270.0,05_resultados\revisao_operacional\campanha_v1\j00737.mat
j00737,732,260.0,05_resultados\revisao_operacional\campanha_v1\j00737.mat
j00737,743,249.0,05_resultados\revisao_operacional\campanha_v1\j00737.mat
j00737,753,239.0,05_resultados\revisao_operacional\campanha_v1\j00737.mat
j00737,764,228.0,05_resultados\revisao_operacional\campanha_v1\j00737.mat
j00737,787,205.0,05_resultados\revisao_operacional\campanha_v1\j00737.mat
j00737,798,194.0,05_resultados\revisao_operacional\campanha_v1\j00737.mat
j00737,808,184.0,05_resultados\revisao_operacional\campanha_v1\j00737.mat
j00737,819,173.0,05_resultados\revisao_operacional\campanha_v1\j00737.mat
j00737,829,163.0,05_resultados\revisao_operacional\campanha_v1\j00737.mat
j00737,840,152.0,05_resultados\revisao_operacional\campanha_v1\j00737.mat
j00737,850,142.0,05_resultados\revisao_operacional\campanha_v1\j00737.mat
j00737,861,131.0,05_resultados\revisao_operacional\campanha_v1\j00737.mat
j00737,871,121.0,05_resultados\revisao_operacional\campanha_v1\j00737.mat
j00737,882,110.0,05_resultados\revisao_operacional\campanha_v1\j00737.mat
j00737,892,100.0,05_resultados\revisao_operacional\campanha_v1\j00737.mat
j00737,903,89.0,05_resultados\revisao_operacional\campanha_v1\j00737.mat
j00737,913,79.0,05_resultados\revisao_operacional\campanha_v1\j00737.mat
j00737,924,68.0,05_resultados\revisao_operacional\campanha_v1\j00737.mat
j00737,934,58.0,05_resultados\revisao_operacional\campanha_v1\j00737.mat
j00737,945,47.0,05_resultados\revisao_operacional\campanha_v1\j00737.mat
j00737,955,37.0,05_resultados\revisao_operacional\campanha_v1\j00737.mat
j00737,966,26.0,05_resultados\revisao_operacional\campanha_v1\j00737.mat
j00737,976,16.0,05_resultados\revisao_operacional\campanha_v1\j00737.mat
j00737,987,5.0,05_resultados\revisao_operacional\campanha_v1\j00737.mat
j00737,1010,nan,05_resultados\revisao_operacional\campanha_v1\j00737.mat
j00737,1021,nan,05_resultados\revisao_operacional\campanha_v1\j00737.mat
j00737,1032,nan,05_resultados\revisao_operacional\campanha_v1\j00737.mat
j00737,1042,nan,05_resultados\revisao_operacional\campanha_v1\j00737.mat
j00737,1052,nan,05_resultados\revisao_operacional\campanha_v1\j00737.mat
j00737,1063,nan,05_resultados\revisao_operacional\campanha_v1\j00737.mat
j00737,1073,nan,05_resultados\revisao_operacional\campanha_v1\j00737.mat
j00737,1084,nan,05_resultados\revisao_operacional\campanha_v1\j00737.mat
j00737,1094,nan,05_resultados\revisao_operacional\campanha_v1\j00737.mat
j00737,1105,nan,05_resultados\revisao_operacional\campanha_v1\j00737.mat
j00737,1115,nan,05_resultados\revisao_operacional\campanha_v1\j00737.mat
j00737,1126,nan,05_resultados\revisao_operacional\campanha_v1\j00737.mat
j00737,1136,nan,05_resultados\revisao_operacional\campanha_v1\j00737.mat
j00737,1147,nan,05_resultados\revisao_operacional\campanha_v1\j00737.mat
j00737,1157,nan,05_resultados\revisao_operacional\campanha_v1\j00737.mat
j00737,1168,nan,05_resultados\revisao_operacional\campanha_v1\j00737.mat
j00737,1178,nan,05_resultados\revisao_operacional\campanha_v1\j00737.mat
j00737,1189,nan,05_resultados\revisao_operacional\campanha_v1\j00737.mat
j00737,1199,nan,05_resultados\revisao_operacional\campanha_v1\j00737.mat
j00738,2,319.0,05_resultados\revisao_operacional\campanha_v1\j00738.mat
j00738,12,309.0,05_resultados\revisao_operacional\campanha_v1\j00738.mat
j00738,23,298.0,05_resultados\revisao_operacional\campanha_v1\j00738.mat
j00738,33,288.0,05_resultados\revisao_operacional\campanha_v1\j00738.mat
j00738,44,277.0,05_resultados\revisao_operacional\campanha_v1\j00738.mat
j00738,54,267.0,05_resultados\revisao_operacional\campanha_v1\j00738.mat
j00738,65,256.0,05_resultados\revisao_operacional\campanha_v1\j00738.mat
j00738,75,246.0,05_resultados\revisao_operacional\campanha_v1\j00738.mat
j00738,86,235.0,05_resultados\revisao_operacional\campanha_v1\j00738.mat
j00738,96,225.0,05_resultados\revisao_operacional\campanha_v1\j00738.mat
j00738,107,214.0,05_resultados\revisao_operacional\campanha_v1\j00738.mat
j00738,117,204.0,05_resultados\revisao_operacional\campanha_v1\j00738.mat
j00738,128,193.0,05_resultados\revisao_operacional\campanha_v1\j00738.mat
j00738,138,183.0,05_resultados\revisao_operacional\campanha_v1\j00738.mat
j00738,149,172.0,05_resultados\revisao_operacional\campanha_v1\j00738.mat
j00738,159,162.0,05_resultados\revisao_operacional\campanha_v1\j00738.mat
j00738,170,151.0,05_resultados\revisao_operacional\campanha_v1\j00738.mat
j00738,180,141.0,05_resultados\revisao_operacional\campanha_v1\j00738.mat
j00738,191,130.0,05_resultados\revisao_operacional\campanha_v1\j00738.mat
j00738,201,120.0,05_resultados\revisao_operacional\campanha_v1\j00738.mat
j00738,212,109.0,05_resultados\revisao_operacional\campanha_v1\j00738.mat
j00738,222,99.0,05_resultados\revisao_operacional\campanha_v1\j00738.mat
j00738,233,88.0,05_resultados\revisao_operacional\campanha_v1\j00738.mat
j00738,243,78.0,05_resultados\revisao_operacional\campanha_v1\j00738.mat
j00738,254,67.0,05_resultados\revisao_operacional\campanha_v1\j00738.mat
j00738,264,57.0,05_resultados\revisao_operacional\campanha_v1\j00738.mat
j00738,275,46.0,05_resultados\revisao_operacional\campanha_v1\j00738.mat
j00738,285,36.0,05_resultados\revisao_operacional\campanha_v1\j00738.mat
j00738,296,25.0,05_resultados\revisao_operacional\campanha_v1\j00738.mat
j00738,306,15.0,05_resultados\revisao_operacional\campanha_v1\j00738.mat
j00738,317,4.0,05_resultados\revisao_operacional\campanha_v1\j00738.mat
j00738,341,205.0,05_resultados\revisao_operacional\campanha_v1\j00738.mat
j00738,352,194.0,05_resultados\revisao_operacional\campanha_v1\j00738.mat
j00738,362,184.0,05_resultados\revisao_operacional\campanha_v1\j00738.mat
j00738,373,173.0,05_resultados\revisao_operacional\campanha_v1\j00738.mat
j00738,383,163.0,05_resultados\revisao_operacional\campanha_v1\j00738.mat
j00738,394,152.0,05_resultados\revisao_operacional\campanha_v1\j00738.mat
j00738,404,142.0,05_resultados\revisao_operacional\campanha_v1\j00738.mat
j00738,415,131.0,05_resultados\revisao_operacional\campanha_v1\j00738.mat
j00738,425,121.0,05_resultados\revisao_operacional\campanha_v1\j00738.mat
j00738,436,110.0,05_resultados\revisao_operacional\campanha_v1\j00738.mat
j00738,446,100.0,05_resultados\revisao_operacional\campanha_v1\j00738.mat
j00738,456,90.0,05_resultados\revisao_operacional\campanha_v1\j00738.mat
j00738,467,79.0,05_resultados\revisao_operacional\campanha_v1\j00738.mat
j00738,478,68.0,05_resultados\revisao_operacional\campanha_v1\j00738.mat
j00738,488,58.0,05_resultados\revisao_operacional\campanha_v1\j00738.mat
j00738,499,47.0,05_resultados\revisao_operacional\campanha_v1\j00738.mat
j00738,509,37.0,05_resultados\revisao_operacional\campanha_v1\j00738.mat
j00738,520,26.0,05_resultados\revisao_operacional\campanha_v1\j00738.mat
j00738,530,16.0,05_resultados\revisao_operacional\campanha_v1\j00738.mat
j00738,540,6.0,05_resultados\revisao_operacional\campanha_v1\j00738.mat
j00738,564,202.0,05_resultados\revisao_operacional\campanha_v1\j00738.mat
j00738,575,191.0,05_resultados\revisao_operacional\campanha_v1\j00738.mat
j00738,585,181.0,05_resultados\revisao_operacional\campanha_v1\j00738.mat
j00738,596,170.0,05_resultados\revisao_operacional\campanha_v1\j00738.mat
j00738,606,160.0,05_resultados\revisao_operacional\campanha_v1\j00738.mat
j00738,617,149.0,05_resultados\revisao_operacional\campanha_v1\j00738.mat
j00738,627,139.0,05_resultados\revisao_operacional\campanha_v1\j00738.mat
j00738,638,128.0,05_resultados\revisao_operacional\campanha_v1\j00738.mat
j00738,648,118.0,05_resultados\revisao_operacional\campanha_v1\j00738.mat
j00738,659,107.0,05_resultados\revisao_operacional\campanha_v1\j00738.mat
j00738,669,97.0,05_resultados\revisao_operacional\campanha_v1\j00738.mat
j00738,680,86.0,05_resultados\revisao_operacional\campanha_v1\j00738.mat
j00738,690,76.0,05_resultados\revisao_operacional\campanha_v1\j00738.mat
j00738,701,65.0,05_resultados\revisao_operacional\campanha_v1\j00738.mat
j00738,711,55.0,05_resultados\revisao_operacional\campanha_v1\j00738.mat
j00738,722,44.0,05_resultados\revisao_operacional\campanha_v1\j00738.mat
j00738,732,34.0,05_resultados\revisao_operacional\campanha_v1\j00738.mat
j00738,743,23.0,05_resultados\revisao_operacional\campanha_v1\j00738.mat
j00738,753,13.0,05_resultados\revisao_operacional\campanha_v1\j00738.mat
j00738,764,2.0,05_resultados\revisao_operacional\campanha_v1\j00738.mat
j00738,787,204.0,05_resultados\revisao_operacional\campanha_v1\j00738.mat
j00738,798,193.0,05_resultados\revisao_operacional\campanha_v1\j00738.mat
j00738,808,183.0,05_resultados\revisao_operacional\campanha_v1\j00738.mat
j00738,819,172.0,05_resultados\revisao_operacional\campanha_v1\j00738.mat
j00738,829,162.0,05_resultados\revisao_operacional\campanha_v1\j00738.mat
j00738,840,151.0,05_resultados\revisao_operacional\campanha_v1\j00738.mat
j00738,850,141.0,05_resultados\revisao_operacional\campanha_v1\j00738.mat
j00738,861,130.0,05_resultados\revisao_operacional\campanha_v1\j00738.mat
j00738,871,120.0,05_resultados\revisao_operacional\campanha_v1\j00738.mat
j00738,882,109.0,05_resultados\revisao_operacional\campanha_v1\j00738.mat
j00738,892,99.0,05_resultados\revisao_operacional\campanha_v1\j00738.mat
j00738,903,88.0,05_resultados\revisao_operacional\campanha_v1\j00738.mat
j00738,913,78.0,05_resultados\revisao_operacional\campanha_v1\j00738.mat
j00738,924,67.0,05_resultados\revisao_operacional\campanha_v1\j00738.mat
j00738,934,57.0,05_resultados\revisao_operacional\campanha_v1\j00738.mat
j00738,945,46.0,05_resultados\revisao_operacional\campanha_v1\j00738.mat
j00738,955,36.0,05_resultados\revisao_operacional\campanha_v1\j00738.mat
j00738,966,25.0,05_resultados\revisao_operacional\campanha_v1\j00738.mat
j00738,976,15.0,05_resultados\revisao_operacional\campanha_v1\j00738.mat
j00738,987,4.0,05_resultados\revisao_operacional\campanha_v1\j00738.mat
j00738,1010,117.0,05_resultados\revisao_operacional\campanha_v1\j00738.mat
j00738,1021,106.0,05_resultados\revisao_operacional\campanha_v1\j00738.mat
j00738,1032,95.0,05_resultados\revisao_operacional\campanha_v1\j00738.mat
j00738,1042,85.0,05_resultados\revisao_operacional\campanha_v1\j00738.mat
j00738,1052,75.0,05_resultados\revisao_operacional\campanha_v1\j00738.mat
j00738,1063,64.0,05_resultados\revisao_operacional\campanha_v1\j00738.mat
j00738,1073,54.0,05_resultados\revisao_operacional\campanha_v1\j00738.mat
j00738,1084,43.0,05_resultados\revisao_operacional\campanha_v1\j00738.mat
j00738,1094,33.0,05_resultados\revisao_operacional\campanha_v1\j00738.mat
j00738,1105,22.0,05_resultados\revisao_operacional\campanha_v1\j00738.mat
j00738,1115,12.0,05_resultados\revisao_operacional\campanha_v1\j00738.mat
j00738,1126,1.0,05_resultados\revisao_operacional\campanha_v1\j00738.mat
j00738,1136,nan,05_resultados\revisao_operacional\campanha_v1\j00738.mat
j00738,1147,nan,05_resultados\revisao_operacional\campanha_v1\j00738.mat
j00738,1157,nan,05_resultados\revisao_operacional\campanha_v1\j00738.mat
j00738,1168,nan,05_resultados\revisao_operacional\campanha_v1\j00738.mat
j00738,1178,nan,05_resultados\revisao_operacional\campanha_v1\j00738.mat
j00738,1189,nan,05_resultados\revisao_operacional\campanha_v1\j00738.mat
j00738,1199,nan,05_resultados\revisao_operacional\campanha_v1\j00738.mat
j00739,2,2.0,05_resultados\revisao_operacional\campanha_v1\j00739.mat
j00739,12,0.0,05_resultados\revisao_operacional\campanha_v1\j00739.mat
j00739,23,1.0,05_resultados\revisao_operacional\campanha_v1\j00739.mat
j00739,33,0.0,05_resultados\revisao_operacional\campanha_v1\j00739.mat
j00739,44,0.0,05_resultados\revisao_operacional\campanha_v1\j00739.mat
j00739,54,275.0,05_resultados\revisao_operacional\campanha_v1\j00739.mat
j00739,65,264.0,05_resultados\revisao_operacional\campanha_v1\j00739.mat
j00739,75,254.0,05_resultados\revisao_operacional\campanha_v1\j00739.mat
j00739,86,243.0,05_resultados\revisao_operacional\campanha_v1\j00739.mat
j00739,96,233.0,05_resultados\revisao_operacional\campanha_v1\j00739.mat
j00739,107,222.0,05_resultados\revisao_operacional\campanha_v1\j00739.mat
j00739,117,212.0,05_resultados\revisao_operacional\campanha_v1\j00739.mat
j00739,128,201.0,05_resultados\revisao_operacional\campanha_v1\j00739.mat
j00739,138,191.0,05_resultados\revisao_operacional\campanha_v1\j00739.mat
j00739,149,180.0,05_resultados\revisao_operacional\campanha_v1\j00739.mat
j00739,159,170.0,05_resultados\revisao_operacional\campanha_v1\j00739.mat
j00739,170,159.0,05_resultados\revisao_operacional\campanha_v1\j00739.mat
j00739,180,149.0,05_resultados\revisao_operacional\campanha_v1\j00739.mat
j00739,191,138.0,05_resultados\revisao_operacional\campanha_v1\j00739.mat
j00739,201,128.0,05_resultados\revisao_operacional\campanha_v1\j00739.mat
j00739,212,117.0,05_resultados\revisao_operacional\campanha_v1\j00739.mat
j00739,222,107.0,05_resultados\revisao_operacional\campanha_v1\j00739.mat
j00739,233,96.0,05_resultados\revisao_operacional\campanha_v1\j00739.mat
j00739,243,86.0,05_resultados\revisao_operacional\campanha_v1\j00739.mat
j00739,254,75.0,05_resultados\revisao_operacional\campanha_v1\j00739.mat
j00739,264,65.0,05_resultados\revisao_operacional\campanha_v1\j00739.mat
j00739,275,54.0,05_resultados\revisao_operacional\campanha_v1\j00739.mat
j00739,285,44.0,05_resultados\revisao_operacional\campanha_v1\j00739.mat
j00739,296,33.0,05_resultados\revisao_operacional\campanha_v1\j00739.mat
j00739,306,23.0,05_resultados\revisao_operacional\campanha_v1\j00739.mat
j00739,317,12.0,05_resultados\revisao_operacional\campanha_v1\j00739.mat
j00739,341,201.0,05_resultados\revisao_operacional\campanha_v1\j00739.mat
j00739,352,190.0,05_resultados\revisao_operacional\campanha_v1\j00739.mat
j00739,362,180.0,05_resultados\revisao_operacional\campanha_v1\j00739.mat
j00739,373,169.0,05_resultados\revisao_operacional\campanha_v1\j00739.mat
j00739,383,159.0,05_resultados\revisao_operacional\campanha_v1\j00739.mat
j00739,394,148.0,05_resultados\revisao_operacional\campanha_v1\j00739.mat
j00739,404,138.0,05_resultados\revisao_operacional\campanha_v1\j00739.mat
j00739,415,127.0,05_resultados\revisao_operacional\campanha_v1\j00739.mat
j00739,425,117.0,05_resultados\revisao_operacional\campanha_v1\j00739.mat
j00739,436,106.0,05_resultados\revisao_operacional\campanha_v1\j00739.mat
j00739,446,96.0,05_resultados\revisao_operacional\campanha_v1\j00739.mat
j00739,456,86.0,05_resultados\revisao_operacional\campanha_v1\j00739.mat
j00739,467,75.0,05_resultados\revisao_operacional\campanha_v1\j00739.mat
j00739,478,64.0,05_resultados\revisao_operacional\campanha_v1\j00739.mat
j00739,488,54.0,05_resultados\revisao_operacional\campanha_v1\j00739.mat
j00739,499,43.0,05_resultados\revisao_operacional\campanha_v1\j00739.mat
j00739,509,33.0,05_resultados\revisao_operacional\campanha_v1\j00739.mat
j00739,520,22.0,05_resultados\revisao_operacional\campanha_v1\j00739.mat
j00739,530,12.0,05_resultados\revisao_operacional\campanha_v1\j00739.mat
j00739,540,2.0,05_resultados\revisao_operacional\campanha_v1\j00739.mat
j00739,564,201.0,05_resultados\revisao_operacional\campanha_v1\j00739.mat
j00739,575,190.0,05_resultados\revisao_operacional\campanha_v1\j00739.mat
j00739,585,180.0,05_resultados\revisao_operacional\campanha_v1\j00739.mat
j00739,596,169.0,05_resultados\revisao_operacional\campanha_v1\j00739.mat
j00739,606,159.0,05_resultados\revisao_operacional\campanha_v1\j00739.mat
j00739,617,148.0,05_resultados\revisao_operacional\campanha_v1\j00739.mat
j00739,627,138.0,05_resultados\revisao_operacional\campanha_v1\j00739.mat
j00739,638,127.0,05_resultados\revisao_operacional\campanha_v1\j00739.mat
j00739,648,117.0,05_resultados\revisao_operacional\campanha_v1\j00739.mat
j00739,659,106.0,05_resultados\revisao_operacional\campanha_v1\j00739.mat
j00739,669,96.0,05_resultados\revisao_operacional\campanha_v1\j00739.mat
j00739,680,85.0,05_resultados\revisao_operacional\campanha_v1\j00739.mat
j00739,690,75.0,05_resultados\revisao_operacional\campanha_v1\j00739.mat
j00739,701,64.0,05_resultados\revisao_operacional\campanha_v1\j00739.mat
j00739,711,54.0,05_resultados\revisao_operacional\campanha_v1\j00739.mat
j00739,722,43.0,05_resultados\revisao_operacional\campanha_v1\j00739.mat
j00739,732,33.0,05_resultados\revisao_operacional\campanha_v1\j00739.mat
j00739,743,22.0,05_resultados\revisao_operacional\campanha_v1\j00739.mat
j00739,753,12.0,05_resultados\revisao_operacional\campanha_v1\j00739.mat
j00739,764,1.0,05_resultados\revisao_operacional\campanha_v1\j00739.mat
j00739,787,202.0,05_resultados\revisao_operacional\campanha_v1\j00739.mat
j00739,798,191.0,05_resultados\revisao_operacional\campanha_v1\j00739.mat
j00739,808,181.0,05_resultados\revisao_operacional\campanha_v1\j00739.mat
j00739,819,170.0,05_resultados\revisao_operacional\campanha_v1\j00739.mat
j00739,829,160.0,05_resultados\revisao_operacional\campanha_v1\j00739.mat
j00739,840,149.0,05_resultados\revisao_operacional\campanha_v1\j00739.mat
j00739,850,139.0,05_resultados\revisao_operacional\campanha_v1\j00739.mat
j00739,861,128.0,05_resultados\revisao_operacional\campanha_v1\j00739.mat
j00739,871,118.0,05_resultados\revisao_operacional\campanha_v1\j00739.mat
j00739,882,107.0,05_resultados\revisao_operacional\campanha_v1\j00739.mat
j00739,892,97.0,05_resultados\revisao_operacional\campanha_v1\j00739.mat
j00739,903,86.0,05_resultados\revisao_operacional\campanha_v1\j00739.mat
j00739,913,76.0,05_resultados\revisao_operacional\campanha_v1\j00739.mat
j00739,924,65.0,05_resultados\revisao_operacional\campanha_v1\j00739.mat
j00739,934,55.0,05_resultados\revisao_operacional\campanha_v1\j00739.mat
j00739,945,44.0,05_resultados\revisao_operacional\campanha_v1\j00739.mat
j00739,955,34.0,05_resultados\revisao_operacional\campanha_v1\j00739.mat
j00739,966,23.0,05_resultados\revisao_operacional\campanha_v1\j00739.mat
j00739,976,13.0,05_resultados\revisao_operacional\campanha_v1\j00739.mat
j00739,987,2.0,05_resultados\revisao_operacional\campanha_v1\j00739.mat
j00739,1010,nan,05_resultados\revisao_operacional\campanha_v1\j00739.mat
j00739,1021,nan,05_resultados\revisao_operacional\campanha_v1\j00739.mat
j00739,1032,nan,05_resultados\revisao_operacional\campanha_v1\j00739.mat
j00739,1042,nan,05_resultados\revisao_operacional\campanha_v1\j00739.mat
j00739,1052,nan,05_resultados\revisao_operacional\campanha_v1\j00739.mat
j00739,1063,nan,05_resultados\revisao_operacional\campanha_v1\j00739.mat
j00739,1073,nan,05_resultados\revisao_operacional\campanha_v1\j00739.mat
j00739,1084,nan,05_resultados\revisao_operacional\campanha_v1\j00739.mat
j00739,1094,nan,05_resultados\revisao_operacional\campanha_v1\j00739.mat
j00739,1105,nan,05_resultados\revisao_operacional\campanha_v1\j00739.mat
j00739,1115,nan,05_resultados\revisao_operacional\campanha_v1\j00739.mat
j00739,1126,nan,05_resultados\revisao_operacional\campanha_v1\j00739.mat
j00739,1136,nan,05_resultados\revisao_operacional\campanha_v1\j00739.mat
j00739,1147,nan,05_resultados\revisao_operacional\campanha_v1\j00739.mat
j00739,1157,nan,05_resultados\revisao_operacional\campanha_v1\j00739.mat
j00739,1168,nan,05_resultados\revisao_operacional\campanha_v1\j00739.mat
j00739,1178,nan,05_resultados\revisao_operacional\campanha_v1\j00739.mat
j00739,1189,nan,05_resultados\revisao_operacional\campanha_v1\j00739.mat
j00739,1199,nan,05_resultados\revisao_operacional\campanha_v1\j00739.mat
j00740,2,0.0,05_resultados\revisao_operacional\campanha_v1\j00740.mat
j00740,12,0.0,05_resultados\revisao_operacional\campanha_v1\j00740.mat
j00740,23,0.0,05_resultados\revisao_operacional\campanha_v1\j00740.mat
j00740,33,0.0,05_resultados\revisao_operacional\campanha_v1\j00740.mat
j00740,44,0.0,05_resultados\revisao_operacional\campanha_v1\j00740.mat
j00740,54,0.0,05_resultados\revisao_operacional\campanha_v1\j00740.mat
j00740,65,0.0,05_resultados\revisao_operacional\campanha_v1\j00740.mat
j00740,75,0.0,05_resultados\revisao_operacional\campanha_v1\j00740.mat
j00740,86,0.0,05_resultados\revisao_operacional\campanha_v1\j00740.mat
j00740,96,0.0,05_resultados\revisao_operacional\campanha_v1\j00740.mat
j00740,107,0.0,05_resultados\revisao_operacional\campanha_v1\j00740.mat
j00740,117,0.0,05_resultados\revisao_operacional\campanha_v1\j00740.mat
j00740,128,0.0,05_resultados\revisao_operacional\campanha_v1\j00740.mat
j00740,138,0.0,05_resultados\revisao_operacional\campanha_v1\j00740.mat
j00740,149,0.0,05_resultados\revisao_operacional\campanha_v1\j00740.mat
j00740,159,0.0,05_resultados\revisao_operacional\campanha_v1\j00740.mat
j00740,170,0.0,05_resultados\revisao_operacional\campanha_v1\j00740.mat
j00740,180,0.0,05_resultados\revisao_operacional\campanha_v1\j00740.mat
j00740,191,0.0,05_resultados\revisao_operacional\campanha_v1\j00740.mat
j00740,201,0.0,05_resultados\revisao_operacional\campanha_v1\j00740.mat
j00740,212,0.0,05_resultados\revisao_operacional\campanha_v1\j00740.mat
j00740,222,0.0,05_resultados\revisao_operacional\campanha_v1\j00740.mat
j00740,233,0.0,05_resultados\revisao_operacional\campanha_v1\j00740.mat
j00740,243,0.0,05_resultados\revisao_operacional\campanha_v1\j00740.mat
j00740,254,0.0,05_resultados\revisao_operacional\campanha_v1\j00740.mat
j00740,264,0.0,05_resultados\revisao_operacional\campanha_v1\j00740.mat
j00740,275,0.0,05_resultados\revisao_operacional\campanha_v1\j00740.mat
j00740,285,0.0,05_resultados\revisao_operacional\campanha_v1\j00740.mat
j00740,296,0.0,05_resultados\revisao_operacional\campanha_v1\j00740.mat
j00740,306,0.0,05_resultados\revisao_operacional\campanha_v1\j00740.mat
j00740,317,0.0,05_resultados\revisao_operacional\campanha_v1\j00740.mat
j00740,341,0.0,05_resultados\revisao_operacional\campanha_v1\j00740.mat
j00740,352,0.0,05_resultados\revisao_operacional\campanha_v1\j00740.mat
j00740,362,0.0,05_resultados\revisao_operacional\campanha_v1\j00740.mat
j00740,373,0.0,05_resultados\revisao_operacional\campanha_v1\j00740.mat
j00740,383,0.0,05_resultados\revisao_operacional\campanha_v1\j00740.mat
j00740,394,0.0,05_resultados\revisao_operacional\campanha_v1\j00740.mat
j00740,404,0.0,05_resultados\revisao_operacional\campanha_v1\j00740.mat
j00740,415,0.0,05_resultados\revisao_operacional\campanha_v1\j00740.mat
j00740,425,0.0,05_resultados\revisao_operacional\campanha_v1\j00740.mat
j00740,436,0.0,05_resultados\revisao_operacional\campanha_v1\j00740.mat
j00740,446,0.0,05_resultados\revisao_operacional\campanha_v1\j00740.mat
j00740,456,0.0,05_resultados\revisao_operacional\campanha_v1\j00740.mat
j00740,467,0.0,05_resultados\revisao_operacional\campanha_v1\j00740.mat
j00740,478,0.0,05_resultados\revisao_operacional\campanha_v1\j00740.mat
j00740,488,0.0,05_resultados\revisao_operacional\campanha_v1\j00740.mat
j00740,499,0.0,05_resultados\revisao_operacional\campanha_v1\j00740.mat
j00740,509,0.0,05_resultados\revisao_operacional\campanha_v1\j00740.mat
j00740,520,0.0,05_resultados\revisao_operacional\campanha_v1\j00740.mat
j00740,530,0.0,05_resultados\revisao_operacional\campanha_v1\j00740.mat
j00740,540,0.0,05_resultados\revisao_operacional\campanha_v1\j00740.mat
j00740,564,0.0,05_resultados\revisao_operacional\campanha_v1\j00740.mat
j00740,575,0.0,05_resultados\revisao_operacional\campanha_v1\j00740.mat
j00740,585,0.0,05_resultados\revisao_operacional\campanha_v1\j00740.mat
j00740,596,0.0,05_resultados\revisao_operacional\campanha_v1\j00740.mat
j00740,606,0.0,05_resultados\revisao_operacional\campanha_v1\j00740.mat
j00740,617,0.0,05_resultados\revisao_operacional\campanha_v1\j00740.mat
j00740,627,0.0,05_resultados\revisao_operacional\campanha_v1\j00740.mat
j00740,638,0.0,05_resultados\revisao_operacional\campanha_v1\j00740.mat
j00740,648,0.0,05_resultados\revisao_operacional\campanha_v1\j00740.mat
j00740,659,0.0,05_resultados\revisao_operacional\campanha_v1\j00740.mat
j00740,669,0.0,05_resultados\revisao_operacional\campanha_v1\j00740.mat
j00740,680,0.0,05_resultados\revisao_operacional\campanha_v1\j00740.mat
j00740,690,0.0,05_resultados\revisao_operacional\campanha_v1\j00740.mat
j00740,701,0.0,05_resultados\revisao_operacional\campanha_v1\j00740.mat
j00740,711,0.0,05_resultados\revisao_operacional\campanha_v1\j00740.mat
j00740,722,0.0,05_resultados\revisao_operacional\campanha_v1\j00740.mat
j00740,732,0.0,05_resultados\revisao_operacional\campanha_v1\j00740.mat
j00740,743,0.0,05_resultados\revisao_operacional\campanha_v1\j00740.mat
j00740,753,0.0,05_resultados\revisao_operacional\campanha_v1\j00740.mat
j00740,764,0.0,05_resultados\revisao_operacional\campanha_v1\j00740.mat
j00740,787,0.0,05_resultados\revisao_operacional\campanha_v1\j00740.mat
j00740,798,0.0,05_resultados\revisao_operacional\campanha_v1\j00740.mat
j00740,808,0.0,05_resultados\revisao_operacional\campanha_v1\j00740.mat
j00740,819,0.0,05_resultados\revisao_operacional\campanha_v1\j00740.mat
j00740,829,0.0,05_resultados\revisao_operacional\campanha_v1\j00740.mat
j00740,840,0.0,05_resultados\revisao_operacional\campanha_v1\j00740.mat
j00740,850,0.0,05_resultados\revisao_operacional\campanha_v1\j00740.mat
j00740,861,0.0,05_resultados\revisao_operacional\campanha_v1\j00740.mat
j00740,871,0.0,05_resultados\revisao_operacional\campanha_v1\j00740.mat
j00740,882,0.0,05_resultados\revisao_operacional\campanha_v1\j00740.mat
j00740,892,0.0,05_resultados\revisao_operacional\campanha_v1\j00740.mat
j00740,903,0.0,05_resultados\revisao_operacional\campanha_v1\j00740.mat
j00740,913,0.0,05_resultados\revisao_operacional\campanha_v1\j00740.mat
j00740,924,0.0,05_resultados\revisao_operacional\campanha_v1\j00740.mat
j00740,934,0.0,05_resultados\revisao_operacional\campanha_v1\j00740.mat
j00740,945,0.0,05_resultados\revisao_operacional\campanha_v1\j00740.mat
j00740,955,0.0,05_resultados\revisao_operacional\campanha_v1\j00740.mat
j00740,966,0.0,05_resultados\revisao_operacional\campanha_v1\j00740.mat
j00740,976,0.0,05_resultados\revisao_operacional\campanha_v1\j00740.mat
j00740,987,0.0,05_resultados\revisao_operacional\campanha_v1\j00740.mat
j00740,1010,0.0,05_resultados\revisao_operacional\campanha_v1\j00740.mat
j00740,1021,0.0,05_resultados\revisao_operacional\campanha_v1\j00740.mat
j00740,1032,0.0,05_resultados\revisao_operacional\campanha_v1\j00740.mat
j00740,1042,0.0,05_resultados\revisao_operacional\campanha_v1\j00740.mat
j00740,1052,0.0,05_resultados\revisao_operacional\campanha_v1\j00740.mat
j00740,1063,0.0,05_resultados\revisao_operacional\campanha_v1\j00740.mat
j00740,1073,0.0,05_resultados\revisao_operacional\campanha_v1\j00740.mat
j00740,1084,0.0,05_resultados\revisao_operacional\campanha_v1\j00740.mat
j00740,1094,0.0,05_resultados\revisao_operacional\campanha_v1\j00740.mat
j00740,1105,0.0,05_resultados\revisao_operacional\campanha_v1\j00740.mat
j00740,1115,0.0,05_resultados\revisao_operacional\campanha_v1\j00740.mat
j00740,1126,0.0,05_resultados\revisao_operacional\campanha_v1\j00740.mat
j00740,1136,0.0,05_resultados\revisao_operacional\campanha_v1\j00740.mat
j00740,1147,0.0,05_resultados\revisao_operacional\campanha_v1\j00740.mat
j00740,1157,0.0,05_resultados\revisao_operacional\campanha_v1\j00740.mat
j00740,1168,0.0,05_resultados\revisao_operacional\campanha_v1\j00740.mat
j00740,1178,0.0,05_resultados\revisao_operacional\campanha_v1\j00740.mat
j00740,1189,0.0,05_resultados\revisao_operacional\campanha_v1\j00740.mat
j00740,1199,nan,05_resultados\revisao_operacional\campanha_v1\j00740.mat
j00741,2,0.0,05_resultados\revisao_operacional\campanha_v1\j00741.mat
j00741,12,0.0,05_resultados\revisao_operacional\campanha_v1\j00741.mat
j00741,23,0.0,05_resultados\revisao_operacional\campanha_v1\j00741.mat
j00741,33,0.0,05_resultados\revisao_operacional\campanha_v1\j00741.mat
j00741,44,0.0,05_resultados\revisao_operacional\campanha_v1\j00741.mat
j00741,54,0.0,05_resultados\revisao_operacional\campanha_v1\j00741.mat
j00741,65,0.0,05_resultados\revisao_operacional\campanha_v1\j00741.mat
j00741,75,0.0,05_resultados\revisao_operacional\campanha_v1\j00741.mat
j00741,86,0.0,05_resultados\revisao_operacional\campanha_v1\j00741.mat
j00741,96,0.0,05_resultados\revisao_operacional\campanha_v1\j00741.mat
j00741,107,0.0,05_resultados\revisao_operacional\campanha_v1\j00741.mat
j00741,117,0.0,05_resultados\revisao_operacional\campanha_v1\j00741.mat
j00741,128,0.0,05_resultados\revisao_operacional\campanha_v1\j00741.mat
j00741,138,0.0,05_resultados\revisao_operacional\campanha_v1\j00741.mat
j00741,149,0.0,05_resultados\revisao_operacional\campanha_v1\j00741.mat
j00741,159,0.0,05_resultados\revisao_operacional\campanha_v1\j00741.mat
j00741,170,0.0,05_resultados\revisao_operacional\campanha_v1\j00741.mat
j00741,180,0.0,05_resultados\revisao_operacional\campanha_v1\j00741.mat
j00741,191,0.0,05_resultados\revisao_operacional\campanha_v1\j00741.mat
j00741,201,0.0,05_resultados\revisao_operacional\campanha_v1\j00741.mat
j00741,212,0.0,05_resultados\revisao_operacional\campanha_v1\j00741.mat
j00741,222,0.0,05_resultados\revisao_operacional\campanha_v1\j00741.mat
j00741,233,0.0,05_resultados\revisao_operacional\campanha_v1\j00741.mat
j00741,243,0.0,05_resultados\revisao_operacional\campanha_v1\j00741.mat
j00741,254,0.0,05_resultados\revisao_operacional\campanha_v1\j00741.mat
j00741,264,0.0,05_resultados\revisao_operacional\campanha_v1\j00741.mat
j00741,275,0.0,05_resultados\revisao_operacional\campanha_v1\j00741.mat
j00741,285,0.0,05_resultados\revisao_operacional\campanha_v1\j00741.mat
j00741,296,0.0,05_resultados\revisao_operacional\campanha_v1\j00741.mat
j00741,306,0.0,05_resultados\revisao_operacional\campanha_v1\j00741.mat
j00741,317,0.0,05_resultados\revisao_operacional\campanha_v1\j00741.mat
j00741,341,0.0,05_resultados\revisao_operacional\campanha_v1\j00741.mat
j00741,352,0.0,05_resultados\revisao_operacional\campanha_v1\j00741.mat
j00741,362,0.0,05_resultados\revisao_operacional\campanha_v1\j00741.mat
j00741,373,0.0,05_resultados\revisao_operacional\campanha_v1\j00741.mat
j00741,383,0.0,05_resultados\revisao_operacional\campanha_v1\j00741.mat
j00741,394,0.0,05_resultados\revisao_operacional\campanha_v1\j00741.mat
j00741,404,0.0,05_resultados\revisao_operacional\campanha_v1\j00741.mat
j00741,415,0.0,05_resultados\revisao_operacional\campanha_v1\j00741.mat
j00741,425,0.0,05_resultados\revisao_operacional\campanha_v1\j00741.mat
j00741,436,0.0,05_resultados\revisao_operacional\campanha_v1\j00741.mat
j00741,446,0.0,05_resultados\revisao_operacional\campanha_v1\j00741.mat
j00741,456,0.0,05_resultados\revisao_operacional\campanha_v1\j00741.mat
j00741,467,0.0,05_resultados\revisao_operacional\campanha_v1\j00741.mat
j00741,478,0.0,05_resultados\revisao_operacional\campanha_v1\j00741.mat
j00741,488,0.0,05_resultados\revisao_operacional\campanha_v1\j00741.mat
j00741,499,0.0,05_resultados\revisao_operacional\campanha_v1\j00741.mat
j00741,509,0.0,05_resultados\revisao_operacional\campanha_v1\j00741.mat
j00741,520,0.0,05_resultados\revisao_operacional\campanha_v1\j00741.mat
j00741,530,0.0,05_resultados\revisao_operacional\campanha_v1\j00741.mat
j00741,540,0.0,05_resultados\revisao_operacional\campanha_v1\j00741.mat
j00741,564,0.0,05_resultados\revisao_operacional\campanha_v1\j00741.mat
j00741,575,0.0,05_resultados\revisao_operacional\campanha_v1\j00741.mat
j00741,585,0.0,05_resultados\revisao_operacional\campanha_v1\j00741.mat
j00741,596,0.0,05_resultados\revisao_operacional\campanha_v1\j00741.mat
j00741,606,0.0,05_resultados\revisao_operacional\campanha_v1\j00741.mat
j00741,617,0.0,05_resultados\revisao_operacional\campanha_v1\j00741.mat
j00741,627,0.0,05_resultados\revisao_operacional\campanha_v1\j00741.mat
j00741,638,0.0,05_resultados\revisao_operacional\campanha_v1\j00741.mat
j00741,648,0.0,05_resultados\revisao_operacional\campanha_v1\j00741.mat
j00741,659,0.0,05_resultados\revisao_operacional\campanha_v1\j00741.mat
j00741,669,0.0,05_resultados\revisao_operacional\campanha_v1\j00741.mat
j00741,680,0.0,05_resultados\revisao_operacional\campanha_v1\j00741.mat
j00741,690,0.0,05_resultados\revisao_operacional\campanha_v1\j00741.mat
j00741,701,0.0,05_resultados\revisao_operacional\campanha_v1\j00741.mat
j00741,711,0.0,05_resultados\revisao_operacional\campanha_v1\j00741.mat
j00741,722,0.0,05_resultados\revisao_operacional\campanha_v1\j00741.mat
j00741,732,0.0,05_resultados\revisao_operacional\campanha_v1\j00741.mat
j00741,743,0.0,05_resultados\revisao_operacional\campanha_v1\j00741.mat
j00741,753,0.0,05_resultados\revisao_operacional\campanha_v1\j00741.mat
j00741,764,0.0,05_resultados\revisao_operacional\campanha_v1\j00741.mat
j00741,787,0.0,05_resultados\revisao_operacional\campanha_v1\j00741.mat
j00741,798,0.0,05_resultados\revisao_operacional\campanha_v1\j00741.mat
j00741,808,0.0,05_resultados\revisao_operacional\campanha_v1\j00741.mat
j00741,819,0.0,05_resultados\revisao_operacional\campanha_v1\j00741.mat
j00741,829,0.0,05_resultados\revisao_operacional\campanha_v1\j00741.mat
j00741,840,0.0,05_resultados\revisao_operacional\campanha_v1\j00741.mat
j00741,850,0.0,05_resultados\revisao_operacional\campanha_v1\j00741.mat
j00741,861,0.0,05_resultados\revisao_operacional\campanha_v1\j00741.mat
j00741,871,0.0,05_resultados\revisao_operacional\campanha_v1\j00741.mat
j00741,882,0.0,05_resultados\revisao_operacional\campanha_v1\j00741.mat
j00741,892,0.0,05_resultados\revisao_operacional\campanha_v1\j00741.mat
j00741,903,0.0,05_resultados\revisao_operacional\campanha_v1\j00741.mat
j00741,913,0.0,05_resultados\revisao_operacional\campanha_v1\j00741.mat
j00741,924,0.0,05_resultados\revisao_operacional\campanha_v1\j00741.mat
j00741,934,0.0,05_resultados\revisao_operacional\campanha_v1\j00741.mat
j00741,945,0.0,05_resultados\revisao_operacional\campanha_v1\j00741.mat
j00741,955,0.0,05_resultados\revisao_operacional\campanha_v1\j00741.mat
j00741,966,0.0,05_resultados\revisao_operacional\campanha_v1\j00741.mat
j00741,976,0.0,05_resultados\revisao_operacional\campanha_v1\j00741.mat
j00741,987,0.0,05_resultados\revisao_operacional\campanha_v1\j00741.mat
j00741,1010,0.0,05_resultados\revisao_operacional\campanha_v1\j00741.mat
j00741,1021,0.0,05_resultados\revisao_operacional\campanha_v1\j00741.mat
j00741,1032,0.0,05_resultados\revisao_operacional\campanha_v1\j00741.mat
j00741,1042,0.0,05_resultados\revisao_operacional\campanha_v1\j00741.mat
j00741,1052,0.0,05_resultados\revisao_operacional\campanha_v1\j00741.mat
j00741,1063,0.0,05_resultados\revisao_operacional\campanha_v1\j00741.mat
j00741,1073,0.0,05_resultados\revisao_operacional\campanha_v1\j00741.mat
j00741,1084,0.0,05_resultados\revisao_operacional\campanha_v1\j00741.mat
j00741,1094,0.0,05_resultados\revisao_operacional\campanha_v1\j00741.mat
j00741,1105,0.0,05_resultados\revisao_operacional\campanha_v1\j00741.mat
j00741,1115,0.0,05_resultados\revisao_operacional\campanha_v1\j00741.mat
j00741,1126,0.0,05_resultados\revisao_operacional\campanha_v1\j00741.mat
j00741,1136,0.0,05_resultados\revisao_operacional\campanha_v1\j00741.mat
j00741,1147,0.0,05_resultados\revisao_operacional\campanha_v1\j00741.mat
j00741,1157,0.0,05_resultados\revisao_operacional\campanha_v1\j00741.mat
j00741,1168,0.0,05_resultados\revisao_operacional\campanha_v1\j00741.mat
j00741,1178,0.0,05_resultados\revisao_operacional\campanha_v1\j00741.mat
j00741,1189,0.0,05_resultados\revisao_operacional\campanha_v1\j00741.mat
j00741,1199,nan,05_resultados\revisao_operacional\campanha_v1\j00741.mat
j00742,4,1028.0,05_resultados\revisao_operacional\campanha_v1\j00742.mat
j00742,15,1017.0,05_resultados\revisao_operacional\campanha_v1\j00742.mat
j00742,25,1007.0,05_resultados\revisao_operacional\campanha_v1\j00742.mat
j00742,36,996.0,05_resultados\revisao_operacional\campanha_v1\j00742.mat
j00742,46,986.0,05_resultados\revisao_operacional\campanha_v1\j00742.mat
j00742,57,975.0,05_resultados\revisao_operacional\campanha_v1\j00742.mat
j00742,67,965.0,05_resultados\revisao_operacional\campanha_v1\j00742.mat
j00742,78,954.0,05_resultados\revisao_operacional\campanha_v1\j00742.mat
j00742,88,944.0,05_resultados\revisao_operacional\campanha_v1\j00742.mat
j00742,99,933.0,05_resultados\revisao_operacional\campanha_v1\j00742.mat
j00742,110,922.0,05_resultados\revisao_operacional\campanha_v1\j00742.mat
j00742,120,912.0,05_resultados\revisao_operacional\campanha_v1\j00742.mat
j00742,131,901.0,05_resultados\revisao_operacional\campanha_v1\j00742.mat
j00742,141,891.0,05_resultados\revisao_operacional\campanha_v1\j00742.mat
j00742,152,880.0,05_resultados\revisao_operacional\campanha_v1\j00742.mat
j00742,162,870.0,05_resultados\revisao_operacional\campanha_v1\j00742.mat
j00742,172,860.0,05_resultados\revisao_operacional\campanha_v1\j00742.mat
j00742,183,849.0,05_resultados\revisao_operacional\campanha_v1\j00742.mat
j00742,193,839.0,05_resultados\revisao_operacional\campanha_v1\j00742.mat
j00742,204,828.0,05_resultados\revisao_operacional\campanha_v1\j00742.mat
j00742,215,817.0,05_resultados\revisao_operacional\campanha_v1\j00742.mat
j00742,225,807.0,05_resultados\revisao_operacional\campanha_v1\j00742.mat
j00742,236,796.0,05_resultados\revisao_operacional\campanha_v1\j00742.mat
j00742,246,786.0,05_resultados\revisao_operacional\campanha_v1\j00742.mat
j00742,257,775.0,05_resultados\revisao_operacional\campanha_v1\j00742.mat
j00742,267,765.0,05_resultados\revisao_operacional\campanha_v1\j00742.mat
j00742,278,754.0,05_resultados\revisao_operacional\campanha_v1\j00742.mat
j00742,288,744.0,05_resultados\revisao_operacional\campanha_v1\j00742.mat
j00742,299,733.0,05_resultados\revisao_operacional\campanha_v1\j00742.mat
j00742,309,723.0,05_resultados\revisao_operacional\campanha_v1\j00742.mat
j00742,320,712.0,05_resultados\revisao_operacional\campanha_v1\j00742.mat
j00742,330,702.0,05_resultados\revisao_operacional\campanha_v1\j00742.mat
j00742,341,691.0,05_resultados\revisao_operacional\campanha_v1\j00742.mat
j00742,351,681.0,05_resultados\revisao_operacional\campanha_v1\j00742.mat
j00742,362,670.0,05_resultados\revisao_operacional\campanha_v1\j00742.mat
j00742,372,660.0,05_resultados\revisao_operacional\campanha_v1\j00742.mat
j00742,383,649.0,05_resultados\revisao_operacional\campanha_v1\j00742.mat
j00742,393,639.0,05_resultados\revisao_operacional\campanha_v1\j00742.mat
j00742,404,628.0,05_resultados\revisao_operacional\campanha_v1\j00742.mat
j00742,414,618.0,05_resultados\revisao_operacional\campanha_v1\j00742.mat
j00742,425,607.0,05_resultados\revisao_operacional\campanha_v1\j00742.mat
j00742,435,597.0,05_resultados\revisao_operacional\campanha_v1\j00742.mat
j00742,446,586.0,05_resultados\revisao_operacional\campanha_v1\j00742.mat
j00742,456,576.0,05_resultados\revisao_operacional\campanha_v1\j00742.mat
j00742,467,565.0,05_resultados\revisao_operacional\campanha_v1\j00742.mat
j00742,477,555.0,05_resultados\revisao_operacional\campanha_v1\j00742.mat
j00742,488,544.0,05_resultados\revisao_operacional\campanha_v1\j00742.mat
j00742,498,534.0,05_resultados\revisao_operacional\campanha_v1\j00742.mat
j00742,509,523.0,05_resultados\revisao_operacional\campanha_v1\j00742.mat
j00742,519,513.0,05_resultados\revisao_operacional\campanha_v1\j00742.mat
j00742,530,502.0,05_resultados\revisao_operacional\campanha_v1\j00742.mat
j00742,540,492.0,05_resultados\revisao_operacional\campanha_v1\j00742.mat
j00742,551,481.0,05_resultados\revisao_operacional\campanha_v1\j00742.mat
j00742,561,471.0,05_resultados\revisao_operacional\campanha_v1\j00742.mat
j00742,572,460.0,05_resultados\revisao_operacional\campanha_v1\j00742.mat
j00742,582,450.0,05_resultados\revisao_operacional\campanha_v1\j00742.mat
j00742,593,439.0,05_resultados\revisao_operacional\campanha_v1\j00742.mat
j00742,603,429.0,05_resultados\revisao_operacional\campanha_v1\j00742.mat
j00742,614,418.0,05_resultados\revisao_operacional\campanha_v1\j00742.mat
j00742,624,408.0,05_resultados\revisao_operacional\campanha_v1\j00742.mat
j00742,635,397.0,05_resultados\revisao_operacional\campanha_v1\j00742.mat
j00742,645,387.0,05_resultados\revisao_operacional\campanha_v1\j00742.mat
j00742,656,376.0,05_resultados\revisao_operacional\campanha_v1\j00742.mat
j00742,666,366.0,05_resultados\revisao_operacional\campanha_v1\j00742.mat
j00742,677,355.0,05_resultados\revisao_operacional\campanha_v1\j00742.mat
j00742,687,345.0,05_resultados\revisao_operacional\campanha_v1\j00742.mat
j00742,698,334.0,05_resultados\revisao_operacional\campanha_v1\j00742.mat
j00742,708,324.0,05_resultados\revisao_operacional\campanha_v1\j00742.mat
j00742,719,313.0,05_resultados\revisao_operacional\campanha_v1\j00742.mat
j00742,729,303.0,05_resultados\revisao_operacional\campanha_v1\j00742.mat
j00742,740,292.0,05_resultados\revisao_operacional\campanha_v1\j00742.mat
j00742,750,282.0,05_resultados\revisao_operacional\campanha_v1\j00742.mat
j00742,761,271.0,05_resultados\revisao_operacional\campanha_v1\j00742.mat
j00742,771,261.0,05_resultados\revisao_operacional\campanha_v1\j00742.mat
j00742,782,250.0,05_resultados\revisao_operacional\campanha_v1\j00742.mat
j00742,792,240.0,05_resultados\revisao_operacional\campanha_v1\j00742.mat
j00742,803,229.0,05_resultados\revisao_operacional\campanha_v1\j00742.mat
j00742,827,205.0,05_resultados\revisao_operacional\campanha_v1\j00742.mat
j00742,838,194.0,05_resultados\revisao_operacional\campanha_v1\j00742.mat
j00742,848,184.0,05_resultados\revisao_operacional\campanha_v1\j00742.mat
j00742,859,173.0,05_resultados\revisao_operacional\campanha_v1\j00742.mat
j00742,869,163.0,05_resultados\revisao_operacional\campanha_v1\j00742.mat
j00742,880,152.0,05_resultados\revisao_operacional\campanha_v1\j00742.mat
j00742,890,142.0,05_resultados\revisao_operacional\campanha_v1\j00742.mat
j00742,901,131.0,05_resultados\revisao_operacional\campanha_v1\j00742.mat
j00742,911,121.0,05_resultados\revisao_operacional\campanha_v1\j00742.mat
j00742,921,111.0,05_resultados\revisao_operacional\campanha_v1\j00742.mat
j00742,932,100.0,05_resultados\revisao_operacional\campanha_v1\j00742.mat
j00742,942,90.0,05_resultados\revisao_operacional\campanha_v1\j00742.mat
j00742,953,79.0,05_resultados\revisao_operacional\campanha_v1\j00742.mat
j00742,963,69.0,05_resultados\revisao_operacional\campanha_v1\j00742.mat
j00742,974,58.0,05_resultados\revisao_operacional\campanha_v1\j00742.mat
j00742,984,48.0,05_resultados\revisao_operacional\campanha_v1\j00742.mat
j00742,995,37.0,05_resultados\revisao_operacional\campanha_v1\j00742.mat
j00742,1005,27.0,05_resultados\revisao_operacional\campanha_v1\j00742.mat
j00742,1016,16.0,05_resultados\revisao_operacional\campanha_v1\j00742.mat
j00742,1026,6.0,05_resultados\revisao_operacional\campanha_v1\j00742.mat
j00742,1050,nan,05_resultados\revisao_operacional\campanha_v1\j00742.mat
j00742,1061,nan,05_resultados\revisao_operacional\campanha_v1\j00742.mat
j00742,1071,nan,05_resultados\revisao_operacional\campanha_v1\j00742.mat
j00742,1082,nan,05_resultados\revisao_operacional\campanha_v1\j00742.mat
j00742,1092,nan,05_resultados\revisao_operacional\campanha_v1\j00742.mat
j00742,1103,nan,05_resultados\revisao_operacional\campanha_v1\j00742.mat
j00742,1113,nan,05_resultados\revisao_operacional\campanha_v1\j00742.mat
j00742,1124,nan,05_resultados\revisao_operacional\campanha_v1\j00742.mat
j00742,1134,nan,05_resultados\revisao_operacional\campanha_v1\j00742.mat
j00742,1145,nan,05_resultados\revisao_operacional\campanha_v1\j00742.mat
j00742,1155,nan,05_resultados\revisao_operacional\campanha_v1\j00742.mat
j00742,1166,nan,05_resultados\revisao_operacional\campanha_v1\j00742.mat
j00742,1176,nan,05_resultados\revisao_operacional\campanha_v1\j00742.mat
j00742,1187,nan,05_resultados\revisao_operacional\campanha_v1\j00742.mat
j00742,1197,nan,05_resultados\revisao_operacional\campanha_v1\j00742.mat
j00743,4,317.0,05_resultados\revisao_operacional\campanha_v1\j00743.mat
j00743,15,306.0,05_resultados\revisao_operacional\campanha_v1\j00743.mat
j00743,25,296.0,05_resultados\revisao_operacional\campanha_v1\j00743.mat
j00743,36,285.0,05_resultados\revisao_operacional\campanha_v1\j00743.mat
j00743,46,275.0,05_resultados\revisao_operacional\campanha_v1\j00743.mat
j00743,57,264.0,05_resultados\revisao_operacional\campanha_v1\j00743.mat
j00743,67,254.0,05_resultados\revisao_operacional\campanha_v1\j00743.mat
j00743,78,243.0,05_resultados\revisao_operacional\campanha_v1\j00743.mat
j00743,88,233.0,05_resultados\revisao_operacional\campanha_v1\j00743.mat
j00743,99,222.0,05_resultados\revisao_operacional\campanha_v1\j00743.mat
j00743,110,211.0,05_resultados\revisao_operacional\campanha_v1\j00743.mat
j00743,120,201.0,05_resultados\revisao_operacional\campanha_v1\j00743.mat
j00743,131,190.0,05_resultados\revisao_operacional\campanha_v1\j00743.mat
j00743,141,180.0,05_resultados\revisao_operacional\campanha_v1\j00743.mat
j00743,152,169.0,05_resultados\revisao_operacional\campanha_v1\j00743.mat
j00743,162,159.0,05_resultados\revisao_operacional\campanha_v1\j00743.mat
j00743,172,149.0,05_resultados\revisao_operacional\campanha_v1\j00743.mat
j00743,183,138.0,05_resultados\revisao_operacional\campanha_v1\j00743.mat
j00743,193,128.0,05_resultados\revisao_operacional\campanha_v1\j00743.mat
j00743,204,117.0,05_resultados\revisao_operacional\campanha_v1\j00743.mat
j00743,215,106.0,05_resultados\revisao_operacional\campanha_v1\j00743.mat
j00743,225,96.0,05_resultados\revisao_operacional\campanha_v1\j00743.mat
j00743,236,85.0,05_resultados\revisao_operacional\campanha_v1\j00743.mat
j00743,246,75.0,05_resultados\revisao_operacional\campanha_v1\j00743.mat
j00743,257,64.0,05_resultados\revisao_operacional\campanha_v1\j00743.mat
j00743,267,54.0,05_resultados\revisao_operacional\campanha_v1\j00743.mat
j00743,278,43.0,05_resultados\revisao_operacional\campanha_v1\j00743.mat
j00743,288,33.0,05_resultados\revisao_operacional\campanha_v1\j00743.mat
j00743,299,22.0,05_resultados\revisao_operacional\campanha_v1\j00743.mat
j00743,309,12.0,05_resultados\revisao_operacional\campanha_v1\j00743.mat
j00743,320,1.0,05_resultados\revisao_operacional\campanha_v1\j00743.mat
j00743,330,477.0,05_resultados\revisao_operacional\campanha_v1\j00743.mat
j00743,341,466.0,05_resultados\revisao_operacional\campanha_v1\j00743.mat
j00743,351,456.0,05_resultados\revisao_operacional\campanha_v1\j00743.mat
j00743,362,445.0,05_resultados\revisao_operacional\campanha_v1\j00743.mat
j00743,372,435.0,05_resultados\revisao_operacional\campanha_v1\j00743.mat
j00743,383,424.0,05_resultados\revisao_operacional\campanha_v1\j00743.mat
j00743,393,414.0,05_resultados\revisao_operacional\campanha_v1\j00743.mat
j00743,404,403.0,05_resultados\revisao_operacional\campanha_v1\j00743.mat
j00743,414,393.0,05_resultados\revisao_operacional\campanha_v1\j00743.mat
j00743,425,382.0,05_resultados\revisao_operacional\campanha_v1\j00743.mat
j00743,435,372.0,05_resultados\revisao_operacional\campanha_v1\j00743.mat
j00743,446,361.0,05_resultados\revisao_operacional\campanha_v1\j00743.mat
j00743,456,351.0,05_resultados\revisao_operacional\campanha_v1\j00743.mat
j00743,467,340.0,05_resultados\revisao_operacional\campanha_v1\j00743.mat
j00743,477,330.0,05_resultados\revisao_operacional\campanha_v1\j00743.mat
j00743,488,319.0,05_resultados\revisao_operacional\campanha_v1\j00743.mat
j00743,498,309.0,05_resultados\revisao_operacional\campanha_v1\j00743.mat
j00743,509,298.0,05_resultados\revisao_operacional\campanha_v1\j00743.mat
j00743,519,288.0,05_resultados\revisao_operacional\campanha_v1\j00743.mat
j00743,530,277.0,05_resultados\revisao_operacional\campanha_v1\j00743.mat
j00743,540,267.0,05_resultados\revisao_operacional\campanha_v1\j00743.mat
j00743,551,256.0,05_resultados\revisao_operacional\campanha_v1\j00743.mat
j00743,561,246.0,05_resultados\revisao_operacional\campanha_v1\j00743.mat
j00743,572,235.0,05_resultados\revisao_operacional\campanha_v1\j00743.mat
j00743,582,225.0,05_resultados\revisao_operacional\campanha_v1\j00743.mat
j00743,593,214.0,05_resultados\revisao_operacional\campanha_v1\j00743.mat
j00743,603,204.0,05_resultados\revisao_operacional\campanha_v1\j00743.mat
j00743,614,193.0,05_resultados\revisao_operacional\campanha_v1\j00743.mat
j00743,624,183.0,05_resultados\revisao_operacional\campanha_v1\j00743.mat
j00743,635,172.0,05_resultados\revisao_operacional\campanha_v1\j00743.mat
j00743,645,162.0,05_resultados\revisao_operacional\campanha_v1\j00743.mat
j00743,656,151.0,05_resultados\revisao_operacional\campanha_v1\j00743.mat
j00743,666,141.0,05_resultados\revisao_operacional\campanha_v1\j00743.mat
j00743,677,130.0,05_resultados\revisao_operacional\campanha_v1\j00743.mat
j00743,687,120.0,05_resultados\revisao_operacional\campanha_v1\j00743.mat
j00743,698,109.0,05_resultados\revisao_operacional\campanha_v1\j00743.mat
j00743,708,99.0,05_resultados\revisao_operacional\campanha_v1\j00743.mat
j00743,719,88.0,05_resultados\revisao_operacional\campanha_v1\j00743.mat
j00743,729,78.0,05_resultados\revisao_operacional\campanha_v1\j00743.mat
j00743,740,67.0,05_resultados\revisao_operacional\campanha_v1\j00743.mat
j00743,750,57.0,05_resultados\revisao_operacional\campanha_v1\j00743.mat
j00743,761,46.0,05_resultados\revisao_operacional\campanha_v1\j00743.mat
j00743,771,36.0,05_resultados\revisao_operacional\campanha_v1\j00743.mat
j00743,782,25.0,05_resultados\revisao_operacional\campanha_v1\j00743.mat
j00743,792,15.0,05_resultados\revisao_operacional\campanha_v1\j00743.mat
j00743,803,4.0,05_resultados\revisao_operacional\campanha_v1\j00743.mat
j00743,827,205.0,05_resultados\revisao_operacional\campanha_v1\j00743.mat
j00743,838,194.0,05_resultados\revisao_operacional\campanha_v1\j00743.mat
j00743,848,184.0,05_resultados\revisao_operacional\campanha_v1\j00743.mat
j00743,859,173.0,05_resultados\revisao_operacional\campanha_v1\j00743.mat
j00743,869,163.0,05_resultados\revisao_operacional\campanha_v1\j00743.mat
j00743,880,152.0,05_resultados\revisao_operacional\campanha_v1\j00743.mat
j00743,890,142.0,05_resultados\revisao_operacional\campanha_v1\j00743.mat
j00743,901,131.0,05_resultados\revisao_operacional\campanha_v1\j00743.mat
j00743,911,121.0,05_resultados\revisao_operacional\campanha_v1\j00743.mat
j00743,921,111.0,05_resultados\revisao_operacional\campanha_v1\j00743.mat
j00743,932,100.0,05_resultados\revisao_operacional\campanha_v1\j00743.mat
j00743,942,90.0,05_resultados\revisao_operacional\campanha_v1\j00743.mat
j00743,953,79.0,05_resultados\revisao_operacional\campanha_v1\j00743.mat
j00743,963,69.0,05_resultados\revisao_operacional\campanha_v1\j00743.mat
j00743,974,58.0,05_resultados\revisao_operacional\campanha_v1\j00743.mat
j00743,984,48.0,05_resultados\revisao_operacional\campanha_v1\j00743.mat
j00743,995,37.0,05_resultados\revisao_operacional\campanha_v1\j00743.mat
j00743,1005,27.0,05_resultados\revisao_operacional\campanha_v1\j00743.mat
j00743,1016,16.0,05_resultados\revisao_operacional\campanha_v1\j00743.mat
j00743,1026,6.0,05_resultados\revisao_operacional\campanha_v1\j00743.mat
j00743,1050,nan,05_resultados\revisao_operacional\campanha_v1\j00743.mat
j00743,1061,nan,05_resultados\revisao_operacional\campanha_v1\j00743.mat
j00743,1071,nan,05_resultados\revisao_operacional\campanha_v1\j00743.mat
j00743,1082,nan,05_resultados\revisao_operacional\campanha_v1\j00743.mat
j00743,1092,nan,05_resultados\revisao_operacional\campanha_v1\j00743.mat
j00743,1103,nan,05_resultados\revisao_operacional\campanha_v1\j00743.mat
j00743,1113,nan,05_resultados\revisao_operacional\campanha_v1\j00743.mat
j00743,1124,nan,05_resultados\revisao_operacional\campanha_v1\j00743.mat
j00743,1134,nan,05_resultados\revisao_operacional\campanha_v1\j00743.mat
j00743,1145,nan,05_resultados\revisao_operacional\campanha_v1\j00743.mat
j00743,1155,nan,05_resultados\revisao_operacional\campanha_v1\j00743.mat
j00743,1166,nan,05_resultados\revisao_operacional\campanha_v1\j00743.mat
j00743,1176,nan,05_resultados\revisao_operacional\campanha_v1\j00743.mat
j00743,1187,nan,05_resultados\revisao_operacional\campanha_v1\j00743.mat
j00743,1197,nan,05_resultados\revisao_operacional\campanha_v1\j00743.mat
j00744,4,13.0,05_resultados\revisao_operacional\campanha_v1\j00744.mat
j00744,15,2.0,05_resultados\revisao_operacional\campanha_v1\j00744.mat
j00744,25,0.0,05_resultados\revisao_operacional\campanha_v1\j00744.mat
j00744,36,1.0,05_resultados\revisao_operacional\campanha_v1\j00744.mat
j00744,46,0.0,05_resultados\revisao_operacional\campanha_v1\j00744.mat
j00744,57,971.0,05_resultados\revisao_operacional\campanha_v1\j00744.mat
j00744,67,961.0,05_resultados\revisao_operacional\campanha_v1\j00744.mat
j00744,78,950.0,05_resultados\revisao_operacional\campanha_v1\j00744.mat
j00744,88,940.0,05_resultados\revisao_operacional\campanha_v1\j00744.mat
j00744,99,929.0,05_resultados\revisao_operacional\campanha_v1\j00744.mat
j00744,110,918.0,05_resultados\revisao_operacional\campanha_v1\j00744.mat
j00744,120,908.0,05_resultados\revisao_operacional\campanha_v1\j00744.mat
j00744,131,897.0,05_resultados\revisao_operacional\campanha_v1\j00744.mat
j00744,141,887.0,05_resultados\revisao_operacional\campanha_v1\j00744.mat
j00744,152,876.0,05_resultados\revisao_operacional\campanha_v1\j00744.mat
j00744,162,866.0,05_resultados\revisao_operacional\campanha_v1\j00744.mat
j00744,172,856.0,05_resultados\revisao_operacional\campanha_v1\j00744.mat
j00744,183,845.0,05_resultados\revisao_operacional\campanha_v1\j00744.mat
j00744,193,835.0,05_resultados\revisao_operacional\campanha_v1\j00744.mat
j00744,204,824.0,05_resultados\revisao_operacional\campanha_v1\j00744.mat
j00744,215,813.0,05_resultados\revisao_operacional\campanha_v1\j00744.mat
j00744,225,803.0,05_resultados\revisao_operacional\campanha_v1\j00744.mat
j00744,236,792.0,05_resultados\revisao_operacional\campanha_v1\j00744.mat
j00744,246,782.0,05_resultados\revisao_operacional\campanha_v1\j00744.mat
j00744,257,771.0,05_resultados\revisao_operacional\campanha_v1\j00744.mat
j00744,267,761.0,05_resultados\revisao_operacional\campanha_v1\j00744.mat
j00744,278,750.0,05_resultados\revisao_operacional\campanha_v1\j00744.mat
j00744,288,740.0,05_resultados\revisao_operacional\campanha_v1\j00744.mat
j00744,299,729.0,05_resultados\revisao_operacional\campanha_v1\j00744.mat
j00744,309,719.0,05_resultados\revisao_operacional\campanha_v1\j00744.mat
j00744,320,708.0,05_resultados\revisao_operacional\campanha_v1\j00744.mat
j00744,330,698.0,05_resultados\revisao_operacional\campanha_v1\j00744.mat
j00744,341,687.0,05_resultados\revisao_operacional\campanha_v1\j00744.mat
j00744,351,677.0,05_resultados\revisao_operacional\campanha_v1\j00744.mat
j00744,362,666.0,05_resultados\revisao_operacional\campanha_v1\j00744.mat
j00744,372,656.0,05_resultados\revisao_operacional\campanha_v1\j00744.mat
j00744,383,645.0,05_resultados\revisao_operacional\campanha_v1\j00744.mat
j00744,393,635.0,05_resultados\revisao_operacional\campanha_v1\j00744.mat
j00744,404,624.0,05_resultados\revisao_operacional\campanha_v1\j00744.mat
j00744,414,614.0,05_resultados\revisao_operacional\campanha_v1\j00744.mat
j00744,425,603.0,05_resultados\revisao_operacional\campanha_v1\j00744.mat
j00744,435,593.0,05_resultados\revisao_operacional\campanha_v1\j00744.mat
j00744,446,582.0,05_resultados\revisao_operacional\campanha_v1\j00744.mat
j00744,456,572.0,05_resultados\revisao_operacional\campanha_v1\j00744.mat
j00744,467,561.0,05_resultados\revisao_operacional\campanha_v1\j00744.mat
j00744,477,551.0,05_resultados\revisao_operacional\campanha_v1\j00744.mat
j00744,488,540.0,05_resultados\revisao_operacional\campanha_v1\j00744.mat
j00744,498,530.0,05_resultados\revisao_operacional\campanha_v1\j00744.mat
j00744,509,519.0,05_resultados\revisao_operacional\campanha_v1\j00744.mat
j00744,519,509.0,05_resultados\revisao_operacional\campanha_v1\j00744.mat
j00744,530,498.0,05_resultados\revisao_operacional\campanha_v1\j00744.mat
j00744,540,488.0,05_resultados\revisao_operacional\campanha_v1\j00744.mat
j00744,551,477.0,05_resultados\revisao_operacional\campanha_v1\j00744.mat
j00744,561,467.0,05_resultados\revisao_operacional\campanha_v1\j00744.mat
j00744,572,456.0,05_resultados\revisao_operacional\campanha_v1\j00744.mat
j00744,582,446.0,05_resultados\revisao_operacional\campanha_v1\j00744.mat
j00744,593,435.0,05_resultados\revisao_operacional\campanha_v1\j00744.mat
j00744,603,425.0,05_resultados\revisao_operacional\campanha_v1\j00744.mat
j00744,614,414.0,05_resultados\revisao_operacional\campanha_v1\j00744.mat
j00744,624,404.0,05_resultados\revisao_operacional\campanha_v1\j00744.mat
j00744,635,393.0,05_resultados\revisao_operacional\campanha_v1\j00744.mat
j00744,645,383.0,05_resultados\revisao_operacional\campanha_v1\j00744.mat
j00744,656,372.0,05_resultados\revisao_operacional\campanha_v1\j00744.mat
j00744,666,362.0,05_resultados\revisao_operacional\campanha_v1\j00744.mat
j00744,677,351.0,05_resultados\revisao_operacional\campanha_v1\j00744.mat
j00744,687,341.0,05_resultados\revisao_operacional\campanha_v1\j00744.mat
j00744,698,330.0,05_resultados\revisao_operacional\campanha_v1\j00744.mat
j00744,708,320.0,05_resultados\revisao_operacional\campanha_v1\j00744.mat
j00744,719,309.0,05_resultados\revisao_operacional\campanha_v1\j00744.mat
j00744,729,299.0,05_resultados\revisao_operacional\campanha_v1\j00744.mat
j00744,740,288.0,05_resultados\revisao_operacional\campanha_v1\j00744.mat
j00744,750,278.0,05_resultados\revisao_operacional\campanha_v1\j00744.mat
j00744,761,267.0,05_resultados\revisao_operacional\campanha_v1\j00744.mat
j00744,771,257.0,05_resultados\revisao_operacional\campanha_v1\j00744.mat
j00744,782,246.0,05_resultados\revisao_operacional\campanha_v1\j00744.mat
j00744,792,236.0,05_resultados\revisao_operacional\campanha_v1\j00744.mat
j00744,803,225.0,05_resultados\revisao_operacional\campanha_v1\j00744.mat
j00744,827,201.0,05_resultados\revisao_operacional\campanha_v1\j00744.mat
j00744,838,190.0,05_resultados\revisao_operacional\campanha_v1\j00744.mat
j00744,848,180.0,05_resultados\revisao_operacional\campanha_v1\j00744.mat
j00744,859,169.0,05_resultados\revisao_operacional\campanha_v1\j00744.mat
j00744,869,159.0,05_resultados\revisao_operacional\campanha_v1\j00744.mat
j00744,880,148.0,05_resultados\revisao_operacional\campanha_v1\j00744.mat
j00744,890,138.0,05_resultados\revisao_operacional\campanha_v1\j00744.mat
j00744,901,127.0,05_resultados\revisao_operacional\campanha_v1\j00744.mat
j00744,911,117.0,05_resultados\revisao_operacional\campanha_v1\j00744.mat
j00744,921,107.0,05_resultados\revisao_operacional\campanha_v1\j00744.mat
j00744,932,96.0,05_resultados\revisao_operacional\campanha_v1\j00744.mat
j00744,942,86.0,05_resultados\revisao_operacional\campanha_v1\j00744.mat
j00744,953,75.0,05_resultados\revisao_operacional\campanha_v1\j00744.mat
j00744,963,65.0,05_resultados\revisao_operacional\campanha_v1\j00744.mat
j00744,974,54.0,05_resultados\revisao_operacional\campanha_v1\j00744.mat
j00744,984,44.0,05_resultados\revisao_operacional\campanha_v1\j00744.mat
j00744,995,33.0,05_resultados\revisao_operacional\campanha_v1\j00744.mat
j00744,1005,23.0,05_resultados\revisao_operacional\campanha_v1\j00744.mat
j00744,1016,12.0,05_resultados\revisao_operacional\campanha_v1\j00744.mat
j00744,1026,2.0,05_resultados\revisao_operacional\campanha_v1\j00744.mat
j00744,1050,nan,05_resultados\revisao_operacional\campanha_v1\j00744.mat
j00744,1061,nan,05_resultados\revisao_operacional\campanha_v1\j00744.mat
j00744,1071,nan,05_resultados\revisao_operacional\campanha_v1\j00744.mat
j00744,1082,nan,05_resultados\revisao_operacional\campanha_v1\j00744.mat
j00744,1092,nan,05_resultados\revisao_operacional\campanha_v1\j00744.mat
j00744,1103,nan,05_resultados\revisao_operacional\campanha_v1\j00744.mat
j00744,1113,nan,05_resultados\revisao_operacional\campanha_v1\j00744.mat
j00744,1124,nan,05_resultados\revisao_operacional\campanha_v1\j00744.mat
j00744,1134,nan,05_resultados\revisao_operacional\campanha_v1\j00744.mat
j00744,1145,nan,05_resultados\revisao_operacional\campanha_v1\j00744.mat
j00744,1155,nan,05_resultados\revisao_operacional\campanha_v1\j00744.mat
j00744,1166,nan,05_resultados\revisao_operacional\campanha_v1\j00744.mat
j00744,1176,nan,05_resultados\revisao_operacional\campanha_v1\j00744.mat
j00744,1187,nan,05_resultados\revisao_operacional\campanha_v1\j00744.mat
j00744,1197,nan,05_resultados\revisao_operacional\campanha_v1\j00744.mat
j00745,4,0.0,05_resultados\revisao_operacional\campanha_v1\j00745.mat
j00745,15,0.0,05_resultados\revisao_operacional\campanha_v1\j00745.mat
j00745,25,0.0,05_resultados\revisao_operacional\campanha_v1\j00745.mat
j00745,36,0.0,05_resultados\revisao_operacional\campanha_v1\j00745.mat
j00745,46,0.0,05_resultados\revisao_operacional\campanha_v1\j00745.mat
j00745,57,0.0,05_resultados\revisao_operacional\campanha_v1\j00745.mat
j00745,67,0.0,05_resultados\revisao_operacional\campanha_v1\j00745.mat
j00745,78,0.0,05_resultados\revisao_operacional\campanha_v1\j00745.mat
j00745,88,0.0,05_resultados\revisao_operacional\campanha_v1\j00745.mat
j00745,99,0.0,05_resultados\revisao_operacional\campanha_v1\j00745.mat
j00745,110,0.0,05_resultados\revisao_operacional\campanha_v1\j00745.mat
j00745,120,0.0,05_resultados\revisao_operacional\campanha_v1\j00745.mat
j00745,131,0.0,05_resultados\revisao_operacional\campanha_v1\j00745.mat
j00745,141,0.0,05_resultados\revisao_operacional\campanha_v1\j00745.mat
j00745,152,0.0,05_resultados\revisao_operacional\campanha_v1\j00745.mat
j00745,162,0.0,05_resultados\revisao_operacional\campanha_v1\j00745.mat
j00745,172,0.0,05_resultados\revisao_operacional\campanha_v1\j00745.mat
j00745,183,0.0,05_resultados\revisao_operacional\campanha_v1\j00745.mat
j00745,193,0.0,05_resultados\revisao_operacional\campanha_v1\j00745.mat
j00745,204,0.0,05_resultados\revisao_operacional\campanha_v1\j00745.mat
j00745,215,0.0,05_resultados\revisao_operacional\campanha_v1\j00745.mat
j00745,225,0.0,05_resultados\revisao_operacional\campanha_v1\j00745.mat
j00745,236,0.0,05_resultados\revisao_operacional\campanha_v1\j00745.mat
j00745,246,0.0,05_resultados\revisao_operacional\campanha_v1\j00745.mat
j00745,257,0.0,05_resultados\revisao_operacional\campanha_v1\j00745.mat
j00745,267,0.0,05_resultados\revisao_operacional\campanha_v1\j00745.mat
j00745,278,0.0,05_resultados\revisao_operacional\campanha_v1\j00745.mat
j00745,288,0.0,05_resultados\revisao_operacional\campanha_v1\j00745.mat
j00745,299,0.0,05_resultados\revisao_operacional\campanha_v1\j00745.mat
j00745,309,0.0,05_resultados\revisao_operacional\campanha_v1\j00745.mat
j00745,320,0.0,05_resultados\revisao_operacional\campanha_v1\j00745.mat
j00745,330,0.0,05_resultados\revisao_operacional\campanha_v1\j00745.mat
j00745,341,0.0,05_resultados\revisao_operacional\campanha_v1\j00745.mat
j00745,351,0.0,05_resultados\revisao_operacional\campanha_v1\j00745.mat
j00745,362,0.0,05_resultados\revisao_operacional\campanha_v1\j00745.mat
j00745,372,0.0,05_resultados\revisao_operacional\campanha_v1\j00745.mat
j00745,383,0.0,05_resultados\revisao_operacional\campanha_v1\j00745.mat
j00745,393,0.0,05_resultados\revisao_operacional\campanha_v1\j00745.mat
j00745,404,0.0,05_resultados\revisao_operacional\campanha_v1\j00745.mat
j00745,414,0.0,05_resultados\revisao_operacional\campanha_v1\j00745.mat
j00745,425,0.0,05_resultados\revisao_operacional\campanha_v1\j00745.mat
j00745,435,0.0,05_resultados\revisao_operacional\campanha_v1\j00745.mat
j00745,446,0.0,05_resultados\revisao_operacional\campanha_v1\j00745.mat
j00745,456,0.0,05_resultados\revisao_operacional\campanha_v1\j00745.mat
j00745,467,0.0,05_resultados\revisao_operacional\campanha_v1\j00745.mat
j00745,477,0.0,05_resultados\revisao_operacional\campanha_v1\j00745.mat
j00745,488,0.0,05_resultados\revisao_operacional\campanha_v1\j00745.mat
j00745,498,0.0,05_resultados\revisao_operacional\campanha_v1\j00745.mat
j00745,509,0.0,05_resultados\revisao_operacional\campanha_v1\j00745.mat
j00745,519,0.0,05_resultados\revisao_operacional\campanha_v1\j00745.mat
j00745,530,0.0,05_resultados\revisao_operacional\campanha_v1\j00745.mat
j00745,540,0.0,05_resultados\revisao_operacional\campanha_v1\j00745.mat
j00745,551,0.0,05_resultados\revisao_operacional\campanha_v1\j00745.mat
j00745,561,0.0,05_resultados\revisao_operacional\campanha_v1\j00745.mat
j00745,572,0.0,05_resultados\revisao_operacional\campanha_v1\j00745.mat
j00745,582,0.0,05_resultados\revisao_operacional\campanha_v1\j00745.mat
j00745,593,0.0,05_resultados\revisao_operacional\campanha_v1\j00745.mat
j00745,603,0.0,05_resultados\revisao_operacional\campanha_v1\j00745.mat
j00745,614,0.0,05_resultados\revisao_operacional\campanha_v1\j00745.mat
j00745,624,0.0,05_resultados\revisao_operacional\campanha_v1\j00745.mat
j00745,635,0.0,05_resultados\revisao_operacional\campanha_v1\j00745.mat
j00745,645,0.0,05_resultados\revisao_operacional\campanha_v1\j00745.mat
j00745,656,0.0,05_resultados\revisao_operacional\campanha_v1\j00745.mat
j00745,666,0.0,05_resultados\revisao_operacional\campanha_v1\j00745.mat
j00745,677,0.0,05_resultados\revisao_operacional\campanha_v1\j00745.mat
j00745,687,0.0,05_resultados\revisao_operacional\campanha_v1\j00745.mat
j00745,698,0.0,05_resultados\revisao_operacional\campanha_v1\j00745.mat
j00745,708,0.0,05_resultados\revisao_operacional\campanha_v1\j00745.mat
j00745,719,0.0,05_resultados\revisao_operacional\campanha_v1\j00745.mat
j00745,729,0.0,05_resultados\revisao_operacional\campanha_v1\j00745.mat
j00745,740,0.0,05_resultados\revisao_operacional\campanha_v1\j00745.mat
j00745,750,0.0,05_resultados\revisao_operacional\campanha_v1\j00745.mat
j00745,761,0.0,05_resultados\revisao_operacional\campanha_v1\j00745.mat
j00745,771,0.0,05_resultados\revisao_operacional\campanha_v1\j00745.mat
j00745,782,0.0,05_resultados\revisao_operacional\campanha_v1\j00745.mat
j00745,792,0.0,05_resultados\revisao_operacional\campanha_v1\j00745.mat
j00745,803,0.0,05_resultados\revisao_operacional\campanha_v1\j00745.mat
j00745,827,0.0,05_resultados\revisao_operacional\campanha_v1\j00745.mat
j00745,838,0.0,05_resultados\revisao_operacional\campanha_v1\j00745.mat
j00745,848,0.0,05_resultados\revisao_operacional\campanha_v1\j00745.mat
j00745,859,0.0,05_resultados\revisao_operacional\campanha_v1\j00745.mat
j00745,869,0.0,05_resultados\revisao_operacional\campanha_v1\j00745.mat
j00745,880,0.0,05_resultados\revisao_operacional\campanha_v1\j00745.mat
j00745,890,0.0,05_resultados\revisao_operacional\campanha_v1\j00745.mat
j00745,901,0.0,05_resultados\revisao_operacional\campanha_v1\j00745.mat
j00745,911,0.0,05_resultados\revisao_operacional\campanha_v1\j00745.mat
j00745,921,0.0,05_resultados\revisao_operacional\campanha_v1\j00745.mat
j00745,932,0.0,05_resultados\revisao_operacional\campanha_v1\j00745.mat
j00745,942,0.0,05_resultados\revisao_operacional\campanha_v1\j00745.mat
j00745,953,0.0,05_resultados\revisao_operacional\campanha_v1\j00745.mat
j00745,963,0.0,05_resultados\revisao_operacional\campanha_v1\j00745.mat
j00745,974,0.0,05_resultados\revisao_operacional\campanha_v1\j00745.mat
j00745,984,0.0,05_resultados\revisao_operacional\campanha_v1\j00745.mat
j00745,995,0.0,05_resultados\revisao_operacional\campanha_v1\j00745.mat
j00745,1005,0.0,05_resultados\revisao_operacional\campanha_v1\j00745.mat
j00745,1016,0.0,05_resultados\revisao_operacional\campanha_v1\j00745.mat
j00745,1026,0.0,05_resultados\revisao_operacional\campanha_v1\j00745.mat
j00745,1050,0.0,05_resultados\revisao_operacional\campanha_v1\j00745.mat
j00745,1061,0.0,05_resultados\revisao_operacional\campanha_v1\j00745.mat
j00745,1071,0.0,05_resultados\revisao_operacional\campanha_v1\j00745.mat
j00745,1082,0.0,05_resultados\revisao_operacional\campanha_v1\j00745.mat
j00745,1092,0.0,05_resultados\revisao_operacional\campanha_v1\j00745.mat
j00745,1103,0.0,05_resultados\revisao_operacional\campanha_v1\j00745.mat
j00745,1113,0.0,05_resultados\revisao_operacional\campanha_v1\j00745.mat
j00745,1124,0.0,05_resultados\revisao_operacional\campanha_v1\j00745.mat
j00745,1134,0.0,05_resultados\revisao_operacional\campanha_v1\j00745.mat
j00745,1145,0.0,05_resultados\revisao_operacional\campanha_v1\j00745.mat
j00745,1155,0.0,05_resultados\revisao_operacional\campanha_v1\j00745.mat
j00745,1166,0.0,05_resultados\revisao_operacional\campanha_v1\j00745.mat
j00745,1176,0.0,05_resultados\revisao_operacional\campanha_v1\j00745.mat
j00745,1187,0.0,05_resultados\revisao_operacional\campanha_v1\j00745.mat
j00745,1197,nan,05_resultados\revisao_operacional\campanha_v1\j00745.mat
j00746,4,0.0,05_resultados\revisao_operacional\campanha_v1\j00746.mat
j00746,15,0.0,05_resultados\revisao_operacional\campanha_v1\j00746.mat
j00746,25,0.0,05_resultados\revisao_operacional\campanha_v1\j00746.mat
j00746,36,0.0,05_resultados\revisao_operacional\campanha_v1\j00746.mat
j00746,46,0.0,05_resultados\revisao_operacional\campanha_v1\j00746.mat
j00746,57,0.0,05_resultados\revisao_operacional\campanha_v1\j00746.mat
j00746,67,0.0,05_resultados\revisao_operacional\campanha_v1\j00746.mat
j00746,78,0.0,05_resultados\revisao_operacional\campanha_v1\j00746.mat
j00746,88,0.0,05_resultados\revisao_operacional\campanha_v1\j00746.mat
j00746,99,0.0,05_resultados\revisao_operacional\campanha_v1\j00746.mat
j00746,110,0.0,05_resultados\revisao_operacional\campanha_v1\j00746.mat
j00746,120,0.0,05_resultados\revisao_operacional\campanha_v1\j00746.mat
j00746,131,0.0,05_resultados\revisao_operacional\campanha_v1\j00746.mat
j00746,141,0.0,05_resultados\revisao_operacional\campanha_v1\j00746.mat
j00746,152,0.0,05_resultados\revisao_operacional\campanha_v1\j00746.mat
j00746,162,0.0,05_resultados\revisao_operacional\campanha_v1\j00746.mat
j00746,172,0.0,05_resultados\revisao_operacional\campanha_v1\j00746.mat
j00746,183,0.0,05_resultados\revisao_operacional\campanha_v1\j00746.mat
j00746,193,0.0,05_resultados\revisao_operacional\campanha_v1\j00746.mat
j00746,204,0.0,05_resultados\revisao_operacional\campanha_v1\j00746.mat
j00746,215,0.0,05_resultados\revisao_operacional\campanha_v1\j00746.mat
j00746,225,0.0,05_resultados\revisao_operacional\campanha_v1\j00746.mat
j00746,236,0.0,05_resultados\revisao_operacional\campanha_v1\j00746.mat
j00746,246,0.0,05_resultados\revisao_operacional\campanha_v1\j00746.mat
j00746,257,0.0,05_resultados\revisao_operacional\campanha_v1\j00746.mat
j00746,267,0.0,05_resultados\revisao_operacional\campanha_v1\j00746.mat
j00746,278,0.0,05_resultados\revisao_operacional\campanha_v1\j00746.mat
j00746,288,0.0,05_resultados\revisao_operacional\campanha_v1\j00746.mat
j00746,299,0.0,05_resultados\revisao_operacional\campanha_v1\j00746.mat
j00746,309,0.0,05_resultados\revisao_operacional\campanha_v1\j00746.mat
j00746,320,0.0,05_resultados\revisao_operacional\campanha_v1\j00746.mat
j00746,330,0.0,05_resultados\revisao_operacional\campanha_v1\j00746.mat
j00746,341,0.0,05_resultados\revisao_operacional\campanha_v1\j00746.mat
j00746,351,0.0,05_resultados\revisao_operacional\campanha_v1\j00746.mat
j00746,362,0.0,05_resultados\revisao_operacional\campanha_v1\j00746.mat
j00746,372,0.0,05_resultados\revisao_operacional\campanha_v1\j00746.mat
j00746,383,0.0,05_resultados\revisao_operacional\campanha_v1\j00746.mat
j00746,393,0.0,05_resultados\revisao_operacional\campanha_v1\j00746.mat
j00746,404,0.0,05_resultados\revisao_operacional\campanha_v1\j00746.mat
j00746,414,0.0,05_resultados\revisao_operacional\campanha_v1\j00746.mat
j00746,425,0.0,05_resultados\revisao_operacional\campanha_v1\j00746.mat
j00746,435,0.0,05_resultados\revisao_operacional\campanha_v1\j00746.mat
j00746,446,0.0,05_resultados\revisao_operacional\campanha_v1\j00746.mat
j00746,456,0.0,05_resultados\revisao_operacional\campanha_v1\j00746.mat
j00746,467,0.0,05_resultados\revisao_operacional\campanha_v1\j00746.mat
j00746,477,0.0,05_resultados\revisao_operacional\campanha_v1\j00746.mat
j00746,488,0.0,05_resultados\revisao_operacional\campanha_v1\j00746.mat
j00746,498,0.0,05_resultados\revisao_operacional\campanha_v1\j00746.mat
j00746,509,0.0,05_resultados\revisao_operacional\campanha_v1\j00746.mat
j00746,519,0.0,05_resultados\revisao_operacional\campanha_v1\j00746.mat
j00746,530,0.0,05_resultados\revisao_operacional\campanha_v1\j00746.mat
j00746,540,0.0,05_resultados\revisao_operacional\campanha_v1\j00746.mat
j00746,551,0.0,05_resultados\revisao_operacional\campanha_v1\j00746.mat
j00746,561,0.0,05_resultados\revisao_operacional\campanha_v1\j00746.mat
j00746,572,0.0,05_resultados\revisao_operacional\campanha_v1\j00746.mat
j00746,582,0.0,05_resultados\revisao_operacional\campanha_v1\j00746.mat
j00746,593,0.0,05_resultados\revisao_operacional\campanha_v1\j00746.mat
j00746,603,0.0,05_resultados\revisao_operacional\campanha_v1\j00746.mat
j00746,614,0.0,05_resultados\revisao_operacional\campanha_v1\j00746.mat
j00746,624,0.0,05_resultados\revisao_operacional\campanha_v1\j00746.mat
j00746,635,0.0,05_resultados\revisao_operacional\campanha_v1\j00746.mat
j00746,645,0.0,05_resultados\revisao_operacional\campanha_v1\j00746.mat
j00746,656,0.0,05_resultados\revisao_operacional\campanha_v1\j00746.mat
j00746,666,0.0,05_resultados\revisao_operacional\campanha_v1\j00746.mat
j00746,677,0.0,05_resultados\revisao_operacional\campanha_v1\j00746.mat
j00746,687,0.0,05_resultados\revisao_operacional\campanha_v1\j00746.mat
j00746,698,0.0,05_resultados\revisao_operacional\campanha_v1\j00746.mat
j00746,708,0.0,05_resultados\revisao_operacional\campanha_v1\j00746.mat
j00746,719,0.0,05_resultados\revisao_operacional\campanha_v1\j00746.mat
j00746,729,0.0,05_resultados\revisao_operacional\campanha_v1\j00746.mat
j00746,740,0.0,05_resultados\revisao_operacional\campanha_v1\j00746.mat
j00746,750,0.0,05_resultados\revisao_operacional\campanha_v1\j00746.mat
j00746,761,0.0,05_resultados\revisao_operacional\campanha_v1\j00746.mat
j00746,771,0.0,05_resultados\revisao_operacional\campanha_v1\j00746.mat
j00746,782,0.0,05_resultados\revisao_operacional\campanha_v1\j00746.mat
j00746,792,0.0,05_resultados\revisao_operacional\campanha_v1\j00746.mat
j00746,803,0.0,05_resultados\revisao_operacional\campanha_v1\j00746.mat
j00746,827,0.0,05_resultados\revisao_operacional\campanha_v1\j00746.mat
j00746,838,0.0,05_resultados\revisao_operacional\campanha_v1\j00746.mat
j00746,848,0.0,05_resultados\revisao_operacional\campanha_v1\j00746.mat
j00746,859,0.0,05_resultados\revisao_operacional\campanha_v1\j00746.mat
j00746,869,0.0,05_resultados\revisao_operacional\campanha_v1\j00746.mat
j00746,880,0.0,05_resultados\revisao_operacional\campanha_v1\j00746.mat
j00746,890,0.0,05_resultados\revisao_operacional\campanha_v1\j00746.mat
j00746,901,0.0,05_resultados\revisao_operacional\campanha_v1\j00746.mat
j00746,911,0.0,05_resultados\revisao_operacional\campanha_v1\j00746.mat
j00746,921,0.0,05_resultados\revisao_operacional\campanha_v1\j00746.mat
j00746,932,0.0,05_resultados\revisao_operacional\campanha_v1\j00746.mat
j00746,942,0.0,05_resultados\revisao_operacional\campanha_v1\j00746.mat
j00746,953,0.0,05_resultados\revisao_operacional\campanha_v1\j00746.mat
j00746,963,0.0,05_resultados\revisao_operacional\campanha_v1\j00746.mat
j00746,974,0.0,05_resultados\revisao_operacional\campanha_v1\j00746.mat
j00746,984,0.0,05_resultados\revisao_operacional\campanha_v1\j00746.mat
j00746,995,0.0,05_resultados\revisao_operacional\campanha_v1\j00746.mat
j00746,1005,0.0,05_resultados\revisao_operacional\campanha_v1\j00746.mat
j00746,1016,0.0,05_resultados\revisao_operacional\campanha_v1\j00746.mat
j00746,1026,0.0,05_resultados\revisao_operacional\campanha_v1\j00746.mat
j00746,1050,0.0,05_resultados\revisao_operacional\campanha_v1\j00746.mat
j00746,1061,0.0,05_resultados\revisao_operacional\campanha_v1\j00746.mat
j00746,1071,0.0,05_resultados\revisao_operacional\campanha_v1\j00746.mat
j00746,1082,0.0,05_resultados\revisao_operacional\campanha_v1\j00746.mat
j00746,1092,0.0,05_resultados\revisao_operacional\campanha_v1\j00746.mat
j00746,1103,0.0,05_resultados\revisao_operacional\campanha_v1\j00746.mat
j00746,1113,0.0,05_resultados\revisao_operacional\campanha_v1\j00746.mat
j00746,1124,0.0,05_resultados\revisao_operacional\campanha_v1\j00746.mat
j00746,1134,0.0,05_resultados\revisao_operacional\campanha_v1\j00746.mat
j00746,1145,0.0,05_resultados\revisao_operacional\campanha_v1\j00746.mat
j00746,1155,0.0,05_resultados\revisao_operacional\campanha_v1\j00746.mat
j00746,1166,0.0,05_resultados\revisao_operacional\campanha_v1\j00746.mat
j00746,1176,0.0,05_resultados\revisao_operacional\campanha_v1\j00746.mat
j00746,1187,0.0,05_resultados\revisao_operacional\campanha_v1\j00746.mat
j00746,1197,nan,05_resultados\revisao_operacional\campanha_v1\j00746.mat
j00747,500,150,05_resultados\revisao_operacional\campanha_v1\j00747.mat
j00748,500,150,05_resultados\revisao_operacional\campanha_v1\j00748.mat
j00749,500,150,05_resultados\revisao_operacional\campanha_v1\j00749.mat
j00750,500,150,05_resultados\revisao_operacional\campanha_v1\j00750.mat
j00751,500,150,05_resultados\revisao_operacional\evento_adiantado_corrigido_v1\j00751.mat
j00752,500,150,05_resultados\revisao_operacional\campanha_v1\j00752.mat
j00753,500,150,05_resultados\revisao_operacional\campanha_v1\j00753.mat
j00754,500,150,05_resultados\revisao_operacional\campanha_v1\j00754.mat
j00755,500,150,05_resultados\revisao_operacional\campanha_v1\j00755.mat
j00756,500,150,05_resultados\revisao_operacional\evento_adiantado_corrigido_v1\j00756.mat
j00757,500,150,05_resultados\revisao_operacional\campanha_v1\j00757.mat
j00758,500,150,05_resultados\revisao_operacional\campanha_v1\j00758.mat
j00759,500,150,05_resultados\revisao_operacional\campanha_v1\j00759.mat
j00760,500,150,05_resultados\revisao_operacional\campanha_v1\j00760.mat
j00761,500,150,05_resultados\revisao_operacional\evento_adiantado_corrigido_v1\j00761.mat
j00762,500,150,05_resultados\revisao_operacional\campanha_v1\j00762.mat
j00763,500,150,05_resultados\revisao_operacional\campanha_v1\j00763.mat
j00764,500,150,05_resultados\revisao_operacional\campanha_v1\j00764.mat
j00765,500,150,05_resultados\revisao_operacional\campanha_v1\j00765.mat
j00766,500,150,05_resultados\revisao_operacional\evento_adiantado_corrigido_v1\j00766.mat
j00767,500,150,05_resultados\revisao_operacional\campanha_v1\j00767.mat
j00768,500,150,05_resultados\revisao_operacional\campanha_v1\j00768.mat
j00769,500,150,05_resultados\revisao_operacional\campanha_v1\j00769.mat
j00770,500,150,05_resultados\revisao_operacional\campanha_v1\j00770.mat
j00771,500,150,05_resultados\revisao_operacional\evento_adiantado_corrigido_v1\j00771.mat
j00772,500,150,05_resultados\revisao_operacional\campanha_v1\j00772.mat
j00773,500,150,05_resultados\revisao_operacional\campanha_v1\j00773.mat
j00774,500,150,05_resultados\revisao_operacional\campanha_v1\j00774.mat
j00775,500,150,05_resultados\revisao_operacional\campanha_v1\j00775.mat
j00776,500,150,05_resultados\revisao_operacional\evento_adiantado_corrigido_v1\j00776.mat
j00777,500,150,05_resultados\revisao_operacional\campanha_v1\j00777.mat
j00778,500,150,05_resultados\revisao_operacional\campanha_v1\j00778.mat
j00779,500,150,05_resultados\revisao_operacional\campanha_v1\j00779.mat
j00780,500,150,05_resultados\revisao_operacional\campanha_v1\j00780.mat
j00781,500,150,05_resultados\revisao_operacional\evento_adiantado_corrigido_v1\j00781.mat
j00782,500,150,05_resultados\revisao_operacional\campanha_v1\j00782.mat
j00783,500,150,05_resultados\revisao_operacional\campanha_v1\j00783.mat
j00784,500,150,05_resultados\revisao_operacional\campanha_v1\j00784.mat
j00785,500,150,05_resultados\revisao_operacional\campanha_v1\j00785.mat
j00786,500,150,05_resultados\revisao_operacional\evento_adiantado_corrigido_v1\j00786.mat
j00787,500,150,05_resultados\revisao_operacional\campanha_v1\j00787.mat
j00788,500,150,05_resultados\revisao_operacional\campanha_v1\j00788.mat
j00789,500,150,05_resultados\revisao_operacional\campanha_v1\j00789.mat
j00790,500,150,05_resultados\revisao_operacional\campanha_v1\j00790.mat
j00791,500,150,05_resultados\revisao_operacional\evento_adiantado_corrigido_v1\j00791.mat
j00792,500,150,05_resultados\revisao_operacional\campanha_v1\j00792.mat
j00793,500,150,05_resultados\revisao_operacional\campanha_v1\j00793.mat
j00794,500,150,05_resultados\revisao_operacional\campanha_v1\j00794.mat
j00795,500,150,05_resultados\revisao_operacional\campanha_v1\j00795.mat
j00796,500,150,05_resultados\revisao_operacional\evento_adiantado_corrigido_v1\j00796.mat
j00797,500,150,05_resultados\revisao_operacional\campanha_v1\j00797.mat
j00798,500,150,05_resultados\revisao_operacional\campanha_v1\j00798.mat
j00799,500,150,05_resultados\revisao_operacional\campanha_v1\j00799.mat
j00800,500,150,05_resultados\revisao_operacional\campanha_v1\j00800.mat
j00801,500,150,05_resultados\revisao_operacional\evento_adiantado_corrigido_v1\j00801.mat
j00802,500,150,05_resultados\revisao_operacional\campanha_v1\j00802.mat
j00803,500,150,05_resultados\revisao_operacional\campanha_v1\j00803.mat
j00804,500,150,05_resultados\revisao_operacional\campanha_v1\j00804.mat
j00805,500,150,05_resultados\revisao_operacional\campanha_v1\j00805.mat
j00806,500,150,05_resultados\revisao_operacional\evento_adiantado_corrigido_v1\j00806.mat
j00807,500,150,05_resultados\revisao_operacional\campanha_v1\j00807.mat
j00808,500,150,05_resultados\revisao_operacional\campanha_v1\j00808.mat
j00809,500,150,05_resultados\revisao_operacional\campanha_v1\j00809.mat
j00810,500,150,05_resultados\revisao_operacional\campanha_v1\j00810.mat
j00811,500,150,05_resultados\revisao_operacional\evento_adiantado_corrigido_v1\j00811.mat
j00812,500,150,05_resultados\revisao_operacional\campanha_v1\j00812.mat
j00813,500,150,05_resultados\revisao_operacional\campanha_v1\j00813.mat
j00814,500,150,05_resultados\revisao_operacional\campanha_v1\j00814.mat
j00815,500,150,05_resultados\revisao_operacional\campanha_v1\j00815.mat
j00816,500,150,05_resultados\revisao_operacional\evento_adiantado_corrigido_v1\j00816.mat
j00817,500,150,05_resultados\revisao_operacional\campanha_v1\j00817.mat
j00818,500,150,05_resultados\revisao_operacional\campanha_v1\j00818.mat
j00819,500,150,05_resultados\revisao_operacional\campanha_v1\j00819.mat
j00820,500,150,05_resultados\revisao_operacional\campanha_v1\j00820.mat
j00821,500,150,05_resultados\revisao_operacional\evento_adiantado_corrigido_v1\j00821.mat
j00822,500,150,05_resultados\revisao_operacional\campanha_v1\j00822.mat
j00823,500,150,05_resultados\revisao_operacional\campanha_v1\j00823.mat
j00824,500,150,05_resultados\revisao_operacional\campanha_v1\j00824.mat
j00825,500,150,05_resultados\revisao_operacional\campanha_v1\j00825.mat
j00826,500,150,05_resultados\revisao_operacional\evento_adiantado_corrigido_v1\j00826.mat
j00827,500,150,05_resultados\revisao_operacional\campanha_v1\j00827.mat
j00828,500,150,05_resultados\revisao_operacional\campanha_v1\j00828.mat
j00829,500,150,05_resultados\revisao_operacional\campanha_v1\j00829.mat
j00830,500,150,05_resultados\revisao_operacional\campanha_v1\j00830.mat
j00831,500,150,05_resultados\revisao_operacional\evento_adiantado_corrigido_v1\j00831.mat
j00832,500,150,05_resultados\revisao_operacional\campanha_v1\j00832.mat
j00833,500,150,05_resultados\revisao_operacional\campanha_v1\j00833.mat
j00834,500,150,05_resultados\revisao_operacional\campanha_v1\j00834.mat
j00835,500,150,05_resultados\revisao_operacional\campanha_v1\j00835.mat
j00836,500,150,05_resultados\revisao_operacional\evento_adiantado_corrigido_v1\j00836.mat
j00837,500,150,05_resultados\revisao_operacional\campanha_v1\j00837.mat
j00838,500,150,05_resultados\revisao_operacional\campanha_v1\j00838.mat
j00839,500,150,05_resultados\revisao_operacional\campanha_v1\j00839.mat
j00840,500,150,05_resultados\revisao_operacional\campanha_v1\j00840.mat
j00841,500,150,05_resultados\revisao_operacional\evento_adiantado_corrigido_v1\j00841.mat
j00842,500,150,05_resultados\revisao_operacional\campanha_v1\j00842.mat
j00843,500,150,05_resultados\revisao_operacional\campanha_v1\j00843.mat
j00844,500,150,05_resultados\revisao_operacional\campanha_v1\j00844.mat
j00845,500,150,05_resultados\revisao_operacional\campanha_v1\j00845.mat
j00846,500,150,05_resultados\revisao_operacional\evento_adiantado_corrigido_v1\j00846.mat
j00847,500,150,05_resultados\revisao_operacional\campanha_v1\j00847.mat
j00848,500,150,05_resultados\revisao_operacional\campanha_v1\j00848.mat
j00849,500,150,05_resultados\revisao_operacional\campanha_v1\j00849.mat
j00850,500,150,05_resultados\revisao_operacional\campanha_v1\j00850.mat
j00851,500,150,05_resultados\revisao_operacional\evento_adiantado_corrigido_v1\j00851.mat
j00852,500,150,05_resultados\revisao_operacional\campanha_v1\j00852.mat
j00853,500,150,05_resultados\revisao_operacional\campanha_v1\j00853.mat
j00854,500,150,05_resultados\revisao_operacional\campanha_v1\j00854.mat
j00855,500,150,05_resultados\revisao_operacional\campanha_v1\j00855.mat
j00856,500,150,05_resultados\revisao_operacional\evento_adiantado_corrigido_v1\j00856.mat
j00857,500,150,05_resultados\revisao_operacional\campanha_v1\j00857.mat
j00858,500,150,05_resultados\revisao_operacional\campanha_v1\j00858.mat
j00859,500,150,05_resultados\revisao_operacional\campanha_v1\j00859.mat
j00860,500,150,05_resultados\revisao_operacional\campanha_v1\j00860.mat
j00861,500,150,05_resultados\revisao_operacional\evento_adiantado_corrigido_v1\j00861.mat
j00862,500,150,05_resultados\revisao_operacional\campanha_v1\j00862.mat
j00863,500,150,05_resultados\revisao_operacional\campanha_v1\j00863.mat
j00864,500,150,05_resultados\revisao_operacional\campanha_v1\j00864.mat
j00865,500,150,05_resultados\revisao_operacional\campanha_v1\j00865.mat
j00866,500,150,05_resultados\revisao_operacional\evento_adiantado_corrigido_v1\j00866.mat
j00867,500,150,05_resultados\revisao_operacional\campanha_v1\j00867.mat
j00868,500,150,05_resultados\revisao_operacional\campanha_v1\j00868.mat
j00869,500,150,05_resultados\revisao_operacional\campanha_v1\j00869.mat
j00870,500,150,05_resultados\revisao_operacional\campanha_v1\j00870.mat
j00871,500,150,05_resultados\revisao_operacional\evento_adiantado_corrigido_v1\j00871.mat
j00872,500,150,05_resultados\revisao_operacional\campanha_v1\j00872.mat
j00873,500,150,05_resultados\revisao_operacional\campanha_v1\j00873.mat
j00874,500,150,05_resultados\revisao_operacional\campanha_v1\j00874.mat
j00875,500,150,05_resultados\revisao_operacional\campanha_v1\j00875.mat
j00876,500,150,05_resultados\revisao_operacional\evento_adiantado_corrigido_v1\j00876.mat
j00877,500,150,05_resultados\revisao_operacional\campanha_v1\j00877.mat
j00878,500,150,05_resultados\revisao_operacional\campanha_v1\j00878.mat
j00879,500,150,05_resultados\revisao_operacional\campanha_v1\j00879.mat
j00880,500,150,05_resultados\revisao_operacional\campanha_v1\j00880.mat
j00881,500,150,05_resultados\revisao_operacional\evento_adiantado_corrigido_v1\j00881.mat
j00882,500,150,05_resultados\revisao_operacional\campanha_v1\j00882.mat
j00883,500,150,05_resultados\revisao_operacional\campanha_v1\j00883.mat
j00884,500,150,05_resultados\revisao_operacional\campanha_v1\j00884.mat
j00885,500,150,05_resultados\revisao_operacional\campanha_v1\j00885.mat
j00886,500,150,05_resultados\revisao_operacional\evento_adiantado_corrigido_v1\j00886.mat
j00887,500,150,05_resultados\revisao_operacional\campanha_v1\j00887.mat
j00888,500,150,05_resultados\revisao_operacional\campanha_v1\j00888.mat
j00889,500,150,05_resultados\revisao_operacional\campanha_v1\j00889.mat
j00890,500,150,05_resultados\revisao_operacional\campanha_v1\j00890.mat
j00891,500,150,05_resultados\revisao_operacional\evento_adiantado_corrigido_v1\j00891.mat
j00892,500,150,05_resultados\revisao_operacional\campanha_v1\j00892.mat
j00893,500,150,05_resultados\revisao_operacional\campanha_v1\j00893.mat
j00894,500,150,05_resultados\revisao_operacional\campanha_v1\j00894.mat
j00895,500,150,05_resultados\revisao_operacional\campanha_v1\j00895.mat
j00896,500,150,05_resultados\revisao_operacional\evento_adiantado_corrigido_v1\j00896.mat
j00897,500,150,05_resultados\revisao_operacional\campanha_v1\j00897.mat
j00898,500,150,05_resultados\revisao_operacional\campanha_v1\j00898.mat
j00899,500,150,05_resultados\revisao_operacional\campanha_v1\j00899.mat
j00900,500,150,05_resultados\revisao_operacional\campanha_v1\j00900.mat
j00901,500,150,05_resultados\revisao_operacional\evento_adiantado_corrigido_v1\j00901.mat
j00902,500,150,05_resultados\revisao_operacional\campanha_v1\j00902.mat
j00903,500,150,05_resultados\revisao_operacional\campanha_v1\j00903.mat
j00904,500,150,05_resultados\revisao_operacional\campanha_v1\j00904.mat
j00905,500,150,05_resultados\revisao_operacional\campanha_v1\j00905.mat
j00906,500,150,05_resultados\revisao_operacional\evento_adiantado_corrigido_v1\j00906.mat
j00907,500,150,05_resultados\revisao_operacional\campanha_v1\j00907.mat
j00908,500,150,05_resultados\revisao_operacional\campanha_v1\j00908.mat
j00909,500,150,05_resultados\revisao_operacional\campanha_v1\j00909.mat
j00910,500,150,05_resultados\revisao_operacional\campanha_v1\j00910.mat
j00911,500,150,05_resultados\revisao_operacional\evento_adiantado_corrigido_v1\j00911.mat
j00912,500,150,05_resultados\revisao_operacional\campanha_v1\j00912.mat
j00913,500,150,05_resultados\revisao_operacional\campanha_v1\j00913.mat
j00914,500,150,05_resultados\revisao_operacional\campanha_v1\j00914.mat
j00915,500,150,05_resultados\revisao_operacional\campanha_v1\j00915.mat
j00916,500,150,05_resultados\revisao_operacional\evento_adiantado_corrigido_v1\j00916.mat
j00917,500,150,05_resultados\revisao_operacional\campanha_v1\j00917.mat
j00918,500,150,05_resultados\revisao_operacional\campanha_v1\j00918.mat
j00919,500,150,05_resultados\revisao_operacional\campanha_v1\j00919.mat
j00920,500,150,05_resultados\revisao_operacional\campanha_v1\j00920.mat
j00921,500,150,05_resultados\revisao_operacional\evento_adiantado_corrigido_v1\j00921.mat
j00922,500,150,05_resultados\revisao_operacional\campanha_v1\j00922.mat
j00923,500,150,05_resultados\revisao_operacional\campanha_v1\j00923.mat
j00924,500,150,05_resultados\revisao_operacional\campanha_v1\j00924.mat
j00925,500,150,05_resultados\revisao_operacional\campanha_v1\j00925.mat
j00926,500,150,05_resultados\revisao_operacional\evento_adiantado_corrigido_v1\j00926.mat
j00927,500,150,05_resultados\revisao_operacional\campanha_v1\j00927.mat
j00928,500,150,05_resultados\revisao_operacional\campanha_v1\j00928.mat
j00929,500,150,05_resultados\revisao_operacional\campanha_v1\j00929.mat
j00930,500,150,05_resultados\revisao_operacional\campanha_v1\j00930.mat
j00931,500,150,05_resultados\revisao_operacional\evento_adiantado_corrigido_v1\j00931.mat
j00932,500,150,05_resultados\revisao_operacional\campanha_v1\j00932.mat
j00933,500,150,05_resultados\revisao_operacional\campanha_v1\j00933.mat
j00934,500,150,05_resultados\revisao_operacional\campanha_v1\j00934.mat
j00935,500,150,05_resultados\revisao_operacional\campanha_v1\j00935.mat
j00936,500,150,05_resultados\revisao_operacional\evento_adiantado_corrigido_v1\j00936.mat
j00937,500,150,05_resultados\revisao_operacional\campanha_v1\j00937.mat
j00938,500,150,05_resultados\revisao_operacional\campanha_v1\j00938.mat
j00939,500,150,05_resultados\revisao_operacional\campanha_v1\j00939.mat
j00940,500,150,05_resultados\revisao_operacional\campanha_v1\j00940.mat
j00941,500,150,05_resultados\revisao_operacional\evento_adiantado_corrigido_v1\j00941.mat
j00942,500,150,05_resultados\revisao_operacional\campanha_v1\j00942.mat
j00943,500,150,05_resultados\revisao_operacional\campanha_v1\j00943.mat
j00944,500,150,05_resultados\revisao_operacional\campanha_v1\j00944.mat
j00945,500,150,05_resultados\revisao_operacional\campanha_v1\j00945.mat
j00946,500,150,05_resultados\revisao_operacional\evento_adiantado_corrigido_v1\j00946.mat
j00947,500,150,05_resultados\revisao_operacional\campanha_v1\j00947.mat
j00948,500,150,05_resultados\revisao_operacional\campanha_v1\j00948.mat
j00949,500,150,05_resultados\revisao_operacional\campanha_v1\j00949.mat
j00950,500,150,05_resultados\revisao_operacional\campanha_v1\j00950.mat
j00951,500,150,05_resultados\revisao_operacional\evento_adiantado_corrigido_v1\j00951.mat
j00952,500,150,05_resultados\revisao_operacional\campanha_v1\j00952.mat
j00953,500,150,05_resultados\revisao_operacional\campanha_v1\j00953.mat
j00954,500,150,05_resultados\revisao_operacional\campanha_v1\j00954.mat
j00955,500,150,05_resultados\revisao_operacional\campanha_v1\j00955.mat
j00956,500,150,05_resultados\revisao_operacional\evento_adiantado_corrigido_v1\j00956.mat
j00957,500,150,05_resultados\revisao_operacional\campanha_v1\j00957.mat
j00958,500,150,05_resultados\revisao_operacional\campanha_v1\j00958.mat
j00959,500,150,05_resultados\revisao_operacional\campanha_v1\j00959.mat
j00960,500,150,05_resultados\revisao_operacional\campanha_v1\j00960.mat
j00961,500,150,05_resultados\revisao_operacional\evento_adiantado_corrigido_v1\j00961.mat
j00962,500,150,05_resultados\revisao_operacional\campanha_v1\j00962.mat
j00963,500,150,05_resultados\revisao_operacional\campanha_v1\j00963.mat
j00964,500,150,05_resultados\revisao_operacional\campanha_v1\j00964.mat
j00965,500,150,05_resultados\revisao_operacional\campanha_v1\j00965.mat
j00966,500,150,05_resultados\revisao_operacional\evento_adiantado_corrigido_v1\j00966.mat
j00967,500,150,05_resultados\revisao_operacional\campanha_v1\j00967.mat
j00968,500,150,05_resultados\revisao_operacional\campanha_v1\j00968.mat
j00969,500,150,05_resultados\revisao_operacional\campanha_v1\j00969.mat
j00970,500,150,05_resultados\revisao_operacional\campanha_v1\j00970.mat
j00971,500,150,05_resultados\revisao_operacional\evento_adiantado_corrigido_v1\j00971.mat
j00972,500,150,05_resultados\revisao_operacional\campanha_v1\j00972.mat
j00973,500,150,05_resultados\revisao_operacional\campanha_v1\j00973.mat
j00974,500,150,05_resultados\revisao_operacional\campanha_v1\j00974.mat
j00975,500,150,05_resultados\revisao_operacional\campanha_v1\j00975.mat
j00976,500,150,05_resultados\revisao_operacional\evento_adiantado_corrigido_v1\j00976.mat
j00977,500,150,05_resultados\revisao_operacional\campanha_v1\j00977.mat
j00978,500,150,05_resultados\revisao_operacional\campanha_v1\j00978.mat
j00979,500,150,05_resultados\revisao_operacional\campanha_v1\j00979.mat
j00980,500,150,05_resultados\revisao_operacional\campanha_v1\j00980.mat
j00981,500,150,05_resultados\revisao_operacional\evento_adiantado_corrigido_v1\j00981.mat
j00982,500,150,05_resultados\revisao_operacional\campanha_v1\j00982.mat
j00983,500,150,05_resultados\revisao_operacional\campanha_v1\j00983.mat
j00984,500,150,05_resultados\revisao_operacional\campanha_v1\j00984.mat
j00985,500,150,05_resultados\revisao_operacional\campanha_v1\j00985.mat
j00986,500,150,05_resultados\revisao_operacional\evento_adiantado_corrigido_v1\j00986.mat
j00987,500,150,05_resultados\revisao_operacional\campanha_v1\j00987.mat
j00988,500,150,05_resultados\revisao_operacional\campanha_v1\j00988.mat
j00989,500,150,05_resultados\revisao_operacional\campanha_v1\j00989.mat
j00990,500,150,05_resultados\revisao_operacional\campanha_v1\j00990.mat
j00991,500,150,05_resultados\revisao_operacional\evento_adiantado_corrigido_v1\j00991.mat
j00992,500,150,05_resultados\revisao_operacional\campanha_v1\j00992.mat
j00993,500,150,05_resultados\revisao_operacional\campanha_v1\j00993.mat
j00994,500,150,05_resultados\revisao_operacional\campanha_v1\j00994.mat
j00995,500,150,05_resultados\revisao_operacional\campanha_v1\j00995.mat
j00996,500,150,05_resultados\revisao_operacional\evento_adiantado_corrigido_v1\j00996.mat
j00997,500,150,05_resultados\revisao_operacional\campanha_v1\j00997.mat
j00998,500,150,05_resultados\revisao_operacional\campanha_v1\j00998.mat
j00999,500,150,05_resultados\revisao_operacional\campanha_v1\j00999.mat
j01000,500,150,05_resultados\revisao_operacional\campanha_v1\j01000.mat
j01001,500,150,05_resultados\revisao_operacional\evento_adiantado_corrigido_v1\j01001.mat
j01002,500,150,05_resultados\revisao_operacional\campanha_v1\j01002.mat
j01003,500,150,05_resultados\revisao_operacional\campanha_v1\j01003.mat
j01004,500,150,05_resultados\revisao_operacional\campanha_v1\j01004.mat
j01005,500,150,05_resultados\revisao_operacional\campanha_v1\j01005.mat
j01006,500,150,05_resultados\revisao_operacional\evento_adiantado_corrigido_v1\j01006.mat
j01007,500,150,05_resultados\revisao_operacional\campanha_v1\j01007.mat
j01008,500,150,05_resultados\revisao_operacional\campanha_v1\j01008.mat
j01009,500,150,05_resultados\revisao_operacional\campanha_v1\j01009.mat
j01010,500,150,05_resultados\revisao_operacional\campanha_v1\j01010.mat
j01011,500,150,05_resultados\revisao_operacional\evento_adiantado_corrigido_v1\j01011.mat
j01012,500,150,05_resultados\revisao_operacional\campanha_v1\j01012.mat
j01013,500,150,05_resultados\revisao_operacional\campanha_v1\j01013.mat
j01014,500,150,05_resultados\revisao_operacional\campanha_v1\j01014.mat
j01015,500,150,05_resultados\revisao_operacional\campanha_v1\j01015.mat
j01016,500,150,05_resultados\revisao_operacional\evento_adiantado_corrigido_v1\j01016.mat
j01017,500,150,05_resultados\revisao_operacional\campanha_v1\j01017.mat
j01018,500,150,05_resultados\revisao_operacional\campanha_v1\j01018.mat
j01019,500,150,05_resultados\revisao_operacional\campanha_v1\j01019.mat
j01020,500,150,05_resultados\revisao_operacional\campanha_v1\j01020.mat
j01021,500,150,05_resultados\revisao_operacional\evento_adiantado_corrigido_v1\j01021.mat
j01022,500,150,05_resultados\revisao_operacional\campanha_v1\j01022.mat
j01023,500,150,05_resultados\revisao_operacional\campanha_v1\j01023.mat
j01024,500,150,05_resultados\revisao_operacional\campanha_v1\j01024.mat
j01025,500,150,05_resultados\revisao_operacional\campanha_v1\j01025.mat
j01026,500,150,05_resultados\revisao_operacional\evento_adiantado_corrigido_v1\j01026.mat
j01027,500,150,05_resultados\revisao_operacional\campanha_v1\j01027.mat
j01028,500,150,05_resultados\revisao_operacional\campanha_v1\j01028.mat
j01029,500,150,05_resultados\revisao_operacional\campanha_v1\j01029.mat
j01030,500,150,05_resultados\revisao_operacional\campanha_v1\j01030.mat
j01031,500,150,05_resultados\revisao_operacional\evento_adiantado_corrigido_v1\j01031.mat
j01032,500,150,05_resultados\revisao_operacional\campanha_v1\j01032.mat
j01033,500,150,05_resultados\revisao_operacional\campanha_v1\j01033.mat
j01034,500,150,05_resultados\revisao_operacional\campanha_v1\j01034.mat
j01035,500,150,05_resultados\revisao_operacional\campanha_v1\j01035.mat
j01036,500,150,05_resultados\revisao_operacional\evento_adiantado_corrigido_v1\j01036.mat
j01037,500,150,05_resultados\revisao_operacional\campanha_v1\j01037.mat
j01038,500,150,05_resultados\revisao_operacional\campanha_v1\j01038.mat
j01039,500,150,05_resultados\revisao_operacional\campanha_v1\j01039.mat
j01040,500,150,05_resultados\revisao_operacional\campanha_v1\j01040.mat
j01041,500,150,05_resultados\revisao_operacional\evento_adiantado_corrigido_v1\j01041.mat
j01042,500,150,05_resultados\revisao_operacional\campanha_v1\j01042.mat
j01043,500,150,05_resultados\revisao_operacional\campanha_v1\j01043.mat
j01044,500,150,05_resultados\revisao_operacional\campanha_v1\j01044.mat
j01045,500,150,05_resultados\revisao_operacional\campanha_v1\j01045.mat
j01046,500,150,05_resultados\revisao_operacional\evento_adiantado_corrigido_v1\j01046.mat
j01047,500,150,05_resultados\revisao_operacional\campanha_v1\j01047.mat
j01048,500,150,05_resultados\revisao_operacional\campanha_v1\j01048.mat
j01049,500,150,05_resultados\revisao_operacional\campanha_v1\j01049.mat
j01050,500,150,05_resultados\revisao_operacional\campanha_v1\j01050.mat
j01051,500,150,05_resultados\revisao_operacional\evento_adiantado_corrigido_v1\j01051.mat
j01052,500,150,05_resultados\revisao_operacional\campanha_v1\j01052.mat
j01053,500,150,05_resultados\revisao_operacional\campanha_v1\j01053.mat
j01054,500,150,05_resultados\revisao_operacional\campanha_v1\j01054.mat
j01055,500,150,05_resultados\revisao_operacional\campanha_v1\j01055.mat
j01056,500,150,05_resultados\revisao_operacional\evento_adiantado_corrigido_v1\j01056.mat
j01057,500,150,05_resultados\revisao_operacional\campanha_v1\j01057.mat
j01058,500,150,05_resultados\revisao_operacional\campanha_v1\j01058.mat
j01059,500,150,05_resultados\revisao_operacional\campanha_v1\j01059.mat
j01060,500,150,05_resultados\revisao_operacional\campanha_v1\j01060.mat
j01061,500,150,05_resultados\revisao_operacional\evento_adiantado_corrigido_v1\j01061.mat
j01062,500,150,05_resultados\revisao_operacional\campanha_v1\j01062.mat
j01063,500,150,05_resultados\revisao_operacional\campanha_v1\j01063.mat
j01064,500,150,05_resultados\revisao_operacional\campanha_v1\j01064.mat
j01065,500,150,05_resultados\revisao_operacional\campanha_v1\j01065.mat
j01066,500,150,05_resultados\revisao_operacional\evento_adiantado_corrigido_v1\j01066.mat
j01067,500,150,05_resultados\revisao_operacional\campanha_v1\j01067.mat
j01068,500,150,05_resultados\revisao_operacional\campanha_v1\j01068.mat
j01069,500,150,05_resultados\revisao_operacional\campanha_v1\j01069.mat
j01070,500,150,05_resultados\revisao_operacional\campanha_v1\j01070.mat
j01071,500,150,05_resultados\revisao_operacional\evento_adiantado_corrigido_v1\j01071.mat
j01072,500,150,05_resultados\revisao_operacional\campanha_v1\j01072.mat
j01073,500,150,05_resultados\revisao_operacional\campanha_v1\j01073.mat
j01074,500,150,05_resultados\revisao_operacional\campanha_v1\j01074.mat
j01075,500,150,05_resultados\revisao_operacional\campanha_v1\j01075.mat
j01076,500,150,05_resultados\revisao_operacional\evento_adiantado_corrigido_v1\j01076.mat
j01077,500,150,05_resultados\revisao_operacional\campanha_v1\j01077.mat
j01078,500,150,05_resultados\revisao_operacional\campanha_v1\j01078.mat
j01079,500,150,05_resultados\revisao_operacional\campanha_v1\j01079.mat
j01080,500,150,05_resultados\revisao_operacional\campanha_v1\j01080.mat
j01081,500,150,05_resultados\revisao_operacional\evento_adiantado_corrigido_v1\j01081.mat
j01082,500,150,05_resultados\revisao_operacional\campanha_v1\j01082.mat
j01083,500,150,05_resultados\revisao_operacional\campanha_v1\j01083.mat
j01084,500,150,05_resultados\revisao_operacional\campanha_v1\j01084.mat
j01085,500,150,05_resultados\revisao_operacional\campanha_v1\j01085.mat
j01086,500,150,05_resultados\revisao_operacional\evento_adiantado_corrigido_v1\j01086.mat
j01087,500,150,05_resultados\revisao_operacional\campanha_v1\j01087.mat
j01088,500,150,05_resultados\revisao_operacional\campanha_v1\j01088.mat
j01089,500,150,05_resultados\revisao_operacional\campanha_v1\j01089.mat
j01090,500,150,05_resultados\revisao_operacional\campanha_v1\j01090.mat
j01091,500,150,05_resultados\revisao_operacional\evento_adiantado_corrigido_v1\j01091.mat
j01092,500,150,05_resultados\revisao_operacional\campanha_v1\j01092.mat
j01093,500,150,05_resultados\revisao_operacional\campanha_v1\j01093.mat
j01094,500,150,05_resultados\revisao_operacional\campanha_v1\j01094.mat
j01095,500,150,05_resultados\revisao_operacional\campanha_v1\j01095.mat
j01096,500,150,05_resultados\revisao_operacional\evento_adiantado_corrigido_v1\j01096.mat
j01097,500,150,05_resultados\revisao_operacional\campanha_v1\j01097.mat
j01098,500,150,05_resultados\revisao_operacional\campanha_v1\j01098.mat
j01099,500,150,05_resultados\revisao_operacional\campanha_v1\j01099.mat
j01100,500,150,05_resultados\revisao_operacional\campanha_v1\j01100.mat
j01101,500,150,05_resultados\revisao_operacional\evento_adiantado_corrigido_v1\j01101.mat
j01102,500,150,05_resultados\revisao_operacional\campanha_v1\j01102.mat
j01103,500,150,05_resultados\revisao_operacional\campanha_v1\j01103.mat
j01104,500,150,05_resultados\revisao_operacional\campanha_v1\j01104.mat
j01105,500,150,05_resultados\revisao_operacional\campanha_v1\j01105.mat
j01106,500,150,05_resultados\revisao_operacional\evento_adiantado_corrigido_v1\j01106.mat
j01107,500,150,05_resultados\revisao_operacional\campanha_v1\j01107.mat
j01108,500,150,05_resultados\revisao_operacional\campanha_v1\j01108.mat
j01109,500,150,05_resultados\revisao_operacional\campanha_v1\j01109.mat
j01110,500,150,05_resultados\revisao_operacional\campanha_v1\j01110.mat
j01111,500,150,05_resultados\revisao_operacional\evento_adiantado_corrigido_v1\j01111.mat
j01112,500,150,05_resultados\revisao_operacional\campanha_v1\j01112.mat
j01113,500,150,05_resultados\revisao_operacional\campanha_v1\j01113.mat
j01114,500,150,05_resultados\revisao_operacional\campanha_v1\j01114.mat
j01115,500,150,05_resultados\revisao_operacional\campanha_v1\j01115.mat
j01116,500,150,05_resultados\revisao_operacional\evento_adiantado_corrigido_v1\j01116.mat
j01117,500,150,05_resultados\revisao_operacional\campanha_v1\j01117.mat
j01118,500,150,05_resultados\revisao_operacional\campanha_v1\j01118.mat
j01119,500,150,05_resultados\revisao_operacional\campanha_v1\j01119.mat
j01120,500,150,05_resultados\revisao_operacional\campanha_v1\j01120.mat
j01121,500,150,05_resultados\revisao_operacional\evento_adiantado_corrigido_v1\j01121.mat
j01122,500,150,05_resultados\revisao_operacional\campanha_v1\j01122.mat
j01123,500,150,05_resultados\revisao_operacional\campanha_v1\j01123.mat
j01124,500,150,05_resultados\revisao_operacional\campanha_v1\j01124.mat
j01125,500,150,05_resultados\revisao_operacional\campanha_v1\j01125.mat
j01126,500,150,05_resultados\revisao_operacional\evento_adiantado_corrigido_v1\j01126.mat
j01127,500,150,05_resultados\revisao_operacional\campanha_v1\j01127.mat
j01128,500,150,05_resultados\revisao_operacional\campanha_v1\j01128.mat
j01129,500,150,05_resultados\revisao_operacional\campanha_v1\j01129.mat
j01130,500,150,05_resultados\revisao_operacional\campanha_v1\j01130.mat
j01131,500,150,05_resultados\revisao_operacional\evento_adiantado_corrigido_v1\j01131.mat
j01132,500,150,05_resultados\revisao_operacional\campanha_v1\j01132.mat
j01133,500,150,05_resultados\revisao_operacional\campanha_v1\j01133.mat
j01134,500,150,05_resultados\revisao_operacional\campanha_v1\j01134.mat
j01135,500,150,05_resultados\revisao_operacional\campanha_v1\j01135.mat
j01136,500,150,05_resultados\revisao_operacional\evento_adiantado_corrigido_v1\j01136.mat
j01137,500,150,05_resultados\revisao_operacional\campanha_v1\j01137.mat
j01138,500,150,05_resultados\revisao_operacional\campanha_v1\j01138.mat
j01139,500,150,05_resultados\revisao_operacional\campanha_v1\j01139.mat
j01140,500,150,05_resultados\revisao_operacional\campanha_v1\j01140.mat
j01141,500,150,05_resultados\revisao_operacional\evento_adiantado_corrigido_v1\j01141.mat
j01142,500,150,05_resultados\revisao_operacional\campanha_v1\j01142.mat
j01143,500,150,05_resultados\revisao_operacional\campanha_v1\j01143.mat
j01144,500,150,05_resultados\revisao_operacional\campanha_v1\j01144.mat
j01145,500,150,05_resultados\revisao_operacional\campanha_v1\j01145.mat
j01146,500,150,05_resultados\revisao_operacional\evento_adiantado_corrigido_v1\j01146.mat
j01147,500,150,05_resultados\revisao_operacional\campanha_v1\j01147.mat
j01148,500,150,05_resultados\revisao_operacional\campanha_v1\j01148.mat
j01149,500,150,05_resultados\revisao_operacional\campanha_v1\j01149.mat
j01150,500,150,05_resultados\revisao_operacional\campanha_v1\j01150.mat
j01151,500,150,05_resultados\revisao_operacional\evento_adiantado_corrigido_v1\j01151.mat
j01152,500,150,05_resultados\revisao_operacional\campanha_v1\j01152.mat
j01153,500,150,05_resultados\revisao_operacional\campanha_v1\j01153.mat
j01154,500,150,05_resultados\revisao_operacional\campanha_v1\j01154.mat
j01155,500,150,05_resultados\revisao_operacional\campanha_v1\j01155.mat
j01156,500,150,05_resultados\revisao_operacional\evento_adiantado_corrigido_v1\j01156.mat
j01157,500,150,05_resultados\revisao_operacional\campanha_v1\j01157.mat
j01158,500,150,05_resultados\revisao_operacional\campanha_v1\j01158.mat
j01159,500,150,05_resultados\revisao_operacional\campanha_v1\j01159.mat
j01160,500,150,05_resultados\revisao_operacional\campanha_v1\j01160.mat
j01161,500,150,05_resultados\revisao_operacional\evento_adiantado_corrigido_v1\j01161.mat
j01162,500,150,05_resultados\revisao_operacional\campanha_v1\j01162.mat
j01163,500,150,05_resultados\revisao_operacional\campanha_v1\j01163.mat
j01164,500,150,05_resultados\revisao_operacional\campanha_v1\j01164.mat
j01165,500,150,05_resultados\revisao_operacional\campanha_v1\j01165.mat
j01166,500,150,05_resultados\revisao_operacional\evento_adiantado_corrigido_v1\j01166.mat
j01167,500,150,05_resultados\revisao_operacional\campanha_v1\j01167.mat
j01168,500,150,05_resultados\revisao_operacional\campanha_v1\j01168.mat
j01169,500,150,05_resultados\revisao_operacional\campanha_v1\j01169.mat
j01170,500,150,05_resultados\revisao_operacional\campanha_v1\j01170.mat
j01171,500,150,05_resultados\revisao_operacional\evento_adiantado_corrigido_v1\j01171.mat
j01172,500,150,05_resultados\revisao_operacional\campanha_v1\j01172.mat
j01173,500,150,05_resultados\revisao_operacional\campanha_v1\j01173.mat
j01174,500,150,05_resultados\revisao_operacional\campanha_v1\j01174.mat
j01175,500,150,05_resultados\revisao_operacional\campanha_v1\j01175.mat
j01176,500,150,05_resultados\revisao_operacional\evento_adiantado_corrigido_v1\j01176.mat
j01177,500,150,05_resultados\revisao_operacional\campanha_v1\j01177.mat
j01178,500,150,05_resultados\revisao_operacional\campanha_v1\j01178.mat
j01179,500,150,05_resultados\revisao_operacional\campanha_v1\j01179.mat
j01180,500,150,05_resultados\revisao_operacional\campanha_v1\j01180.mat
j01181,500,150,05_resultados\revisao_operacional\evento_adiantado_corrigido_v1\j01181.mat
j01182,500,150,05_resultados\revisao_operacional\campanha_v1\j01182.mat
j01183,500,150,05_resultados\revisao_operacional\campanha_v1\j01183.mat
j01184,500,150,05_resultados\revisao_operacional\campanha_v1\j01184.mat
j01185,500,150,05_resultados\revisao_operacional\campanha_v1\j01185.mat
j01186,500,150,05_resultados\revisao_operacional\evento_adiantado_corrigido_v1\j01186.mat
j01187,500,150,05_resultados\revisao_operacional\campanha_v1\j01187.mat
j01188,500,150,05_resultados\revisao_operacional\campanha_v1\j01188.mat
j01189,500,150,05_resultados\revisao_operacional\campanha_v1\j01189.mat
j01190,500,150,05_resultados\revisao_operacional\campanha_v1\j01190.mat
j01191,500,150,05_resultados\revisao_operacional\evento_adiantado_corrigido_v1\j01191.mat
j01192,500,150,05_resultados\revisao_operacional\campanha_v1\j01192.mat
j01193,500,150,05_resultados\revisao_operacional\campanha_v1\j01193.mat
j01194,500,150,05_resultados\revisao_operacional\campanha_v1\j01194.mat
j01195,500,150,05_resultados\revisao_operacional\campanha_v1\j01195.mat
j01196,500,150,05_resultados\revisao_operacional\evento_adiantado_corrigido_v1\j01196.mat
j01197,500,150,05_resultados\revisao_operacional\campanha_v1\j01197.mat
j01198,500,150,05_resultados\revisao_operacional\campanha_v1\j01198.mat
j01199,500,150,05_resultados\revisao_operacional\campanha_v1\j01199.mat
j01200,500,150,05_resultados\revisao_operacional\campanha_v1\j01200.mat
j01201,500,150,05_resultados\revisao_operacional\evento_adiantado_corrigido_v1\j01201.mat
j01202,500,150,05_resultados\revisao_operacional\campanha_v1\j01202.mat
j01203,500,150,05_resultados\revisao_operacional\campanha_v1\j01203.mat
j01204,500,150,05_resultados\revisao_operacional\campanha_v1\j01204.mat
j01205,500,150,05_resultados\revisao_operacional\campanha_v1\j01205.mat
j01206,500,150,05_resultados\revisao_operacional\evento_adiantado_corrigido_v1\j01206.mat
j01207,500,150,05_resultados\revisao_operacional\campanha_v1\j01207.mat
j01208,500,150,05_resultados\revisao_operacional\campanha_v1\j01208.mat
j01209,500,150,05_resultados\revisao_operacional\campanha_v1\j01209.mat
j01210,500,150,05_resultados\revisao_operacional\campanha_v1\j01210.mat
j01211,500,150,05_resultados\revisao_operacional\evento_adiantado_corrigido_v1\j01211.mat
j01212,500,150,05_resultados\revisao_operacional\campanha_v1\j01212.mat
j01213,500,150,05_resultados\revisao_operacional\campanha_v1\j01213.mat
j01214,500,150,05_resultados\revisao_operacional\campanha_v1\j01214.mat
j01215,500,150,05_resultados\revisao_operacional\campanha_v1\j01215.mat
j01216,500,150,05_resultados\revisao_operacional\evento_adiantado_corrigido_v1\j01216.mat
j01217,500,150,05_resultados\revisao_operacional\campanha_v1\j01217.mat
j01218,500,150,05_resultados\revisao_operacional\campanha_v1\j01218.mat
j01219,500,150,05_resultados\revisao_operacional\campanha_v1\j01219.mat
j01220,500,150,05_resultados\revisao_operacional\campanha_v1\j01220.mat
j01221,500,150,05_resultados\revisao_operacional\evento_adiantado_corrigido_v1\j01221.mat
j01222,500,150,05_resultados\revisao_operacional\campanha_v1\j01222.mat
j01223,500,150,05_resultados\revisao_operacional\campanha_v1\j01223.mat
j01224,500,150,05_resultados\revisao_operacional\campanha_v1\j01224.mat
j01225,500,150,05_resultados\revisao_operacional\campanha_v1\j01225.mat
j01226,500,150,05_resultados\revisao_operacional\evento_adiantado_corrigido_v1\j01226.mat
j01227,500,150,05_resultados\revisao_operacional\campanha_v1\j01227.mat
j01228,500,150,05_resultados\revisao_operacional\campanha_v1\j01228.mat
j01229,500,150,05_resultados\revisao_operacional\campanha_v1\j01229.mat
j01230,500,150,05_resultados\revisao_operacional\campanha_v1\j01230.mat
j01231,500,150,05_resultados\revisao_operacional\evento_adiantado_corrigido_v1\j01231.mat
j01232,500,150,05_resultados\revisao_operacional\campanha_v1\j01232.mat
j01233,500,150,05_resultados\revisao_operacional\campanha_v1\j01233.mat
j01234,500,150,05_resultados\revisao_operacional\campanha_v1\j01234.mat
j01235,500,150,05_resultados\revisao_operacional\campanha_v1\j01235.mat
j01236,500,150,05_resultados\revisao_operacional\evento_adiantado_corrigido_v1\j01236.mat
j01237,500,150,05_resultados\revisao_operacional\campanha_v1\j01237.mat
j01238,500,150,05_resultados\revisao_operacional\campanha_v1\j01238.mat
j01239,500,150,05_resultados\revisao_operacional\campanha_v1\j01239.mat
j01240,500,150,05_resultados\revisao_operacional\campanha_v1\j01240.mat
j01241,500,150,05_resultados\revisao_operacional\evento_adiantado_corrigido_v1\j01241.mat
j01242,500,150,05_resultados\revisao_operacional\campanha_v1\j01242.mat
j01243,500,150,05_resultados\revisao_operacional\campanha_v1\j01243.mat
j01244,500,150,05_resultados\revisao_operacional\campanha_v1\j01244.mat
j01245,500,150,05_resultados\revisao_operacional\campanha_v1\j01245.mat
j01246,500,150,05_resultados\revisao_operacional\evento_adiantado_corrigido_v1\j01246.mat
j01247,500,150,05_resultados\revisao_operacional\campanha_v1\j01247.mat
j01248,500,150,05_resultados\revisao_operacional\campanha_v1\j01248.mat
j01249,500,150,05_resultados\revisao_operacional\campanha_v1\j01249.mat
j01250,500,150,05_resultados\revisao_operacional\campanha_v1\j01250.mat
j01251,500,150,05_resultados\revisao_operacional\evento_adiantado_corrigido_v1\j01251.mat
j01252,500,150,05_resultados\revisao_operacional\campanha_v1\j01252.mat
j01253,500,150,05_resultados\revisao_operacional\campanha_v1\j01253.mat
j01254,500,150,05_resultados\revisao_operacional\campanha_v1\j01254.mat
j01255,500,150,05_resultados\revisao_operacional\campanha_v1\j01255.mat
j01256,500,150,05_resultados\revisao_operacional\evento_adiantado_corrigido_v1\j01256.mat
j01257,500,150,05_resultados\revisao_operacional\campanha_v1\j01257.mat
j01258,500,150,05_resultados\revisao_operacional\campanha_v1\j01258.mat
j01259,500,150,05_resultados\revisao_operacional\campanha_v1\j01259.mat
j01260,500,150,05_resultados\revisao_operacional\campanha_v1\j01260.mat
j01261,500,150,05_resultados\revisao_operacional\evento_adiantado_corrigido_v1\j01261.mat
j01262,500,150,05_resultados\revisao_operacional\campanha_v1\j01262.mat
j01263,500,150,05_resultados\revisao_operacional\campanha_v1\j01263.mat
j01264,500,150,05_resultados\revisao_operacional\campanha_v1\j01264.mat
j01265,500,150,05_resultados\revisao_operacional\campanha_v1\j01265.mat
j01266,500,150,05_resultados\revisao_operacional\evento_adiantado_corrigido_v1\j01266.mat
j01267,500,150,05_resultados\revisao_operacional\campanha_v1\j01267.mat
j01268,500,150,05_resultados\revisao_operacional\campanha_v1\j01268.mat
j01269,500,150,05_resultados\revisao_operacional\campanha_v1\j01269.mat
j01270,500,150,05_resultados\revisao_operacional\campanha_v1\j01270.mat
j01271,500,150,05_resultados\revisao_operacional\evento_adiantado_corrigido_v1\j01271.mat
j01272,500,150,05_resultados\revisao_operacional\campanha_v1\j01272.mat
j01273,500,150,05_resultados\revisao_operacional\campanha_v1\j01273.mat
j01274,500,150,05_resultados\revisao_operacional\campanha_v1\j01274.mat
j01275,500,150,05_resultados\revisao_operacional\campanha_v1\j01275.mat
j01276,500,150,05_resultados\revisao_operacional\evento_adiantado_corrigido_v1\j01276.mat
j01277,500,150,05_resultados\revisao_operacional\campanha_v1\j01277.mat
j01278,500,150,05_resultados\revisao_operacional\campanha_v1\j01278.mat
j01279,500,150,05_resultados\revisao_operacional\campanha_v1\j01279.mat
j01280,500,150,05_resultados\revisao_operacional\campanha_v1\j01280.mat
j01281,500,150,05_resultados\revisao_operacional\evento_adiantado_corrigido_v1\j01281.mat
j01282,500,150,05_resultados\revisao_operacional\campanha_v1\j01282.mat
j01283,500,150,05_resultados\revisao_operacional\campanha_v1\j01283.mat
j01284,500,150,05_resultados\revisao_operacional\campanha_v1\j01284.mat
j01285,500,150,05_resultados\revisao_operacional\campanha_v1\j01285.mat
j01286,500,150,05_resultados\revisao_operacional\evento_adiantado_corrigido_v1\j01286.mat
j01287,500,150,05_resultados\revisao_operacional\campanha_v1\j01287.mat
j01288,500,150,05_resultados\revisao_operacional\campanha_v1\j01288.mat
j01289,500,150,05_resultados\revisao_operacional\campanha_v1\j01289.mat
j01290,500,150,05_resultados\revisao_operacional\campanha_v1\j01290.mat
j01291,500,150,05_resultados\revisao_operacional\evento_adiantado_corrigido_v1\j01291.mat
j01292,500,150,05_resultados\revisao_operacional\campanha_v1\j01292.mat
j01293,500,150,05_resultados\revisao_operacional\campanha_v1\j01293.mat
j01294,500,150,05_resultados\revisao_operacional\campanha_v1\j01294.mat
j01295,500,150,05_resultados\revisao_operacional\campanha_v1\j01295.mat
j01296,500,150,05_resultados\revisao_operacional\evento_adiantado_corrigido_v1\j01296.mat
j01297,500,150,05_resultados\revisao_operacional\campanha_v1\j01297.mat
j01298,500,150,05_resultados\revisao_operacional\campanha_v1\j01298.mat
j01299,500,150,05_resultados\revisao_operacional\campanha_v1\j01299.mat
j01300,500,150,05_resultados\revisao_operacional\campanha_v1\j01300.mat
j01301,500,150,05_resultados\revisao_operacional\evento_adiantado_corrigido_v1\j01301.mat
j01302,500,150,05_resultados\revisao_operacional\campanha_v1\j01302.mat
j01303,500,150,05_resultados\revisao_operacional\campanha_v1\j01303.mat
j01304,500,150,05_resultados\revisao_operacional\campanha_v1\j01304.mat
j01305,500,150,05_resultados\revisao_operacional\campanha_v1\j01305.mat
j01306,500,150,05_resultados\revisao_operacional\evento_adiantado_corrigido_v1\j01306.mat
j01307,500,150,05_resultados\revisao_operacional\campanha_v1\j01307.mat
j01308,500,150,05_resultados\revisao_operacional\campanha_v1\j01308.mat
j01309,500,150,05_resultados\revisao_operacional\campanha_v1\j01309.mat
j01310,500,150,05_resultados\revisao_operacional\campanha_v1\j01310.mat
j01311,500,150,05_resultados\revisao_operacional\evento_adiantado_corrigido_v1\j01311.mat
j01312,500,150,05_resultados\revisao_operacional\campanha_v1\j01312.mat
j01313,500,150,05_resultados\revisao_operacional\campanha_v1\j01313.mat
j01314,500,150,05_resultados\revisao_operacional\campanha_v1\j01314.mat
j01315,500,150,05_resultados\revisao_operacional\campanha_v1\j01315.mat
j01316,500,150,05_resultados\revisao_operacional\evento_adiantado_corrigido_v1\j01316.mat
j01317,500,150,05_resultados\revisao_operacional\campanha_v1\j01317.mat
j01318,500,150,05_resultados\revisao_operacional\campanha_v1\j01318.mat
j01319,500,150,05_resultados\revisao_operacional\campanha_v1\j01319.mat
j01320,500,150,05_resultados\revisao_operacional\campanha_v1\j01320.mat
j01321,500,150,05_resultados\revisao_operacional\evento_adiantado_corrigido_v1\j01321.mat
j01322,500,150,05_resultados\revisao_operacional\campanha_v1\j01322.mat
j01323,500,150,05_resultados\revisao_operacional\campanha_v1\j01323.mat
j01324,500,150,05_resultados\revisao_operacional\campanha_v1\j01324.mat
j01325,500,150,05_resultados\revisao_operacional\campanha_v1\j01325.mat
j01326,500,150,05_resultados\revisao_operacional\evento_adiantado_corrigido_v1\j01326.mat
j01327,500,150,05_resultados\revisao_operacional\campanha_v1\j01327.mat
j01328,500,150,05_resultados\revisao_operacional\campanha_v1\j01328.mat
j01329,500,150,05_resultados\revisao_operacional\campanha_v1\j01329.mat
j01330,500,150,05_resultados\revisao_operacional\campanha_v1\j01330.mat
j01331,500,150,05_resultados\revisao_operacional\evento_adiantado_corrigido_v1\j01331.mat
j01332,500,150,05_resultados\revisao_operacional\campanha_v1\j01332.mat
j01333,500,150,05_resultados\revisao_operacional\campanha_v1\j01333.mat
j01334,500,150,05_resultados\revisao_operacional\campanha_v1\j01334.mat
j01335,500,150,05_resultados\revisao_operacional\campanha_v1\j01335.mat
j01336,500,150,05_resultados\revisao_operacional\evento_adiantado_corrigido_v1\j01336.mat
j01337,500,150,05_resultados\revisao_operacional\campanha_v1\j01337.mat
j01338,500,150,05_resultados\revisao_operacional\campanha_v1\j01338.mat
j01339,500,150,05_resultados\revisao_operacional\campanha_v1\j01339.mat
j01340,500,150,05_resultados\revisao_operacional\campanha_v1\j01340.mat
j01341,500,150,05_resultados\revisao_operacional\evento_adiantado_corrigido_v1\j01341.mat
j01342,500,150,05_resultados\revisao_operacional\campanha_v1\j01342.mat
j01343,500,150,05_resultados\revisao_operacional\campanha_v1\j01343.mat
j01344,500,150,05_resultados\revisao_operacional\campanha_v1\j01344.mat
j01345,500,150,05_resultados\revisao_operacional\campanha_v1\j01345.mat
j01346,500,150,05_resultados\revisao_operacional\evento_adiantado_corrigido_v1\j01346.mat
j01347,500,150,05_resultados\revisao_operacional\campanha_v1\j01347.mat
j01348,500,150,05_resultados\revisao_operacional\campanha_v1\j01348.mat
j01349,500,150,05_resultados\revisao_operacional\campanha_v1\j01349.mat
j01350,500,150,05_resultados\revisao_operacional\campanha_v1\j01350.mat
j01351,500,150,05_resultados\revisao_operacional\evento_adiantado_corrigido_v1\j01351.mat
j01352,500,150,05_resultados\revisao_operacional\campanha_v1\j01352.mat
j01353,500,150,05_resultados\revisao_operacional\campanha_v1\j01353.mat
j01354,500,150,05_resultados\revisao_operacional\campanha_v1\j01354.mat
j01355,500,150,05_resultados\revisao_operacional\campanha_v1\j01355.mat
j01356,500,150,05_resultados\revisao_operacional\evento_adiantado_corrigido_v1\j01356.mat
j01357,500,150,05_resultados\revisao_operacional\campanha_v1\j01357.mat
j01358,500,150,05_resultados\revisao_operacional\campanha_v1\j01358.mat
j01359,500,150,05_resultados\revisao_operacional\campanha_v1\j01359.mat
j01360,500,150,05_resultados\revisao_operacional\campanha_v1\j01360.mat
j01361,500,150,05_resultados\revisao_operacional\evento_adiantado_corrigido_v1\j01361.mat
j01362,500,150,05_resultados\revisao_operacional\campanha_v1\j01362.mat
j01363,500,150,05_resultados\revisao_operacional\campanha_v1\j01363.mat
j01364,500,150,05_resultados\revisao_operacional\campanha_v1\j01364.mat
j01365,500,150,05_resultados\revisao_operacional\campanha_v1\j01365.mat
j01366,500,150,05_resultados\revisao_operacional\evento_adiantado_corrigido_v1\j01366.mat
j01367,500,150,05_resultados\revisao_operacional\campanha_v1\j01367.mat
j01368,500,150,05_resultados\revisao_operacional\campanha_v1\j01368.mat
j01369,500,150,05_resultados\revisao_operacional\campanha_v1\j01369.mat
j01370,500,150,05_resultados\revisao_operacional\campanha_v1\j01370.mat
j01371,500,150,05_resultados\revisao_operacional\evento_adiantado_corrigido_v1\j01371.mat
j01372,500,150,05_resultados\revisao_operacional\campanha_v1\j01372.mat
j01373,500,150,05_resultados\revisao_operacional\campanha_v1\j01373.mat
j01374,500,150,05_resultados\revisao_operacional\campanha_v1\j01374.mat
j01375,500,150,05_resultados\revisao_operacional\campanha_v1\j01375.mat
j01376,500,150,05_resultados\revisao_operacional\evento_adiantado_corrigido_v1\j01376.mat
j01377,500,150,05_resultados\revisao_operacional\campanha_v1\j01377.mat
j01378,500,150,05_resultados\revisao_operacional\campanha_v1\j01378.mat
j01379,500,150,05_resultados\revisao_operacional\campanha_v1\j01379.mat
j01380,500,150,05_resultados\revisao_operacional\campanha_v1\j01380.mat
j01381,500,150,05_resultados\revisao_operacional\evento_adiantado_corrigido_v1\j01381.mat
j01382,500,150,05_resultados\revisao_operacional\campanha_v1\j01382.mat
j01383,500,150,05_resultados\revisao_operacional\campanha_v1\j01383.mat
j01384,500,150,05_resultados\revisao_operacional\campanha_v1\j01384.mat
j01385,500,150,05_resultados\revisao_operacional\campanha_v1\j01385.mat
j01386,500,150,05_resultados\revisao_operacional\evento_adiantado_corrigido_v1\j01386.mat
j01387,500,150,05_resultados\revisao_operacional\campanha_v1\j01387.mat
j01388,500,150,05_resultados\revisao_operacional\campanha_v1\j01388.mat
j01389,500,150,05_resultados\revisao_operacional\campanha_v1\j01389.mat
j01390,500,150,05_resultados\revisao_operacional\campanha_v1\j01390.mat
j01391,500,150,05_resultados\revisao_operacional\evento_adiantado_corrigido_v1\j01391.mat
j01392,500,150,05_resultados\revisao_operacional\campanha_v1\j01392.mat
j01393,500,150,05_resultados\revisao_operacional\campanha_v1\j01393.mat
j01394,500,150,05_resultados\revisao_operacional\campanha_v1\j01394.mat
j01395,500,150,05_resultados\revisao_operacional\campanha_v1\j01395.mat
j01396,500,150,05_resultados\revisao_operacional\evento_adiantado_corrigido_v1\j01396.mat
j01397,500,150,05_resultados\revisao_operacional\campanha_v1\j01397.mat
j01398,500,150,05_resultados\revisao_operacional\campanha_v1\j01398.mat
j01399,500,150,05_resultados\revisao_operacional\campanha_v1\j01399.mat
j01400,500,150,05_resultados\revisao_operacional\campanha_v1\j01400.mat
j01401,500,150,05_resultados\revisao_operacional\evento_adiantado_corrigido_v1\j01401.mat
j01402,500,150,05_resultados\revisao_operacional\campanha_v1\j01402.mat
j01403,500,150,05_resultados\revisao_operacional\campanha_v1\j01403.mat
j01404,500,150,05_resultados\revisao_operacional\campanha_v1\j01404.mat
j01405,500,150,05_resultados\revisao_operacional\campanha_v1\j01405.mat
j01406,500,150,05_resultados\revisao_operacional\evento_adiantado_corrigido_v1\j01406.mat
j01407,500,150,05_resultados\revisao_operacional\campanha_v1\j01407.mat
j01408,500,150,05_resultados\revisao_operacional\campanha_v1\j01408.mat
j01409,500,150,05_resultados\revisao_operacional\campanha_v1\j01409.mat
j01410,500,150,05_resultados\revisao_operacional\campanha_v1\j01410.mat
j01411,500,150,05_resultados\revisao_operacional\evento_adiantado_corrigido_v1\j01411.mat
j01412,500,150,05_resultados\revisao_operacional\campanha_v1\j01412.mat
j01413,500,150,05_resultados\revisao_operacional\campanha_v1\j01413.mat
j01414,500,150,05_resultados\revisao_operacional\campanha_v1\j01414.mat
j01415,500,150,05_resultados\revisao_operacional\campanha_v1\j01415.mat
j01416,500,150,05_resultados\revisao_operacional\evento_adiantado_corrigido_v1\j01416.mat
j01417,500,150,05_resultados\revisao_operacional\campanha_v1\j01417.mat
j01418,500,150,05_resultados\revisao_operacional\campanha_v1\j01418.mat
j01419,500,150,05_resultados\revisao_operacional\campanha_v1\j01419.mat
j01420,500,150,05_resultados\revisao_operacional\campanha_v1\j01420.mat
j01421,500,150,05_resultados\revisao_operacional\evento_adiantado_corrigido_v1\j01421.mat
j01422,500,150,05_resultados\revisao_operacional\campanha_v1\j01422.mat
j01423,500,150,05_resultados\revisao_operacional\campanha_v1\j01423.mat
j01424,500,150,05_resultados\revisao_operacional\campanha_v1\j01424.mat
j01425,500,150,05_resultados\revisao_operacional\campanha_v1\j01425.mat
j01426,500,150,05_resultados\revisao_operacional\evento_adiantado_corrigido_v1\j01426.mat
j01427,500,150,05_resultados\revisao_operacional\campanha_v1\j01427.mat
j01428,500,150,05_resultados\revisao_operacional\campanha_v1\j01428.mat
j01429,500,150,05_resultados\revisao_operacional\campanha_v1\j01429.mat
j01430,500,150,05_resultados\revisao_operacional\campanha_v1\j01430.mat
j01431,500,150,05_resultados\revisao_operacional\evento_adiantado_corrigido_v1\j01431.mat
j01432,500,150,05_resultados\revisao_operacional\campanha_v1\j01432.mat
j01433,500,150,05_resultados\revisao_operacional\campanha_v1\j01433.mat
j01434,500,150,05_resultados\revisao_operacional\campanha_v1\j01434.mat
j01435,500,150,05_resultados\revisao_operacional\campanha_v1\j01435.mat
j01436,500,150,05_resultados\revisao_operacional\evento_adiantado_corrigido_v1\j01436.mat
j01437,500,150,05_resultados\revisao_operacional\campanha_v1\j01437.mat
j01438,500,150,05_resultados\revisao_operacional\campanha_v1\j01438.mat
j01439,500,150,05_resultados\revisao_operacional\campanha_v1\j01439.mat
j01440,500,150,05_resultados\revisao_operacional\campanha_v1\j01440.mat
j01441,500,150,05_resultados\revisao_operacional\evento_adiantado_corrigido_v1\j01441.mat
j01442,500,150,05_resultados\revisao_operacional\campanha_v1\j01442.mat
j01443,500,150,05_resultados\revisao_operacional\campanha_v1\j01443.mat
j01444,500,150,05_resultados\revisao_operacional\campanha_v1\j01444.mat
j01445,500,150,05_resultados\revisao_operacional\campanha_v1\j01445.mat
j01446,500,150,05_resultados\revisao_operacional\evento_adiantado_corrigido_v1\j01446.mat
j01447,500,150,05_resultados\revisao_operacional\campanha_v1\j01447.mat
j01448,500,150,05_resultados\revisao_operacional\campanha_v1\j01448.mat
j01449,500,150,05_resultados\revisao_operacional\campanha_v1\j01449.mat
j01450,500,150,05_resultados\revisao_operacional\campanha_v1\j01450.mat
j01451,500,150,05_resultados\revisao_operacional\evento_adiantado_corrigido_v1\j01451.mat
j01452,500,150,05_resultados\revisao_operacional\campanha_v1\j01452.mat
j01453,500,150,05_resultados\revisao_operacional\campanha_v1\j01453.mat
j01454,500,150,05_resultados\revisao_operacional\campanha_v1\j01454.mat
j01455,500,150,05_resultados\revisao_operacional\campanha_v1\j01455.mat
j01456,500,150,05_resultados\revisao_operacional\evento_adiantado_corrigido_v1\j01456.mat
j01457,500,150,05_resultados\revisao_operacional\campanha_v1\j01457.mat
j01458,500,150,05_resultados\revisao_operacional\campanha_v1\j01458.mat
j01459,500,150,05_resultados\revisao_operacional\campanha_v1\j01459.mat
j01460,500,150,05_resultados\revisao_operacional\campanha_v1\j01460.mat
j01461,500,150,05_resultados\revisao_operacional\evento_adiantado_corrigido_v1\j01461.mat
j01462,500,150,05_resultados\revisao_operacional\campanha_v1\j01462.mat
j01463,500,150,05_resultados\revisao_operacional\campanha_v1\j01463.mat
j01464,500,150,05_resultados\revisao_operacional\campanha_v1\j01464.mat
j01465,500,150,05_resultados\revisao_operacional\campanha_v1\j01465.mat
j01466,500,150,05_resultados\revisao_operacional\evento_adiantado_corrigido_v1\j01466.mat
j01467,500,150,05_resultados\revisao_operacional\campanha_v1\j01467.mat
j01468,500,150,05_resultados\revisao_operacional\campanha_v1\j01468.mat
j01469,500,150,05_resultados\revisao_operacional\campanha_v1\j01469.mat
j01470,500,150,05_resultados\revisao_operacional\campanha_v1\j01470.mat
j01471,500,150,05_resultados\revisao_operacional\evento_adiantado_corrigido_v1\j01471.mat
j01472,500,150,05_resultados\revisao_operacional\campanha_v1\j01472.mat
j01473,500,150,05_resultados\revisao_operacional\campanha_v1\j01473.mat
j01474,500,150,05_resultados\revisao_operacional\campanha_v1\j01474.mat
j01475,500,150,05_resultados\revisao_operacional\campanha_v1\j01475.mat
j01476,500,150,05_resultados\revisao_operacional\evento_adiantado_corrigido_v1\j01476.mat
j01477,500,150,05_resultados\revisao_operacional\campanha_v1\j01477.mat
j01478,500,150,05_resultados\revisao_operacional\campanha_v1\j01478.mat
j01479,500,150,05_resultados\revisao_operacional\campanha_v1\j01479.mat
j01480,500,150,05_resultados\revisao_operacional\campanha_v1\j01480.mat
j01481,500,150,05_resultados\revisao_operacional\evento_adiantado_corrigido_v1\j01481.mat
j01482,500,150,05_resultados\revisao_operacional\campanha_v1\j01482.mat
j01483,500,150,05_resultados\revisao_operacional\campanha_v1\j01483.mat
j01484,500,150,05_resultados\revisao_operacional\campanha_v1\j01484.mat
j01485,500,150,05_resultados\revisao_operacional\campanha_v1\j01485.mat
j01486,500,150,05_resultados\revisao_operacional\evento_adiantado_corrigido_v1\j01486.mat
j01487,500,150,05_resultados\revisao_operacional\campanha_v1\j01487.mat
j01488,500,150,05_resultados\revisao_operacional\campanha_v1\j01488.mat
j01489,500,150,05_resultados\revisao_operacional\campanha_v1\j01489.mat
j01490,500,150,05_resultados\revisao_operacional\campanha_v1\j01490.mat
j01491,500,150,05_resultados\revisao_operacional\evento_adiantado_corrigido_v1\j01491.mat
j01492,500,150,05_resultados\revisao_operacional\campanha_v1\j01492.mat
j01493,500,150,05_resultados\revisao_operacional\campanha_v1\j01493.mat
j01494,500,150,05_resultados\revisao_operacional\campanha_v1\j01494.mat
j01495,500,150,05_resultados\revisao_operacional\campanha_v1\j01495.mat
j01496,500,150,05_resultados\revisao_operacional\evento_adiantado_corrigido_v1\j01496.mat
j01497,500,150,05_resultados\revisao_operacional\campanha_v1\j01497.mat
j01498,500,150,05_resultados\revisao_operacional\campanha_v1\j01498.mat
j01499,500,150,05_resultados\revisao_operacional\campanha_v1\j01499.mat
j01500,500,150,05_resultados\revisao_operacional\campanha_v1\j01500.mat
j01501,500,150,05_resultados\revisao_operacional\evento_adiantado_corrigido_v1\j01501.mat
j01502,500,150,05_resultados\revisao_operacional\campanha_v1\j01502.mat
j01503,500,150,05_resultados\revisao_operacional\campanha_v1\j01503.mat
j01504,500,150,05_resultados\revisao_operacional\campanha_v1\j01504.mat
j01505,500,150,05_resultados\revisao_operacional\campanha_v1\j01505.mat
j01506,500,150,05_resultados\revisao_operacional\evento_adiantado_corrigido_v1\j01506.mat
j01507,500,150,05_resultados\revisao_operacional\campanha_v1\j01507.mat
j01508,500,150,05_resultados\revisao_operacional\campanha_v1\j01508.mat
j01509,500,150,05_resultados\revisao_operacional\campanha_v1\j01509.mat
j01510,500,150,05_resultados\revisao_operacional\campanha_v1\j01510.mat
j01511,500,150,05_resultados\revisao_operacional\evento_adiantado_corrigido_v1\j01511.mat
j01512,500,150,05_resultados\revisao_operacional\campanha_v1\j01512.mat
j01513,500,150,05_resultados\revisao_operacional\campanha_v1\j01513.mat
j01514,500,150,05_resultados\revisao_operacional\campanha_v1\j01514.mat
j01515,500,150,05_resultados\revisao_operacional\campanha_v1\j01515.mat
j01516,500,150,05_resultados\revisao_operacional\evento_adiantado_corrigido_v1\j01516.mat
j01517,500,150,05_resultados\revisao_operacional\campanha_v1\j01517.mat
j01518,500,150,05_resultados\revisao_operacional\campanha_v1\j01518.mat
j01519,500,150,05_resultados\revisao_operacional\campanha_v1\j01519.mat
j01520,500,150,05_resultados\revisao_operacional\campanha_v1\j01520.mat
j01521,500,150,05_resultados\revisao_operacional\evento_adiantado_corrigido_v1\j01521.mat
j01522,500,150,05_resultados\revisao_operacional\campanha_v1\j01522.mat
j01523,500,150,05_resultados\revisao_operacional\campanha_v1\j01523.mat
j01524,500,150,05_resultados\revisao_operacional\campanha_v1\j01524.mat
j01525,500,150,05_resultados\revisao_operacional\campanha_v1\j01525.mat
j01526,500,150,05_resultados\revisao_operacional\evento_adiantado_corrigido_v1\j01526.mat
j01527,500,150,05_resultados\revisao_operacional\campanha_v1\j01527.mat
j01528,500,150,05_resultados\revisao_operacional\campanha_v1\j01528.mat
j01529,500,150,05_resultados\revisao_operacional\campanha_v1\j01529.mat
j01530,500,150,05_resultados\revisao_operacional\campanha_v1\j01530.mat
j01531,500,150,05_resultados\revisao_operacional\evento_adiantado_corrigido_v1\j01531.mat
j01532,500,150,05_resultados\revisao_operacional\campanha_v1\j01532.mat
j01533,500,150,05_resultados\revisao_operacional\campanha_v1\j01533.mat
j01534,500,150,05_resultados\revisao_operacional\campanha_v1\j01534.mat
j01535,500,150,05_resultados\revisao_operacional\campanha_v1\j01535.mat
j01536,500,150,05_resultados\revisao_operacional\evento_adiantado_corrigido_v1\j01536.mat
j01537,500,150,05_resultados\revisao_operacional\campanha_v1\j01537.mat
j01538,500,150,05_resultados\revisao_operacional\campanha_v1\j01538.mat
j01539,500,150,05_resultados\revisao_operacional\campanha_v1\j01539.mat
j01540,500,150,05_resultados\revisao_operacional\campanha_v1\j01540.mat
j01541,500,150,05_resultados\revisao_operacional\evento_adiantado_corrigido_v1\j01541.mat
j01542,500,150,05_resultados\revisao_operacional\campanha_v1\j01542.mat
j01543,500,150,05_resultados\revisao_operacional\campanha_v1\j01543.mat
j01544,500,150,05_resultados\revisao_operacional\campanha_v1\j01544.mat
j01545,500,150,05_resultados\revisao_operacional\campanha_v1\j01545.mat
j01546,500,150,05_resultados\revisao_operacional\evento_adiantado_corrigido_v1\j01546.mat
j01547,500,150,05_resultados\revisao_operacional\campanha_v1\j01547.mat
j01548,500,150,05_resultados\revisao_operacional\campanha_v1\j01548.mat
j01549,500,150,05_resultados\revisao_operacional\campanha_v1\j01549.mat
j01550,500,150,05_resultados\revisao_operacional\campanha_v1\j01550.mat
j01551,500,150,05_resultados\revisao_operacional\evento_adiantado_corrigido_v1\j01551.mat
j01552,500,150,05_resultados\revisao_operacional\campanha_v1\j01552.mat
j01553,500,150,05_resultados\revisao_operacional\campanha_v1\j01553.mat
j01554,500,150,05_resultados\revisao_operacional\campanha_v1\j01554.mat
j01555,500,150,05_resultados\revisao_operacional\campanha_v1\j01555.mat
j01556,500,150,05_resultados\revisao_operacional\evento_adiantado_corrigido_v1\j01556.mat
j01557,500,150,05_resultados\revisao_operacional\campanha_v1\j01557.mat
j01558,500,150,05_resultados\revisao_operacional\campanha_v1\j01558.mat
j01559,500,150,05_resultados\revisao_operacional\campanha_v1\j01559.mat
j01560,500,150,05_resultados\revisao_operacional\campanha_v1\j01560.mat
j01561,500,150,05_resultados\revisao_operacional\evento_adiantado_corrigido_v1\j01561.mat
j01562,500,150,05_resultados\revisao_operacional\campanha_v1\j01562.mat
j01563,500,150,05_resultados\revisao_operacional\campanha_v1\j01563.mat
j01564,500,150,05_resultados\revisao_operacional\campanha_v1\j01564.mat
j01565,500,150,05_resultados\revisao_operacional\campanha_v1\j01565.mat
j01566,500,150,05_resultados\revisao_operacional\evento_adiantado_corrigido_v1\j01566.mat
j01567,500,150,05_resultados\revisao_operacional\campanha_v1\j01567.mat
j01568,500,150,05_resultados\revisao_operacional\campanha_v1\j01568.mat
j01569,500,150,05_resultados\revisao_operacional\campanha_v1\j01569.mat
j01570,500,150,05_resultados\revisao_operacional\campanha_v1\j01570.mat
j01571,500,150,05_resultados\revisao_operacional\evento_adiantado_corrigido_v1\j01571.mat
j01572,500,150,05_resultados\revisao_operacional\campanha_v1\j01572.mat
j01573,500,150,05_resultados\revisao_operacional\campanha_v1\j01573.mat
j01574,500,150,05_resultados\revisao_operacional\campanha_v1\j01574.mat
j01575,500,150,05_resultados\revisao_operacional\campanha_v1\j01575.mat
j01576,500,150,05_resultados\revisao_operacional\evento_adiantado_corrigido_v1\j01576.mat
j01577,500,150,05_resultados\revisao_operacional\campanha_v1\j01577.mat
j01578,500,150,05_resultados\revisao_operacional\campanha_v1\j01578.mat
j01579,500,150,05_resultados\revisao_operacional\campanha_v1\j01579.mat
j01580,500,150,05_resultados\revisao_operacional\campanha_v1\j01580.mat
j01581,500,150,05_resultados\revisao_operacional\evento_adiantado_corrigido_v1\j01581.mat
j01582,500,150,05_resultados\revisao_operacional\campanha_v1\j01582.mat
j01583,500,150,05_resultados\revisao_operacional\campanha_v1\j01583.mat
j01584,500,150,05_resultados\revisao_operacional\campanha_v1\j01584.mat
j01585,500,150,05_resultados\revisao_operacional\campanha_v1\j01585.mat
j01586,500,150,05_resultados\revisao_operacional\evento_adiantado_corrigido_v1\j01586.mat
j01587,500,150,05_resultados\revisao_operacional\campanha_v1\j01587.mat
j01588,500,150,05_resultados\revisao_operacional\campanha_v1\j01588.mat
j01589,500,150,05_resultados\revisao_operacional\campanha_v1\j01589.mat
j01590,500,150,05_resultados\revisao_operacional\campanha_v1\j01590.mat
j01591,500,150,05_resultados\revisao_operacional\evento_adiantado_corrigido_v1\j01591.mat
j01592,500,150,05_resultados\revisao_operacional\campanha_v1\j01592.mat
j01593,500,150,05_resultados\revisao_operacional\campanha_v1\j01593.mat
j01594,500,150,05_resultados\revisao_operacional\campanha_v1\j01594.mat
j01595,500,150,05_resultados\revisao_operacional\campanha_v1\j01595.mat
j01596,500,150,05_resultados\revisao_operacional\evento_adiantado_corrigido_v1\j01596.mat
j01597,500,150,05_resultados\revisao_operacional\campanha_v1\j01597.mat
j01598,500,150,05_resultados\revisao_operacional\campanha_v1\j01598.mat
j01599,500,150,05_resultados\revisao_operacional\campanha_v1\j01599.mat
j01600,500,150,05_resultados\revisao_operacional\campanha_v1\j01600.mat
j01601,500,150,05_resultados\revisao_operacional\evento_adiantado_corrigido_v1\j01601.mat
j01602,500,150,05_resultados\revisao_operacional\campanha_v1\j01602.mat
j01603,500,150,05_resultados\revisao_operacional\campanha_v1\j01603.mat
j01604,500,150,05_resultados\revisao_operacional\campanha_v1\j01604.mat
j01605,500,150,05_resultados\revisao_operacional\campanha_v1\j01605.mat
j01606,500,150,05_resultados\revisao_operacional\evento_adiantado_corrigido_v1\j01606.mat
j01607,500,150,05_resultados\revisao_operacional\campanha_v1\j01607.mat
j01608,500,150,05_resultados\revisao_operacional\campanha_v1\j01608.mat
j01609,500,150,05_resultados\revisao_operacional\campanha_v1\j01609.mat
j01610,500,150,05_resultados\revisao_operacional\campanha_v1\j01610.mat
j01611,500,150,05_resultados\revisao_operacional\evento_adiantado_corrigido_v1\j01611.mat
j01612,500,150,05_resultados\revisao_operacional\campanha_v1\j01612.mat
j01613,500,150,05_resultados\revisao_operacional\campanha_v1\j01613.mat
j01614,500,150,05_resultados\revisao_operacional\campanha_v1\j01614.mat
j01615,500,150,05_resultados\revisao_operacional\campanha_v1\j01615.mat
j01616,500,150,05_resultados\revisao_operacional\evento_adiantado_corrigido_v1\j01616.mat
j01617,500,150,05_resultados\revisao_operacional\campanha_v1\j01617.mat
j01618,500,150,05_resultados\revisao_operacional\campanha_v1\j01618.mat
j01619,500,150,05_resultados\revisao_operacional\campanha_v1\j01619.mat
j01620,500,150,05_resultados\revisao_operacional\campanha_v1\j01620.mat
j01621,500,150,05_resultados\revisao_operacional\evento_adiantado_corrigido_v1\j01621.mat
j01622,500,150,05_resultados\revisao_operacional\campanha_v1\j01622.mat
j01623,500,150,05_resultados\revisao_operacional\campanha_v1\j01623.mat
j01624,500,150,05_resultados\revisao_operacional\campanha_v1\j01624.mat
j01625,500,150,05_resultados\revisao_operacional\campanha_v1\j01625.mat
j01626,500,150,05_resultados\revisao_operacional\evento_adiantado_corrigido_v1\j01626.mat
j01627,500,150,05_resultados\revisao_operacional\campanha_v1\j01627.mat
j01628,500,150,05_resultados\revisao_operacional\campanha_v1\j01628.mat
j01629,500,150,05_resultados\revisao_operacional\campanha_v1\j01629.mat
j01630,500,150,05_resultados\revisao_operacional\campanha_v1\j01630.mat
j01631,500,150,05_resultados\revisao_operacional\evento_adiantado_corrigido_v1\j01631.mat
j01632,500,150,05_resultados\revisao_operacional\campanha_v1\j01632.mat
j01633,500,150,05_resultados\revisao_operacional\campanha_v1\j01633.mat
j01634,500,150,05_resultados\revisao_operacional\campanha_v1\j01634.mat
j01635,500,150,05_resultados\revisao_operacional\campanha_v1\j01635.mat
j01636,500,150,05_resultados\revisao_operacional\evento_adiantado_corrigido_v1\j01636.mat
j01637,500,150,05_resultados\revisao_operacional\campanha_v1\j01637.mat
j01638,500,150,05_resultados\revisao_operacional\campanha_v1\j01638.mat
j01639,500,150,05_resultados\revisao_operacional\campanha_v1\j01639.mat
j01640,500,150,05_resultados\revisao_operacional\campanha_v1\j01640.mat
j01641,500,150,05_resultados\revisao_operacional\evento_adiantado_corrigido_v1\j01641.mat
j01642,500,150,05_resultados\revisao_operacional\campanha_v1\j01642.mat
j01643,500,150,05_resultados\revisao_operacional\campanha_v1\j01643.mat
j01644,500,150,05_resultados\revisao_operacional\campanha_v1\j01644.mat
j01645,500,150,05_resultados\revisao_operacional\campanha_v1\j01645.mat
j01646,500,150,05_resultados\revisao_operacional\evento_adiantado_corrigido_v1\j01646.mat
j01647,500,150,05_resultados\revisao_operacional\campanha_v1\j01647.mat
j01648,500,150,05_resultados\revisao_operacional\campanha_v1\j01648.mat
j01649,500,150,05_resultados\revisao_operacional\campanha_v1\j01649.mat
j01650,500,150,05_resultados\revisao_operacional\campanha_v1\j01650.mat
j01651,500,150,05_resultados\revisao_operacional\evento_adiantado_corrigido_v1\j01651.mat
j01652,500,150,05_resultados\revisao_operacional\campanha_v1\j01652.mat
j01653,500,150,05_resultados\revisao_operacional\campanha_v1\j01653.mat
j01654,500,150,05_resultados\revisao_operacional\campanha_v1\j01654.mat
j01655,500,150,05_resultados\revisao_operacional\campanha_v1\j01655.mat
j01656,500,150,05_resultados\revisao_operacional\evento_adiantado_corrigido_v1\j01656.mat
j01657,500,150,05_resultados\revisao_operacional\campanha_v1\j01657.mat
j01658,500,150,05_resultados\revisao_operacional\campanha_v1\j01658.mat
j01659,500,150,05_resultados\revisao_operacional\campanha_v1\j01659.mat
j01660,500,150,05_resultados\revisao_operacional\campanha_v1\j01660.mat
j01661,500,150,05_resultados\revisao_operacional\evento_adiantado_corrigido_v1\j01661.mat
j01662,500,150,05_resultados\revisao_operacional\campanha_v1\j01662.mat
j01663,500,150,05_resultados\revisao_operacional\campanha_v1\j01663.mat
j01664,500,150,05_resultados\revisao_operacional\campanha_v1\j01664.mat
j01665,500,150,05_resultados\revisao_operacional\campanha_v1\j01665.mat
j01666,500,150,05_resultados\revisao_operacional\evento_adiantado_corrigido_v1\j01666.mat
j01667,500,150,05_resultados\revisao_operacional\campanha_v1\j01667.mat
j01668,500,150,05_resultados\revisao_operacional\campanha_v1\j01668.mat
j01669,500,150,05_resultados\revisao_operacional\campanha_v1\j01669.mat
j01670,500,150,05_resultados\revisao_operacional\campanha_v1\j01670.mat
j01671,500,150,05_resultados\revisao_operacional\evento_adiantado_corrigido_v1\j01671.mat
j01672,500,150,05_resultados\revisao_operacional\campanha_v1\j01672.mat
j01673,500,150,05_resultados\revisao_operacional\campanha_v1\j01673.mat
j01674,500,150,05_resultados\revisao_operacional\campanha_v1\j01674.mat
j01675,500,150,05_resultados\revisao_operacional\campanha_v1\j01675.mat
j01676,500,150,05_resultados\revisao_operacional\evento_adiantado_corrigido_v1\j01676.mat
j01677,500,150,05_resultados\revisao_operacional\campanha_v1\j01677.mat
j01678,500,150,05_resultados\revisao_operacional\campanha_v1\j01678.mat
j01679,500,150,05_resultados\revisao_operacional\campanha_v1\j01679.mat
j01680,500,150,05_resultados\revisao_operacional\campanha_v1\j01680.mat
j01681,500,150,05_resultados\revisao_operacional\evento_adiantado_corrigido_v1\j01681.mat
j01682,500,150,05_resultados\revisao_operacional\campanha_v1\j01682.mat
j01683,500,150,05_resultados\revisao_operacional\campanha_v1\j01683.mat
j01684,500,150,05_resultados\revisao_operacional\campanha_v1\j01684.mat
j01685,500,150,05_resultados\revisao_operacional\campanha_v1\j01685.mat
j01686,500,150,05_resultados\revisao_operacional\evento_adiantado_corrigido_v1\j01686.mat
j01687,500,150,05_resultados\revisao_operacional\campanha_v1\j01687.mat
j01688,500,150,05_resultados\revisao_operacional\campanha_v1\j01688.mat
j01689,500,150,05_resultados\revisao_operacional\campanha_v1\j01689.mat
j01690,500,150,05_resultados\revisao_operacional\campanha_v1\j01690.mat
j01691,500,150,05_resultados\revisao_operacional\evento_adiantado_corrigido_v1\j01691.mat
j01692,500,150,05_resultados\revisao_operacional\campanha_v1\j01692.mat
j01693,500,150,05_resultados\revisao_operacional\campanha_v1\j01693.mat
j01694,500,150,05_resultados\revisao_operacional\campanha_v1\j01694.mat
j01695,500,150,05_resultados\revisao_operacional\campanha_v1\j01695.mat
j01696,500,150,05_resultados\revisao_operacional\evento_adiantado_corrigido_v1\j01696.mat
j01697,500,150,05_resultados\revisao_operacional\campanha_v1\j01697.mat
j01698,500,150,05_resultados\revisao_operacional\campanha_v1\j01698.mat
j01699,500,150,05_resultados\revisao_operacional\campanha_v1\j01699.mat
j01700,500,150,05_resultados\revisao_operacional\campanha_v1\j01700.mat
j01701,500,150,05_resultados\revisao_operacional\evento_adiantado_corrigido_v1\j01701.mat
j01702,500,150,05_resultados\revisao_operacional\campanha_v1\j01702.mat
j01703,500,150,05_resultados\revisao_operacional\campanha_v1\j01703.mat
j01704,500,150,05_resultados\revisao_operacional\campanha_v1\j01704.mat
j01705,500,150,05_resultados\revisao_operacional\campanha_v1\j01705.mat
j01706,500,150,05_resultados\revisao_operacional\evento_adiantado_corrigido_v1\j01706.mat
j01707,500,150,05_resultados\revisao_operacional\campanha_v1\j01707.mat
j01708,500,150,05_resultados\revisao_operacional\campanha_v1\j01708.mat
j01709,500,150,05_resultados\revisao_operacional\campanha_v1\j01709.mat
j01710,500,150,05_resultados\revisao_operacional\campanha_v1\j01710.mat
j01711,500,150,05_resultados\revisao_operacional\evento_adiantado_corrigido_v1\j01711.mat
j01712,500,150,05_resultados\revisao_operacional\campanha_v1\j01712.mat
j01713,500,150,05_resultados\revisao_operacional\campanha_v1\j01713.mat
j01714,500,150,05_resultados\revisao_operacional\campanha_v1\j01714.mat
j01715,500,150,05_resultados\revisao_operacional\campanha_v1\j01715.mat
j01716,500,150,05_resultados\revisao_operacional\evento_adiantado_corrigido_v1\j01716.mat
j01717,500,150,05_resultados\revisao_operacional\campanha_v1\j01717.mat
j01718,500,150,05_resultados\revisao_operacional\campanha_v1\j01718.mat
j01719,500,150,05_resultados\revisao_operacional\campanha_v1\j01719.mat
j01720,500,150,05_resultados\revisao_operacional\campanha_v1\j01720.mat
j01721,500,150,05_resultados\revisao_operacional\evento_adiantado_corrigido_v1\j01721.mat
j01722,500,150,05_resultados\revisao_operacional\campanha_v1\j01722.mat
j01723,500,150,05_resultados\revisao_operacional\campanha_v1\j01723.mat
j01724,500,150,05_resultados\revisao_operacional\campanha_v1\j01724.mat
j01725,500,150,05_resultados\revisao_operacional\campanha_v1\j01725.mat
j01726,500,150,05_resultados\revisao_operacional\evento_adiantado_corrigido_v1\j01726.mat
j01727,500,150,05_resultados\revisao_operacional\campanha_v1\j01727.mat
j01728,500,150,05_resultados\revisao_operacional\campanha_v1\j01728.mat
j01729,500,150,05_resultados\revisao_operacional\campanha_v1\j01729.mat
j01730,500,150,05_resultados\revisao_operacional\campanha_v1\j01730.mat
j01731,500,150,05_resultados\revisao_operacional\evento_adiantado_corrigido_v1\j01731.mat
j01732,500,150,05_resultados\revisao_operacional\campanha_v1\j01732.mat
j01733,500,150,05_resultados\revisao_operacional\campanha_v1\j01733.mat
j01734,500,150,05_resultados\revisao_operacional\campanha_v1\j01734.mat
j01735,500,150,05_resultados\revisao_operacional\campanha_v1\j01735.mat
j01736,500,150,05_resultados\revisao_operacional\evento_adiantado_corrigido_v1\j01736.mat
j01737,500,150,05_resultados\revisao_operacional\campanha_v1\j01737.mat
j01738,500,150,05_resultados\revisao_operacional\campanha_v1\j01738.mat
j01739,500,150,05_resultados\revisao_operacional\campanha_v1\j01739.mat
j01740,500,150,05_resultados\revisao_operacional\campanha_v1\j01740.mat
j01741,500,150,05_resultados\revisao_operacional\evento_adiantado_corrigido_v1\j01741.mat
j01742,500,150,05_resultados\revisao_operacional\campanha_v1\j01742.mat
j01743,500,150,05_resultados\revisao_operacional\campanha_v1\j01743.mat
j01744,500,150,05_resultados\revisao_operacional\campanha_v1\j01744.mat
j01745,500,150,05_resultados\revisao_operacional\campanha_v1\j01745.mat
j01746,500,150,05_resultados\revisao_operacional\evento_adiantado_corrigido_v1\j01746.mat
j01747,400,0,05_resultados\revisao_operacional\campanha_v1\j01747.mat
j01748,200,0,05_resultados\revisao_operacional\campanha_v1\j01748.mat
j01749,500,150,05_resultados\revisao_operacional\evento_adiantado_corrigido_v1\j01749.mat
j01750,400,250,05_resultados\revisao_operacional\evento_adiantado_corrigido_v1\j01750.mat
j01751,220,0,05_resultados\revisao_operacional\campanha_v1\j01751.mat
j01751,340,0,05_resultados\revisao_operacional\campanha_v1\j01751.mat
j01751,700,0,05_resultados\revisao_operacional\campanha_v1\j01751.mat
j01752,979,0,05_resultados\revisao_operacional\campanha_v1\j01752.mat
j01753,290,0,05_resultados\revisao_operacional\campanha_v1\j01753.mat
j01753,296,0,05_resultados\revisao_operacional\campanha_v1\j01753.mat
j01753,311,0,05_resultados\revisao_operacional\campanha_v1\j01753.mat
j01753,437,0,05_resultados\revisao_operacional\campanha_v1\j01753.mat
j01753,1141,0,05_resultados\revisao_operacional\campanha_v1\j01753.mat
j01754,600,7200,05_resultados\revisao_operacional\campanha_v1\j01754.mat
j01755,600,7200,05_resultados\revisao_operacional\campanha_v1\j01755.mat
