id,group,scenario,ctrl,params_json,P_raw_kW,P_filtered_kW,filter_kW,E_raw_kWh,E_filtered_kWh,T_gt1_s,T_gt50_s,T_gt100_s,T_gt350_s,SOC_final,SOC_min,SOC_max,throughput_kWh,u_total_variation,source_violation_kW,fallback_pct,EFC,recovery_event_starts_s,recovery_s,SOC_at_events,soc_prediction_max_error_pp,soc_sign_mismatches,soc_prediction_violation_pp,ineq_residual,eq_residual,hess_cond,constraint_gram_cond,cycle_first_s,cycle_p50_s,cycle_p95_s,cycle_p99_s,cycle_max_s,qp_first_s,qp_p50_s,qp_p95_s,qp_p99_s,qp_max_s,assembly_first_s,assembly_p50_s,assembly_p95_s,assembly_p99_s,assembly_max_s,overruns,evidence,campaign,level,variant,weight,factor,forecast_shift,forecast_load_factor,event_mode,delay,trial
j00001,principal,carga_faixas,heuristico,{},90.97959895689502,90.97959895689502,1,0.06422892010570067,0.06379614904621922,10,2,0,0,59.512763752404986,57.8175199676872,60,19.28911586252646,600,0,0,0.019289115862526462,400,10,60,nan,0,nan,nan,nan,nan,nan,0.004099,8.3e-06,1.22e-05,0.00014155,0.0057702,nan,nan,nan,nan,nan,nan,nan,nan,nan,nan,0,05_resultados\revisao_operacional\campanha_v1\j00001.mat,campanha_v1,,,,,,,,,
j00002,principal,carga_faixas,heuristico_foresight,{},4.67481628589934,4.67481628589934,1,0.003300282757656243,0.002853638055887286,4,0,0,0,59.52125715462317,57.67728135795952,60,20.738049321606166,600,0,0,0.020738049321606167,400,4,59.877154566927075,nan,0,nan,nan,nan,nan,nan,0.0040862,9.3e-06,1.27e-05,0.0001105,0.0040862,nan,nan,nan,nan,nan,nan,nan,nan,nan,nan,0,05_resultados\revisao_operacional\campanha_v1\j00002.mat,campanha_v1,,,,,,,,,
j00003,principal,carga_faixas,miope_qp,{},102.78268126816418,102.78268126816418,1,0.03603544876850129,0.036030804299576176,2,1,1,0,59.24942167409445,57.779168614335155,60,18.28712308064124,1237.1857078008113,0,0,0.01828712308064124,400,2,59.97216934448677,nan,0,nan,nan,nan,nan,nan,0.7429611,0.0005965,0.0009254,0.00127845,0.7429611,0.1445282,0.0005237,0.0007983,0.0009953499999999999,0.1445282,nan,nan,nan,nan,nan,0,05_resultados\revisao_operacional\campanha_v1\j00003.mat,campanha_v1,,,,,,,,,
j00004,principal,carga_faixas,mpc_qp_v5,{},0.018079005862091435,0,1,5.021946077643592e-06,0,0,0,0,0,58.800152435350384,57.38583268897276,60,19.86108286620929,358.02293969361654,0,0,0.01986108286620929,400,0,59.62722863278806,0.014627091341246512,489,0,0,5.684341886080801e-13,333283.200808402,4015243775612013.0,0.2424054,0.021639,0.0309311,0.0365623,0.2424054,0.0887277,0.0173691,0.02546625,0.0305256,0.0887277,0.0893186,0.0039975,0.00531435,0.007434400000000001,0.0893186,0,05_resultados\revisao_operacional\campanha_v1\j00004.mat,campanha_v1,,,,,,,,,
j00005,principal,carga_faixas,mpc_qp_estocastico_3cen,{},5.684341886080802e-14,0,1,3.870980744665989e-15,0,0,0,0,0,53.36237430422523,52.46316486629204,60,40.532648137393316,759.2156301538412,0,0,0.040532648137393316,400,0,57.99375015852562,0.014640261611127414,860,0,0,1.1891643225681037e-10,666566.4016168036,8030487551224027.0,0.0584343,0.05165625,0.0630581,0.0709854,0.0891632,0.0267305,0.0391475,0.048915749999999994,0.055599350000000006,0.0753009,0.0167204,0.011731,0.0147423,0.01698505,0.0328482,0,05_resultados\revisao_operacional\campanha_v1\j00005.mat,campanha_v1,,,,,,,,,
j00006,principal,limite_fonte,heuristico,{},90.97959895689502,90.97959895689502,1,0.06422892010569978,0.06379614904621922,10,2,0,0,51.241592053355326,51.241592053355326,60,41.602437746560966,150,0,0,0.041602437746560965,200,10,60,nan,0,nan,nan,nan,nan,nan,0.0009792,8.2e-06,1.03e-05,1.56e-05,0.0009792,nan,nan,nan,nan,nan,nan,nan,nan,nan,nan,0,05_resultados\revisao_operacional\campanha_v1\j00006.mat,campanha_v1,,,,,,,,,
j00007,principal,limite_fonte,heuristico_foresight,{},4.67481628589934,4.67481628589934,1,0.00330028275765541,0.002853638055887286,4,0,0,0,51.105919538735456,51.105919538735456,60,42.24688219100541,150,0,0,0.04224688219100541,200,4,59.877154566927075,nan,0,nan,nan,nan,nan,nan,0.0017544,9e-06,1.135e-05,2.12e-05,0.0017544,nan,nan,nan,nan,nan,nan,nan,nan,nan,nan,0,05_resultados\revisao_operacional\campanha_v1\j00007.mat,campanha_v1,,,,,,,,,
j00008,principal,limite_fonte,miope_qp,{},102.78262296256007,102.78262296256007,1,0.03604968309237948,0.03603077190715091,2,1,1,0,51.23562864032509,51.23562864032509,60,41.63076395845623,330.24801284726226,0,0,0.041630763958456225,200,2,59.99998820295704,nan,0,nan,nan,nan,nan,nan,0.0074268,0.00061235,0.0008258,0.0010601500000000002,0.0074268,0.006006,0.0005439500000000001,0.0007301,0.00094405,0.006006,nan,nan,nan,nan,nan,0,05_resultados\revisao_operacional\campanha_v1\j00008.mat,campanha_v1,,,,,,,,,
j00009,principal,limite_fonte,mpc_qp_v5,{},5.684341886080802e-14,0,1,4.525834738384814e-15,0,0,0,0,0,50.83058161150191,50.83058161150191,60,43.55473734536567,152.33541664108074,0,0,0.04355473734536568,200,0,59.628468060794916,7.105427357601002e-15,0,0,0,4.547473508864641e-13,333283.200808402,4015243775612013.0,0.031873,0.02838535,0.03607135,0.0416247,0.0467299,0.0153729,0.0237921,0.030671999999999998,0.03526575,0.0407814,0.0045018,0.0042079000000000005,0.00545265,0.0066307,0.0125431,0,05_resultados\revisao_operacional\campanha_v1\j00009.mat,campanha_v1,,,,,,,,,
j00010,principal,limite_fonte,mpc_qp_estocastico_3cen,{},5.684341886080802e-14,0,1,2.4790046558741275e-15,0,0,0,0,0,38.276102023975945,38.276102023975945,60,103.1885153861141,472.7051040461688,0,0,0.10318851538611411,200,0,58.15878241415198,7.105427357601002e-15,0,0,0,0.0013687364045154027,666566.4042708572,8858386386927326.0,0.0490641,0.05730085,0.0662305,0.07739275,0.0948498,0.0323376,0.045549400000000004,0.05140585,0.05829445,0.0753655,0.0128801,0.0115984,0.014622900000000001,0.0188271,0.0289832,0,05_resultados\revisao_operacional\campanha_v1\j00010.mat,campanha_v1,,,,,,,,,
j00011,principal,perda_fonte,heuristico,{},592.6122638850534,592.6122638850534,1,14.754610453615202,14.754610453615202,150,150,150,150,57.93978528855198,56.5039066455025,60,24.16369944991276,850,0,0,0.02416369944991276,500,150,60,nan,0,nan,nan,nan,nan,nan,3.97e-05,7.8e-06,8.8e-06,1.735e-05,0.0004073,nan,nan,nan,nan,nan,nan,nan,nan,nan,nan,0,05_resultados\revisao_operacional\campanha_v1\j00011.mat,campanha_v1,,,,,,,,,
j00012,principal,perda_fonte,heuristico_foresight,{},362.4661767623983,362.4661767623983,1,14.59213408735375,14.59213408735375,150,150,150,150,57.54164304310025,56.110329959008375,60,26.00915945308827,850,0,0,0.02600915945308827,500,150,59.672412178472214,nan,0,nan,nan,nan,nan,nan,4.4e-05,8.7e-06,1e-05,3.12e-05,0.0003425,nan,nan,nan,nan,nan,nan,nan,nan,nan,nan,0,05_resultados\revisao_operacional\campanha_v1\j00012.mat,campanha_v1,,,,,,,,,
j00013,principal,perda_fonte,miope_qp,{},592.6116232891053,592.6116232891053,1,14.754610001373313,14.75461000137331,150,150,150,150,57.9147667951044,56.47501255161039,60,24.32134429297718,1150.0008251042025,0,0,0.02432134429297718,500,150,59.99996967342122,nan,0,nan,nan,nan,nan,nan,0.0012145,0.0006015,0.0008999500000000001,0.00118525,0.0095587,0.0010622,0.0005324500000000001,0.0007703,0.0010257,0.0084245,nan,nan,nan,nan,nan,0,05_resultados\revisao_operacional\campanha_v1\j00013.mat,campanha_v1,,,,,,,,,
j00014,principal,perda_fonte,mpc_qp_v5,{},350.0673643906158,350.0673643906158,1,14.583380890632919,14.583380890632919,150,150,150,150,57.09765980475696,55.703914844740474,60,27.741904277043087,1655.8768161818073,0,1.5833333333333335,0.027741904277043088,500,150,59.3449119390287,0.014570765323362878,733,0,0,0.003397654078071355,333283.200808402,4015243775612013.0,0.0258225,0.024389,0.0309332,0.039122199999999996,0.0522156,0.015674,0.020345099999999998,0.02646495,0.03468725,0.045637,0.0050517,0.0037892,0.004699,0.0052662,0.0076138,0,05_resultados\revisao_operacional\campanha_v1\j00014.mat,campanha_v1,,,,,,,,,
j00015,principal,perda_fonte,mpc_qp_estocastico_3cen,{},350.0000079452134,350.0000079452134,1,14.58333333895582,14.583333338955818,150,150,150,150,49.403721718446974,49.403721718446974,60,50.33232183737638,831.9827192014416,0,0,0.050332321837376376,500,150,56.199886737852154,7.105427357601002e-15,0,0,0,5.684341886080801e-13,666566.4042708572,8858386386927326.0,0.963796,0.05317085,0.08752165,0.1191224,0.963796,0.2157271,0.04092425,0.06881005000000001,0.10546610000000001,0.2157271,0.1108474,0.01187005,0.0149429,0.019186250000000002,0.1108474,0,05_resultados\revisao_operacional\evento_adiantado_corrigido_v1\j00015.mat,evento_adiantado_corrigido_v1,,,,,,,,,
j00016,principal,retorno_fonte,heuristico,{},592.6122638850534,592.6122638850534,1,24.476832675837425,24.476832675837425,250,250,250,250,55.60060400200221,54.16472535895272,60,35.27481056102387,850,0,0,0.03527481056102387,400,250,60,nan,0,nan,nan,nan,nan,nan,4.08e-05,8.2e-06,1.115e-05,1.5700000000000002e-05,5.81e-05,nan,nan,nan,nan,nan,nan,nan,nan,nan,nan,0,05_resultados\revisao_operacional\campanha_v1\j00016.mat,campanha_v1,,,,,,,,,
j00017,principal,retorno_fonte,heuristico_foresight,{},362.4661767623983,362.4661767623983,1,24.314356309575967,24.314356309575967,250,250,250,250,55.20246175655048,53.7711486724586,60,37.12027056419937,850,0,0,0.03712027056419937,400,250,59.672412178472214,nan,0,nan,nan,nan,nan,nan,4.63e-05,8.9e-06,1.15e-05,1.22e-05,4.63e-05,nan,nan,nan,nan,nan,nan,nan,nan,nan,nan,0,05_resultados\revisao_operacional\campanha_v1\j00017.mat,campanha_v1,,,,,,,,,
j00018,principal,retorno_fonte,miope_qp,{},592.6116232812492,592.6116232812492,1,24.47683222358999,24.47683222358999,250,250,250,250,55.57559206109521,54.13583744149566,60,35.432428045524624,1150.000811943182,0,0,0.03543242804552462,400,250,59.999975849857414,nan,0,nan,nan,nan,nan,nan,0.0011919,0.0005839,0.0007459999999999999,0.00090465,0.0011919,0.0010564,0.0005193,0.00065835,0.00079975,0.0010564,nan,nan,nan,nan,nan,0,05_resultados\revisao_operacional\campanha_v1\j00018.mat,campanha_v1,,,,,,,,,
j00019,principal,retorno_fonte,mpc_qp_v5,{},350.0896660016482,350.0896660016482,1,24.30561885715737,24.305618857157363,250,250,250,250,54.9158703479587,53.522115505168735,60,38.10550315460398,1598.2471837274877,0,2.3333333333333335,0.03810550315460398,400,250,59.5022901787971,0.014570942238293583,733,0,0,0.002188635578022513,333283.200808402,4015243775612013.0,0.0207974,0.024809499999999998,0.030685749999999998,0.039054,0.0978316,0.0151782,0.02062995,0.02622975,0.03448195,0.0934001,0.003911,0.00393465,0.004780049999999999,0.00511765,0.006216,0,05_resultados\revisao_operacional\campanha_v1\j00019.mat,campanha_v1,,,,,,,,,
j00020,principal,retorno_fonte,mpc_qp_estocastico_3cen,{},350.0000079439794,350.0000079439794,1,24.305555561188086,24.305555561188086,250,250,250,250,47.647629783195015,47.647629783195015,60,58.67375852982213,831.9828001877504,0,0,0.05867375852982213,400,250,56.78297585511572,7.105427357601002e-15,0,0,0,5.684341886080801e-13,666566.4042708572,8858386386927326.0,0.0591133,0.052812399999999995,0.06619195,0.1143206,0.1365542,0.0331137,0.0409693,0.05311135,0.10084055,0.1235063,0.0117138,0.011536000000000001,0.01358205,0.01484885,0.0171438,0,05_resultados\revisao_operacional\evento_adiantado_corrigido_v1\j00020.mat,evento_adiantado_corrigido_v1,,,,,,,,,
j00021,principal,multi_burst,heuristico,{},90.97959895689502,90.97959895689502,1,0.20550940327597353,0.20421109022992198,32,6,0,0,59.515824950778885,58.829675043486894,60,13.028594539481423,1500,0,0,0.013028594539481422,,,,nan,0,nan,nan,nan,nan,nan,4.18e-05,7.9e-06,1.02e-05,1.75e-05,7.88e-05,nan,nan,nan,nan,nan,nan,nan,nan,nan,nan,0,05_resultados\revisao_operacional\campanha_v1\j00021.mat,campanha_v1,,,,,,,,,
j00022,principal,multi_burst,heuristico_foresight,{},60.65306596721214,60.65306596721214,1,0.05272012833377145,0.05090451500122736,21,1,0,0,59.52024384141023,58.67376804474655,60,17.25943197654565,1500,0,0,0.01725943197654565,,,,nan,0,nan,nan,nan,nan,nan,4.26e-05,8.7e-06,1.1e-05,1.405e-05,4.26e-05,nan,nan,nan,nan,nan,nan,nan,nan,nan,nan,0,05_resultados\revisao_operacional\campanha_v1\j00022.mat,campanha_v1,,,,,,,,,
j00023,principal,multi_burst,miope_qp,{},108.89876702879235,108.89876702879235,1,0.11181569961457871,0.11181257841240368,6,3,3,0,59.74187425623582,59.04874506715448,60,14.722425201496351,3747.1860588605105,0,0,0.014722425201496352,,,,nan,0,nan,nan,nan,nan,nan,0.0011672,0.0005658,0.00070245,0.0008278000000000001,0.0011672,0.0010359,0.0005032,0.00061785,0.00074465,0.0010362,nan,nan,nan,nan,nan,0,05_resultados\revisao_operacional\campanha_v1\j00023.mat,campanha_v1,,,,,,,,,
j00024,principal,multi_burst,mpc_qp_v5,{},0.018156780309027454,0,1,1.580937663698325e-05,0,0,0,0,0,58.93780138418609,57.868900645312216,60,21.955742797713445,1159.684896590849,0,0,0.021955742797713444,,,,0.04372173386293099,1983,0,0,2.2737367544323206e-13,333283.200808402,4015243775612013.0,0.0193105,0.0233513,0.0292185,0.03230555,0.0359829,0.0140122,0.01889925,0.0245311,0.0272715,0.0312972,0.0037713,0.0039625500000000004,0.0048514000000000005,0.0053495999999999995,0.0066864,0,05_resultados\revisao_operacional\campanha_v1\j00024.mat,campanha_v1,,,,,,,,,
j00025,principal,multi_burst,mpc_qp_estocastico_3cen,{},5.684341886080802e-14,0,1,3.684339918415115e-15,0,0,0,0,0,53.01776098508628,52.0414967353629,60,43.699876904327134,2450.73225932527,0,0,0.04369987690432713,,,,0.09935640732840056,1908,0,0,5.650235834764317e-11,666566.4016168036,8030487551224027.0,0.0426411,0.048330899999999996,0.05954005,0.0683045,0.0830423,0.0278142,0.036267350000000004,0.046843,0.05563545,0.0661852,0.0125304,0.0113901,0.013375999999999999,0.01490815,0.0281153,0,05_resultados\revisao_operacional\campanha_v1\j00025.mat,campanha_v1,,,,,,,,,
j00026,principal,diploee_facility_stress,heuristico,{},2.6737464414123338,2.6737464414123338,1,0.07310999947789754,0.07232335768168296,100,0,0,0,59.177224605032066,59.177224605032066,60,3.9081831260976307,201.2206660841739,0,0,0.003908183126097631,979,43,60,nan,0,nan,nan,nan,nan,nan,4.46e-05,8.1e-06,1.01e-05,1.13e-05,0.0001386,nan,nan,nan,nan,nan,nan,nan,nan,nan,nan,0,05_resultados\revisao_operacional\campanha_v1\j00026.mat,campanha_v1,,,,,,,,,
j00027,principal,diploee_facility_stress,heuristico_foresight,{},2.6737464414123338,2.6737464414123338,1,0.07249888774416312,0.0719526996789059,100,0,0,0,59.175863815274646,59.175863815274646,60,3.9146468774454704,201.2206660841739,0,0,0.00391464687744547,979,43,59.998767865344405,nan,0,nan,nan,nan,nan,nan,7.37e-05,8.9e-06,1.12e-05,1.4e-05,7.37e-05,nan,nan,nan,nan,nan,nan,nan,nan,nan,nan,0,05_resultados\revisao_operacional\campanha_v1\j00027.mat,campanha_v1,,,,,,,,,
j00028,principal,diploee_facility_stress,miope_qp,{},6.974137104975853e-05,0,1,2.9411042934704695e-06,0,0,0,0,0,59.07471466133636,59.07471466133636,60.02258594047845,5.614297038841392,379.5822436915563,0,0,0.005614297038841392,979,0,59.91784129376295,nan,0,nan,nan,nan,nan,nan,0.0011685,0.0005957,0.00079075,0.00103815,0.0013645,0.0010315,0.0005310499999999999,0.0007093500000000001,0.00092275,0.0012305,nan,nan,nan,nan,nan,0,05_resultados\revisao_operacional\campanha_v1\j00028.mat,campanha_v1,,,,,,,,,
j00029,principal,diploee_facility_stress,mpc_qp_v5,{},0.0022154515462489144,0,1,6.154032119793264e-07,0,0,0,0,0,58.73566828778374,58.73566828778374,60.00001632939784,6.0057391528575845,179.57627151875275,0,0,0.006005739152857585,979,0,59.89664270420349,3.395371521719426e-06,842,0,0,6.821210263296962e-13,333283.200808402,4015243775612013.0,0.0202286,0.018970050000000002,0.030740299999999998,0.032509300000000005,0.0363976,0.0143162,0.0148076,0.0264709,0.02786945,0.0308192,0.0043623,0.00389945,0.00483525,0.0051441,0.0058121,0,05_resultados\revisao_operacional\campanha_v1\j00029.mat,campanha_v1,,,,,,,,,
j00030,principal,diploee_facility_stress,mpc_qp_estocastico_3cen,{},5.684341886080802e-14,0,1,4.377196907403815e-15,0,0,0,0,0,52.00797358065088,52.00797358065088,60,37.962125491908296,1041.8607542389925,0,0,0.0379621254919083,979,0,55.401073322425084,7.105427357601002e-15,0,0,0,1.6905232769204304e-10,666566.4016168036,8030487551224027.0,0.043251,0.05553735,0.06680225000000001,0.0702381,0.0819077,0.0292064,0.04352375,0.0541419,0.0575033,0.0675512,0.0111147,0.011476150000000001,0.01312315,0.0142472,0.0264853,0,05_resultados\revisao_operacional\campanha_v1\j00030.mat,campanha_v1,,,,,,,,,
j00031,principal,nvml_llama2_stress,heuristico,{},52.733566283621286,52.733566283621286,1,2.652817526156753,2.6512862062809943,499,2,0,0,54.450720231188306,54.450720231188306,60,26.359078901855423,17186.16868139141,0,0,0.02635907890185542,,,,nan,0,nan,nan,nan,nan,nan,4.42e-05,7.9e-06,1e-05,1.34e-05,4.42e-05,nan,nan,nan,nan,nan,nan,nan,nan,nan,nan,0,05_resultados\revisao_operacional\campanha_v1\j00031.mat,campanha_v1,,,,,,,,,
j00032,principal,nvml_llama2_stress,heuristico_foresight,{},48.5074773029627,48.5074773029627,1,2.6029660777031727,2.601101012216502,488,0,0,0,54.384711414695246,54.384711414695246,60,26.6726207801974,16766.704286992535,0,0,0.026672620780197397,,,,nan,0,nan,nan,nan,nan,nan,4.61e-05,8.8e-06,1.09e-05,1.31e-05,4.61e-05,nan,nan,nan,nan,nan,nan,nan,nan,nan,nan,0,05_resultados\revisao_operacional\campanha_v1\j00032.mat,campanha_v1,,,,,,,,,
j00033,principal,nvml_llama2_stress,miope_qp,{},28.37485229782584,28.37485229782584,1,0.17162806736239622,0.17162570590658627,44,0,0,0,53.47630758475184,53.47630758475184,60.000000839715995,31.11526317951477,39527.034067790635,0,0,0.03111526317951477,,,,nan,0,nan,nan,nan,nan,nan,0.0011763,0.00057985,0.00069905,0.0007874500000000001,0.0011763,0.0010341,0.0005169,0.00061695,0.0007043500000000001,0.0010341,nan,nan,nan,nan,nan,0,05_resultados\revisao_operacional\campanha_v1\j00033.mat,campanha_v1,,,,,,,,,
j00034,principal,nvml_llama2_stress,mpc_qp_v5,{},0.006557596080881467,0,1,3.533636677420038e-05,0,0,0,0,0,51.91455751499581,51.91455751499581,60,38.40585180376962,237.20969702497717,0,0,0.038405851803769625,,,,7.105427357601002e-15,0,0,0,2.0236257114447653e-11,333283.200808402,4015243775612013.0,0.018219,0.030968000000000002,0.03644185,0.0448317,0.0599859,0.0131069,0.02643665,0.031569349999999996,0.03913295,0.0543083,0.0035902,0.0040838,0.00506425,0.0054870000000000006,0.006558,0,05_resultados\revisao_operacional\campanha_v1\j00034.mat,campanha_v1,,,,,,,,,
j00035,principal,nvml_llama2_stress,mpc_qp_estocastico_3cen,{},5.684341886080802e-14,0,1,2.5062243946827323e-15,0,0,0,0,0,41.41761142162375,41.41761142162375,60,88.26634574728652,564.1553819869944,0,0,0.08826634574728652,,,,7.105427357601002e-15,0,0,0,0.006029580635413367,666566.4016168036,8030487551224027.0,0.0412614,0.0569746,0.06370035,0.06922,0.0846381,0.02654,0.045307150000000004,0.0503256,0.05534365,0.0697269,0.0119247,0.011377149999999999,0.01341755,0.015390850000000001,0.0245275,0,05_resultados\revisao_operacional\campanha_v1\j00035.mat,campanha_v1,,,,,,,,,
j00036,fairness,carga_faixas,heuristico,"{""common_slew"": 1, ""dPBESS_ref_max"": 120, ""dPBESS_ref_max_evento"": 120}",102.78367916551602,102.78367916551602,1,0.07256225343903387,0.07207333282122684,10,2,1,0,59.51618405520798,57.81470825854433,60,19.335271543828387,600,0,0,0.019335271543828386,400,10,60,nan,0,nan,nan,nan,nan,nan,0.0046744,8.5e-06,1.11e-05,0.00014355,0.005642,nan,nan,nan,nan,nan,nan,nan,nan,nan,nan,0,05_resultados\revisao_operacional\campanha_v1\j00036.mat,campanha_v1,120,,,,,,,,
j00037,fairness,carga_faixas,heuristico_foresight,"{""common_slew"": 1, ""dPBESS_ref_max"": 120, ""dPBESS_ref_max_evento"": 120}",4.67481628589934,4.67481628589934,1,0.003300282757656243,0.002853638055887286,4,0,0,0,59.52125715462317,57.67728135795952,60,20.738049321606166,600,0,0,0.020738049321606167,400,4,59.877154566927075,nan,0,nan,nan,nan,nan,nan,0.0041628,9.5e-06,1.1e-05,0.00010004999999999999,0.0041628,nan,nan,nan,nan,nan,nan,nan,nan,nan,nan,0,05_resultados\revisao_operacional\campanha_v1\j00037.mat,campanha_v1,120,,,,,,,,
j00038,fairness,carga_faixas,miope_qp,"{""common_slew"": 1, ""dPBESS_ref_max"": 120, ""dPBESS_ref_max_evento"": 120}",102.78268126816418,102.78268126816418,1,0.03603544876850129,0.036030804299576176,2,1,1,0,59.24942167409445,57.779168614335155,60,18.28712308064124,1237.1857078008113,0,0,0.01828712308064124,400,2,59.97216934448677,nan,0,nan,nan,nan,nan,nan,0.7429056,0.000575,0.00097845,0.0014168,0.7429056,0.1444302,0.00050055,0.00085635,0.0011472499999999998,0.1444302,nan,nan,nan,nan,nan,0,05_resultados\revisao_operacional\campanha_v1\j00038.mat,campanha_v1,120,,,,,,,,
j00039,fairness,carga_faixas,mpc_qp_v5,"{""common_slew"": 1, ""dPBESS_ref_max"": 120, ""dPBESS_ref_max_evento"": 120}",0.018087602382593104,0,1,5.024333999643974e-06,0,0,0,0,0,58.80087186350924,57.38655237260539,60,19.857663024355066,358.03972686688587,0,0,0.019857663024355068,400,0,59.62722919881179,0.014627090501889484,489,0,0,4.547473508864641e-13,333283.200808402,4015243775612013.0,0.2481036,0.0216384,0.0329897,0.03613975,0.2481036,0.0967286,0.0174213,0.0276504,0.0291781,0.0967286,0.0858075,0.00397915,0.0052187,0.0071788500000000005,0.0858075,0,05_resultados\revisao_operacional\campanha_v1\j00039.mat,campanha_v1,120,,,,,,,,
j00040,fairness,carga_faixas,mpc_qp_estocastico_3cen,"{""common_slew"": 1, ""dPBESS_ref_max"": 120, ""dPBESS_ref_max_evento"": 120}",5.684341886080802e-14,0,1,3.7503365093233884e-15,0,0,0,0,0,53.36237841848454,52.463168980995256,60,40.53262859021656,759.2038982176564,0,0,0.040532628590216564,400,0,57.99374961080938,0.01464026161082188,860,0,0,1.1880274541908875e-10,666566.4016168036,8030487551224027.0,0.0584746,0.0505901,0.05821375,0.06386145,0.0754229,0.0268352,0.03865095,0.045925850000000004,0.0519938,0.0632869,0.0166439,0.0114036,0.013573700000000001,0.0147855,0.0166439,0,05_resultados\revisao_operacional\campanha_v1\j00040.mat,campanha_v1,120,,,,,,,,
j00041,fairness,carga_faixas,heuristico,"{""common_slew"": 1, ""dPBESS_ref_max"": 200, ""dPBESS_ref_max_evento"": 200}",90.97959895689502,90.97959895689502,1,0.06422892010570061,0.06379614904621922,10,2,0,0,59.517907106258605,57.816141260772916,60,19.329991355989957,600,0,0,0.019329991355989957,400,10,60,nan,0,nan,nan,nan,nan,nan,0.000539,8.4e-06,1.0549999999999999e-05,2.4650000000000003e-05,0.0005964,nan,nan,nan,nan,nan,nan,nan,nan,nan,nan,0,05_resultados\revisao_operacional\campanha_v1\j00041.mat,campanha_v1,200,,,,,,,,
j00042,fairness,carga_faixas,heuristico_foresight,"{""common_slew"": 1, ""dPBESS_ref_max"": 200, ""dPBESS_ref_max_evento"": 200}",4.67481628589934,4.67481628589934,1,0.003300282757656244,0.002853638055887286,4,0,0,0,59.51681792497207,57.680468746153046,60,20.682769133767742,600,0,0,0.020682769133767744,400,4,59.877154566927075,nan,0,nan,nan,nan,nan,nan,0.0011513,9.6e-06,1.27e-05,1.955e-05,0.0011513,nan,nan,nan,nan,nan,nan,nan,nan,nan,nan,0,05_resultados\revisao_operacional\campanha_v1\j00042.mat,campanha_v1,200,,,,,,,,
j00043,fairness,carga_faixas,miope_qp,"{""common_slew"": 1, ""dPBESS_ref_max"": 200, ""dPBESS_ref_max_evento"": 200}",71.3052887014153,71.3052887014153,1,0.019813174732028427,0.019807024639282026,1,1,0,0,59.25008160676647,57.760607256323,60,18.476454219010296,1727.9149492874367,0,0,0.018476454219010296,400,1,59.95362924970418,nan,0,nan,nan,nan,nan,nan,0.0068582,0.0005948500000000001,0.00083205,0.0010738000000000002,0.0068582,0.0057941,0.00052575,0.0007243,0.0009375,0.0057941,nan,nan,nan,nan,nan,0,05_resultados\revisao_operacional\campanha_v1\j00043.mat,campanha_v1,200,,,,,,,,
j00044,fairness,carga_faixas,mpc_qp_v5,"{""common_slew"": 1, ""dPBESS_ref_max"": 200, ""dPBESS_ref_max_evento"": 200}",0.018083287134061266,0,1,5.0231353196875385e-06,0,0,0,0,0,58.80445916053478,57.39032820948357,60,19.838735484169895,358.15579424110837,0,0,0.019838735484169895,400,0,59.62722944090069,0.014627068887953953,489,0,0,5.684341886080801e-13,333283.200808402,4015243775612013.0,0.0298648,0.02141015,0.03080815,0.03920295,0.0467685,0.0141305,0.017336650000000002,0.0256055,0.033742,0.0416223,0.0044108,0.0039736500000000004,0.00514415,0.00566445,0.0081991,0,05_resultados\revisao_operacional\campanha_v1\j00044.mat,campanha_v1,200,,,,,,,,
j00045,fairness,carga_faixas,mpc_qp_estocastico_3cen,"{""common_slew"": 1, ""dPBESS_ref_max"": 200, ""dPBESS_ref_max_evento"": 200}",5.684341886080802e-14,0,1,3.9137503519661964e-15,0,0,0,0,0,53.362075521559355,52.46317606039853,60,40.530963508690554,759.1767033666786,0,0,0.04053096350869055,400,0,57.99375418000667,0.014640224412623581,860,0,0,3.751665644813329e-10,666566.4016168036,8030487551224027.0,0.0398934,0.0513556,0.05931355,0.06389405,0.088994,0.0252003,0.03978825,0.0470041,0.05157515,0.073993,0.0114681,0.01144405,0.013315500000000001,0.014626,0.0183655,0,05_resultados\revisao_operacional\campanha_v1\j00045.mat,campanha_v1,200,,,,,,,,
j00046,fairness,carga_faixas,heuristico,"{""common_slew"": 1, ""dPBESS_ref_max"": 400, ""dPBESS_ref_max_evento"": 400}",90.97959895689502,90.97959895689502,1,0.06422892010570067,0.06379614904621922,10,2,0,0,59.512763752404986,57.8175199676872,60,19.28911586252646,600,0,0,0.019289115862526462,400,10,60,nan,0,nan,nan,nan,nan,nan,5.25e-05,8.1e-06,1.07e-05,1.73e-05,8.9e-05,nan,nan,nan,nan,nan,nan,nan,nan,nan,nan,0,05_resultados\revisao_operacional\campanha_v1\j00046.mat,campanha_v1,400,,,,,,,,
j00047,fairness,carga_faixas,heuristico_foresight,"{""common_slew"": 1, ""dPBESS_ref_max"": 400, ""dPBESS_ref_max_evento"": 400}",4.67481628589934,4.67481628589934,1,0.0033002827576562913,0.002853638055887286,4,0,0,0,59.519591237785114,57.68184745306733,60,20.683560306970907,600,0,0,0.020683560306970907,400,4,59.877154566927075,nan,0,nan,nan,nan,nan,nan,4.37e-05,9e-06,1.185e-05,1.725e-05,4.76e-05,nan,nan,nan,nan,nan,nan,nan,nan,nan,nan,0,05_resultados\revisao_operacional\campanha_v1\j00047.mat,campanha_v1,400,,,,,,,,
j00048,fairness,carga_faixas,miope_qp,"{""common_slew"": 1, ""dPBESS_ref_max"": 400, ""dPBESS_ref_max_evento"": 400}",6.166924671902052e-05,0,1,3.9007093341399535e-06,0,0,0,0,0,59.21466408570572,57.724682524717494,60,18.649766223319197,2329.019963481828,0,0,0.018649766223319198,400,0,59.92133988866353,nan,0,nan,nan,nan,nan,nan,0.0012117,0.0005838,0.0007861999999999999,0.0010038999999999998,0.0013671,0.0010628,0.0005167,0.0006890500000000001,0.0008929,0.0012666,nan,nan,nan,nan,nan,0,05_resultados\revisao_operacional\campanha_v1\j00048.mat,campanha_v1,400,,,,,,,,
j00049,fairness,carga_faixas,mpc_qp_v5,"{""common_slew"": 1, ""dPBESS_ref_max"": 400, ""dPBESS_ref_max_evento"": 400}",0.018079005855952346,0,1,5.021946075901036e-06,0,0,0,0,0,58.79999205999154,57.385833075022276,60,19.86023491979811,358.00117042334523,0,0,0.01986023491979811,400,0,59.627229019210375,0.014627083697661192,489,0,0,7.958078640513122e-13,333283.200808402,4015243775612013.0,0.0226605,0.021319650000000002,0.02898555,0.031851199999999996,0.043068,0.0138568,0.0173088,0.0243975,0.0268555,0.0332426,0.0043712,0.0037568,0.00471095,0.0050643500000000004,0.0098603,0,05_resultados\revisao_operacional\campanha_v1\j00049.mat,campanha_v1,400,,,,,,,,
j00050,fairness,carga_faixas,mpc_qp_estocastico_3cen,"{""common_slew"": 1, ""dPBESS_ref_max"": 400, ""dPBESS_ref_max_evento"": 400}",5.684341886080802e-14,0,1,4.117275458649187e-15,0,0,0,0,0,53.3620460647146,52.46316915897239,60,40.53087757773431,759.1695061359508,0,0,0.04053087757773431,400,0,57.993754458068146,0.014640221812946663,860,0,0,2.8421709430404007e-11,666566.4016168036,8030487551224027.0,0.0410356,0.0517522,0.0624106,0.07052985,0.0784342,0.0253357,0.0400305,0.0482695,0.0561802,0.0636441,0.0122361,0.01141855,0.01392405,0.0156597,0.0284123,0,05_resultados\revisao_operacional\campanha_v1\j00050.mat,campanha_v1,400,,,,,,,,
j00051,ablacao,carga_faixas,mpc_qp_v5,"{""mpc_foresight_grid"": 0}",0.018079005862091435,0,1,5.021946077643592e-06,0,0,0,0,0,58.800152435350384,57.38583268897276,60,19.86108286620929,358.02293969361654,0,0,0.01986108286620929,400,0,59.62722863278806,0.014627091341246512,489,0,0,5.684341886080801e-13,333283.200808402,4015243775612013.0,0.0206873,0.02182535,0.0322213,0.03756865,0.0477034,0.0140926,0.017410000000000002,0.0271063,0.0313192,0.042006,0.0041868,0.0040611499999999995,0.00514385,0.00596605,0.008179,0,05_resultados\revisao_operacional\campanha_v1\j00051.mat,campanha_v1,,load_only,,,,,,,
j00052,ablacao,carga_faixas,mpc_qp_v5,"{""mpc_foresight_grid"": 0, ""mpc_foresight_load"": 0}",3.961595234438988,3.961595234438988,1,0.001100443120682477,0.0011004431206774966,1,0,0,0,58.71632027792423,57.302398634112606,60,20.25529935013151,792.4262827289438,0,0,0.020255299350131508,400,1,59.99863562207504,0.01459813560915535,491,0,0,3.410605131648481e-13,333283.200808402,4015243775612013.0,0.0214254,0.02061695,0.02805325,0.0303043,0.0392623,0.0145137,0.016792750000000002,0.023771050000000002,0.02516955,0.0335968,0.0040222,0.0036873,0.0044302000000000005,0.005223800000000001,0.0075219,0,05_resultados\revisao_operacional\campanha_v1\j00052.mat,campanha_v1,,no_preview,,,,,,,
j00053,ablacao,carga_faixas,mpc_qp_v5,"{""Nc_mpc"": 1, ""Np_mpc"": 1}",3.9021877003567056,3.9021877003567056,1,0.00108394102788078,0.0010839410278768627,1,0,0,0,53.555526586808284,53.01380789429769,60,36.03556351529938,789.3270603083632,0,0,0.03603556351529938,400,1,59.9995785857463,7.105427357601002e-15,0,0,0,2.2737367544323206e-13,33249.70894497384,4393469340288.3667,0.0727901,0.0013663,0.0020031,0.0026771,0.0727901,0.0278664,0.00106825,0.00157885,0.0019497,0.0278664,0.0356957,0.0001667,0.0002675,0.00033600000000000004,0.0356957,0,05_resultados\revisao_operacional\campanha_v1\j00053.mat,campanha_v1,,horizon1,,,,,,,
j00054,ablacao,carga_faixas,mpc_qp_v5,"{""disable_event_constraint"": 1}",0.2182924818152685,0,1,8.668931185116168e-05,0,0,0,0,0,58.808101370321445,57.39376618575136,60,19.823480010155343,358.7315207353881,0,0,0.019823480010155343,400,0,59.63176748339145,0.014629110587307537,489,0,0,2.2737367544323206e-13,333283.200808402,4015243775612013.0,0.0220013,0.020207450000000002,0.0251298,0.0310922,0.0352893,0.0138776,0.016156749999999998,0.0200587,0.026228750000000002,0.0295316,0.0061179,0.0038074,0.0047978,0.0054806,0.0090407,0,05_resultados\revisao_operacional\campanha_v1\j00054.mat,campanha_v1,,no_event,,,,,,,
j00055,fairness,limite_fonte,heuristico,"{""common_slew"": 1, ""dPBESS_ref_max"": 120, ""dPBESS_ref_max_evento"": 120}",102.78367916551602,102.78367916551602,1,0.07256225343903304,0.07207333282122684,10,2,1,0,51.24334643932026,51.24334643932026,60,41.59410441322763,150,0,0,0.04159410441322763,200,10,60,nan,0,nan,nan,nan,nan,nan,4.13e-05,8e-06,9.149999999999999e-06,1.21e-05,4.13e-05,nan,nan,nan,nan,nan,nan,nan,nan,nan,nan,0,05_resultados\revisao_operacional\campanha_v1\j00055.mat,campanha_v1,120,,,,,,,,
j00056,fairness,limite_fonte,heuristico_foresight,"{""common_slew"": 1, ""dPBESS_ref_max"": 120, ""dPBESS_ref_max_evento"": 120}",4.67481628589934,4.67481628589934,1,0.00330028275765541,0.002853638055887286,4,0,0,0,51.105919538735456,51.105919538735456,60,42.24688219100541,150,0,0,0.04224688219100541,200,4,59.877154566927075,nan,0,nan,nan,nan,nan,nan,4.71e-05,9e-06,1.22e-05,2.125e-05,5.37e-05,nan,nan,nan,nan,nan,nan,nan,nan,nan,nan,0,05_resultados\revisao_operacional\campanha_v1\j00056.mat,campanha_v1,120,,,,,,,,
j00057,fairness,limite_fonte,miope_qp,"{""common_slew"": 1, ""dPBESS_ref_max"": 120, ""dPBESS_ref_max_evento"": 120}",102.78262296256007,102.78262296256007,1,0.03604968309237948,0.03603077190715091,2,1,1,0,51.23562864032509,51.23562864032509,60,41.63076395845623,330.24801284726226,0,0,0.041630763958456225,200,2,59.99998820295704,nan,0,nan,nan,nan,nan,nan,0.0011756,0.0005876,0.0007563,0.00113285,0.0012125,0.0010365,0.0005222,0.00066295,0.00100615,0.0010606,nan,nan,nan,nan,nan,0,05_resultados\revisao_operacional\campanha_v1\j00057.mat,campanha_v1,120,,,,,,,,
j00058,fairness,limite_fonte,mpc_qp_v5,"{""common_slew"": 1, ""dPBESS_ref_max"": 120, ""dPBESS_ref_max_evento"": 120}",5.684341886080802e-14,0,1,4.961165522151722e-15,0,0,0,0,0,50.824770020248536,50.824770020248536,60,43.582342403819354,152.14742588911048,0,0,0.043582342403819356,200,0,59.62846866810756,7.105427357601002e-15,0,0,0,2.2737367544323206e-13,333283.200808402,4015243775612013.0,0.0212506,0.0249478,0.0274498,0.0335177,0.0382458,0.0152577,0.020806400000000003,0.0228123,0.028922,0.0333793,0.004164,0.0039211,0.00459915,0.0049756,0.0063516,0,05_resultados\revisao_operacional\campanha_v1\j00058.mat,campanha_v1,120,,,,,,,,
j00059,fairness,limite_fonte,mpc_qp_estocastico_3cen,"{""common_slew"": 1, ""dPBESS_ref_max"": 120, ""dPBESS_ref_max_evento"": 120}",5.684341886080802e-14,0,1,2.589533525881254e-15,0,0,0,0,0,38.27613380704462,38.27613380704462,60,103.18836441653832,472.69551101689154,0,0,0.10318836441653832,200,0,58.15878186748992,7.105427357601002e-15,0,0,0,1.3642420526593924e-11,666566.4042708572,8858386386927326.0,0.045608,0.05600695,0.0601799,0.0688952,0.0751782,0.0317456,0.04472835,0.04707065,0.05573805,0.0629517,0.0109676,0.01101535,0.012981050000000001,0.0142696,0.0172473,0,05_resultados\revisao_operacional\campanha_v1\j00059.mat,campanha_v1,120,,,,,,,,
j00060,fairness,limite_fonte,heuristico,"{""common_slew"": 1, ""dPBESS_ref_max"": 200, ""dPBESS_ref_max_evento"": 200}",90.97959895689502,90.97959895689502,1,0.06422892010569978,0.06379614904621922,10,2,0,0,51.241592053355326,51.241592053355326,60,41.602437746560966,150,0,0,0.041602437746560965,200,10,60,nan,0,nan,nan,nan,nan,nan,4.14e-05,7.9e-06,9.250000000000001e-06,1.39e-05,4.14e-05,nan,nan,nan,nan,nan,nan,nan,nan,nan,nan,0,05_resultados\revisao_operacional\campanha_v1\j00060.mat,campanha_v1,200,,,,,,,,
j00061,fairness,limite_fonte,heuristico_foresight,"{""common_slew"": 1, ""dPBESS_ref_max"": 200, ""dPBESS_ref_max_evento"": 200}",4.67481628589934,4.67481628589934,1,0.00330028275765541,0.002853638055887286,4,0,0,0,51.105919538735456,51.105919538735456,60,42.24688219100541,150,0,0,0.04224688219100541,200,4,59.877154566927075,nan,0,nan,nan,nan,nan,nan,4.59e-05,8.9e-06,9.7e-06,1.66e-05,8.05e-05,nan,nan,nan,nan,nan,nan,nan,nan,nan,nan,0,05_resultados\revisao_operacional\campanha_v1\j00061.mat,campanha_v1,200,,,,,,,,
j00062,fairness,limite_fonte,miope_qp,"{""common_slew"": 1, ""dPBESS_ref_max"": 200, ""dPBESS_ref_max_evento"": 200}",71.30519153523227,71.30519153523227,1,0.019831966664005756,0.01980699764867563,1,1,0,0,51.23219403092703,51.23219403092703,60,41.6470783530966,370.1505269870766,0,0,0.041647078353096605,200,1,59.999989496309084,nan,0,nan,nan,nan,nan,nan,0.0012439,0.00056125,0.00063995,0.00078415,0.0012439,0.0011113,0.0004996,0.0005676500000000001,0.0007052,0.0011113,nan,nan,nan,nan,nan,0,05_resultados\revisao_operacional\campanha_v1\j00062.mat,campanha_v1,200,,,,,,,,
j00063,fairness,limite_fonte,mpc_qp_v5,"{""common_slew"": 1, ""dPBESS_ref_max"": 200, ""dPBESS_ref_max_evento"": 200}",5.684341886080802e-14,0,1,4.769669751510185e-15,0,0,0,0,0,50.84490372525366,50.84490372525366,60,43.486707305045094,152.4576281369219,0,0,0.04348670730504509,200,0,59.62846954162151,7.105427357601002e-15,0,0,0,2.2737367544323206e-13,333283.200808402,4015243775612013.0,0.0194975,0.0274296,0.0302808,0.039250400000000005,0.0453505,0.0135344,0.02318875,0.02536365,0.0340916,0.040065,0.0041534,0.004008599999999999,0.00474795,0.0053763000000000005,0.0060951,0,05_resultados\revisao_operacional\campanha_v1\j00063.mat,campanha_v1,200,,,,,,,,
j00064,fairness,limite_fonte,mpc_qp_estocastico_3cen,"{""common_slew"": 1, ""dPBESS_ref_max"": 200, ""dPBESS_ref_max_evento"": 200}",5.684341886080802e-14,0,1,2.4276876805136757e-15,0,0,0,0,0,38.27365566903672,38.27365566903672,60,103.2001355720752,472.97775618071125,0,0,0.10320013557207519,200,0,58.15630430136228,7.105427357601002e-15,0,0,0,2.0804691303055733e-11,666566.4042708572,8858386386927326.0,0.0431133,0.05605905,0.060281600000000005,0.0695453,0.0805236,0.0284213,0.04487175,0.04691065,0.0563451,0.06933,0.0118094,0.010945449999999999,0.0126063,0.01379685,0.0160052,0,05_resultados\revisao_operacional\campanha_v1\j00064.mat,campanha_v1,200,,,,,,,,
j00065,fairness,limite_fonte,heuristico,"{""common_slew"": 1, ""dPBESS_ref_max"": 400, ""dPBESS_ref_max_evento"": 400}",90.97959895689502,90.97959895689502,1,0.06422892010569978,0.06379614904621922,10,2,0,0,51.241592053355326,51.241592053355326,60,41.602437746560966,150,0,0,0.041602437746560965,200,10,60,nan,0,nan,nan,nan,nan,nan,4.44e-05,8e-06,1.1e-05,1.77e-05,5.9e-05,nan,nan,nan,nan,nan,nan,nan,nan,nan,nan,0,05_resultados\revisao_operacional\campanha_v1\j00065.mat,campanha_v1,400,,,,,,,,
j00066,fairness,limite_fonte,heuristico_foresight,"{""common_slew"": 1, ""dPBESS_ref_max"": 400, ""dPBESS_ref_max_evento"": 400}",4.67481628589934,4.67481628589934,1,0.00330028275765541,0.002853638055887286,4,0,0,0,51.105919538735456,51.105919538735456,60,42.24688219100541,150,0,0,0.04224688219100541,200,4,59.877154566927075,nan,0,nan,nan,nan,nan,nan,4.84e-05,8.9e-06,1.12e-05,1.625e-05,4.84e-05,nan,nan,nan,nan,nan,nan,nan,nan,nan,nan,0,05_resultados\revisao_operacional\campanha_v1\j00066.mat,campanha_v1,400,,,,,,,,
j00067,fairness,limite_fonte,miope_qp,"{""common_slew"": 1, ""dPBESS_ref_max"": 400, ""dPBESS_ref_max_evento"": 400}",6.196130379976239e-05,0,1,1.677832328003363e-05,0,0,0,0,0,51.22438685415972,51.22438685415972,60,41.684162442741595,650.2590927473992,0,0,0.0416841624427416,200,0,59.99998905316002,nan,0,nan,nan,nan,nan,nan,0.0013258,0.0005666499999999999,0.0006301,0.0008010000000000001,0.0013258,0.0011773,0.0005047,0.00055445,0.00071375,0.0011773,nan,nan,nan,nan,nan,0,05_resultados\revisao_operacional\campanha_v1\j00067.mat,campanha_v1,400,,,,,,,,
j00068,fairness,limite_fonte,mpc_qp_v5,"{""common_slew"": 1, ""dPBESS_ref_max"": 400, ""dPBESS_ref_max_evento"": 400}",5.684341886080802e-14,0,1,4.7297163744113714e-15,0,0,0,0,0,50.83058232938712,50.83058232938712,60,43.554733935411306,152.33541679930528,0,0,0.04355473393541131,200,0,59.628468779604496,7.105427357601002e-15,0,0,0,5.684341886080801e-13,333283.200808402,4015243775612013.0,0.0188402,0.02696065,0.02858185,0.0311692,0.036573,0.0133463,0.022766599999999998,0.024050250000000002,0.0262292,0.0321107,0.003626,0.0039246,0.00456255,0.00494775,0.0067666,0,05_resultados\revisao_operacional\campanha_v1\j00068.mat,campanha_v1,400,,,,,,,,
j00069,fairness,limite_fonte,mpc_qp_estocastico_3cen,"{""common_slew"": 1, ""dPBESS_ref_max"": 400, ""dPBESS_ref_max_evento"": 400}",5.684341886080802e-14,0,1,2.636903041598594e-15,0,0,0,0,0,38.2736239603758,38.2736239603758,60,103.20028618821485,472.9860602460257,0,0,0.10320028618821485,200,0,58.156304349304506,7.105427357601002e-15,0,0,0,0.0013687322633586518,666566.4042708572,8858386386927326.0,0.0432763,0.055599449999999995,0.0603779,0.0678294,0.0756932,0.028149,0.0444103,0.0469105,0.0547628,0.0632096,0.012225,0.01098875,0.012634349999999999,0.01392175,0.0162657,0,05_resultados\revisao_operacional\campanha_v1\j00069.mat,campanha_v1,400,,,,,,,,
j00070,ablacao,limite_fonte,mpc_qp_v5,"{""mpc_foresight_grid"": 0}",5.684341886080802e-14,0,1,4.525834738384814e-15,0,0,0,0,0,50.83058161150191,50.83058161150191,60,43.55473734536567,152.33541664108074,0,0,0.04355473734536568,200,0,59.628468060794916,7.105427357601002e-15,0,0,0,4.547473508864641e-13,333283.200808402,4015243775612013.0,0.0211946,0.0278365,0.034801250000000006,0.0390845,0.0447546,0.0150114,0.02342205,0.03026235,0.03357865,0.0398542,0.0042687,0.00402485,0.004757549999999999,0.00524145,0.0063208,0,05_resultados\revisao_operacional\campanha_v1\j00070.mat,campanha_v1,,load_only,,,,,,,
j00071,ablacao,limite_fonte,mpc_qp_v5,"{""mpc_foresight_grid"": 0, ""mpc_foresight_load"": 0}",3.9626254986899596,3.9626254986899596,1,0.001100729305196056,0.0011007293051916555,1,0,0,0,50.747839322311435,50.747839322311435,60,43.94776321902109,592.1865403436988,0,0,0.043947763219021094,200,1,59.99961693009053,7.105427357601002e-15,0,0,0,2.2737367544323206e-13,333283.200808402,4015243775612013.0,0.0208708,0.0268755,0.02842955,0.0302334,0.0468466,0.0151076,0.02266165,0.024009799999999998,0.025342299999999998,0.0396714,0.0042098,0.00392595,0.0045815000000000005,0.0049336499999999995,0.0097456,0,05_resultados\revisao_operacional\campanha_v1\j00071.mat,campanha_v1,,no_preview,,,,,,,
j00072,ablacao,limite_fonte,mpc_qp_v5,"{""Nc_mpc"": 1, ""Np_mpc"": 1}",3.903116547912589,3.903116547912589,1,0.0010841990410897563,0.0010841990410868302,1,0,0,0,39.87176252431979,39.87176252431979,60,95.60912800948135,422.3020070848082,0,0,0.09560912800948135,200,1,59.9999965988805,7.105427357601002e-15,0,0,0,2.2737367544323206e-13,33249.70894497384,4393469340288.3667,0.002821,0.00167735,0.00228545,0.00273505,0.0042594,0.0018026,0.0013553,0.0018369,0.0022268,0.0027586,0.0004146,0.00018935,0.0002796,0.0003357,0.0022164,0,05_resultados\revisao_operacional\campanha_v1\j00072.mat,campanha_v1,,horizon1,,,,,,,
j00073,ablacao,limite_fonte,mpc_qp_v5,"{""disable_event_constraint"": 1}",0.09380091397363799,0,1,2.6055809441584588e-05,0,0,0,0,0,50.84460996066581,50.84460996066581,60,43.488102686837365,153.17204531238784,0,0,0.043488102686837365,200,0,59.633007113569256,7.105427357601002e-15,0,0,0,2.2737367544323206e-13,333283.200808402,4015243775612013.0,0.02305,0.02068755,0.02529825,0.031272049999999996,0.0346855,0.0161046,0.0163677,0.019930450000000002,0.025984399999999998,0.0286778,0.0051891,0.00406615,0.0050028,0.00546565,0.0060047,0,05_resultados\revisao_operacional\campanha_v1\j00073.mat,campanha_v1,,no_event,,,,,,,
j00074,fairness,perda_fonte,heuristico,"{""common_slew"": 1, ""dPBESS_ref_max"": 120, ""dPBESS_ref_max_evento"": 120}",592.6122638850534,592.6122638850534,1,14.754610453615202,14.754610453615202,150,150,150,150,57.90343641541995,56.47212333132807,60,24.29064093456975,850,0,0,0.02429064093456975,500,150,60,nan,0,nan,nan,nan,nan,nan,4.01e-05,8.1e-06,1.01e-05,1.485e-05,0.0007761,nan,nan,nan,nan,nan,nan,nan,nan,nan,nan,0,05_resultados\revisao_operacional\campanha_v1\j00074.mat,campanha_v1,120,,,,,,,,
j00075,fairness,perda_fonte,heuristico_foresight,"{""common_slew"": 1, ""dPBESS_ref_max"": 120, ""dPBESS_ref_max_evento"": 120}",362.4661767623983,362.4661767623983,1,14.59213408735375,14.59213408735375,150,150,150,150,57.54164304310025,56.110329959008375,60,26.00915945308827,850,0,0,0.02600915945308827,500,150,59.672412178472214,nan,0,nan,nan,nan,nan,nan,4.66e-05,8.9e-06,1.12e-05,2.7e-05,0.0002745,nan,nan,nan,nan,nan,nan,nan,nan,nan,nan,0,05_resultados\revisao_operacional\campanha_v1\j00075.mat,campanha_v1,120,,,,,,,,
j00076,fairness,perda_fonte,miope_qp,"{""common_slew"": 1, ""dPBESS_ref_max"": 120, ""dPBESS_ref_max_evento"": 120}",702.782623001418,702.782623001418,1,14.887942454570023,14.887942454570023,150,150,150,150,57.94283678071523,56.503082541757074,60,24.18801181590744,1150.000825262634,0,0,0.02418801181590744,500,150,59.99996967342122,nan,0,nan,nan,nan,nan,nan,0.0012507,0.0005587,0.0006182500000000001,0.0007672499999999999,0.0075879,0.0010757,0.0004972500000000001,0.00055125,0.0006816999999999999,0.0065692,nan,nan,nan,nan,nan,0,05_resultados\revisao_operacional\campanha_v1\j00076.mat,campanha_v1,120,,,,,,,,
j00077,fairness,perda_fonte,mpc_qp_v5,"{""common_slew"": 1, ""dPBESS_ref_max"": 120, ""dPBESS_ref_max_evento"": 120}",350.03756340362895,350.03756340362895,1,14.583359852008392,14.583359852008389,150,150,150,150,57.16360978242668,55.76986512307964,60,27.42863887246087,1675.7201581398106,0,1.6666666666666667,0.02742863887246087,500,150,59.41086665841995,0.01457075997567614,733,0,0,0.0002196839463977085,333283.200808402,4015243775612013.0,0.0203456,0.0237564,0.034500199999999995,0.03919655,0.0478227,0.0147308,0.0199625,0.03000805,0.0347422,0.041821,0.0037741,0.00373415,0.00444105,0.0047113,0.0052987,0,05_resultados\revisao_operacional\campanha_v1\j00077.mat,campanha_v1,120,,,,,,,,
j00078,fairness,perda_fonte,mpc_qp_estocastico_3cen,"{""common_slew"": 1, ""dPBESS_ref_max"": 120, ""dPBESS_ref_max_evento"": 120}",350.00040694774066,350.00040694774066,1,14.583333620637527,14.583333620637525,150,150,150,150,49.58510815966034,49.58510815966034,60,49.470736241614155,1791.9827100676644,0,0.33333333333333337,0.049470736241614154,500,150,56.381273143936745,7.105427357601002e-15,0,0,0,0.0702002980395946,666566.4042708572,8858386386927326.0,0.0564984,0.05332515,0.0802824,0.1152696,0.1346467,0.0332311,0.041122149999999996,0.06677005,0.10320770000000001,0.1219223,0.0118871,0.011685399999999999,0.013927249999999999,0.015261299999999998,0.0207648,0,05_resultados\revisao_operacional\evento_adiantado_corrigido_v1\j00078.mat,evento_adiantado_corrigido_v1,120,,,,,,,,
j00079,fairness,perda_fonte,heuristico,"{""common_slew"": 1, ""dPBESS_ref_max"": 200, ""dPBESS_ref_max_evento"": 200}",592.6122638850534,592.6122638850534,1,14.754610453615202,14.754610453615202,150,150,150,150,57.92247149334921,56.48872242120056,60,24.22461624744773,850,0,0,0.02422461624744773,500,150,60,nan,0,nan,nan,nan,nan,nan,3.96e-05,8e-06,1.02e-05,1.2600000000000001e-05,8.18e-05,nan,nan,nan,nan,nan,nan,nan,nan,nan,nan,0,05_resultados\revisao_operacional\campanha_v1\j00079.mat,campanha_v1,200,,,,,,,,
j00080,fairness,perda_fonte,heuristico_foresight,"{""common_slew"": 1, ""dPBESS_ref_max"": 200, ""dPBESS_ref_max_evento"": 200}",362.4661767623983,362.4661767623983,1,14.59213408735375,14.59213408735375,150,150,150,150,57.56067812102951,56.12692904888087,60,25.943134765966242,850,0,0,0.02594313476596624,500,150,59.672412178472214,nan,0,nan,nan,nan,nan,nan,4.62e-05,9e-06,1.15e-05,1.73e-05,4.97e-05,nan,nan,nan,nan,nan,nan,nan,nan,nan,nan,0,05_resultados\revisao_operacional\campanha_v1\j00080.mat,campanha_v1,200,,,,,,,,
j00081,fairness,perda_fonte,miope_qp,"{""common_slew"": 1, ""dPBESS_ref_max"": 200, ""dPBESS_ref_max_evento"": 200}",671.3051915696592,671.3051915696592,1,14.810165345295193,14.81016534529519,150,150,150,150,57.949780560406886,56.5064583221384,60,24.190755802834385,1150.0008162026163,0,0,0.024190755802834384,500,150,59.99997299823573,nan,0,nan,nan,nan,nan,nan,0.0012517,0.00055375,0.0006280999999999999,0.00075665,0.0012517,0.0011119,0.0004922500000000001,0.0005588,0.0006745,0.0011119,nan,nan,nan,nan,nan,0,05_resultados\revisao_operacional\campanha_v1\j00081.mat,campanha_v1,200,,,,,,,,
j00082,fairness,perda_fonte,mpc_qp_v5,"{""common_slew"": 1, ""dPBESS_ref_max"": 200, ""dPBESS_ref_max_evento"": 200}",350.127959651712,350.127959651712,1,14.583423669099762,14.583423669099762,150,150,150,150,57.23862343174178,55.84485332452359,60,27.072578851766796,1848.1611435794955,0,2,0.027072578851766796,500,150,59.4858414385855,0.014570743103966777,733,0,0,0.007528325539851721,333283.200808402,4015243775612013.0,0.019708,0.024027800000000002,0.034011150000000004,0.041828699999999996,0.055115,0.0138075,0.020241349999999998,0.029375850000000002,0.03720575,0.0506307,0.0043003,0.00381015,0.0048448,0.00518115,0.0060797,0,05_resultados\revisao_operacional\campanha_v1\j00082.mat,campanha_v1,200,,,,,,,,
j00083,fairness,perda_fonte,mpc_qp_estocastico_3cen,"{""common_slew"": 1, ""dPBESS_ref_max"": 200, ""dPBESS_ref_max_evento"": 200}",350.0001663341785,350.0001663341785,1,14.583333450770818,14.583333450770816,150,150,150,150,49.52189900538449,49.52189900538449,60,49.77097972442328,1622.0107455124848,0,0.33333333333333337,0.04977097972442328,500,150,56.31806401954231,0.12986235679687752,177,0,0,0.00014220447133084235,666566.4042708572,8858386386927326.0,0.0538256,0.05385365,0.0780151,0.115455,0.1382337,0.0359857,0.0411459,0.06172485,0.10231314999999999,0.1242257,0.0130727,0.0120082,0.01482565,0.0166717,0.0223343,0,05_resultados\revisao_operacional\evento_adiantado_corrigido_v1\j00083.mat,evento_adiantado_corrigido_v1,200,,,,,,,,
j00084,fairness,perda_fonte,heuristico,"{""common_slew"": 1, ""dPBESS_ref_max"": 400, ""dPBESS_ref_max_evento"": 400}",592.6122638850534,592.6122638850534,1,14.754610453615202,14.754610453615202,150,150,150,150,57.93689989437102,56.501378386096754,60,24.173829025378403,850,0,0,0.0241738290253784,500,150,60,nan,0,nan,nan,nan,nan,nan,4.25e-05,8e-06,1.065e-05,1.54e-05,0.0001064,nan,nan,nan,nan,nan,nan,nan,nan,nan,nan,0,05_resultados\revisao_operacional\campanha_v1\j00084.mat,campanha_v1,400,,,,,,,,
j00085,fairness,perda_fonte,heuristico_foresight,"{""common_slew"": 1, ""dPBESS_ref_max"": 400, ""dPBESS_ref_max_evento"": 400}",362.4661767623983,362.4661767623983,1,14.59213408735375,14.59213408735375,150,150,150,150,57.57510652205132,56.13958501377706,60,25.892347543896925,850,0,0,0.025892347543896924,500,150,59.672412178472214,nan,0,nan,nan,nan,nan,nan,4.47e-05,8.8e-06,1.13e-05,1.315e-05,4.47e-05,nan,nan,nan,nan,nan,nan,nan,nan,nan,nan,0,05_resultados\revisao_operacional\campanha_v1\j00085.mat,campanha_v1,400,,,,,,,,
j00086,fairness,perda_fonte,miope_qp,"{""common_slew"": 1, ""dPBESS_ref_max"": 400, ""dPBESS_ref_max_evento"": 400}",592.6116694563095,592.6116694563095,1,14.754610033966,14.754610033965996,150,150,150,150,57.95616604399186,56.510217438973214,60,24.186722980764454,1250.0008021519252,0,0,0.024186722980764453,500,150,59.999971859031994,nan,0,nan,nan,nan,nan,nan,0.0012278,0.0005561,0.0006279,0.00077075,0.0012278,0.0010709,0.0004946,0.0005592500000000001,0.00069955,0.0010709,nan,nan,nan,nan,nan,0,05_resultados\revisao_operacional\campanha_v1\j00086.mat,campanha_v1,400,,,,,,,,
j00087,fairness,perda_fonte,mpc_qp_v5,"{""common_slew"": 1, ""dPBESS_ref_max"": 400, ""dPBESS_ref_max_evento"": 400}",350.06899991561016,350.06899991561016,1,14.583382045265465,14.583382045265461,150,150,150,150,57.25025281164123,55.856481875080995,60,27.01734760157645,1488.585533035739,0,2.3333333333333335,0.02701734760157645,500,150,59.4974787539929,0.014570743530981645,733,0,0,0.004329353988453022,333283.200808402,4015243775612013.0,0.0190278,0.0242266,0.030479600000000003,0.0386304,0.0489619,0.013487,0.020342199999999998,0.0260435,0.0340138,0.0433718,0.0036713,0.00375855,0.00450735,0.0053679,0.0130247,0,05_resultados\revisao_operacional\campanha_v1\j00087.mat,campanha_v1,400,,,,,,,,
j00088,fairness,perda_fonte,mpc_qp_estocastico_3cen,"{""common_slew"": 1, ""dPBESS_ref_max"": 400, ""dPBESS_ref_max_evento"": 400}",350.00012175837395,350.00012175837395,1,14.583333419304598,14.583333419304598,150,150,150,150,49.56124940457112,49.56124940457112,60,49.584065328286414,1993.203941407697,0,0.25,0.049584065328286415,500,150,56.35741442593552,0.12678578431192022,176,0,0,0.00028861901967047743,666566.4042708572,8858386386927326.0,0.0474424,0.05312165,0.07964855000000001,0.10923574999999999,0.1432526,0.0305203,0.040566649999999996,0.06471160000000001,0.09694449999999999,0.1313825,0.0125862,0.011998100000000001,0.01440305,0.01717815,0.0540764,0,05_resultados\revisao_operacional\evento_adiantado_corrigido_v1\j00088.mat,evento_adiantado_corrigido_v1,400,,,,,,,,
j00089,ablacao,perda_fonte,mpc_qp_v5,"{""mpc_foresight_grid"": 0}",592.5550999449755,592.5550999449755,1,14.754570097568552,14.75457009756855,150,150,150,150,57.78700252120034,56.39326070956563,60,24.467494848693256,849.9980521681392,0,0,0.024467494848693257,500,150,59.9982180948641,0.014570709426585893,733,0,0,3.410605131648481e-13,333283.200808402,4015243775612013.0,0.0241926,0.0236268,0.026706399999999998,0.03289045,0.0438339,0.0165767,0.019434100000000003,0.02219135,0.02693915,0.0387772,0.0050659,0.0039615,0.0048509,0.00549785,0.0083782,0,05_resultados\revisao_operacional\campanha_v1\j00089.mat,campanha_v1,,load_only,,,,,,,
j00090,ablacao,perda_fonte,mpc_qp_v5,"{""mpc_foresight_grid"": 0, ""mpc_foresight_load"": 0}",592.5550999449755,592.5550999449755,1,14.754570097568552,14.75457009756855,150,150,150,150,57.78700252120034,56.39326070956563,60,24.467494848693256,849.9980521681392,0,0,0.024467494848693257,500,150,59.9982180948641,0.014570709426585893,733,0,0,3.410605131648481e-13,333283.200808402,4015243775612013.0,0.0206077,0.0231614,0.024606000000000003,0.0261079,0.0310956,0.0150459,0.019138049999999997,0.020710350000000002,0.02145175,0.026244,0.0040207,0.0037034,0.004321800000000001,0.0046422,0.0048442,0,05_resultados\revisao_operacional\campanha_v1\j00090.mat,campanha_v1,,no_preview,,,,,,,
j00091,ablacao,perda_fonte,mpc_qp_v5,"{""Nc_mpc"": 1, ""Np_mpc"": 1}",592.6113798405665,592.6113798405665,1,14.754609829506283,14.75460982950628,150,150,150,150,55.09320248098378,54.579506489988034,60,28.451007283060317,846.4897512122043,0,0,0.02845100728306032,500,150,59.9999786671372,7.105427357601002e-15,0,0,1.4340816942293166e-07,9.733957995194942e-08,33249.70894497384,4393469340288.3667,0.0027426,0.0012832,0.00160505,0.00185375,0.0110073,0.0018006,0.00101845,0.0012701000000000001,0.0014420499999999998,0.0106033,0.0003447,0.000151,0.0002132,0.0002692,0.0014827,0,05_resultados\revisao_operacional\campanha_v1\j00091.mat,campanha_v1,,horizon1,,,,,,,
j00092,ablacao,perda_fonte,mpc_qp_v5,"{""disable_event_constraint"": 1}",351.63470847945257,351.63470847945257,1,14.584487390831326,14.584487390831319,150,150,150,150,57.40067159601657,56.00692801838805,60,26.30258442649131,1465.8976225873703,0,2.5833333333333335,0.02630258442649131,500,150,59.64769221979395,0.014570740753022449,733,0,0,0.005196584623945455,333283.200808402,4015243775612013.0,0.0219044,0.0240104,0.02972315,0.0350828,0.0447545,0.0155059,0.0200144,0.02498595,0.03027305,0.0394822,0.0047235,0.00387615,0.0047935,0.00524055,0.0061124,0,05_resultados\revisao_operacional\campanha_v1\j00092.mat,campanha_v1,,no_event,,,,,,,
j00093,fairness,retorno_fonte,heuristico,"{""common_slew"": 1, ""dPBESS_ref_max"": 120, ""dPBESS_ref_max_evento"": 120}",592.6122638850534,592.6122638850534,1,24.476832675837425,24.476832675837425,250,250,250,250,55.56425512887017,54.1329420447783,60,35.401752045680865,850,0,0,0.035401752045680863,400,250,60,nan,0,nan,nan,nan,nan,nan,4.7e-05,8e-06,9.2e-06,1.255e-05,7.66e-05,nan,nan,nan,nan,nan,nan,nan,nan,nan,nan,0,05_resultados\revisao_operacional\campanha_v1\j00093.mat,campanha_v1,120,,,,,,,,
j00094,fairness,retorno_fonte,heuristico_foresight,"{""common_slew"": 1, ""dPBESS_ref_max"": 120, ""dPBESS_ref_max_evento"": 120}",362.4661767623983,362.4661767623983,1,24.314356309575967,24.314356309575967,250,250,250,250,55.20246175655048,53.7711486724586,60,37.12027056419937,850,0,0,0.03712027056419937,400,250,59.672412178472214,nan,0,nan,nan,nan,nan,nan,4.5e-05,8.9e-06,1.16e-05,1.74e-05,7.5e-05,nan,nan,nan,nan,nan,nan,nan,nan,nan,nan,0,05_resultados\revisao_operacional\campanha_v1\j00094.mat,campanha_v1,120,,,,,,,,
j00095,fairness,retorno_fonte,miope_qp,"{""common_slew"": 1, ""dPBESS_ref_max"": 120, ""dPBESS_ref_max_evento"": 120}",702.7826229884655,702.7826229884655,1,24.610164676775906,24.610164676775906,250,250,250,250,55.60366204674855,54.16390743164004,60,35.29909556870149,1150.0008121000517,0,0,0.03529909556870149,400,250,59.999975849857414,nan,0,nan,nan,nan,nan,nan,0.0013469,0.00055765,0.0006299,0.0007337,0.0013469,0.0011963,0.0004963,0.00055985,0.0006625,0.0011963,nan,nan,nan,nan,nan,0,05_resultados\revisao_operacional\campanha_v1\j00095.mat,campanha_v1,120,,,,,,,,
j00096,fairness,retorno_fonte,mpc_qp_v5,"{""common_slew"": 1, ""dPBESS_ref_max"": 120, ""dPBESS_ref_max_evento"": 120}",350.06346713024936,350.06346713024936,1,24.305600361517048,24.305600361517048,250,250,250,250,54.82370147202377,53.42994621447497,60,38.54330946834121,1947.0466430049446,0,1.5,0.038543309468341204,400,250,59.410124765336235,0.01457094971199524,733,0,0,0.0009580646940321458,333283.200808402,4015243775612013.0,0.023566,0.02413555,0.03418215,0.0390268,0.0439347,0.0172201,0.02026685,0.030068400000000002,0.03482325,0.0395604,0.0044714,0.00371825,0.00437525,0.0046294000000000005,0.0051646,0,05_resultados\revisao_operacional\campanha_v1\j00096.mat,campanha_v1,120,,,,,,,,
j00097,fairness,retorno_fonte,mpc_qp_estocastico_3cen,"{""common_slew"": 1, ""dPBESS_ref_max"": 120, ""dPBESS_ref_max_evento"": 120}",350.0002548192691,350.0002548192691,1,24.30555573546988,24.30555573546988,250,250,250,250,47.787645906489814,47.787645906489814,60,58.00868194417611,1551.9827936644026,0,0.25,0.05800868194417611,400,250,56.92299196037828,7.105427357601002e-15,0,0,0,0.010924019401386431,666566.4042708572,8858386386927326.0,0.0497263,0.05458855,0.07946365,0.12026619999999999,0.1364516,0.0340996,0.04190065,0.067232,0.1076905,0.1237288,0.0124108,0.012003,0.0138008,0.01630605,0.0271396,0,05_resultados\revisao_operacional\evento_adiantado_corrigido_v1\j00097.mat,evento_adiantado_corrigido_v1,120,,,,,,,,
j00098,fairness,retorno_fonte,heuristico,"{""common_slew"": 1, ""dPBESS_ref_max"": 200, ""dPBESS_ref_max_evento"": 200}",592.6122638850534,592.6122638850534,1,24.476832675837425,24.476832675837425,250,250,250,250,55.58329020679943,54.14954113465079,60,35.335727358558835,850,0,0,0.03533572735855883,400,250,60,nan,0,nan,nan,nan,nan,nan,4.39e-05,8e-06,1.1e-05,1.66e-05,4.57e-05,nan,nan,nan,nan,nan,nan,nan,nan,nan,nan,0,05_resultados\revisao_operacional\campanha_v1\j00098.mat,campanha_v1,200,,,,,,,,
j00099,fairness,retorno_fonte,heuristico_foresight,"{""common_slew"": 1, ""dPBESS_ref_max"": 200, ""dPBESS_ref_max_evento"": 200}",362.4661767623983,362.4661767623983,1,24.314356309575967,24.314356309575967,250,250,250,250,55.22149683447974,53.787747762331094,60,37.054245877077356,850,0,0,0.037054245877077355,400,250,59.672412178472214,nan,0,nan,nan,nan,nan,nan,4.76e-05,9e-06,1.165e-05,2.235e-05,6.19e-05,nan,nan,nan,nan,nan,nan,nan,nan,nan,nan,0,05_resultados\revisao_operacional\campanha_v1\j00099.mat,campanha_v1,200,,,,,,,,
j00100,fairness,retorno_fonte,miope_qp,"{""common_slew"": 1, ""dPBESS_ref_max"": 200, ""dPBESS_ref_max_evento"": 200}",671.3051915581266,671.3051915581266,1,24.532387567509275,24.532387567509275,250,250,250,250,55.61060514477867,54.16728253487725,60,35.30184274828693,1150.0008032717521,0,0,0.03530184274828693,400,250,59.999978497526065,nan,0,nan,nan,nan,nan,nan,0.0012897,0.0005794,0.00067625,0.0007901,0.0012897,0.0011455,0.000515,0.0006030499999999999,0.0007052499999999999,0.0011455,nan,nan,nan,nan,nan,0,05_resultados\revisao_operacional\campanha_v1\j00100.mat,campanha_v1,200,,,,,,,,
j00101,fairness,retorno_fonte,mpc_qp_v5,"{""common_slew"": 1, ""dPBESS_ref_max"": 200, ""dPBESS_ref_max_evento"": 200}",350.1278250271512,350.1278250271512,1,24.305645796298283,24.305645796298275,250,250,250,250,54.89112136515615,53.497340681419885,60,38.223319572392924,1996.607111157151,0,1.7500000000000002,0.03822331957239292,400,250,59.47750967959638,0.014570933452581869,733,0,0,0.007582820825348335,333283.200808402,4015243775612013.0,0.0203796,0.025272299999999998,0.03438915,0.04144095,0.0545566,0.0138948,0.02117825,0.0297627,0.036983600000000005,0.0502538,0.0042741,0.004037,0.0050279,0.0054837,0.0071183,0,05_resultados\revisao_operacional\campanha_v1\j00101.mat,campanha_v1,200,,,,,,,,
j00102,fairness,retorno_fonte,mpc_qp_estocastico_3cen,"{""common_slew"": 1, ""dPBESS_ref_max"": 200, ""dPBESS_ref_max_evento"": 200}",350.00011786857544,350.00011786857544,1,24.305555638784842,24.305555638784842,250,250,250,250,47.78181689260965,47.78181689260965,60,58.036369760103234,1659.220462954724,0,0.25,0.058036369760103235,400,250,56.91716296862559,0.1268504404112818,117,0,0,1.7053025658242404e-12,666566.4042708572,8858386386927326.0,0.0449093,0.0535916,0.0704771,0.1141843,0.1458661,0.0303059,0.041166,0.0566168,0.10171575,0.1329326,0.0118033,0.01188165,0.0132029,0.0142205,0.0167011,0,05_resultados\revisao_operacional\evento_adiantado_corrigido_v1\j00102.mat,evento_adiantado_corrigido_v1,200,,,,,,,,
j00103,fairness,retorno_fonte,heuristico,"{""common_slew"": 1, ""dPBESS_ref_max"": 400, ""dPBESS_ref_max_evento"": 400}",592.6122638850534,592.6122638850534,1,24.476832675837425,24.476832675837425,250,250,250,250,55.59771860782124,54.16219709954698,60,35.28494013648952,850,0,0,0.035284940136489515,400,250,60,nan,0,nan,nan,nan,nan,nan,3.96e-05,8e-06,1.01e-05,1.2499999999999999e-05,4.72e-05,nan,nan,nan,nan,nan,nan,nan,nan,nan,nan,0,05_resultados\revisao_operacional\campanha_v1\j00103.mat,campanha_v1,400,,,,,,,,
j00104,fairness,retorno_fonte,heuristico_foresight,"{""common_slew"": 1, ""dPBESS_ref_max"": 400, ""dPBESS_ref_max_evento"": 400}",362.4661767623983,362.4661767623983,1,24.314356309575967,24.314356309575967,250,250,250,250,55.23592523550155,53.800403727227284,60,37.00345865500803,850,0,0,0.03700345865500803,400,250,59.672412178472214,nan,0,nan,nan,nan,nan,nan,4.99e-05,9e-06,1.16e-05,1.73e-05,5.42e-05,nan,nan,nan,nan,nan,nan,nan,nan,nan,nan,0,05_resultados\revisao_operacional\campanha_v1\j00104.mat,campanha_v1,400,,,,,,,,
j00105,fairness,retorno_fonte,miope_qp,"{""common_slew"": 1, ""dPBESS_ref_max"": 400, ""dPBESS_ref_max_evento"": 400}",592.6116694490192,592.6116694490192,1,24.476832256183076,24.476832256183076,250,250,250,250,55.61699085189347,54.17104188372806,60,35.29780877947734,1250.0007895380807,0,0,0.035297808779477344,400,250,59.999977590337714,nan,0,nan,nan,nan,nan,nan,0.0011984,0.0005794,0.0008124,0.00099855,0.0012245,0.0010631,0.0005145,0.0007190499999999999,0.0008897,0.0011426,nan,nan,nan,nan,nan,0,05_resultados\revisao_operacional\campanha_v1\j00105.mat,campanha_v1,400,,,,,,,,
j00106,fairness,retorno_fonte,mpc_qp_v5,"{""common_slew"": 1, ""dPBESS_ref_max"": 400, ""dPBESS_ref_max_evento"": 400}",350.06568922227257,350.06568922227257,1,24.305601930256845,24.30560193025684,250,250,250,250,54.777433030049174,53.38365097687829,60,38.763352876515235,1666.7569447765443,0,1.6666666666666667,0.038763352876515236,400,250,59.363829189397116,0.014570944041487621,733,0,0,0.005380719180493543,333283.200808402,4015243775612013.0,0.0200071,0.02502445,0.0302121,0.03768115,0.0438691,0.0138077,0.0209966,0.0257501,0.033195249999999996,0.0395076,0.0045546,0.0037528,0.0046298,0.0050758999999999995,0.0071355,0,05_resultados\revisao_operacional\campanha_v1\j00106.mat,campanha_v1,400,,,,,,,,
j00107,fairness,retorno_fonte,mpc_qp_estocastico_3cen,"{""common_slew"": 1, ""dPBESS_ref_max"": 400, ""dPBESS_ref_max_evento"": 400}",350.0000079442111,350.0000079442111,1,24.305555561188246,24.305555561188246,250,250,250,250,47.64515203250404,47.64515203250404,60,58.68552784560402,832.2636640636315,0,0,0.05868552784560402,400,250,56.78049810197601,7.105427357601002e-15,0,0,0,2.2737367544323206e-13,666566.4042708572,8858386386927326.0,0.0438267,0.05310045,0.06847914999999999,0.1124313,0.1384106,0.02935,0.04084715,0.05483305,0.09968515,0.1267134,0.0120357,0.011803649999999999,0.013163850000000001,0.0144069,0.0187764,0,05_resultados\revisao_operacional\evento_adiantado_corrigido_v1\j00107.mat,evento_adiantado_corrigido_v1,400,,,,,,,,
j00108,ablacao,retorno_fonte,mpc_qp_v5,"{""mpc_foresight_grid"": 0}",592.5598319944525,592.5598319944525,1,24.476795660488364,24.476795660488364,250,250,250,250,55.44836298947232,54.05461054722797,60,35.576139070373976,849.9982304528289,0,0,0.03557613907037398,400,250,59.99874809492578,0.014570899060018405,733,0,0,4.547473508864641e-13,333283.200808402,4015243775612013.0,0.0218424,0.024254150000000002,0.02573195,0.026812,0.0318464,0.0154475,0.020014999999999998,0.0214244,0.022433349999999998,0.0273424,0.004847,0.0036823999999999997,0.0047499,0.00512155,0.0088855,0,05_resultados\revisao_operacional\campanha_v1\j00108.mat,campanha_v1,,load_only,,,,,,,
j00109,ablacao,retorno_fonte,mpc_qp_v5,"{""mpc_foresight_grid"": 0, ""mpc_foresight_load"": 0}",592.5598319944525,592.5598319944525,1,24.476795660488364,24.476795660488364,250,250,250,250,55.44836298947232,54.05461054722797,60,35.576139070373976,849.9982304528289,0,0,0.03557613907037398,400,250,59.99874809492578,0.014570899060018405,733,0,0,4.547473508864641e-13,333283.200808402,4015243775612013.0,0.0211004,0.02468375,0.0262408,0.0352464,0.0409501,0.0151792,0.020315899999999998,0.02172375,0.029622,0.0357942,0.0043707,0.0039188,0.004931349999999999,0.00541945,0.0093576,0,05_resultados\revisao_operacional\campanha_v1\j00109.mat,campanha_v1,,no_preview,,,,,,,
j00110,ablacao,retorno_fonte,mpc_qp_v5,"{""Nc_mpc"": 1, ""Np_mpc"": 1}",592.611556266613,592.611556266613,1,24.476832176280123,24.476832176280123,250,250,250,250,52.75403262115418,52.240334320000535,60,39.562087249226636,846.4898976978003,0,0,0.039562087249226635,400,250,59.99998634914018,7.105427357601002e-15,0,0,1.437292826422798e-07,9.754558050190099e-08,33249.70894497384,4393469340288.3667,0.0026687,0.00131255,0.00190285,0.0021087,0.0026687,0.0017377,0.0010442,0.0015129,0.00171415,0.0022295,0.0003311,0.0001543,0.0002431,0.00029675000000000003,0.0004237,0,05_resultados\revisao_operacional\campanha_v1\j00110.mat,campanha_v1,,horizon1,,,,,,,
j00111,ablacao,retorno_fonte,mpc_qp_v5,"{""disable_event_constraint"": 1}",351.63470855286425,351.63470855286425,1,24.30670961311028,24.30670961311028,250,250,250,250,55.09446609969973,53.7007120612186,60,37.25716528016647,1325.2566351090181,0,2.9166666666666665,0.03725716528016647,400,250,59.68065713415297,0.014570927756487606,733,0,0,0.005196807693835126,333283.200808402,4015243775612013.0,0.0208863,0.0244615,0.02837365,0.0326354,0.0365358,0.0147097,0.02028175,0.0240188,0.02779155,0.0316892,0.004269,0.0037259,0.0047014,0.005095499999999999,0.0063742,0,05_resultados\revisao_operacional\campanha_v1\j00111.mat,campanha_v1,,no_event,,,,,,,
j00112,fairness,multi_burst,heuristico,"{""common_slew"": 1, ""dPBESS_ref_max"": 120, ""dPBESS_ref_max_evento"": 120}",102.78367916551602,102.78367916551602,1,0.23928885546406836,0.23782209376021687,32,7,3,0,59.52085787649795,58.81688207983427,60,13.134431976545656,1500,0,0,0.013134431976545655,,,,nan,0,nan,nan,nan,nan,nan,4.32e-05,8e-06,1.04e-05,1.16e-05,7.74e-05,nan,nan,nan,nan,nan,nan,nan,nan,nan,nan,0,05_resultados\revisao_operacional\campanha_v1\j00112.mat,campanha_v1,120,,,,,,,,
j00113,fairness,multi_burst,heuristico_foresight,"{""common_slew"": 1, ""dPBESS_ref_max"": 120, ""dPBESS_ref_max_evento"": 120}",60.65306596721214,60.65306596721214,1,0.05272012833377145,0.05090451500122736,21,1,0,0,59.52024384141023,58.67376804474655,60,17.25943197654565,1500,0,0,0.01725943197654565,,,,nan,0,nan,nan,nan,nan,nan,4.29e-05,9e-06,1.155e-05,2.455e-05,0.0001026,nan,nan,nan,nan,nan,nan,nan,nan,nan,nan,0,05_resultados\revisao_operacional\campanha_v1\j00113.mat,campanha_v1,120,,,,,,,,
j00114,fairness,multi_burst,miope_qp,"{""common_slew"": 1, ""dPBESS_ref_max"": 120, ""dPBESS_ref_max_evento"": 120}",108.89876702879235,108.89876702879235,1,0.11181569961457871,0.11181257841240368,6,3,3,0,59.74187425623582,59.04874506715448,60,14.722425201496351,3747.1860588605105,0,0,0.014722425201496352,,,,nan,0,nan,nan,nan,nan,nan,0.001234,0.0005807,0.000731,0.00086085,0.001234,0.0010906,0.0005164,0.0006525999999999999,0.000784,0.0010906,nan,nan,nan,nan,nan,0,05_resultados\revisao_operacional\campanha_v1\j00114.mat,campanha_v1,120,,,,,,,,
j00115,fairness,multi_burst,mpc_qp_v5,"{""common_slew"": 1, ""dPBESS_ref_max"": 120, ""dPBESS_ref_max_evento"": 120}",0.018160989537534533,0,1,1.5813125782039263e-05,0,0,0,0,0,58.93805930445142,57.86915869256054,60,21.954516210955994,1159.774677260911,0,0,0.021954516210955993,,,,0.04372171863968077,1983,0,0,2.2737367544323206e-13,333283.200808402,4015243775612013.0,0.0195405,0.0224724,0.030595749999999998,0.03681505,0.0415814,0.0142974,0.017984,0.025811800000000003,0.0321238,0.0357999,0.0036822,0.0039737,0.0049853,0.0057967,0.0096623,0,05_resultados\revisao_operacional\campanha_v1\j00115.mat,campanha_v1,120,,,,,,,,
j00116,fairness,multi_burst,mpc_qp_estocastico_3cen,"{""common_slew"": 1, ""dPBESS_ref_max"": 120, ""dPBESS_ref_max_evento"": 120}",5.684341886080802e-14,0,1,3.652266808814833e-15,0,0,0,0,0,53.01775832642358,52.04149407401386,60,43.69988957099308,2450.7082179102895,0,0,0.04369988957099308,,,,0.09935640296556869,1908,0,0,1.3324097380973399e-10,666566.4016168036,8030487551224027.0,0.0408088,0.04855115,0.060091649999999996,0.06884515,0.0834877,0.0276454,0.0363266,0.0477382,0.055176249999999996,0.0631709,0.0105554,0.01152365,0.0135856,0.01568205,0.0272596,0,05_resultados\revisao_operacional\campanha_v1\j00116.mat,campanha_v1,120,,,,,,,,
j00117,fairness,multi_burst,heuristico,"{""common_slew"": 1, ""dPBESS_ref_max"": 200, ""dPBESS_ref_max_evento"": 200}",90.97959895689502,90.97959895689502,1,0.20550940327572956,0.20421109022967812,32,6,0,0,59.51273736878268,58.82187192886138,60,13.058424466180016,1500,0,0,0.013058424466180015,,,,nan,0,nan,nan,nan,nan,nan,3.71e-05,8e-06,1.06e-05,1.41e-05,6.06e-05,nan,nan,nan,nan,nan,nan,nan,nan,nan,nan,0,05_resultados\revisao_operacional\campanha_v1\j00117.mat,campanha_v1,200,,,,,,,,
j00118,fairness,multi_burst,heuristico_foresight,"{""common_slew"": 1, ""dPBESS_ref_max"": 200, ""dPBESS_ref_max_evento"": 200}",60.653065968189864,60.653065968189864,1,0.05272012833446168,0.05090451500190994,21,1,0,0,59.51738649158971,58.67610438500174,60,17.15842446618001,1500,0,0,0.01715842446618001,,,,nan,0,nan,nan,nan,nan,nan,4.32e-05,9e-06,1.13e-05,1.415e-05,5.85e-05,nan,nan,nan,nan,nan,nan,nan,nan,nan,nan,0,05_resultados\revisao_operacional\campanha_v1\j00118.mat,campanha_v1,200,,,,,,,,
j00119,fairness,multi_burst,miope_qp,"{""common_slew"": 1, ""dPBESS_ref_max"": 200, ""dPBESS_ref_max_evento"": 200}",81.41860403563999,81.41860403563999,1,0.06257219373027294,0.06256801047097418,3,3,0,0,59.73320271713476,59.064510481008774,60,14.864166770233123,4954.745812853631,0,0,0.014864166770233122,,,,nan,0,nan,nan,nan,nan,nan,0.001386,0.0005814500000000001,0.0007477,0.0009992,0.0067857,0.0012337,0.0005165,0.00065945,0.00087985,0.0066875,nan,nan,nan,nan,nan,0,05_resultados\revisao_operacional\campanha_v1\j00119.mat,campanha_v1,200,,,,,,,,
j00120,fairness,multi_burst,mpc_qp_v5,"{""common_slew"": 1, ""dPBESS_ref_max"": 200, ""dPBESS_ref_max_evento"": 200}",0.018147187007855337,0,1,1.565301347342165e-05,0,0,0,0,0,58.938009981019285,57.86922528436153,60,21.953640465535152,1159.6844300304176,0,0,0.021953640465535152,,,,0.04372178622502787,1983,0,0,4.547473508864641e-13,333283.200808402,4015243775612013.0,0.0202336,0.022336349999999998,0.0284681,0.03077685,0.0402692,0.0140365,0.0179648,0.0240223,0.02655715,0.0353287,0.0045645,0.0037621,0.00472915,0.00496885,0.0057619,0,05_resultados\revisao_operacional\campanha_v1\j00120.mat,campanha_v1,200,,,,,,,,
j00121,fairness,multi_burst,mpc_qp_estocastico_3cen,"{""common_slew"": 1, ""dPBESS_ref_max"": 200, ""dPBESS_ref_max_evento"": 200}",5.684341886080802e-14,0,1,3.875740633137016e-15,0,0,0,0,0,53.01761519714062,52.0415000825796,60,43.699075460081716,2450.6845705245814,0,0,0.04369907546008171,,,,0.09935642304762382,1908,0,0,9.367795428261161e-11,666566.4016168036,8030487551224027.0,0.0404658,0.04747785,0.06082075,0.07007495,0.0847386,0.0254615,0.0357115,0.047989199999999996,0.057927400000000004,0.0711624,0.0123842,0.0113814,0.01328545,0.01506105,0.0233778,0,05_resultados\revisao_operacional\campanha_v1\j00121.mat,campanha_v1,200,,,,,,,,
j00122,fairness,multi_burst,heuristico,"{""common_slew"": 1, ""dPBESS_ref_max"": 400, ""dPBESS_ref_max_evento"": 400}",90.97959895689502,90.97959895689502,1,0.20550940327597353,0.20421109022992198,32,6,0,0,59.515824950778885,58.829675043486894,60,13.028594539481423,1500,0,0,0.013028594539481422,,,,nan,0,nan,nan,nan,nan,nan,4.81e-05,8.1e-06,1.04e-05,1.67e-05,4.81e-05,nan,nan,nan,nan,nan,nan,nan,nan,nan,nan,0,05_resultados\revisao_operacional\campanha_v1\j00122.mat,campanha_v1,400,,,,,,,,
j00123,fairness,multi_burst,heuristico_foresight,"{""common_slew"": 1, ""dPBESS_ref_max"": 400, ""dPBESS_ref_max_evento"": 400}",60.653065968736314,60.653065968736314,1,0.05272012833484759,0.05090451500229145,21,1,0,0,59.51519629580815,58.6786297218495,60,17.100816761703634,1500,0,0,0.017100816761703632,,,,nan,0,nan,nan,nan,nan,nan,4.8e-05,8.8e-06,1.12e-05,1.59e-05,4.8e-05,nan,nan,nan,nan,nan,nan,nan,nan,nan,nan,0,05_resultados\revisao_operacional\campanha_v1\j00123.mat,campanha_v1,400,,,,,,,,
j00124,fairness,multi_burst,miope_qp,"{""common_slew"": 1, ""dPBESS_ref_max"": 400, ""dPBESS_ref_max_evento"": 400}",4.212486533317218,4.212486533317218,1,0.0011723391571135705,0.0011701351481436717,1,0,0,0,59.727906446393874,59.072148617310894,60,15.229741674003598,6394.992220097325,0,0,0.0152297416740036,,,,nan,0,nan,nan,nan,nan,nan,0.0012326,0.00058555,0.00073735,0.00084925,0.0012326,0.001089,0.0005213500000000001,0.0006526500000000001,0.0007749,0.001089,nan,nan,nan,nan,nan,0,05_resultados\revisao_operacional\campanha_v1\j00124.mat,campanha_v1,400,,,,,,,,
j00125,fairness,multi_burst,mpc_qp_v5,"{""common_slew"": 1, ""dPBESS_ref_max"": 400, ""dPBESS_ref_max_evento"": 400}",0.018156780221943336,0,1,1.566278303061127e-05,0,0,0,0,0,58.93772180535009,57.868906303924845,60,21.955331397654962,1159.673121784011,0,0,0.021955331397654963,,,,0.043721767145633805,1983,0,0,2.2737367544323206e-13,333283.200808402,4015243775612013.0,0.0193365,0.0236016,0.0312449,0.035902149999999994,0.0417956,0.0137159,0.019211699999999998,0.026190249999999998,0.030051050000000003,0.0366386,0.0037711,0.00397855,0.0049581,0.0054596,0.0080028,0,05_resultados\revisao_operacional\campanha_v1\j00125.mat,campanha_v1,400,,,,,,,,
j00126,fairness,multi_burst,mpc_qp_estocastico_3cen,"{""common_slew"": 1, ""dPBESS_ref_max"": 400, ""dPBESS_ref_max_evento"": 400}",5.684341886080802e-14,0,1,3.4312655677804565e-15,0,0,0,0,0,53.0176022344478,52.04149713557963,60,43.699036849205804,2450.697326214312,0,0,0.043699036849205806,,,,0.09935642370250264,1908,0,0,5.638867150992155e-11,666566.4016168036,8030487551224027.0,0.0401182,0.050120700000000004,0.0589545,0.0680068,0.1001284,0.0260199,0.03817545,0.0465509,0.055624099999999996,0.0657159,0.0117344,0.0112427,0.013367,0.01513055,0.044066,0,05_resultados\revisao_operacional\campanha_v1\j00126.mat,campanha_v1,400,,,,,,,,
j00127,ablacao,multi_burst,mpc_qp_v5,"{""mpc_foresight_grid"": 0}",0.018156780309027454,0,1,1.580937663698325e-05,0,0,0,0,0,58.93780138418609,57.868900645312216,60,21.955742797713445,1159.684896590849,0,0,0.021955742797713444,,,,0.04372173386293099,1983,0,0,2.2737367544323206e-13,333283.200808402,4015243775612013.0,0.0197973,0.021414250000000003,0.027643300000000003,0.02963465,0.0310409,0.0135886,0.0174177,0.02350985,0.025362500000000003,0.026329,0.004321,0.0037176500000000003,0.00422995,0.00460505,0.0052208,0,05_resultados\revisao_operacional\campanha_v1\j00127.mat,campanha_v1,,load_only,,,,,,,
j00128,ablacao,multi_burst,mpc_qp_v5,"{""mpc_foresight_grid"": 0, ""mpc_foresight_load"": 0}",42.80832197864356,42.80832197864356,1,0.024861084145629896,0.024861084145625097,3,0,0,0,59.24121125595585,58.17434114276591,60,23.377061527961175,2392.599183264435,0,0,0.023377061527961176,,,,0.09710758010534448,1790,0,0,3.410605131648481e-13,333283.200808402,4015243775612013.0,0.0198155,0.02149945,0.02712055,0.0282964,0.0328337,0.0138397,0.01748115,0.022514,0.024011650000000002,0.0269546,0.0043883,0.00377095,0.00448875,0.0051420500000000004,0.0058326,0,05_resultados\revisao_operacional\campanha_v1\j00128.mat,campanha_v1,,no_preview,,,,,,,
j00129,ablacao,multi_burst,mpc_qp_v5,"{""Nc_mpc"": 1, ""Np_mpc"": 1}",27.851351250940425,27.851351250940425,1,0.008820457257290411,0.008820457257286713,2,0,0,0,53.873586434322185,53.63552952760246,60,33.02391249874826,1583.0188585227468,0,0,0.03302391249874826,,,,0.0006964615937476992,1,0,0,2.2737367544323206e-13,33249.70894497384,4393469340288.3667,0.0026541,0.00129475,0.00155765,0.0017354,0.0026541,0.0017426,0.00102935,0.0012633499999999999,0.0013932,0.0017683,0.0003208,0.0001522,0.00017779999999999998,0.00023434999999999998,0.0004303,0,05_resultados\revisao_operacional\campanha_v1\j00129.mat,campanha_v1,,horizon1,,,,,,,
j00130,ablacao,multi_burst,mpc_qp_v5,"{""disable_event_constraint"": 1}",0.21889606854796284,0,1,0.00026580682625447,0,0,0,0,0,58.95173178565209,57.88281567076861,60,21.890381119427957,1161.0099743544142,0,0,0.021890381119427958,,,,0.04367814222889166,1983,0,0,2.2737367544323206e-13,333283.200808402,4015243775612013.0,0.0203864,0.0208787,0.02478625,0.02644295,0.0335608,0.0136947,0.01688395,0.02081775,0.02217665,0.0287516,0.0044547,0.00376465,0.00433695,0.00465385,0.0057534,0,05_resultados\revisao_operacional\campanha_v1\j00130.mat,campanha_v1,,no_event,,,,,,,
j00131,fairness,diploee_facility_stress,heuristico,"{""common_slew"": 1, ""dPBESS_ref_max"": 120, ""dPBESS_ref_max_evento"": 120}",2.6737464414123338,2.6737464414123338,1,0.07310999947789754,0.07232335768168296,100,0,0,0,59.177224605032066,59.177224605032066,60,3.9081831260976307,201.2206660841739,0,0,0.003908183126097631,979,43,60,nan,0,nan,nan,nan,nan,nan,4.86e-05,8.1e-06,9.2e-06,1.2499999999999999e-05,4.86e-05,nan,nan,nan,nan,nan,nan,nan,nan,nan,nan,0,05_resultados\revisao_operacional\campanha_v1\j00131.mat,campanha_v1,120,,,,,,,,
j00132,fairness,diploee_facility_stress,heuristico_foresight,"{""common_slew"": 1, ""dPBESS_ref_max"": 120, ""dPBESS_ref_max_evento"": 120}",2.6737464414123338,2.6737464414123338,1,0.07249888774416312,0.0719526996789059,100,0,0,0,59.175863815274646,59.175863815274646,60,3.9146468774454704,201.2206660841739,0,0,0.00391464687744547,979,43,59.998767865344405,nan,0,nan,nan,nan,nan,nan,4.79e-05,8.7e-06,9.8e-06,1.025e-05,4.79e-05,nan,nan,nan,nan,nan,nan,nan,nan,nan,nan,0,05_resultados\revisao_operacional\campanha_v1\j00132.mat,campanha_v1,120,,,,,,,,
j00133,fairness,diploee_facility_stress,miope_qp,"{""common_slew"": 1, ""dPBESS_ref_max"": 120, ""dPBESS_ref_max_evento"": 120}",6.974137104975853e-05,0,1,2.9411042934704695e-06,0,0,0,0,0,59.07471466133636,59.07471466133636,60.02258594047845,5.614297038841392,379.5822436915563,0,0,0.005614297038841392,979,0,59.91784129376295,nan,0,nan,nan,nan,nan,nan,0.0012169,0.000574,0.0006471000000000001,0.0008261,0.0012169,0.0010628,0.0005112,0.0005742,0.00073375,0.0010628,nan,nan,nan,nan,nan,0,05_resultados\revisao_operacional\campanha_v1\j00133.mat,campanha_v1,120,,,,,,,,
j00134,fairness,diploee_facility_stress,mpc_qp_v5,"{""common_slew"": 1, ""dPBESS_ref_max"": 120, ""dPBESS_ref_max_evento"": 120}",0.002306772949310698,0,1,6.407702685534067e-07,0,0,0,0,0,58.73575997460685,58.73575997460685,60.00001632939784,6.005303640447512,179.60189101511776,0,0,0.006005303640447513,979,0,59.89664262726571,3.395371521719426e-06,842,0,0,1.4779288903810084e-12,333283.200808402,4015243775612013.0,0.020441,0.018477800000000003,0.0308988,0.03293845,0.035581,0.014021,0.01441715,0.02658585,0.028404350000000002,0.0308721,0.004821,0.00386715,0.00440275,0.0046145,0.0062782,0,05_resultados\revisao_operacional\campanha_v1\j00134.mat,campanha_v1,120,,,,,,,,
j00135,fairness,diploee_facility_stress,mpc_qp_estocastico_3cen,"{""common_slew"": 1, ""dPBESS_ref_max"": 120, ""dPBESS_ref_max_evento"": 120}",5.684341886080802e-14,0,1,4.479830858124719e-15,0,0,0,0,0,52.0079774507874,52.0079774507874,60,37.96210710876015,1041.863650083879,0,0,0.03796210710876015,979,0,55.4010733290434,7.105427357601002e-15,0,0,0,1.6905232769204304e-10,666566.4016168036,8030487551224027.0,0.0429662,0.054319099999999995,0.06189135,0.0640996,0.0668787,0.0281926,0.0423572,0.05039205,0.051867949999999996,0.0550105,0.0118884,0.0111848,0.0130755,0.0144771,0.0163597,0,05_resultados\revisao_operacional\campanha_v1\j00135.mat,campanha_v1,120,,,,,,,,
j00136,fairness,diploee_facility_stress,heuristico,"{""common_slew"": 1, ""dPBESS_ref_max"": 200, ""dPBESS_ref_max_evento"": 200}",2.6737464414123338,2.6737464414123338,1,0.07310999947789754,0.07232335768168296,100,0,0,0,59.177224605032066,59.177224605032066,60,3.9081831260976307,201.2206660841739,0,0,0.003908183126097631,979,43,60,nan,0,nan,nan,nan,nan,nan,4.27e-05,8.1e-06,9.149999999999999e-06,1.145e-05,4.27e-05,nan,nan,nan,nan,nan,nan,nan,nan,nan,nan,0,05_resultados\revisao_operacional\campanha_v1\j00136.mat,campanha_v1,200,,,,,,,,
j00137,fairness,diploee_facility_stress,heuristico_foresight,"{""common_slew"": 1, ""dPBESS_ref_max"": 200, ""dPBESS_ref_max_evento"": 200}",2.6737464414123338,2.6737464414123338,1,0.07249888774416312,0.0719526996789059,100,0,0,0,59.175863815274646,59.175863815274646,60,3.9146468774454704,201.2206660841739,0,0,0.00391464687744547,979,43,59.998767865344405,nan,0,nan,nan,nan,nan,nan,4.78e-05,8.9e-06,1.01e-05,2.03e-05,4.78e-05,nan,nan,nan,nan,nan,nan,nan,nan,nan,nan,0,05_resultados\revisao_operacional\campanha_v1\j00137.mat,campanha_v1,200,,,,,,,,
j00138,fairness,diploee_facility_stress,miope_qp,"{""common_slew"": 1, ""dPBESS_ref_max"": 200, ""dPBESS_ref_max_evento"": 200}",9.14866767800504e-05,0,1,4.053800322064249e-06,0,0,0,0,0,59.07471862095204,59.07471862095204,60.0225860840755,5.614296544058869,379.58207692063206,0,0,0.005614296544058869,979,0,59.91784509648022,nan,0,nan,nan,nan,nan,nan,0.0012035,0.0005819,0.000797,0.0010414999999999999,0.0012035,0.0010566,0.0005178,0.00071535,0.0009311,0.0010798,nan,nan,nan,nan,nan,0,05_resultados\revisao_operacional\campanha_v1\j00138.mat,campanha_v1,200,,,,,,,,
j00139,fairness,diploee_facility_stress,mpc_qp_v5,"{""common_slew"": 1, ""dPBESS_ref_max"": 200, ""dPBESS_ref_max_evento"": 200}",0.002199221042587851,0,1,6.10894738824788e-07,0,0,0,0,0,58.735744549262144,58.735744549262144,60.00001629329561,6.0053765494169,179.58951753054555,0,0,0.0060053765494169,979,0,59.89664583579423,3.4020149968227997e-06,842,0,0,1.3642420526593924e-12,333283.200808402,4015243775612013.0,0.0223221,0.01817545,0.03008955,0.0323253,0.0351416,0.0151545,0.0136715,0.02572895,0.0280927,0.0307755,0.0047232,0.0039844500000000005,0.00472085,0.0051073,0.0062443,0,05_resultados\revisao_operacional\campanha_v1\j00139.mat,campanha_v1,200,,,,,,,,
j00140,fairness,diploee_facility_stress,mpc_qp_estocastico_3cen,"{""common_slew"": 1, ""dPBESS_ref_max"": 200, ""dPBESS_ref_max_evento"": 200}",5.684341886080802e-14,0,1,4.4665493815117715e-15,0,0,0,0,0,52.007977770154625,52.007977770154625,60,37.9621055917653,1041.8623656974441,0,0,0.0379621055917653,979,0,55.40107353959909,7.105427357601002e-15,0,0,0,9.993073035730049e-11,666566.4016168036,8030487551224027.0,0.0440585,0.055240899999999996,0.06366555,0.06573635,0.0740431,0.0294692,0.043306750000000005,0.0515813,0.05386,0.0573865,0.0122643,0.01123905,0.0126354,0.01390355,0.0162938,0,05_resultados\revisao_operacional\campanha_v1\j00140.mat,campanha_v1,200,,,,,,,,
j00141,fairness,diploee_facility_stress,heuristico,"{""common_slew"": 1, ""dPBESS_ref_max"": 400, ""dPBESS_ref_max_evento"": 400}",2.6737464414123338,2.6737464414123338,1,0.07310999947789754,0.07232335768168296,100,0,0,0,59.177224605032066,59.177224605032066,60,3.9081831260976307,201.2206660841739,0,0,0.003908183126097631,979,43,60,nan,0,nan,nan,nan,nan,nan,4.55e-05,8.2e-06,9.3e-06,1.165e-05,4.55e-05,nan,nan,nan,nan,nan,nan,nan,nan,nan,nan,0,05_resultados\revisao_operacional\campanha_v1\j00141.mat,campanha_v1,400,,,,,,,,
j00142,fairness,diploee_facility_stress,heuristico_foresight,"{""common_slew"": 1, ""dPBESS_ref_max"": 400, ""dPBESS_ref_max_evento"": 400}",2.6737464414123338,2.6737464414123338,1,0.07249888774416312,0.0719526996789059,100,0,0,0,59.175863815274646,59.175863815274646,60,3.9146468774454704,201.2206660841739,0,0,0.00391464687744547,979,43,59.998767865344405,nan,0,nan,nan,nan,nan,nan,4.64e-05,9.1e-06,9.9e-06,1.1249999999999999e-05,4.64e-05,nan,nan,nan,nan,nan,nan,nan,nan,nan,nan,0,05_resultados\revisao_operacional\campanha_v1\j00142.mat,campanha_v1,400,,,,,,,,
j00143,fairness,diploee_facility_stress,miope_qp,"{""common_slew"": 1, ""dPBESS_ref_max"": 400, ""dPBESS_ref_max_evento"": 400}",6.951175339509064e-05,0,1,2.0372669818577737e-06,0,0,0,0,0,59.074717202164216,59.074717202164216,60.02258598431436,5.614296958296248,379.5819101840811,0,0,0.005614296958296248,979,0,59.91784398807882,nan,0,nan,nan,nan,nan,nan,0.0012529,0.0005739499999999999,0.00066055,0.00076855,0.0012529,0.0011077,0.0005111,0.00058505,0.0006862000000000001,0.0011077,nan,nan,nan,nan,nan,0,05_resultados\revisao_operacional\campanha_v1\j00143.mat,campanha_v1,400,,,,,,,,
j00144,fairness,diploee_facility_stress,mpc_qp_v5,"{""common_slew"": 1, ""dPBESS_ref_max"": 400, ""dPBESS_ref_max_evento"": 400}",0.0022154515774417405,0,1,6.154032207118843e-07,0,0,0,0,0,58.735670873504,58.735670873504,60.000016293498234,6.005726511296623,179.57624462079718,0,0,0.0060057265112966225,979,0,59.89664528955408,3.401767266097977e-06,842,0,0,6.821210263296962e-13,333283.200808402,4015243775612013.0,0.0198853,0.0174221,0.02981035,0.0312657,0.0344464,0.0140038,0.0132658,0.025535099999999998,0.0267418,0.030135,0.0039454,0.00393085,0.0043914,0.00463585,0.0050219,0,05_resultados\revisao_operacional\campanha_v1\j00144.mat,campanha_v1,400,,,,,,,,
j00145,fairness,diploee_facility_stress,mpc_qp_estocastico_3cen,"{""common_slew"": 1, ""dPBESS_ref_max"": 400, ""dPBESS_ref_max_evento"": 400}",5.684341886080802e-14,0,1,4.56070848525108e-15,0,0,0,0,0,52.00797366841693,52.00797366841693,60,37.96212507501909,1041.8594810979102,0,0,0.03796212507501909,979,0,55.40107341038375,7.105427357601002e-15,0,0,0,7.269136403920129e-10,666566.4016168036,8030487551224027.0,0.0418197,0.05541675,0.0658724,0.06994785,0.0823485,0.0285652,0.043755,0.0538799,0.0560567,0.0660748,0.0107589,0.011217399999999999,0.012405349999999999,0.01385,0.0160893,0,05_resultados\revisao_operacional\campanha_v1\j00145.mat,campanha_v1,400,,,,,,,,
j00146,ablacao,diploee_facility_stress,mpc_qp_v5,"{""mpc_foresight_grid"": 0}",0.0022154515462489144,0,1,6.154032119793264e-07,0,0,0,0,0,58.73566828778374,58.73566828778374,60.00001632939784,6.0057391528575845,179.57627151875275,0,0,0.006005739152857585,979,0,59.89664270420349,3.395371521719426e-06,842,0,0,6.821210263296962e-13,333283.200808402,4015243775612013.0,0.0199052,0.018803849999999997,0.0299609,0.031208399999999997,0.0343918,0.0140132,0.01451195,0.025589,0.0269313,0.0299913,0.004259,0.00401845,0.004751699999999999,0.0051602,0.0058733,0,05_resultados\revisao_operacional\campanha_v1\j00146.mat,campanha_v1,,load_only,,,,,,,
j00147,ablacao,diploee_facility_stress,mpc_qp_v5,"{""mpc_foresight_grid"": 0, ""mpc_foresight_load"": 0}",0.04474510499978379,0,1,0.0005212949023657356,0,0,0,0,0,59.11012486435159,59.11012486435159,60,4.226906894329836,195.82581243195852,0,0,0.004226906894329836,979,0,59.99523667876246,7.105427357601002e-15,0,0,0,6.821210263296962e-13,333283.200808402,4015243775612013.0,0.0201571,0.01841305,0.0273956,0.0305374,0.0406727,0.013593,0.0142656,0.02286685,0.02540245,0.0351636,0.004454,0.00396685,0.0044976,0.0049139000000000006,0.0113077,0,05_resultados\revisao_operacional\campanha_v1\j00147.mat,campanha_v1,,no_preview,,,,,,,
j00148,ablacao,diploee_facility_stress,mpc_qp_v5,"{""Nc_mpc"": 1, ""Np_mpc"": 1}",0.03820119275286893,0,1,0.000442312472683826,0,0,0,0,0,59.03234007763964,59.03234007763964,60.000038967271095,4.59677481724054,152.23353016429363,0,0,0.00459677481724054,979,0,59.99899873332738,4.581437451633974e-10,2,0,0,2.2737367544323206e-13,33249.70894497384,4393469340288.3667,0.0029398,0.0013033,0.00195115,0.00267985,0.0054103,0.0019312,0.0010358,0.0015304,0.0020604,0.0045748,0.0003496,0.0001539,0.0002617,0.00034250000000000003,0.0005252,0,05_resultados\revisao_operacional\campanha_v1\j00148.mat,campanha_v1,,horizon1,,,,,,,
j00149,ablacao,diploee_facility_stress,mpc_qp_v5,"{""disable_event_constraint"": 1}",0.0255908930887756,0,1,7.108581418395116e-06,0,0,0,0,0,58.73673093633405,58.73673093633405,60.00001632939784,6.000691572243265,179.5593858914154,0,0,0.006000691572243265,979,0,59.896925677263404,3.395371521719426e-06,842,0,0,2.2737367544323206e-13,333283.200808402,4015243775612013.0,0.0196042,0.0188115,0.0214939,0.0223872,0.0255541,0.0138347,0.01453255,0.017099,0.01779935,0.0205487,0.0040344,0.00398185,0.004752650000000001,0.0052127,0.0062587,0,05_resultados\revisao_operacional\campanha_v1\j00149.mat,campanha_v1,,no_event,,,,,,,
j00150,fairness,nvml_llama2_stress,heuristico,"{""common_slew"": 1, ""dPBESS_ref_max"": 120, ""dPBESS_ref_max_evento"": 120}",52.733566283621286,52.733566283621286,1,2.6490788013047575,2.6476634139779898,498,1,0,0,54.44384874409683,54.44384874409683,60,26.391718465539913,16951.16382286307,0,0,0.026391718465539914,,,,nan,0,nan,nan,nan,nan,nan,4.63e-05,8.3e-06,9.3e-06,1.2450000000000001e-05,4.63e-05,nan,nan,nan,nan,nan,nan,nan,nan,nan,nan,0,05_resultados\revisao_operacional\campanha_v1\j00150.mat,campanha_v1,120,,,,,,,,
j00151,fairness,nvml_llama2_stress,heuristico_foresight,"{""common_slew"": 1, ""dPBESS_ref_max"": 120, ""dPBESS_ref_max_evento"": 120}",48.284360673074616,48.284360673074616,1,2.6014378921458743,2.5996750091962992,488,0,0,0,54.382219873319215,54.382219873319215,60,26.684455601733482,16681.49357193273,0,0,0.026684455601733482,,,,nan,0,nan,nan,nan,nan,nan,6.97e-05,9e-06,9.9e-06,1.115e-05,6.97e-05,nan,nan,nan,nan,nan,nan,nan,nan,nan,nan,0,05_resultados\revisao_operacional\campanha_v1\j00151.mat,campanha_v1,120,,,,,,,,
j00152,fairness,nvml_llama2_stress,miope_qp,"{""common_slew"": 1, ""dPBESS_ref_max"": 120, ""dPBESS_ref_max_evento"": 120}",28.37485229782584,28.37485229782584,1,0.17162806736239622,0.17162570590658627,44,0,0,0,53.47630758475184,53.47630758475184,60.000000839715995,31.11526317951477,39527.034067790635,0,0,0.03111526317951477,,,,nan,0,nan,nan,nan,nan,nan,0.0012262,0.0005752,0.00065775,0.0008254,0.0012262,0.0010823,0.0005119,0.0005859999999999999,0.0007559,0.0010823,nan,nan,nan,nan,nan,0,05_resultados\revisao_operacional\campanha_v1\j00152.mat,campanha_v1,120,,,,,,,,
j00153,fairness,nvml_llama2_stress,mpc_qp_v5,"{""common_slew"": 1, ""dPBESS_ref_max"": 120, ""dPBESS_ref_max_evento"": 120}",0.006592760941629194,0,1,3.783233241281551e-05,0,0,0,0,0,51.91453926084035,51.91453926084035,60,38.40593851100835,237.14243088336423,0,0,0.038405938511008354,,,,7.105427357601002e-15,0,0,0,2.0691004465334117e-11,333283.200808402,4015243775612013.0,0.0188126,0.031265,0.034145350000000005,0.035137100000000004,0.0384631,0.0132977,0.0269453,0.02977635,0.0307137,0.0339106,0.0039548,0.00402885,0.00448125,0.004756399999999999,0.0061733,0,05_resultados\revisao_operacional\campanha_v1\j00153.mat,campanha_v1,120,,,,,,,,
j00154,fairness,nvml_llama2_stress,mpc_qp_estocastico_3cen,"{""common_slew"": 1, ""dPBESS_ref_max"": 120, ""dPBESS_ref_max_evento"": 120}",5.684341886080802e-14,0,1,2.7026105119275377e-15,0,0,0,0,0,41.417612863967705,41.417612863967705,60,88.26633889615314,564.1610931584337,0,0,0.08826633889615314,,,,7.105427357601002e-15,0,0,0,5.676827981915267e-05,666566.4016168036,8030487551224027.0,1.1688671,0.0562212,0.06336059999999999,0.07553635,1.1688671,0.2514778,0.04409705,0.0490491,0.05807935,0.2514778,0.1349358,0.01187405,0.01477235,0.01913515,0.1349358,1,05_resultados\revisao_operacional\campanha_v1\j00154.mat,campanha_v1,120,,,,,,,,
j00155,fairness,nvml_llama2_stress,heuristico,"{""common_slew"": 1, ""dPBESS_ref_max"": 200, ""dPBESS_ref_max_evento"": 200}",52.733566283621286,52.733566283621286,1,2.652817526156753,2.6512862062809943,499,2,0,0,54.450720231188306,54.450720231188306,60,26.359078901855423,17186.16868139141,0,0,0.02635907890185542,,,,nan,0,nan,nan,nan,nan,nan,0.0031412,8.4e-06,1.435e-05,4.74e-05,0.0031412,nan,nan,nan,nan,nan,nan,nan,nan,nan,nan,0,05_resultados\revisao_operacional\campanha_v1\j00155.mat,campanha_v1,200,,,,,,,,
j00156,fairness,nvml_llama2_stress,heuristico_foresight,"{""common_slew"": 1, ""dPBESS_ref_max"": 200, ""dPBESS_ref_max_evento"": 200}",48.5074773029627,48.5074773029627,1,2.6029660777031727,2.601101012216502,488,0,0,0,54.384711414695246,54.384711414695246,60,26.6726207801974,16766.704286992535,0,0,0.026672620780197397,,,,nan,0,nan,nan,nan,nan,nan,0.0022891,9.4e-06,1.08e-05,0.0001031,0.0022891,nan,nan,nan,nan,nan,nan,nan,nan,nan,nan,0,05_resultados\revisao_operacional\campanha_v1\j00156.mat,campanha_v1,200,,,,,,,,
j00157,fairness,nvml_llama2_stress,miope_qp,"{""common_slew"": 1, ""dPBESS_ref_max"": 200, ""dPBESS_ref_max_evento"": 200}",16.7338197933407,16.7338197933407,1,0.018574066632968175,0.0182806863025207,15,0,0,0,54.03069690935255,54.03069690935255,60.0000008196712,28.549517311322504,54248.69199393692,0,0,0.028549517311322502,,,,nan,0,nan,nan,nan,nan,nan,0.071438,0.0006212,0.00079615,0.0011110999999999998,0.071438,0.049176,0.0005487,0.0006979499999999999,0.0009521,0.049176,nan,nan,nan,nan,nan,0,05_resultados\revisao_operacional\campanha_v1\j00157.mat,campanha_v1,200,,,,,,,,
j00158,fairness,nvml_llama2_stress,mpc_qp_v5,"{""common_slew"": 1, ""dPBESS_ref_max"": 200, ""dPBESS_ref_max_evento"": 200}",0.006565773474960679,0,1,3.493045752083126e-05,0,0,0,0,0,51.91455131415039,51.91455131415039,60,38.40588125778594,237.25480561078302,0,0,0.03840588125778594,,,,7.105427357601002e-15,0,0,0,2.034994395216927e-11,333283.200808402,4015243775612013.0,0.0433729,0.030967050000000003,0.03467275,0.03677525,0.0453098,0.0208083,0.0264731,0.0298922,0.03177555,0.0400197,0.007656,0.00402245,0.00504195,0.0054288,0.007656,0,05_resultados\revisao_operacional\campanha_v1\j00158.mat,campanha_v1,200,,,,,,,,
j00159,fairness,nvml_llama2_stress,mpc_qp_estocastico_3cen,"{""common_slew"": 1, ""dPBESS_ref_max"": 200, ""dPBESS_ref_max_evento"": 200}",5.684341886080802e-14,0,1,2.786248638251955e-15,0,0,0,0,0,41.41761604546381,41.41761604546381,60,88.26632378404662,564.1609753475332,0,0,0.08826632378404661,,,,7.105427357601002e-15,0,0,0,0.0035151540588458374,666566.4016168036,8030487551224027.0,0.0475629,0.05596785,0.0602825,0.06257705,0.0784932,0.0248946,0.04403245,0.0477887,0.05004585,0.0610908,0.0116673,0.01175555,0.0131816,0.01503135,0.019728,0,05_resultados\revisao_operacional\campanha_v1\j00159.mat,campanha_v1,200,,,,,,,,
j00160,fairness,nvml_llama2_stress,heuristico,"{""common_slew"": 1, ""dPBESS_ref_max"": 400, ""dPBESS_ref_max_evento"": 400}",52.733566283621286,52.733566283621286,1,2.652817526156753,2.6512862062809943,499,2,0,0,54.450720231188306,54.450720231188306,60,26.359078901855423,17186.16868139141,0,0,0.02635907890185542,,,,nan,0,nan,nan,nan,nan,nan,0.0002932,8e-06,1.02e-05,1.23e-05,0.0002932,nan,nan,nan,nan,nan,nan,nan,nan,nan,nan,0,05_resultados\revisao_operacional\campanha_v1\j00160.mat,campanha_v1,400,,,,,,,,
j00161,fairness,nvml_llama2_stress,heuristico_foresight,"{""common_slew"": 1, ""dPBESS_ref_max"": 400, ""dPBESS_ref_max_evento"": 400}",48.5074773029627,48.5074773029627,1,2.6029660777031727,2.601101012216502,488,0,0,0,54.384711414695246,54.384711414695246,60,26.6726207801974,16766.704286992535,0,0,0.026672620780197397,,,,nan,0,nan,nan,nan,nan,nan,0.0007286,9.5e-06,2.13e-05,2.82e-05,0.0007286,nan,nan,nan,nan,nan,nan,nan,nan,nan,nan,0,05_resultados\revisao_operacional\campanha_v1\j00161.mat,campanha_v1,400,,,,,,,,
j00162,fairness,nvml_llama2_stress,miope_qp,"{""common_slew"": 1, ""dPBESS_ref_max"": 400, ""dPBESS_ref_max_evento"": 400}",5.317578430189002,5.317578430189002,1,0.0014853247747558846,0.001477105119496945,1,0,0,0,54.317475659703746,54.317475659703746,60.00000083040787,27.20785037904979,58822.837086338375,0,0,0.02720785037904979,,,,nan,0,nan,nan,nan,nan,nan,0.0016745,0.0005987,0.0007412,0.00087415,0.0016745,0.001049,0.0005316,0.000653,0.0007687,0.001049,nan,nan,nan,nan,nan,0,05_resultados\revisao_operacional\campanha_v1\j00162.mat,campanha_v1,400,,,,,,,,
j00163,fairness,nvml_llama2_stress,mpc_qp_v5,"{""common_slew"": 1, ""dPBESS_ref_max"": 400, ""dPBESS_ref_max_evento"": 400}",0.006557595992489951,0,1,3.53363667393809e-05,0,0,0,0,0,51.914557174944576,51.914557174944576,60,38.40585341901297,237.20968992820352,0,0,0.038405853419012974,,,,7.105427357601002e-15,0,0,0,2.2168933355715126e-11,333283.200808402,4015243775612013.0,0.0219179,0.030486350000000002,0.0346187,0.03638045,0.0438581,0.0155752,0.0260467,0.02993765,0.0319162,0.0387163,0.0040596,0.0040427,0.00496045,0.00531525,0.0063968,0,05_resultados\revisao_operacional\campanha_v1\j00163.mat,campanha_v1,400,,,,,,,,
j00164,fairness,nvml_llama2_stress,mpc_qp_estocastico_3cen,"{""common_slew"": 1, ""dPBESS_ref_max"": 400, ""dPBESS_ref_max_evento"": 400}",5.684341886080802e-14,0,1,2.3755481571050316e-15,0,0,0,0,0,41.4176134310499,41.4176134310499,60,88.26633620251312,564.1553818070045,0,0,0.08826633620251312,,,,7.105427357601002e-15,0,0,0,0.006029580629274278,666566.4016168036,8030487551224027.0,0.0401224,0.0560143,0.06016505,0.06249155,0.0723789,0.024582,0.04421575,0.04797055,0.0495193,0.0579185,0.01093,0.0114591,0.01252875,0.0137506,0.0173546,0,05_resultados\revisao_operacional\campanha_v1\j00164.mat,campanha_v1,400,,,,,,,,
j00165,ablacao,nvml_llama2_stress,mpc_qp_v5,"{""mpc_foresight_grid"": 0}",0.006557596080881467,0,1,3.533636677420038e-05,0,0,0,0,0,51.91455751499581,51.91455751499581,60,38.40585180376962,237.20969702497717,0,0,0.038405851803769625,,,,7.105427357601002e-15,0,0,0,2.0236257114447653e-11,333283.200808402,4015243775612013.0,0.0206587,0.0302011,0.03408155,0.035514649999999995,0.0377295,0.0131906,0.02575115,0.02972015,0.030799399999999998,0.0330001,0.0044688,0.00394885,0.0049114,0.00519415,0.0056834,0,05_resultados\revisao_operacional\campanha_v1\j00165.mat,campanha_v1,,load_only,,,,,,,
j00166,ablacao,nvml_llama2_stress,mpc_qp_v5,"{""mpc_foresight_grid"": 0, ""mpc_foresight_load"": 0}",1.4962221001080138,1.4962221001080138,1,0.003722434614930332,0.0006953595504511078,2,0,0,0,52.06659790409345,52.06659790409345,60,37.683659955556,2369.7049756670294,0,0,0.037683659955556004,,,,0.006659435013780524,48,0,0,1.8189894035458565e-12,333283.200808402,4015243775612013.0,0.0200476,0.0260158,0.0297176,0.031510399999999994,0.0330176,0.0133695,0.0216679,0.0251403,0.0269005,0.0286854,0.0040967,0.0038992000000000002,0.00483485,0.005210350000000001,0.0104951,0,05_resultados\revisao_operacional\campanha_v1\j00166.mat,campanha_v1,,no_preview,,,,,,,
j00167,ablacao,nvml_llama2_stress,mpc_qp_v5,"{""Nc_mpc"": 1, ""Np_mpc"": 1}",1.4015706136239032,1.4015706136239032,1,0.0006651762131981671,0.0003893251704510842,1,0,0,0,48.85602899293204,48.85602899293204,60,52.933862283572815,260.16784052138746,0,0,0.052933862283572816,,,,7.105427357601002e-15,0,0,0,2.2737367544323206e-13,33249.70894497384,4393469340288.3667,0.0694914,0.0014639499999999999,0.0020745,0.0025603500000000003,0.0694914,0.0273991,0.00114025,0.0016233,0.0019858999999999996,0.0273991,0.0356456,0.0001858,0.00028905,0.00039505,0.0356456,0,05_resultados\revisao_operacional\campanha_v1\j00167.mat,campanha_v1,,horizon1,,,,,,,
j00168,ablacao,nvml_llama2_stress,mpc_qp_v5,"{""disable_event_constraint"": 1}",0.08263427135054258,0,1,0.00037879571036656605,0,0,0,0,0,51.9181604042231,51.9181604042231,60,38.388738079940865,237.13125783528358,0,0,0.038388738079940865,,,,7.105427357601002e-15,0,0,0,5.684341886080801e-13,333283.200808402,4015243775612013.0,0.021509,0.02126305,0.02291245,0.02392375,0.0279476,0.0145805,0.01710615,0.0181206,0.0189148,0.0224434,0.0052769,0.003895,0.00489525,0.005245649999999999,0.0097663,0,05_resultados\revisao_operacional\campanha_v1\j00168.mat,campanha_v1,,no_event,,,,,,,
j00169,pesos,perda_fonte,mpc_qp_v5,"{""w_mpc_slack_load"": 100000000}",350.26180970117514,350.26180970117514,1,14.58351816332691,14.58351816332691,150,150,150,150,56.85133875142452,55.45780023027498,60,28.90986217540244,1687.0636985163148,0,0.16666666666666669,0.02890986217540244,500,150,59.098768380647456,0.01457081347866307,733,0,0,0.03676502569408058,333283.200808402,4015243775612013.0,0.0210826,0.02226085,0.02937155,0.034043649999999995,0.0455703,0.0151016,0.018077299999999998,0.0248789,0.0295145,0.0406028,0.0044273,0.0039004,0.0046942500000000005,0.005094049999999999,0.0096983,0,05_resultados\revisao_operacional\campanha_v1\j00169.mat,campanha_v1,,,slack_load,0.1,,,,,
j00170,pesos,carga_faixas,mpc_qp_v5,"{""w_mpc_slack_load"": 100000000}",0.01950167810457515,0,1,5.4171328113063234e-06,0,0,0,0,0,58.809569419156304,57.391188164626065,60,19.85702071555402,358.2877733509306,0,0,0.019857020715554022,400,0,59.62724941460148,0.014627188311074235,489,0,0,2.2737367544323206e-13,333283.200808402,4015243775612013.0,0.0193156,0.0196977,0.0257744,0.028568000000000003,0.0325202,0.0130686,0.0153043,0.02130635,0.0239961,0.0269563,0.0046222,0.003926600000000001,0.0047195499999999994,0.0051225,0.0066314,0,05_resultados\revisao_operacional\campanha_v1\j00170.mat,campanha_v1,,,slack_load,0.1,,,,,
j00171,pesos,perda_fonte,mpc_qp_v5,"{""w_mpc_slack_load"": 1000000000}",350.0673643906158,350.0673643906158,1,14.583380890632919,14.583380890632919,150,150,150,150,57.09765980475696,55.703914844740474,60,27.741904277043087,1655.8768161818073,0,1.5833333333333335,0.027741904277043088,500,150,59.3449119390287,0.014570765323362878,733,0,0,0.003397654078071355,333283.200808402,4015243775612013.0,0.0207793,0.024452,0.030484749999999998,0.0381619,0.0633991,0.0149902,0.0203177,0.025761850000000003,0.033283850000000004,0.0568152,0.00412,0.0038894999999999997,0.0047112000000000005,0.0052255,0.014199,0,05_resultados\revisao_operacional\campanha_v1\j00171.mat,campanha_v1,,,slack_load,1,,,,,
j00172,pesos,carga_faixas,mpc_qp_v5,"{""w_mpc_slack_load"": 1000000000}",0.018079005862091435,0,1,5.021946077643592e-06,0,0,0,0,0,58.800152435350384,57.38583268897276,60,19.86108286620929,358.02293969361654,0,0,0.01986108286620929,400,0,59.62722863278806,0.014627091341246512,489,0,0,5.684341886080801e-13,333283.200808402,4015243775612013.0,0.0189881,0.02149055,0.029134649999999998,0.0316732,0.0437766,0.0136163,0.0173565,0.0244392,0.0268286,0.0331783,0.0034912,0.0038734,0.0048638,0.0053639,0.0102754,0,05_resultados\revisao_operacional\campanha_v1\j00172.mat,campanha_v1,,,slack_load,1,,,,,
j00173,pesos,perda_fonte,mpc_qp_v5,"{""w_mpc_slack_load"": 10000000000.0}",350.04758470917477,350.04758470917477,1,14.583366926738947,14.583366926738947,150,150,150,150,57.32964701892259,55.935908705688654,60,26.63989845447276,902.1754663975071,0,3.5000000000000004,0.02663989845447276,500,150,59.57690877899726,0.01457073451613411,733,0,0,0.018611845467376043,3332832.006730473,4015243775612013.0,0.0215137,0.02693035,0.03672195,0.04085195,0.0441962,0.0155461,0.022724300000000003,0.03191265,0.0361837,0.0399718,0.0041298,0.004018000000000001,0.00494785,0.00526005,0.0073475,0,05_resultados\revisao_operacional\campanha_v1\j00173.mat,campanha_v1,,,slack_load,10,,,,,
j00174,pesos,carga_faixas,mpc_qp_v5,"{""w_mpc_slack_load"": 10000000000.0}",0.017980892853927344,0,1,4.994692464220282e-06,0,0,0,0,0,58.80283957027638,57.38951344532596,60,19.838369687072838,357.87297833457774,0,0,0.019838369687072838,400,0,59.62722389700043,0.014627054496457959,489,0,0,2.2737367544323206e-13,3332832.006730473,4015243775612013.0,0.0199409,0.02331995,0.0308407,0.031552949999999996,0.0354387,0.0145136,0.01914955,0.02625075,0.02698315,0.0309722,0.0038224,0.0038474,0.00464465,0.004963,0.0051327,0,05_resultados\revisao_operacional\campanha_v1\j00174.mat,campanha_v1,,,slack_load,10,,,,,
j00175,pesos,perda_fonte,mpc_qp_v5,"{""w_mpc_slack_event"": 100000000}",350.0678223434594,350.0678223434594,1,14.583381213915622,14.58338121391562,150,150,150,150,57.25751041474565,55.86376618369323,60,26.98260658036431,1523.2302812932433,0,2.3333333333333335,0.026982606580364308,500,150,59.50476323868765,0.014570752361542816,733,0,0,2.2737367544323206e-12,333283.200808402,4015243775612013.0,0.0203382,0.02492455,0.0350686,0.03887385,0.0447429,0.0151185,0.020638200000000002,0.03018685,0.03327255,0.0365978,0.0036938,0.0040058,0.0049752,0.0055001500000000005,0.0125469,0,05_resultados\revisao_operacional\campanha_v1\j00175.mat,campanha_v1,,,slack_event,0.1,,,,,
j00176,pesos,carga_faixas,mpc_qp_v5,"{""w_mpc_slack_event"": 100000000}",0.1040683246126548,0,1,2.89078679528292e-05,0,0,0,0,0,58.80541378056026,57.39108787368001,60,19.836153162547454,357.92917073243245,0,0,0.019836153162547453,400,0,59.62729802742354,0.014627977091905109,489,0,0,2.2737367544323206e-13,333283.200808402,4015243775612013.0,0.0194075,0.0215627,0.0284592,0.031704949999999996,0.0401272,0.0137749,0.017370450000000003,0.023400400000000002,0.02647155,0.0348289,0.0040197,0.00395605,0.004813400000000001,0.0051825,0.0056192,0,05_resultados\revisao_operacional\campanha_v1\j00176.mat,campanha_v1,,,slack_event,0.1,,,,,
j00177,pesos,perda_fonte,mpc_qp_v5,"{""w_mpc_slack_event"": 1000000000}",350.0673643906158,350.0673643906158,1,14.583380890632919,14.583380890632919,150,150,150,150,57.09765980475696,55.703914844740474,60,27.741904277043087,1655.8768161818073,0,1.5833333333333335,0.027741904277043088,500,150,59.3449119390287,0.014570765323362878,733,0,0,0.003397654078071355,333283.200808402,4015243775612013.0,0.020425,0.0247265,0.03355295,0.038695049999999995,0.0430299,0.0147526,0.020532250000000002,0.02849225,0.0337392,0.0383502,0.003772,0.0038885,0.0049537,0.00551695,0.0172452,0,05_resultados\revisao_operacional\campanha_v1\j00177.mat,campanha_v1,,,slack_event,1,,,,,
j00178,pesos,carga_faixas,mpc_qp_v5,"{""w_mpc_slack_event"": 1000000000}",0.018079005862091435,0,1,5.021946077643592e-06,0,0,0,0,0,58.800152435350384,57.38583268897276,60,19.86108286620929,358.02293969361654,0,0,0.01986108286620929,400,0,59.62722863278806,0.014627091341246512,489,0,0,5.684341886080801e-13,333283.200808402,4015243775612013.0,0.0198068,0.0218514,0.0289931,0.0311664,0.0374268,0.0141248,0.017581350000000003,0.02438305,0.0260339,0.032143,0.0041333,0.00404315,0.0048435,0.0052216,0.0068046,0,05_resultados\revisao_operacional\campanha_v1\j00178.mat,campanha_v1,,,slack_event,1,,,,,
j00179,pesos,perda_fonte,mpc_qp_v5,"{""w_mpc_slack_event"": 10000000000.0}",350.27144693213233,350.27144693213233,1,14.583524967016299,14.583524967016299,150,150,150,150,57.29581221264444,55.902068156358474,60,26.800671290381104,1491.1730266305296,0,2.666666666666667,0.026800671290381103,500,150,59.543034954434674,0.014570749255760518,733,0,0,0.006660259366185528,3332832.006730473,4015243775612013.0,0.0209848,0.025063000000000002,0.0318892,0.039759749999999996,0.0464053,0.0153339,0.020905649999999998,0.02736965,0.034725450000000005,0.0420143,0.0036588,0.00389785,0.00467355,0.004989749999999999,0.0065227,0,05_resultados\revisao_operacional\campanha_v1\j00179.mat,campanha_v1,,,slack_event,10,,,,,
j00180,pesos,carga_faixas,mpc_qp_v5,"{""w_mpc_slack_event"": 10000000000.0}",0.0019465909995233233,0,1,5.407197268817475e-07,0,0,0,0,0,58.79903235201566,57.38471389900957,60,19.866390311315755,358.07925817346904,0,0,0.019866390311315756,400,0,59.627218130475335,0.014626904774630134,489,0,0,2.2737367544323206e-13,3332832.006730473,4015243775612013.0,0.0192903,0.0217276,0.02856475,0.03252195,0.0410276,0.0136255,0.017461749999999998,0.0236667,0.02707685,0.0360641,0.0040458,0.0041090499999999995,0.0050761,0.0055501000000000005,0.0140417,0,05_resultados\revisao_operacional\campanha_v1\j00180.mat,campanha_v1,,,slack_event,10,,,,,
j00181,pesos,perda_fonte,mpc_qp_v5,"{""w_mpc_slack_source"": 10000000}",350.12304707522844,350.12304707522844,1,14.583420200969831,14.58342020096983,150,150,150,150,57.23951893131434,55.84574623626825,60,27.068351141126623,1638.615297740223,0,2.3333333333333335,0.02706835114112662,500,150,59.48673508082476,0.01457074279176851,733,0,0,0.0012225776267769106,333283.200808402,4015243775612013.0,0.0214211,0.02432155,0.0300679,0.03924305,0.0918545,0.0151037,0.0201106,0.02570695,0.03497825,0.0871715,0.0043328,0.0039019500000000004,0.00468575,0.00504995,0.0054116,0,05_resultados\revisao_operacional\campanha_v1\j00181.mat,campanha_v1,,,slack_source,0.1,,,,,
j00182,pesos,carga_faixas,mpc_qp_v5,"{""w_mpc_slack_source"": 10000000}",0.019514252555552503,0,1,5.420625714972757e-06,0,0,0,0,0,58.80332896473015,57.389422669700224,60,19.841854398029508,358.5022985917295,0,0,0.019841854398029508,400,0,59.62722873313327,0.014627086675901069,489,0,0,7.958078640513122e-13,333283.200808402,4015243775612013.0,0.0206506,0.0214141,0.03222235,0.03859095,0.044864,0.0138997,0.01716575,0.027359599999999998,0.0332482,0.0393941,0.0045767,0.00404655,0.00494055,0.0054462,0.0129132,0,05_resultados\revisao_operacional\campanha_v1\j00182.mat,campanha_v1,,,slack_source,0.1,,,,,
j00183,pesos,perda_fonte,mpc_qp_v5,"{""w_mpc_slack_source"": 100000000}",350.0673643906158,350.0673643906158,1,14.583380890632919,14.583380890632919,150,150,150,150,57.09765980475696,55.703914844740474,60,27.741904277043087,1655.8768161818073,0,1.5833333333333335,0.027741904277043088,500,150,59.3449119390287,0.014570765323362878,733,0,0,0.003397654078071355,333283.200808402,4015243775612013.0,0.0208069,0.0247747,0.029935299999999998,0.03760315,0.0428699,0.0151501,0.02058555,0.0253509,0.03294105,0.0386739,0.0039897,0.0038968,0.0046224,0.0050152,0.0054595,0,05_resultados\revisao_operacional\campanha_v1\j00183.mat,campanha_v1,,,slack_source,1,,,,,
j00184,pesos,carga_faixas,mpc_qp_v5,"{""w_mpc_slack_source"": 100000000}",0.018079005862091435,0,1,5.021946077643592e-06,0,0,0,0,0,58.800152435350384,57.38583268897276,60,19.86108286620929,358.02293969361654,0,0,0.01986108286620929,400,0,59.62722863278806,0.014627091341246512,489,0,0,5.684341886080801e-13,333283.200808402,4015243775612013.0,0.0193501,0.0221015,0.02999835,0.03453075,0.0433089,0.0138063,0.0176154,0.0250913,0.02949105,0.0375365,0.0036173,0.00410815,0.0049467,0.0054046,0.0152931,0,05_resultados\revisao_operacional\campanha_v1\j00184.mat,campanha_v1,,,slack_source,1,,,,,
j00185,pesos,perda_fonte,mpc_qp_v5,"{""w_mpc_slack_source"": 1000000000}",350.065656105528,350.065656105528,1,14.583379684635569,14.583379684635567,150,150,150,150,57.133554927019816,55.7399337833498,60,27.57016265366684,1929.5625966577227,0,1.3333333333333335,0.02757016265366684,500,150,59.38093101298452,0.01457135319981262,733,0,0,0.0009481387183427614,333283.200808402,4015243775612013.0,0.0203787,0.0243202,0.03135465,0.0387071,0.0453275,0.0146572,0.020108300000000003,0.02679,0.03435225,0.0412609,0.0041409,0.0039369,0.0047764999999999995,0.00509375,0.0079681,0,05_resultados\revisao_operacional\campanha_v1\j00185.mat,campanha_v1,,,slack_source,10,,,,,
j00186,pesos,carga_faixas,mpc_qp_v5,"{""w_mpc_slack_source"": 1000000000}",0.013595917132363411,0,1,3.7766436526157454e-06,0,0,0,0,0,58.8068729391157,57.38933485725395,60,19.861386174684036,358.33328894664976,0,0,0.019861386174684036,400,0,59.627245899325665,0.014627609121809826,489,0,0,3.296918293926865e-12,333283.200808402,4015243775612013.0,0.0190964,0.02226955,0.03122085,0.031751600000000005,0.0336666,0.0132343,0.0180272,0.026473700000000003,0.0269095,0.0281611,0.0041977,0.003956,0.0047382,0.00503295,0.0055292,0,05_resultados\revisao_operacional\campanha_v1\j00186.mat,campanha_v1,,,slack_source,10,,,,,
j00187,pesos,perda_fonte,mpc_qp_v5,"{""w_mpc_slack_recharge"": 100000}",350.0673643906158,350.0673643906158,1,14.583380890632919,14.583380890632919,150,150,150,150,56.81578069842566,55.51587835689842,60,28.141169075928662,1655.8470858445667,0,1.5833333333333335,0.028141169075928663,500,150,59.3449119390287,0.009597290579229423,963,0,0,0.003397654078071355,333283.200808402,4015243775612013.0,0.0212148,0.020613199999999998,0.0298439,0.0376368,0.0436326,0.0152994,0.016232450000000002,0.025321450000000002,0.0330819,0.0390412,0.0042809,0.0039238499999999996,0.004623,0.0048458,0.017796,0,05_resultados\revisao_operacional\campanha_v1\j00187.mat,campanha_v1,,,slack_recharge,0.1,,,,,
j00188,pesos,carga_faixas,mpc_qp_v5,"{""w_mpc_slack_recharge"": 100000}",0.018079005862091435,0,1,5.021946077561805e-06,0,0,0,0,0,58.67587972726419,57.33424407218995,60,19.723580946962084,357.71667199098613,0,0,0.019723580946962083,400,0,59.62722863278806,0.009330251558324676,918,0,0,5.684341886080801e-13,333283.200808402,4015243775612013.0,0.0194284,0.0206591,0.0291392,0.0305587,0.0340998,0.0139235,0.01638655,0.02448295,0.026130800000000003,0.0290749,0.0035987,0.003971199999999999,0.00476305,0.0050738,0.0053052,0,05_resultados\revisao_operacional\campanha_v1\j00188.mat,campanha_v1,,,slack_recharge,0.1,,,,,
j00189,pesos,perda_fonte,mpc_qp_v5,"{""w_mpc_slack_recharge"": 1000000}",350.0673643906158,350.0673643906158,1,14.583380890632919,14.583380890632919,150,150,150,150,57.09765980475696,55.703914844740474,60,27.741904277043087,1655.8768161818073,0,1.5833333333333335,0.027741904277043088,500,150,59.3449119390287,0.014570765323362878,733,0,0,0.003397654078071355,333283.200808402,4015243775612013.0,0.0212151,0.02482495,0.03038835,0.0380104,0.0433505,0.0153273,0.020619850000000002,0.025506349999999997,0.0333348,0.0389472,0.0043176,0.0039185,0.0047034,0.00505535,0.0056157,0,05_resultados\revisao_operacional\campanha_v1\j00189.mat,campanha_v1,,,slack_recharge,1,,,,,
j00190,pesos,carga_faixas,mpc_qp_v5,"{""w_mpc_slack_recharge"": 1000000}",0.018079005862091435,0,1,5.021946077643592e-06,0,0,0,0,0,58.800152435350384,57.38583268897276,60,19.86108286620929,358.02293969361654,0,0,0.01986108286620929,400,0,59.62722863278806,0.014627091341246512,489,0,0,5.684341886080801e-13,333283.200808402,4015243775612013.0,0.019353,0.02164145,0.02904615,0.0311882,0.0371131,0.0141503,0.017419900000000002,0.0243885,0.02634035,0.0293531,0.00366,0.0039442999999999995,0.0047209,0.00511905,0.0081466,0,05_resultados\revisao_operacional\campanha_v1\j00190.mat,campanha_v1,,,slack_recharge,1,,,,,
j00191,pesos,perda_fonte,mpc_qp_v5,"{""w_mpc_slack_recharge"": 10000000}",350.0673643906158,350.0673643906158,1,14.583636424777042,14.583380890632919,150,150,150,150,57.206853452058965,55.776001990440385,60,27.59478771182131,1667.8728141950605,0,1.5833333333333335,0.027594787711821313,500,150,59.3449119390287,0.016056254256106683,281,0,0,0.003397654078071355,333283.200808402,4015243775612013.0,0.0199817,0.0251423,0.03175875,0.0382083,0.0429669,0.0148497,0.0209238,0.0270985,0.03353395000000001,0.0384059,0.0036113,0.00392255,0.0047212,0.0050193500000000005,0.0054466,0,05_resultados\revisao_operacional\campanha_v1\j00191.mat,campanha_v1,,,slack_recharge,10,,,,,
j00192,pesos,carga_faixas,mpc_qp_v5,"{""w_mpc_slack_recharge"": 10000000}",0.018079005862091435,0,1,5.021946077484583e-06,0,0,0,0,0,58.89046541827923,57.409098012012066,60,20.10345500224326,365.3054914565499,0,0,0.020103455002243257,400,0,59.62722863278806,0.017184211117942993,172,0,0,5.684341886080801e-13,333283.200808402,4015243775612013.0,0.0203639,0.02051625,0.0290463,0.030557,0.033628,0.0138094,0.0162085,0.02453845,0.02599555,0.0293379,0.0041007,0.0039285,0.0047088,0.004993050000000001,0.0057672,0,05_resultados\revisao_operacional\campanha_v1\j00192.mat,campanha_v1,,,slack_recharge,10,,,,,
j00193,pesos,perda_fonte,mpc_qp_v5,"{""w_mpc_delta_u"": 5}",350.0475847098886,350.0475847098886,1,14.583393765052636,14.583366926760348,150,150,150,150,57.42649255164818,55.995965506625275,60,26.548253554177254,1049.1617460005095,0,3.166666666666667,0.026548253554177254,500,150,59.56488410867277,0.016040948333206018,281,0,0,0.006274758290999216,333283.200808402,4015243775612013.0,0.0219453,0.0251713,0.03399755,0.0406249,0.0662296,0.0164433,0.02098575,0.0291241,0.035820199999999996,0.0619447,0.0039101,0.0039029,0.004641350000000001,0.0051127,0.0151224,0,05_resultados\revisao_operacional\campanha_v1\j00193.mat,campanha_v1,,,delta_u,0.1,,,,,
j00194,pesos,carga_faixas,mpc_qp_v5,"{""w_mpc_delta_u"": 5}",0.005499925028630059,0,1,1.527756957333324e-06,0,0,0,0,0,58.93597122191809,57.48605560674572,60,19.57243376667305,394.03771611031834,0,0,0.01957243376667305,400,0,59.70943721173364,0.016928754229688536,546,0,0,2.2737367544323206e-12,333283.200808402,4015243775612013.0,0.0215237,0.0221774,0.032013650000000005,0.03518465,0.0438468,0.0151248,0.01793825,0.02742175,0.0306769,0.0378295,0.0041044,0.0039882,0.004871250000000001,0.00536285,0.0063276,0,05_resultados\revisao_operacional\campanha_v1\j00194.mat,campanha_v1,,,delta_u,0.1,,,,,
j00195,pesos,perda_fonte,mpc_qp_v5,"{""w_mpc_delta_u"": 50}",350.0673643906158,350.0673643906158,1,14.583380890632919,14.583380890632919,150,150,150,150,57.09765980475696,55.703914844740474,60,27.741904277043087,1655.8768161818073,0,1.5833333333333335,0.027741904277043088,500,150,59.3449119390287,0.014570765323362878,733,0,0,0.003397654078071355,333283.200808402,4015243775612013.0,0.0204071,0.0251744,0.0326207,0.03866115,0.0422285,0.0150066,0.0207873,0.02785875,0.0338496,0.0379369,0.0037711,0.004050649999999999,0.00478365,0.0050402,0.0099208,0,05_resultados\revisao_operacional\campanha_v1\j00195.mat,campanha_v1,,,delta_u,1,,,,,
j00196,pesos,carga_faixas,mpc_qp_v5,"{""w_mpc_delta_u"": 50}",0.018079005862091435,0,1,5.021946077643592e-06,0,0,0,0,0,58.800152435350384,57.38583268897276,60,19.86108286620929,358.02293969361654,0,0,0.01986108286620929,400,0,59.62722863278806,0.014627091341246512,489,0,0,5.684341886080801e-13,333283.200808402,4015243775612013.0,0.0197038,0.0217677,0.03010485,0.033722749999999996,0.0402883,0.0139624,0.0174688,0.0252723,0.0285549,0.0349441,0.0040803,0.00415255,0.00488835,0.00510285,0.0062226,0,05_resultados\revisao_operacional\campanha_v1\j00196.mat,campanha_v1,,,delta_u,1,,,,,
j00197,pesos,perda_fonte,mpc_qp_v5,"{""w_mpc_delta_u"": 500}",350.25815961457727,350.25815961457727,1,14.583515586432208,14.583515586432208,150,150,150,150,56.618747202730525,55.31982606794043,60,29.06725320249286,1863.609299131782,0,0.25,0.02906725320249286,500,150,59.15262580017685,0.009302053792929144,913,0,0,0.0008744200696924054,333283.200808402,4015243775612013.0,0.0192556,0.0221249,0.0312052,0.03776235,0.0455333,0.0136436,0.017825149999999998,0.02676535,0.0331293,0.0412232,0.0039523,0.00398515,0.0046396,0.0049216,0.0081583,0,05_resultados\revisao_operacional\campanha_v1\j00197.mat,campanha_v1,,,delta_u,10,,,,,
j00198,pesos,carga_faixas,mpc_qp_v5,"{""w_mpc_delta_u"": 500}",0.025830018219835438,0,1,7.175005065866497e-06,0,0,0,0,0,58.66563714586378,57.326514352435034,60,19.747071528190038,351.79007288116503,0,0,0.01974707152819004,400,0,59.61647546978155,0.009445097990209206,956,0,0,2.2737367544323206e-13,333283.200808402,4015243775612013.0,0.0183415,0.02085405,0.025523900000000002,0.02954375,0.0381226,0.0129726,0.01643115,0.020937749999999998,0.02503135,0.032609,0.0037679,0.0040444999999999995,0.0046095500000000005,0.0048733000000000005,0.0056587,0,05_resultados\revisao_operacional\campanha_v1\j00198.mat,campanha_v1,,,delta_u,10,,,,,
j00199,timing,perda_fonte,heuristico,{},592.6122638850534,592.6122638850534,1,14.754610453615202,14.754610453615202,150,150,150,150,57.93978528855198,56.5039066455025,60,24.16369944991276,850,0,0,0.02416369944991276,500,150,60,nan,0,nan,nan,nan,nan,nan,9.95e-05,8.2e-06,1.06e-05,1.785e-05,0.0003014,nan,nan,nan,nan,nan,nan,nan,nan,nan,nan,0,05_resultados\revisao_operacional\campanha_v1\j00199.mat,campanha_v1,,,,,-20,,,,
j00200,timing,perda_fonte,heuristico_foresight,{},350.00056596354943,350.00056596354943,1,14.583333732886949,14.583333732886949,150,150,150,150,57.073806785790296,55.64249370169842,60,28.231381675310494,850,0,0,0.028231381675310495,500,150,59.206428627365796,nan,0,nan,nan,nan,nan,nan,7.3e-05,9.1e-06,1.19e-05,3.68e-05,0.0003687,nan,nan,nan,nan,nan,nan,nan,nan,nan,nan,0,05_resultados\revisao_operacional\campanha_v1\j00200.mat,campanha_v1,,,,,-20,,,,
j00201,timing,perda_fonte,miope_qp,{},592.6116232891053,592.6116232891053,1,14.754610001373313,14.75461000137331,150,150,150,150,57.9147667951044,56.47501255161039,60,24.32134429297718,1150.0008251042025,0,0,0.02432134429297718,500,150,59.99996967342122,nan,0,nan,nan,nan,nan,nan,0.001237,0.0006063500000000001,0.0007263,0.00098065,0.0137125,0.0010639,0.0005365999999999999,0.0006364999999999999,0.0008708,0.0127584,nan,nan,nan,nan,nan,0,05_resultados\revisao_operacional\campanha_v1\j00201.mat,campanha_v1,,,,,-20,,,,
j00202,timing,perda_fonte,mpc_qp_v5,{},350.0000077437967,350.0000077437967,1,14.583333338820331,14.583333338820331,150,150,150,150,56.79947351473136,55.40572719668943,60,29.158302752787787,1768.8258923010928,0,2.3333333333333335,0.029158302752787787,500,150,59.04673424822603,0.014570789502421633,733,0,0,0.004392504020813703,333283.200808402,4015243775612013.0,0.0212391,0.02511245,0.03232285,0.0402539,0.0681037,0.0152922,0.02077105,0.0275685,0.035889950000000004,0.0625652,0.0043217,0.004042850000000001,0.0046668000000000005,0.00517985,0.0079967,0,05_resultados\revisao_operacional\campanha_v1\j00202.mat,campanha_v1,,,,,-20,,,,
j00203,timing,perda_fonte,mpc_qp_estocastico_3cen,{},350.0000000441902,350.0000000441902,1,14.583333333376174,14.583333333376173,150,150,150,150,49.18944666227664,49.18944666227664,60,51.3501283541858,2154.8367623949066,0,0.16666666666666669,0.0513501283541858,500,150,55.98561165430024,0.1243114299775101,57,0,0,0.004629179280129847,666566.4042708572,8858386386927326.0,0.0474941,0.0535076,0.07945035,0.1185374,0.1608475,0.0326498,0.0413291,0.06677274999999999,0.10595335,0.1493997,0.0120262,0.011831850000000001,0.01331775,0.0148486,0.0288956,0,05_resultados\revisao_operacional\evento_adiantado_corrigido_v1\j00203.mat,evento_adiantado_corrigido_v1,,,,,-20,,,,
j00204,timing,perda_fonte,heuristico,{},592.6122638850534,592.6122638850534,1,14.754610453615202,14.754610453615202,150,150,150,150,57.93978528855198,56.5039066455025,60,24.16369944991276,850,0,0,0.02416369944991276,500,150,60,nan,0,nan,nan,nan,nan,nan,4e-05,8e-06,1.04e-05,1.54e-05,4e-05,nan,nan,nan,nan,nan,nan,nan,nan,nan,nan,0,05_resultados\revisao_operacional\campanha_v1\j00204.mat,campanha_v1,,,,,-19,,,,
j00205,timing,perda_fonte,heuristico_foresight,{},350.0009331161424,350.0009331161424,1,14.583333992085878,14.583333992085878,150,150,150,150,57.097198598655794,55.66588551456392,60,28.12027056419938,850,0,0,0.02812027056419938,500,150,59.229820385663096,nan,0,nan,nan,nan,nan,nan,4.76e-05,8.9e-06,1.16e-05,2.2499999999999998e-05,4.76e-05,nan,nan,nan,nan,nan,nan,nan,nan,nan,nan,0,05_resultados\revisao_operacional\campanha_v1\j00205.mat,campanha_v1,,,,,-19,,,,
j00206,timing,perda_fonte,miope_qp,{},592.6116232891053,592.6116232891053,1,14.754610001373313,14.75461000137331,150,150,150,150,57.9147667951044,56.47501255161039,60,24.32134429297718,1150.0008251042025,0,0,0.02432134429297718,500,150,59.99996967342122,nan,0,nan,nan,nan,nan,nan,0.0012811,0.0005858,0.00067325,0.0008665000000000001,0.0012811,0.0011332,0.0005211,0.0005933,0.0007714,0.0011332,nan,nan,nan,nan,nan,0,05_resultados\revisao_operacional\campanha_v1\j00206.mat,campanha_v1,,,,,-19,,,,
j00207,timing,perda_fonte,mpc_qp_v5,{},350.0000051652537,350.0000051652537,1,14.583333337000036,14.583333337000035,150,150,150,150,56.804351387997826,55.41060509215233,60,29.135132632515354,1540.8431100621353,0,2.25,0.029135132632515354,500,150,59.0516121449499,0.014570789106890913,733,0,0,0.004329353967648331,333283.200808402,4015243775612013.0,0.0229108,0.0253037,0.0323661,0.039679,0.0489949,0.0159204,0.0209487,0.02754945,0.035098950000000004,0.0447264,0.0052671,0.0040606,0.00477975,0.0051265,0.0055185,0,05_resultados\revisao_operacional\campanha_v1\j00207.mat,campanha_v1,,,,,-19,,,,
j00208,timing,perda_fonte,mpc_qp_estocastico_3cen,{},350.0000000011361,350.0000000011361,1,14.58333333334571,14.583333333345708,150,150,150,150,49.07006446819243,49.07006446819243,60,51.917193776085384,831.9827345896824,0,0,0.051917193776085384,500,150,55.86622944431259,7.105427357601002e-15,0,0,0,5.684341886080801e-13,666566.4042708572,8858386386927326.0,0.0473485,0.0534576,0.06729265000000001,0.11078455000000001,0.1217908,0.032497,0.041226399999999996,0.0544028,0.09814895,0.1101004,0.0118913,0.01178155,0.012723499999999999,0.0134682,0.0228729,0,05_resultados\revisao_operacional\evento_adiantado_corrigido_v1\j00208.mat,evento_adiantado_corrigido_v1,,,,,-19,,,,
j00209,timing,perda_fonte,heuristico,{},592.6122638850534,592.6122638850534,1,14.754610453615202,14.754610453615202,150,150,150,150,57.93978528855198,56.5039066455025,60,24.16369944991276,850,0,0,0.02416369944991276,500,150,60,nan,0,nan,nan,nan,nan,nan,3.86e-05,7.9e-06,1.02e-05,1.35e-05,4.44e-05,nan,nan,nan,nan,nan,nan,nan,nan,nan,nan,0,05_resultados\revisao_operacional\campanha_v1\j00209.mat,campanha_v1,,,,,-18,,,,
j00210,timing,perda_fonte,heuristico_foresight,{},350.001538448432,350.001538448432,1,14.583334419432662,14.583334419432662,150,150,150,150,57.12059041152129,55.689277327429416,60,28.00915945308827,850,0,0,0.02800915945308827,500,150,59.25321210856085,nan,0,nan,nan,nan,nan,nan,4.35e-05,9e-06,1.17e-05,1.48e-05,4.35e-05,nan,nan,nan,nan,nan,nan,nan,nan,nan,nan,0,05_resultados\revisao_operacional\campanha_v1\j00210.mat,campanha_v1,,,,,-18,,,,
j00211,timing,perda_fonte,miope_qp,{},592.6116232891053,592.6116232891053,1,14.754610001373313,14.75461000137331,150,150,150,150,57.9147667951044,56.47501255161039,60,24.32134429297718,1150.0008251042025,0,0,0.02432134429297718,500,150,59.99996967342122,nan,0,nan,nan,nan,nan,nan,0.0012044,0.000585,0.000761,0.0009477,0.0012044,0.0010664,0.0005208,0.00065905,0.0008485,0.0010664,nan,nan,nan,nan,nan,0,05_resultados\revisao_operacional\campanha_v1\j00211.mat,campanha_v1,,,,,-18,,,,
j00212,timing,perda_fonte,mpc_qp_v5,{},350.0000085155741,350.0000085155741,1,14.58333333936542,14.583333339365417,150,150,150,150,56.81952952782349,55.42578330104927,60,29.063035776721545,1642.431511243615,0,2.083333333333333,0.029063035776721546,500,150,59.066790356080226,0.014570787876138525,733,0,0,0.004328680073740543,333283.200808402,4015243775612013.0,0.0210718,0.02520235,0.03283125,0.0408486,0.0493923,0.0155078,0.0208846,0.0278401,0.0360451,0.0445702,0.0039662,0.00411565,0.00483905,0.00517065,0.0078974,0,05_resultados\revisao_operacional\campanha_v1\j00212.mat,campanha_v1,,,,,-18,,,,
j00213,timing,perda_fonte,mpc_qp_estocastico_3cen,{},350.0000000015305,350.0000000015305,1,14.583333333346069,14.583333333346067,150,150,150,150,49.08762501384482,49.08762501384482,60,51.83378118423686,831.9827337797186,0,0,0.051833781184236864,500,150,55.88378999230513,7.105427357601002e-15,0,0,0,5.684341886080801e-13,666566.4042708572,8858386386927326.0,0.0468269,0.05354475,0.06633775,0.11106235,0.1219904,0.0329281,0.0413752,0.05428165,0.09853605,0.1096287,0.0114648,0.0117567,0.012657149999999999,0.01314345,0.0149444,0,05_resultados\revisao_operacional\evento_adiantado_corrigido_v1\j00213.mat,evento_adiantado_corrigido_v1,,,,,-18,,,,
j00214,timing,perda_fonte,heuristico,{},592.6122638850534,592.6122638850534,1,14.754610453615202,14.754610453615202,150,150,150,150,57.93978528855198,56.5039066455025,60,24.16369944991276,850,0,0,0.02416369944991276,500,150,60,nan,0,nan,nan,nan,nan,nan,4.11e-05,8.2e-06,1.06e-05,1.63e-05,5.83e-05,nan,nan,nan,nan,nan,nan,nan,nan,nan,nan,0,05_resultados\revisao_operacional\campanha_v1\j00214.mat,campanha_v1,,,,,-17,,,,
j00215,timing,perda_fonte,heuristico_foresight,{},350.0025364726537,350.0025364726537,1,14.5833351240084,14.5833351240084,150,150,150,150,57.14398222438679,55.71266914029491,60,27.89804834197716,850.0000000000001,0,0,0.02789804834197716,500,150,59.276603773094614,nan,0,nan,nan,nan,nan,nan,4.58e-05,9.1e-06,1.14e-05,1.57e-05,4.96e-05,nan,nan,nan,nan,nan,nan,nan,nan,nan,nan,0,05_resultados\revisao_operacional\campanha_v1\j00215.mat,campanha_v1,,,,,-17,,,,
j00216,timing,perda_fonte,miope_qp,{},592.6116232891053,592.6116232891053,1,14.754610001373313,14.75461000137331,150,150,150,150,57.9147667951044,56.47501255161039,60,24.32134429297718,1150.0008251042025,0,0,0.02432134429297718,500,150,59.99996967342122,nan,0,nan,nan,nan,nan,nan,0.0012433,0.00060695,0.00071745,0.00085395,0.0012433,0.0011027,0.0005403999999999999,0.00063335,0.0007546499999999999,0.0011027,nan,nan,nan,nan,nan,0,05_resultados\revisao_operacional\campanha_v1\j00216.mat,campanha_v1,,,,,-17,,,,
j00217,timing,perda_fonte,mpc_qp_v5,{},350.0000137305979,350.0000137305979,1,14.583333343047236,14.583333343047235,150,150,150,150,56.84528887312141,55.45154276358425,60,28.940677712643534,1687.0879707286786,0,2.083333333333333,0.028940677712643536,500,150,59.09254982247555,0.014570785787384466,733,0,0,0.0034725146948630936,333283.200808402,4015243775612013.0,0.0206751,0.026714799999999997,0.03395075,0.04099865,0.0515347,0.0149321,0.0217672,0.028867249999999997,0.03611705,0.0462475,0.0041974,0.004652750000000001,0.00515615,0.0053555,0.0060917,0,05_resultados\revisao_operacional\campanha_v1\j00217.mat,campanha_v1,,,,,-17,,,,
j00218,timing,perda_fonte,mpc_qp_estocastico_3cen,{},350.0000000256726,350.0000000256726,1,14.583333333363303,14.5833333333633,150,150,150,150,49.23600211945714,49.23600211945714,60,51.12898993257819,1921.6357648891699,0,0.16666666666666669,0.051128989932578195,500,150,56.0321671176879,0.12939660814421217,116,0,0,3.637978807091713e-12,666566.4042708572,8858386386927326.0,0.0468815,0.053839200000000004,0.06618365,0.11030134999999999,0.1491569,0.0329555,0.04162305,0.054027149999999996,0.0978212,0.1370845,0.0114419,0.01178195,0.01273675,0.0134211,0.0175581,0,05_resultados\revisao_operacional\evento_adiantado_corrigido_v1\j00218.mat,evento_adiantado_corrigido_v1,,,,,-17,,,,
j00219,timing,perda_fonte,heuristico,{},592.6122638850534,592.6122638850534,1,14.754610453615202,14.754610453615202,150,150,150,150,57.93978528855198,56.5039066455025,60,24.16369944991276,850,0,0,0.02416369944991276,500,150,60,nan,0,nan,nan,nan,nan,nan,4.13e-05,8.1e-06,1.31e-05,1.49e-05,4.29e-05,nan,nan,nan,nan,nan,nan,nan,nan,nan,nan,0,05_resultados\revisao_operacional\campanha_v1\j00219.mat,campanha_v1,,,,,-16,,,,
j00220,timing,perda_fonte,heuristico_foresight,{},350.00418193641667,350.00418193641667,1,14.583336285657406,14.583336285657406,150,150,150,150,57.16737403725229,55.73606095316041,60,27.786937230866048,850,0,0,0.02778693723086605,500,150,59.29999534140243,nan,0,nan,nan,nan,nan,nan,5.57e-05,9.1e-06,1.18e-05,2.315e-05,5.57e-05,nan,nan,nan,nan,nan,nan,nan,nan,nan,nan,0,05_resultados\revisao_operacional\campanha_v1\j00220.mat,campanha_v1,,,,,-16,,,,
j00221,timing,perda_fonte,miope_qp,{},592.6116232891053,592.6116232891053,1,14.754610001373313,14.75461000137331,150,150,150,150,57.9147667951044,56.47501255161039,60,24.32134429297718,1150.0008251042025,0,0,0.02432134429297718,500,150,59.99996967342122,nan,0,nan,nan,nan,nan,nan,0.0012908,0.00061315,0.0006889999999999999,0.0008439,0.0012908,0.0011516,0.00054505,0.0006131,0.00075165,0.0011516,nan,nan,nan,nan,nan,0,05_resultados\revisao_operacional\campanha_v1\j00221.mat,campanha_v1,,,,,-16,,,,
j00222,timing,perda_fonte,mpc_qp_v5,{},350.00003118956744,350.00003118956744,1,14.583333355372972,14.583333355372972,150,150,150,150,56.88179331235866,55.488047368991836,60,28.76727996237632,1548.9798732203549,0,2.3333333333333335,0.02876727996237632,500,150,59.12905443185736,0.014570782827348694,733,0,0,0.0016238240433494866,333283.200808402,4015243775612013.0,0.0228975,0.0263554,0.03328805,0.041055999999999995,0.1028003,0.0159109,0.02140465,0.0283324,0.036084950000000005,0.0977642,0.0052913,0.00461045,0.0050701,0.00529845,0.0057045,0,05_resultados\revisao_operacional\campanha_v1\j00222.mat,campanha_v1,,,,,-16,,,,
j00223,timing,perda_fonte,mpc_qp_estocastico_3cen,{},350.00000006343487,350.00000006343487,1,14.58333333339009,14.58333333339009,150,150,150,150,49.26863206833691,49.26863206833691,60,50.97399767539954,2069.320007626413,0,0.16666666666666669,0.050973997675399535,500,150,56.06479707091052,0.13063491747546152,116,0,0,0.00048680082556984416,666566.4042708572,8858386386927326.0,0.0484503,0.0538409,0.06811105,0.10931715,0.1500083,0.0340342,0.0416175,0.0540287,0.09719375,0.1371975,0.0114402,0.0118619,0.01289585,0.0144005,0.031118,0,05_resultados\revisao_operacional\evento_adiantado_corrigido_v1\j00223.mat,evento_adiantado_corrigido_v1,,,,,-16,,,,
j00224,timing,perda_fonte,heuristico,{},592.6122638850534,592.6122638850534,1,14.754610453615202,14.754610453615202,150,150,150,150,57.93978528855198,56.5039066455025,60,24.16369944991276,850,0,0,0.02416369944991276,500,150,60,nan,0,nan,nan,nan,nan,nan,4.1e-05,8.1e-06,1.07e-05,1.81e-05,4.1e-05,nan,nan,nan,nan,nan,nan,nan,nan,nan,nan,0,05_resultados\revisao_operacional\campanha_v1\j00224.mat,campanha_v1,,,,,-15,,,,
j00225,timing,perda_fonte,heuristico_foresight,{},350.00689484752286,350.00689484752286,1,14.583338200892827,14.583338200892827,150,150,150,150,57.190765850117785,55.75945276602591,60,27.675826119754937,850,0,0,0.027675826119754936,500,150,59.32338675106047,nan,0,nan,nan,nan,nan,nan,5.07e-05,9.3e-06,1.21e-05,1.7650000000000002e-05,6.37e-05,nan,nan,nan,nan,nan,nan,nan,nan,nan,nan,0,05_resultados\revisao_operacional\campanha_v1\j00225.mat,campanha_v1,,,,,-15,,,,
j00226,timing,perda_fonte,miope_qp,{},592.6116232891053,592.6116232891053,1,14.754610001373313,14.75461000137331,150,150,150,150,57.9147667951044,56.47501255161039,60,24.32134429297718,1150.0008251042025,0,0,0.02432134429297718,500,150,59.99996967342122,nan,0,nan,nan,nan,nan,nan,0.0012411,0.00061125,0.0007203,0.0009448,0.0012411,0.0010991,0.00054365,0.0006341999999999999,0.0008468,0.0010991,nan,nan,nan,nan,nan,0,05_resultados\revisao_operacional\campanha_v1\j00226.mat,campanha_v1,,,,,-15,,,,
j00227,timing,perda_fonte,mpc_qp_v5,{},350.0001435266688,350.0001435266688,1,14.583333434679744,14.583333434679743,150,150,150,150,56.922383048318096,55.52863728975905,60,28.574476866059477,1733.541661653065,0,2.4166666666666665,0.028574476866059476,500,150,59.16964434323266,0.014570779536043688,733,0,0,0.0054509516215830445,333283.200808402,4015243775612013.0,0.0223651,0.02661185,0.03566,0.0417909,0.0630228,0.0155433,0.02165165,0.0303094,0.0368034,0.0581354,0.0046401,0.0046259,0.0050656,0.00531745,0.0057579,0,05_resultados\revisao_operacional\campanha_v1\j00227.mat,campanha_v1,,,,,-15,,,,
j00228,timing,perda_fonte,mpc_qp_estocastico_3cen,{},350.0000000050963,350.0000000050963,1,14.583333333348838,14.583333333348834,150,150,150,150,49.14030766832423,49.14030766832423,60,51.58353857545957,831.9827313500928,0,0,0.05158353857545957,500,150,55.93647265380494,7.105427357601002e-15,0,0,0,5.684341886080801e-13,666566.4042708572,8858386386927326.0,0.0480494,0.0535746,0.07314925,0.11236245,0.122597,0.0334159,0.04132455,0.05443745,0.09923055,0.1101526,0.0117215,0.011850900000000001,0.01304845,0.01407905,0.0243292,0,05_resultados\revisao_operacional\evento_adiantado_corrigido_v1\j00228.mat,evento_adiantado_corrigido_v1,,,,,-15,,,,
j00229,timing,perda_fonte,heuristico,{},592.6122638850534,592.6122638850534,1,14.754610453615202,14.754610453615202,150,150,150,150,57.93978528855198,56.5039066455025,60,24.16369944991276,850,0,0,0.02416369944991276,500,150,60,nan,0,nan,nan,nan,nan,nan,4.51e-05,1.75e-05,1.87e-05,2.06e-05,4.51e-05,nan,nan,nan,nan,nan,nan,nan,nan,nan,nan,0,05_resultados\revisao_operacional\campanha_v1\j00229.mat,campanha_v1,,,,,-14,,,,
j00230,timing,perda_fonte,heuristico_foresight,{},350.0113676817691,350.0113676817691,1,14.583341358582208,14.583341358582208,150,150,150,150,57.21415766298328,55.78284457889141,60,27.564715008643827,850,0,0,0.027564715008643825,500,150,59.34677789914925,nan,0,nan,nan,nan,nan,nan,4.58e-05,9.6e-06,1.15e-05,1.275e-05,5.47e-05,nan,nan,nan,nan,nan,nan,nan,nan,nan,nan,0,05_resultados\revisao_operacional\campanha_v1\j00230.mat,campanha_v1,,,,,-14,,,,
j00231,timing,perda_fonte,miope_qp,{},592.6116232891053,592.6116232891053,1,14.754610001373313,14.75461000137331,150,150,150,150,57.9147667951044,56.47501255161039,60,24.32134429297718,1150.0008251042025,0,0,0.02432134429297718,500,150,59.99996967342122,nan,0,nan,nan,nan,nan,nan,0.0013232,0.0006255,0.00077155,0.0011102,0.0015457,0.001155,0.0005546,0.00067305,0.0009883499999999998,0.0014023,nan,nan,nan,nan,nan,0,05_resultados\revisao_operacional\campanha_v1\j00231.mat,campanha_v1,,,,,-14,,,,
j00232,timing,perda_fonte,mpc_qp_v5,{},350.000155055576,350.000155055576,1,14.583333442818915,14.583333442818915,150,150,150,150,56.93851495957455,55.544769274477304,60,28.49784955200729,1785.8475165290336,0,2.3333333333333335,0.02849784955200729,500,150,59.18577632914039,0.014570778227948722,733,0,0,0.0044857222705445565,333283.200808402,4015243775612013.0,0.0242282,0.026706550000000003,0.035361649999999994,0.0419507,0.1009715,0.0162038,0.02172615,0.03029365,0.03678885,0.0959653,0.0056111,0.0046658,0.005186,0.00540025,0.0060799,0,05_resultados\revisao_operacional\campanha_v1\j00232.mat,campanha_v1,,,,,-14,,,,
j00233,timing,perda_fonte,mpc_qp_estocastico_3cen,{},350.00000000799264,350.00000000799264,1,14.583333333350973,14.583333333350973,150,150,150,150,49.15786891017348,49.15786891017348,60,51.50012267667569,831.9827305402484,0,0,0.05150012267667569,500,150,55.954033897994094,7.105427357601002e-15,0,0,0,5.684341886080801e-13,666566.4042708572,8858386386927326.0,0.0473747,0.053457199999999996,0.06627915,0.11119445,0.1203824,0.0327401,0.041248850000000004,0.0539573,0.0980762,0.1080942,0.0120735,0.011782850000000001,0.01265935,0.013137,0.015075,0,05_resultados\revisao_operacional\evento_adiantado_corrigido_v1\j00233.mat,evento_adiantado_corrigido_v1,,,,,-14,,,,
j00234,timing,perda_fonte,heuristico,{},592.6122638850534,592.6122638850534,1,14.754610453615202,14.754610453615202,150,150,150,150,57.93978528855198,56.5039066455025,60,24.16369944991276,850,0,0,0.02416369944991276,500,150,60,nan,0,nan,nan,nan,nan,nan,4.86e-05,8.2e-06,1.08e-05,1.42e-05,7.35e-05,nan,nan,nan,nan,nan,nan,nan,nan,nan,nan,0,05_resultados\revisao_operacional\campanha_v1\j00234.mat,campanha_v1,,,,,-13,,,,
j00235,timing,perda_fonte,heuristico_foresight,{},350.0187421387312,350.0187421387312,1,14.583346564731855,14.583346564731855,150,150,150,150,57.23754947584878,55.806236391756904,60,27.453603897532716,850.0000000000001,0,0,0.027453603897532715,500,150,59.370168615983246,nan,0,nan,nan,nan,nan,nan,5.34e-05,9.5e-06,1.21e-05,1.645e-05,5.34e-05,nan,nan,nan,nan,nan,nan,nan,nan,nan,nan,0,05_resultados\revisao_operacional\campanha_v1\j00235.mat,campanha_v1,,,,,-13,,,,
j00236,timing,perda_fonte,miope_qp,{},592.6116232891053,592.6116232891053,1,14.754610001373313,14.75461000137331,150,150,150,150,57.9147667951044,56.47501255161039,60,24.32134429297718,1150.0008251042025,0,0,0.02432134429297718,500,150,59.99996967342122,nan,0,nan,nan,nan,nan,nan,0.0012336,0.000608,0.0007048499999999999,0.0009054,0.0012819,0.0010931,0.0005407,0.0006238,0.00080865,0.0011388,nan,nan,nan,nan,nan,0,05_resultados\revisao_operacional\campanha_v1\j00236.mat,campanha_v1,,,,,-13,,,,
j00237,timing,perda_fonte,mpc_qp_v5,{},350.00010111773,350.00010111773,1,14.583333404740541,14.58333340474054,150,150,150,150,56.93865753676203,55.54491185231401,60,28.497172303865607,1693.1489186803374,0,2.083333333333333,0.028497172303865607,500,150,59.18591891501927,0.014570778216395297,733,0,0,0.003327757881038451,333283.200808402,4015243775612013.0,0.0222395,0.026769349999999997,0.03974065,0.04352255,0.0507048,0.0156368,0.02175675,0.03444005,0.037781350000000005,0.0457502,0.0049693,0.00473575,0.0053219,0.0057686000000000005,0.0064128,0,05_resultados\revisao_operacional\campanha_v1\j00237.mat,campanha_v1,,,,,-13,,,,
j00238,timing,perda_fonte,mpc_qp_estocastico_3cen,{},350.0000000126802,350.0000000126802,1,14.583333333354389,14.583333333354387,150,150,150,150,49.1754299581873,49.1754299581873,60,51.41670769860988,831.982729730381,0,0,0.051416707698609884,500,150,55.971594948347544,7.105427357601002e-15,0,0,0,5.684341886080801e-13,666566.4042708572,8858386386927326.0,0.0474142,0.0536011,0.0657528,0.11012649999999999,0.1185858,0.0331207,0.041284650000000006,0.0536662,0.09776195,0.1065505,0.0117678,0.01186185,0.01273005,0.0138776,0.0165022,0,05_resultados\revisao_operacional\evento_adiantado_corrigido_v1\j00238.mat,evento_adiantado_corrigido_v1,,,,,-13,,,,
j00239,timing,perda_fonte,heuristico,{},592.6122638850534,592.6122638850534,1,14.754610453615202,14.754610453615202,150,150,150,150,57.93978528855198,56.5039066455025,60,24.16369944991276,850,0,0,0.02416369944991276,500,150,60,nan,0,nan,nan,nan,nan,nan,4.21e-05,8.3e-06,1.03e-05,1.185e-05,4.76e-05,nan,nan,nan,nan,nan,nan,nan,nan,nan,nan,0,05_resultados\revisao_operacional\campanha_v1\j00239.mat,campanha_v1,,,,,-12,,,,
j00240,timing,perda_fonte,heuristico_foresight,{},350.03090056278455,350.03090056278455,1,14.583355148221518,14.583355148221518,150,150,150,150,57.26094128871428,55.8296282046224,60,27.342492786421605,850,0,0,0.027342492786421604,500,150,59.39355862179829,nan,0,nan,nan,nan,nan,nan,4.6e-05,9.2e-06,1.155e-05,1.73e-05,5.61e-05,nan,nan,nan,nan,nan,nan,nan,nan,nan,nan,0,05_resultados\revisao_operacional\campanha_v1\j00240.mat,campanha_v1,,,,,-12,,,,
j00241,timing,perda_fonte,miope_qp,{},592.6116232891053,592.6116232891053,1,14.754610001373313,14.75461000137331,150,150,150,150,57.9147667951044,56.47501255161039,60,24.32134429297718,1150.0008251042025,0,0,0.02432134429297718,500,150,59.99996967342122,nan,0,nan,nan,nan,nan,nan,0.0012718,0.0006128,0.0006962,0.0008636,0.0012718,0.0011236,0.0005449,0.0006152,0.0007728,0.0011236,nan,nan,nan,nan,nan,0,05_resultados\revisao_operacional\campanha_v1\j00241.mat,campanha_v1,,,,,-12,,,,
j00242,timing,perda_fonte,mpc_qp_v5,{},350.00032992501804,350.00032992501804,1,14.58333356627176,14.583333566271758,150,150,150,150,56.98113244162932,55.58738695063679,60,28.29541456864593,1640.5740162974002,0,2.3333333333333335,0.02829541456864593,500,150,59.22839398697897,0.014570774772231232,733,0,0,2.4355554160138126e-05,333283.200808402,4015243775612013.0,0.0218306,0.02560825,0.032141100000000006,0.0400713,0.1040005,0.0153358,0.02118185,0.02751125,0.035599599999999995,0.0990205,0.0049197,0.00403885,0.0047377,0.00499975,0.0054851,0,05_resultados\revisao_operacional\campanha_v1\j00242.mat,campanha_v1,,,,,-12,,,,
j00243,timing,perda_fonte,mpc_qp_estocastico_3cen,{},350.0000000203644,350.0000000203644,1,14.58333333335993,14.583333333359928,150,150,150,150,49.19299071777541,49.19299071777541,60,51.33329409056618,831.9827289202155,0,0,0.051333294090566174,500,150,55.9891557102748,7.105427357601002e-15,0,0,0,5.684341886080801e-13,666566.4042708572,8858386386927326.0,0.0473074,0.0539095,0.06654145,0.11110225,0.1199304,0.0330064,0.041483900000000004,0.05442045,0.09852325,0.1074317,0.0114419,0.01192625,0.01327865,0.014655350000000001,0.0219375,0,05_resultados\revisao_operacional\evento_adiantado_corrigido_v1\j00243.mat,evento_adiantado_corrigido_v1,,,,,-12,,,,
j00244,timing,perda_fonte,heuristico,{},592.6122638850534,592.6122638850534,1,14.754610453615202,14.754610453615202,150,150,150,150,57.93978528855198,56.5039066455025,60,24.16369944991276,850,0,0,0.02416369944991276,500,150,60,nan,0,nan,nan,nan,nan,nan,4.25e-05,8.2e-06,9.6e-06,1.89e-05,5.97e-05,nan,nan,nan,nan,nan,nan,nan,nan,nan,nan,0,05_resultados\revisao_operacional\campanha_v1\j00244.mat,campanha_v1,,,,,-11,,,,
j00245,timing,perda_fonte,heuristico_foresight,{},350.0509464151395,350.0509464151395,1,14.583369300003502,14.583369300003502,150,150,150,150,57.284333101579776,55.8530200174879,60,27.231381675310494,850,0,0,0.027231381675310494,500,150,59.416947455341266,nan,0,nan,nan,nan,nan,nan,4.62e-05,9e-06,1.14e-05,1.22e-05,5.58e-05,nan,nan,nan,nan,nan,nan,nan,nan,nan,nan,0,05_resultados\revisao_operacional\campanha_v1\j00245.mat,campanha_v1,,,,,-11,,,,
j00246,timing,perda_fonte,miope_qp,{},592.6116232891053,592.6116232891053,1,14.754610001373313,14.75461000137331,150,150,150,150,57.9147667951044,56.47501255161039,60,24.32134429297718,1150.0008251042025,0,0,0.02432134429297718,500,150,59.99996967342122,nan,0,nan,nan,nan,nan,nan,0.0011986,0.0006028,0.0006798500000000001,0.00081325,0.0013033,0.0010612,0.0005364,0.0005958999999999999,0.00072485,0.0012298,nan,nan,nan,nan,nan,0,05_resultados\revisao_operacional\campanha_v1\j00246.mat,campanha_v1,,,,,-11,,,,
j00247,timing,perda_fonte,mpc_qp_v5,{},350.0003799614508,350.0003799614508,1,14.583333601596095,14.583333601596093,150,150,150,150,56.99872559380227,55.60498018295296,60,28.211846293337352,1548.9802409245349,0,2.3333333333333335,0.028211846293337353,500,150,59.24598721502437,0.01457077334564616,733,0,0,0.0016238232079217596,333283.200808402,4015243775612013.0,0.0210557,0.025494549999999998,0.03194685,0.0398918,0.1024205,0.0151619,0.021020999999999998,0.027659450000000002,0.0354451,0.0981704,0.0042354,0.00405545,0.00467425,0.0049505,0.0078079,0,05_resultados\revisao_operacional\campanha_v1\j00247.mat,campanha_v1,,,,,-11,,,,
j00248,timing,perda_fonte,mpc_qp_estocastico_3cen,{},350.0000000330682,350.0000000330682,1,14.583333333369016,14.583333333369012,150,150,150,150,49.210551589467364,49.210551589467364,60,51.24987995002975,831.9827281101302,0,0,0.05124987995002975,500,150,56.00671658430516,7.105427357601002e-15,0,0,0,5.684341886080801e-13,666566.4042708572,8858386386927326.0,0.0487954,0.05418685,0.06615170000000001,0.11234205,0.121158,0.0333643,0.041808750000000006,0.0542141,0.0997927,0.1090096,0.0128774,0.0118227,0.01314985,0.0140067,0.0174716,0,05_resultados\revisao_operacional\evento_adiantado_corrigido_v1\j00248.mat,evento_adiantado_corrigido_v1,,,,,-11,,,,
j00249,timing,perda_fonte,heuristico,{},592.6122638850534,592.6122638850534,1,14.754610453615202,14.754610453615202,150,150,150,150,57.93978528855198,56.5039066455025,60,24.16369944991276,850,0,0,0.02416369944991276,500,150,60,nan,0,nan,nan,nan,nan,nan,4.32e-05,7.9e-06,1e-05,1.545e-05,5.28e-05,nan,nan,nan,nan,nan,nan,nan,nan,nan,nan,0,05_resultados\revisao_operacional\campanha_v1\j00249.mat,campanha_v1,,,,,-10,,,,
j00250,timing,perda_fonte,heuristico_foresight,{},350.0839964383063,350.0839964383063,1,14.583392632347477,14.583392632347477,150,150,150,150,57.307724914445274,55.8764118303534,60,27.12027056419938,850,0,0,0.02712027056419938,500,150,59.44033435613435,nan,0,nan,nan,nan,nan,nan,4.4e-05,8.9e-06,1.13e-05,1.465e-05,4.4e-05,nan,nan,nan,nan,nan,nan,nan,nan,nan,nan,0,05_resultados\revisao_operacional\campanha_v1\j00250.mat,campanha_v1,,,,,-10,,,,
j00251,timing,perda_fonte,miope_qp,{},592.6116232891053,592.6116232891053,1,14.754610001373313,14.75461000137331,150,150,150,150,57.9147667951044,56.47501255161039,60,24.32134429297718,1150.0008251042025,0,0,0.02432134429297718,500,150,59.99996967342122,nan,0,nan,nan,nan,nan,nan,0.0012877,0.00059165,0.0006708,0.0008389000000000001,0.0012877,0.0011411,0.00052625,0.0005916000000000001,0.00074865,0.0011411,nan,nan,nan,nan,nan,0,05_resultados\revisao_operacional\campanha_v1\j00251.mat,campanha_v1,,,,,-10,,,,
j00252,timing,perda_fonte,mpc_qp_v5,{},350.00089682861125,350.00089682861125,1,14.58333396648913,14.58333396648913,150,150,150,150,56.90028254620591,55.50653668701642,60,28.6794552587207,1648.6929904513322,0,1.8333333333333333,0.0286794552587207,500,150,59.147543624553116,0.014570781328110627,733,0,0,2.4354661604775174e-05,333283.200808402,4015243775612013.0,0.020991,0.025470800000000002,0.0324463,0.03948515,0.0955683,0.0149929,0.021059050000000003,0.027562299999999998,0.034513150000000006,0.0910002,0.0044269,0.0040205499999999995,0.0047559,0.00537265,0.0065099,0,05_resultados\revisao_operacional\campanha_v1\j00252.mat,campanha_v1,,,,,-10,,,,
j00253,timing,perda_fonte,mpc_qp_estocastico_3cen,{},350.00000079559294,350.00000079559294,1,14.583333333907534,14.583333333907532,150,150,150,150,49.35654103850222,49.35654103850222,60,50.556430067114135,1578.2684074872575,0,0.08333333333333334,0.05055643006711413,500,150,56.15270605268245,0.12157629698069172,58,0,0,9.094947017729282e-13,666566.4042708572,8858386386927326.0,1.1408007,0.0534632,0.08857190000000001,0.11139575,1.1408007,0.2451338,0.04072195,0.06953695,0.0988231,0.2451338,0.1366011,0.0123599,0.01731595,0.0244028,0.1366011,1,05_resultados\revisao_operacional\evento_adiantado_corrigido_v1\j00253.mat,evento_adiantado_corrigido_v1,,,,,-10,,,,
j00254,timing,perda_fonte,heuristico,{},592.6122638850534,592.6122638850534,1,14.754610453615202,14.754610453615202,150,150,150,150,57.93978528855198,56.5039066455025,60,24.16369944991276,850,0,0,0.02416369944991276,500,150,60,nan,0,nan,nan,nan,nan,nan,3.99e-05,8e-06,9.4e-06,1.0949999999999998e-05,3.99e-05,nan,nan,nan,nan,nan,nan,nan,nan,nan,nan,0,05_resultados\revisao_operacional\campanha_v1\j00254.mat,campanha_v1,,,,,-9,,,,
j00255,timing,perda_fonte,heuristico_foresight,{},350.13848671449864,350.13848671449864,1,14.583431100879281,14.583431100879281,150,150,150,150,57.33111672731077,55.899803643218895,60,27.00915945308827,850.0000000000001,0,0,0.02700915945308827,500,150,59.46371807036157,nan,0,nan,nan,nan,nan,nan,4.38e-05,8.9e-06,1.19e-05,1.6e-05,5.04e-05,nan,nan,nan,nan,nan,nan,nan,nan,nan,nan,0,05_resultados\revisao_operacional\campanha_v1\j00255.mat,campanha_v1,,,,,-9,,,,
j00256,timing,perda_fonte,miope_qp,{},592.6116232891053,592.6116232891053,1,14.754610001373313,14.75461000137331,150,150,150,150,57.9147667951044,56.47501255161039,60,24.32134429297718,1150.0008251042025,0,0,0.02432134429297718,500,150,59.99996967342122,nan,0,nan,nan,nan,nan,nan,0.0012134,0.0005991,0.00067775,0.0008305000000000001,0.0012134,0.0010757,0.0005331,0.00060015,0.00073225,0.0010757,nan,nan,nan,nan,nan,0,05_resultados\revisao_operacional\campanha_v1\j00256.mat,campanha_v1,,,,,-9,,,,
j00257,timing,perda_fonte,mpc_qp_v5,{},350.00074835070313,350.00074835070313,1,14.583333861668214,14.583333861668212,150,150,150,150,57.03032349682015,55.63657822993127,60,28.061754812503928,1688.2332539639349,0,2.083333333333333,0.028061754812503927,500,150,59.277585212936785,0.014570770783464582,733,0,0,0.003397585310381146,333283.200808402,4015243775612013.0,0.0213737,0.02563005,0.031231299999999997,0.0407306,0.0497084,0.0153987,0.0211482,0.0268939,0.03582275,0.0453211,0.0042654,0.0040609,0.0047016,0.0049283,0.0054817,0,05_resultados\revisao_operacional\campanha_v1\j00257.mat,campanha_v1,,,,,-9,,,,
j00258,timing,perda_fonte,mpc_qp_estocastico_3cen,{},350.00000008883256,350.00000008883256,1,14.583333333408579,14.583333333408577,150,150,150,150,49.24567356751803,49.24567356751803,60,51.08305055428882,831.9827264903178,0,0,0.051083050554288814,500,150,56.041838567028165,7.105427357601002e-15,0,0,0,5.684341886080801e-13,666566.4042708572,8858386386927326.0,0.0659198,0.053486000000000006,0.07975465,0.12093525,0.1400422,0.0356296,0.0408798,0.0640377,0.10460140000000001,0.1257242,0.0145745,0.0121784,0.01545055,0.01888585,0.0437741,0,05_resultados\revisao_operacional\evento_adiantado_corrigido_v1\j00258.mat,evento_adiantado_corrigido_v1,,,,,-9,,,,
j00259,timing,perda_fonte,heuristico,{},592.6122638850534,592.6122638850534,1,14.754610453615202,14.754610453615202,150,150,150,150,57.93978528855198,56.5039066455025,60,24.16369944991276,850,0,0,0.02416369944991276,500,150,60,nan,0,nan,nan,nan,nan,nan,7.14e-05,8e-06,1.02e-05,1.18e-05,7.14e-05,nan,nan,nan,nan,nan,nan,nan,nan,nan,nan,0,05_resultados\revisao_operacional\campanha_v1\j00259.mat,campanha_v1,,,,,-8,,,,
j00260,timing,perda_fonte,heuristico_foresight,{},350.22832599190326,350.22832599190326,1,14.583494524765921,14.583494524765921,150,150,150,150,57.35450854017627,55.92319545608439,60,26.89804834197716,850,0,0,0.02689804834197716,500,150,59.48709653082988,nan,0,nan,nan,nan,nan,nan,7e-05,1.49e-05,2.13e-05,2.5450000000000002e-05,7e-05,nan,nan,nan,nan,nan,nan,nan,nan,nan,nan,0,05_resultados\revisao_operacional\campanha_v1\j00260.mat,campanha_v1,,,,,-8,,,,
j00261,timing,perda_fonte,miope_qp,{},592.6116232891053,592.6116232891053,1,14.754610001373313,14.75461000137331,150,150,150,150,57.9147667951044,56.47501255161039,60,24.32134429297718,1150.0008251042025,0,0,0.02432134429297718,500,150,59.99996967342122,nan,0,nan,nan,nan,nan,nan,0.001309,0.00059685,0.00067475,0.0008239499999999999,0.001309,0.0011586,0.0005302,0.00060085,0.000736,0.0011586,nan,nan,nan,nan,nan,0,05_resultados\revisao_operacional\campanha_v1\j00261.mat,campanha_v1,,,,,-8,,,,
j00262,timing,perda_fonte,mpc_qp_v5,{},350.00069748167965,350.00069748167965,1,14.583333825756299,14.583333825756297,150,150,150,150,57.04224703890615,55.64850182634789,60,28.00511744357436,1584.474689509972,0,2,0.02800511744357436,500,150,59.28950881905953,0.014570769816629081,733,0,0,0.0017526103815157512,333283.200808402,4015243775612013.0,0.0208354,0.02587295,0.03170565,0.0410104,0.0498187,0.0150506,0.0213297,0.02698885,0.036264950000000004,0.0452598,0.0041732,0.00416775,0.004957100000000001,0.00526505,0.0081007,0,05_resultados\revisao_operacional\campanha_v1\j00262.mat,campanha_v1,,,,,-8,,,,
j00263,timing,perda_fonte,mpc_qp_estocastico_3cen,{},350.0000001461034,350.0000001461034,1,14.583333333449103,14.583333333449099,150,150,150,150,49.26323437512956,49.26323437512956,60,50.999636718134056,831.9827256804676,0,0,0.05099963671813405,500,150,56.059399376971484,7.105427357601002e-15,0,0,0,5.684341886080801e-13,666566.4042708572,8858386386927326.0,0.0525796,0.05182805,0.0781503,0.11464355000000001,0.1341686,0.0313606,0.0402096,0.06073025,0.1002946,0.1196318,0.011719,0.01132895,0.0141112,0.016754449999999997,0.0222227,0,05_resultados\revisao_operacional\evento_adiantado_corrigido_v1\j00263.mat,evento_adiantado_corrigido_v1,,,,,-8,,,,
j00264,timing,perda_fonte,heuristico,{},592.6122638850534,592.6122638850534,1,14.754610453615202,14.754610453615202,150,150,150,150,57.93978528855198,56.5039066455025,60,24.16369944991276,850,0,0,0.02416369944991276,500,150,60,nan,0,nan,nan,nan,nan,nan,4.4e-05,7.9e-06,9.9e-06,1.07e-05,4.4e-05,nan,nan,nan,nan,nan,nan,nan,nan,nan,nan,0,05_resultados\revisao_operacional\campanha_v1\j00264.mat,campanha_v1,,,,,-7,,,,
j00265,timing,perda_fonte,heuristico_foresight,{},350.3764459195046,350.3764459195046,1,14.583599093076895,14.583599093076895,150,150,150,150,57.37790035304177,55.94658726894989,60,26.786937230866048,850,0,0,0.02678693723086605,500,150,59.51046632931412,nan,0,nan,nan,nan,nan,nan,5.79e-05,8.7e-06,1.12e-05,1.425e-05,5.79e-05,nan,nan,nan,nan,nan,nan,nan,nan,nan,nan,0,05_resultados\revisao_operacional\campanha_v1\j00265.mat,campanha_v1,,,,,-7,,,,
j00266,timing,perda_fonte,miope_qp,{},592.6116232891053,592.6116232891053,1,14.754610001373313,14.75461000137331,150,150,150,150,57.9147667951044,56.47501255161039,60,24.32134429297718,1150.0008251042025,0,0,0.02432134429297718,500,150,59.99996967342122,nan,0,nan,nan,nan,nan,nan,0.0011881,0.0005661,0.00067145,0.0008070499999999999,0.0011881,0.0010477,0.0005035,0.0005991,0.00071995,0.0010477,nan,nan,nan,nan,nan,0,05_resultados\revisao_operacional\campanha_v1\j00266.mat,campanha_v1,,,,,-7,,,,
j00267,timing,perda_fonte,mpc_qp_v5,{},350.0040719304658,350.0040719304658,1,14.583336208017714,14.583336208017709,150,150,150,150,56.959346985936115,55.565601395714026,60,28.39889647678979,1510.2528506705335,0,1.9166666666666665,0.02839889647678979,500,150,59.2066078719788,0.014570776538747054,733,0,0,4.447902142601379e-05,333283.200808402,4015243775612013.0,0.0213912,0.02473515,0.03002675,0.0379352,0.0912423,0.0151744,0.020612600000000002,0.0258655,0.0335067,0.0871532,0.0045411,0.0038985,0.0045798,0.004972900000000001,0.0083713,0,05_resultados\revisao_operacional\campanha_v1\j00267.mat,campanha_v1,,,,,-7,,,,
j00268,timing,perda_fonte,mpc_qp_estocastico_3cen,{},350.00000024050837,350.00000024050837,1,14.58333333351584,14.583333333515839,150,150,150,150,49.280795139243125,49.280795139243125,60,50.91622308859482,831.9827248705815,0,0,0.05091622308859482,500,150,56.07696014341126,7.105427357601002e-15,0,0,0,5.684341886080801e-13,666566.4042708572,8858386386927326.0,0.0456731,0.0516692,0.07730305000000001,0.1117846,0.1217495,0.0309972,0.03991035,0.06461755,0.09831855,0.1081186,0.0112393,0.0113739,0.014379550000000001,0.018280499999999998,0.0571905,0,05_resultados\revisao_operacional\evento_adiantado_corrigido_v1\j00268.mat,evento_adiantado_corrigido_v1,,,,,-7,,,,
j00269,timing,perda_fonte,heuristico,{},592.6122638850534,592.6122638850534,1,14.754610453615202,14.754610453615202,150,150,150,150,57.93978528855198,56.5039066455025,60,24.16369944991276,850,0,0,0.02416369944991276,500,150,60,nan,0,nan,nan,nan,nan,nan,4.47e-05,7.7e-06,9.8e-06,1.2e-05,4.47e-05,nan,nan,nan,nan,nan,nan,nan,nan,nan,nan,0,05_resultados\revisao_operacional\campanha_v1\j00269.mat,campanha_v1,,,,,-6,,,,
j00270,timing,perda_fonte,heuristico_foresight,{},350.62065439475543,350.62065439475543,1,14.583771497075437,14.583771497075437,150,150,150,150,57.401292165907265,55.96997908181539,60,26.675826119754937,850,0,0,0.02667582611975494,500,150,59.53382184660098,nan,0,nan,nan,nan,nan,nan,4.26e-05,8.7e-06,1.09e-05,1.225e-05,0.0004441,nan,nan,nan,nan,nan,nan,nan,nan,nan,nan,0,05_resultados\revisao_operacional\campanha_v1\j00270.mat,campanha_v1,,,,,-6,,,,
j00271,timing,perda_fonte,miope_qp,{},592.6116232891053,592.6116232891053,1,14.754610001373313,14.75461000137331,150,150,150,150,57.9147667951044,56.47501255161039,60,24.32134429297718,1150.0008251042025,0,0,0.02432134429297718,500,150,59.99996967342122,nan,0,nan,nan,nan,nan,nan,0.001238,0.0005651,0.000642,0.0008134500000000001,0.001238,0.0011011,0.0005031,0.0005672,0.000735,0.0011011,nan,nan,nan,nan,nan,0,05_resultados\revisao_operacional\campanha_v1\j00271.mat,campanha_v1,,,,,-6,,,,
j00272,timing,perda_fonte,mpc_qp_v5,{},350.006626715026,350.006626715026,1,14.583338011620484,14.583338011620482,150,150,150,150,57.121451059934266,55.72770620837024,60,27.6288947289989,1640.574492326351,0,2.3333333333333335,0.0276288947289989,500,150,59.36871233410032,0.014570763394196717,733,0,0,2.4355505388484744e-05,333283.200808402,4015243775612013.0,0.0205168,0.0243892,0.029779399999999998,0.03835565,0.0905184,0.0148965,0.020256049999999998,0.0256909,0.033905450000000004,0.0858983,0.0040517,0.00386945,0.00451435,0.00478835,0.005387,0,05_resultados\revisao_operacional\campanha_v1\j00272.mat,campanha_v1,,,,,-6,,,,
j00273,timing,perda_fonte,mpc_qp_estocastico_3cen,{},350.0000131568702,350.0000131568702,1,14.583333342634663,14.583333342634658,150,150,150,150,49.395081712811994,49.395081712811994,60,50.37336186414247,1631.9827205922438,0,0.08333333333333334,0.050373361864142464,500,150,56.19124673029124,0.12521154592400308,57,0,0,4.8306862936442485e-06,666566.4042708572,8858386386927326.0,0.0473991,0.0524987,0.07625960000000001,0.10968145,0.1367638,0.0321789,0.0405413,0.0583858,0.0965347,0.125415,0.0107397,0.0114854,0.014790500000000002,0.0178129,0.0340801,0,05_resultados\revisao_operacional\evento_adiantado_corrigido_v1\j00273.mat,evento_adiantado_corrigido_v1,,,,,-6,,,,
j00274,timing,perda_fonte,heuristico,{},592.6122638850534,592.6122638850534,1,14.754610453615202,14.754610453615202,150,150,150,150,57.93978528855198,56.5039066455025,60,24.16369944991276,850,0,0,0.02416369944991276,500,150,60,nan,0,nan,nan,nan,nan,nan,4.03e-05,7.8e-06,9.9e-06,1.575e-05,4.07e-05,nan,nan,nan,nan,nan,nan,nan,nan,nan,nan,0,05_resultados\revisao_operacional\campanha_v1\j00274.mat,campanha_v1,,,,,-5,,,,
j00275,timing,perda_fonte,heuristico_foresight,{},351.02328610238675,351.02328610238675,1,14.584055743214991,14.584055743214991,150,150,150,150,57.42468397877276,55.993370894680886,60,26.564715008643827,850.0000000000001,0,0,0.026564715008643828,500,150,59.55715381817394,nan,0,nan,nan,nan,nan,nan,4.49e-05,8.8e-06,1.1050000000000001e-05,1.295e-05,4.49e-05,nan,nan,nan,nan,nan,nan,nan,nan,nan,nan,0,05_resultados\revisao_operacional\campanha_v1\j00275.mat,campanha_v1,,,,,-5,,,,
j00276,timing,perda_fonte,miope_qp,{},592.6116232891053,592.6116232891053,1,14.754610001373313,14.75461000137331,150,150,150,150,57.9147667951044,56.47501255161039,60,24.32134429297718,1150.0008251042025,0,0,0.02432134429297718,500,150,59.99996967342122,nan,0,nan,nan,nan,nan,nan,0.0012288,0.0005619500000000001,0.0006374,0.00083485,0.0012288,0.0010912,0.0005,0.0005665,0.0007607499999999999,0.001133,nan,nan,nan,nan,nan,0,05_resultados\revisao_operacional\campanha_v1\j00276.mat,campanha_v1,,,,,-5,,,,
j00277,timing,perda_fonte,mpc_qp_v5,{},350.0053920999719,350.0053920999719,1,14.583337140018731,14.583337140018727,150,150,150,150,56.9975986783309,55.603853262347926,60,28.217199193231167,1719.3131451371219,0,1.5833333333333335,0.028217199193231166,500,150,59.244859549285444,0.014570773437029061,733,0,0,0.005380720223172375,333283.200808402,4015243775612013.0,0.0205861,0.025091500000000003,0.032605800000000004,0.04548505,0.0691272,0.0148535,0.020858500000000002,0.02760215,0.039645799999999995,0.0605366,0.0041478,0.004108850000000001,0.0051454,0.0057697,0.0081476,0,05_resultados\revisao_operacional\campanha_v1\j00277.mat,campanha_v1,,,,,-5,,,,
j00278,timing,perda_fonte,mpc_qp_estocastico_3cen,{},350.0000006527407,350.0000006527407,1,14.583333333807067,14.583333333807065,150,150,150,150,49.315917159341645,49.315917159341645,60,50.74939349312678,831.9827232508247,0,0,0.05074939349312678,500,150,56.11208216812915,7.105427357601002e-15,0,0,0,5.684341886080801e-13,666566.4042708572,8858386386927326.0,0.0445393,0.05166435,0.0732686,0.11037675,0.134649,0.0317367,0.0401336,0.05745195,0.0980595,0.1220419,0.0100679,0.0112155,0.013269650000000001,0.0158359,0.0225252,0,05_resultados\revisao_operacional\evento_adiantado_corrigido_v1\j00278.mat,evento_adiantado_corrigido_v1,,,,,-5,,,,
j00279,timing,perda_fonte,heuristico,{},592.6122638850534,592.6122638850534,1,14.754610453615202,14.754610453615202,150,150,150,150,57.93978528855198,56.5039066455025,60,24.16369944991276,850,0,0,0.02416369944991276,500,150,60,nan,0,nan,nan,nan,nan,nan,4.1e-05,8.1e-06,9.4e-06,1.395e-05,6.57e-05,nan,nan,nan,nan,nan,nan,nan,nan,nan,nan,0,05_resultados\revisao_operacional\campanha_v1\j00279.mat,campanha_v1,,,,,-4,,,,
j00280,timing,perda_fonte,heuristico_foresight,{},351.68711356301685,351.68711356301685,1,14.584524385871383,14.584524385871383,150,150,150,150,57.44807579163826,56.016762707546384,60,26.453603897532716,850,0,0,0.026453603897532717,500,150,59.58044696942756,nan,0,nan,nan,nan,nan,nan,4.33e-05,8.9e-06,9.9e-06,1.0549999999999999e-05,4.33e-05,nan,nan,nan,nan,nan,nan,nan,nan,nan,nan,0,05_resultados\revisao_operacional\campanha_v1\j00280.mat,campanha_v1,,,,,-4,,,,
j00281,timing,perda_fonte,miope_qp,{},592.6116232891053,592.6116232891053,1,14.754610001373313,14.75461000137331,150,150,150,150,57.9147667951044,56.47501255161039,60,24.32134429297718,1150.0008251042025,0,0,0.02432134429297718,500,150,59.99996967342122,nan,0,nan,nan,nan,nan,nan,0.0012496,0.00060425,0.0007075499999999999,0.0008781,0.0012496,0.0011017,0.0005361,0.00062595,0.0007856,0.0011017,nan,nan,nan,nan,nan,0,05_resultados\revisao_operacional\campanha_v1\j00281.mat,campanha_v1,,,,,-4,,,,
j00282,timing,perda_fonte,mpc_qp_v5,{},350.02567015543787,350.02567015543787,1,14.583351455729206,14.5833514557292,150,150,150,150,57.03143252205746,55.63768726022182,60,28.056486892027962,1678.4139573573036,0,1.8333333333333333,0.028056486892027964,500,150,59.27869053941406,0.014570770693545398,733,0,0,0.003989060329331551,333283.200808402,4015243775612013.0,0.0220292,0.024635999999999998,0.0315617,0.03976365,0.1025462,0.0155391,0.020534700000000003,0.02657715,0.034431149999999994,0.0980773,0.0046588,0.00396845,0.004945349999999999,0.0057535,0.0148819,0,05_resultados\revisao_operacional\campanha_v1\j00282.mat,campanha_v1,,,,,-4,,,,
j00283,timing,perda_fonte,mpc_qp_estocastico_3cen,{},350.00000107576,350.00000107576,1,14.58333333410581,14.583333334105808,150,150,150,150,49.33347802301825,49.33347802301825,60,50.665979390662756,831.9827224408984,0,0,0.05066597939066276,500,150,56.12964303408318,7.105427357601002e-15,0,0,0,5.684341886080801e-13,666566.4042708572,8858386386927326.0,0.045391,0.05199775,0.07271125,0.10549465,0.118849,0.0321677,0.04035245,0.05782105,0.09360294999999999,0.106357,0.0101208,0.011260949999999999,0.01290665,0.01443355,0.0238589,0,05_resultados\revisao_operacional\evento_adiantado_corrigido_v1\j00283.mat,evento_adiantado_corrigido_v1,,,,,-4,,,,
j00284,timing,perda_fonte,heuristico,{},592.6122638850534,592.6122638850534,1,14.754610453615202,14.754610453615202,150,150,150,150,57.93978528855198,56.5039066455025,60,24.16369944991276,850,0,0,0.02416369944991276,500,150,60,nan,0,nan,nan,nan,nan,nan,4.2e-05,8e-06,9.9e-06,1.045e-05,4.2e-05,nan,nan,nan,nan,nan,nan,nan,nan,nan,nan,0,05_resultados\revisao_operacional\campanha_v1\j00284.mat,campanha_v1,,,,,-3,,,,
j00285,timing,perda_fonte,heuristico_foresight,{},352.7815800174326,352.7815800174326,1,14.585297046987337,14.585297046987337,150,150,150,150,57.47146760450376,56.04015452041188,60,26.342492786421605,850,0,0,0.026342492786421604,500,150,59.603676116794965,nan,0,nan,nan,nan,nan,nan,4.73e-05,9.1e-06,1.27e-05,1.9050000000000002e-05,4.73e-05,nan,nan,nan,nan,nan,nan,nan,nan,nan,nan,0,05_resultados\revisao_operacional\campanha_v1\j00285.mat,campanha_v1,,,,,-3,,,,
j00286,timing,perda_fonte,miope_qp,{},592.6116232891053,592.6116232891053,1,14.754610001373313,14.75461000137331,150,150,150,150,57.9147667951044,56.47501255161039,60,24.32134429297718,1150.0008251042025,0,0,0.02432134429297718,500,150,59.99996967342122,nan,0,nan,nan,nan,nan,nan,0.0012812,0.00060155,0.0009568000000000001,0.00168895,0.0026331,0.001137,0.000535,0.0008473,0.0015075000000000002,0.0023852,nan,nan,nan,nan,nan,0,05_resultados\revisao_operacional\campanha_v1\j00286.mat,campanha_v1,,,,,-3,,,,
j00287,timing,perda_fonte,mpc_qp_v5,{},350.0600541632341,350.0600541632341,1,14.58337572982692,14.583375729826917,150,150,150,150,57.0785542847509,55.68480923765246,60,27.832656369036346,1701.241120725825,0,1.9166666666666665,0.027832656369036347,500,150,59.32580741498808,0.01457076687258052,733,0,0,0.005874626616389378,333283.200808402,4015243775612013.0,0.0208059,0.024705650000000003,0.03070055,0.038880200000000004,0.1281533,0.0151841,0.02058405,0.02597895,0.0344418,0.1236669,0.0040551,0.00393955,0.00465415,0.0050089,0.0071469,0,05_resultados\revisao_operacional\campanha_v1\j00287.mat,campanha_v1,,,,,-3,,,,
j00288,timing,perda_fonte,mpc_qp_estocastico_3cen,{},350.00000177331253,350.00000177331253,1,14.583333334598361,14.583333334598361,150,150,150,150,49.35103915475508,49.35103915475508,60,50.582564014912954,831.9827216310468,0,0,0.050582564014912956,500,150,56.14720416805668,7.105427357601002e-15,0,0,0,5.684341886080801e-13,666566.4042708572,8858386386927326.0,0.0463958,0.0521526,0.07647055,0.10971085,0.1185128,0.0323496,0.04038685,0.062024750000000003,0.09767015,0.105825,0.0112634,0.0114208,0.0133191,0.016089850000000003,0.029073,0,05_resultados\revisao_operacional\evento_adiantado_corrigido_v1\j00288.mat,evento_adiantado_corrigido_v1,,,,,-3,,,,
j00289,timing,perda_fonte,heuristico,{},592.6122638850534,592.6122638850534,1,14.754610453615202,14.754610453615202,150,150,150,150,57.93978528855198,56.5039066455025,60,24.16369944991276,850,0,0,0.02416369944991276,500,150,60,nan,0,nan,nan,nan,nan,nan,4.27e-05,8e-06,9e-06,1.8500000000000002e-05,4.27e-05,nan,nan,nan,nan,nan,nan,nan,nan,nan,nan,0,05_resultados\revisao_operacional\campanha_v1\j00289.mat,campanha_v1,,,,,-2,,,,
j00290,timing,perda_fonte,heuristico_foresight,{},354.5860501408955,354.5860501408955,1,14.586570949804251,14.586570949804251,150,150,150,150,57.494859417369256,56.06354633327738,60,26.231381675310494,850,0,0,0.026231381675310493,500,150,59.62679973959374,nan,0,nan,nan,nan,nan,nan,4.93e-05,8.9e-06,9.9e-06,1.835e-05,4.93e-05,nan,nan,nan,nan,nan,nan,nan,nan,nan,nan,0,05_resultados\revisao_operacional\campanha_v1\j00290.mat,campanha_v1,,,,,-2,,,,
j00291,timing,perda_fonte,miope_qp,{},592.6116232891053,592.6116232891053,1,14.754610001373313,14.75461000137331,150,150,150,150,57.9147667951044,56.47501255161039,60,24.32134429297718,1150.0008251042025,0,0,0.02432134429297718,500,150,59.99996967342122,nan,0,nan,nan,nan,nan,nan,0.0012462,0.00057275,0.00064485,0.00079895,0.0012462,0.0011051,0.0005096,0.00057635,0.0007245999999999999,0.0011051,nan,nan,nan,nan,nan,0,05_resultados\revisao_operacional\campanha_v1\j00291.mat,campanha_v1,,,,,-2,,,,
j00292,timing,perda_fonte,mpc_qp_v5,{},350.0490045216452,350.0490045216452,1,14.583367929105272,14.58336792910527,150,150,150,150,57.21310374700424,55.8193593133776,60,27.19354028054307,1636.108276903788,0,2.3333333333333335,0.02719354028054307,500,150,59.460359157183014,0.014570755962353132,733,0,0,2.5105867621277866e-05,333283.200808402,4015243775612013.0,0.021218,0.0249444,0.031992,0.03831,0.0894136,0.0150656,0.0206923,0.0270285,0.033695199999999995,0.0845173,0.0045331,0.004111399999999999,0.0047285,0.00524955,0.0063303,0,05_resultados\revisao_operacional\campanha_v1\j00292.mat,campanha_v1,,,,,-2,,,,
j00293,timing,perda_fonte,mpc_qp_estocastico_3cen,{},350.00004526285386,350.00004526285386,1,14.5833333653009,14.583333365300899,150,150,150,150,49.49941564521667,49.49941564521667,60,49.87777568522053,1921.6349319714905,0,0.16666666666666669,0.049877775685220525,500,150,56.29558067182851,0.12939660615018767,116,0,0,2.7284841053187847e-12,666566.4042708572,8858386386927326.0,0.0448649,0.0519248,0.0760949,0.1085862,0.1498224,0.0313972,0.040344649999999996,0.0600135,0.09706685000000001,0.133031,0.0106448,0.01125725,0.0133636,0.01548005,0.0283484,0,05_resultados\revisao_operacional\evento_adiantado_corrigido_v1\j00293.mat,evento_adiantado_corrigido_v1,,,,,-2,,,,
j00294,timing,perda_fonte,heuristico,{},592.6122638850534,592.6122638850534,1,14.754610453615202,14.754610453615202,150,150,150,150,57.93978528855198,56.5039066455025,60,24.16369944991276,850,0,0,0.02416369944991276,500,150,60,nan,0,nan,nan,nan,nan,nan,4.43e-05,8.4e-06,9.9e-06,1.695e-05,4.43e-05,nan,nan,nan,nan,nan,nan,nan,nan,nan,nan,0,05_resultados\revisao_operacional\campanha_v1\j00294.mat,campanha_v1,,,,,-1,,,,
j00295,timing,perda_fonte,heuristico_foresight,{},357.5611184157917,357.5611184157917,1,14.588671260475307,14.588671260475307,150,150,150,150,57.51825123023475,56.08693814614288,60,26.12027056419938,850.0000000000001,0,0,0.02612027056419938,500,150,59.64974938179165,nan,0,nan,nan,nan,nan,nan,5.52e-05,9.3e-06,1.265e-05,2.485e-05,5.99e-05,nan,nan,nan,nan,nan,nan,nan,nan,nan,nan,0,05_resultados\revisao_operacional\campanha_v1\j00295.mat,campanha_v1,,,,,-1,,,,
j00296,timing,perda_fonte,miope_qp,{},592.6116232891053,592.6116232891053,1,14.754610001373313,14.75461000137331,150,150,150,150,57.9147667951044,56.47501255161039,60,24.32134429297718,1150.0008251042025,0,0,0.02432134429297718,500,150,59.99996967342122,nan,0,nan,nan,nan,nan,nan,0.0012426,0.0006142999999999999,0.0007796999999999999,0.0009713,0.001416,0.0011013,0.0005454500000000001,0.0006772,0.0008504000000000001,0.0012696,nan,nan,nan,nan,nan,0,05_resultados\revisao_operacional\campanha_v1\j00296.mat,campanha_v1,,,,,-1,,,,
j00297,timing,perda_fonte,mpc_qp_v5,{},350.030352113955,350.030352113955,1,14.583354761054576,14.58335476105457,150,150,150,150,57.08745021159629,55.693705205043834,60,27.790400310527765,1557.099532242743,0,1.6666666666666667,0.027790400310527767,500,150,59.33470779845868,0.01457076615123043,733,0,0,0.0005084329904434526,333283.200808402,4015243775612013.0,0.0249831,0.025616350000000003,0.03344175,0.03972015,0.0483011,0.0175455,0.02124615,0.0279596,0.034547850000000005,0.0414769,0.0051824,0.0043928000000000005,0.005759,0.007067550000000001,0.0161733,0,05_resultados\revisao_operacional\campanha_v1\j00297.mat,campanha_v1,,,,,-1,,,,
j00298,timing,perda_fonte,mpc_qp_estocastico_3cen,{},350.0001392442175,350.0001392442175,1,14.583333431649002,14.583333431648999,150,150,150,150,49.49182023696466,49.49182023696466,60,49.913853874417626,1631.982714748312,0,0.08333333333333334,0.04991385387441762,500,150,56.28798524859623,0.12431142861566968,57,0,0,0.000225200353895616,666566.4042708572,8858386386927326.0,0.0461434,0.05339195,0.0847601,0.11164665,0.1367682,0.0320473,0.041015300000000005,0.06817345,0.09661549999999999,0.1247393,0.0115601,0.011728849999999999,0.01568495,0.023110199999999997,0.0572196,0,05_resultados\revisao_operacional\evento_adiantado_corrigido_v1\j00298.mat,evento_adiantado_corrigido_v1,,,,,-1,,,,
j00299,timing,perda_fonte,heuristico,{},592.6122638850534,592.6122638850534,1,14.754610453615202,14.754610453615202,150,150,150,150,57.93978528855198,56.5039066455025,60,24.16369944991276,850,0,0,0.02416369944991276,500,150,60,nan,0,nan,nan,nan,nan,nan,5.61e-05,8.2e-06,9.4e-06,1.1900000000000001e-05,5.61e-05,nan,nan,nan,nan,nan,nan,nan,nan,nan,nan,0,05_resultados\revisao_operacional\campanha_v1\j00299.mat,campanha_v1,,,,,0,,,,
j00300,timing,perda_fonte,heuristico_foresight,{},362.4661767623983,362.4661767623983,1,14.59213408735375,14.59213408735375,150,150,150,150,57.54164304310025,56.110329959008375,60,26.00915945308827,850,0,0,0.02600915945308827,500,150,59.672412178472214,nan,0,nan,nan,nan,nan,nan,4.76e-05,9.4e-06,1.06e-05,1.67e-05,4.76e-05,nan,nan,nan,nan,nan,nan,nan,nan,nan,nan,0,05_resultados\revisao_operacional\campanha_v1\j00300.mat,campanha_v1,,,,,0,,,,
j00301,timing,perda_fonte,miope_qp,{},592.6116232891053,592.6116232891053,1,14.754610001373313,14.75461000137331,150,150,150,150,57.9147667951044,56.47501255161039,60,24.32134429297718,1150.0008251042025,0,0,0.02432134429297718,500,150,59.99996967342122,nan,0,nan,nan,nan,nan,nan,0.0012989,0.0006081999999999999,0.0007684,0.0009530999999999999,0.0012989,0.0011513,0.0005408,0.0006702,0.0008279,0.0011513,nan,nan,nan,nan,nan,0,05_resultados\revisao_operacional\campanha_v1\j00301.mat,campanha_v1,,,,,0,,,,
j00302,timing,perda_fonte,mpc_qp_v5,{},350.0673643906158,350.0673643906158,1,14.583380890632919,14.583380890632919,150,150,150,150,57.09765980475696,55.703914844740474,60,27.741904277043087,1655.8768161818073,0,1.5833333333333335,0.027741904277043088,500,150,59.3449119390287,0.014570765323362878,733,0,0,0.003397654078071355,333283.200808402,4015243775612013.0,0.0229682,0.026327549999999998,0.0341809,0.04003115,0.0475256,0.0161594,0.021881249999999998,0.028797049999999998,0.03526805,0.0400057,0.004671,0.00435895,0.00546475,0.00716915,0.011705,0,05_resultados\revisao_operacional\campanha_v1\j00302.mat,campanha_v1,,,,,0,,,,
j00303,timing,perda_fonte,mpc_qp_estocastico_3cen,{},350.0000079452134,350.0000079452134,1,14.58333333895582,14.583333338955818,150,150,150,150,49.403721718446974,49.403721718446974,60,50.33232183737638,831.9827192014416,0,0,0.050332321837376376,500,150,56.199886737852154,7.105427357601002e-15,0,0,0,5.684341886080801e-13,666566.4042708572,8858386386927326.0,0.0472961,0.05288205,0.08214315,0.11081325,0.4984347,0.0320277,0.040796650000000004,0.06583744999999999,0.0972169,0.1056652,0.0123248,0.011721249999999999,0.0145732,0.02024305,0.4401878,0,05_resultados\revisao_operacional\evento_adiantado_corrigido_v1\j00303.mat,evento_adiantado_corrigido_v1,,,,,0,,,,
j00304,timing,perda_fonte,heuristico,{},592.6122638850534,592.6122638850534,1,14.754610453615202,14.754610453615202,150,150,150,150,57.93978528855198,56.5039066455025,60,24.16369944991276,850,0,0,0.02416369944991276,500,150,60,nan,0,nan,nan,nan,nan,nan,3.91e-05,7.9e-06,1.04e-05,2.115e-05,3.91e-05,nan,nan,nan,nan,nan,nan,nan,nan,nan,nan,0,05_resultados\revisao_operacional\campanha_v1\j00304.mat,campanha_v1,,,,,1,,,,
j00305,timing,perda_fonte,heuristico_foresight,{},370.5532507924737,370.5532507924737,1,14.597843323684993,14.597843323684993,150,150,150,150,57.56503485596575,56.13372177187387,60,25.89804834197716,850,0,0,0.02589804834197716,500,150,59.694602046846924,nan,0,nan,nan,nan,nan,nan,4.35e-05,8.8e-06,1.01e-05,1.42e-05,4.35e-05,nan,nan,nan,nan,nan,nan,nan,nan,nan,nan,0,05_resultados\revisao_operacional\campanha_v1\j00305.mat,campanha_v1,,,,,1,,,,
j00306,timing,perda_fonte,miope_qp,{},592.6116232891053,592.6116232891053,1,14.754610001373313,14.75461000137331,150,150,150,150,57.9147667951044,56.47501255161039,60,24.32134429297718,1150.0008251042025,0,0,0.02432134429297718,500,150,59.99996967342122,nan,0,nan,nan,nan,nan,nan,0.0012317,0.0005860500000000001,0.0007264999999999999,0.0008981,0.0012317,0.0010728,0.0005215,0.00064295,0.0007991999999999999,0.0010728,nan,nan,nan,nan,nan,0,05_resultados\revisao_operacional\campanha_v1\j00306.mat,campanha_v1,,,,,1,,,,
j00307,timing,perda_fonte,mpc_qp_v5,{},350.11181370477163,350.11181370477163,1,14.58341227054095,14.583412270540949,150,150,150,150,57.27009723518743,55.876353061562945,60,26.92281860823072,1608.6626734476151,0,2.166666666666667,0.02692281860823072,500,150,59.517343580585546,0.01457075134091923,733,0,0,0.003684742216421455,333283.200808402,4015243775612013.0,0.0211767,0.0262316,0.03284525,0.039967050000000004,0.049429,0.0154442,0.0218806,0.0276888,0.03551265,0.0448286,0.0040322,0.00408575,0.0050282999999999994,0.00587225,0.0094919,0,05_resultados\revisao_operacional\campanha_v1\j00307.mat,campanha_v1,,,,,1,,,,
j00308,timing,perda_fonte,mpc_qp_estocastico_3cen,{},350.0011415593664,350.0011415593664,1,14.583334139254006,14.583334139254005,150,150,150,150,49.57777012311766,49.57777012311766,60,49.505591915190635,2126.7976489106322,0,0.16666666666666669,0.04950559191519063,500,150,56.373934997234215,0.12229563290882339,57,0,0,0.0029487140686228486,666566.4042708572,8858386386927326.0,0.045885,0.052213850000000006,0.08043534999999999,0.11142615,0.2337686,0.0321715,0.040545899999999996,0.06369245000000001,0.09792015,0.152688,0.0111719,0.01133205,0.01403865,0.01780385,0.1653516,0,05_resultados\revisao_operacional\evento_adiantado_corrigido_v1\j00308.mat,evento_adiantado_corrigido_v1,,,,,1,,,,
j00309,timing,perda_fonte,heuristico,{},592.6122638850534,592.6122638850534,1,14.754610453615202,14.754610453615202,150,150,150,150,57.93978528855198,56.5039066455025,60,24.16369944991276,850,0,0,0.02416369944991276,500,150,60,nan,0,nan,nan,nan,nan,nan,4.07e-05,8e-06,1.09e-05,1.17e-05,4.83e-05,nan,nan,nan,nan,nan,nan,nan,nan,nan,nan,0,05_resultados\revisao_operacional\campanha_v1\j00309.mat,campanha_v1,,,,,2,,,,
j00310,timing,perda_fonte,heuristico_foresight,{},378.6403238930874,378.6403238930874,1,14.603552559360063,14.603552559360063,150,150,150,150,57.56161623998138,56.132942044778396,60,25.887863156791976,850,0,0,0.025887863156791976,500,150,59.71601218826426,nan,0,nan,nan,nan,nan,nan,4.35e-05,8.9e-06,1.06e-05,1.35e-05,4.35e-05,nan,nan,nan,nan,nan,nan,nan,nan,nan,nan,0,05_resultados\revisao_operacional\campanha_v1\j00310.mat,campanha_v1,,,,,2,,,,
j00311,timing,perda_fonte,miope_qp,{},592.6116232891053,592.6116232891053,1,14.754610001373313,14.75461000137331,150,150,150,150,57.9147667951044,56.47501255161039,60,24.32134429297718,1150.0008251042025,0,0,0.02432134429297718,500,150,59.99996967342122,nan,0,nan,nan,nan,nan,nan,0.0012486,0.00058785,0.0007407,0.0009635,0.0012486,0.0011066,0.0005219000000000001,0.00065505,0.0008916,0.0011066,nan,nan,nan,nan,nan,0,05_resultados\revisao_operacional\campanha_v1\j00311.mat,campanha_v1,,,,,2,,,,
j00312,timing,perda_fonte,mpc_qp_v5,{},350.3300306623937,350.3300306623937,1,14.583566325292615,14.583566325292615,150,150,150,150,57.27389649954128,55.88278678581731,60,26.878392839597925,1840.3923858232351,0,2.166666666666667,0.026878392839597927,500,150,59.547110708247935,0.014571133976488682,733,0,0,0.0009834831030275382,333283.200808402,4015243775612013.0,0.0206642,0.02564735,0.0318932,0.0400204,0.0934051,0.0150383,0.02133475,0.027049700000000003,0.0355277,0.0890246,0.0039672,0.0040269,0.0048856,0.0053563,0.0078816,0,05_resultados\revisao_operacional\campanha_v1\j00312.mat,campanha_v1,,,,,2,,,,
j00313,timing,perda_fonte,mpc_qp_estocastico_3cen,{},350.0000215967958,350.0000215967958,1,14.583333348593605,14.583333348593603,150,150,150,150,49.421305944828305,49.421305944828305,60,50.248796762065076,831.9832648875049,0,0,0.050248796762065076,500,150,56.23500860394104,7.105427357601002e-15,0,0,0,5.684341886080801e-13,666566.4042708572,8858386386927326.0,0.0455889,0.0520849,0.0763991,0.10738375,0.1164393,0.0321771,0.04043505,0.06272135,0.09539115000000001,0.1043214,0.0103184,0.011290950000000001,0.0132329,0.014526250000000001,0.0195634,0,05_resultados\revisao_operacional\evento_adiantado_corrigido_v1\j00313.mat,evento_adiantado_corrigido_v1,,,,,2,,,,
j00314,timing,perda_fonte,heuristico,{},592.6122638850534,592.6122638850534,1,14.754610453615202,14.754610453615202,150,150,150,150,57.93978528855198,56.5039066455025,60,24.16369944991276,850,0,0,0.02416369944991276,500,150,60,nan,0,nan,nan,nan,nan,nan,4.43e-05,8.2e-06,1.115e-05,1.845e-05,6.27e-05,nan,nan,nan,nan,nan,nan,nan,nan,nan,nan,0,05_resultados\revisao_operacional\campanha_v1\j00314.mat,campanha_v1,,,,,3,,,,
j00315,timing,perda_fonte,heuristico_foresight,{},386.72739546127775,386.72739546127775,1,14.609261793953285,14.609261793953285,150,150,150,150,57.55741789690142,56.13138259058732,60,25.881381675310493,850.0000000000001,0,0,0.025881381675310493,500,150,59.73664260281383,nan,0,nan,nan,nan,nan,nan,4.85e-05,9.1e-06,1.45e-05,2.535e-05,4.85e-05,nan,nan,nan,nan,nan,nan,nan,nan,nan,nan,0,05_resultados\revisao_operacional\campanha_v1\j00315.mat,campanha_v1,,,,,3,,,,
j00316,timing,perda_fonte,miope_qp,{},592.6116232891053,592.6116232891053,1,14.754610001373313,14.75461000137331,150,150,150,150,57.9147667951044,56.47501255161039,60,24.32134429297718,1150.0008251042025,0,0,0.02432134429297718,500,150,59.99996967342122,nan,0,nan,nan,nan,nan,nan,0.0012959,0.0005939,0.0007366499999999999,0.0009479,0.0012959,0.0011464,0.00052775,0.0006535499999999999,0.0008518499999999999,0.0011464,nan,nan,nan,nan,nan,0,05_resultados\revisao_operacional\campanha_v1\j00316.mat,campanha_v1,,,,,3,,,,
j00317,timing,perda_fonte,mpc_qp_v5,{},350.1683414036032,350.1683414036032,1,14.583452177433353,14.583452177433351,150,150,150,150,57.10152405859894,55.71305143093493,60,27.67075637497434,1621.2800564006566,0,1.4166666666666665,0.027670756374974338,500,150,59.40079116681502,0.014571147739779633,733,0,0,0.001418580611186826,333283.200808402,4015243775612013.0,0.0216664,0.0251884,0.0315553,0.038160650000000004,0.0442016,0.0156494,0.020964049999999998,0.0265471,0.0334683,0.0394449,0.0038984,0.0040631999999999995,0.00492965,0.005366849999999999,0.0056485,0,05_resultados\revisao_operacional\campanha_v1\j00317.mat,campanha_v1,,,,,3,,,,
j00318,timing,perda_fonte,mpc_qp_estocastico_3cen,{},350.0016441801557,350.0016441801557,1,14.583334494089573,14.583334494089573,150,150,150,150,49.501124733209394,49.501124733209394,60,49.86965751725518,1631.983260552549,0,0.08333333333333334,0.04986965751725518,500,150,56.33238803146668,0.1255189852420031,56,0,0,0.0012564097638119165,666566.4042708572,8858386386927326.0,0.0456786,0.05204185,0.0772738,0.11694985,0.1392211,0.0316945,0.04049795,0.06448265,0.1032363,0.1285926,0.0115389,0.0112315,0.0132836,0.01461195,0.0183373,0,05_resultados\revisao_operacional\evento_adiantado_corrigido_v1\j00318.mat,evento_adiantado_corrigido_v1,,,,,3,,,,
j00319,timing,perda_fonte,heuristico,{},592.6122638850534,592.6122638850534,1,14.754610453615202,14.754610453615202,150,150,150,150,57.93978528855198,56.5039066455025,60,24.16369944991276,850,0,0,0.02416369944991276,500,150,60,nan,0,nan,nan,nan,nan,nan,4.7e-05,8e-06,9.1e-06,1.025e-05,4.7e-05,nan,nan,nan,nan,nan,nan,nan,nan,nan,nan,0,05_resultados\revisao_operacional\campanha_v1\j00319.mat,campanha_v1,,,,,4,,,,
j00320,timing,perda_fonte,heuristico_foresight,{},394.81446450292935,394.81446450292935,1,14.614971026762849,14.614971026762849,150,150,150,150,57.55243982672598,56.12904340930077,60,25.878603897532717,850.0000000000001,0,0,0.02587860389753272,500,150,59.7564932906434,nan,0,nan,nan,nan,nan,nan,4.54e-05,8.9e-06,9.9e-06,1.07e-05,4.54e-05,nan,nan,nan,nan,nan,nan,nan,nan,nan,nan,0,05_resultados\revisao_operacional\campanha_v1\j00320.mat,campanha_v1,,,,,4,,,,
j00321,timing,perda_fonte,miope_qp,{},592.6116232891053,592.6116232891053,1,14.754610001373313,14.75461000137331,150,150,150,150,57.9147667951044,56.47501255161039,60,24.32134429297718,1150.0008251042025,0,0,0.02432134429297718,500,150,59.99996967342122,nan,0,nan,nan,nan,nan,nan,0.0013147,0.00058265,0.0007262,0.00091815,0.0013147,0.0011523,0.00051855,0.000651,0.0008199500000000001,0.0011523,nan,nan,nan,nan,nan,0,05_resultados\revisao_operacional\campanha_v1\j00321.mat,campanha_v1,,,,,4,,,,
j00322,timing,perda_fonte,mpc_qp_v5,{},350.50983373774534,350.50983373774534,1,14.583693260973881,14.583693260973881,150,150,150,150,57.1491661986243,55.76333165780753,60,27.41804062971303,1648.9356056329148,0,1.6666666666666667,0.02741804062971303,500,150,59.47441246117157,0.014571143662713837,733,0,0,0.004328677385672108,333283.200808402,4015243775612013.0,0.0214616,0.0254654,0.03279145,0.03854215,0.0427371,0.0157576,0.021207999999999998,0.0276138,0.0337352,0.0385339,0.0040305,0.004088700000000001,0.00507355,0.005451050000000001,0.0092476,0,05_resultados\revisao_operacional\campanha_v1\j00322.mat,campanha_v1,,,,,4,,,,
j00323,timing,perda_fonte,mpc_qp_estocastico_3cen,{},350.00087183197587,350.00087183197587,1,14.583333948834555,14.583333948834554,150,150,150,150,49.549734230872616,49.549734230872616,60,49.638762403355,1578.2676340392209,0,0.08333333333333334,0.049638762403355005,500,150,56.39855852005826,0.12157630094388594,58,0,0,1.2505552149377763e-12,666566.4042708572,8858386386927326.0,0.0458346,0.052599,0.07555155,0.1120875,0.1560696,0.0320854,0.0407528,0.06343905,0.09904425,0.1426824,0.010833,0.0114882,0.0138469,0.01521025,0.0189006,0,05_resultados\revisao_operacional\evento_adiantado_corrigido_v1\j00323.mat,evento_adiantado_corrigido_v1,,,,,4,,,,
j00324,timing,perda_fonte,heuristico,{},592.6122638850534,592.6122638850534,1,14.754610453615202,14.754610453615202,150,150,150,150,57.93978528855198,56.5039066455025,60,24.16369944991276,850,0,0,0.02416369944991276,500,150,60,nan,0,nan,nan,nan,nan,nan,4.18e-05,8e-06,9.2e-06,1.64e-05,4.18e-05,nan,nan,nan,nan,nan,nan,nan,nan,nan,nan,0,05_resultados\revisao_operacional\campanha_v1\j00324.mat,campanha_v1,,,,,5,,,,
j00325,timing,perda_fonte,heuristico_foresight,{},402.9015293790226,402.9015293790226,1,14.620680256631648,14.620680256631648,150,150,150,150,57.54668202945504,56.12592450091872,60,25.879529823458643,850,0,0,0.025879529823458643,500,150,59.775564251996556,nan,0,nan,nan,nan,nan,nan,4.69e-05,8.8e-06,9.8e-06,1.045e-05,4.69e-05,nan,nan,nan,nan,nan,nan,nan,nan,nan,nan,0,05_resultados\revisao_operacional\campanha_v1\j00325.mat,campanha_v1,,,,,5,,,,
j00326,timing,perda_fonte,miope_qp,{},592.6116232891053,592.6116232891053,1,14.754610001373313,14.75461000137331,150,150,150,150,57.9147667951044,56.47501255161039,60,24.32134429297718,1150.0008251042025,0,0,0.02432134429297718,500,150,59.99996967342122,nan,0,nan,nan,nan,nan,nan,0.0012736,0.00058175,0.0007117,0.0008605500000000001,0.0012736,0.0011293,0.0005178,0.00062265,0.0007733499999999999,0.0011293,nan,nan,nan,nan,nan,0,05_resultados\revisao_operacional\campanha_v1\j00326.mat,campanha_v1,,,,,5,,,,
j00327,timing,perda_fonte,mpc_qp_v5,{},352.1861831411365,352.1861831411365,1,14.584876714331617,14.584876714331612,150,150,150,150,57.27725960293886,55.89406351270584,60,26.783177736926255,1837.42891841383,0,2.25,0.026783177736926254,500,150,59.62828700438555,0.01457113306209834,733,0,0,0.0022758995551726002,333283.200808402,4015243775612013.0,0.0212461,0.0252877,0.032224249999999996,0.040356649999999994,0.0935414,0.0154363,0.02106635,0.027245600000000002,0.035327399999999995,0.0880802,0.0040507,0.0040102,0.005012849999999999,0.0054439499999999995,0.0083528,0,05_resultados\revisao_operacional\campanha_v1\j00327.mat,campanha_v1,,,,,5,,,,
j00328,timing,perda_fonte,mpc_qp_estocastico_3cen,{},350.00009678822795,350.00009678822795,1,14.583333401676626,14.583333401676626,150,150,150,150,49.421306119663136,49.421306119663136,60,50.2487959315998,831.9832657213046,0,0,0.0502487959315998,500,150,56.287691376630676,7.105427357601002e-15,0,0,0,5.684341886080801e-13,666566.4042708572,8858386386927326.0,0.0462016,0.05330815,0.08121085,0.1096988,0.1188558,0.0321571,0.04110865,0.0659028,0.0973714,0.1054152,0.0111082,0.01172455,0.014157099999999999,0.0166304,0.0345751,0,05_resultados\revisao_operacional\evento_adiantado_corrigido_v1\j00328.mat,evento_adiantado_corrigido_v1,,,,,5,,,,
j00329,timing,perda_fonte,heuristico,{},592.6122638850534,592.6122638850534,1,14.754610453615202,14.754610453615202,150,150,150,150,57.93978528855198,56.5039066455025,60,24.16369944991276,850,0,0,0.02416369944991276,500,150,60,nan,0,nan,nan,nan,nan,nan,5.62e-05,8.1e-06,9.35e-06,1.43e-05,5.62e-05,nan,nan,nan,nan,nan,nan,nan,nan,nan,nan,0,05_resultados\revisao_operacional\campanha_v1\j00329.mat,campanha_v1,,,,,6,,,,
j00330,timing,perda_fonte,heuristico_foresight,{},410.9885873872711,410.9885873872711,1,14.626389481651952,14.626389481651952,150,150,150,150,57.540144505088584,56.12202586544115,60,25.88415945308827,850,0,0,0.02588415945308827,500,150,59.79385548727493,nan,0,nan,nan,nan,nan,nan,4.74e-05,9e-06,1.2e-05,1.75e-05,4.74e-05,nan,nan,nan,nan,nan,nan,nan,nan,nan,nan,0,05_resultados\revisao_operacional\campanha_v1\j00330.mat,campanha_v1,,,,,6,,,,
j00331,timing,perda_fonte,miope_qp,{},592.6116232891053,592.6116232891053,1,14.754610001373313,14.75461000137331,150,150,150,150,57.9147667951044,56.47501255161039,60,24.32134429297718,1150.0008251042025,0,0,0.02432134429297718,500,150,59.99996967342122,nan,0,nan,nan,nan,nan,nan,0.0013565,0.00058665,0.0007275000000000001,0.0009058,0.0013565,0.0011893,0.0005222,0.0006523,0.00080995,0.0011893,nan,nan,nan,nan,nan,0,05_resultados\revisao_operacional\campanha_v1\j00331.mat,campanha_v1,,,,,6,,,,
j00332,timing,perda_fonte,mpc_qp_v5,{},352.68383626124967,352.68383626124967,1,14.585228042792641,14.58522804279264,150,150,150,150,57.11120176586696,55.73064279422261,60,27.545546578201666,1653.9775975796326,0,1.6666666666666667,0.027545546578201664,500,150,59.48818410547333,0.014571146313343775,733,0,0,0.0025184844212162716,333283.200808402,4015243775612013.0,0.0212065,0.02539385,0.0330212,0.039787699999999995,0.0987845,0.0151793,0.021159650000000002,0.027804299999999997,0.03487715,0.0938918,0.0038927,0.004119950000000001,0.00502335,0.0055580000000000004,0.011441,0,05_resultados\revisao_operacional\campanha_v1\j00332.mat,campanha_v1,,,,,6,,,,
j00333,timing,perda_fonte,mpc_qp_estocastico_3cen,{},350.0001595752859,350.0001595752859,1,14.583333446002422,14.583333446002422,150,150,150,150,49.421306171613715,49.421306171613715,60,50.248795684834334,831.9832659961564,0,0,0.050248795684834334,500,150,56.305252288927235,7.105427357601002e-15,0,0,0,5.684341886080801e-13,666566.4042708572,8858386386927326.0,0.0475322,0.0610873,0.10640725000000001,0.12877699999999997,0.1722139,0.0327998,0.04647935,0.0838737,0.10873665,0.1400882,0.0119291,0.0136133,0.0238882,0.02865595,0.0646579,0,05_resultados\revisao_operacional\evento_adiantado_corrigido_v1\j00333.mat,evento_adiantado_corrigido_v1,,,,,6,,,,
j00334,timing,perda_fonte,heuristico,{},592.6122638850534,592.6122638850534,1,14.754610453615202,14.754610453615202,150,150,150,150,57.93978528855198,56.5039066455025,60,24.16369944991276,850,0,0,0.02416369944991276,500,150,60,nan,0,nan,nan,nan,nan,nan,4.04e-05,8e-06,9.4e-06,1.6e-05,4.04e-05,nan,nan,nan,nan,nan,nan,nan,nan,nan,nan,0,05_resultados\revisao_operacional\campanha_v1\j00334.mat,campanha_v1,,,,,7,,,,
j00335,timing,perda_fonte,heuristico_foresight,{},419.0756340723581,419.0756340723581,1,14.632098698678437,14.632098698678437,150,150,150,150,57.532827253626564,56.11734750286802,60,25.892492786421602,850,0,0,0.0258924927864216,500,150,59.8113669971407,nan,0,nan,nan,nan,nan,nan,5.15e-05,9.1e-06,1.165e-05,1.9999999999999998e-05,5.15e-05,nan,nan,nan,nan,nan,nan,nan,nan,nan,nan,0,05_resultados\revisao_operacional\campanha_v1\j00335.mat,campanha_v1,,,,,7,,,,
j00336,timing,perda_fonte,miope_qp,{},592.6116232891053,592.6116232891053,1,14.754610001373313,14.75461000137331,150,150,150,150,57.9147667951044,56.47501255161039,60,24.32134429297718,1150.0008251042025,0,0,0.02432134429297718,500,150,59.99996967342122,nan,0,nan,nan,nan,nan,nan,0.0012589,0.00057555,0.0007621500000000001,0.00098595,0.0013273,0.0011177,0.00051245,0.0006731,0.0008752,0.0011678,nan,nan,nan,nan,nan,0,05_resultados\revisao_operacional\campanha_v1\j00336.mat,campanha_v1,,,,,7,,,,
j00337,timing,perda_fonte,mpc_qp_v5,{},353.09738930289325,353.09738930289325,1,14.58551999907276,14.58551999907276,150,150,150,150,57.1069630989276,55.729041978807146,60,27.539267022352256,1445.4819864342733,0,1.8333333333333333,0.027539267022352255,500,150,59.509913638155275,0.014571146443152827,733,0,0,0.00774581574074773,333283.200808402,4015243775612013.0,0.0211987,0.025191449999999997,0.031146149999999997,0.039777599999999996,0.0488057,0.0157123,0.0210208,0.02635055,0.034878950000000006,0.0437758,0.0039417,0.004,0.0049079,0.005391399999999999,0.0090988,0,05_resultados\revisao_operacional\campanha_v1\j00337.mat,campanha_v1,,,,,7,,,,
j00338,timing,perda_fonte,mpc_qp_estocastico_3cen,{},350.0093760385819,350.0093760385819,1,14.583339952554375,14.583339952554375,150,150,150,150,49.57528384860327,49.57528384860327,60,49.517401719134085,2015.540309266095,0,0.16666666666666669,0.04951740171913409,500,150,56.47678948624578,0.12164418273039956,57,0,0,1.0342489531467436e-08,666566.4042708572,8858386386927326.0,0.0526014,0.06276860000000001,0.08910114999999999,0.13100604999999999,0.1672347,0.0343383,0.0477649,0.0743114,0.11641475,0.1518286,0.0150062,0.01395045,0.0179827,0.0199735,0.0273117,0,05_resultados\revisao_operacional\evento_adiantado_corrigido_v1\j00338.mat,evento_adiantado_corrigido_v1,,,,,7,,,,
j00339,timing,perda_fonte,heuristico,{},592.6122638850534,592.6122638850534,1,14.754610453615202,14.754610453615202,150,150,150,150,57.93978528855198,56.5039066455025,60,24.16369944991276,850,0,0,0.02416369944991276,500,150,60,nan,0,nan,nan,nan,nan,nan,4.01e-05,8.1e-06,9.4e-06,1.535e-05,4.01e-05,nan,nan,nan,nan,nan,nan,nan,nan,nan,nan,0,05_resultados\revisao_operacional\campanha_v1\j00339.mat,campanha_v1,,,,,8,,,,
j00340,timing,perda_fonte,heuristico_foresight,{},427.16266208870786,427.16266208870786,1,14.637807902525346,14.637807902525346,150,150,150,150,57.52473027506906,56.11188941319941,60,25.90452982345864,850,0,0,0.025904529823458637,500,150,59.8280987826856,nan,0,nan,nan,nan,nan,nan,5.87e-05,9.1e-06,1.22e-05,2.1099999999999998e-05,5.87e-05,nan,nan,nan,nan,nan,nan,nan,nan,nan,nan,0,05_resultados\revisao_operacional\campanha_v1\j00340.mat,campanha_v1,,,,,8,,,,
j00341,timing,perda_fonte,miope_qp,{},592.6116232891053,592.6116232891053,1,14.754610001373313,14.75461000137331,150,150,150,150,57.9147667951044,56.47501255161039,60,24.32134429297718,1150.0008251042025,0,0,0.02432134429297718,500,150,59.99996967342122,nan,0,nan,nan,nan,nan,nan,0.001295,0.0006154,0.0007515,0.0009404,0.001295,0.0011463,0.0005472999999999999,0.00065945,0.0008491,0.0011463,nan,nan,nan,nan,nan,0,05_resultados\revisao_operacional\campanha_v1\j00341.mat,campanha_v1,,,,,8,,,,
j00342,timing,perda_fonte,mpc_qp_v5,{},353.7671903960854,353.7671903960854,1,14.585992858938381,14.58599285893838,150,150,150,150,57.251052332857554,55.875769732491406,60,26.828423246276408,1601.5565298002264,0,2.166666666666667,0.02682842324627641,500,150,59.67993368166363,0.014571134545477094,733,0,0,0.0002794634922338446,333283.200808402,4015243775612013.0,0.0273893,0.0252023,0.0314285,0.039707049999999994,0.0489051,0.0199219,0.0210052,0.02670215,0.035148349999999995,0.0448138,0.0043688,0.00406885,0.00487545,0.0052403,0.0084849,0,05_resultados\revisao_operacional\campanha_v1\j00342.mat,campanha_v1,,,,,8,,,,
j00343,timing,perda_fonte,mpc_qp_estocastico_3cen,{},350.01545846674674,350.01545846674674,1,14.583344246569785,14.583344246569785,150,150,150,150,49.575283889796474,49.575283889796474,60,49.517401523466475,2015.5400095276632,0,0.16666666666666669,0.049517401523466474,500,150,56.494349493102696,0.1216441827454986,57,0,0,1.0342375844629714e-08,666566.4042708572,8858386386927326.0,0.0516922,0.0617456,0.09589875,0.1370445,0.1946185,0.0365117,0.047298,0.0788914,0.12051325,0.1790427,0.0122193,0.01308235,0.01830905,0.02036675,0.0453309,0,05_resultados\revisao_operacional\evento_adiantado_corrigido_v1\j00343.mat,evento_adiantado_corrigido_v1,,,,,8,,,,
j00344,timing,perda_fonte,heuristico,{},592.6122638850534,592.6122638850534,1,14.754610453615202,14.754610453615202,150,150,150,150,57.93978528855198,56.5039066455025,60,24.16369944991276,850,0,0,0.02416369944991276,500,150,60,nan,0,nan,nan,nan,nan,nan,3.93e-05,7.9e-06,9.8e-06,1.03e-05,0.0001494,nan,nan,nan,nan,nan,nan,nan,nan,nan,nan,0,05_resultados\revisao_operacional\campanha_v1\j00344.mat,campanha_v1,,,,,9,,,,
j00345,timing,perda_fonte,heuristico_foresight,{},435.2496593255132,435.2496593255132,1,14.643517084642799,14.643517084642799,150,150,150,150,57.51585356941604,56.10565159643527,60,25.92027056419938,850,0,0,0.02592027056419938,500,150,59.8440508457096,nan,0,nan,nan,nan,nan,nan,4.35e-05,8.9e-06,9.9e-06,1.135e-05,4.35e-05,nan,nan,nan,nan,nan,nan,nan,nan,nan,nan,0,05_resultados\revisao_operacional\campanha_v1\j00345.mat,campanha_v1,,,,,9,,,,
j00346,timing,perda_fonte,miope_qp,{},592.6116232891053,592.6116232891053,1,14.754610001373313,14.75461000137331,150,150,150,150,57.9147667951044,56.47501255161039,60,24.32134429297718,1150.0008251042025,0,0,0.02432134429297718,500,150,59.99996967342122,nan,0,nan,nan,nan,nan,nan,0.0012188,0.00059175,0.0007653499999999999,0.00096185,0.0012188,0.0010816,0.00052665,0.0006808000000000001,0.00085895,0.0010958,nan,nan,nan,nan,nan,0,05_resultados\revisao_operacional\campanha_v1\j00346.mat,campanha_v1,,,,,9,,,,
j00347,timing,perda_fonte,mpc_qp_v5,{},366.31041237539773,366.31041237539773,1,14.594848004614757,14.594848004614756,150,150,150,150,57.27067349754635,55.89802885495,60,26.70880842633645,1701.0825839043473,0,2.4166666666666665,0.02670880842633645,500,150,59.72372037979825,0.014571132740563542,733,0,0,0.0027628990793573394,333283.200808402,4015243775612013.0,0.0204779,0.025897450000000002,0.0340395,0.040135000000000004,0.1010496,0.0151713,0.021417600000000002,0.0288027,0.03534195,0.0964568,0.0037477,0.004116750000000001,0.00504985,0.0056934,0.0089432,0,05_resultados\revisao_operacional\campanha_v1\j00347.mat,campanha_v1,,,,,9,,,,
j00348,timing,perda_fonte,mpc_qp_estocastico_3cen,{},350.0254867222348,350.0254867222348,1,14.583351326223195,14.583351326223195,150,150,150,150,49.57528389130262,49.57528389130262,60,49.51740151631219,2015.540443691339,0,0.16666666666666669,0.04951740151631219,500,150,56.51190887382233,0.12164418259774834,57,0,0,0.0032914508112185104,666566.4042708572,8858386386927326.0,0.0621829,0.058454450000000005,0.0877153,0.14111865,0.1847864,0.0443341,0.0443703,0.0735923,0.12526805,0.1709047,0.0138208,0.012428100000000001,0.01754195,0.019395799999999998,0.0323354,0,05_resultados\revisao_operacional\evento_adiantado_corrigido_v1\j00348.mat,evento_adiantado_corrigido_v1,,,,,9,,,,
j00349,timing,perda_fonte,heuristico,{},592.6122638850534,592.6122638850534,1,14.754610453615202,14.754610453615202,150,150,150,150,57.93978528855198,56.5039066455025,60,24.16369944991276,850,0,0,0.02416369944991276,500,150,60,nan,0,nan,nan,nan,nan,nan,4.18e-05,8e-06,9.5e-06,1.61e-05,4.18e-05,nan,nan,nan,nan,nan,nan,nan,nan,nan,nan,0,05_resultados\revisao_operacional\campanha_v1\j00349.mat,campanha_v1,,,,,10,,,,
j00350,timing,perda_fonte,heuristico_foresight,{},443.33660581542915,443.33660581542915,1,14.64922623093444,14.64922623093444,150,150,150,150,57.50619713666749,56.09863405257561,60,25.939715008643827,850,0,0,0.025939715008643827,500,150,59.85922318918037,nan,0,nan,nan,nan,nan,nan,4.24e-05,9e-06,1.085e-05,1.6599999999999997e-05,4.24e-05,nan,nan,nan,nan,nan,nan,nan,nan,nan,nan,0,05_resultados\revisao_operacional\campanha_v1\j00350.mat,campanha_v1,,,,,10,,,,
j00351,timing,perda_fonte,miope_qp,{},592.6116232891053,592.6116232891053,1,14.754610001373313,14.75461000137331,150,150,150,150,57.9147667951044,56.47501255161039,60,24.32134429297718,1150.0008251042025,0,0,0.02432134429297718,500,150,59.99996967342122,nan,0,nan,nan,nan,nan,nan,0.001537,0.0005793,0.0007214999999999999,0.0008882499999999999,0.001537,0.0013299,0.0005157,0.00064735,0.0008043,0.0013299,nan,nan,nan,nan,nan,0,05_resultados\revisao_operacional\campanha_v1\j00351.mat,campanha_v1,,,,,10,,,,
j00352,timing,perda_fonte,mpc_qp_v5,{},355.57470106781705,355.57470106781705,1,14.587268908293021,14.587268908293018,150,150,150,150,57.226160619443775,55.85615364626811,60,26.89383319693979,1653.7399036773743,0,1.9166666666666665,0.02689383319693979,500,150,59.70683257567193,0.014571136136083851,733,0,0,1.5287919268303085e-06,333283.200808402,4015243775612013.0,0.0210884,0.0251315,0.03048305,0.039087449999999996,0.0489282,0.0151703,0.020959600000000002,0.02586645,0.0345606,0.044353,0.0039301,0.003948200000000001,0.004706,0.00504745,0.0053417,0,05_resultados\revisao_operacional\campanha_v1\j00352.mat,campanha_v1,,,,,10,,,,
j00353,timing,perda_fonte,mpc_qp_estocastico_3cen,{},350.0011791212286,350.0011791212286,1,14.583334165771834,14.583334165771833,150,150,150,150,49.42130639387311,49.42130639387311,60,50.24879462910231,831.9832671056644,0,0,0.05024879462910231,500,150,56.37549583837132,7.105427357601002e-15,0,0,0,0.003509596385583791,666566.4042708572,8858386386927326.0,0.047085,0.055443,0.08541874999999999,0.1169095,0.1521876,0.0332093,0.04263545,0.0701773,0.10356080000000001,0.1391025,0.0113269,0.0125024,0.015091799999999999,0.0183432,0.0478651,0,05_resultados\revisao_operacional\evento_adiantado_corrigido_v1\j00353.mat,evento_adiantado_corrigido_v1,,,,,10,,,,
j00354,timing,perda_fonte,heuristico,{},592.6122638850534,592.6122638850534,1,14.754610453615202,14.754610453615202,150,150,150,150,57.93978528855198,56.5039066455025,60,24.16369944991276,850,0,0,0.02416369944991276,500,150,60,nan,0,nan,nan,nan,nan,nan,3.9e-05,7.9e-06,9.1e-06,1.145e-05,3.9e-05,nan,nan,nan,nan,nan,nan,nan,nan,nan,nan,0,05_resultados\revisao_operacional\campanha_v1\j00354.mat,campanha_v1,,,,,11,,,,
j00355,timing,perda_fonte,heuristico_foresight,{},451.4234686378691,451.4234686378691,1,14.654935318159309,14.654935318159309,150,150,150,150,57.49576097682343,56.090836781620446,60,25.962863156791975,850,0,0,0.025962863156791974,500,150,59.87361581799073,nan,0,nan,nan,nan,nan,nan,4.31e-05,8.8e-06,9.9e-06,1.31e-05,4.31e-05,nan,nan,nan,nan,nan,nan,nan,nan,nan,nan,0,05_resultados\revisao_operacional\campanha_v1\j00355.mat,campanha_v1,,,,,11,,,,
j00356,timing,perda_fonte,miope_qp,{},592.6116232891053,592.6116232891053,1,14.754610001373313,14.75461000137331,150,150,150,150,57.9147667951044,56.47501255161039,60,24.32134429297718,1150.0008251042025,0,0,0.02432134429297718,500,150,59.99996967342122,nan,0,nan,nan,nan,nan,nan,0.0012101,0.0005740999999999999,0.00069665,0.00083545,0.0012101,0.0010728,0.0005113,0.00062175,0.0007548,0.0010728,nan,nan,nan,nan,nan,0,05_resultados\revisao_operacional\campanha_v1\j00356.mat,campanha_v1,,,,,11,,,,
j00357,timing,perda_fonte,mpc_qp_v5,{},410.5658029808245,410.5658029808245,1,14.626091008321168,14.626091008321167,150,150,150,150,57.14273963779008,55.77537016043873,60,27.263673197660083,1802.3900642690166,0,1.9166666666666665,0.02726367319766008,500,150,59.641267814480685,0.01457114268654891,733,0,0,3.775826098717516e-05,333283.200808402,4015243775612013.0,0.0213444,0.0251603,0.03128865,0.0399076,0.0442801,0.0153973,0.020983,0.026614850000000002,0.0352064,0.0395245,0.0042305,0.00404965,0.00486815,0.00524025,0.0060875,0,05_resultados\revisao_operacional\campanha_v1\j00357.mat,campanha_v1,,,,,11,,,,
j00358,timing,perda_fonte,mpc_qp_estocastico_3cen,{},350.0989546835985,350.0989546835985,1,14.583403192442834,14.583403192442834,150,150,150,150,49.51043753213163,49.51043753213163,60,49.82542172237431,1874.529184854629,0,0.16666666666666669,0.04982542172237431,500,150,56.482173326190676,0.12551897993451888,56,0,0,0.0036775169862153234,666566.4042708572,8858386386927326.0,0.0463201,0.05271845,0.08164745,0.11682015,0.1558474,0.0330397,0.0410465,0.0702295,0.10383790000000001,0.1430149,0.0105037,0.0114345,0.0137117,0.015391499999999999,0.0176455,0,05_resultados\revisao_operacional\evento_adiantado_corrigido_v1\j00358.mat,evento_adiantado_corrigido_v1,,,,,11,,,,
j00359,timing,perda_fonte,heuristico,{},592.6122638850534,592.6122638850534,1,14.754610453615202,14.754610453615202,150,150,150,150,57.93978528855198,56.5039066455025,60,24.16369944991276,850,0,0,0.02416369944991276,500,150,60,nan,0,nan,nan,nan,nan,nan,4.11e-05,8e-06,9.1e-06,9.8e-06,4.11e-05,nan,nan,nan,nan,nan,nan,nan,nan,nan,nan,0,05_resultados\revisao_operacional\campanha_v1\j00359.mat,campanha_v1,,,,,12,,,,
j00360,timing,perda_fonte,heuristico_foresight,{},459.5101935159617,459.5101935159617,1,14.66064430799952,14.66064430799952,150,150,150,150,57.4845450898839,56.0822597835698,60,25.989715008643827,850,0,0,0.02598971500864383,500,150,59.887228740207604,nan,0,nan,nan,nan,nan,nan,4.46e-05,9.1e-06,1.16e-05,2.3849999999999997e-05,4.98e-05,nan,nan,nan,nan,nan,nan,nan,nan,nan,nan,0,05_resultados\revisao_operacional\campanha_v1\j00360.mat,campanha_v1,,,,,12,,,,
j00361,timing,perda_fonte,miope_qp,{},592.6116232891053,592.6116232891053,1,14.754610001373313,14.75461000137331,150,150,150,150,57.9147667951044,56.47501255161039,60,24.32134429297718,1150.0008251042025,0,0,0.02432134429297718,500,150,59.99996967342122,nan,0,nan,nan,nan,nan,nan,0.0012394,0.00066215,0.00113095,0.0016114,0.0033306,0.0011002,0.00058575,0.00098285,0.0013847999999999998,0.0029372,nan,nan,nan,nan,nan,0,05_resultados\revisao_operacional\campanha_v1\j00361.mat,campanha_v1,,,,,12,,,,
j00362,timing,perda_fonte,mpc_qp_v5,{},418.59851538981445,418.59851538981445,1,14.631761866947471,14.631761866947466,150,150,150,150,57.26180287908862,55.89707180468257,60,26.671704056210114,1733.274554071965,0,2.4166666666666665,0.026671704056210114,500,150,59.785167428516594,0.014571132818161914,733,0,0,0.00026103224013240833,333283.200808402,4015243775612013.0,0.0226683,0.02608345,0.032647850000000006,0.0431661,0.1010801,0.0160518,0.02174045,0.02767605,0.03798435,0.0958299,0.0043165,0.0043675,0.00526545,0.0059165,0.0109739,0,05_resultados\revisao_operacional\campanha_v1\j00362.mat,campanha_v1,,,,,12,,,,
j00363,timing,perda_fonte,mpc_qp_estocastico_3cen,{},350.0032051252796,350.0032051252796,1,14.58333559607128,14.58333559607128,150,150,150,150,49.42130631135664,49.42130631135664,60,50.24879502105551,831.9832676571123,0,0,0.05024879502105551,500,150,56.410617194099295,7.105427357601002e-15,0,0,0,0.0036774765838458734,666566.4042708572,8858386386927326.0,1.2380995,0.054062,0.1015201,0.16205560000000002,1.2380995,0.2709983,0.0407131,0.07392935,0.13372875,0.2709983,0.1450082,0.0128996,0.025931000000000003,0.0418105,0.1450082,1,05_resultados\revisao_operacional\evento_adiantado_corrigido_v1\j00363.mat,evento_adiantado_corrigido_v1,,,,,12,,,,
j00364,timing,perda_fonte,heuristico,{},592.6122638850534,592.6122638850534,1,14.754610453615202,14.754610453615202,150,150,150,150,57.93978528855198,56.5039066455025,60,24.16369944991276,850,0,0,0.02416369944991276,500,150,60,nan,0,nan,nan,nan,nan,nan,4.32e-05,8.3e-06,1.1e-05,1.68e-05,4.32e-05,nan,nan,nan,nan,nan,nan,nan,nan,nan,nan,0,05_resultados\revisao_operacional\campanha_v1\j00364.mat,campanha_v1,,,,,13,,,,
j00365,timing,perda_fonte,heuristico_foresight,{},467.59669096227464,467.59669096227464,1,14.666353137279593,14.666353137279593,150,150,150,150,57.472549475848794,56.072903058423584,60,26.020270564199382,850,0,0,0.026020270564199383,500,150,59.900061969131094,nan,0,nan,nan,nan,nan,nan,4.34e-05,9.1e-06,1.1949999999999999e-05,1.985e-05,8.54e-05,nan,nan,nan,nan,nan,nan,nan,nan,nan,nan,0,05_resultados\revisao_operacional\campanha_v1\j00365.mat,campanha_v1,,,,,13,,,,
j00366,timing,perda_fonte,miope_qp,{},592.6116232891053,592.6116232891053,1,14.754610001373313,14.75461000137331,150,150,150,150,57.9147667951044,56.47501255161039,60,24.32134429297718,1150.0008251042025,0,0,0.02432134429297718,500,150,59.99996967342122,nan,0,nan,nan,nan,nan,nan,0.0012303,0.000614,0.00075875,0.00100175,0.0012303,0.0010944,0.0005468000000000001,0.0006738,0.0009015,0.0010995,nan,nan,nan,nan,nan,0,05_resultados\revisao_operacional\campanha_v1\j00366.mat,campanha_v1,,,,,13,,,,
j00367,timing,perda_fonte,mpc_qp_v5,{},439.68930654112705,439.68930654112705,1,14.646651344977222,14.646651344977219,150,150,150,150,57.12776523480905,55.76567143116946,60,27.281975457942423,1609.647696046429,0,1.8333333333333333,0.027281975457942424,500,150,59.6740242172695,0.014571143472991821,733,0,0,0.0033727811951962394,333283.200808402,4015243775612013.0,0.0227,0.02601165,0.0344421,0.04287515,0.0981727,0.0160639,0.021694150000000002,0.028814,0.0376347,0.0928345,0.0043392,0.00425965,0.0054915499999999996,0.00692785,0.0231769,0,05_resultados\revisao_operacional\campanha_v1\j00367.mat,campanha_v1,,,,,13,,,,
j00368,timing,perda_fonte,mpc_qp_estocastico_3cen,{},350.08183652229,350.08183652229,1,14.583391107524946,14.583391107524946,150,150,150,150,49.552121988682806,49.552121988682806,60,49.62742055375634,1921.634668544661,0,0.16666666666666669,0.04962742055375634,500,150,56.55898207180063,0.12939660232298422,116,0,0,0.003677530059633227,666566.4042708572,8858386386927326.0,0.0581132,0.05046145,0.07618285,0.10584785,0.1423359,0.0313357,0.0390239,0.06469215,0.0945034,0.1306269,0.01166,0.0110765,0.01308495,0.014211399999999999,0.020348,0,05_resultados\revisao_operacional\evento_adiantado_corrigido_v1\j00368.mat,evento_adiantado_corrigido_v1,,,,,13,,,,
j00369,timing,perda_fonte,heuristico,{},592.6122638850534,592.6122638850534,1,14.754610453615202,14.754610453615202,150,150,150,150,57.93978528855198,56.5039066455025,60,24.16369944991276,850,0,0,0.02416369944991276,500,150,60,nan,0,nan,nan,nan,nan,nan,3.95e-05,8.1e-06,9.55e-06,1.5149999999999999e-05,3.95e-05,nan,nan,nan,nan,nan,nan,nan,nan,nan,nan,0,05_resultados\revisao_operacional\campanha_v1\j00369.mat,campanha_v1,,,,,14,,,,
j00370,timing,perda_fonte,heuristico_foresight,{},475.6828134369748,475.6828134369748,1,14.672061701840738,14.672061701840738,150,150,150,150,57.459774134718174,56.06276660618185,60,26.05452982345864,850,0,0,0.02605452982345864,500,150,59.91211552668937,nan,0,nan,nan,nan,nan,nan,4.52e-05,9.1e-06,1.03e-05,2.0750000000000003e-05,4.52e-05,nan,nan,nan,nan,nan,nan,nan,nan,nan,nan,0,05_resultados\revisao_operacional\campanha_v1\j00370.mat,campanha_v1,,,,,14,,,,
j00371,timing,perda_fonte,miope_qp,{},592.6116232891053,592.6116232891053,1,14.754610001373313,14.75461000137331,150,150,150,150,57.9147667951044,56.47501255161039,60,24.32134429297718,1150.0008251042025,0,0,0.02432134429297718,500,150,59.99996967342122,nan,0,nan,nan,nan,nan,nan,0.0012423,0.0006085,0.00081065,0.0011944,0.0014409,0.0010981,0.00054105,0.0007172999999999999,0.001036,0.0012367,nan,nan,nan,nan,nan,0,05_resultados\revisao_operacional\campanha_v1\j00371.mat,campanha_v1,,,,,14,,,,
j00372,timing,perda_fonte,mpc_qp_v5,{},448.10030833219264,448.10030833219264,1,14.652589264777449,14.652589264777447,150,150,150,150,57.239372702835695,55.87991726704038,60,26.725421591006327,1636.1093044718182,0,2.25,0.026725421591006326,500,150,59.8104117981857,0.014571134209170111,733,0,0,0.0021670835100167096,333283.200808402,4015243775612013.0,0.0209329,0.025539100000000002,0.03328125,0.04386495,0.0608494,0.0151497,0.0212858,0.02839705,0.03833655,0.0552345,0.0041695,0.0041474,0.0052311,0.0062821,0.0096207,0,05_resultados\revisao_operacional\campanha_v1\j00372.mat,campanha_v1,,,,,14,,,,
j00373,timing,perda_fonte,mpc_qp_estocastico_3cen,{},350.0087126749455,350.0087126749455,1,14.583339484239488,14.583339484239485,150,150,150,150,49.421306611939976,49.421306611939976,60,50.24879359328457,831.9832682072347,0,0,0.05024879359328457,500,150,56.44573841548286,7.105427357601002e-15,0,0,0,0.0036774717241314647,666566.4042708572,8858386386927326.0,0.0517227,0.0510063,0.07528715,0.10648635000000001,0.1401271,0.0311,0.03936195,0.0640968,0.09496935,0.1275458,0.0113963,0.01121985,0.012887450000000002,0.01412685,0.0163446,0,05_resultados\revisao_operacional\evento_adiantado_corrigido_v1\j00373.mat,evento_adiantado_corrigido_v1,,,,,14,,,,
j00374,timing,perda_fonte,heuristico,{},592.6122638850534,592.6122638850534,1,14.754610453615202,14.754610453615202,150,150,150,150,57.93978528855198,56.5039066455025,60,24.16369944991276,850,0,0,0.02416369944991276,500,150,60,nan,0,nan,nan,nan,nan,nan,4.07e-05,8.1e-06,9.3e-06,1.38e-05,4.07e-05,nan,nan,nan,nan,nan,nan,nan,nan,nan,nan,0,05_resultados\revisao_operacional\campanha_v1\j00374.mat,campanha_v1,,,,,15,,,,
j00375,timing,perda_fonte,heuristico_foresight,{},483.76831768800116,483.76831768800116,1,14.677769829954157,14.677769829954157,150,150,150,150,57.44621906649204,56.05185042684461,60,26.092492786421605,850,0,0,0.026092492786421607,500,150,59.92338944903586,nan,0,nan,nan,nan,nan,nan,4.3e-05,9e-06,9.9e-06,1.04e-05,4.3e-05,nan,nan,nan,nan,nan,nan,nan,nan,nan,nan,0,05_resultados\revisao_operacional\campanha_v1\j00375.mat,campanha_v1,,,,,15,,,,
j00376,timing,perda_fonte,miope_qp,{},592.6116232891053,592.6116232891053,1,14.754610001373313,14.75461000137331,150,150,150,150,57.9147667951044,56.47501255161039,60,24.32134429297718,1150.0008251042025,0,0,0.02432134429297718,500,150,59.99996967342122,nan,0,nan,nan,nan,nan,nan,0.0012488,0.00060485,0.0007517,0.0009588000000000001,0.0012488,0.0011071,0.00053785,0.0006651000000000001,0.0008527000000000001,0.0011071,nan,nan,nan,nan,nan,0,05_resultados\revisao_operacional\campanha_v1\j00376.mat,campanha_v1,,,,,15,,,,
j00377,timing,perda_fonte,mpc_qp_v5,{},437.4737187059394,437.4737187059394,1,14.645087205152024,14.645087205152024,150,150,150,150,57.22289821969278,55.866080580036154,60,26.77726271670481,1601.1673601272034,0,2.083333333333333,0.02677726271670481,500,150,59.82154630253079,0.014571135331145513,733,0,0,0.0023111790309826574,333283.200808402,4015243775612013.0,0.0212447,0.0264724,0.037588449999999995,0.043708949999999996,0.0639914,0.015444,0.02194885,0.03130025,0.0365895,0.0488104,0.0040621,0.0042951,0.00617125,0.0095313,0.0278931,0,05_resultados\revisao_operacional\campanha_v1\j00377.mat,campanha_v1,,,,,15,,,,
j00378,timing,perda_fonte,mpc_qp_estocastico_3cen,{},350.0143645758827,350.0143645758827,1,14.583343474315322,14.583343474315322,150,150,150,150,49.42130650956915,49.42130650956915,60,50.24879407954599,831.9832684833013,0,0,0.05024879407954599,500,150,56.463298342777655,7.105427357601002e-15,0,0,0,0.003677469255876531,666566.4042708572,8858386386927326.0,0.0453666,0.0511871,0.0754062,0.10531285,0.143834,0.0315982,0.039490700000000004,0.0636996,0.09437514999999999,0.1326049,0.0103691,0.0112494,0.012326549999999999,0.014025,0.0164099,0,05_resultados\revisao_operacional\evento_adiantado_corrigido_v1\j00378.mat,evento_adiantado_corrigido_v1,,,,,15,,,,
j00379,timing,perda_fonte,heuristico,{},592.6122638850534,592.6122638850534,1,14.754610453615202,14.754610453615202,150,150,150,150,57.93978528855198,56.5039066455025,60,24.16369944991276,850,0,0,0.02416369944991276,500,150,60,nan,0,nan,nan,nan,nan,nan,4.92e-05,8.8e-06,1.65e-05,2.59e-05,4.92e-05,nan,nan,nan,nan,nan,nan,nan,nan,nan,nan,0,05_resultados\revisao_operacional\campanha_v1\j00379.mat,campanha_v1,,,,,16,,,,
j00380,timing,perda_fonte,heuristico_foresight,{},491.8528026605064,491.8528026605064,1,14.68347723848693,14.68347723848693,150,150,150,150,57.43188427117043,56.04015452041189,60,26.13415945308827,850,0,0,0.02613415945308827,500,150,59.9338837957775,nan,0,nan,nan,nan,nan,nan,4.75e-05,9.2e-06,1.03e-05,1.56e-05,4.75e-05,nan,nan,nan,nan,nan,nan,nan,nan,nan,nan,0,05_resultados\revisao_operacional\campanha_v1\j00380.mat,campanha_v1,,,,,16,,,,
j00381,timing,perda_fonte,miope_qp,{},592.6116232891053,592.6116232891053,1,14.754610001373313,14.75461000137331,150,150,150,150,57.9147667951044,56.47501255161039,60,24.32134429297718,1150.0008251042025,0,0,0.02432134429297718,500,150,59.99996967342122,nan,0,nan,nan,nan,nan,nan,0.0013023,0.00059955,0.0006797,0.00085805,0.0013023,0.0011535,0.00053385,0.0006087499999999999,0.00076825,0.0011535,nan,nan,nan,nan,nan,0,05_resultados\revisao_operacional\campanha_v1\j00381.mat,campanha_v1,,,,,16,,,,
j00382,timing,perda_fonte,mpc_qp_v5,{},484.9830655412133,484.9830655412133,1,14.67862740622094,14.67862740622094,150,150,150,150,57.090386174122735,55.73620581557084,60,27.380287421047854,1700.890933517403,0,1.5833333333333335,0.027380287421047853,500,150,59.70800223259779,0.014571145862262824,733,0,0,0.0012285100660278658,333283.200808402,4015243775612013.0,0.022249,0.026500549999999998,0.034238,0.041841,0.055462,0.0157353,0.021770949999999997,0.02868965,0.036541649999999995,0.0489881,0.0046003,0.0043856,0.005325,0.0061429499999999995,0.014426,0,05_resultados\revisao_operacional\campanha_v1\j00382.mat,campanha_v1,,,,,16,,,,
j00383,timing,perda_fonte,mpc_qp_estocastico_3cen,{},350.3412526482832,350.3412526482832,1,14.58357424767762,14.583574247677618,150,150,150,150,49.546119105022115,49.546119105022115,60,49.65593425114476,1847.324060942714,0,0.16666666666666669,0.04965593425114476,500,150,56.60562324054058,0.1283920464408368,116,0,0,0.0036775200847500855,666566.4042708572,8858386386927326.0,0.047732,0.05069,0.07706565,0.1072841,0.1426831,0.0319963,0.039261050000000006,0.0654139,0.0952316,0.1310915,0.0110297,0.01107585,0.0119997,0.01274395,0.0293469,0,05_resultados\revisao_operacional\evento_adiantado_corrigido_v1\j00383.mat,evento_adiantado_corrigido_v1,,,,,16,,,,
j00384,timing,perda_fonte,heuristico,{},592.6122638850534,592.6122638850534,1,14.754610453615202,14.754610453615202,150,150,150,150,57.93978528855198,56.5039066455025,60,24.16369944991276,850,0,0,0.02416369944991276,500,150,60,nan,0,nan,nan,nan,nan,nan,5.2e-05,8.3e-06,9.5e-06,1.9e-05,5.2e-05,nan,nan,nan,nan,nan,nan,nan,nan,nan,nan,0,05_resultados\revisao_operacional\campanha_v1\j00384.mat,campanha_v1,,,,,17,,,,
j00385,timing,perda_fonte,heuristico_foresight,{},499.93560712683313,499.93560712683313,1,14.68918346063178,14.68918346063178,150,150,150,150,57.41676974875326,56.027678886883606,60,26.17952982345864,850,0,0,0.02617952982345864,500,150,59.9435986651895,nan,0,nan,nan,nan,nan,nan,4.59e-05,8.9e-06,1.01e-05,1.235e-05,4.59e-05,nan,nan,nan,nan,nan,nan,nan,nan,nan,nan,0,05_resultados\revisao_operacional\campanha_v1\j00385.mat,campanha_v1,,,,,17,,,,
j00386,timing,perda_fonte,miope_qp,{},592.6116232891053,592.6116232891053,1,14.754610001373313,14.75461000137331,150,150,150,150,57.9147667951044,56.47501255161039,60,24.32134429297718,1150.0008251042025,0,0,0.02432134429297718,500,150,59.99996967342122,nan,0,nan,nan,nan,nan,nan,0.0012345,0.0005999499999999999,0.00071955,0.00091445,0.0012345,0.001092,0.00053405,0.00063605,0.0008200499999999999,0.001092,nan,nan,nan,nan,nan,0,05_resultados\revisao_operacional\campanha_v1\j00386.mat,campanha_v1,,,,,17,,,,
j00387,timing,perda_fonte,mpc_qp_v5,{},499.72092009424307,499.72092009424307,1,14.689031897925387,14.689031897925386,150,150,150,150,57.081528418006926,55.729985890805295,60,27.395948740788363,1540.094823941521,0,1.6666666666666667,0.027395948740788365,500,150,59.722983700272195,0.014571146366613164,733,0,0,2.6716406864579767e-12,333283.200808402,4015243775612013.0,0.0231976,0.025902599999999998,0.03530805,0.0430635,0.0602317,0.0160285,0.021475750000000002,0.029512299999999998,0.03746095,0.0472244,0.0048605,0.0044802,0.00536505,0.0064319,0.0125823,0,05_resultados\revisao_operacional\campanha_v1\j00387.mat,campanha_v1,,,,,17,,,,
j00388,timing,perda_fonte,mpc_qp_estocastico_3cen,{},351.90889415389404,351.90889415389404,1,14.584680956458465,14.584680956458465,150,150,150,150,49.587626830867194,49.587626830867194,60,49.45877255338023,2430.453174356465,0,0.25,0.04945877255338023,500,150,56.66445885021865,0.12939660271642595,116,0,0,0.003677535327994974,666566.4042708572,8858386386927326.0,0.0458678,0.05121405,0.0788645,0.1060564,0.1872977,0.0313194,0.03962415,0.0670514,0.09411625,0.1756163,0.0116992,0.011195650000000001,0.0126886,0.01428095,0.0176564,0,05_resultados\revisao_operacional\evento_adiantado_corrigido_v1\j00388.mat,evento_adiantado_corrigido_v1,,,,,17,,,,
j00389,timing,perda_fonte,heuristico,{},592.6122638850534,592.6122638850534,1,14.754610453615202,14.754610453615202,150,150,150,150,57.93978528855198,56.5039066455025,60,24.16369944991276,850,0,0,0.02416369944991276,500,150,60,nan,0,nan,nan,nan,nan,nan,4.17e-05,8.5e-06,1.5700000000000002e-05,2.2499999999999998e-05,5.53e-05,nan,nan,nan,nan,nan,nan,nan,nan,nan,nan,0,05_resultados\revisao_operacional\campanha_v1\j00389.mat,campanha_v1,,,,,18,,,,
j00390,timing,perda_fonte,heuristico_foresight,{},508.0156409068777,508.0156409068777,1,14.694887726753636,14.694887726753636,150,150,150,150,57.40087549924059,56.014423526259826,60,26.228603897532714,850,0,0,0.026228603897532714,500,150,59.9525342193003,nan,0,nan,nan,nan,nan,nan,5.93e-05,9.9e-06,1.94e-05,2.4999999999999998e-05,6.64e-05,nan,nan,nan,nan,nan,nan,nan,nan,nan,nan,0,05_resultados\revisao_operacional\campanha_v1\j00390.mat,campanha_v1,,,,,18,,,,
j00391,timing,perda_fonte,miope_qp,{},592.6116232891053,592.6116232891053,1,14.754610001373313,14.75461000137331,150,150,150,150,57.9147667951044,56.47501255161039,60,24.32134429297718,1150.0008251042025,0,0,0.02432134429297718,500,150,59.99996967342122,nan,0,nan,nan,nan,nan,nan,0.001368,0.0007229,0.0018040999999999999,0.00239845,0.0046273,0.0012051,0.0006330999999999999,0.0015827,0.0021118,0.00438,nan,nan,nan,nan,nan,0,05_resultados\revisao_operacional\campanha_v1\j00391.mat,campanha_v1,,,,,18,,,,
j00392,timing,perda_fonte,mpc_qp_v5,{},503.46478244562246,503.46478244562246,1,14.691674954595369,14.691674954595367,150,150,150,150,57.19299369885834,55.84408953548512,60,26.84007030314643,1540.8459305623096,0,2.083333333333333,0.02684007030314643,500,150,59.859922745367626,0.014571137114323562,733,0,0,2.7284841053187847e-12,333283.200808402,4015243775612013.0,0.0350011,0.028536899999999997,0.04366375,0.052401050000000005,0.2041399,0.0261345,0.0229536,0.035754549999999996,0.042768299999999995,0.0576911,0.0059646,0.00507925,0.0087666,0.015863500000000003,0.1692692,0,05_resultados\revisao_operacional\campanha_v1\j00392.mat,campanha_v1,,,,,18,,,,
j00393,timing,perda_fonte,mpc_qp_estocastico_3cen,{},350.0643766841122,350.0643766841122,1,14.583378781392664,14.583378781392662,150,150,150,150,49.42130662831318,49.42130662831318,60,50.248793515511785,831.9832693133685,0,0,0.050248793515511786,500,150,56.51597363750023,7.105427357601002e-15,0,0,0,0.0036774618047275,666566.4042708572,8858386386927326.0,0.0463161,0.051000000000000004,0.07609795,0.10707944999999999,0.1399961,0.0325707,0.0394456,0.06441865,0.09538425,0.1286285,0.011141,0.0111872,0.012226299999999999,0.0131301,0.0150587,0,05_resultados\revisao_operacional\evento_adiantado_corrigido_v1\j00393.mat,evento_adiantado_corrigido_v1,,,,,18,,,,
j00394,timing,perda_fonte,heuristico,{},592.6122638850534,592.6122638850534,1,14.754610453615202,14.754610453615202,150,150,150,150,57.93978528855198,56.5039066455025,60,24.16369944991276,850,0,0,0.02416369944991276,500,150,60,nan,0,nan,nan,nan,nan,nan,4.18e-05,7.9e-06,1.02e-05,1.29e-05,4.18e-05,nan,nan,nan,nan,nan,nan,nan,nan,nan,nan,0,05_resultados\revisao_operacional\campanha_v1\j00394.mat,campanha_v1,,,,,19,,,,
j00395,timing,perda_fonte,heuristico_foresight,{},516.0911065975146,516.0911065975146,1,14.700588767938768,14.700588767938768,150,150,150,150,57.38420152263242,56.00038843854054,60,26.281381675310495,850,0,0,0.026281381675310495,500,150,59.96069072524963,nan,0,nan,nan,nan,nan,nan,4.4e-05,8.9e-06,1.12e-05,1.6349999999999998e-05,6.56e-05,nan,nan,nan,nan,nan,nan,nan,nan,nan,nan,0,05_resultados\revisao_operacional\campanha_v1\j00395.mat,campanha_v1,,,,,19,,,,
j00396,timing,perda_fonte,miope_qp,{},592.6116232891053,592.6116232891053,1,14.754610001373313,14.75461000137331,150,150,150,150,57.9147667951044,56.47501255161039,60,24.32134429297718,1150.0008251042025,0,0,0.02432134429297718,500,150,59.99996967342122,nan,0,nan,nan,nan,nan,nan,0.001191,0.0005819,0.00070835,0.0009333,0.0012173,0.0010484,0.0005176,0.00062935,0.0008328000000000001,0.0011237,nan,nan,nan,nan,nan,0,05_resultados\revisao_operacional\campanha_v1\j00396.mat,campanha_v1,,,,,19,,,,
j00397,timing,perda_fonte,mpc_qp_v5,{},508.56902389213343,508.56902389213343,1,14.695278398882415,14.695278398882413,150,150,150,150,57.17377193282849,55.82750555428361,60,26.904961135809817,1601.1673308340926,0,1.9166666666666665,0.026904961135809816,500,150,59.86597195419738,0.014571138459061217,733,0,0,1.3642420526593924e-12,333283.200808402,4015243775612013.0,0.0207168,0.02525885,0.03427785,0.04037365,0.0492545,0.0154466,0.02097045,0.0290175,0.0354522,0.0449897,0.0036348,0.00401185,0.0049780499999999995,0.00654425,0.0094223,0,05_resultados\revisao_operacional\campanha_v1\j00397.mat,campanha_v1,,,,,19,,,,
j00398,timing,perda_fonte,mpc_qp_estocastico_3cen,{},350.10614057432934,350.10614057432934,1,14.583408265470418,14.583408265470412,150,150,150,150,49.42130665887633,49.42130665887633,60,50.24879337033697,831.9832693433041,0,0,0.05024879337033697,500,150,56.53352833057245,7.105427357601002e-15,0,0,0,0.00367745931924901,666566.4042708572,8858386386927326.0,0.0460221,0.05115485,0.075724,0.10885965,0.140556,0.0320735,0.039601,0.06411344999999999,0.09633245,0.128926,0.0116246,0.0111869,0.013037449999999999,0.0145722,0.0192451,0,05_resultados\revisao_operacional\evento_adiantado_corrigido_v1\j00398.mat,evento_adiantado_corrigido_v1,,,,,19,,,,
j00399,timing,perda_fonte,heuristico,{},592.6122638850534,592.6122638850534,1,14.754610453615202,14.754610453615202,150,150,150,150,57.93978528855198,56.5039066455025,60,24.16369944991276,850,0,0,0.02416369944991276,500,150,60,nan,0,nan,nan,nan,nan,nan,5.09e-05,8.1e-06,1.065e-05,1.9350000000000003e-05,5.09e-05,nan,nan,nan,nan,nan,nan,nan,nan,nan,nan,0,05_resultados\revisao_operacional\campanha_v1\j00399.mat,campanha_v1,,,,,20,,,,
j00400,timing,perda_fonte,heuristico_foresight,{},524.1590407819784,524.1590407819784,1,14.706284492102133,14.706284492102133,150,150,150,150,57.36674781892868,55.98557362372569,60,26.337863156791975,850,0,0,0.026337863156791975,500,150,59.96806862347644,nan,0,nan,nan,nan,nan,nan,4.59e-05,9e-06,1.15e-05,2.56e-05,5.21e-05,nan,nan,nan,nan,nan,nan,nan,nan,nan,nan,0,05_resultados\revisao_operacional\campanha_v1\j00400.mat,campanha_v1,,,,,20,,,,
j00401,timing,perda_fonte,miope_qp,{},592.6116232891053,592.6116232891053,1,14.754610001373313,14.75461000137331,150,150,150,150,57.9147667951044,56.47501255161039,60,24.32134429297718,1150.0008251042025,0,0,0.02432134429297718,500,150,59.99996967342122,nan,0,nan,nan,nan,nan,nan,0.0015211,0.0006067,0.0007488499999999999,0.00094025,0.0015211,0.0013538,0.00053855,0.00066115,0.00084325,0.0013538,nan,nan,nan,nan,nan,0,05_resultados\revisao_operacional\campanha_v1\j00401.mat,campanha_v1,,,,,20,,,,
j00402,timing,perda_fonte,mpc_qp_v5,{},511.7572078530094,511.7572078530094,1,14.697529162957382,14.697529162957379,150,150,150,150,57.028680121720946,55.685050973523985,60,27.567740234691446,1540.4459161354403,0,1.3333333333333335,0.027567740234691447,500,150,59.74643531559978,0.01457115001023368,733,0,0,9.094947017729282e-13,333283.200808402,4015243775612013.0,0.0212615,0.02640945,0.0378163,0.042406,0.0653965,0.0153648,0.02169315,0.031973299999999996,0.0365865,0.0546701,0.0040015,0.004334650000000001,0.005593600000000001,0.0076025,0.0158133,0,05_resultados\revisao_operacional\campanha_v1\j00402.mat,campanha_v1,,,,,20,,,,
j00403,timing,perda_fonte,mpc_qp_estocastico_3cen,{},352.423873451961,352.423873451961,1,14.585044516691699,14.585044516691697,150,150,150,150,49.540252840361994,49.540252840361994,60,49.68379900827992,1732.4130667249904,0,0.16666666666666669,0.04968379900827992,500,150,56.66969092348346,0.1272342198312728,116,0,0,0.0036775076400203943,666566.4042708572,8858386386927326.0,0.0456145,0.0510956,0.0793269,0.10627125,0.1454499,0.0318057,0.03945535,0.0671374,0.0948754,0.1340231,0.0110099,0.01122875,0.01220895,0.013744200000000002,0.0254123,0,05_resultados\revisao_operacional\evento_adiantado_corrigido_v1\j00403.mat,evento_adiantado_corrigido_v1,,,,,20,,,,
j00404,gate,perda_fonte,mpc_qp_v5,"{""event_arm_horizon"": 8}",350.0328750824433,350.0328750824433,1,14.58335654219494,14.58335654219494,150,150,150,150,57.01735189953635,55.62360657354565,60,28.123370491398237,1787.4692437269052,0,1.5833333333333335,0.028123370491398236,500,150,59.264608779369134,0.014570771835295204,733,0,0,0.002286602079493605,333283.200808402,4015243775612013.0,0.0213417,0.02624215,0.032126749999999996,0.042201050000000004,0.0801714,0.0154838,0.021708199999999997,0.0267516,0.033427,0.075227,0.0042454,0.00431045,0.00548575,0.00812805,0.0330216,0,05_resultados\revisao_operacional\campanha_v1\j00404.mat,campanha_v1,,,,,-10,,,,
j00405,gate,perda_fonte,mpc_qp_v5,"{""event_arm_horizon"": 8}",351.27536089531316,351.27536089531316,1,14.58423370062304,14.584233700623038,150,150,150,150,57.218615093727955,55.82487068524021,60,27.167361131886075,1664.0203022312817,0,1.5833333333333335,0.027167361131886076,500,150,59.46568826234946,0.014570755515457279,733,0,0,0.0005022462151487161,333283.200808402,4015243775612013.0,0.0222645,0.025602,0.03444665,0.0411346,0.0512684,0.015743,0.02125675,0.0293847,0.03622775,0.046559,0.0046393,0.00438455,0.00516225,0.0055847,0.0074667,0,05_resultados\revisao_operacional\campanha_v1\j00405.mat,campanha_v1,,,,,0,,,,
j00406,gate,perda_fonte,mpc_qp_v5,"{""event_arm_horizon"": 8}",573.9361432224582,573.9361432224582,1,14.741425661927908,14.741425661927904,150,150,150,150,57.22682791935436,55.85682094917506,60,26.890663492361913,1937.4208879728662,0,1.5,0.026890663492361914,500,150,59.675045825302114,0.014571136081983127,733,0,0,0.0013349615888955668,333283.200808402,4015243775612013.0,0.0208583,0.0249896,0.02962785,0.037265049999999994,0.0988695,0.0152231,0.020789500000000002,0.0249798,0.03249555,0.0945289,0.0037793,0.0039538,0.00469125,0.0052151,0.0065637,0,05_resultados\revisao_operacional\campanha_v1\j00406.mat,campanha_v1,,,,,10,,,,
j00407,magnitude,perda_fonte,heuristico,{},592.6122638850534,592.6122638850534,1,14.754610453615202,14.754610453615202,150,150,150,150,57.93978528855198,56.5039066455025,60,24.16369944991276,850,0,0,0.02416369944991276,500,150,60,nan,0,nan,nan,nan,nan,nan,3.96e-05,7.9e-06,1.04e-05,1.78e-05,3.96e-05,nan,nan,nan,nan,nan,nan,nan,nan,nan,nan,0,05_resultados\revisao_operacional\campanha_v1\j00407.mat,campanha_v1,,,,,,0.8,,,
j00408,magnitude,perda_fonte,heuristico_foresight,{},362.4661767623983,362.4661767623983,1,14.59213408735375,14.59213408735375,150,150,150,150,57.54164304310025,56.110329959008375,60,26.00915945308827,850,0,0,0.02600915945308827,500,150,59.672412178472214,nan,0,nan,nan,nan,nan,nan,4.27e-05,8.8e-06,1.1e-05,1.47e-05,4.27e-05,nan,nan,nan,nan,nan,nan,nan,nan,nan,nan,0,05_resultados\revisao_operacional\campanha_v1\j00408.mat,campanha_v1,,,,,,0.8,,,
j00409,magnitude,perda_fonte,miope_qp,{},592.6116232891053,592.6116232891053,1,14.754610001373313,14.75461000137331,150,150,150,150,57.9147667951044,56.47501255161039,60,24.32134429297718,1150.0008251042025,0,0,0.02432134429297718,500,150,59.99996967342122,nan,0,nan,nan,nan,nan,nan,0.0012117,0.0005814500000000001,0.00069315,0.0009074,0.0012457,0.0010772,0.0005173,0.0006158,0.00080935,0.0011733,nan,nan,nan,nan,nan,0,05_resultados\revisao_operacional\campanha_v1\j00409.mat,campanha_v1,,,,,,0.8,,,
j00410,magnitude,perda_fonte,mpc_qp_v5,{},350.0284008865277,350.0284008865277,1,14.588411382289273,14.58335338353518,150,150,150,150,57.04279545853822,55.64734957063903,60.06625344895481,28.682947826495624,1832.4301556731048,0,0.33333333333333337,0.028682947826495626,500,150,59.28830223744733,0.11692923455369453,852,0,0,1.4925139225852035e-05,333283.200808402,4015243775612013.0,0.0198745,0.02113745,0.03445465,0.04031815,0.1030511,0.0141596,0.01692585,0.0295594,0.0355783,0.0978636,0.0038315,0.00406145,0.0048999000000000004,0.00538615,0.0058402,0,05_resultados\revisao_operacional\campanha_v1\j00410.mat,campanha_v1,,,,,,0.8,,,
j00411,magnitude,perda_fonte,mpc_qp_estocastico_3cen,{},350.00089353422436,350.00089353422436,1,14.588264391993922,14.583333964181879,150,150,150,150,56.81437009644379,55.41899813894281,60.04823609007993,29.58681736043249,1544.1531549935337,0,0.08333333333333334,0.02958681736043249,500,150,59.059968216335584,0.1169899275556574,852,0,0,0.08704435984344627,666566.4016168036,8030487551224027.0,0.0413031,0.0441061,0.06934989999999999,0.10129075,0.2847659,0.0260244,0.0329255,0.05748025,0.09002379999999999,0.2738529,0.0110565,0.010957399999999999,0.012027699999999999,0.01384525,0.0246364,0,05_resultados\revisao_operacional\evento_adiantado_corrigido_v1\j00411.mat,evento_adiantado_corrigido_v1,,,,,,0.8,,,
j00412,magnitude,perda_fonte,heuristico,{},592.6122638850534,592.6122638850534,1,14.754610453615202,14.754610453615202,150,150,150,150,57.93978528855198,56.5039066455025,60,24.16369944991276,850,0,0,0.02416369944991276,500,150,60,nan,0,nan,nan,nan,nan,nan,3.92e-05,7.9e-06,1.01e-05,1.465e-05,4.25e-05,nan,nan,nan,nan,nan,nan,nan,nan,nan,nan,0,05_resultados\revisao_operacional\campanha_v1\j00412.mat,campanha_v1,,,,,,0.9,,,
j00413,magnitude,perda_fonte,heuristico_foresight,{},362.4661767623983,362.4661767623983,1,14.59213408735375,14.59213408735375,150,150,150,150,57.54164304310025,56.110329959008375,60,26.00915945308827,850,0,0,0.02600915945308827,500,150,59.672412178472214,nan,0,nan,nan,nan,nan,nan,4.32e-05,8.7e-06,1.1e-05,1.27e-05,5.1e-05,nan,nan,nan,nan,nan,nan,nan,nan,nan,nan,0,05_resultados\revisao_operacional\campanha_v1\j00413.mat,campanha_v1,,,,,,0.9,,,
j00414,magnitude,perda_fonte,miope_qp,{},592.6116232891053,592.6116232891053,1,14.754610001373313,14.75461000137331,150,150,150,150,57.9147667951044,56.47501255161039,60,24.32134429297718,1150.0008251042025,0,0,0.02432134429297718,500,150,59.99996967342122,nan,0,nan,nan,nan,nan,nan,0.0011943,0.00057515,0.00068455,0.00085765,0.0012452,0.0010567,0.00051185,0.00061085,0.0007822,0.0011744,nan,nan,nan,nan,nan,0,05_resultados\revisao_operacional\campanha_v1\j00414.mat,campanha_v1,,,,,,0.9,,,
j00415,magnitude,perda_fonte,mpc_qp_v5,{},350.1800440329546,350.1800440329546,1,14.586946204783946,14.58346043913635,150,150,150,150,57.104657913256766,55.709612878131836,60.03246902471363,28.046798590151166,1834.6681795105892,0,1.3333333333333335,0.028046798590151165,500,150,59.350568120329456,0.117042825874627,853,0,0,0.0005022523047841787,333283.200808402,4015243775612013.0,0.0191648,0.020930749999999998,0.030602650000000002,0.03984745,0.1150049,0.0135831,0.0167654,0.0262856,0.03555295,0.1106545,0.0039315,0.003922800000000001,0.0046019500000000005,0.004938100000000001,0.0053033,0,05_resultados\revisao_operacional\campanha_v1\j00415.mat,campanha_v1,,,,,,0.9,,,
j00416,magnitude,perda_fonte,mpc_qp_estocastico_3cen,{},350.0002619216094,350.0002619216094,1,14.583333518253776,14.583333518253772,150,150,150,150,54.827580592308166,54.827580592308166,60,24.568992186535688,1894.0802889208658,0,0.16666666666666669,0.024568992186535688,500,150,58.78873063162259,0.1238852124396459,58,0,0,0.048880821517400364,666566.4042708572,8858386386927326.0,0.0493418,0.051666550000000006,0.060794,0.1055705,0.1734669,0.0345625,0.04028845,0.048905050000000005,0.09412525,0.1617603,0.0122204,0.01121015,0.01220585,0.0135835,0.0151283,0,05_resultados\revisao_operacional\evento_adiantado_corrigido_v1\j00416.mat,evento_adiantado_corrigido_v1,,,,,,0.9,,,
j00417,magnitude,perda_fonte,heuristico,{},592.6122638850534,592.6122638850534,1,14.754610453615202,14.754610453615202,150,150,150,150,57.93978528855198,56.5039066455025,60,24.16369944991276,850,0,0,0.02416369944991276,500,150,60,nan,0,nan,nan,nan,nan,nan,4.27e-05,8e-06,9.149999999999999e-06,1.565e-05,4.27e-05,nan,nan,nan,nan,nan,nan,nan,nan,nan,nan,0,05_resultados\revisao_operacional\campanha_v1\j00417.mat,campanha_v1,,,,,,1,,,
j00418,magnitude,perda_fonte,heuristico_foresight,{},362.4661767623983,362.4661767623983,1,14.59213408735375,14.59213408735375,150,150,150,150,57.54164304310025,56.110329959008375,60,26.00915945308827,850,0,0,0.02600915945308827,500,150,59.672412178472214,nan,0,nan,nan,nan,nan,nan,4.67e-05,8.9e-06,1.23e-05,2.17e-05,0.0001063,nan,nan,nan,nan,nan,nan,nan,nan,nan,nan,0,05_resultados\revisao_operacional\campanha_v1\j00418.mat,campanha_v1,,,,,,1,,,
j00419,magnitude,perda_fonte,miope_qp,{},592.6116232891053,592.6116232891053,1,14.754610001373313,14.75461000137331,150,150,150,150,57.9147667951044,56.47501255161039,60,24.32134429297718,1150.0008251042025,0,0,0.02432134429297718,500,150,59.99996967342122,nan,0,nan,nan,nan,nan,nan,0.0012088,0.00063995,0.0008761,0.00110005,0.0012653,0.0010639,0.0005660999999999999,0.0007713500000000001,0.00097595,0.0011589,nan,nan,nan,nan,nan,0,05_resultados\revisao_operacional\campanha_v1\j00419.mat,campanha_v1,,,,,,1,,,
j00420,magnitude,perda_fonte,mpc_qp_v5,{},350.0673643906158,350.0673643906158,1,14.583380890632919,14.583380890632919,150,150,150,150,57.09765980475696,55.703914844740474,60,27.741904277043087,1655.8768161818073,0,1.5833333333333335,0.027741904277043088,500,150,59.3449119390287,0.014570765323362878,733,0,0,0.003397654078071355,333283.200808402,4015243775612013.0,0.0220029,0.0267838,0.03554065,0.04290295,0.056606,0.0154797,0.02188285,0.0302119,0.0371725,0.050967,0.004896,0.00453665,0.00518365,0.00553915,0.0067357,0,05_resultados\revisao_operacional\campanha_v1\j00420.mat,campanha_v1,,,,,,1,,,
j00421,magnitude,perda_fonte,mpc_qp_estocastico_3cen,{},350.0000079452134,350.0000079452134,1,14.58333333895582,14.583333338955818,150,150,150,150,49.403721718446974,49.403721718446974,60,50.33232183737638,831.9827192014416,0,0,0.050332321837376376,500,150,56.199886737852154,7.105427357601002e-15,0,0,0,5.684341886080801e-13,666566.4042708572,8858386386927326.0,0.0445117,0.05115565,0.0632679,0.10762645,0.1139511,0.03144,0.039544499999999996,0.051926150000000004,0.09523000000000001,0.1026785,0.0105355,0.01119905,0.0120902,0.012720849999999999,0.014145,0,05_resultados\revisao_operacional\evento_adiantado_corrigido_v1\j00421.mat,evento_adiantado_corrigido_v1,,,,,,1,,,
j00422,magnitude,perda_fonte,heuristico,{},592.6122638850534,592.6122638850534,1,14.754610453615202,14.754610453615202,150,150,150,150,57.93978528855198,56.5039066455025,60,24.16369944991276,850,0,0,0.02416369944991276,500,150,60,nan,0,nan,nan,nan,nan,nan,5.62e-05,8.1e-06,1.02e-05,1.38e-05,5.62e-05,nan,nan,nan,nan,nan,nan,nan,nan,nan,nan,0,05_resultados\revisao_operacional\campanha_v1\j00422.mat,campanha_v1,,,,,,1.1,,,
j00423,magnitude,perda_fonte,heuristico_foresight,{},487.95479043929083,487.95479043929083,1,14.680725356544183,14.680725356544183,150,150,150,150,54.93646417263519,54.93646417263519,60,24.051795179982392,774.9999999999999,0,0,0.02405179517998239,500,150,59.262630780669895,nan,0,nan,nan,nan,nan,nan,4.48e-05,8.4e-06,1.14e-05,1.325e-05,4.84e-05,nan,nan,nan,nan,nan,nan,nan,nan,nan,nan,0,05_resultados\revisao_operacional\campanha_v1\j00423.mat,campanha_v1,,,,,,1.1,,,
j00424,magnitude,perda_fonte,miope_qp,{},592.6116232891053,592.6116232891053,1,14.754610001373313,14.75461000137331,150,150,150,150,57.9147667951044,56.47501255161039,60,24.32134429297718,1150.0008251042025,0,0,0.02432134429297718,500,150,59.99996967342122,nan,0,nan,nan,nan,nan,nan,0.0012089,0.0005961,0.0007739,0.0009089,0.0012089,0.0010694,0.0005296,0.00067375,0.00081025,0.0010694,nan,nan,nan,nan,nan,0,05_resultados\revisao_operacional\campanha_v1\j00424.mat,campanha_v1,,,,,,1.1,,,
j00425,magnitude,perda_fonte,mpc_qp_v5,{},350.6326973947424,350.6326973947424,1,14.583779999091119,14.583779999091117,150,150,150,150,53.609668280486474,53.609668280486474,60,30.354075667688804,1494.3720215465373,0,2.166666666666667,0.030354075667688805,500,150,58.764050821227436,7.105427357601002e-15,0,0,0,0.001690126710570894,333283.2021354289,4843142611315303.0,0.0247373,0.028607399999999998,0.0389861,0.047517000000000004,0.1032333,0.0183468,0.02384555,0.034168699999999996,0.042814950000000004,0.0987251,0.0044602,0.00449745,0.0052534,0.005711900000000001,0.0064836,0,05_resultados\revisao_operacional\campanha_v1\j00425.mat,campanha_v1,,,,,,1.1,,,
j00426,magnitude,perda_fonte,mpc_qp_estocastico_3cen,{},350.000637300668,350.000637300668,1,14.58333378327418,14.58333378327418,150,150,150,150,44.04268518508106,44.04268518508106,60,75.79724537086572,3552.9107630979997,0,0.5,0.07579724537086573,500,150,53.88407144089551,7.105427357601002e-15,0,0,0,0.006983822313486598,666566.4042708572,9686285222630616.0,0.0484365,0.0625265,0.07279125,0.10809215,0.1657471,0.0336084,0.05110005,0.059421,0.0969305,0.1540073,0.0120274,0.0111538,0.01207835,0.01265785,0.0159017,0,05_resultados\revisao_operacional\evento_adiantado_corrigido_v1\j00426.mat,evento_adiantado_corrigido_v1,,,,,,1.1,,,
j00427,magnitude,perda_fonte,heuristico,{},592.6122638850534,592.6122638850534,1,14.754610453615202,14.754610453615202,150,150,150,150,57.93978528855198,56.5039066455025,60,24.16369944991276,850,0,0,0.02416369944991276,500,150,60,nan,0,nan,nan,nan,nan,nan,4.33e-05,8e-06,1.01e-05,1.6049999999999997e-05,4.33e-05,nan,nan,nan,nan,nan,nan,nan,nan,nan,nan,0,05_resultados\revisao_operacional\campanha_v1\j00427.mat,campanha_v1,,,,,,1.2,,,
j00428,magnitude,perda_fonte,heuristico_foresight,{},460.36383235143273,460.36383235143273,1,14.661246951902019,14.661246951902017,150,150,150,150,50.3423479186111,50.3423479186111,60,45.8738473865962,700,0,0,0.0458738473865962,500,150,57.07813500620854,nan,0,nan,nan,nan,nan,nan,4.3e-05,8.7e-06,1.13e-05,1.595e-05,6.57e-05,nan,nan,nan,nan,nan,nan,nan,nan,nan,nan,0,05_resultados\revisao_operacional\campanha_v1\j00428.mat,campanha_v1,,,,,,1.2,,,
j00429,magnitude,perda_fonte,miope_qp,{},592.6116232891053,592.6116232891053,1,14.754610001373313,14.75461000137331,150,150,150,150,57.9147667951044,56.47501255161039,60,24.32134429297718,1150.0008251042025,0,0,0.02432134429297718,500,150,59.99996967342122,nan,0,nan,nan,nan,nan,nan,0.0012208,0.0006058000000000001,0.0007781999999999999,0.00094175,0.0017191,0.0010803,0.00053695,0.00068105,0.0008359999999999999,0.0016152,nan,nan,nan,nan,nan,0,05_resultados\revisao_operacional\campanha_v1\j00429.mat,campanha_v1,,,,,,1.2,,,
j00430,magnitude,perda_fonte,mpc_qp_v5,{},350.2750827287754,350.2750827287754,1,14.583527533657662,14.583527533657662,150,150,150,150,49.03059249523611,49.03059249523611,60,52.1046856476277,1687.187204618633,0,2.75,0.0521046856476277,500,150,56.45434066099979,7.105427357601002e-15,0,0,0,0.10267787559291719,333283.2021354289,4843142611315303.0,0.0249966,0.029317250000000003,0.03596085,0.042992550000000004,0.0545009,0.0178097,0.02486325,0.0313335,0.03735335,0.0425194,0.0052309,0.0041756,0.0050849,0.0057601,0.0162973,0,05_resultados\revisao_operacional\campanha_v1\j00430.mat,campanha_v1,,,,,,1.2,,,
j00431,magnitude,perda_fonte,mpc_qp_estocastico_3cen,{},350.00011189080976,350.00011189080976,1,14.583333412334355,14.583333412334355,150,150,150,150,38.93503601601517,38.93503601601517,60,100.05857892392756,3830.4248048152213,0,0.5833333333333334,0.10005857892392755,500,150,51.54769786138625,7.105427357601002e-15,0,0,0,5.1727511163335294e-11,666566.4042708572,9686285222630616.0,0.0505563,0.0559115,0.073655,0.1170486,0.2030016,0.0367843,0.044188500000000006,0.061885300000000004,0.1037034,0.1914915,0.01121,0.0113186,0.01282185,0.01364615,0.0152255,0,05_resultados\revisao_operacional\evento_adiantado_corrigido_v1\j00431.mat,evento_adiantado_corrigido_v1,,,,,,1.2,,,
j00432,alarm,perda_fonte,heuristico,{},0,0,1,0,0,0,0,0,0,60,60,60,0,0,0,0,0,,,,nan,0,nan,nan,nan,nan,nan,4.17e-05,8e-06,9.250000000000001e-06,1.7e-05,4.17e-05,nan,nan,nan,nan,nan,nan,nan,nan,nan,nan,0,05_resultados\revisao_operacional\campanha_v1\j00432.mat,campanha_v1,,,,,,,false_alarm,,
j00433,alarm,perda_fonte,heuristico_foresight,{},5.684341886080802e-14,0,1,2.881645539471517e-16,0,0,0,0,0,57.56767374485464,56.13372177187387,60,25.911937230866048,850,0,0,0.025911937230866048,,,,nan,0,nan,nan,nan,nan,nan,4.94e-05,9.3e-06,1.07e-05,1.7749999999999998e-05,4.94e-05,nan,nan,nan,nan,nan,nan,nan,nan,nan,nan,0,05_resultados\revisao_operacional\campanha_v1\j00433.mat,campanha_v1,,,,,,,false_alarm,,
j00434,alarm,perda_fonte,miope_qp,{},5.6827806349524224e-14,0,1,4.505155863286724e-15,0,0,0,0,0,59.999926440488764,59.999926440488764,60,0.00034940767869469114,0.0010563485788850357,0,0,3.4940767869469116e-07,,,,nan,0,nan,nan,nan,nan,nan,0.0013286,0.00061305,0.0007441500000000001,0.00094465,0.0013286,0.0011775,0.0005453,0.0006605000000000001,0.00087235,0.0011775,nan,nan,nan,nan,nan,0,05_resultados\revisao_operacional\campanha_v1\j00434.mat,campanha_v1,,,,,,,false_alarm,,
j00435,alarm,perda_fonte,mpc_qp_v5,{},5.684341886080802e-14,0,1,4.1763033777397185e-15,0,0,0,0,0,57.12371877021349,55.72733263142534,60,27.644570731192864,1655.8768149849989,0,1.5833333333333335,0.027644570731192863,,,,0.014571146581765504,733,0,0,0.003397654078071355,333283.200808402,4015243775612013.0,0.0226349,0.02566925,0.0317322,0.038843550000000004,0.0592904,0.0157224,0.02132055,0.02676945,0.03391835,0.0398792,0.0046953,0.0041408,0.0050576,0.005919300000000001,0.0380513,0,05_resultados\revisao_operacional\campanha_v1\j00435.mat,campanha_v1,,,,,,,false_alarm,,
j00436,alarm,perda_fonte,mpc_qp_estocastico_3cen,{},5.684341886080802e-14,0,1,3.868510450249434e-15,0,0,0,0,0,49.42130581606533,49.42130581606533,60,50.24879737368953,831.9832643549931,0,0,0.05024879737368953,,,,7.105427357601002e-15,0,0,0,0.003677506648898543,666566.4042708572,8858386386927326.0,0.0462355,0.0516709,0.08376755,0.10778455,0.1420473,0.0321301,0.039898699999999995,0.0718695,0.0959801,0.1307606,0.0116035,0.01134105,0.0129045,0.0142582,0.020224,0,05_resultados\revisao_operacional\evento_adiantado_corrigido_v1\j00436.mat,evento_adiantado_corrigido_v1,,,,,,,false_alarm,,
j00437,alarm,perda_fonte,heuristico,{},592.6122638850534,592.6122638850534,1,14.754610453615202,14.754610453615202,150,150,150,150,57.93978528855198,56.5039066455025,60,24.16369944991276,850,0,0,0.02416369944991276,500,150,60,nan,0,nan,nan,nan,nan,nan,4.05e-05,8e-06,1.08e-05,1.585e-05,4.05e-05,nan,nan,nan,nan,nan,nan,nan,nan,nan,nan,0,05_resultados\revisao_operacional\campanha_v1\j00437.mat,campanha_v1,,,,,,,missed_event,,
j00438,alarm,perda_fonte,heuristico_foresight,{},592.6122638850534,592.6122638850534,1,14.754610453615202,14.754610453615202,150,150,150,150,57.90343641541995,56.47212333132807,60,24.29064093456975,850,0,0,0.02429064093456975,500,150,60,nan,0,nan,nan,nan,nan,nan,4.58e-05,9e-06,1.02e-05,1.6899999999999997e-05,4.58e-05,nan,nan,nan,nan,nan,nan,nan,nan,nan,nan,0,05_resultados\revisao_operacional\campanha_v1\j00438.mat,campanha_v1,,,,,,,missed_event,,
j00439,alarm,perda_fonte,miope_qp,{},592.6116232891053,592.6116232891053,1,14.754610001373313,14.75461000137331,150,150,150,150,57.9147667951044,56.47501255161039,60,24.32134429297718,1150.0008251042025,0,0,0.02432134429297718,500,150,59.99996967342122,nan,0,nan,nan,nan,nan,nan,0.0012217,0.0006189500000000001,0.00071225,0.00088675,0.0012763,0.0010808,0.00055015,0.0006317,0.00079705,0.0011074,nan,nan,nan,nan,nan,0,05_resultados\revisao_operacional\campanha_v1\j00439.mat,campanha_v1,,,,,,,missed_event,,
j00440,alarm,perda_fonte,mpc_qp_v5,{},592.5550999449755,592.5550999449755,1,14.754570097568552,14.75457009756855,150,150,150,150,57.78700252120034,56.39326070956563,60,24.467494848693256,849.9980521681392,0,0,0.024467494848693257,500,150,59.9982180948641,0.014570709426585893,733,0,0,3.410605131648481e-13,333283.200808402,4015243775612013.0,0.0224745,0.025043700000000002,0.0314804,0.032247899999999996,0.0379224,0.0155838,0.02052735,0.026468,0.0273145,0.0321291,0.0046985,0.0043815,0.005013999999999999,0.0053939999999999995,0.0081076,0,05_resultados\revisao_operacional\campanha_v1\j00440.mat,campanha_v1,,,,,,,missed_event,,
j00441,alarm,perda_fonte,mpc_qp_estocastico_3cen,{},532.1356226723442,532.1356226723442,1,14.711915724238894,14.711915724238889,150,150,150,150,50.22180863567349,50.22180863567349,60,46.44640898055122,831.9826806281378,0,0,0.04644640898055122,500,150,56.99090378825492,7.105427357601002e-15,0,0,0,5.684341886080801e-13,666566.4042708572,8858386386927326.0,0.0498557,0.056084049999999996,0.061187950000000005,0.06436205,0.0748139,0.0340507,0.042664549999999996,0.046734899999999996,0.04940345,0.0590604,0.0125534,0.0129999,0.014439150000000001,0.01568015,0.0179244,0,05_resultados\revisao_operacional\campanha_v1\j00441.mat,campanha_v1,,,,,,,missed_event,,
j00442,detection,perda_fonte,heuristico,{},750,750,1,14.86572156472631,14.86572156472631,150,150,150,150,57.93714639966309,56.5039066455025,60,24.149810561023866,850,0,0,0.024149810561023867,500,150,60,nan,0,nan,nan,nan,nan,nan,4.68e-05,9.3e-06,1.12e-05,1.585e-05,7.26e-05,nan,nan,nan,nan,nan,nan,nan,nan,nan,nan,0,05_resultados\revisao_operacional\campanha_v1\j00442.mat,campanha_v1,,,,,,,detection_delay,1,
j00443,detection,perda_fonte,heuristico_foresight,{},750,750,1,14.86572156472631,14.86572156472631,150,150,150,150,57.90079752653106,56.47212333132807,60,24.276752045680862,850,0,0,0.02427675204568086,500,150,60,nan,0,nan,nan,nan,nan,nan,6.25e-05,1.05e-05,1.855e-05,2.15e-05,6.25e-05,nan,nan,nan,nan,nan,nan,nan,nan,nan,nan,0,05_resultados\revisao_operacional\campanha_v1\j00443.mat,campanha_v1,,,,,,,detection_delay,1,
j00444,detection,perda_fonte,miope_qp,{},749.9989438359523,749.9989438359523,1,14.865720819105576,14.865720819105574,150,150,150,150,57.912127887982145,56.475012489846435,60,24.307455926575454,1150.0008250895448,0,0,0.024307455926575454,500,150,59.99996967342122,nan,0,nan,nan,nan,nan,nan,0.0012259,0.00062,0.0007251,0.00087595,0.0012259,0.0010814,0.00054985,0.0006451499999999999,0.0007814,0.0010814,nan,nan,nan,nan,nan,0,05_resultados\revisao_operacional\campanha_v1\j00444.mat,campanha_v1,,,,,,,detection_delay,1,
j00445,detection,perda_fonte,mpc_qp_v5,{},749.9056884898165,749.9056884898165,1,14.865654983588017,14.865654983588014,150,150,150,150,57.784388551619166,56.39328116652584,60,24.453532275282985,849.9980515727766,0,0,0.024453532275282984,500,150,59.9982180948641,0.014571092582187362,733,0,0,2.2737367544323206e-13,333283.200808402,4015243775612013.0,0.0220933,0.025319349999999997,0.03088775,0.031894000000000006,0.0565387,0.0157848,0.020667249999999998,0.02599995,0.02689415,0.0385674,0.0046157,0.0043583,0.004990349999999999,0.0055534,0.0222984,0,05_resultados\revisao_operacional\campanha_v1\j00445.mat,campanha_v1,,,,,,,detection_delay,1,
j00446,detection,perda_fonte,mpc_qp_estocastico_3cen,{},650.290875259335,650.290875259335,1,14.795329856258535,14.795329856258533,150,150,150,150,50.221831866235824,50.221831866235824,60,46.44629863538011,831.9832271250963,0,0,0.04644629863538011,500,150,56.99090378825492,7.105427357601002e-15,0,0,0,5.684341886080801e-13,666566.4042708572,8858386386927326.0,0.0499391,0.0548248,0.0580522,0.05995425,0.0673314,0.0343831,0.04210145,0.044855950000000006,0.0456552,0.0554255,0.0123014,0.0121921,0.014418199999999999,0.0149531,0.0205934,0,05_resultados\revisao_operacional\campanha_v1\j00446.mat,campanha_v1,,,,,,,detection_delay,1,
j00447,detection,perda_fonte,heuristico,{},750,750,1,15.310166009170755,15.310166009170755,150,150,150,150,57.92659084410754,56.5039066455025,60,24.09425500546831,850,0,0,0.02409425500546831,500,150,60,nan,0,nan,nan,nan,nan,nan,4.36e-05,9.3e-06,1.1e-05,1.325e-05,4.36e-05,nan,nan,nan,nan,nan,nan,nan,nan,nan,nan,0,05_resultados\revisao_operacional\campanha_v1\j00447.mat,campanha_v1,,,,,,,detection_delay,5,
j00448,detection,perda_fonte,heuristico_foresight,{},750,750,1,15.310166009170755,15.310166009170755,150,150,150,150,57.8902419709755,56.47212333132807,60,24.221196490125305,850,0,0,0.024221196490125305,500,150,60,nan,0,nan,nan,nan,nan,nan,4.65e-05,1.03e-05,1.28e-05,1.585e-05,5.28e-05,nan,nan,nan,nan,nan,nan,nan,nan,nan,nan,0,05_resultados\revisao_operacional\campanha_v1\j00448.mat,campanha_v1,,,,,,,detection_delay,5,
j00449,detection,perda_fonte,miope_qp,{},749.9989438359523,749.9989438359523,1,14.999053272303806,14.999053272303806,150,150,150,150,57.836075255710156,56.40951522853143,60,24.563013333837702,1150.00082466043,0,0,0.024563013333837702,500,150,59.99996967342122,nan,0,nan,nan,nan,nan,nan,0.0012811,0.0006175,0.0007311500000000001,0.0009778,0.0012811,0.0011374,0.000548,0.0006490000000000001,0.0008794,0.0011374,nan,nan,nan,nan,nan,0,05_resultados\revisao_operacional\campanha_v1\j00449.mat,campanha_v1,,,,,,,detection_delay,5,
j00450,detection,perda_fonte,mpc_qp_v5,{},749.9056884898165,749.9056884898165,1,15.309506371827379,15.309506371827379,150,150,150,150,57.77371228472964,56.3931563126105,60,24.398591578885544,849.9980492049219,0,0,0.024398591578885544,500,150,59.9982180948641,0.014571092592312596,733,0,0,3.410605131648481e-13,333283.200808402,4015243775612013.0,0.0224481,0.02498625,0.03151945,0.03424755,0.0441721,0.0157386,0.02048995,0.026406850000000003,0.0284233,0.0343241,0.0045156,0.0043521,0.0050442,0.0057734,0.0092933,0,05_resultados\revisao_operacional\campanha_v1\j00450.mat,campanha_v1,,,,,,,detection_delay,5,
j00451,detection,perda_fonte,mpc_qp_estocastico_3cen,{},650.290875259335,650.290875259335,1,15.128951802361714,15.128951802361712,150,150,150,150,50.221824586947314,50.221824586947314,60,46.44633321200063,832.0097806131671,0,0,0.04644633321200063,500,150,56.99090378825492,7.105427357601002e-15,0,0,0,5.684341886080801e-13,666566.4042708572,8858386386927326.0,0.0486782,0.05521005,0.059036000000000005,0.06552275,0.0825189,0.0337407,0.042479649999999994,0.0453452,0.0492191,0.0575859,0.0120743,0.012264899999999999,0.01421005,0.01753015,0.0424721,0,05_resultados\revisao_operacional\campanha_v1\j00451.mat,campanha_v1,,,,,,,detection_delay,5,
j00452,detection,perda_fonte,heuristico,{},750,750,1,15.86572156472631,15.86572156472631,150,150,150,150,57.91339639966309,56.5039066455025,60,24.02481056102387,850,0,0,0.02402481056102387,500,150,60,nan,0,nan,nan,nan,nan,nan,4.68e-05,9.3e-06,1.18e-05,1.555e-05,7.81e-05,nan,nan,nan,nan,nan,nan,nan,nan,nan,nan,0,05_resultados\revisao_operacional\campanha_v1\j00452.mat,campanha_v1,,,,,,,detection_delay,10,
j00453,detection,perda_fonte,heuristico_foresight,{},750,750,1,15.86572156472631,15.86572156472631,150,150,150,150,57.87704752653106,56.47212333132807,60,24.151752045680862,850,0,0,0.02415175204568086,500,150,60,nan,0,nan,nan,nan,nan,nan,5.13e-05,1.02e-05,1.21e-05,2.3e-05,5.13e-05,nan,nan,nan,nan,nan,nan,nan,nan,nan,nan,0,05_resultados\revisao_operacional\campanha_v1\j00453.mat,campanha_v1,,,,,,,detection_delay,10,
j00454,detection,perda_fonte,miope_qp,{},749.9989438359523,749.9989438359523,1,14.99905327230508,14.99905327230508,150,150,150,150,57.70592198300673,56.29255616420422,60,25.049125687411642,1150.000823928201,0,0,0.025049125687411643,500,150,59.99996967342122,nan,0,nan,nan,nan,nan,nan,0.0014249,0.00059545,0.00072685,0.0008667,0.0014249,0.0012591,0.0005282500000000001,0.0006431,0.0007773999999999999,0.0012591,nan,nan,nan,nan,nan,0,05_resultados\revisao_operacional\campanha_v1\j00454.mat,campanha_v1,,,,,,,detection_delay,10,
j00455,detection,perda_fonte,mpc_qp_v5,{},749.9056884898165,749.9056884898165,1,15.863236601854947,15.863236601854945,150,150,150,150,57.760138740061095,56.39277203362123,60,24.330999716298546,849.9980462628778,0,0,0.024330999716298547,500,150,59.9982180948641,0.014571092623462789,733,0,0,2.2737367544323206e-13,333283.200808402,4015243775612013.0,0.0224093,0.0245288,0.029562199999999997,0.0317528,0.0354453,0.0157944,0.0201245,0.0246134,0.0266914,0.0286706,0.0045474,0.0040558999999999994,0.004748199999999999,0.00515695,0.0075974,0,05_resultados\revisao_operacional\campanha_v1\j00455.mat,campanha_v1,,,,,,,detection_delay,10,
j00456,detection,perda_fonte,mpc_qp_estocastico_3cen,{},650.290875259335,650.290875259335,1,15.54598917039781,15.545989170397807,150,150,150,150,50.22181757949118,50.22181757949118,60,46.44636649741705,832.0111665739098,0,0,0.046446366497417055,500,150,56.99090378825492,7.105427357601002e-15,0,0,0,5.684341886080801e-13,666566.4042708572,8858386386927326.0,0.0507379,0.05555325,0.06175795,0.0696173,0.0888862,0.0352199,0.042540850000000005,0.0468371,0.052918049999999994,0.0631108,0.0118236,0.01252115,0.0149932,0.017547899999999998,0.0344839,0,05_resultados\revisao_operacional\campanha_v1\j00456.mat,campanha_v1,,,,,,,detection_delay,10,
j00457,plant_sensitivity,perda_fonte,heuristico,"{""SOC_initial"": 30, ""tau_b"": 1}",515.545748527149,515.545748527149,1,14.656080421691998,14.656080421691998,150,150,150,37,29.26129789374743,27.81705737971979,31.317908672579087,31.1666709390115,950,0,0,0.0311666709390115,500,150,31.317908672579087,nan,0,nan,nan,nan,nan,nan,4.8e-05,8.2e-06,9.35e-06,1.07e-05,4.8e-05,nan,nan,nan,nan,nan,nan,nan,nan,nan,nan,0,05_resultados\revisao_operacional\campanha_v1\j00457.mat,campanha_v1,,,,,,,,,
j00458,plant_sensitivity,perda_fonte,heuristico_foresight,"{""SOC_initial"": 30, ""tau_b"": 1}",352.85463020931036,352.85463020931036,1,14.584587766249404,14.584587766249404,150,150,150,33,28.786684834755974,27.34761830585587,31.241462036614198,32.60380280275601,950,0,0,0.03260380280275601,500,150,30.894629841824923,nan,0,nan,nan,nan,nan,nan,4.64e-05,9e-06,1.05e-05,1.775e-05,4.64e-05,nan,nan,nan,nan,nan,nan,nan,nan,nan,nan,0,05_resultados\revisao_operacional\campanha_v1\j00458.mat,campanha_v1,,,,,,,,,
j00459,plant_sensitivity,perda_fonte,miope_qp,"{""SOC_initial"": 30, ""tau_b"": 1}",547.151088509795,547.151088509795,1,14.669969008265682,14.669969008265678,150,150,150,37,29.23212119518198,27.79075824303367,31.319354914685587,31.290928226314048,1064.0191021958278,0,12.333333333333334,0.031290928226314046,500,150,31.319354914685587,nan,0,nan,nan,nan,nan,nan,0.0013988,0.0005386,0.00069125,0.0009201000000000001,0.0067473,0.0012434,0.0004689,0.00060885,0.00078865,0.0066348,nan,nan,nan,nan,nan,0,05_resultados\revisao_operacional\campanha_v1\j00459.mat,campanha_v1,,,,,,,,,
j00460,plant_sensitivity,perda_fonte,mpc_qp_v5,"{""SOC_initial"": 30, ""tau_b"": 1}",350.00499625313813,350.00499625313813,1,14.583335528880554,14.583335528880552,150,150,150,150,28.215898885827656,26.82037740207719,31.147991366878415,33.943076072958405,1686.1033572320748,0,1.25,0.033943076072958406,500,150,30.441992685318557,0.11944212912977648,1096,0,0,0.0023870766158893275,333283.200808402,4065633976278518.5,0.0247477,0.0285947,0.0344757,0.0401361,0.0684398,0.018896,0.0235801,0.028261,0.03469485,0.0415304,0.004132,0.0046485499999999996,0.00594095,0.0071969,0.0377378,0,05_resultados\revisao_operacional\campanha_v1\j00460.mat,campanha_v1,,,,,,,,,
j00461,plant_sensitivity,perda_fonte,mpc_qp_estocastico_3cen,"{""SOC_initial"": 30, ""tau_b"": 1}",350.0000002960781,350.0000002960781,1,14.583333333478214,14.583333333478212,150,150,150,150,20.002969909227613,20.002969909227613,30,47.48589293116944,1992.7546167046953,0,0.25,0.047485892931169435,500,150,26.417572155828303,0.12643481390550093,59,0,0,2.8421709430404007e-13,666566.4042708572,8976283259123858.0,0.0504921,0.0517399,0.07894955000000001,0.1030747,0.1657626,0.0358013,0.0399331,0.0670605,0.09186425000000001,0.1541589,0.0115621,0.011381800000000001,0.01292365,0.01383545,0.0170922,0,05_resultados\revisao_operacional\evento_adiantado_corrigido_v1\j00461.mat,evento_adiantado_corrigido_v1,,,,,,,,,
j00462,plant_sensitivity,multi_burst,heuristico,"{""SOC_initial"": 30, ""tau_b"": 1}",110.3638323514327,110.3638323514327,1,0.17782621597119055,0.1762537019640896,23,3,3,0,35.2277651087326,30,35.2277651087326,43.0180959504791,2350,0,0,0.0430180959504791,,,,nan,0,nan,nan,nan,nan,nan,4.67e-05,8.2e-06,9.5e-06,1.0399999999999999e-05,4.67e-05,nan,nan,nan,nan,nan,nan,nan,nan,nan,nan,0,05_resultados\revisao_operacional\campanha_v1\j00462.mat,campanha_v1,,,,,,,,,
j00463,plant_sensitivity,multi_burst,heuristico_foresight,"{""SOC_initial"": 30, ""tau_b"": 1}",36.787944117144235,36.787944117144235,1,0.03374327630111278,0.032631929255121365,11,0,0,0,34.119170224600786,30,34.119170224600786,41.49222711090363,2250,0,0,0.041492227110903626,,,,nan,0,nan,nan,nan,nan,nan,4.61e-05,9e-06,1.03e-05,2.05e-05,4.61e-05,nan,nan,nan,nan,nan,nan,nan,nan,nan,nan,0,05_resultados\revisao_operacional\campanha_v1\j00463.mat,campanha_v1,,,,,,,,,
j00464,plant_sensitivity,multi_burst,miope_qp,"{""SOC_initial"": 30, ""tau_b"": 1}",133.72941121983592,133.72941121983592,1,0.1262329666799876,0.12622931126700693,6,3,3,0,31.341012568763215,29.99395328899493,31.341012568763215,22.7323578124246,2801.038657593759,0,0,0.022732357812424598,,,,nan,0,nan,nan,nan,nan,nan,0.0010605,0.0005336,0.0007694500000000001,0.0010626,0.0015315,0.000915,0.0004614,0.0006769,0.0009159999999999999,0.0012902,nan,nan,nan,nan,nan,0,05_resultados\revisao_operacional\campanha_v1\j00464.mat,campanha_v1,,,,,,,,,
j00465,plant_sensitivity,multi_burst,mpc_qp_v5,"{""SOC_initial"": 30, ""tau_b"": 1}",0.017985226638103313,0,1,1.6841653604264322e-05,0,0,0,0,0,29.406346380666147,28.3206070734214,30.412983514650453,24.044782444325268,1250.007594563324,0,0,0.024044782444325268,,,,0.044626806100186656,2536,0,0,5.6843418860808015e-12,333283.200808402,4065633976278518.5,0.0254628,0.0259372,0.03131885,0.034560850000000004,0.040243,0.0187258,0.021038550000000003,0.025821,0.02872775,0.0329653,0.0045674,0.00451265,0.005341,0.0063510500000000004,0.0093449,0,05_resultados\revisao_operacional\campanha_v1\j00465.mat,campanha_v1,,,,,,,,,
j00466,plant_sensitivity,multi_burst,mpc_qp_estocastico_3cen,"{""SOC_initial"": 30, ""tau_b"": 1}",5.684341886080802e-14,0,1,3.7353453663513395e-15,0,0,0,0,0,23.383369636343758,22.400660289624472,30.17703524896781,43.81060801667818,2512.9945579938544,0,0,0.04381060801667818,,,,0.10134817797376883,3554,0,0,1.2710188457276672e-09,666566.4016168036,8131267952557030.0,0.050831,0.0534622,0.06279285,0.07335155,0.1149847,0.0352796,0.040043499999999996,0.048177,0.0596281,0.0950799,0.0131899,0.01298275,0.0148499,0.017485599999999997,0.0497485,0,05_resultados\revisao_operacional\campanha_v1\j00466.mat,campanha_v1,,,,,,,,,
j00467,plant_sensitivity,perda_fonte,heuristico,"{""SOC_initial"": 30, ""tau_b"": 2}",622.938796870685,622.938796870685,1,14.776020093650432,14.776020093650432,150,150,150,150,29.259669194028668,27.82379055097922,31.315376612837742,31.065324614286737,950,0,0,0.031065324614286738,500,150,31.315376612837742,nan,0,nan,nan,nan,nan,nan,4.19e-05,8.2e-06,9.4e-06,1.285e-05,4.19e-05,nan,nan,nan,nan,nan,nan,nan,nan,nan,nan,0,05_resultados\revisao_operacional\campanha_v1\j00467.mat,campanha_v1,,,,,,,,,
j00468,plant_sensitivity,perda_fonte,heuristico_foresight,"{""SOC_initial"": 30, ""tau_b"": 2}",362.46619205751426,362.46619205751426,1,14.592134098151652,14.592134098151652,150,150,150,150,28.784886082104414,27.353572998012528,31.239895630414544,32.51902573815371,950,0,0,0.032519025738153705,500,150,30.9156552152031,nan,0,nan,nan,nan,nan,nan,4.57e-05,9.1e-06,1.07e-05,1.64e-05,5.07e-05,nan,nan,nan,nan,nan,nan,nan,nan,nan,nan,0,05_resultados\revisao_operacional\campanha_v1\j00468.mat,campanha_v1,,,,,,,,,
j00469,plant_sensitivity,perda_fonte,miope_qp,"{""SOC_initial"": 30, ""tau_b"": 2}",642.611580563883,642.611580563883,1,14.789908500134693,14.789908500134691,150,150,150,150,29.241508834560697,27.80175024765932,31.319276106573003,31.22948305865238,1390.0006732832708,0,0,0.03122948305865238,500,150,31.319276106573003,nan,0,nan,nan,nan,nan,nan,0.0013819,0.00053395,0.0007034999999999999,0.0008910000000000001,0.0033692,0.0012346,0.0004612,0.0006224,0.0007781999999999999,0.0012346,nan,nan,nan,nan,nan,0,05_resultados\revisao_operacional\campanha_v1\j00469.mat,campanha_v1,,,,,,,,,
j00470,plant_sensitivity,perda_fonte,mpc_qp_v5,"{""SOC_initial"": 30, ""tau_b"": 2}",350.18176396315994,350.18176396315994,1,14.583461653361605,14.583461653361601,150,150,150,150,28.439341543154846,27.045476406767477,31.146944849820603,33.1136403405697,1662.0367601499927,0,2.5,0.033113640340569704,500,150,30.686451341222106,0.122655519621226,1731,0,0,5.229570496112501e-05,333283.200808402,4015243775612013.0,0.0292992,0.0293075,0.03317185,0.04270965,0.1022764,0.0231471,0.02443685,0.028111450000000003,0.0377282,0.0978373,0.0043263,0.0043983500000000005,0.00510915,0.00553635,0.0096109,0,05_resultados\revisao_operacional\campanha_v1\j00470.mat,campanha_v1,,,,,,,,,
j00471,plant_sensitivity,perda_fonte,mpc_qp_estocastico_3cen,"{""SOC_initial"": 30, ""tau_b"": 2}",350.00017643230194,350.00017643230194,1,14.583333457901366,14.583333457901364,150,150,150,150,20.002702341870457,20.002702341870457,30,47.48716387611536,1675.4481312217133,0,0.08333333333333334,0.04748716387611536,500,150,26.4177753624813,0.12229506330163531,57,0,0,0.0010108926973089183,666566.4042708572,8858386386927326.0,0.0527174,0.0548245,0.0789488,0.11116770000000001,0.1530459,0.0389789,0.04300455,0.0673672,0.09902705,0.1416471,0.0108792,0.011346450000000001,0.0129784,0.01401405,0.0186399,0,05_resultados\revisao_operacional\evento_adiantado_corrigido_v1\j00471.mat,evento_adiantado_corrigido_v1,,,,,,,,,
j00472,plant_sensitivity,multi_burst,heuristico,"{""SOC_initial"": 30, ""tau_b"": 2}",181.95919791379004,181.95919791379004,1,0.4710111084241515,0.4684848206962306,51,11,6,0,35.22388724230987,30,35.22388724230987,42.61581891508794,2350,0,0,0.04261581891508794,,,,nan,0,nan,nan,nan,nan,nan,4.19e-05,8.3e-06,9.4e-06,1.48e-05,4.19e-05,nan,nan,nan,nan,nan,nan,nan,nan,nan,nan,0,05_resultados\revisao_operacional\campanha_v1\j00472.mat,campanha_v1,,,,,,,,,
j00473,plant_sensitivity,multi_burst,heuristico_foresight,"{""SOC_initial"": 30, ""tau_b"": 2}",60.653065971263345,60.653065971263345,1,0.09553949469919219,0.09324819045382668,30,2,0,0,34.113779278564394,30,34.113779278564394,41.23737834555869,2250,0,0,0.04123737834555869,,,,nan,0,nan,nan,nan,nan,nan,4.74e-05,9.4e-06,1.05e-05,1.7199999999999998e-05,4.74e-05,nan,nan,nan,nan,nan,nan,nan,nan,nan,nan,0,05_resultados\revisao_operacional\campanha_v1\j00473.mat,campanha_v1,,,,,,,,,
j00474,plant_sensitivity,multi_burst,miope_qp,"{""SOC_initial"": 30, ""tau_b"": 2}",158.5381947588547,158.5381947588547,1,0.19479826866313088,0.19479523523034845,6,6,3,0,31.29681810445521,29.966298523741926,31.29681810445521,22.471032532384083,3944.1391915246536,0,0,0.022471032532384083,,,,nan,0,nan,nan,nan,nan,nan,0.001089,0.0005403,0.0007203,0.0008346,0.001089,0.0009383,0.0004673,0.00063295,0.0007506,0.0009585,nan,nan,nan,nan,nan,0,05_resultados\revisao_operacional\campanha_v1\j00474.mat,campanha_v1,,,,,,,,,
j00475,plant_sensitivity,multi_burst,mpc_qp_v5,"{""SOC_initial"": 30, ""tau_b"": 2}",0.018618173461305787,0,1,1.8085830888836037e-05,0,0,0,0,0,29.40437371428312,28.32092560720833,30.412640139522466,24.020655545456794,1262.3932741256313,0,0,0.024020655545456793,,,,0.04372617250398392,2329,0,0,3.410605131648481e-13,333283.200808402,4015243775612013.0,0.0308027,0.0262077,0.0316084,0.03322845,0.0363541,0.0240458,0.0213819,0.026592949999999997,0.0284134,0.0314534,0.0044234,0.004355400000000001,0.0051386,0.0055056,0.0117425,0,05_resultados\revisao_operacional\campanha_v1\j00475.mat,campanha_v1,,,,,,,,,
j00476,plant_sensitivity,multi_burst,mpc_qp_estocastico_3cen,"{""SOC_initial"": 30, ""tau_b"": 2}",5.684341886080802e-14,0,1,3.755020985509974e-15,0,0,0,0,0,23.36551565965163,22.387023283579616,30.17784820620927,43.85142357506272,2556.1030579554626,0,0,0.04385142357506272,,,,0.09935074336210192,3444,0,0,8.049028110690415e-11,666566.4016168036,8030487551224027.0,0.0599438,0.05547,0.06885469999999999,0.07568405,0.1233105,0.0431495,0.04183265,0.0538579,0.060920600000000005,0.0732924,0.0139547,0.01301405,0.01590265,0.0198413,0.0670307,0,05_resultados\revisao_operacional\campanha_v1\j00476.mat,campanha_v1,,,,,,,,,
j00477,plant_sensitivity,perda_fonte,heuristico,"{""SOC_initial"": 30, ""tau_b"": 4}",700.4603523821322,700.4603523821322,1,15.02343479135681,15.02343479135681,150,150,150,150,29.25627364762129,27.837312508383683,31.310153413663947,30.859755104826263,950,0,0,0.03085975510482626,500,150,31.310153413663947,nan,0,nan,nan,nan,nan,nan,7.87e-05,8e-06,9.3e-06,1.1099999999999999e-05,7.87e-05,nan,nan,nan,nan,nan,nan,nan,nan,nan,nan,0,05_resultados\revisao_operacional\campanha_v1\j00477.mat,campanha_v1,,,,,,,,,
j00478,plant_sensitivity,perda_fonte,heuristico_foresight,"{""SOC_initial"": 30, ""tau_b"": 4}",386.5692096796387,386.5692096796387,1,14.629256252686064,14.629256252686064,150,150,150,150,28.781257244094707,27.366361796727844,31.236332006934404,32.33618720533001,950,0,0,0.03233618720533001,500,150,30.954524841040435,nan,0,nan,nan,nan,nan,nan,4.33e-05,8.9e-06,1.01e-05,1.4700000000000002e-05,5e-05,nan,nan,nan,nan,nan,nan,nan,nan,nan,nan,0,05_resultados\revisao_operacional\campanha_v1\j00478.mat,campanha_v1,,,,,,,,,
j00479,plant_sensitivity,perda_fonte,miope_qp,"{""SOC_initial"": 30, ""tau_b"": 4}",711.5196654882585,711.5196654882585,1,15.039390419667587,15.039390347755498,151,150,150,150,29.265644424558786,27.83040920604453,31.318156919427782,31.058339206686238,1562.0172810325034,0,0,0.03105833920668624,500,158,31.318156919427782,nan,0,nan,nan,nan,nan,nan,0.0010919,0.0005127,0.0006833500000000001,0.0008707,0.0012423,0.00094,0.00044405,0.00059615,0.00075555,0.0010563,nan,nan,nan,nan,nan,0,05_resultados\revisao_operacional\campanha_v1\j00479.mat,campanha_v1,,,,,,,,,
j00480,plant_sensitivity,perda_fonte,mpc_qp_v5,"{""SOC_initial"": 30, ""tau_b"": 4}",350.00359070357877,350.00359070357877,1,14.583337842487452,14.583337842487452,150,150,150,150,27.802517968770886,26.411581767529334,31.144870209096304,35.82946962553682,950.0937123970034,0,0,0.03582946962553682,500,150,30.088353050471714,0.11141641348293518,832,0,0,7.958078640513122e-13,333283.200808402,3903314509184172.5,0.0300576,0.0275066,0.034512249999999994,0.04421865,0.0555357,0.0237208,0.02307865,0.0292777,0.03919275,0.0494555,0.0044902,0.0041135,0.00495815,0.005475799999999999,0.0076798,0,05_resultados\revisao_operacional\campanha_v1\j00480.mat,campanha_v1,,,,,,,,,
j00481,plant_sensitivity,perda_fonte,mpc_qp_estocastico_3cen,"{""SOC_initial"": 30, ""tau_b"": 4}",350.00076437573784,350.00076437573784,1,14.583334293234724,14.583334293234724,150,150,150,150,20.001690178477887,20.001690178477887,30,47.491971652230255,1054.9543858457216,0,0,0.04749197165223026,500,150,26.220816334380018,7.105427357601002e-15,0,0,0,3.979039320256561e-13,666566.4042708572,8596558524070728.0,0.0504723,0.05313185,0.08329015000000001,0.11049215000000001,0.1175857,0.0362061,0.041474449999999996,0.07169234999999999,0.0988445,0.1057355,0.0111755,0.01145715,0.012878549999999999,0.01452845,0.0469769,0,05_resultados\revisao_operacional\evento_adiantado_corrigido_v1\j00481.mat,evento_adiantado_corrigido_v1,,,,,,,,,
j00482,plant_sensitivity,multi_burst,heuristico,"{""SOC_initial"": 30, ""tau_b"": 4}",233.64023492033988,233.64023492033988,1,1.0754551029671766,1.069699805094769,102,25,12,0,35.21534280199351,30,35.21534280199351,41.83910126254025,2350,0,0,0.04183910126254025,,,,nan,0,nan,nan,nan,nan,nan,3.8e-05,8e-06,9.35e-06,1.41e-05,3.8e-05,nan,nan,nan,nan,nan,nan,nan,nan,nan,nan,0,05_resultados\revisao_operacional\campanha_v1\j00482.mat,campanha_v1,,,,,,,,,
j00483,plant_sensitivity,multi_burst,heuristico_foresight,"{""SOC_initial"": 30, ""tau_b"": 4}",77.88007830712894,77.88007830712894,1,0.24749606361189577,0.24200627048411075,69,4,0,0,34.103101835122196,30,34.103101835122196,40.668491766815244,2250,0,0,0.040668491766815244,,,,nan,0,nan,nan,nan,nan,nan,4.52e-05,9.2e-06,1.1e-05,1.595e-05,4.52e-05,nan,nan,nan,nan,nan,nan,nan,nan,nan,nan,0,05_resultados\revisao_operacional\campanha_v1\j00483.mat,campanha_v1,,,,,,,,,
j00484,plant_sensitivity,multi_burst,miope_qp,"{""SOC_initial"": 30, ""tau_b"": 4}",176.60407904438432,176.60407904438432,1,0.3047060439929854,0.3047041862838243,9,9,6,0,31.248016943811784,29.93135482927984,31.248016943811784,22.5170290104255,5308.427726277496,0,0,0.022517029010425498,,,,nan,0,nan,nan,nan,nan,nan,0.0010939,0.000578,0.0012503,0.0017361999999999998,0.0037852,0.0009428,0.00049905,0.0010741000000000001,0.00152115,0.0032789,nan,nan,nan,nan,nan,0,05_resultados\revisao_operacional\campanha_v1\j00484.mat,campanha_v1,,,,,,,,,
j00485,plant_sensitivity,multi_burst,mpc_qp_v5,"{""SOC_initial"": 30, ""tau_b"": 4}",0.020000025671436106,0,1,1.9306509541436128e-05,0,0,0,0,0,29.407606785985518,28.32774556173971,30.41180208180139,23.92929992511273,1284.0181118582386,0,0,0.02392929992511273,,,,0.04178117487648336,2282,0,0,3.399236447876319e-11,333283.200808402,3903314509184172.5,0.0315764,0.02595065,0.03241135,0.0346949,0.0431691,0.0243793,0.0212778,0.02710075,0.028766649999999998,0.0348264,0.0049271,0.00418885,0.00536565,0.0064750499999999996,0.009598,0,05_resultados\revisao_operacional\campanha_v1\j00485.mat,campanha_v1,,,,,,,,,
j00486,plant_sensitivity,multi_burst,mpc_qp_estocastico_3cen,"{""SOC_initial"": 30, ""tau_b"": 4}",5.684341886080802e-14,0,1,3.94289539289932e-15,0,0,0,0,0,23.347927577844764,22.3788907582986,30.18057115928806,43.846817026929266,2647.033665511641,0,0,0.04384681702692927,,,,0.095158441144509,3225,0,0,2.3972006601979956e-09,666566.4016168036,7806629018368347.0,0.0564894,0.0527804,0.06727295,0.08115635,0.1239957,0.0410557,0.0396722,0.05271055,0.060767699999999994,0.081894,0.0121303,0.012199149999999999,0.0159355,0.022203,0.0587424,0,05_resultados\revisao_operacional\campanha_v1\j00486.mat,campanha_v1,,,,,,,,,
j00487,plant_sensitivity,perda_fonte,heuristico,"{""SOC_initial"": 45, ""tau_b"": 1}",515.545748527149,515.545748527149,1,14.656080421691998,14.656080421691998,150,150,150,37,44.261297893747454,42.817057379719785,46.31790867257908,31.1666709390115,950,0,0,0.0311666709390115,500,150,46.31790867257908,nan,0,nan,nan,nan,nan,nan,3.97e-05,8e-06,1e-05,1.05e-05,3.97e-05,nan,nan,nan,nan,nan,nan,nan,nan,nan,nan,0,05_resultados\revisao_operacional\campanha_v1\j00487.mat,campanha_v1,,,,,,,,,
j00488,plant_sensitivity,perda_fonte,heuristico_foresight,"{""SOC_initial"": 45, ""tau_b"": 1}",352.85463020931036,352.85463020931036,1,14.584587766249404,14.584587766249404,150,150,150,33,43.786684834755974,42.34761830585586,46.24146203661419,32.60380280275601,950,0,0,0.03260380280275601,500,150,45.894629841824916,nan,0,nan,nan,nan,nan,nan,5.65e-05,9.1e-06,1.57e-05,2.4900000000000002e-05,9.99e-05,nan,nan,nan,nan,nan,nan,nan,nan,nan,nan,0,05_resultados\revisao_operacional\campanha_v1\j00488.mat,campanha_v1,,,,,,,,,
j00489,plant_sensitivity,perda_fonte,miope_qp,"{""SOC_initial"": 45, ""tau_b"": 1}",547.1510132741696,547.1510132741696,1,14.669968975204291,14.669968975204288,150,150,150,37,44.23211706456343,42.790756254954594,46.3193529335668,31.290906555910908,1064.0188847942027,0,12.333333333333334,0.03129090655591091,500,150,46.3193529335668,nan,0,nan,nan,nan,nan,nan,0.0010335,0.0005084499999999999,0.0006648,0.00080635,0.0029471,0.000883,0.00043945,0.00058005,0.00069215,0.0028462,nan,nan,nan,nan,nan,0,05_resultados\revisao_operacional\campanha_v1\j00489.mat,campanha_v1,,,,,,,,,
j00490,plant_sensitivity,perda_fonte,mpc_qp_v5,"{""SOC_initial"": 45, ""tau_b"": 1}",350.0144236515712,350.0144236515712,1,14.583339671637313,14.583339671637312,150,150,150,150,43.299717713198305,41.9042575268889,46.14793796965792,33.59032077677067,1871.5133519840488,0,1.5,0.03359032077677067,500,150,45.525874626677926,0.12004414074193903,1274,0,0,7.389644451905042e-13,333283.200808402,4065633976278518.5,0.0237226,0.023942199999999997,0.030584,0.039889400000000005,0.0472861,0.0177242,0.019433850000000003,0.025679149999999998,0.03407965,0.0417838,0.0043924,0.00408495,0.004853400000000001,0.0053200999999999995,0.0128939,0,05_resultados\revisao_operacional\campanha_v1\j00490.mat,campanha_v1,,,,,,,,,
j00491,plant_sensitivity,perda_fonte,mpc_qp_estocastico_3cen,"{""SOC_initial"": 45, ""tau_b"": 1}",350.00000027754436,350.00000027754436,1,14.583333333471533,14.583333333471533,150,150,150,150,34.61230099527341,34.61230099527341,45,49.34157027245102,1407.9334416157235,0,0.08333333333333334,0.04934157027245102,500,150,41.393564645146654,7.105427357601002e-15,0,0,0,1.1368683772161603e-12,666566.4042708572,8976283259123858.0,0.0522984,0.0503638,0.06291920000000001,0.0961361,0.1632783,0.0378639,0.03872395,0.0513988,0.08470820000000001,0.151818,0.0115172,0.011169,0.012495800000000001,0.013485549999999999,0.0144432,0,05_resultados\revisao_operacional\evento_adiantado_corrigido_v1\j00491.mat,evento_adiantado_corrigido_v1,,,,,,,,,
j00492,plant_sensitivity,multi_burst,heuristico,"{""SOC_initial"": 45, ""tau_b"": 1}",110.3638323514327,110.3638323514327,1,0.17782621597119055,0.1762537019640896,23,3,3,0,50.22776510873265,45,50.22776510873265,43.0180959504791,2350,0,0,0.0430180959504791,,,,nan,0,nan,nan,nan,nan,nan,3.89e-05,8.2e-06,1.04e-05,1.165e-05,8.43e-05,nan,nan,nan,nan,nan,nan,nan,nan,nan,nan,0,05_resultados\revisao_operacional\campanha_v1\j00492.mat,campanha_v1,,,,,,,,,
j00493,plant_sensitivity,multi_burst,heuristico_foresight,"{""SOC_initial"": 45, ""tau_b"": 1}",36.787944117144235,36.787944117144235,1,0.03374327630111278,0.032631929255121365,11,0,0,0,49.11917022460074,45,49.11917022460074,41.49222711090363,2250,0,0,0.041492227110903626,,,,nan,0,nan,nan,nan,nan,nan,4.57e-05,8.9e-06,1.09e-05,1.56e-05,5.49e-05,nan,nan,nan,nan,nan,nan,nan,nan,nan,nan,0,05_resultados\revisao_operacional\campanha_v1\j00493.mat,campanha_v1,,,,,,,,,
j00494,plant_sensitivity,multi_burst,miope_qp,"{""SOC_initial"": 45, ""tau_b"": 1}",133.70468212267036,133.70468212267036,1,0.12620360358774446,0.12619998153374795,6,3,3,0,46.340687607735184,44.99388407191752,46.340687607735184,22.730709390783,2800.875206881064,0,0,0.022730709390783,,,,nan,0,nan,nan,nan,nan,nan,0.0013229,0.00051225,0.00066075,0.00087845,0.0013229,0.0011728,0.0004431,0.0005751,0.000786,0.0011728,nan,nan,nan,nan,nan,0,05_resultados\revisao_operacional\campanha_v1\j00494.mat,campanha_v1,,,,,,,,,
j00495,plant_sensitivity,multi_burst,mpc_qp_v5,"{""SOC_initial"": 45, ""tau_b"": 1}",0.017787807394455513,0,1,1.5871982242631816e-05,0,0,0,0,0,44.395565589233414,43.318669294371425,45.41286791795186,24.004266047232605,1248.9062371221007,0,0,0.024004266047232607,,,,0.044630047257228966,2536,0,0,2.3874235921539366e-12,333283.200808402,4065633976278518.5,0.0230079,0.02223515,0.027798200000000002,0.03106795,0.0359583,0.0171476,0.017825550000000003,0.023304199999999997,0.02613435,0.0312762,0.0041882,0.004022400000000001,0.00468415,0.0051859,0.0063367,0,05_resultados\revisao_operacional\campanha_v1\j00495.mat,campanha_v1,,,,,,,,,
j00496,plant_sensitivity,multi_burst,mpc_qp_estocastico_3cen,"{""SOC_initial"": 45, ""tau_b"": 1}",5.684341886080802e-14,0,1,3.917236905219094e-15,0,0,0,0,0,38.38090344483094,37.39958082121423,45.17697008709125,43.80766591568769,2512.571580748402,0,0,0.043807665915687695,,,,0.10135111063265612,3554,0,0,2.26032170758117e-09,666566.4016168036,8131267952557030.0,0.0484052,0.04686875,0.05771685,0.0650637,0.0935737,0.0335513,0.03438175,0.04506425,0.0526917,0.0610858,0.012573,0.01187435,0.01344105,0.01445915,0.032101,0,05_resultados\revisao_operacional\campanha_v1\j00496.mat,campanha_v1,,,,,,,,,
j00497,plant_sensitivity,perda_fonte,heuristico,"{""SOC_initial"": 45, ""tau_b"": 2}",622.938796870685,622.938796870685,1,14.776020093650432,14.776020093650432,150,150,150,150,44.25966919402872,42.82379055097923,46.31537661283775,31.065324614286737,950,0,0,0.031065324614286738,500,150,46.31537661283775,nan,0,nan,nan,nan,nan,nan,4.14e-05,7.9e-06,1e-05,1.1249999999999999e-05,4.14e-05,nan,nan,nan,nan,nan,nan,nan,nan,nan,nan,0,05_resultados\revisao_operacional\campanha_v1\j00497.mat,campanha_v1,,,,,,,,,
j00498,plant_sensitivity,perda_fonte,heuristico_foresight,"{""SOC_initial"": 45, ""tau_b"": 2}",362.46619205751426,362.46619205751426,1,14.592134098151652,14.592134098151652,150,150,150,150,43.784886082104414,42.35357299801254,46.23989563041455,32.51902573815371,950,0,0,0.032519025738153705,500,150,45.91565521520313,nan,0,nan,nan,nan,nan,nan,4.53e-05,8.8e-06,1.21e-05,1.8800000000000003e-05,4.66e-05,nan,nan,nan,nan,nan,nan,nan,nan,nan,nan,0,05_resultados\revisao_operacional\campanha_v1\j00498.mat,campanha_v1,,,,,,,,,
j00499,plant_sensitivity,perda_fonte,miope_qp,"{""SOC_initial"": 45, ""tau_b"": 2}",642.6115029286309,642.6115029286309,1,14.789908445326489,14.789908445326487,150,150,150,150,44.24150458522448,42.80174819712154,46.3192740675738,31.22946080926291,1390.0007500941194,0,0,0.03122946080926291,500,150,46.3192740675738,nan,0,nan,nan,nan,nan,nan,0.001056,0.000499,0.00064705,0.000828,0.001056,0.0009148,0.0004307,0.0005672,0.000713,0.0009148,nan,nan,nan,nan,nan,0,05_resultados\revisao_operacional\campanha_v1\j00499.mat,campanha_v1,,,,,,,,,
j00500,plant_sensitivity,perda_fonte,mpc_qp_v5,"{""SOC_initial"": 45, ""tau_b"": 2}",350.1214115940347,350.1214115940347,1,14.583419046368274,14.58341904636827,150,150,150,150,43.445983617899515,42.05217884256789,46.146892214166336,33.114365556226446,1975.8451126745579,0,2.166666666666667,0.03311436555622645,500,150,45.693165447407615,0.12266252293437674,1787,0,0,0.0009835053109554792,333283.200808402,4015243775612013.0,0.027586,0.02557405,0.03131295,0.0387732,0.0937885,0.0210376,0.0211982,0.0266193,0.0341094,0.0894821,0.0048053,0.004004850000000001,0.0046712,0.0049305500000000006,0.0074657,0,05_resultados\revisao_operacional\campanha_v1\j00500.mat,campanha_v1,,,,,,,,,
j00501,plant_sensitivity,perda_fonte,mpc_qp_estocastico_3cen,"{""SOC_initial"": 45, ""tau_b"": 2}",350.0000079743852,350.0000079743852,1,14.583333338976415,14.583333338976413,150,150,150,150,34.498499132437395,34.498499132437395,45,49.88212912092171,815.3871406909644,0,0,0.04988212912092171,500,150,41.2946621654381,7.105427357601002e-15,0,0,0,2.8421709430404007e-13,666566.4042708572,8858386386927326.0,0.0552571,0.05307225,0.0638185,0.1080545,0.1172396,0.0409947,0.041374850000000005,0.05239355,0.0959133,0.105328,0.0117414,0.01128875,0.0121801,0.012961199999999999,0.0200997,0,05_resultados\revisao_operacional\evento_adiantado_corrigido_v1\j00501.mat,evento_adiantado_corrigido_v1,,,,,,,,,
j00502,plant_sensitivity,multi_burst,heuristico,"{""SOC_initial"": 45, ""tau_b"": 2}",181.95919791379004,181.95919791379004,1,0.4710111084241515,0.4684848206962306,51,11,6,0,50.22388724230997,45,50.22388724230997,42.61581891508794,2350,0,0,0.04261581891508794,,,,nan,0,nan,nan,nan,nan,nan,4.27e-05,7.9e-06,9.3e-06,1.41e-05,4.88e-05,nan,nan,nan,nan,nan,nan,nan,nan,nan,nan,0,05_resultados\revisao_operacional\campanha_v1\j00502.mat,campanha_v1,,,,,,,,,
j00503,plant_sensitivity,multi_burst,heuristico_foresight,"{""SOC_initial"": 45, ""tau_b"": 2}",60.653065971263345,60.653065971263345,1,0.09553949469919219,0.09324819045382668,30,2,0,0,49.113779278564465,45,49.113779278564465,41.23737834555869,2250,0,0,0.04123737834555869,,,,nan,0,nan,nan,nan,nan,nan,4.45e-05,8.8e-06,1.15e-05,1.29e-05,4.68e-05,nan,nan,nan,nan,nan,nan,nan,nan,nan,nan,0,05_resultados\revisao_operacional\campanha_v1\j00503.mat,campanha_v1,,,,,,,,,
j00504,plant_sensitivity,multi_burst,miope_qp,"{""SOC_initial"": 45, ""tau_b"": 2}",158.51337465116143,158.51337465116143,1,0.19476882577067026,0.19476582336246648,6,6,3,0,46.296493190827526,44.966224488772866,46.296493190827526,22.469421526995358,3943.88533517175,0,0,0.022469421526995357,,,,nan,0,nan,nan,nan,nan,nan,0.0010141,0.00049935,0.0006328,0.0008581,0.0010141,0.0008735,0.0004322,0.0005623500000000001,0.0007778,0.0008915,nan,nan,nan,nan,nan,0,05_resultados\revisao_operacional\campanha_v1\j00504.mat,campanha_v1,,,,,,,,,
j00505,plant_sensitivity,multi_burst,mpc_qp_v5,"{""SOC_initial"": 45, ""tau_b"": 2}",0.01839150174095039,0,1,1.6811308172432545e-05,0,0,0,0,0,44.39335647770018,43.31888366198727,45.41252163761455,23.979949734085057,1261.219206675874,0,0,0.023979949734085057,,,,0.04372931164586902,2329,0,0,2.2737367544323206e-13,333283.200808402,4015243775612013.0,0.0250721,0.02435145,0.0317065,0.03568465,0.0431835,0.0192043,0.01972755,0.026697850000000002,0.03022795,0.0374147,0.0042247,0.0041937499999999996,0.0049697000000000005,0.005340050000000001,0.0090411,0,05_resultados\revisao_operacional\campanha_v1\j00505.mat,campanha_v1,,,,,,,,,
j00506,plant_sensitivity,multi_burst,mpc_qp_estocastico_3cen,"{""SOC_initial"": 45, ""tau_b"": 2}",5.684341886080802e-14,0,1,3.868510450249434e-15,0,0,0,0,0,38.363165480424826,37.38600130758999,45.17778204186879,43.84849896982666,2555.6654840785673,0,0,0.043848498969826656,,,,0.09935361786209995,3444,0,0,5.866240826435387e-11,666566.4016168036,8030487551224027.0,0.0529524,0.0508121,0.06089625,0.06873604999999999,0.0810553,0.0375004,0.0381027,0.0479948,0.05588245,0.0638354,0.0130905,0.0119427,0.01398715,0.0153983,0.0194373,0,05_resultados\revisao_operacional\campanha_v1\j00506.mat,campanha_v1,,,,,,,,,
j00507,plant_sensitivity,perda_fonte,heuristico,"{""SOC_initial"": 45, ""tau_b"": 4}",700.4603523821322,700.4603523821322,1,15.02343479135681,15.02343479135681,150,150,150,150,44.25627364762137,42.8373125083837,46.310153413663954,30.859755104826263,950,0,0,0.03085975510482626,500,150,46.310153413663954,nan,0,nan,nan,nan,nan,nan,4.45e-05,8e-06,1.1050000000000001e-05,1.385e-05,4.45e-05,nan,nan,nan,nan,nan,nan,nan,nan,nan,nan,0,05_resultados\revisao_operacional\campanha_v1\j00507.mat,campanha_v1,,,,,,,,,
j00508,plant_sensitivity,perda_fonte,heuristico_foresight,"{""SOC_initial"": 45, ""tau_b"": 4}",386.5692096796387,386.5692096796387,1,14.629256252686064,14.629256252686064,150,150,150,150,43.7812572440947,42.36636179672784,46.23633200693441,32.33618720533001,950,0,0,0.03233618720533001,500,150,45.95452484104044,nan,0,nan,nan,nan,nan,nan,4.47e-05,8.9e-06,1.18e-05,2.1349999999999997e-05,5.7e-05,nan,nan,nan,nan,nan,nan,nan,nan,nan,nan,0,05_resultados\revisao_operacional\campanha_v1\j00508.mat,campanha_v1,,,,,,,,,
j00509,plant_sensitivity,perda_fonte,miope_qp,"{""SOC_initial"": 45, ""tau_b"": 4}",711.5195431085499,711.5195431085499,1,15.039390265725597,15.039390194073384,151,150,150,150,44.265637814356126,42.83040598485587,46.318153730593274,31.058304740112955,1562.0166630152407,0,0,0.031058304740112955,500,158,46.318153730593274,nan,0,nan,nan,nan,nan,nan,0.0010568,0.00051585,0.00067545,0.0009247999999999999,0.0010581,0.000912,0.0004464,0.00059045,0.00084345,0.0009515,nan,nan,nan,nan,nan,0,05_resultados\revisao_operacional\campanha_v1\j00509.mat,campanha_v1,,,,,,,,,
j00510,plant_sensitivity,perda_fonte,mpc_qp_v5,"{""SOC_initial"": 45, ""tau_b"": 4}",350.00358786535395,350.00358786535395,1,14.583337838924674,14.583337838924672,150,150,150,150,42.80234813958339,41.411468233283074,46.1448184046426,35.82919389786725,950.0829373400643,0,0,0.03582919389786725,500,150,45.08824230251336,0.11141858417814632,832,0,0,9.094947017729282e-13,333283.200808402,3903314509184172.5,0.027212,0.02666115,0.0319956,0.04499045,0.0505449,0.0215861,0.022280849999999998,0.0276102,0.0402252,0.0453074,0.0040415,0.0039793,0.0046485,0.005202,0.007075,0,05_resultados\revisao_operacional\campanha_v1\j00510.mat,campanha_v1,,,,,,,,,
j00511,plant_sensitivity,perda_fonte,mpc_qp_estocastico_3cen,"{""SOC_initial"": 45, ""tau_b"": 4}",350.0007640483266,350.0007640483266,1,14.583334292821723,14.583334292821721,150,150,150,150,34.3986874349725,34.3986874349725,45,50.35623468388043,953.416382091374,0,0,0.05035623468388043,500,150,41.22078926835988,7.105427357601002e-15,0,0,0,6.821210263296962e-13,666566.4042708572,8596558524070728.0,0.0504921,0.05110765,0.0655531,0.10672115,0.1116449,0.0363088,0.03965895,0.053953799999999996,0.09530050000000001,0.0994921,0.0116483,0.0112376,0.012147,0.0128648,0.0136941,0,05_resultados\revisao_operacional\evento_adiantado_corrigido_v1\j00511.mat,evento_adiantado_corrigido_v1,,,,,,,,,
j00512,plant_sensitivity,multi_burst,heuristico,"{""SOC_initial"": 45, ""tau_b"": 4}",233.64023492033988,233.64023492033988,1,1.0754551029671766,1.069699805094769,102,25,12,0,50.21534280199357,45,50.21534280199357,41.83910126254025,2350,0,0,0.04183910126254025,,,,nan,0,nan,nan,nan,nan,nan,4.22e-05,7.9e-06,9.400000000000001e-06,1.295e-05,4.22e-05,nan,nan,nan,nan,nan,nan,nan,nan,nan,nan,0,05_resultados\revisao_operacional\campanha_v1\j00512.mat,campanha_v1,,,,,,,,,
j00513,plant_sensitivity,multi_burst,heuristico_foresight,"{""SOC_initial"": 45, ""tau_b"": 4}",77.88007830712894,77.88007830712894,1,0.24749606361189577,0.24200627048411075,69,4,0,0,49.1031018351222,45,49.1031018351222,40.668491766815244,2250,0,0,0.040668491766815244,,,,nan,0,nan,nan,nan,nan,nan,4.45e-05,8.8e-06,1.12e-05,1.41e-05,4.87e-05,nan,nan,nan,nan,nan,nan,nan,nan,nan,nan,0,05_resultados\revisao_operacional\campanha_v1\j00513.mat,campanha_v1,,,,,,,,,
j00514,plant_sensitivity,multi_burst,miope_qp,"{""SOC_initial"": 45, ""tau_b"": 4}",176.57920160730342,176.57920160730342,1,0.30466170537680115,0.30465987750701856,9,9,6,0,46.2475170288554,44.931187530720884,46.2475170288554,22.515373977634805,5308.0648397694495,0,0,0.022515373977634805,,,,nan,0,nan,nan,nan,nan,nan,0.0010611,0.0005060500000000001,0.00064715,0.00079565,0.0010611,0.0009226,0.000438,0.0005657500000000001,0.00071915,0.0009226,nan,nan,nan,nan,nan,0,05_resultados\revisao_operacional\campanha_v1\j00514.mat,campanha_v1,,,,,,,,,
j00515,plant_sensitivity,multi_burst,mpc_qp_v5,"{""SOC_initial"": 45, ""tau_b"": 4}",0.019730280955428725,0,1,1.7978470534646345e-05,0,0,0,0,0,44.39592800404696,43.325637096401216,45.411641809025646,23.885443411009387,1282.4870996766654,0,0,0.023885443411009386,,,,0.04178407821092378,2282,0,0,3.149125404888764e-11,333283.200808402,3903314509184172.5,0.0253028,0.02394815,0.03202365,0.0374356,0.0406255,0.0197029,0.019441550000000002,0.026862200000000003,0.03201205,0.0353502,0.0039248,0.00416595,0.00495345,0.005419500000000001,0.0062036,0,05_resultados\revisao_operacional\campanha_v1\j00515.mat,campanha_v1,,,,,,,,,
j00516,plant_sensitivity,multi_burst,mpc_qp_estocastico_3cen,"{""SOC_initial"": 45, ""tau_b"": 4}",5.684341886080802e-14,0,1,4.0402866237817154e-15,0,0,0,0,0,38.34549561031036,37.377947386731115,45.18048108532397,43.842369147865476,2646.410653455114,0,0,0.043842369147865476,,,,0.09516183188314642,3225,0,0,2.3957227313076146e-09,666566.4016168036,7806629018368347.0,0.0562915,0.0528381,0.06425995000000001,0.0705501,0.0953599,0.0416972,0.03936515,0.05049815,0.05483235,0.0807763,0.012219,0.01290105,0.0149341,0.0163324,0.0348972,0,05_resultados\revisao_operacional\campanha_v1\j00516.mat,campanha_v1,,,,,,,,,
j00517,plant_sensitivity,perda_fonte,heuristico,"{""SOC_initial"": 60, ""tau_b"": 1}",497.15177646857694,497.15177646857694,1,14.647997411874371,14.647997411874371,150,150,150,37,57.94168753489098,56.49744702086331,60,24.238392514202314,850,0,0,0.024238392514202314,500,150,60,nan,0,nan,nan,nan,nan,nan,4e-05,8e-06,1.03e-05,1.985e-05,5.12e-05,nan,nan,nan,nan,nan,nan,nan,nan,nan,nan,0,05_resultados\revisao_operacional\campanha_v1\j00517.mat,campanha_v1,,,,,,,,,
j00518,plant_sensitivity,perda_fonte,heuristico_foresight,"{""SOC_initial"": 60, ""tau_b"": 1}",352.8546302093057,352.8546302093057,1,14.584587766249403,14.584587766249403,150,150,150,33,57.54361101969033,56.10454449079022,60,26.07744803137841,850,0,0,0.02607744803137841,500,150,59.65155602675927,nan,0,nan,nan,nan,nan,nan,4.39e-05,9e-06,1.13e-05,1.5700000000000002e-05,4.39e-05,nan,nan,nan,nan,nan,nan,nan,nan,nan,nan,0,05_resultados\revisao_operacional\campanha_v1\j00518.mat,campanha_v1,,,,,,,,,
j00519,plant_sensitivity,perda_fonte,miope_qp,"{""SOC_initial"": 60, ""tau_b"": 1}",497.1513942629863,497.1513942629863,1,14.647997243918727,14.647997243918724,150,150,150,37,57.9081065837405,56.46674786070409,60,24.36904620395194,910.0008250770838,0,12.333333333333334,0.02436904620395194,500,150,59.99997016695535,nan,0,nan,nan,nan,nan,nan,0.0012479,0.0005944,0.0007782500000000001,0.00106295,0.0016423,0.001098,0.0005275,0.0006871,0.000939,0.0014408,nan,nan,nan,nan,nan,0,05_resultados\revisao_operacional\campanha_v1\j00519.mat,campanha_v1,,,,,,,,,
j00520,plant_sensitivity,perda_fonte,mpc_qp_v5,"{""SOC_initial"": 60, ""tau_b"": 1}",350.0049954682016,350.0049954682016,1,14.58333552853553,14.583335528535528,150,150,150,150,57.17015449634884,55.774755588186004,60,27.4141157359209,1469.3170703012393,0,2,0.0274141157359209,500,150,59.396376032628055,0.015030091309071736,800,0,0,1.5347723092418164e-12,333283.200808402,4065633976278518.5,0.0205304,0.023721350000000002,0.0301055,0.0403071,0.0615362,0.0148939,0.0192296,0.025210200000000002,0.0346642,0.0558276,0.0038609,0.00418435,0.0050101,0.0053488500000000005,0.0081519,0,05_resultados\revisao_operacional\campanha_v1\j00520.mat,campanha_v1,,,,,,,,,
j00521,plant_sensitivity,perda_fonte,mpc_qp_estocastico_3cen,"{""SOC_initial"": 60, ""tau_b"": 1}",350.0000002774251,350.0000002774251,1,14.583333333471483,14.583333333471483,150,150,150,150,49.58525274223615,49.58525274223615,60,49.47004947437769,1407.8834967486057,0,0.08333333333333334,0.04947004947437769,500,150,56.366518297705895,7.105427357601002e-15,0,0,0,9.094947017729282e-13,666566.4042708572,8976283259123858.0,0.0434174,0.0486564,0.06494235,0.0975384,0.1656347,0.0298001,0.037014649999999996,0.052930149999999995,0.08615819999999999,0.1538164,0.0107465,0.011213500000000001,0.012157,0.01280115,0.0143779,0,05_resultados\revisao_operacional\evento_adiantado_corrigido_v1\j00521.mat,evento_adiantado_corrigido_v1,,,,,,,,,
j00522,plant_sensitivity,multi_burst,heuristico,"{""SOC_initial"": 60, ""tau_b"": 1}",55.18191617571635,55.18191617571635,1,0.07274708835866692,0.07225692233296738,15,3,0,0,59.506631451384486,58.81457210031389,60,13.111337215521777,1500,0,0,0.013111337215521776,,,,nan,0,nan,nan,nan,nan,nan,5.07e-05,7.9e-06,1.01e-05,1.98e-05,5.07e-05,nan,nan,nan,nan,nan,nan,nan,nan,nan,nan,0,05_resultados\revisao_operacional\campanha_v1\j00522.mat,campanha_v1,,,,,,,,,
j00523,plant_sensitivity,multi_burst,heuristico_foresight,"{""SOC_initial"": 60, ""tau_b"": 1}",36.787944117144235,36.787944117144235,1,0.01757725666583718,0.016762000597759483,7,0,0,0,59.50868066899133,58.665458081459946,60,17.30205447434464,1500,0,0,0.01730205447434464,,,,nan,0,nan,nan,nan,nan,nan,4.56e-05,8.8e-06,1.15e-05,1.3150000000000001e-05,4.8e-05,nan,nan,nan,nan,nan,nan,nan,nan,nan,nan,0,05_resultados\revisao_operacional\campanha_v1\j00523.mat,campanha_v1,,,,,,,,,
j00524,plant_sensitivity,multi_burst,miope_qp,"{""SOC_initial"": 60, ""tau_b"": 1}",84.09502012504943,84.09502012504943,1,0.06488605544343441,0.06488240714167462,3,3,0,0,59.73853802019891,59.06231849632725,60,14.871410024212377,2963.983552398006,0,0,0.014871410024212377,,,,nan,0,nan,nan,nan,nan,nan,0.0012,0.00059725,0.0007353,0.0009043,0.0012096,0.0010573,0.0005315,0.0006514,0.0008038,0.0010621,nan,nan,nan,nan,nan,0,05_resultados\revisao_operacional\campanha_v1\j00524.mat,campanha_v1,,,,,,,,,
j00525,plant_sensitivity,multi_burst,mpc_qp_v5,"{""SOC_initial"": 60, ""tau_b"": 1}",0.017568631591018402,0,1,1.4687505849416554e-05,0,0,0,0,0,58.94020737192149,57.86929284454764,60,21.9715154264472,1147.681493897674,0,0,0.0219715154264472,,,,0.04462404014535082,2186,0,0,4.547473508864641e-13,333283.200808402,4065633976278518.5,0.0202672,0.02259215,0.03065885,0.03622445,0.03986,0.0147388,0.01765875,0.0258667,0.0308325,0.0350021,0.0039418,0.004335,0.005190449999999999,0.00560935,0.0103267,0,05_resultados\revisao_operacional\campanha_v1\j00525.mat,campanha_v1,,,,,,,,,
j00526,plant_sensitivity,multi_burst,mpc_qp_estocastico_3cen,"{""SOC_initial"": 60, ""tau_b"": 1}",5.684341886080802e-14,0,1,3.886223904409686e-15,0,0,0,0,0,53.031070155298885,52.05069019069201,60,43.68779135623235,2410.8930184201713,0,0,0.04368779135623235,,,,0.10135396059826007,1942,0,0,2.1760797608294524e-09,666566.4016168036,8131267952557030.0,0.0411897,0.049149899999999996,0.06409515,0.07261265,0.1064634,0.026462,0.035597000000000004,0.04825905,0.05632215,0.0647622,0.0122576,0.012636399999999999,0.016214100000000002,0.018901750000000002,0.0445276,0,05_resultados\revisao_operacional\campanha_v1\j00526.mat,campanha_v1,,,,,,,,,
j00527,plant_sensitivity,perda_fonte,heuristico,"{""SOC_initial"": 60, ""tau_b"": 2}",592.6122638850534,592.6122638850534,1,14.754610453615202,14.754610453615202,150,150,150,150,57.93978528855198,56.5039066455025,60,24.16369944991276,850,0,0,0.02416369944991276,500,150,60,nan,0,nan,nan,nan,nan,nan,4.16e-05,8.2e-06,1.06e-05,1.145e-05,4.45e-05,nan,nan,nan,nan,nan,nan,nan,nan,nan,nan,0,05_resultados\revisao_operacional\campanha_v1\j00527.mat,campanha_v1,,,,,,,,,
j00528,plant_sensitivity,perda_fonte,heuristico_foresight,"{""SOC_initial"": 60, ""tau_b"": 2}",362.4661767623983,362.4661767623983,1,14.59213408735375,14.59213408735375,150,150,150,150,57.54164304310025,56.110329959008375,60,26.00915945308827,850,0,0,0.02600915945308827,500,150,59.672412178472214,nan,0,nan,nan,nan,nan,nan,4.64e-05,9.1e-06,1.24e-05,2.17e-05,4.64e-05,nan,nan,nan,nan,nan,nan,nan,nan,nan,nan,0,05_resultados\revisao_operacional\campanha_v1\j00528.mat,campanha_v1,,,,,,,,,
j00529,plant_sensitivity,perda_fonte,miope_qp,"{""SOC_initial"": 60, ""tau_b"": 2}",592.6116232891053,592.6116232891053,1,14.754610001373313,14.75461000137331,150,150,150,150,57.9147667951044,56.47501255161039,60,24.32134429297718,1150.0008251042025,0,0,0.02432134429297718,500,150,59.99996967342122,nan,0,nan,nan,nan,nan,nan,0.0012729,0.0006095499999999999,0.00097825,0.001275,0.0017795,0.0011221,0.0005412500000000001,0.0008612,0.00113375,0.0016474,nan,nan,nan,nan,nan,0,05_resultados\revisao_operacional\campanha_v1\j00529.mat,campanha_v1,,,,,,,,,
j00530,plant_sensitivity,perda_fonte,mpc_qp_v5,"{""SOC_initial"": 60, ""tau_b"": 2}",350.0673643906158,350.0673643906158,1,14.583380890632919,14.583380890632919,150,150,150,150,57.09765980475696,55.703914844740474,60,27.741904277043087,1655.8768161818073,0,1.5833333333333335,0.027741904277043088,500,150,59.3449119390287,0.014570765323362878,733,0,0,0.003397654078071355,333283.200808402,4015243775612013.0,0.022231,0.02638185,0.0348464,0.042251,0.0540339,0.0153734,0.0217526,0.029135599999999998,0.035748550000000004,0.0411917,0.0049096,0.0043169,0.0055705,0.0068423500000000005,0.0239545,0,05_resultados\revisao_operacional\campanha_v1\j00530.mat,campanha_v1,,,,,,,,,
j00531,plant_sensitivity,perda_fonte,mpc_qp_estocastico_3cen,"{""SOC_initial"": 60, ""tau_b"": 2}",350.0000079452134,350.0000079452134,1,14.58333333895582,14.583333338955818,150,150,150,150,49.403721718446974,49.403721718446974,60,50.33232183737638,831.9827192014416,0,0,0.050332321837376376,500,150,56.199886737852154,7.105427357601002e-15,0,0,0,5.684341886080801e-13,666566.4042708572,8858386386927326.0,0.0457411,0.0513318,0.06377284999999999,0.1067545,0.1152217,0.0319965,0.039664450000000004,0.05223765,0.0947558,0.1033935,0.0113151,0.0112267,0.0120638,0.012431000000000001,0.0133301,0,05_resultados\revisao_operacional\evento_adiantado_corrigido_v1\j00531.mat,evento_adiantado_corrigido_v1,,,,,,,,,
j00532,plant_sensitivity,multi_burst,heuristico,"{""SOC_initial"": 60, ""tau_b"": 2}",90.97959895689502,90.97959895689502,1,0.20550940327597353,0.20421109022992198,32,6,0,0,59.515824950778885,58.829675043486894,60,13.028594539481423,1500,0,0,0.013028594539481422,,,,nan,0,nan,nan,nan,nan,nan,3.7e-05,8e-06,1.01e-05,1.355e-05,3.7e-05,nan,nan,nan,nan,nan,nan,nan,nan,nan,nan,0,05_resultados\revisao_operacional\campanha_v1\j00532.mat,campanha_v1,,,,,,,,,
j00533,plant_sensitivity,multi_burst,heuristico_foresight,"{""SOC_initial"": 60, ""tau_b"": 2}",60.65306596721214,60.65306596721214,1,0.05272012833377145,0.05090451500122736,21,1,0,0,59.52024384141023,58.67376804474655,60,17.25943197654565,1500,0,0,0.01725943197654565,,,,nan,0,nan,nan,nan,nan,nan,4.56e-05,8.9e-06,1.17e-05,1.79e-05,4.59e-05,nan,nan,nan,nan,nan,nan,nan,nan,nan,nan,0,05_resultados\revisao_operacional\campanha_v1\j00533.mat,campanha_v1,,,,,,,,,
j00534,plant_sensitivity,multi_burst,miope_qp,"{""SOC_initial"": 60, ""tau_b"": 2}",108.89876702879235,108.89876702879235,1,0.11181569961457871,0.11181257841240368,6,3,3,0,59.74187425623582,59.04874506715448,60,14.722425201496351,3747.1860588605105,0,0,0.014722425201496352,,,,nan,0,nan,nan,nan,nan,nan,0.0013036,0.0005925500000000001,0.0007321000000000001,0.0010585500000000001,0.0013036,0.0011674,0.0005269,0.0006467,0.0009460499999999999,0.0011674,nan,nan,nan,nan,nan,0,05_resultados\revisao_operacional\campanha_v1\j00534.mat,campanha_v1,,,,,,,,,
j00535,plant_sensitivity,multi_burst,mpc_qp_v5,"{""SOC_initial"": 60, ""tau_b"": 2}",0.018156780309027454,0,1,1.580937663698325e-05,0,0,0,0,0,58.93780138418609,57.868900645312216,60,21.955742797713445,1159.684896590849,0,0,0.021955742797713444,,,,0.04372173386293099,1983,0,0,2.2737367544323206e-13,333283.200808402,4015243775612013.0,0.0202787,0.023187,0.029526749999999997,0.0331932,0.0392281,0.0137049,0.0184101,0.02494265,0.02809465,0.0342405,0.0049832,0.0041692,0.00491215,0.005211,0.0064705,0,05_resultados\revisao_operacional\campanha_v1\j00535.mat,campanha_v1,,,,,,,,,
j00536,plant_sensitivity,multi_burst,mpc_qp_estocastico_3cen,"{""SOC_initial"": 60, ""tau_b"": 2}",5.684341886080802e-14,0,1,3.684339918415115e-15,0,0,0,0,0,53.01776098508628,52.0414967353629,60,43.699876904327134,2450.73225932527,0,0,0.04369987690432713,,,,0.09935640732840056,1908,0,0,5.650235834764317e-11,666566.4016168036,8030487551224027.0,0.0419269,0.0518009,0.0641582,0.0713799,0.0832873,0.0272497,0.038299349999999996,0.049631999999999996,0.0579159,0.0700998,0.0117456,0.01230765,0.015001500000000001,0.0166094,0.0216227,0,05_resultados\revisao_operacional\campanha_v1\j00536.mat,campanha_v1,,,,,,,,,
j00537,plant_sensitivity,perda_fonte,heuristico,"{""SOC_initial"": 60, ""tau_b"": 4}",661.5203132285619,661.5203132285619,1,14.974534629354196,14.974534629354196,150,150,150,150,57.9358254630095,56.51686432377183,60,24.013110984387037,850,0,0,0.024013110984387038,500,150,60,nan,0,nan,nan,nan,nan,nan,3.89e-05,7.9e-06,1e-05,1.3049999999999999e-05,5.08e-05,nan,nan,nan,nan,nan,nan,nan,nan,nan,nan,0,05_resultados\revisao_operacional\campanha_v1\j00537.mat,campanha_v1,,,,,,,,,
j00538,plant_sensitivity,perda_fonte,heuristico_foresight,"{""SOC_initial"": 60, ""tau_b"": 4}",386.5415554611312,386.5415554611312,1,14.6292215250434,14.6292215250434,150,150,150,150,57.5376292152963,56.12273376792944,60,25.863832746371347,850,0,0,0.025863832746371346,500,150,59.71090412332471,nan,0,nan,nan,nan,nan,nan,4.87e-05,9e-06,1.17e-05,1.55e-05,7.98e-05,nan,nan,nan,nan,nan,nan,nan,nan,nan,nan,0,05_resultados\revisao_operacional\campanha_v1\j00538.mat,campanha_v1,,,,,,,,,
j00539,plant_sensitivity,perda_fonte,miope_qp,"{""SOC_initial"": 60, ""tau_b"": 4}",661.5195158741905,661.5195158741905,1,14.976601180396909,14.976601108981498,151,150,150,150,57.934232217738725,56.49900410352201,60,24.18356268835862,1302.446048922342,0,0,0.02418356268835862,500,158,59.99997060401558,nan,0,nan,nan,nan,nan,nan,0.001227,0.0006067,0.00068915,0.00086815,0.001227,0.0010858,0.00054075,0.0006105500000000001,0.0007764,0.0010858,nan,nan,nan,nan,nan,0,05_resultados\revisao_operacional\campanha_v1\j00539.mat,campanha_v1,,,,,,,,,
j00540,plant_sensitivity,perda_fonte,mpc_qp_v5,"{""SOC_initial"": 60, ""tau_b"": 4}",350.0206644118924,350.0206644118924,1,14.58335928332686,14.583359283326859,150,150,150,150,56.710710795910394,55.31988818982572,60,29.550650077721116,1547.0634235847715,0,0.08333333333333334,0.029550650077721115,500,150,58.99666032730206,0.01401801022322502,653,0,0,0.005466600370425567,333283.200808402,3903314509184172.5,0.0210871,0.027358649999999998,0.038205,0.04508275,0.0671834,0.0146406,0.0226689,0.03207965,0.03710895,0.0583409,0.0041602,0.00438355,0.0059655,0.0078903,0.0237345,0,05_resultados\revisao_operacional\campanha_v1\j00540.mat,campanha_v1,,,,,,,,,
j00541,plant_sensitivity,perda_fonte,mpc_qp_estocastico_3cen,"{""SOC_initial"": 60, ""tau_b"": 4}",350.0007637244156,350.0007637244156,1,14.583334292414964,14.583334292414959,150,150,150,150,49.246655674237985,49.246655674237985,60,51.07838554736901,980.952516548603,0,0,0.05107838554736901,500,150,56.06875954168549,7.105427357601002e-15,0,0,0,5.684341886080801e-13,666566.4042708572,8596558524070728.0,0.0476351,0.050091,0.06637975,0.10648740000000001,0.1126044,0.0336973,0.0383307,0.054254250000000004,0.09465725,0.0998805,0.0115535,0.0113035,0.012476899999999999,0.013518200000000001,0.0163388,0,05_resultados\revisao_operacional\evento_adiantado_corrigido_v1\j00541.mat,evento_adiantado_corrigido_v1,,,,,,,,,
j00542,plant_sensitivity,multi_burst,heuristico,"{""SOC_initial"": 60, ""tau_b"": 4}",116.82011746071073,116.82011746071073,1,0.4940087286383509,0.4910500537121556,65,14,3,0,59.531451277319036,58.84863995511495,60,12.861086369478649,1500,0,0,0.012861086369478648,,,,nan,0,nan,nan,nan,nan,nan,5.88e-05,8e-06,9.2e-06,1.1249999999999999e-05,5.88e-05,nan,nan,nan,nan,nan,nan,nan,nan,nan,nan,0,05_resultados\revisao_operacional\campanha_v1\j00542.mat,campanha_v1,,,,,,,,,
j00543,plant_sensitivity,multi_burst,heuristico_foresight,"{""SOC_initial"": 60, ""tau_b"": 4}",77.8789957232829,77.8789957232829,1,0.14942239332613905,0.14503650583890249,51,2,0,0,59.535727186098256,58.69192822284753,60,17.10585537162122,1500,0,0,0.01710585537162122,,,,nan,0,nan,nan,nan,nan,nan,4.54e-05,9e-06,1.04e-05,1.7e-05,4.54e-05,nan,nan,nan,nan,nan,nan,nan,nan,nan,nan,0,05_resultados\revisao_operacional\campanha_v1\j00543.mat,campanha_v1,,,,,,,,,
j00544,plant_sensitivity,multi_burst,miope_qp,"{""SOC_initial"": 60, ""tau_b"": 4}",126.9660049436929,126.9660049436929,1,0.18023078725552943,0.18022854681518988,9,6,3,0,59.74296553177148,59.0341543684284,60,14.737274973427379,5173.156263006143,0,0,0.014737274973427378,,,,nan,0,nan,nan,nan,nan,nan,0.0012756,0.0005929500000000001,0.00074065,0.00087865,0.0012756,0.0011285,0.00052815,0.0006603,0.0007977500000000001,0.0011285,nan,nan,nan,nan,nan,0,05_resultados\revisao_operacional\campanha_v1\j00544.mat,campanha_v1,,,,,,,,,
j00545,plant_sensitivity,multi_burst,mpc_qp_v5,"{""SOC_initial"": 60, ""tau_b"": 4}",0.019450806396037024,0,1,1.7024911375097885e-05,0,0,0,0,0,58.939693929456766,57.87469673369364,60,21.876113838439284,1180.7726719834463,0,0,0.021876113838439286,,,,0.041776286010900776,1941,0,0,1.5688783605583012e-11,333283.200808402,3903314509184172.5,0.0211216,0.0252441,0.0312189,0.03394825,0.045107,0.0138887,0.0203948,0.02614365,0.02861565,0.0335693,0.0048336,0.004457050000000001,0.00544535,0.0067577,0.0163306,0,05_resultados\revisao_operacional\campanha_v1\j00545.mat,campanha_v1,,,,,,,,,
j00546,plant_sensitivity,multi_burst,mpc_qp_estocastico_3cen,"{""SOC_initial"": 60, ""tau_b"": 4}",5.684341886080802e-14,0,1,4.082442331718481e-15,0,0,0,0,0,53.008036634122966,52.04152700062758,60,43.627543426107664,2534.495855326977,0,0,0.04362754342610766,,,,0.09516505535491859,1781,0,0,2.3942448024172336e-09,666566.4016168036,7806629018368347.0,0.0549548,0.052293599999999996,0.06420165,0.067491,0.0745971,0.0327064,0.03927795,0.049731449999999996,0.053172250000000004,0.058819,0.0194177,0.0124264,0.0150299,0.01872355,0.0259045,0,05_resultados\revisao_operacional\campanha_v1\j00546.mat,campanha_v1,,,,,,,,,
j00547,windows,diploee_facility_window01,heuristico,{},4.810456071489199,4.810456071489199,1,0.0996092524947815,0.09319229021047026,199,0,0,0,58.44617038008592,58.44617038008592,60,7.38069069459149,393.1312200600778,0,0,0.00738069069459149,,,,nan,0,nan,nan,nan,nan,nan,4.88e-05,8.1e-06,9.75e-06,1.685e-05,4.88e-05,nan,nan,nan,nan,nan,nan,nan,nan,nan,nan,0,05_resultados\revisao_operacional\campanha_v1\j00547.mat,campanha_v1,,,,,,,,,
j00548,windows,diploee_facility_window01,heuristico_foresight,{},4.808090582831625,4.808090582831625,1,0.09814758798362416,0.09157842101921512,197,0,0,0,58.44291001868436,58.44291001868436,60,7.396177411249016,393.1312200600778,0,0,0.007396177411249016,,,,nan,0,nan,nan,nan,nan,nan,5.09e-05,9.1e-06,1.025e-05,1.41e-05,5.09e-05,nan,nan,nan,nan,nan,nan,nan,nan,nan,nan,0,05_resultados\revisao_operacional\campanha_v1\j00548.mat,campanha_v1,,,,,,,,,
j00549,windows,diploee_facility_window01,miope_qp,{},6.931318745273529e-05,0,1,5.809880826903035e-06,0,0,0,0,0,58.39171760591652,58.39171760591652,60.06397564949811,9.405581409853406,564.8924549729214,0,0,0.009405581409853406,,,,nan,0,nan,nan,nan,nan,nan,0.0012698,0.0006006,0.0007260999999999999,0.00091785,0.0012698,0.0011152,0.0005337,0.0006456,0.00082255,0.0011152,nan,nan,nan,nan,nan,0,05_resultados\revisao_operacional\campanha_v1\j00549.mat,campanha_v1,,,,,,,,,
j00550,windows,diploee_facility_window01,mpc_qp_v5,{},0.004791089564832873,0,1,3.811020500607781e-06,0,0,0,0,0,57.69298280942389,57.69298280942389,60,10.95861031485678,287.41292970894546,0,0,0.01095861031485678,,,,4.327250181290765e-06,1582,0,0,7.958078640513122e-13,333283.200808402,4015243775612013.0,0.022096,0.0203203,0.03359785,0.03542545,0.040393,0.0160306,0.0155814,0.028752800000000002,0.030300149999999998,0.0330031,0.0042009,0.0042828,0.005088199999999999,0.0057726,0.0092344,0,05_resultados\revisao_operacional\campanha_v1\j00550.mat,campanha_v1,,,,,,,,,
j00551,windows,diploee_facility_window01,mpc_qp_estocastico_3cen,{},5.684341886080802e-14,0,1,4.585146402218903e-15,0,0,0,0,0,50.89206871393185,50.89206871393185,60,44.30209478320412,1545.1408629340062,0,0,0.04430209478320412,,,,0.03184844913103291,3766,0,0,1.546140993013978e-10,666566.4042708572,8858386386927326.0,0.0540781,0.06124975,0.0707791,0.07887654999999999,0.1019657,0.0382135,0.0478109,0.056574650000000004,0.061445,0.0825185,0.0123254,0.01267835,0.01505395,0.0194561,0.0286388,0,05_resultados\revisao_operacional\campanha_v1\j00551.mat,campanha_v1,,,,,,,,,
j00552,windows,diploee_facility_window02,heuristico,{},8.021920661150972,8.021920661150972,1,0.2878923347839285,0.2563693224929375,213,0,0,0,58.67025567635152,58.221451498768744,60,18.93353764787096,1431.651209598604,0,0,0.01893353764787096,,,,nan,0,nan,nan,nan,nan,nan,4.46e-05,8.1e-06,9.6e-06,1.6349999999999998e-05,4.46e-05,nan,nan,nan,nan,nan,nan,nan,nan,nan,nan,0,05_resultados\revisao_operacional\campanha_v1\j00552.mat,campanha_v1,,,,,,,,,
j00553,windows,diploee_facility_window02,heuristico_foresight,{},8.02170230377763,8.02170230377763,1,0.17028102178284707,0.138795527136806,153,0,0,0,58.464948973731566,58.01614479614879,60,17.903887581555882,1431.651209598604,0,0,0.01790388758155588,,,,nan,0,nan,nan,nan,nan,nan,5.59e-05,9e-06,1.09e-05,2.2199999999999998e-05,5.59e-05,nan,nan,nan,nan,nan,nan,nan,nan,nan,nan,0,05_resultados\revisao_operacional\campanha_v1\j00553.mat,campanha_v1,,,,,,,,,
j00554,windows,diploee_facility_window02,miope_qp,{},6.883591410655754e-05,0,1,8.23052439534739e-06,0,0,0,0,0,58.193350553265915,57.88030299373228,60.05842001075586,17.363119103210487,1224.5489810457348,0,0,0.017363119103210485,,,,nan,0,nan,nan,nan,nan,nan,0.0012794,0.0005952,0.0007912,0.00096795,0.0012794,0.0011373,0.0005281999999999999,0.00069845,0.0008818000000000001,0.0011373,nan,nan,nan,nan,nan,0,05_resultados\revisao_operacional\campanha_v1\j00554.mat,campanha_v1,,,,,,,,,
j00555,windows,diploee_facility_window02,mpc_qp_v5,{},0.6222886821865021,0,1,0.00019104365661891276,0,0,0,0,0,56.84642824302722,56.561562098505,60.000084061191856,19.093385001472733,942.995936704528,0,0,0.019093385001472733,,,,0.017491189282480946,3759,0,0,4.888534022029489e-12,333283.200808402,4015243775612013.0,0.0229127,0.027777549999999998,0.035309,0.03827285,0.0420389,0.0158782,0.02293655,0.030393,0.033177200000000004,0.0369593,0.0043796,0.0042719,0.0051906,0.0057232,0.0069346,0,05_resultados\revisao_operacional\campanha_v1\j00555.mat,campanha_v1,,,,,,,,,
j00556,windows,diploee_facility_window02,mpc_qp_estocastico_3cen,{},5.684341886080802e-14,0,1,4.08716993505815e-15,0,0,0,0,0,47.595985976658426,47.595985976658426,60,60.03949943752307,2191.3083830968626,0,0,0.06003949943752307,,,,0.04032990643347034,2818,0,0,2.7341684472048655e-10,666566.4042708572,8858386386927326.0,0.0557358,0.0612481,0.0713932,0.0794033,0.09777,0.0383522,0.0474481,0.0566421,0.061362150000000004,0.0687166,0.0139802,0.0129314,0.0171874,0.0213,0.0439987,0,05_resultados\revisao_operacional\campanha_v1\j00556.mat,campanha_v1,,,,,,,,,
j00557,windows,diploee_facility_window03,heuristico,{},5.375759423768699,5.375759423768699,1,0.06224877800550475,0.06224151444642896,44,0,0,0,59.62152665571705,59.62152665571705,60,1.7977483853440308,300,0,0,0.0017977483853440308,1097,45,60,nan,0,nan,nan,nan,nan,nan,4.97e-05,8.2e-06,1.01e-05,2.355e-05,5.52e-05,nan,nan,nan,nan,nan,nan,nan,nan,nan,nan,0,05_resultados\revisao_operacional\campanha_v1\j00557.mat,campanha_v1,,,,,,,,,
j00558,windows,diploee_facility_window03,heuristico_foresight,{},5.375759423757302,5.375759423757302,1,0.06223126626064802,0.06223089303626935,44,0,0,0,59.621487661533635,59.621487661533635,60,1.7979336077152948,300,0,0,0.0017979336077152948,1097,45,59.99996469249972,nan,0,nan,nan,nan,nan,nan,4.81e-05,9e-06,1.02e-05,1.5799999999999998e-05,4.81e-05,nan,nan,nan,nan,nan,nan,nan,nan,nan,nan,0,05_resultados\revisao_operacional\campanha_v1\j00558.mat,campanha_v1,,,,,,,,,
j00559,windows,diploee_facility_window03,miope_qp,{},7.17000283714242e-05,0,1,6.956306931025811e-07,0,0,0,0,0,59.51907441109227,59.49504077973489,60,4.7728262803162345,694.5785413700206,0,0,0.004772826280316235,1097,0,59.887315698689406,nan,0,nan,nan,nan,nan,nan,0.001276,0.0005915,0.0007298000000000001,0.0008826000000000001,0.001276,0.0011284,0.0005265,0.0006478,0.0007913,0.0011548,nan,nan,nan,nan,nan,0,05_resultados\revisao_operacional\campanha_v1\j00559.mat,campanha_v1,,,,,,,,,
j00560,windows,diploee_facility_window03,mpc_qp_v5,{},0.014006582461945527,0,1,3.890717355328242e-06,0,0,0,0,0,59.15261175766152,59.14823104512578,60,4.068958917419432,324.68185694348,0,0,0.004068958917419432,1097,0,59.80062200196956,0.0005922770446815662,73,0,0,1.1368683772161603e-12,333283.200808402,4015243775612013.0,0.0200146,0.01921035,0.02911085,0.03406805,0.0353966,0.0135237,0.014779299999999999,0.024468,0.02937925,0.0310575,0.0045232,0.004086350000000001,0.0047192499999999995,0.005094,0.0054158,0,05_resultados\revisao_operacional\campanha_v1\j00560.mat,campanha_v1,,,,,,,,,
j00561,windows,diploee_facility_window03,mpc_qp_estocastico_3cen,{},5.684341886080802e-14,0,1,4.648553918339281e-15,0,0,0,0,0,54.04123566861288,54.04123566861288,60,29.657624971473446,1690.7828500365126,0,0,0.029657624971473447,1097,0,55.633115980337365,0.024909522773718606,4984,0,0,1.34718902700115e-10,666566.4042708572,8858386386927326.0,0.0535155,0.05593095,0.06673884999999999,0.0696132,0.0724197,0.0385901,0.043321700000000005,0.05363755,0.05647835,0.0587418,0.0122002,0.0121573,0.01347025,0.01449895,0.0200201,0,05_resultados\revisao_operacional\campanha_v1\j00561.mat,campanha_v1,,,,,,,,,
j00562,windows,diploee_facility_window04,heuristico,{},5.619349331267912,5.619349331267912,1,0.16218192581066804,0.1426558077623548,176,0,0,0,59.505957668303516,59.058711601808966,60,11.364042707866757,1437.8441086808243,0,0,0.011364042707866756,,,,nan,0,nan,nan,nan,nan,nan,4.52e-05,7.7e-06,9e-06,9.5e-06,4.52e-05,nan,nan,nan,nan,nan,nan,nan,nan,nan,nan,0,05_resultados\revisao_operacional\campanha_v1\j00562.mat,campanha_v1,,,,,,,,,
j00563,windows,diploee_facility_window04,heuristico_foresight,{},5.619341098712255,5.619341098712255,1,0.1597306467991402,0.1402647284409495,174,0,0,0,59.508522851323534,59.057785272151875,60,11.442369446933313,1432.297248178836,0,0,0.011442369446933312,,,,nan,0,nan,nan,nan,nan,nan,4.58e-05,8.9e-06,1.1249999999999999e-05,2.49e-05,8.27e-05,nan,nan,nan,nan,nan,nan,nan,nan,nan,nan,0,05_resultados\revisao_operacional\campanha_v1\j00563.mat,campanha_v1,,,,,,,,,
j00564,windows,diploee_facility_window04,miope_qp,{},6.890439951234839e-05,0,1,3.562849064605703e-06,0,0,0,0,0,59.76011983866292,59.02530954134786,60,14.13033373865537,1706.2860146478442,0,0,0.01413033373865537,,,,nan,0,nan,nan,nan,nan,nan,0.0012881,0.0005656,0.0006778,0.0008627999999999999,0.0012881,0.0011437,0.0005034,0.000601,0.0007709500000000001,0.0011437,nan,nan,nan,nan,nan,0,05_resultados\revisao_operacional\campanha_v1\j00564.mat,campanha_v1,,,,,,,,,
j00565,windows,diploee_facility_window04,mpc_qp_v5,{},1.3992170602585752,1.3992170602585752,1,0.0004898471664748214,0.000388671405627382,1,0,0,0,58.83748426311577,57.96385171511172,60,18.36494504995294,1132.8009902939518,0,0,0.01836494504995294,,,,0.01415755456618939,3974,0,0,1.0231815394945443e-12,333283.2021354289,4732855740531790.0,0.0321194,0.026054050000000002,0.033987100000000006,0.03887715,0.0477615,0.0256306,0.02139135,0.0288681,0.03347125,0.0423861,0.0043087,0.00428745,0.00523675,0.0060352,0.0121067,0,05_resultados\revisao_operacional\campanha_v1\j00565.mat,campanha_v1,,,,,,,,,
j00566,windows,diploee_facility_window04,mpc_qp_estocastico_3cen,{},5.684341886080802e-14,0,1,4.1926570240294024e-15,0,0,0,0,0,49.60431054089326,49.601884529200646,60,49.897612542247266,2421.2365071279746,0,0,0.04989761254224727,,,,0.02295312766847246,4698,0,0,2.162323653465137e-10,666566.4042708572,9575998351847100.0,0.0609361,0.057374800000000004,0.0657787,0.07052459999999999,0.0840219,0.0451841,0.04462435,0.05188315,0.054786100000000004,0.0671964,0.0129516,0.01234765,0.0144482,0.01677005,0.0313709,0,05_resultados\revisao_operacional\campanha_v1\j00566.mat,campanha_v1,,,,,,,,,
j00567,windows,diploee_facility_window05,heuristico,{},4.320998020470242,4.320998020470242,1,0.15452438453781958,0.1406590963962417,189,0,0,0,57.647319364899964,57.647319364899964,60,13.39070348115271,886.8187431442357,0,0,0.01339070348115271,,,,nan,0,nan,nan,nan,nan,nan,4.6e-05,7.7e-06,9.8e-06,1.08e-05,4.6e-05,nan,nan,nan,nan,nan,nan,nan,nan,nan,nan,0,05_resultados\revisao_operacional\campanha_v1\j00567.mat,campanha_v1,,,,,,,,,
j00568,windows,diploee_facility_window05,heuristico_foresight,{},4.320993654607619,4.320993654607619,1,0.13603777004552714,0.12240002258236919,169,0,0,0,57.61484804887706,57.61484804887706,60,13.26479010699062,849.0367937082602,0,0,0.01326479010699062,,,,nan,0,nan,nan,nan,nan,nan,4.55e-05,8.5e-06,1.09e-05,1.145e-05,4.55e-05,nan,nan,nan,nan,nan,nan,nan,nan,nan,nan,0,05_resultados\revisao_operacional\campanha_v1\j00568.mat,campanha_v1,,,,,,,,,
j00569,windows,diploee_facility_window05,miope_qp,{},6.870774546996472e-05,0,1,6.907218164160774e-06,0,0,0,0,0,57.81768147398646,57.81768147398646,60.01641145747903,16.18258912706234,1378.736926332021,0,0,0.01618258912706234,,,,nan,0,nan,nan,nan,nan,nan,0.0012816,0.0005865499999999999,0.0006979,0.0008798,0.0012816,0.0011171,0.0005223,0.0006225499999999999,0.0008022999999999999,0.0011171,nan,nan,nan,nan,nan,0,05_resultados\revisao_operacional\campanha_v1\j00569.mat,campanha_v1,,,,,,,,,
j00570,windows,diploee_facility_window05,mpc_qp_v5,{},0.1446372893441108,0,1,4.4648636518516724e-05,0,0,0,0,0,57.254892527310965,57.254892527310965,60,20.12099663448016,536.4725520446065,0,0,0.02012099663448016,,,,0.014494338874207813,768,0,0,1.000444171950221e-11,333283.200808402,4015243775612013.0,0.0202099,0.026149949999999998,0.034151,0.038211049999999996,0.042261,0.0146232,0.0216405,0.0290838,0.03333655,0.0375073,0.003962,0.0041227,0.0049846,0.0054801,0.0101599,0,05_resultados\revisao_operacional\campanha_v1\j00570.mat,campanha_v1,,,,,,,,,
j00571,windows,diploee_facility_window05,mpc_qp_estocastico_3cen,{},5.684341886080802e-14,0,1,4.4269988909285806e-15,0,0,0,0,0,48.16051186937886,48.16051186937886,60,58.33460823061076,1585.4501836545924,0,0,0.05833460823061076,,,,0.01975166589335231,2285,0,0,0.0033139544295863743,666566.4042708572,8858386386927326.0,0.0551195,0.058705999999999994,0.06832289999999999,0.07100515,0.0857337,0.0402338,0.045915,0.0550743,0.057854100000000006,0.0619492,0.0119899,0.012485099999999999,0.01374565,0.01467885,0.0270386,0,05_resultados\revisao_operacional\campanha_v1\j00571.mat,campanha_v1,,,,,,,,,
j00572,windows,diploee_facility_window06,heuristico,{},4.4621764631200165,4.4621764631200165,1,0.13750634572515275,0.12744989163558554,211,0,0,0,59.504145921006554,59.20373193882382,60,6.807799675011033,832.2239521211322,0,0,0.006807799675011033,,,,nan,0,nan,nan,nan,nan,nan,4.42e-05,8.1e-06,9.3e-06,1.235e-05,4.42e-05,nan,nan,nan,nan,nan,nan,nan,nan,nan,nan,0,05_resultados\revisao_operacional\campanha_v1\j00572.mat,campanha_v1,,,,,,,,,
j00573,windows,diploee_facility_window06,heuristico_foresight,{},4.4621757177039,4.4621757177039,1,0.11628666273166746,0.10588656654088159,179,0,0,0,59.50351462160269,59.16870701928637,60,6.841291849801537,832.2239521211325,0,0,0.006841291849801537,,,,nan,0,nan,nan,nan,nan,nan,5.06e-05,9.2e-06,1.5799999999999998e-05,2.08e-05,5.06e-05,nan,nan,nan,nan,nan,nan,nan,nan,nan,nan,0,05_resultados\revisao_operacional\campanha_v1\j00573.mat,campanha_v1,,,,,,,,,
j00574,windows,diploee_facility_window06,miope_qp,{},6.942802372122969e-05,0,1,3.537020155741137e-06,0,0,0,0,0,59.71432490722464,59.14620393618931,60,9.535023790246088,1587.3670957242407,0,0,0.009535023790246087,,,,nan,0,nan,nan,nan,nan,nan,0.0012807,0.0006148,0.0007705500000000001,0.0009621,0.0018486,0.0011185,0.0005461,0.0006813500000000001,0.00087055,0.0017629,nan,nan,nan,nan,nan,0,05_resultados\revisao_operacional\campanha_v1\j00574.mat,campanha_v1,,,,,,,,,
j00575,windows,diploee_facility_window06,mpc_qp_v5,{},0.01287281179367028,0,1,6.795925230643528e-06,0,0,0,0,0,58.91278357603603,58.29683602697892,60,11.678601942116313,688.7108241908137,0,0,0.011678601942116312,,,,0.014325691785494143,2914,0,0,7.958078640513122e-13,333283.200808402,4015243775612013.0,0.0213477,0.024836900000000002,0.032651700000000006,0.0357511,0.0497221,0.0147576,0.0202375,0.027711399999999997,0.030488750000000002,0.0346892,0.0046082,0.00421995,0.0050049,0.00571935,0.0188378,0,05_resultados\revisao_operacional\campanha_v1\j00575.mat,campanha_v1,,,,,,,,,
j00576,windows,diploee_facility_window06,mpc_qp_estocastico_3cen,{},5.684341886080802e-14,0,1,4.7813257982494876e-15,0,0,0,0,0,50.00829131248289,50.00829131248289,60,47.643027244398965,1945.077833650831,0,0,0.047643027244398964,,,,0.02852496640890223,1836,0,0,1.787157088983804e-10,666566.4042708572,8858386386927326.0,0.0530246,0.05818105,0.06756424999999999,0.07721919999999999,0.102412,0.0375185,0.0452265,0.0544718,0.062421950000000004,0.0712334,0.0127345,0.012448500000000001,0.01331645,0.01501335,0.0394069,0,05_resultados\revisao_operacional\campanha_v1\j00576.mat,campanha_v1,,,,,,,,,
j00577,windows,diploee_facility_window07,heuristico,{},7.3150308823802135,7.3150308823802135,1,0.11495073801703859,0.1119934725685628,84,0,0,0,58.60021665745591,58.60021665745591,60,6.672255114259338,529.3887154511351,0,0,0.0066722551142593374,,,,nan,0,nan,nan,nan,nan,nan,4.3e-05,8.1e-06,9.75e-06,1.59e-05,4.3e-05,nan,nan,nan,nan,nan,nan,nan,nan,nan,nan,0,05_resultados\revisao_operacional\campanha_v1\j00577.mat,campanha_v1,,,,,,,,,
j00578,windows,diploee_facility_window07,heuristico_foresight,{},7.315030238808788,7.315030238808788,1,0.11375132244832735,0.11081906309732995,83,0,0,0,58.597545865081166,58.597545865081166,60,6.68494137803959,529.388715451135,0,0,0.00668494137803959,,,,nan,0,nan,nan,nan,nan,nan,4.83e-05,9.1e-06,1.02e-05,1.1949999999999999e-05,4.83e-05,nan,nan,nan,nan,nan,nan,nan,nan,nan,nan,0,05_resultados\revisao_operacional\campanha_v1\j00578.mat,campanha_v1,,,,,,,,,
j00579,windows,diploee_facility_window07,miope_qp,{},7.090811072885117e-05,0,1,4.653242664782766e-06,0,0,0,0,0,58.79374453126435,58.79374453126435,60.06749498484231,9.89872443470349,1381.9892072595032,0,0,0.009898724434703491,,,,nan,0,nan,nan,nan,nan,nan,0.0014092,0.00063725,0.0008953,0.0010503499999999998,0.0014092,0.001234,0.0005673,0.00079615,0.00095735,0.001234,nan,nan,nan,nan,nan,0,05_resultados\revisao_operacional\campanha_v1\j00579.mat,campanha_v1,,,,,,,,,
j00580,windows,diploee_facility_window07,mpc_qp_v5,{},1.4510352861306828,1.4510352861306828,1,0.0005024486809910112,0.000403065357258523,1,0,0,0,58.704957543446156,58.704957543446156,60.041446584448714,15.591223780146636,643.3600826177078,0,0,0.015591223780146636,,,,0.01446254683905579,801,0,0,9.094947017729282e-13,333283.200808402,4015243775612013.0,0.0230514,0.02393005,0.0326595,0.035461099999999995,0.0415766,0.0165275,0.019220300000000003,0.0279378,0.0303919,0.0336843,0.0046607,0.00427015,0.00505795,0.0054482,0.0124503,0,05_resultados\revisao_operacional\campanha_v1\j00580.mat,campanha_v1,,,,,,,,,
j00581,windows,diploee_facility_window07,mpc_qp_estocastico_3cen,{},5.684341886080802e-14,0,1,4.3102789855827454e-15,0,0,0,0,0,50.18443806283527,50.18443806283527,60,48.440578672836466,2043.2525182116865,0,0,0.048440578672836465,,,,0.026558932206640407,4767,0,0,4.856701707467437e-10,666566.4042708572,8858386386927326.0,0.0512817,0.059848,0.0682604,0.0711874,0.0753059,0.0370428,0.04668355,0.0549963,0.057830450000000005,0.0620821,0.0115796,0.012583,0.0139852,0.0157497,0.0194634,0,05_resultados\revisao_operacional\campanha_v1\j00581.mat,campanha_v1,,,,,,,,,
j00582,windows,diploee_facility_window08,heuristico,{},67.90178713197719,67.90178713197719,1,0.2396581611645205,0.19825860728560638,242,1,0,0,57.41173467138039,57.21419611872278,60,18.426616343114596,1437.9791536334942,0,0,0.018426616343114596,,,,nan,0,nan,nan,nan,nan,nan,4.56e-05,8e-06,1e-05,1.62e-05,5.21e-05,nan,nan,nan,nan,nan,nan,nan,nan,nan,nan,0,05_resultados\revisao_operacional\campanha_v1\j00582.mat,campanha_v1,,,,,,,,,
j00583,windows,diploee_facility_window08,heuristico_foresight,{},67.90178713197719,67.90178713197719,1,0.20124370380390397,0.16633641373695052,186,1,0,0,57.34216891078262,57.17157624888849,60,18.0858294946985,1437.9791536334944,0,0,0.018085829494698502,,,,nan,0,nan,nan,nan,nan,nan,4.65e-05,8.8e-06,9.9e-06,1.24e-05,4.65e-05,nan,nan,nan,nan,nan,nan,nan,nan,nan,nan,0,05_resultados\revisao_operacional\campanha_v1\j00583.mat,campanha_v1,,,,,,,,,
j00584,windows,diploee_facility_window08,miope_qp,{},64.73479992866109,64.73479992866109,1,0.01799168503208725,0.017981888869072524,1,1,0,0,57.597799752746084,57.396397359199014,60,19.490889594261976,1754.873711462968,0,0,0.019490889594261977,,,,nan,0,nan,nan,nan,nan,nan,0.0012395,0.0005859999999999999,0.0007876000000000001,0.0009597,0.0012395,0.0010998,0.000521,0.00070615,0.00084825,0.0010998,nan,nan,nan,nan,nan,0,05_resultados\revisao_operacional\campanha_v1\j00584.mat,campanha_v1,,,,,,,,,
j00585,windows,diploee_facility_window08,mpc_qp_v5,{},2.962438079977602,2.962438079977602,1,0.0008283962885580873,0.000822899466660445,1,0,0,0,55.967395323906146,55.9082459299158,60,23.40721029504456,1545.8994423766671,0,0,0.02340721029504456,,,,0.014580296158278827,5854,0,0,1.4779288903810084e-12,333283.2021354289,4843142611315303.0,0.0254795,0.028561999999999997,0.03554505,0.038776149999999995,0.0459923,0.0195466,0.02385485,0.0304694,0.03360235,0.0402885,0.00404,0.00436255,0.0053209,0.0057816,0.0069347,0,05_resultados\revisao_operacional\campanha_v1\j00585.mat,campanha_v1,,,,,,,,,
j00586,windows,diploee_facility_window08,mpc_qp_estocastico_3cen,{},5.684341886080802e-14,0,1,4.53484472195953e-15,0,0,0,0,0,45.20354290323708,45.20354290323708,60,70.30770695099581,2185.06532233141,0,0,0.07030770695099581,,,,0.027113221396056986,506,0,0,3.56180862581823e-10,666566.4042708572,9686285222630616.0,0.0578395,0.060743000000000005,0.06887499999999999,0.07422915,0.1015816,0.0422284,0.0478231,0.055640499999999996,0.0597564,0.0670531,0.0127949,0.01260095,0.013995150000000001,0.016279000000000002,0.0376502,0,05_resultados\revisao_operacional\campanha_v1\j00586.mat,campanha_v1,,,,,,,,,
j00587,windows,diploee_facility_window09,heuristico,{},7.2778383995882905,7.2778383995882905,1,0.20646234590915322,0.18823419158688043,262,0,0,0,58.993328037735466,58.3590181367891,60,17.274171765839913,1431.3499240656552,0,0,0.017274171765839914,,,,nan,0,nan,nan,nan,nan,nan,4.3e-05,7.9e-06,9e-06,1.005e-05,4.3e-05,nan,nan,nan,nan,nan,nan,nan,nan,nan,nan,0,05_resultados\revisao_operacional\campanha_v1\j00587.mat,campanha_v1,,,,,,,,,
j00588,windows,diploee_facility_window09,heuristico_foresight,{},7.277790775762142,7.277790775762142,1,0.17331565210873404,0.15525660573642192,213,0,0,0,58.936497920605845,58.30218801965948,60,17.01360013107215,1410.3028876839255,0,0,0.01701360013107215,,,,nan,0,nan,nan,nan,nan,nan,4.51e-05,8.9e-06,1.67e-05,2.005e-05,5.51e-05,nan,nan,nan,nan,nan,nan,nan,nan,nan,nan,0,05_resultados\revisao_operacional\campanha_v1\j00588.mat,campanha_v1,,,,,,,,,
j00589,windows,diploee_facility_window09,miope_qp,{},0.00034604451795861024,0,1,9.822808756711426e-06,0,0,0,0,0,58.633056008236984,58.292151963570525,60,15.390036282742404,1262.67543187603,0,0,0.015390036282742403,,,,nan,0,nan,nan,nan,nan,nan,0.0012121,0.00060125,0.0007737,0.00095735,0.0012538,0.0010737,0.00053495,0.00068505,0.00086425,0.0011332,nan,nan,nan,nan,nan,0,05_resultados\revisao_operacional\campanha_v1\j00589.mat,campanha_v1,,,,,,,,,
j00590,windows,diploee_facility_window09,mpc_qp_v5,{},0.2095038538661953,0,1,6.873625734962912e-05,0,0,0,0,0,57.14546924079656,56.876112089068265,60,18.44088738052395,960.679177143701,0,0,0.01844088738052395,,,,0.01737301788545409,2342,0,0,7.16227077646181e-12,333283.2021354289,4843142611315303.0,0.0291226,0.028607050000000002,0.0339253,0.036099599999999996,0.0387266,0.0226015,0.023563,0.029301800000000003,0.03117885,0.0336695,0.0046377,0.0043552,0.0053634500000000005,0.00579525,0.0071979,0,05_resultados\revisao_operacional\campanha_v1\j00590.mat,campanha_v1,,,,,,,,,
j00591,windows,diploee_facility_window09,mpc_qp_estocastico_3cen,{},5.684341886080802e-14,0,1,4.453536305169968e-15,0,0,0,0,0,46.53696085448242,46.44147750504695,60,64.90552579542444,1707.6846742632206,0,0,0.06490552579542444,,,,0.007323755030490986,888,0,0,6.804157237638719e-10,666566.4042708572,9686285222630616.0,0.0656454,0.062312,0.07122385,0.0753089,0.0795313,0.0495802,0.04910985,0.0582315,0.0625946,0.0636751,0.0123729,0.01264245,0.0141554,0.01551265,0.0205601,0,05_resultados\revisao_operacional\campanha_v1\j00591.mat,campanha_v1,,,,,,,,,
j00592,windows,diploee_facility_window10,heuristico,{},4.843141558412157,4.843141558412157,1,0.2191496000103729,0.21751407611699566,298,0,0,0,59.51965264923122,58.90306749150062,60,10.713367951839212,1437.167529477368,0,0,0.010713367951839211,,,,nan,0,nan,nan,nan,nan,nan,4.34e-05,8e-06,9.2e-06,1.395e-05,4.34e-05,nan,nan,nan,nan,nan,nan,nan,nan,nan,nan,0,05_resultados\revisao_operacional\campanha_v1\j00592.mat,campanha_v1,,,,,,,,,
j00593,windows,diploee_facility_window10,heuristico_foresight,{},4.843141102227861,4.843141102227861,1,0.16633967777677397,0.1642297059572166,234,0,0,0,59.51733918373494,58.9035935723504,60,10.738945074693449,1478.5118572479769,0,0,0.010738945074693449,,,,nan,0,nan,nan,nan,nan,nan,4.86e-05,8.9e-06,1.08e-05,1.63e-05,4.86e-05,nan,nan,nan,nan,nan,nan,nan,nan,nan,nan,0,05_resultados\revisao_operacional\campanha_v1\j00593.mat,campanha_v1,,,,,,,,,
j00594,windows,diploee_facility_window10,miope_qp,{},6.98887512555757e-05,0,1,4.800200267384849e-06,0,0,0,0,0,59.70156960821961,59.01953592902855,60.04974917359021,13.053968286856293,1798.3932293779367,0,0,0.013053968286856293,,,,nan,0,nan,nan,nan,nan,nan,0.0012564,0.0006488,0.00075445,0.0009403,0.0012564,0.0011179,0.0005800499999999999,0.0006722,0.00084625,0.0011179,nan,nan,nan,nan,nan,0,05_resultados\revisao_operacional\campanha_v1\j00594.mat,campanha_v1,,,,,,,,,
j00595,windows,diploee_facility_window10,mpc_qp_v5,{},0.012732953280078618,0,1,7.596347441690122e-06,0,0,0,0,0,58.71026905828178,57.97111723400875,60,15.332795400145034,870.1981973178976,0,0,0.015332795400145035,,,,0.014541490536146284,5384,0,0,2.5011104298755527e-12,333283.200808402,4015243775612013.0,0.0215287,0.02557715,0.03391185,0.036099900000000004,0.0396724,0.0151723,0.0209361,0.0290819,0.031317750000000005,0.0343053,0.0045037,0.00425115,0.0049675,0.0053523500000000005,0.0084587,0,05_resultados\revisao_operacional\campanha_v1\j00595.mat,campanha_v1,,,,,,,,,
j00596,windows,diploee_facility_window10,mpc_qp_estocastico_3cen,{},5.684341886080802e-14,0,1,4.261387852349776e-15,0,0,0,0,0,50.65931857781841,50.65931857781841,60,46.08653567305069,2307.7836363764254,0,0,0.04608653567305069,,,,0.04743805837397019,8533,0,0,6.341451808111742e-10,666566.4042708572,8858386386927326.0,0.0559104,0.05790345,0.0690736,0.07316339999999999,0.0770249,0.0394804,0.04464765,0.0556036,0.05991715,0.0633503,0.0133449,0.01272765,0.0141557,0.015627250000000002,0.0197475,0,05_resultados\revisao_operacional\campanha_v1\j00596.mat,campanha_v1,,,,,,,,,
j00597,windows,diploee_facility_window11,heuristico,{},5.923132588654795,5.923132588654795,1,0.2646082226023318,0.262269108387142,264,0,0,0,59.15893595751757,59.15893595751757,60,9.664788612947993,1703.9436240856235,0,0,0.009664788612947993,,,,nan,0,nan,nan,nan,nan,nan,4.91e-05,8e-06,9.8e-06,1.48e-05,4.91e-05,nan,nan,nan,nan,nan,nan,nan,nan,nan,nan,0,05_resultados\revisao_operacional\campanha_v1\j00597.mat,campanha_v1,,,,,,,,,
j00598,windows,diploee_facility_window11,heuristico_foresight,{},5.9231325554955845,5.9231325554955845,1,0.2308479195771156,0.2288126261809215,243,0,0,0,59.08161248825363,59.08161248825363,60,9.288407026584341,1646.3592592221462,0,0,0.009288407026584341,,,,nan,0,nan,nan,nan,nan,nan,4.84e-05,9e-06,1.0350000000000001e-05,1.74e-05,4.84e-05,nan,nan,nan,nan,nan,nan,nan,nan,nan,nan,0,05_resultados\revisao_operacional\campanha_v1\j00598.mat,campanha_v1,,,,,,,,,
j00599,windows,diploee_facility_window11,miope_qp,{},7.161831894109127e-05,0,1,4.250410674458566e-06,0,0,0,0,0,59.33029899006595,59.31573412843952,60.066189294356185,12.616408343959588,1798.1125491307803,0,0,0.012616408343959587,,,,nan,0,nan,nan,nan,nan,nan,0.001235,0.0006149,0.0007873,0.00096795,0.0012903,0.0010867,0.0005467,0.0007045,0.0008663,0.0011857,nan,nan,nan,nan,nan,0,05_resultados\revisao_operacional\campanha_v1\j00599.mat,campanha_v1,,,,,,,,,
j00600,windows,diploee_facility_window11,mpc_qp_v5,{},0.24193988510754139,0,1,8.786058590420092e-05,0,0,0,0,0,57.7865951379569,57.7865951379569,60.00014899869806,16.71828373523854,1086.5983202886055,0,0,0.01671828373523854,,,,0.014721630133095687,4572,0,0,5.002220859751105e-12,333283.200808402,4015243775612013.0,0.0215265,0.02705655,0.035217899999999996,0.038003850000000006,0.0416749,0.015641,0.022323700000000002,0.030322750000000002,0.03270915,0.0365642,0.0040851,0.0043743,0.0052635,0.0057225,0.0075595,0,05_resultados\revisao_operacional\campanha_v1\j00600.mat,campanha_v1,,,,,,,,,
j00601,windows,diploee_facility_window11,mpc_qp_estocastico_3cen,{},5.684341886080802e-14,0,1,4.378681782512488e-15,0,0,0,0,0,48.55843877741141,48.55843877741141,60,54.36820032075114,2628.233156824512,0,0,0.05436820032075114,,,,0.04707366707368976,2613,0,0,1.9404069462325424e-09,666566.4042708572,8666386387089957.0,0.052411,0.058143349999999996,0.0654422,0.0697198,0.0863698,0.0363938,0.04483765,0.05199015,0.05607785,0.0637697,0.0127002,0.01268945,0.01408365,0.015416949999999999,0.0220783,0,05_resultados\revisao_operacional\campanha_v1\j00601.mat,campanha_v1,,,,,,,,,
j00602,windows,diploee_facility_window12,heuristico,{},5.298019505167986,5.298019505167986,1,0.10412447896151854,0.0883143662123839,170,0,0,0,58.689929828689046,58.689929828689046,60,6.222833313727387,462.8035051011407,0,0,0.006222833313727387,,,,nan,0,nan,nan,nan,nan,nan,4.07e-05,8.1e-06,1.01e-05,1.815e-05,4.07e-05,nan,nan,nan,nan,nan,nan,nan,nan,nan,nan,0,05_resultados\revisao_operacional\campanha_v1\j00602.mat,campanha_v1,,,,,,,,,
j00603,windows,diploee_facility_window12,heuristico_foresight,{},5.298017091852103,5.298017091852103,1,0.10239423523587364,0.0866353336488016,168,0,0,0,58.686043363015585,58.686043363015585,60,6.24129402567619,462.80350510114056,0,0,0.00624129402567619,,,,nan,0,nan,nan,nan,nan,nan,4.88e-05,9e-06,1.05e-05,1.94e-05,4.88e-05,nan,nan,nan,nan,nan,nan,nan,nan,nan,nan,0,05_resultados\revisao_operacional\campanha_v1\j00603.mat,campanha_v1,,,,,,,,,
j00604,windows,diploee_facility_window12,miope_qp,{},6.9226442604986e-05,0,1,3.651211269769356e-06,0,0,0,0,0,58.6075254455887,58.6075254455887,60,8.659149337914819,734.4609480301804,0,0,0.008659149337914819,,,,nan,0,nan,nan,nan,nan,nan,0.0012576,0.0006193,0.00073885,0.0009230499999999999,0.0012576,0.0011178,0.0005507,0.00065275,0.0008498500000000001,0.0011178,nan,nan,nan,nan,nan,0,05_resultados\revisao_operacional\campanha_v1\j00604.mat,campanha_v1,,,,,,,,,
j00605,windows,diploee_facility_window12,mpc_qp_v5,{},0.01159381396423953,0,1,5.623341813785965e-06,0,0,0,0,0,58.62305027718712,58.62305027718712,60.28375687038474,13.048069606145377,499.0961599064311,0,0,0.013048069606145378,,,,0.014478834863773216,1080,0,0,7.958078640513122e-13,333283.2021354289,4839136760385682.0,0.0300056,0.0204112,0.032916799999999996,0.0350548,0.0402638,0.0234293,0.0158128,0.028030350000000002,0.030008399999999998,0.0342268,0.0045807,0.00423805,0.00486595,0.0051649,0.0120929,0,05_resultados\revisao_operacional\campanha_v1\j00605.mat,campanha_v1,,,,,,,,,
j00606,windows,diploee_facility_window12,mpc_qp_estocastico_3cen,{},5.684341886080802e-14,0,1,4.6439279890700096e-15,0,0,0,0,0,51.18948245443748,51.18948245443748,60,42.26562711895331,1751.7572667526838,0,0,0.04226562711895331,,,,0.029160521512089588,3661,0,0,2.547722033341415e-10,666566.4042708572,9682279371700994.0,0.0586969,0.05854475,0.0660799,0.06872700000000001,0.0814734,0.0433458,0.0455057,0.0530117,0.05544155,0.0578392,0.012021,0.01261425,0.0136919,0.0154457,0.0283002,0,05_resultados\revisao_operacional\campanha_v1\j00606.mat,campanha_v1,,,,,,,,,
j00607,windows,diploee_facility_window13,heuristico,{},6.512877905595397,6.512877905595397,1,0.36910435826153243,0.3531452255690471,424,0,0,0,58.8103315000205,58.088533966121766,60,22.403802251682066,1910.585243307979,0,0,0.022403802251682065,,,,nan,0,nan,nan,nan,nan,nan,4.73e-05,8.8e-06,1.9050000000000002e-05,2.44e-05,4.73e-05,nan,nan,nan,nan,nan,nan,nan,nan,nan,nan,0,05_resultados\revisao_operacional\campanha_v1\j00607.mat,campanha_v1,,,,,,,,,
j00608,windows,diploee_facility_window13,heuristico_foresight,{},6.512877905595397,6.512877905595397,1,0.2625697248081088,0.24657168516096312,334,0,0,0,58.62948420208606,58.016086317137294,60,21.496233539577293,1910.5852433079785,0,0,0.021496233539577293,,,,nan,0,nan,nan,nan,nan,nan,4.97e-05,8.9e-06,1.02e-05,2.2199999999999998e-05,4.97e-05,nan,nan,nan,nan,nan,nan,nan,nan,nan,nan,0,05_resultados\revisao_operacional\campanha_v1\j00608.mat,campanha_v1,,,,,,,,,
j00609,windows,diploee_facility_window13,miope_qp,{},0.002965288945896205,0,1,1.211265724877681e-05,0,0,0,0,0,58.20658812581075,57.91906401207243,60,19.248098354926512,1628.6837468590288,0,0,0.019248098354926513,,,,nan,0,nan,nan,nan,nan,nan,0.0013045,0.0006102,0.00078995,0.001003,0.0013045,0.0011575,0.0005422,0.0007075,0.00090005,0.0011575,nan,nan,nan,nan,nan,0,05_resultados\revisao_operacional\campanha_v1\j00609.mat,campanha_v1,,,,,,,,,
j00610,windows,diploee_facility_window13,mpc_qp_v5,{},0.20376750431863933,0,1,6.859038558909465e-05,0,0,0,0,0,56.40549296805857,56.19759575498253,60,22.417956098876573,1310.5148524937522,0,0,0.022417956098876573,,,,0.014605414993482668,3933,0,0,1.4779288903810084e-12,333283.2021354289,4843142611315303.0,0.0329364,0.0300887,0.034770899999999993,0.036370150000000004,0.0380098,0.0258949,0.02504685,0.0295893,0.0311851,0.0333068,0.0045209,0.0044876,0.00533895,0.00657785,0.0135814,0,05_resultados\revisao_operacional\campanha_v1\j00610.mat,campanha_v1,,,,,,,,,
j00611,windows,diploee_facility_window13,mpc_qp_estocastico_3cen,{},5.684341886080802e-14,0,1,3.845935915415389e-15,0,0,0,0,0,46.06459106250945,45.98449875741269,60,66.99516935016725,2293.6346203063285,0,0,0.06699516935016725,,,,0.006625295042567814,778,0,0,1.1596057447604835e-10,666566.4042708572,9686285222630616.0,0.0680104,0.061189850000000004,0.07189315,0.07612555,0.0954152,0.0497849,0.04828765,0.05822705,0.06192925,0.0730899,0.0145239,0.0124001,0.0140228,0.0162604,0.0261801,0,05_resultados\revisao_operacional\campanha_v1\j00611.mat,campanha_v1,,,,,,,,,
j00612,windows,diploee_facility_window14,heuristico,{},3.0145865647612595,3.0145865647612595,1,0.09569806715226002,0.08211403111122334,125,0,0,0,58.65256180652848,58.62315143822211,60,6.745832250108765,498.88374943785675,0,0,0.006745832250108765,,,,nan,0,nan,nan,nan,nan,nan,4.59e-05,8.1e-06,9.65e-06,1.3700000000000001e-05,4.59e-05,nan,nan,nan,nan,nan,nan,nan,nan,nan,nan,0,05_resultados\revisao_operacional\campanha_v1\j00612.mat,campanha_v1,,,,,,,,,
j00613,windows,diploee_facility_window14,heuristico_foresight,{},3.0145865647612595,3.0145865647612595,1,0.09227142254725379,0.0787367789583104,118,0,0,0,58.64483506937564,58.615424701069266,60,6.731524082059623,485.2582655527351,0,0,0.006731524082059623,,,,nan,0,nan,nan,nan,nan,nan,4.7e-05,8.8e-06,9.9e-06,1.325e-05,4.7e-05,nan,nan,nan,nan,nan,nan,nan,nan,nan,nan,0,05_resultados\revisao_operacional\campanha_v1\j00613.mat,campanha_v1,,,,,,,,,
j00614,windows,diploee_facility_window14,miope_qp,{},6.872199546137381e-05,0,1,4.713166550478078e-06,0,0,0,0,0,58.56914088403927,58.536008908748144,60.01700117526209,8.426335419290284,715.5609244245111,0,0,0.008426335419290285,,,,nan,0,nan,nan,nan,nan,nan,0.0013707,0.0005922,0.00072775,0.00090655,0.0013707,0.0011865,0.0005273,0.00064595,0.0008190000000000001,0.0011865,nan,nan,nan,nan,nan,0,05_resultados\revisao_operacional\campanha_v1\j00614.mat,campanha_v1,,,,,,,,,
j00615,windows,diploee_facility_window14,mpc_qp_v5,{},0.00881046395335261,0,1,4.086208679448608e-06,0,0,0,0,0,57.959744933505426,57.93651257497592,60,9.92384084007238,425.58826001798354,0,0,0.00992384084007238,,,,0.0027012525574576784,144,0,0,1.9326762412674725e-12,333283.200808402,4015243775612013.0,0.019998,0.0200663,0.033201049999999996,0.03585675,0.0395555,0.0135383,0.015342100000000001,0.028397850000000002,0.03106445,0.0346485,0.0043808,0.00427745,0.0049933500000000006,0.0052415,0.0057725,0,05_resultados\revisao_operacional\campanha_v1\j00615.mat,campanha_v1,,,,,,,,,
j00616,windows,diploee_facility_window14,mpc_qp_estocastico_3cen,{},5.684341886080802e-14,0,1,4.689763238246374e-15,0,0,0,0,0,50.88088133634076,50.88088133634076,60,46.78170767268254,1425.9583975491562,0,0,0.04678170767268254,,,,0.03616469183693738,2463,0,0,1.6439116734545678e-10,666566.4042708572,8858386386927326.0,0.0560312,0.05637085,0.06715975,0.0713742,0.0776979,0.0401854,0.04369725,0.0539241,0.058117749999999996,0.0607548,0.0124893,0.0122512,0.0132607,0.0146762,0.0245345,0,05_resultados\revisao_operacional\campanha_v1\j00616.mat,campanha_v1,,,,,,,,,
j00617,windows,diploee_facility_window15,heuristico,{},8.992024722589889,8.992024722589889,1,0.29408820054377643,0.2898002541879609,230,0,0,0,59.171799288776704,58.90846729303763,60,9.133770373848723,1408.038404086677,0,0,0.009133770373848722,,,,nan,0,nan,nan,nan,nan,nan,4e-05,7.9e-06,9.6e-06,1.73e-05,4e-05,nan,nan,nan,nan,nan,nan,nan,nan,nan,nan,0,05_resultados\revisao_operacional\campanha_v1\j00617.mat,campanha_v1,,,,,,,,,
j00618,windows,diploee_facility_window15,heuristico_foresight,{},8.992015788478994,8.992015788478994,1,0.21061514799598477,0.20843174003211754,169,0,0,0,59.029996594976886,58.901506637937445,60,8.489439118790228,1408.0384040866777,0,0,0.008489439118790229,,,,nan,0,nan,nan,nan,nan,nan,4.46e-05,8.8e-06,9.9e-06,1.3199999999999999e-05,4.46e-05,nan,nan,nan,nan,nan,nan,nan,nan,nan,nan,0,05_resultados\revisao_operacional\campanha_v1\j00618.mat,campanha_v1,,,,,,,,,
j00619,windows,diploee_facility_window15,miope_qp,{},6.460550946485455e-05,0,1,4.020452334508595e-06,0,0,0,0,0,59.195977180602995,59.05217885128882,60,11.776641920365737,2000.5609623528555,0,0,0.011776641920365738,,,,nan,0,nan,nan,nan,nan,nan,0.0012375,0.000581,0.0007232499999999999,0.00087495,0.0012375,0.001073,0.0005171500000000001,0.0006397,0.00079815,0.001073,nan,nan,nan,nan,nan,0,05_resultados\revisao_operacional\campanha_v1\j00619.mat,campanha_v1,,,,,,,,,
j00620,windows,diploee_facility_window15,mpc_qp_v5,{},0.009175066312252511,0,1,1.1337436700232486e-05,0,0,0,0,0,57.92319094712949,57.92319094712949,60,16.442552322660003,1261.1343196163664,0,0,0.016442552322660002,,,,0.019882060219430286,4060,0,0,7.958078640513122e-13,333283.2021354289,4760754739507843.0,0.0315007,0.026087649999999997,0.032606300000000005,0.0348233,0.0463073,0.0240208,0.02147315,0.02767835,0.029839400000000002,0.0412502,0.0048037,0.00428445,0.00494615,0.0052517499999999995,0.0086706,0,05_resultados\revisao_operacional\campanha_v1\j00620.mat,campanha_v1,,,,,,,,,
j00621,windows,diploee_facility_window15,mpc_qp_estocastico_3cen,{},5.684341886080802e-14,0,1,4.521229070143641e-15,0,0,0,0,0,48.286661760712484,48.286661760712484,60,56.34357861346487,2456.3985240316947,0,0,0.05634357861346487,,,,0.05010873629301926,2445,0,0,1.5631940186722204e-10,666566.4042708572,9603897350823154.0,0.0615777,0.058214100000000005,0.06583865,0.06983575,0.0849005,0.0454926,0.045489,0.05277615,0.05722695,0.0608048,0.0131568,0.0123228,0.01326055,0.01417755,0.0268589,0,05_resultados\revisao_operacional\campanha_v1\j00621.mat,campanha_v1,,,,,,,,,
j00622,windows,diploee_facility_window16,heuristico,{},5.369450957880304,5.369450957880304,1,0.32114928839600815,0.31143996624479575,422,0,0,0,57.28517728280379,57.06968657895258,60,16.15064817131907,1562.0959521119748,0,0,0.01615064817131907,,,,nan,0,nan,nan,nan,nan,nan,4.54e-05,8.1e-06,1.03e-05,1.3300000000000001e-05,4.59e-05,nan,nan,nan,nan,nan,nan,nan,nan,nan,nan,0,05_resultados\revisao_operacional\campanha_v1\j00622.mat,campanha_v1,,,,,,,,,
j00623,windows,diploee_facility_window16,heuristico_foresight,{},5.369450908859633,5.369450908859633,1,0.2789493765541473,0.2691269653265935,373,0,0,0,57.19375062535201,56.9782599215008,60,15.714422451970277,1497.521281104706,0,0,0.015714422451970276,,,,nan,0,nan,nan,nan,nan,nan,4.69e-05,8.9e-06,1.1e-05,2.1649999999999998e-05,6.48e-05,nan,nan,nan,nan,nan,nan,nan,nan,nan,nan,0,05_resultados\revisao_operacional\campanha_v1\j00623.mat,campanha_v1,,,,,,,,,
j00624,windows,diploee_facility_window16,miope_qp,{},7.010847497213035e-05,0,1,1.0552530401373204e-05,0,0,0,0,0,57.178827588422315,56.98144580041726,60.01414705677894,16.66267222222166,1658.0861162922233,0,0,0.016662672222221658,,,,nan,0,nan,nan,nan,nan,nan,0.0014318,0.0006056,0.00075175,0.00094455,0.0014318,0.0012711,0.000539,0.00066825,0.0008641,0.0012711,nan,nan,nan,nan,nan,0,05_resultados\revisao_operacional\campanha_v1\j00624.mat,campanha_v1,,,,,,,,,
j00625,windows,diploee_facility_window16,mpc_qp_v5,{},0.0688216224197915,0,1,3.3305231989947645e-05,0,0,0,0,0,55.466850813828394,55.30913339845076,60,23.11170801724092,799.0048039620556,0,0,0.023111708017240922,,,,0.011131729307898297,1803,0,0,1.1368683772161603e-12,333283.200808402,4015243775612013.0,0.0201349,0.02795845,0.0341524,0.0357895,0.0376493,0.0145449,0.02325845,0.02943445,0.03105465,0.0327943,0.0039885,0.00434755,0.0049628499999999996,0.0052642999999999995,0.0057338,0,05_resultados\revisao_operacional\campanha_v1\j00625.mat,campanha_v1,,,,,,,,,
j00626,windows,diploee_facility_window16,mpc_qp_estocastico_3cen,{},5.684341886080802e-14,0,1,4.3298008889667035e-15,0,0,0,0,0,44.628648382087476,44.628648382087476,60,73.01392018508437,1372.5706602430234,0,0,0.07301392018508437,,,,7.105427357601002e-15,0,0,0,1.5506884665228426e-10,666566.4016168036,8030487551224027.0,0.0478035,0.05838245,0.0645994,0.06935115,0.0714759,0.0327315,0.0456872,0.051750950000000004,0.05593845,0.0588843,0.0125858,0.01223025,0.01310285,0.0138536,0.0178645,0,05_resultados\revisao_operacional\campanha_v1\j00626.mat,campanha_v1,,,,,,,,,
j00627,windows,diploee_facility_window17,heuristico,{},20.360796556788507,20.360796556788507,1,0.36846174133465426,0.35820055457441996,409,0,0,0,59.13445377621684,58.81171762773427,60,16.639016541683933,1902.834970054811,0,0,0.016639016541683933,,,,nan,0,nan,nan,nan,nan,nan,7.02e-05,8.1e-06,9.3e-06,1.655e-05,7.02e-05,nan,nan,nan,nan,nan,nan,nan,nan,nan,nan,0,05_resultados\revisao_operacional\campanha_v1\j00627.mat,campanha_v1,,,,,,,,,
j00628,windows,diploee_facility_window17,heuristico_foresight,{},20.360796556788507,20.360796556788507,1,0.29979491039228756,0.29409774397291827,340,0,0,0,58.98891512157377,58.73413669971818,60,15.925717649931883,1875.4579473722683,0,0,0.01592571764993188,,,,nan,0,nan,nan,nan,nan,nan,4.55e-05,8.7e-06,9.8e-06,1.62e-05,4.55e-05,nan,nan,nan,nan,nan,nan,nan,nan,nan,nan,0,05_resultados\revisao_operacional\campanha_v1\j00628.mat,campanha_v1,,,,,,,,,
j00629,windows,diploee_facility_window17,miope_qp,{},0.009228769292633388,0,1,1.0539030649314563e-05,0,0,0,0,0,58.74146901566568,58.72341076120855,60.026178095352364,15.100138790408042,1845.4598973829366,0,0,0.015100138790408042,,,,nan,0,nan,nan,nan,nan,nan,0.0013638,0.0005738,0.0006720000000000001,0.0008059499999999999,0.0013638,0.001204,0.0005105,0.0005986,0.0007266,0.001204,nan,nan,nan,nan,nan,0,05_resultados\revisao_operacional\campanha_v1\j00629.mat,campanha_v1,,,,,,,,,
j00630,windows,diploee_facility_window17,mpc_qp_v5,{},0.895573839182866,0,1,0.00026028586993453193,0,0,0,0,0,56.50478379681283,56.50478379681283,60,20.153616429286732,1228.8335667548524,0,0,0.02015361642928673,,,,0.014773246056392964,3366,0,0,2.5011104298755527e-12,333283.2021354289,4140591146156125.5,0.0270564,0.02679445,0.0332633,0.036283300000000004,0.0386213,0.0208493,0.02222245,0.02838465,0.0315374,0.0339315,0.0044373,0.004291700000000001,0.00491425,0.0052148,0.0055,0,05_resultados\revisao_operacional\campanha_v1\j00630.mat,campanha_v1,,,,,,,,,
j00631,windows,diploee_facility_window17,mpc_qp_estocastico_3cen,{},5.684341886080802e-14,0,1,4.357363235661814e-15,0,0,0,0,0,46.37835523006897,46.37835523006897,60,64.81110059075952,2459.373729068407,0,0,0.06481110059075952,,,,0.02328742229081371,1196,0,0,2.3356960809906013e-09,666566.4042708572,8983733757471442.0,0.0558421,0.0581894,0.0655955,0.07221649999999999,0.0910217,0.0410107,0.0453915,0.0528825,0.05892395,0.0619118,0.0116563,0.01227535,0.0134965,0.01449895,0.0308677,0,05_resultados\revisao_operacional\campanha_v1\j00631.mat,campanha_v1,,,,,,,,,
j00632,windows,diploee_facility_window18,heuristico,{},4.22146049066599,4.22146049066599,1,0.2533627684475943,0.2518354385684578,279,0,0,0,59.396030577702625,59.05015881542487,60,10.02252605605306,1463.7649366645828,0,0,0.01002252605605306,,,,nan,0,nan,nan,nan,nan,nan,4.29e-05,8e-06,9.2e-06,1.205e-05,4.29e-05,nan,nan,nan,nan,nan,nan,nan,nan,nan,nan,0,05_resultados\revisao_operacional\campanha_v1\j00632.mat,campanha_v1,,,,,,,,,
j00633,windows,diploee_facility_window18,heuristico_foresight,{},4.221460490633717,4.221460490633717,1,0.22651811053720214,0.22557990831813424,250,0,0,0,59.39570642393388,59.019414631379405,60,10.05843766230119,1417.3590224370992,0,0,0.01005843766230119,,,,nan,0,nan,nan,nan,nan,nan,5.06e-05,8.6e-06,1.14e-05,1.275e-05,5.06e-05,nan,nan,nan,nan,nan,nan,nan,nan,nan,nan,0,05_resultados\revisao_operacional\campanha_v1\j00633.mat,campanha_v1,,,,,,,,,
j00634,windows,diploee_facility_window18,miope_qp,{},7.087439490760516e-05,0,1,4.514071632005532e-06,0,0,0,0,0,59.56908229691415,59.23577839311282,60,12.104601736767249,2067.581050127334,0,0,0.01210460173676725,,,,nan,0,nan,nan,nan,nan,nan,0.0012623,0.00057945,0.00069165,0.0008512999999999999,0.0012623,0.0011163,0.0005161499999999999,0.0006205,0.0007613,0.0011163,nan,nan,nan,nan,nan,0,05_resultados\revisao_operacional\campanha_v1\j00634.mat,campanha_v1,,,,,,,,,
j00635,windows,diploee_facility_window18,mpc_qp_v5,{},0.476181763047272,0,1,0.0001435691478527255,0,0,0,0,0,58.82201870448092,58.82201870448092,60.00955114858704,18.125474961658384,1128.4404287654077,0,0,0.018125474961658384,,,,0.014151887532499074,3424,0,0,9.094947017729282e-13,333283.2021354289,4843142611315303.0,0.0274973,0.0246836,0.0322425,0.0352289,0.0380096,0.0210113,0.02024165,0.027439449999999997,0.0304312,0.0329241,0.0045687,0.0041579,0.0048233,0.0051456,0.0060959,0,05_resultados\revisao_operacional\campanha_v1\j00635.mat,campanha_v1,,,,,,,,,
j00636,windows,diploee_facility_window18,mpc_qp_estocastico_3cen,{},5.684341886080802e-14,0,1,4.7182473977219135e-15,0,0,0,0,0,49.62698870489745,49.62698870489745,60,50.441848524364175,2299.7611201681166,0,0,0.050441848524364175,,,,0.02128910182903354,2288,0,0,3.497575562505517e-09,666566.4042708572,9686285222630616.0,0.0565034,0.0574925,0.06603895,0.0708138,0.0772248,0.0410128,0.0447078,0.0530568,0.05820595,0.06032,0.0120362,0.01230935,0.01361715,0.0151051,0.0189464,0,05_resultados\revisao_operacional\campanha_v1\j00636.mat,campanha_v1,,,,,,,,,
j00637,windows,diploee_facility_window19,heuristico,{},28.841398560914687,28.841398560914687,1,0.30095865854884374,0.2862955189787415,409,0,0,0,58.16220332064566,56.915168446590016,60,23.900099998366738,1598.7061926511763,0,0,0.023900099998366738,,,,nan,0,nan,nan,nan,nan,nan,4.37e-05,8e-06,9.2e-06,1.3599999999999999e-05,4.37e-05,nan,nan,nan,nan,nan,nan,nan,nan,nan,nan,0,05_resultados\revisao_operacional\campanha_v1\j00637.mat,campanha_v1,,,,,,,,,
j00638,windows,diploee_facility_window19,heuristico_foresight,{},28.841398560914687,28.841398560914687,1,0.2579578352052308,0.24370903340786276,351,0,0,0,58.079479134101156,56.83244426004551,60,23.497384356913265,1517.8706922621468,0,0,0.023497384356913266,,,,nan,0,nan,nan,nan,nan,nan,4.73e-05,8.9e-06,1.04e-05,1.58e-05,4.73e-05,nan,nan,nan,nan,nan,nan,nan,nan,nan,nan,0,05_resultados\revisao_operacional\campanha_v1\j00638.mat,campanha_v1,,,,,,,,,
j00639,windows,diploee_facility_window19,miope_qp,{},0.3351064496361431,0,1,0.00010382311581840334,0,0,0,0,0,57.70071610237265,56.875549498411345,60,21.488061191352546,1606.4061510893373,0,0,0.021488061191352548,,,,nan,0,nan,nan,nan,nan,nan,0.0013249,0.00057655,0.0006854000000000001,0.0008603,0.0013249,0.0011788,0.0005128,0.0006060499999999999,0.00077215,0.0011788,nan,nan,nan,nan,nan,0,05_resultados\revisao_operacional\campanha_v1\j00639.mat,campanha_v1,,,,,,,,,
j00640,windows,diploee_facility_window19,mpc_qp_v5,{},1.2192553388745893,1.2192553388745893,1,0.0006925818874879601,0.0006352044653519913,2,0,0,0,56.306039321157755,55.59632618157361,60,25.120264559192428,987.4363357571024,0,0,0.025120264559192428,,,,0.011880384315084314,1543,0,0,8.412825991399586e-12,333283.2021354289,4843142611315303.0,0.0300806,0.0284736,0.0349088,0.03634115,0.038655,0.0235374,0.02379135,0.030063,0.031363100000000005,0.0339744,0.0042828,0.00429655,0.00501955,0.00539215,0.0068305,0,05_resultados\revisao_operacional\campanha_v1\j00640.mat,campanha_v1,,,,,,,,,
j00641,windows,diploee_facility_window19,mpc_qp_estocastico_3cen,{},5.684341886080802e-14,0,1,4.160622463839698e-15,0,0,0,0,0,45.758848613298944,45.70534053103122,60,68.1812539632212,1854.184120686256,0,0,0.0681812539632212,,,,0.005372549344123456,547,0,0,6.584741640836e-10,666566.4042708572,9686285222630616.0,0.0600585,0.05847825,0.06755385,0.07472575000000001,0.0855746,0.044223,0.04578145,0.0543236,0.0608723,0.0680734,0.0123844,0.01223435,0.0136597,0.014792900000000001,0.0236747,0,05_resultados\revisao_operacional\campanha_v1\j00641.mat,campanha_v1,,,,,,,,,
j00642,windows,diploee_facility_window20,heuristico,{},60.81622664376357,60.81622664376357,1,0.16099690789409965,0.1601712052009901,119,1,0,0,59.50827544729939,59.24723656723496,60,5.314378098987347,968.2797200280929,0,0,0.005314378098987347,,,,nan,0,nan,nan,nan,nan,nan,4.33e-05,8.1e-06,1e-05,1.085e-05,5.03e-05,nan,nan,nan,nan,nan,nan,nan,nan,nan,nan,0,05_resultados\revisao_operacional\campanha_v1\j00642.mat,campanha_v1,,,,,,,,,
j00643,windows,diploee_facility_window20,heuristico_foresight,{},60.81622664376357,60.81622664376357,1,0.13968392499314122,0.1385591506721962,86,1,0,0,59.51050433839476,59.24139254768932,60,5.391394865494329,1011.2683189443622,0,0,0.005391394865494329,,,,nan,0,nan,nan,nan,nan,nan,4.66e-05,9e-06,1.07e-05,2.56e-05,5.22e-05,nan,nan,nan,nan,nan,nan,nan,nan,nan,nan,0,05_resultados\revisao_operacional\campanha_v1\j00643.mat,campanha_v1,,,,,,,,,
j00644,windows,diploee_facility_window20,miope_qp,{},53.05268563734672,53.05268563734672,1,0.014738668943418076,0.0147368571214852,1,1,0,0,59.71843311590794,59.32865450933712,60.0036699789244,8.995676473331033,1594.5766185747275,0,0,0.008995676473331033,,,,nan,0,nan,nan,nan,nan,nan,0.0012052,0.0006151,0.0007918000000000001,0.00097165,0.0012052,0.0010662,0.0005472,0.0007066,0.00086925,0.0010662,nan,nan,nan,nan,nan,0,05_resultados\revisao_operacional\campanha_v1\j00644.mat,campanha_v1,,,,,,,,,
j00645,windows,diploee_facility_window20,mpc_qp_v5,{},2.671599088882161,2.671599088882161,1,0.001539762925076604,0.0011220775329864783,2,0,0,0,59.773084126041724,59.06820168768055,60,16.205426820198284,1508.5162679834093,0,0,0.016205426820198283,,,,0.01825119273029685,3689,0,0,7.16227077646181e-12,333283.2021354289,4347144789372815.5,0.0245803,0.02580605,0.03371375,0.0383779,0.0429663,0.0181352,0.0210534,0.02866875,0.03353635,0.0379889,0.0045509,0.0043098,0.0050925499999999995,0.00565005,0.012226,0,05_resultados\revisao_operacional\campanha_v1\j00645.mat,campanha_v1,,,,,,,,,
j00646,windows,diploee_facility_window20,mpc_qp_estocastico_3cen,{},5.684341886080802e-14,0,1,4.4714078119135874e-15,0,0,0,0,0,51.23132250827686,51.23132250827686,60,41.781719891618245,2819.503250205997,0,0,0.041781719891618246,,,,0.05021741091822918,2108,0,0,4.2323335947003216e-09,666566.4042708572,9190287400688130.0,0.0583487,0.05993705,0.07420575,0.08212744999999999,0.1136835,0.0422798,0.045932749999999994,0.05838725,0.06422275,0.0968586,0.0129722,0.01305415,0.0169572,0.0227093,0.0311876,0,05_resultados\revisao_operacional\campanha_v1\j00646.mat,campanha_v1,,,,,,,,,
j00647,windows,nvml_llama2_window01,heuristico,{},114.16154256706912,114.16154256706912,1,7.7362352595089625,7.736022594290835,658,230,41,0,56.49684311940856,56.49622318853858,60,22.137437173936025,48439.529467156375,0,0,0.022137437173936025,,,,nan,0,nan,nan,nan,nan,nan,5.25e-05,1e-05,2.05e-05,3.4250000000000006e-05,7.84e-05,nan,nan,nan,nan,nan,nan,nan,nan,nan,nan,0,05_resultados\revisao_operacional\campanha_v1\j00647.mat,campanha_v1,,,,,,,,,
j00648,windows,nvml_llama2_window01,heuristico_foresight,{},80.34019684823308,80.34019684823308,1,2.374590407610101,2.3685734522737296,496,38,0,0,52.37927206405381,52.379041791540004,60,36.200763450784045,19219.877028900606,0,0,0.036200763450784046,,,,nan,0,nan,nan,nan,nan,nan,4.73e-05,9.7e-06,1.17e-05,2.1550000000000002e-05,6.13e-05,nan,nan,nan,nan,nan,nan,nan,nan,nan,nan,0,05_resultados\revisao_operacional\campanha_v1\j00648.mat,campanha_v1,,,,,,,,,
j00649,windows,nvml_llama2_window01,miope_qp,{},152.25156802989392,152.25156802989392,1,4.57358900190555,4.5735329871288535,206,168,48,0,56.01360525708612,56.01107107825426,60,28.230645584967288,91519.59855903094,0,0,0.02823064558496729,,,,nan,0,nan,nan,nan,nan,nan,0.0017344,0.0006783,0.0010727,0.0016998999999999998,0.0025854,0.001526,0.0006004,0.00095155,0.0015212,0.0023307,nan,nan,nan,nan,nan,0,05_resultados\revisao_operacional\campanha_v1\j00649.mat,campanha_v1,,,,,,,,,
j00650,windows,nvml_llama2_window01,mpc_qp_v5,{},0.03726495196713131,0,1,5.99849545394192e-05,0,0,0,0,0,49.73284375292099,49.73284375292099,60,48.76899217362586,393.78860103734434,0,0,0.04876899217362586,,,,7.105427357601002e-15,0,0,0,2.0463630789890885e-12,333283.2021354289,4509049131243136.0,0.0288914,0.0268278,0.02936275,0.032386700000000004,0.0469786,0.0211242,0.02184885,0.024086200000000002,0.025740100000000002,0.0333543,0.0054151,0.00457995,0.0054276,0.00591215,0.0225247,0,05_resultados\revisao_operacional\campanha_v1\j00650.mat,campanha_v1,,,,,,,,,
j00651,windows,nvml_llama2_window01,mpc_qp_estocastico_3cen,{},5.684341886080802e-14,0,1,1.3579261172304138e-15,0,0,0,0,0,36.52641880969389,36.52641880969389,60,111.49951065395453,904.9907420923361,0,0,0.11149951065395453,,,,7.105427357601002e-15,0,0,0,8.321876521222293e-11,666566.4042708572,9352191742558446.0,0.0612177,0.05925905,0.06880695,0.08181395,0.1022039,0.0456005,0.045751650000000005,0.05169535,0.059230050000000006,0.0748097,0.0125353,0.0128366,0.01703645,0.0233055,0.0322804,0,05_resultados\revisao_operacional\campanha_v1\j00651.mat,campanha_v1,,,,,,,,,
j00652,windows,nvml_llama2_window02,heuristico,{},111.66670366222138,111.66670366222138,1,7.775551517804615,7.775339463877727,654,231,43,0,56.4613525780572,56.4577294415086,60,21.96266308018765,48900.58334367177,0,0,0.02196266308018765,,,,nan,0,nan,nan,nan,nan,nan,4.43e-05,8.3e-06,1.015e-05,1.2e-05,6.28e-05,nan,nan,nan,nan,nan,nan,nan,nan,nan,nan,0,05_resultados\revisao_operacional\campanha_v1\j00652.mat,campanha_v1,,,,,,,,,
j00653,windows,nvml_llama2_window02,heuristico_foresight,{},80.10364668394318,80.10364668394318,1,2.263263432203861,2.25654021928052,488,36,0,0,52.26468611614876,52.26468611614876,60,36.742740948293275,18402.832112042426,0,0,0.03674274094829327,,,,nan,0,nan,nan,nan,nan,nan,6.11e-05,9e-06,1.01e-05,1.265e-05,6.11e-05,nan,nan,nan,nan,nan,nan,nan,nan,nan,nan,0,05_resultados\revisao_operacional\campanha_v1\j00653.mat,campanha_v1,,,,,,,,,
j00654,windows,nvml_llama2_window02,miope_qp,{},155.92213737517676,155.92213737517676,1,4.67907306837631,4.679068874788209,215,175,50,0,56.06130857113653,56.055952162078,60,27.77262808846841,91364.22318727437,0,0,0.02777262808846841,,,,nan,0,nan,nan,nan,nan,nan,0.0012837,0.0006236,0.0008256,0.00101685,0.001421,0.0011297,0.00055355,0.00073415,0.0009160500000000001,0.0012765,nan,nan,nan,nan,nan,0,05_resultados\revisao_operacional\campanha_v1\j00654.mat,campanha_v1,,,,,,,,,
j00655,windows,nvml_llama2_window02,mpc_qp_v5,{},0.004811815670564101,0,1,4.860353311306495e-05,0,0,0,0,0,49.78886692254401,49.78886692254401,60,48.502882117915775,378.9244983716094,0,0,0.04850288211791577,,,,7.105427357601002e-15,0,0,0,4.092726157978177e-12,333283.2021354289,4493049131251817.0,0.0290046,0.02664005,0.03140765,0.03684975,0.0617407,0.0209923,0.0217073,0.0251451,0.0285874,0.0404124,0.0054995,0.0045449,0.0058795,0.0085697,0.0342508,0,05_resultados\revisao_operacional\campanha_v1\j00655.mat,campanha_v1,,,,,,,,,
j00656,windows,nvml_llama2_window02,mpc_qp_estocastico_3cen,{},5.684341886080802e-14,0,1,1.306609141869962e-15,0,0,0,0,0,36.59962469816346,36.59962469816346,60,111.1517826837234,849.810081886977,0,0,0.1111517826837234,,,,7.105427357601002e-15,0,0,0,5.070432962384075e-11,666566.4042708572,9336191742567128.0,0.0641387,0.05860755,0.06420785,0.06851735,0.0988364,0.0485508,0.045196150000000004,0.04958905,0.052348099999999995,0.060593,0.0127318,0.012826500000000001,0.015198699999999999,0.017508,0.0486601,0,05_resultados\revisao_operacional\campanha_v1\j00656.mat,campanha_v1,,,,,,,,,
j00657,windows,nvml_llama2_window03,heuristico,{},56.199327143942156,56.199327143942156,1,3.745717416249307,3.743904954850069,653,27,0,0,52.96080477106097,52.96080477106097,60,33.436177337459675,24006.132985881188,0,0,0.033436177337459676,,,,nan,0,nan,nan,nan,nan,nan,5.74e-05,8.7e-06,1e-05,1.565e-05,5.74e-05,nan,nan,nan,nan,nan,nan,nan,nan,nan,nan,0,05_resultados\revisao_operacional\campanha_v1\j00657.mat,campanha_v1,,,,,,,,,
j00658,windows,nvml_llama2_window03,heuristico_foresight,{},52.60493383903116,52.60493383903116,1,3.7009603017852273,3.69859573092663,642,26,0,0,52.91630587901285,52.91630587901285,60,33.64754707468818,23373.931293248304,0,0,0.03364754707468818,,,,nan,0,nan,nan,nan,nan,nan,5.29e-05,9.5e-06,1.24e-05,2.175e-05,5.29e-05,nan,nan,nan,nan,nan,nan,nan,nan,nan,nan,0,05_resultados\revisao_operacional\campanha_v1\j00658.mat,campanha_v1,,,,,,,,,
j00659,windows,nvml_llama2_window03,miope_qp,{},31.640253520914555,31.640253520914555,1,0.2596032616802222,0.25941447114276905,58,0,0,0,51.563237036779626,51.563237036779626,60.00010590876035,40.18840211913714,52317.26830497173,0,0,0.040188402119137136,,,,nan,0,nan,nan,nan,nan,nan,0.0015153,0.0006352,0.0007813,0.00096355,0.0015153,0.0013235,0.00056525,0.00069155,0.00086025,0.0013235,nan,nan,nan,nan,nan,0,05_resultados\revisao_operacional\campanha_v1\j00659.mat,campanha_v1,,,,,,,,,
j00660,windows,nvml_llama2_window03,mpc_qp_v5,{},0.013907623864952257,0,1,5.124780447509241e-05,0,0,0,0,0,49.70475756164272,49.70475756164272,60,48.90240158219786,280.85410561449936,0,0,0.04890240158219786,,,,7.105427357601002e-15,0,0,0,2.01339389604982e-10,333283.2021354289,4709399654559859.0,0.0293507,0.03357415,0.0373626,0.04235025,0.0829498,0.0217922,0.02849695,0.0322427,0.0360213,0.0703543,0.0049456,0.00461465,0.0054973,0.0066625,0.0395442,0,05_resultados\revisao_operacional\campanha_v1\j00660.mat,campanha_v1,,,,,,,,,
j00661,windows,nvml_llama2_window03,mpc_qp_estocastico_3cen,{},5.684341886080802e-14,0,1,1.9303077654816055e-15,0,0,0,0,0,36.507405349575585,36.507405349575585,60,111.58982458951631,655.9526489371653,0,0,0.11158982458951631,,,,7.105427357601002e-15,0,0,0,3.979039320256561e-12,666566.4042708572,9478182593054420.0,0.0673478,0.0615285,0.0676691,0.07391500000000001,0.089078,0.0489211,0.04787845,0.0527108,0.05572895,0.0654256,0.0145903,0.0129631,0.0154144,0.01775215,0.0319606,0,05_resultados\revisao_operacional\campanha_v1\j00661.mat,campanha_v1,,,,,,,,,
j00662,windows,nvml_llama2_window04,heuristico,{},52.74151475809302,52.74151475809302,1,2.994285171865737,2.992753883511288,563,2,0,0,53.747790266711036,53.747790266711036,60,29.697996233122662,19138.11181134417,0,0,0.02969799623312266,,,,nan,0,nan,nan,nan,nan,nan,4.41e-05,8.1e-06,9.1e-06,1.02e-05,4.41e-05,nan,nan,nan,nan,nan,nan,nan,nan,nan,nan,0,05_resultados\revisao_operacional\campanha_v1\j00662.mat,campanha_v1,,,,,,,,,
j00663,windows,nvml_llama2_window04,heuristico_foresight,{},48.516874526253204,48.516874526253204,1,2.9444539328975057,2.942588835321034,552,0,0,0,53.68180763455174,53.68180763455174,60,30.011413735879355,18718.68239162326,0,0,0.030011413735879355,,,,nan,0,nan,nan,nan,nan,nan,4.78e-05,8.8e-06,1.1e-05,1.99e-05,4.78e-05,nan,nan,nan,nan,nan,nan,nan,nan,nan,nan,0,05_resultados\revisao_operacional\campanha_v1\j00663.mat,campanha_v1,,,,,,,,,
j00664,windows,nvml_llama2_window04,miope_qp,{},28.382341264646158,28.382341264646158,1,0.18898465992403107,0.18879173695310827,49,0,0,0,52.681688459113914,52.681688459113914,60.00000001854501,34.88973627988858,44091.27312400282,0,0,0.03488973627988858,,,,nan,0,nan,nan,nan,nan,nan,0.0012236,0.0005883500000000001,0.0007007999999999999,0.0008764,0.0012236,0.0010822,0.0005237,0.0006281500000000001,0.0007891,0.0010822,nan,nan,nan,nan,nan,0,05_resultados\revisao_operacional\campanha_v1\j00664.mat,campanha_v1,,,,,,,,,
j00665,windows,nvml_llama2_window04,mpc_qp_v5,{},0.006558269262484373,0,1,3.917818138536091e-05,0,0,0,0,0,50.953385598036334,50.953385598036334,60,42.97141840932677,248.09268611453493,0,0,0.04297141840932677,,,,7.105427357601002e-15,0,0,0,2.1714186004828662e-11,333283.200808402,4015243775612013.0,0.0195762,0.03308965,0.03799745,0.04378145,0.0599729,0.0135455,0.0279942,0.0324497,0.03579315,0.0537668,0.0042411,0.0046457,0.0054809,0.007017850000000001,0.01975,0,05_resultados\revisao_operacional\campanha_v1\j00665.mat,campanha_v1,,,,,,,,,
j00666,windows,nvml_llama2_window04,mpc_qp_estocastico_3cen,{},5.684341886080802e-14,0,1,2.5062164438668007e-15,0,0,0,0,0,39.23300490523081,39.23300490523081,60,98.64322670015393,589.1775707473753,0,0,0.09864322670015394,,,,7.105427357601002e-15,0,0,0,2.3021584638627246e-10,666566.4016168036,8030487551224027.0,0.0442373,0.06114375,0.06825149999999999,0.07831495,0.1264127,0.0276625,0.0477013,0.05265465,0.05877,0.0671953,0.0135328,0.013000049999999999,0.016030250000000003,0.019461100000000002,0.0665009,0,05_resultados\revisao_operacional\campanha_v1\j00666.mat,campanha_v1,,,,,,,,,
j00667,windows,nvml_llama2_window05,heuristico,{},94.32479237452141,94.32479237452141,1,6.705360133905073,6.704939913046453,656,185,0,0,55.36904752346718,55.36880128765381,60,22.88131780630037,42533.59825258999,0,0,0.02288131780630037,,,,nan,0,nan,nan,nan,nan,nan,4.24e-05,8.2e-06,9.6e-06,1.61e-05,4.24e-05,nan,nan,nan,nan,nan,nan,nan,nan,nan,nan,0,05_resultados\revisao_operacional\campanha_v1\j00667.mat,campanha_v1,,,,,,,,,
j00668,windows,nvml_llama2_window05,heuristico_foresight,{},87.96151432979595,87.96151432979595,1,2.312329770250957,2.309279825543503,531,29,0,0,52.14578910220165,52.14578910220165,60,37.307501764543076,22641.8210123974,0,0,0.037307501764543075,,,,nan,0,nan,nan,nan,nan,nan,4.65e-05,8.9e-06,1.13e-05,1.95e-05,7.7e-05,nan,nan,nan,nan,nan,nan,nan,nan,nan,nan,0,05_resultados\revisao_operacional\campanha_v1\j00668.mat,campanha_v1,,,,,,,,,
j00669,windows,nvml_llama2_window05,miope_qp,{},125.16359617211069,125.16359617211069,1,3.3328833621126277,3.332880432265527,214,89,36,0,55.06543997098591,55.06198764258727,60,27.433348853307677,76852.1737245557,0,0,0.027433348853307678,,,,nan,0,nan,nan,nan,nan,nan,0.0012189,0.00062405,0.0009464,0.00138265,0.0019549,0.0010786,0.0005539,0.0008424000000000001,0.0012320999999999999,0.0017448,nan,nan,nan,nan,nan,0,05_resultados\revisao_operacional\campanha_v1\j00669.mat,campanha_v1,,,,,,,,,
j00670,windows,nvml_llama2_window05,mpc_qp_v5,{},3.8539298102752753,3.8539298102752753,1,0.0011179541120600492,0.0010705360584097987,1,0,0,0,49.4848547420949,49.4848547420949,60,49.94693997504857,748.6175174998097,0,0,0.04994693997504857,,,,7.105427357601002e-15,0,0,0,1.5916157281026244e-12,333283.2021354289,4507621596651596.0,0.0242917,0.02693835,0.030930449999999998,0.03611315,0.0624446,0.0175968,0.0220691,0.02495455,0.02851555,0.038258,0.0044007,0.0045673,0.00581835,0.007381199999999999,0.0233574,0,05_resultados\revisao_operacional\campanha_v1\j00670.mat,campanha_v1,,,,,,,,,
j00671,windows,nvml_llama2_window05,mpc_qp_estocastico_3cen,{},5.684341886080802e-14,0,1,1.3342413593717436e-15,0,0,0,0,0,36.4870496016523,36.4870496016523,60,111.68651439215192,878.8475767714637,0,0,0.11168651439215192,,,,7.105427357601002e-15,0,0,0,0.0006981142516906402,666566.4042708572,9350764207966910.0,0.0642337,0.0588599,0.0650659,0.07120835,0.0883862,0.048871,0.0455269,0.0501667,0.05299535,0.0588209,0.0120126,0.01274365,0.0154731,0.018941,0.0408883,0,05_resultados\revisao_operacional\campanha_v1\j00671.mat,campanha_v1,,,,,,,,,
j00672,windows,nvml_llama2_window06,heuristico,{},114.16154256706912,114.16154256706912,1,7.736581025782818,7.736059549964177,656,230,41,0,56.49272118898343,56.49272118898343,60,22.145783899367526,48550.345961339306,0,0,0.022145783899367527,,,,nan,0,nan,nan,nan,nan,nan,4.31e-05,8.9e-06,1.65e-05,2.3899999999999998e-05,5.14e-05,nan,nan,nan,nan,nan,nan,nan,nan,nan,nan,0,05_resultados\revisao_operacional\campanha_v1\j00672.mat,campanha_v1,,,,,,,,,
j00673,windows,nvml_llama2_window06,heuristico_foresight,{},80.34019684823308,80.34019684823308,1,2.3231401099471283,2.316650329039629,493,36,0,0,52.33811632140492,52.33811632140492,60,36.39394747332664,19099.9637085847,0,0,0.03639394747332664,,,,nan,0,nan,nan,nan,nan,nan,4.78e-05,8.9e-06,1.0549999999999999e-05,1.4449999999999999e-05,8.29e-05,nan,nan,nan,nan,nan,nan,nan,nan,nan,nan,0,05_resultados\revisao_operacional\campanha_v1\j00673.mat,campanha_v1,,,,,,,,,
j00674,windows,nvml_llama2_window06,miope_qp,{},152.25156838492873,152.25156838492873,1,4.64076556021768,4.6407093745514665,209,171,49,0,56.06106881028024,56.06106881028024,60.008372822189024,28.080318936763327,91529.15354584655,0,0,0.028080318936763327,,,,nan,0,nan,nan,nan,nan,nan,0.0012849,0.0006067,0.0007217,0.0008841999999999999,0.0012849,0.0011358,0.0005396,0.00063455,0.0007819999999999999,0.0011358,nan,nan,nan,nan,nan,0,05_resultados\revisao_operacional\campanha_v1\j00674.mat,campanha_v1,,,,,,,,,
j00675,windows,nvml_llama2_window06,mpc_qp_v5,{},0.004912994238338797,0,1,4.741214797349692e-05,0,0,0,0,0,49.57286699765293,49.57286699765293,60,49.52888176114906,666.6677730646845,0,0,0.04952888176114906,,,,7.105427357601002e-15,0,0,0,2.0463630789890885e-12,333283.2021354289,4492640113832498.0,0.0261828,0.02605175,0.0293688,0.03319075,0.0513424,0.0189994,0.02123835,0.02378265,0.02702935,0.0330251,0.0049719,0.0044002,0.0053685,0.0063116000000000005,0.0182944,0,05_resultados\revisao_operacional\campanha_v1\j00675.mat,campanha_v1,,,,,,,,,
j00676,windows,nvml_llama2_window06,mpc_qp_estocastico_3cen,{},5.684341886080802e-14,0,1,1.2710820050819569e-15,0,0,0,0,0,36.50428586771735,36.50428586771735,60,111.60464212834233,954.7262920924779,0,0,0.11160464212834234,,,,7.105427357601002e-15,0,0,0,8.310507837450132e-11,666566.4042708572,9335782725147804.0,0.0587639,0.0584118,0.06346805,0.0684423,0.1483984,0.0429449,0.04509085,0.0493937,0.0520775,0.0645458,0.0128649,0.01281175,0.014861800000000001,0.01868255,0.0879475,0,05_resultados\revisao_operacional\campanha_v1\j00676.mat,campanha_v1,,,,,,,,,
j00677,windows,nvml_llama2_window07,heuristico,{},94.32479237452125,94.32479237452125,1,6.7188505064519015,6.718430285593281,656,185,0,0,55.36333882679411,55.36333882679411,60,22.9095271063045,42560.91356241515,0,0,0.0229095271063045,,,,nan,0,nan,nan,nan,nan,nan,4.43e-05,8.1e-06,1.07e-05,1.7449999999999997e-05,6.31e-05,nan,nan,nan,nan,nan,nan,nan,nan,nan,nan,0,05_resultados\revisao_operacional\campanha_v1\j00677.mat,campanha_v1,,,,,,,,,
j00678,windows,nvml_llama2_window07,heuristico_foresight,{},88.93572262060616,88.93572262060616,1,2.2673915898962624,2.2640973366815844,528,27,0,0,52.112203434216745,52.112203434216745,60,37.4670336874715,22379.428193329448,0,0,0.0374670336874715,,,,nan,0,nan,nan,nan,nan,nan,5.09e-05,9e-06,1.18e-05,2.27e-05,5.56e-05,nan,nan,nan,nan,nan,nan,nan,nan,nan,nan,0,05_resultados\revisao_operacional\campanha_v1\j00678.mat,campanha_v1,,,,,,,,,
j00679,windows,nvml_llama2_window07,miope_qp,{},125.16359526576335,125.16359526576335,1,3.342812952850274,3.342810064499825,215,92,35,0,55.08834221548469,55.08690677785135,60,27.300570846561076,76853.04901010985,0,0,0.027300570846561074,,,,nan,0,nan,nan,nan,nan,nan,0.0012416,0.00059985,0.0007234,0.0008923,0.0012416,0.0010997,0.00053305,0.0006457500000000001,0.00080635,0.0010997,nan,nan,nan,nan,nan,0,05_resultados\revisao_operacional\campanha_v1\j00679.mat,campanha_v1,,,,,,,,,
j00680,windows,nvml_llama2_window07,mpc_qp_v5,{},3.8960896505135736,3.8960896505135736,1,0.0011298399139202707,0.0010822471251426594,1,0,0,0,49.478241449414604,49.478241449414604,60,49.97835311528045,773.2443675751224,0,0,0.04997835311528045,,,,7.105427357601002e-15,0,0,0,1.5916157281026244e-12,333283.2021354289,4513916523040505.0,0.0255777,0.0268299,0.02893435,0.03103665,0.0373369,0.0182921,0.021979699999999998,0.023696250000000002,0.024866899999999997,0.0324109,0.0047847,0.0045204500000000005,0.0053749,0.00599125,0.0105164,0,05_resultados\revisao_operacional\campanha_v1\j00680.mat,campanha_v1,,,,,,,,,
j00681,windows,nvml_llama2_window07,mpc_qp_estocastico_3cen,{},5.684341886080802e-14,0,1,1.3895057943753071e-15,0,0,0,0,0,36.489504751291385,36.489504751291385,60,111.67485243136603,920.2032204415752,0,0,0.11167485243136603,,,,7.105427357601002e-15,0,0,0,2.0531842892523855e-10,666566.4042708572,9341059134356534.0,0.0649862,0.0582301,0.0640019,0.06807915,0.0805982,0.0491613,0.04515495,0.049586000000000005,0.052123249999999996,0.0586508,0.0125304,0.012632850000000001,0.015026500000000002,0.0167792,0.0262401,0,05_resultados\revisao_operacional\campanha_v1\j00681.mat,campanha_v1,,,,,,,,,
j00682,windows,nvml_llama2_window08,heuristico,{},113.93798169743309,113.93798169743309,1,7.656587397627795,7.656107610627467,644,231,44,0,56.60566949356452,56.569750488975856,60,22.043355543074327,48009.0489979081,0,0,0.022043355543074326,,,,nan,0,nan,nan,nan,nan,nan,4.71e-05,8.6e-06,1.07e-05,1.415e-05,8.63e-05,nan,nan,nan,nan,nan,nan,nan,nan,nan,nan,0,05_resultados\revisao_operacional\campanha_v1\j00682.mat,campanha_v1,,,,,,,,,
j00683,windows,nvml_llama2_window08,heuristico_foresight,{},80.17904046090607,80.17904046090607,1,2.301215448554209,2.293907268764081,481,36,0,0,52.47882746698749,52.44408819448614,60,36.07341935251376,18373.46942210658,0,0,0.03607341935251376,,,,nan,0,nan,nan,nan,nan,nan,4.61e-05,9.1e-06,1e-05,1.3700000000000001e-05,4.61e-05,nan,nan,nan,nan,nan,nan,nan,nan,nan,nan,0,05_resultados\revisao_operacional\campanha_v1\j00683.mat,campanha_v1,,,,,,,,,
j00684,windows,nvml_llama2_window08,miope_qp,{},151.80713367572233,151.80713367572233,1,4.548520036856375,4.548516070806154,206,169,48,0,56.14515100213474,56.10683889431206,60.00049457907274,27.979537006867325,90339.68588211454,0,0,0.027979537006867325,,,,nan,0,nan,nan,nan,nan,nan,0.0012612,0.0006366,0.00084125,0.0010194,0.0012612,0.0011131,0.0005651499999999999,0.0007499,0.00091515,0.0011131,nan,nan,nan,nan,nan,0,05_resultados\revisao_operacional\campanha_v1\j00684.mat,campanha_v1,,,,,,,,,
j00685,windows,nvml_llama2_window08,mpc_qp_v5,{},0.16095256302202188,0,1,9.0714787635719e-05,0,0,0,0,0,49.835596578323624,49.83544470587898,60,48.28243697573091,566.3324851081451,0,0,0.04828243697573091,,,,4.220588036218942e-05,37,0,0,1.9326762412674725e-12,333283.2021354289,4530162062287378.0,0.0288203,0.02637775,0.0289693,0.03164615,0.0440397,0.0212841,0.02141945,0.0237138,0.0251815,0.0335719,0.0046657,0.00449885,0.00536815,0.0065071999999999994,0.0098102,0,05_resultados\revisao_operacional\campanha_v1\j00685.mat,campanha_v1,,,,,,,,,
j00686,windows,nvml_llama2_window08,mpc_qp_estocastico_3cen,{},5.684341886080802e-14,0,1,1.318451520799297e-15,0,0,0,0,0,36.696173997227184,36.696173997227184,60,110.69317351317132,1148.3165834923436,0,0,0.11069317351317132,,,,7.105427357601002e-15,0,0,0,5.3660187404602766e-11,666566.4042708572,9373304673602688.0,0.0634287,0.05789305,0.06297605,0.06713345,0.0977032,0.0462404,0.044807650000000004,0.04886295,0.05096945,0.0688341,0.0140129,0.012575949999999999,0.014784450000000001,0.017296600000000002,0.0352466,0,05_resultados\revisao_operacional\campanha_v1\j00686.mat,campanha_v1,,,,,,,,,
j00687,windows,nvml_llama2_window09,heuristico,{},95.805126346919,95.805126346919,1,6.722059826610735,6.721639605752116,661,184,0,0,55.36727311432173,55.36727311432173,60,22.908739476074157,42604.5142248185,0,0,0.022908739476074157,,,,nan,0,nan,nan,nan,nan,nan,5.09e-05,8e-06,9.5e-06,1.815e-05,5.09e-05,nan,nan,nan,nan,nan,nan,nan,nan,nan,nan,0,05_resultados\revisao_operacional\campanha_v1\j00687.mat,campanha_v1,,,,,,,,,
j00688,windows,nvml_llama2_window09,heuristico_foresight,{},79.25307195419211,79.25307195419211,1,2.351238104252795,2.347987087150934,536,29,0,0,52.17127101606531,52.17127101606531,60,37.18646267369047,22541.577144540035,0,0,0.03718646267369047,,,,nan,0,nan,nan,nan,nan,nan,4.73e-05,8.9e-06,1e-05,1.45e-05,5.15e-05,nan,nan,nan,nan,nan,nan,nan,nan,nan,nan,0,05_resultados\revisao_operacional\campanha_v1\j00688.mat,campanha_v1,,,,,,,,,
j00689,windows,nvml_llama2_window09,miope_qp,{},125.16359691355687,125.16359691355687,1,3.3231878309889633,3.323184831233142,213,90,36,0,55.06487247863918,55.06487247863918,60,27.396615633719954,76758.64384310732,0,0,0.027396615633719954,,,,nan,0,nan,nan,nan,nan,nan,0.0013021,0.0006108,0.000712,0.0008641,0.0013928,0.0011466,0.0005433,0.0006315,0.000785,0.0012701,nan,nan,nan,nan,nan,0,05_resultados\revisao_operacional\campanha_v1\j00689.mat,campanha_v1,,,,,,,,,
j00690,windows,nvml_llama2_window09,mpc_qp_v5,{},0.547506371700166,0,1,0.0002008400246247888,0,0,0,0,0,49.68343922724779,49.68343922724779,60,49.003663670573,486.26679337432677,0,0,0.049003663670572996,,,,7.105427357601002e-15,0,0,0,4.206412995699793e-12,333283.2021354289,4547962789861189.0,0.0258734,0.0262334,0.02823865,0.0304445,0.0365635,0.0192849,0.0215355,0.02323795,0.0248687,0.0296343,0.0045956,0.00436665,0.0050810000000000004,0.0055092,0.0112397,0,05_resultados\revisao_operacional\campanha_v1\j00690.mat,campanha_v1,,,,,,,,,
j00691,windows,nvml_llama2_window09,mpc_qp_estocastico_3cen,{},5.684341886080802e-14,0,1,1.3105566015130736e-15,0,0,0,0,0,36.48766516069877,36.48766516069877,60,111.68359048668071,873.7560742368037,0,0,0.11168359048668071,,,,7.105427357601002e-15,0,0,0,0.00012015848551527597,666566.4042708572,9391105401176500.0,0.0603291,0.058405849999999995,0.06350425,0.06931034999999999,0.0882778,0.0442581,0.04519195,0.0493507,0.052700800000000006,0.0690062,0.0126828,0.012683449999999999,0.014964350000000001,0.01692695,0.0233811,0,05_resultados\revisao_operacional\campanha_v1\j00691.mat,campanha_v1,,,,,,,,,
j00692,windows,nvml_llama2_window10,heuristico,{},94.32479237452141,94.32479237452141,1,6.7179325894809425,6.717512368622324,656,185,0,0,55.379219956456275,55.379219956456275,60,22.83298729548267,42680.47546254884,0,0,0.022832987295482672,,,,nan,0,nan,nan,nan,nan,nan,4.28e-05,8.1e-06,9.3e-06,1.515e-05,4.28e-05,nan,nan,nan,nan,nan,nan,nan,nan,nan,nan,0,05_resultados\revisao_operacional\campanha_v1\j00692.mat,campanha_v1,,,,,,,,,
j00693,windows,nvml_llama2_window10,heuristico_foresight,{},89.14368138278934,89.14368138278934,1,2.298988447569164,2.29593850286171,530,28,0,0,52.15090422826247,52.15090422826247,60,37.283204915754276,22695.13170955974,0,0,0.03728320491575428,,,,nan,0,nan,nan,nan,nan,nan,4.57e-05,8.9e-06,1.17e-05,2.5750000000000002e-05,7e-05,nan,nan,nan,nan,nan,nan,nan,nan,nan,nan,0,05_resultados\revisao_operacional\campanha_v1\j00693.mat,campanha_v1,,,,,,,,,
j00694,windows,nvml_llama2_window10,miope_qp,{},125.16359606935505,125.16359606935505,1,3.3417503150086656,3.3417474174806365,213,91,36,0,55.07551692718193,55.07551692718193,60,27.35498891021648,77070.91758810345,0,0,0.02735498891021648,,,,nan,0,nan,nan,nan,nan,nan,0.0012421,0.0005859,0.00070285,0.0009037,0.0012421,0.0011029,0.00052145,0.0006269,0.00080915,0.0011029,nan,nan,nan,nan,nan,0,05_resultados\revisao_operacional\campanha_v1\j00694.mat,campanha_v1,,,,,,,,,
j00695,windows,nvml_llama2_window10,mpc_qp_v5,{},3.90637107371532,3.90637107371532,1,0.001131820908151645,0.0010851030760320333,1,0,0,0,49.47592141943174,49.47592141943174,60,49.989373257698894,757.5294675924222,0,0,0.049989373257698894,,,,7.105427357601002e-15,0,0,0,1.5916157281026244e-12,333283.2021354289,4520966572274731.0,0.0249953,0.02572585,0.02740045,0.0285003,0.0325671,0.0175984,0.021112449999999998,0.02253535,0.0233762,0.0261404,0.0045305,0.00426075,0.00502095,0.00530845,0.0067712,0,05_resultados\revisao_operacional\campanha_v1\j00695.mat,campanha_v1,,,,,,,,,
j00696,windows,nvml_llama2_window10,mpc_qp_estocastico_3cen,{},3.8566610406617485,3.8566610406617485,1,0.0010712947335184944,0.0010712947335171524,1,0,0,0,36.514699258728825,36.514699258728825,60,111.55517852103816,808.5264458958399,0,0,0.11155517852103816,,,,7.105427357601002e-15,0,0,0,2.049773684120737e-10,666566.4042708572,9364109183590038.0,0.060005,0.0583953,0.06767355,0.07772085000000001,0.08938,0.0429154,0.04518015,0.05241565,0.0612211,0.0686546,0.013514,0.01278135,0.01533095,0.017662900000000002,0.0345823,0,05_resultados\revisao_operacional\campanha_v1\j00696.mat,campanha_v1,,,,,,,,,
j00697,windows,nvml_llama2_window11,heuristico,{},113.93798169743309,113.93798169743309,1,7.723880564147248,7.723668315388301,656,229,42,0,56.53657083969199,56.53279463502438,60,22.064266671048752,48465.73301982371,0,0,0.022064266671048754,,,,nan,0,nan,nan,nan,nan,nan,4.46e-05,8.1e-06,1.03e-05,1.4449999999999999e-05,4.81e-05,nan,nan,nan,nan,nan,nan,nan,nan,nan,nan,0,05_resultados\revisao_operacional\campanha_v1\j00697.mat,campanha_v1,,,,,,,,,
j00698,windows,nvml_llama2_window11,heuristico_foresight,{},80.17904046090607,80.17904046090607,1,2.3768537842792306,2.3704612343493157,491,39,0,0,52.39031542374974,52.39031542374974,60,36.14600173718866,18758.039850716035,0,0,0.03614600173718866,,,,nan,0,nan,nan,nan,nan,nan,4.53e-05,8.7e-06,1.13e-05,1.73e-05,4.53e-05,nan,nan,nan,nan,nan,nan,nan,nan,nan,nan,0,05_resultados\revisao_operacional\campanha_v1\j00698.mat,campanha_v1,,,,,,,,,
j00699,windows,nvml_llama2_window11,miope_qp,{},151.8071352458688,151.8071352458688,1,4.563763503969282,4.563759322090635,209,170,48,0,56.06958569433011,56.06168493402937,60.00011537139208,28.05475613622615,91031.70625582336,0,0,0.02805475613622615,,,,nan,0,nan,nan,nan,nan,nan,0.0013997,0.0006024,0.00071435,0.0009934000000000002,0.0013997,0.0012542,0.0005352,0.0006392500000000001,0.0008823500000000001,0.0012542,nan,nan,nan,nan,nan,0,05_resultados\revisao_operacional\campanha_v1\j00699.mat,campanha_v1,,,,,,,,,
j00700,windows,nvml_llama2_window11,mpc_qp_v5,{},0.3209850853813805,0,1,0.00013503607569946989,0,0,0,0,0,49.74089672680012,49.74089672680012,60,48.730740547699256,459.5968029785839,0,0,0.048730740547699256,,,,7.105427357601002e-15,0,0,0,1.9326762412674725e-12,333283.2021354289,4511720980557489.0,0.0265027,0.02545845,0.02842055,0.03271895,0.0429577,0.0195026,0.0207826,0.0231911,0.0277755,0.0372118,0.0048298,0.00428505,0.0051231,0.0056653,0.0102037,0,05_resultados\revisao_operacional\campanha_v1\j00700.mat,campanha_v1,,,,,,,,,
j00701,windows,nvml_llama2_window11,mpc_qp_estocastico_3cen,{},5.684341886080802e-14,0,1,1.3105566015130736e-15,0,0,0,0,0,36.54163284499782,36.54163284499782,60,111.42724398626024,943.0963216613447,0,0,0.11142724398626024,,,,7.105427357601002e-15,0,0,0,5.3660187404602766e-11,666566.4042708572,9354863591872804.0,0.0597498,0.05643515,0.0632054,0.072176,0.0870384,0.0442327,0.043767600000000004,0.049310049999999994,0.058318999999999996,0.0734799,0.0124321,0.012227100000000001,0.0140008,0.0156531,0.0251088,0,05_resultados\revisao_operacional\campanha_v1\j00701.mat,campanha_v1,,,,,,,,,
j00702,windows,nvml_llama2_window12,heuristico,{},52.736916323633096,52.736916323633096,1,2.8360007306028088,2.8344694240123225,532,2,0,0,54.088488545030465,54.088488545030465,60,28.079679411105495,18204.176133640805,0,0,0.028079679411105497,,,,nan,0,nan,nan,nan,nan,nan,4.67e-05,8e-06,9.7e-06,1.06e-05,4.91e-05,nan,nan,nan,nan,nan,nan,nan,nan,nan,nan,0,05_resultados\revisao_operacional\campanha_v1\j00702.mat,campanha_v1,,,,,,,,,
j00703,windows,nvml_llama2_window12,heuristico_foresight,{},48.511437946496926,48.511437946496926,1,2.786157799832058,2.784292720820513,521,0,0,0,54.022490764436974,54.022490764436974,60,28.39316886892468,17784.726480003956,0,0,0.02839316886892468,,,,nan,0,nan,nan,nan,nan,nan,4.58e-05,8.8e-06,1.2450000000000001e-05,2.395e-05,4.58e-05,nan,nan,nan,nan,nan,nan,nan,nan,nan,nan,0,05_resultados\revisao_operacional\campanha_v1\j00703.mat,campanha_v1,,,,,,,,,
j00704,windows,nvml_llama2_window12,miope_qp,{},28.37800867199944,28.37800867199944,1,0.17959875022043917,0.17940675892183305,47,0,0,0,53.07627969363182,53.07627969363182,60,33.015403085536356,41923.74892700878,0,0,0.033015403085536354,,,,nan,0,nan,nan,nan,nan,nan,0.0012008,0.0005927,0.00070085,0.0008738,0.0012008,0.0010616,0.00052755,0.0006276,0.0007930000000000001,0.0010616,nan,nan,nan,nan,nan,0,05_resultados\revisao_operacional\campanha_v1\j00704.mat,campanha_v1,,,,,,,,,
j00705,windows,nvml_llama2_window12,mpc_qp_v5,{},0.006557877963047076,0,1,3.742085285430462e-05,0,0,0,0,0,51.420442505434735,51.420442505434735,60,40.75289809918437,242.92474415785824,0,0,0.04075289809918437,,,,7.105427357601002e-15,0,0,0,2.3646862246096134e-11,333283.200808402,4015243775612013.0,0.0186363,0.03159315,0.0371379,0.043425099999999994,0.0527834,0.0129938,0.02684695,0.032153799999999996,0.0379581,0.0484383,0.0039818,0.0043015,0.0050607,0.005530200000000001,0.0111536,0,05_resultados\revisao_operacional\campanha_v1\j00705.mat,campanha_v1,,,,,,,,,
j00706,windows,nvml_llama2_window12,mpc_qp_estocastico_3cen,{},5.684341886080802e-14,0,1,2.4404674124545782e-15,0,0,0,0,0,40.29540417862998,40.29540417862998,60,93.59683015150738,576.6510412460411,0,0,0.09359683015150738,,,,7.105427357601002e-15,0,0,0,2.241904439870268e-10,666566.4016168036,8030487551224027.0,0.0407831,0.05827735,0.0651812,0.07203884999999999,0.0926083,0.0263213,0.04562185,0.051339899999999994,0.05769995,0.0790816,0.0120152,0.0122145,0.013752899999999998,0.01483755,0.0241151,0,05_resultados\revisao_operacional\campanha_v1\j00706.mat,campanha_v1,,,,,,,,,
j00707,windows,nvml_llama2_window13,heuristico,{},56.184815798622765,56.184815798622765,1,3.5904662312283495,3.588753120749241,627,25,0,0,53.264598886709756,53.264598886709756,60,31.993155288128822,23041.15367712431,0,0,0.03199315528812882,,,,nan,0,nan,nan,nan,nan,nan,4.27e-05,7.7e-06,9.8e-06,1.085e-05,4.27e-05,nan,nan,nan,nan,nan,nan,nan,nan,nan,nan,0,05_resultados\revisao_operacional\campanha_v1\j00707.mat,campanha_v1,,,,,,,,,
j00708,windows,nvml_llama2_window13,heuristico_foresight,{},52.587777546625944,52.587777546625944,1,3.5453006004868506,3.5429768573810683,615,24,0,0,53.203292399425315,53.203292399425315,60,32.2843611027304,22408.864646180522,0,0,0.0322843611027304,,,,nan,0,nan,nan,nan,nan,nan,4.52e-05,8.7e-06,1.12e-05,1.465e-05,4.52e-05,nan,nan,nan,nan,nan,nan,nan,nan,nan,nan,0,05_resultados\revisao_operacional\campanha_v1\j00708.mat,campanha_v1,,,,,,,,,
j00709,windows,nvml_llama2_window13,miope_qp,{},31.626578896239238,31.626578896239238,1,0.2504208535586769,0.2502365015872793,56,0,0,0,51.91080812974779,51.91080812974779,60.00200326232022,38.55896245982151,50258.76494901871,0,0,0.03855896245982151,,,,nan,0,nan,nan,nan,nan,nan,0.0012293,0.0005821,0.0006913500000000001,0.0008317,0.0012293,0.0010738,0.0005184499999999999,0.0006193500000000001,0.0007634,0.0010738,nan,nan,nan,nan,nan,0,05_resultados\revisao_operacional\campanha_v1\j00709.mat,campanha_v1,,,,,,,,,
j00710,windows,nvml_llama2_window13,mpc_qp_v5,{},0.0068848375548782315,0,1,4.7364039472148006e-05,0,0,0,0,0,49.912763852159216,49.912763852159216,60,47.91437170224384,273.830720917741,0,0,0.047914371702243844,,,,7.105427357601002e-15,0,0,0,2.034994395216927e-11,333283.2021354289,4559227681840008.0,0.0239719,0.03180615,0.035651100000000005,0.03907365,0.0442564,0.0179278,0.027064249999999998,0.03069075,0.03366645,0.0390481,0.0042405,0.0043197,0.005044450000000001,0.0054211,0.0061956,0,05_resultados\revisao_operacional\campanha_v1\j00710.mat,campanha_v1,,,,,,,,,
j00711,windows,nvml_llama2_window13,mpc_qp_estocastico_3cen,{},5.684341886080802e-14,0,1,2.3766174213809184e-15,0,0,0,0,0,36.87259221077002,36.87259221077002,60,109.85518699884267,641.2162807957582,0,0,0.10985518699884267,,,,7.105427357601002e-15,0,0,0,6.207301339600235e-11,666566.4042708572,9134444923331440.0,0.0539392,0.05884015,0.06694795,0.0727129,0.0828917,0.0391566,0.04607535,0.05290865,0.058688649999999995,0.0694519,0.0121729,0.0123745,0.0138889,0.01494995,0.0170927,0,05_resultados\revisao_operacional\campanha_v1\j00711.mat,campanha_v1,,,,,,,,,
j00712,windows,nvml_llama2_window14,heuristico,{},111.66670366222138,111.66670366222138,1,7.776753439298462,7.776541385371574,654,232,43,0,56.4567042027223,56.45355319630657,60,21.982165780225376,48983.08700586126,0,0,0.021982165780225375,,,,nan,0,nan,nan,nan,nan,nan,4.16e-05,7.8e-06,1.0350000000000001e-05,1.675e-05,4.16e-05,nan,nan,nan,nan,nan,nan,nan,nan,nan,nan,0,05_resultados\revisao_operacional\campanha_v1\j00712.mat,campanha_v1,,,,,,,,,
j00713,windows,nvml_llama2_window14,heuristico_foresight,{},80.10364668394318,80.10364668394318,1,2.275767386484165,2.2690448706818125,489,37,0,0,52.262111310841085,52.262111310841085,60,36.75497127350471,18441.564814165355,0,0,0.03675497127350471,,,,nan,0,nan,nan,nan,nan,nan,4.51e-05,8.7e-06,1.12e-05,1.555e-05,5.5e-05,nan,nan,nan,nan,nan,nan,nan,nan,nan,nan,0,05_resultados\revisao_operacional\campanha_v1\j00713.mat,campanha_v1,,,,,,,,,
j00714,windows,nvml_llama2_window14,miope_qp,{},155.9221406403826,155.9221406403826,1,4.638157568375469,4.638153346673618,211,174,49,0,56.05047756629863,56.04530961784267,60,27.84641587716706,91477.0290264533,0,0,0.02784641587716706,,,,nan,0,nan,nan,nan,nan,nan,0.001198,0.00057345,0.00068145,0.00082555,0.001198,0.0010579,0.00051,0.0006019,0.0007356,0.0010579,nan,nan,nan,nan,nan,0,05_resultados\revisao_operacional\campanha_v1\j00714.mat,campanha_v1,,,,,,,,,
j00715,windows,nvml_llama2_window14,mpc_qp_v5,{},2.2565953445253086,2.2565953445253086,1,0.0006744798331806716,0.000626832040145919,1,0,0,0,49.7479805290371,49.7479805290371,60,48.69709248707394,473.3115448732634,0,0,0.04869709248707394,,,,7.105427357601002e-15,0,0,0,6.821210263296962e-13,333283.2021354289,4477532848870821.0,0.0237266,0.025036450000000002,0.0269434,0.0291214,0.0402558,0.0173178,0.020498549999999997,0.022213200000000002,0.02401605,0.0348159,0.0042514,0.00414705,0.0048728999999999995,0.00536175,0.0119907,0,05_resultados\revisao_operacional\campanha_v1\j00715.mat,campanha_v1,,,,,,,,,
j00716,windows,nvml_llama2_window14,mpc_qp_estocastico_3cen,{},1.8725032071505154,1.8725032071505154,1,0.0005201397797652637,0.0005201397797640321,1,0,0,0,36.6070188914152,36.6070188914152,60,111.1166602657781,836.0629642840395,0,0,0.1111166602657781,,,,7.105427357601002e-15,0,0,0,0.0001151651637201212,666566.4042708572,9320675460186128.0,0.0597746,0.0563358,0.06257475000000001,0.06858710000000001,0.0836408,0.0450647,0.04356645,0.0485251,0.05416565,0.0687871,0.0116212,0.0122584,0.014266000000000001,0.0153815,0.01938,0,05_resultados\revisao_operacional\campanha_v1\j00716.mat,campanha_v1,,,,,,,,,
j00717,windows,nvml_llama2_window15,heuristico,{},113.93798169743309,113.93798169743309,1,7.769170082452327,7.768874136380576,656,233,44,0,56.51741873591236,56.51741873591236,60,22.13240818828409,48565.93020478197,0,0,0.02213240818828409,,,,nan,0,nan,nan,nan,nan,nan,4.3e-05,8e-06,1.02e-05,1.1e-05,4.3e-05,nan,nan,nan,nan,nan,nan,nan,nan,nan,nan,0,05_resultados\revisao_operacional\campanha_v1\j00717.mat,campanha_v1,,,,,,,,,
j00718,windows,nvml_llama2_window15,heuristico_foresight,{},88.08330251923512,88.08330251923512,1,2.370352810288373,2.3635752967664896,492,40,0,0,52.35748069912397,52.35748069912397,60,36.30196667916116,18501.869849354243,0,0,0.03630196667916116,,,,nan,0,nan,nan,nan,nan,nan,4.52e-05,8.5e-06,1.1e-05,1.745e-05,5.65e-05,nan,nan,nan,nan,nan,nan,nan,nan,nan,nan,0,05_resultados\revisao_operacional\campanha_v1\j00718.mat,campanha_v1,,,,,,,,,
j00719,windows,nvml_llama2_window15,miope_qp,{},151.80713468337734,151.80713468337734,1,4.657919649087507,4.657915437764939,212,172,49,0,56.06979593758781,56.06979593758781,60,28.070901849726432,91510.19139180033,0,0,0.028070901849726434,,,,nan,0,nan,nan,nan,nan,nan,0.0012125,0.00058215,0.0006882500000000001,0.00081405,0.0012125,0.0010616,0.0005172,0.0006125,0.0007309,0.0010616,nan,nan,nan,nan,nan,0,05_resultados\revisao_operacional\campanha_v1\j00719.mat,campanha_v1,,,,,,,,,
j00720,windows,nvml_llama2_window15,mpc_qp_v5,{},3.859464645531574,3.859464645531574,1,0.001116293656982579,0.0010720735126476593,1,0,0,0,49.50975880716809,49.50975880716809,60,49.82864566595137,773.560404895079,0,0,0.04982864566595137,,,,7.105427357601002e-15,0,0,0,4.320099833421409e-12,333283.2021354289,4468273394690823.0,0.0248631,0.02472495,0.026576500000000003,0.02735545,0.0286159,0.0187067,0.0201788,0.02185235,0.022662099999999998,0.0243704,0.0040351,0.0042099,0.00484195,0.005141649999999999,0.0055534,0,05_resultados\revisao_operacional\campanha_v1\j00720.mat,campanha_v1,,,,,,,,,
j00721,windows,nvml_llama2_window15,mpc_qp_estocastico_3cen,{},5.684341886080802e-14,0,1,1.365821036516637e-15,0,0,0,0,0,36.531752831455826,36.531752831455826,60,111.47417405058454,941.2716969182682,0,0,0.11147417405058453,,,,7.105427357601002e-15,0,0,0,0.006388261860365674,666566.4042708572,9311416006006136.0,0.0585225,0.0555461,0.05929825,0.06110665,0.0626929,0.0433517,0.0430769,0.0465671,0.0479791,0.0500492,0.0122921,0.012147999999999999,0.013055549999999999,0.01352955,0.0151388,0,05_resultados\revisao_operacional\campanha_v1\j00721.mat,campanha_v1,,,,,,,,,
j00722,windows,nvml_llama2_window16,heuristico,{},94.32479100515476,94.32479100515476,1,6.642145335002374,6.641725114770894,651,182,0,0,55.43572536863662,55.4195141718691,60,22.72338946618666,42243.03443532428,0,0,0.02272338946618666,,,,nan,0,nan,nan,nan,nan,nan,4.19e-05,7.6e-06,9.8e-06,1.06e-05,4.19e-05,nan,nan,nan,nan,nan,nan,nan,nan,nan,nan,0,05_resultados\revisao_operacional\campanha_v1\j00722.mat,campanha_v1,,,,,,,,,
j00723,windows,nvml_llama2_window16,heuristico_foresight,{},88.1130388259541,88.1130388259541,1,2.2657167681304666,2.262422514899458,524,28,0,0,52.237655529108174,52.221464591584756,60,37.033258650622905,22294.934145515715,0,0,0.0370332586506229,,,,nan,0,nan,nan,nan,nan,nan,4.65e-05,8.4e-06,1.08e-05,1.17e-05,4.65e-05,nan,nan,nan,nan,nan,nan,nan,nan,nan,nan,0,05_resultados\revisao_operacional\campanha_v1\j00723.mat,campanha_v1,,,,,,,,,
j00724,windows,nvml_llama2_window16,miope_qp,{},125.16359475717289,125.16359475717289,1,3.2834004095998828,3.283397359874605,211,91,33,0,55.151857851299376,55.130731869021034,60,27.161151791373644,76174.90476271424,0,0,0.027161151791373645,,,,nan,0,nan,nan,nan,nan,nan,0.0011813,0.0005739499999999999,0.00070405,0.0008659,0.0011813,0.0010441,0.0005107,0.0006346,0.0007882,0.0010441,nan,nan,nan,nan,nan,0,05_resultados\revisao_operacional\campanha_v1\j00724.mat,campanha_v1,,,,,,,,,
j00725,windows,nvml_llama2_window16,mpc_qp_v5,{},3.861487873599458,3.861487873599458,1,0.001121366097861377,0.001072635520444294,1,0,0,0,49.564844999442435,49.564844999442435,60,49.566986252648896,887.1400055440612,0,0,0.049566986252648895,,,,7.105427357601002e-15,0,0,0,1.5916157281026244e-12,333283.2021354289,4477828333553725.5,0.0252529,0.025358600000000002,0.02688455,0.02835395,0.0358977,0.0188299,0.0207091,0.022141550000000003,0.0232236,0.0299439,0.0042626,0.004270899999999999,0.0049045,0.0052109,0.0074554,0,05_resultados\revisao_operacional\campanha_v1\j00725.mat,campanha_v1,,,,,,,,,
j00726,windows,nvml_llama2_window16,mpc_qp_estocastico_3cen,{},5.684341886080802e-14,0,1,1.3026616822268502e-15,0,0,0,0,0,36.62104154956028,36.62104154956028,60,111.05005263958884,1101.9979333957363,0,0,0.11105005263958884,,,,7.105427357601002e-15,0,0,0,2.0588686311384663e-10,666566.4042708572,9304971015215814.0,0.0623295,0.0568474,0.06082965,0.062318700000000005,0.0636234,0.0471484,0.044344999999999996,0.048142149999999995,0.049687300000000004,0.0514994,0.0120453,0.012110300000000001,0.012984,0.013640699999999999,0.016294,0,05_resultados\revisao_operacional\campanha_v1\j00726.mat,campanha_v1,,,,,,,,,
j00727,windows,nvml_llama2_window17,heuristico,{},56.14852417931064,56.14852417931064,1,3.3272253179189932,3.3257075407609156,580,21,0,0,53.78500208256011,53.78500208256011,60,29.521240107839606,21252.012762492963,0,0,0.029521240107839606,,,,nan,0,nan,nan,nan,nan,nan,4.11e-05,7.7e-06,1.02e-05,1.6000000000000003e-05,4.44e-05,nan,nan,nan,nan,nan,nan,nan,nan,nan,nan,0,05_resultados\revisao_operacional\campanha_v1\j00727.mat,campanha_v1,,,,,,,,,
j00728,windows,nvml_llama2_window17,heuristico_foresight,{},52.544871143458465,52.544871143458465,1,3.281966360116291,3.279837384651937,568,20,0,0,53.72357432385168,53.72357432385168,60,29.813021961704308,20619.50530598896,0,0,0.02981302196170431,,,,nan,0,nan,nan,nan,nan,nan,4.64e-05,8.6e-06,1.09e-05,1.8049999999999998e-05,4.64e-05,nan,nan,nan,nan,nan,nan,nan,nan,nan,nan,0,05_resultados\revisao_operacional\campanha_v1\j00728.mat,campanha_v1,,,,,,,,,
j00729,windows,nvml_llama2_window17,miope_qp,{},31.592389474374983,31.592389474374983,1,0.2313123973128194,0.23113902699971106,52,0,0,0,52.52285523941541,52.52285523941541,60,35.66759002868944,46870.060340031065,0,0,0.03566759002868944,,,,nan,0,nan,nan,nan,nan,nan,0.0011902,0.00059225,0.00068465,0.0008525,0.0011902,0.0010515,0.0005275,0.00061575,0.0007689999999999999,0.0010515,nan,nan,nan,nan,nan,0,05_resultados\revisao_operacional\campanha_v1\j00729.mat,campanha_v1,,,,,,,,,
j00730,windows,nvml_llama2_window17,mpc_qp_v5,{},0.006861855704471509,0,1,4.2844551002602355e-05,0,0,0,0,0,50.71669423024811,50.71669423024811,60,44.09570240632161,259.0416584640707,0,0,0.04409570240632161,,,,7.105427357601002e-15,0,0,0,1.864464138634503e-11,333283.200808402,4015243775612013.0,0.0190292,0.0313846,0.034651249999999995,0.036154900000000004,0.0374383,0.0134265,0.0267587,0.029948000000000002,0.031395099999999995,0.0327768,0.0039431,0.00429535,0.00490295,0.00519325,0.0053687,0,05_resultados\revisao_operacional\campanha_v1\j00730.mat,campanha_v1,,,,,,,,,
j00731,windows,nvml_llama2_window17,mpc_qp_estocastico_3cen,{},5.684341886080802e-14,0,1,2.383655580017062e-15,0,0,0,0,0,38.67169609837261,38.67169609837261,60,101.30944353273031,606.3204633645593,0,0,0.10130944353273032,,,,7.105427357601002e-15,0,0,0,2.8626345738302916e-10,666566.4016168036,8030487551224027.0,0.0428043,0.05831795,0.0640332,0.07043005,0.1795446,0.0275081,0.045706,0.05031365,0.0547256,0.0887575,0.0121097,0.01225555,0.01391915,0.016060699999999997,0.1040409,0,05_resultados\revisao_operacional\campanha_v1\j00731.mat,campanha_v1,,,,,,,,,
j00732,windows,nvml_llama2_window18,heuristico,{},113.8333932375989,113.8333932375989,1,7.794761023101855,7.794548969174968,656,229,43,0,56.444530689577824,56.44345489661063,60,22.04512255407451,49094.99193210474,0,0,0.02204512255407451,,,,nan,0,nan,nan,nan,nan,nan,4.38e-05,7.9e-06,1.06e-05,1.3700000000000001e-05,5.42e-05,nan,nan,nan,nan,nan,nan,nan,nan,nan,nan,0,05_resultados\revisao_operacional\campanha_v1\j00732.mat,campanha_v1,,,,,,,,,
j00733,windows,nvml_llama2_window18,heuristico_foresight,{},85.61279750902398,85.61279750902398,1,2.3639573955700977,2.3580231181930564,495,40,0,0,52.31099901230834,52.310519299101806,60,36.52755813561679,18956.24964016854,0,0,0.03652755813561679,,,,nan,0,nan,nan,nan,nan,nan,4.76e-05,8.8e-06,1.04e-05,1.72e-05,4.91e-05,nan,nan,nan,nan,nan,nan,nan,nan,nan,nan,0,05_resultados\revisao_operacional\campanha_v1\j00733.mat,campanha_v1,,,,,,,,,
j00734,windows,nvml_llama2_window18,miope_qp,{},155.92204304713445,155.92204304713445,1,4.70534321123669,4.7053389593213,213,175,49,0,56.02300226572458,56.017833689947736,60,27.980484851035698,91821.08878755219,0,0,0.027980484851035697,,,,nan,0,nan,nan,nan,nan,nan,0.0011996,0.0005855999999999999,0.00068665,0.0008083,0.0011996,0.0010605,0.0005204000000000001,0.0006127999999999999,0.00072875,0.0010605,nan,nan,nan,nan,nan,0,05_resultados\revisao_operacional\campanha_v1\j00734.mat,campanha_v1,,,,,,,,,
j00735,windows,nvml_llama2_window18,mpc_qp_v5,{},3.7513439848390533,3.7513439848390533,1,0.001089470580174263,0.0010420399957886258,1,0,0,0,49.550189100342706,49.550189100342706,60,49.636601773372,764.7429813782128,0,0,0.049636601773372,,,,7.105427357601002e-15,0,0,0,6.821210263296962e-13,333283.2021354289,4469532707595185.5,0.0254265,0.02509535,0.0270395,0.02828125,0.0325348,0.0188579,0.020499499999999997,0.02222195,0.02329165,0.02808,0.0044571,0.0042003000000000006,0.00490335,0.0052417,0.0057979,0,05_resultados\revisao_operacional\campanha_v1\j00735.mat,campanha_v1,,,,,,,,,
j00736,windows,nvml_llama2_window18,mpc_qp_estocastico_3cen,{},5.684341886080802e-14,0,1,1.5000346643824337e-15,0,0,0,0,0,36.55952468378872,36.55952468378872,60,111.34225775200366,969.1280960231352,0,0,0.11134225775200367,,,,7.105427357601002e-15,0,0,0,5.10453901370056e-11,666566.4042708572,9312675318910496.0,0.059388,0.0557899,0.0595248,0.06250685,0.0771606,0.0434422,0.04315755,0.046702999999999995,0.04899635,0.0582106,0.0123138,0.01216825,0.01324345,0.01423555,0.0201902,0,05_resultados\revisao_operacional\campanha_v1\j00736.mat,campanha_v1,,,,,,,,,
j00737,windows,nvml_llama2_window19,heuristico,{},113.93798169743309,113.93798169743309,1,7.745030987076738,7.744735041004987,652,233,44,0,56.53910106039944,56.536199728097564,60,22.073441748109488,48658.94030735196,0,0,0.022073441748109487,,,,nan,0,nan,nan,nan,nan,nan,4.27e-05,7.9e-06,9.5e-06,1.735e-05,4.27e-05,nan,nan,nan,nan,nan,nan,nan,nan,nan,nan,0,05_resultados\revisao_operacional\campanha_v1\j00737.mat,campanha_v1,,,,,,,,,
j00738,windows,nvml_llama2_window19,heuristico_foresight,{},80.17904046090607,80.17904046090607,1,2.330060257491699,2.3229773614183635,487,37,0,0,52.364947025931464,52.364947025931464,60,36.26650162682555,18477.932150565477,0,0,0.03626650162682555,,,,nan,0,nan,nan,nan,nan,nan,4.39e-05,8.6e-06,1.1e-05,1.35e-05,6.21e-05,nan,nan,nan,nan,nan,nan,nan,nan,nan,nan,0,05_resultados\revisao_operacional\campanha_v1\j00738.mat,campanha_v1,,,,,,,,,
j00739,windows,nvml_llama2_window19,miope_qp,{},151.807134284118,151.807134284118,1,4.611472798013199,4.611468706136628,209,172,48,0,56.07478695975835,56.066872763596066,60,28.055608351550465,91043.14047567017,0,0,0.028055608351550465,,,,nan,0,nan,nan,nan,nan,nan,0.0011816,0.00057525,0.0006675,0.0008449499999999999,0.0011816,0.0010456,0.0005117,0.00059825,0.00075595,0.0010456,nan,nan,nan,nan,nan,0,05_resultados\revisao_operacional\campanha_v1\j00739.mat,campanha_v1,,,,,,,,,
j00740,windows,nvml_llama2_window19,mpc_qp_v5,{},0.004888685951243588,0,1,4.492581044866976e-05,0,0,0,0,0,49.556689011110116,49.556689011110116,60,49.60572719722749,717.0351289680303,0,0,0.04960572719722749,,,,7.105427357601002e-15,0,0,0,1.9326762412674725e-12,333283.2021354289,4515991170271805.0,0.023659,0.024760499999999998,0.026585499999999998,0.02853995,0.0351255,0.0175748,0.020239550000000002,0.022014699999999998,0.024048899999999998,0.0298027,0.0043429,0.0041508,0.0047929,0.005015449999999999,0.0053611,0,05_resultados\revisao_operacional\campanha_v1\j00740.mat,campanha_v1,,,,,,,,,
j00741,windows,nvml_llama2_window19,mpc_qp_estocastico_3cen,{},5.684341886080802e-14,0,1,1.3105566015130736e-15,0,0,0,0,0,36.53478939481812,36.53478939481812,60,111.45975037461375,941.4518957571358,0,0,0.11145975037461375,,,,7.105427357601002e-15,0,0,0,0.0004249890280334512,666566.4042708572,9359133781587116.0,0.0561312,0.056406899999999996,0.0625052,0.0705618,0.1039876,0.0411573,0.0436741,0.048374349999999997,0.0551567,0.0674614,0.0120898,0.012270900000000001,0.014109199999999999,0.0160487,0.0522324,0,05_resultados\revisao_operacional\campanha_v1\j00741.mat,campanha_v1,,,,,,,,,
j00742,windows,nvml_llama2_window20,heuristico,{},94.32479237452141,94.32479237452141,1,6.706580916334244,6.706160695475625,657,185,0,0,55.38254811086508,55.38254811086508,60,22.81702631583937,42401.83450443307,0,0,0.02281702631583937,,,,nan,0,nan,nan,nan,nan,nan,5.77e-05,7.8e-06,1e-05,1.235e-05,5.77e-05,nan,nan,nan,nan,nan,nan,nan,nan,nan,nan,0,05_resultados\revisao_operacional\campanha_v1\j00742.mat,campanha_v1,,,,,,,,,
j00743,windows,nvml_llama2_window20,heuristico_foresight,{},82.87527321682069,82.87527321682069,1,2.3166427140692143,2.3135927693617604,532,28,0,0,52.17592136056804,52.17592136056804,60,37.16437353730273,22477.29159082956,0,0,0.03716437353730273,,,,nan,0,nan,nan,nan,nan,nan,5.19e-05,8.7e-06,1.09e-05,1.275e-05,5.19e-05,nan,nan,nan,nan,nan,nan,nan,nan,nan,nan,0,05_resultados\revisao_operacional\campanha_v1\j00743.mat,campanha_v1,,,,,,,,,
j00744,windows,nvml_llama2_window20,miope_qp,{},125.16359651348634,125.16359651348634,1,3.321328849379008,3.321325949242169,214,90,36,0,55.074627491300205,55.074627491300205,60,27.35700282726618,77016.10164387117,0,0,0.027357002827266177,,,,nan,0,nan,nan,nan,nan,nan,0.0012054,0.0005725,0.0006696499999999999,0.0008234500000000001,0.0012054,0.0010607,0.00050945,0.0006007,0.00072375,0.0010607,nan,nan,nan,nan,nan,0,05_resultados\revisao_operacional\campanha_v1\j00744.mat,campanha_v1,,,,,,,,,
j00745,windows,nvml_llama2_window20,mpc_qp_v5,{},0.18187135648480535,0,1,0.0001000475327296519,0,0,0,0,0,49.73729028279411,49.73729028279411,60,48.74787115672819,399.50038149781307,0,0,0.04874787115672819,,,,7.105427357601002e-15,0,0,0,3.069544618483633e-12,333283.2021354289,4535470854353401.0,0.024174,0.0257943,0.03091485,0.03792105,0.042641,0.0180913,0.02113495,0.025711249999999998,0.0328631,0.0364373,0.0043635,0.0043482,0.005091699999999999,0.0057325,0.0066741,0,05_resultados\revisao_operacional\campanha_v1\j00745.mat,campanha_v1,,,,,,,,,
j00746,windows,nvml_llama2_window20,mpc_qp_estocastico_3cen,{},5.684341886080802e-14,0,1,1.436875310092647e-15,0,0,0,0,0,36.5182714003699,36.5182714003699,60,111.53821084824276,794.8931386456795,0,0,0.11153821084824275,,,,7.105427357601002e-15,0,0,0,2.0440893422346562e-10,666566.4042708572,9378613465668710.0,0.0628772,0.056598300000000004,0.0621598,0.06949105,0.086162,0.0473824,0.0437814,0.0486751,0.055022749999999995,0.0712529,0.0128134,0.012243549999999999,0.014110649999999999,0.0151857,0.0170934,0,05_resultados\revisao_operacional\campanha_v1\j00746.mat,campanha_v1,,,,,,,,,
j00747,montecarlo,perda_fonte,heuristico,{},592.6122638850534,592.6122638850534,1,14.754610453615202,14.754610453615202,150,150,150,150,57.93978528855198,56.5039066455025,60,24.16369944991276,850,0,0,0.02416369944991276,500,150,60,nan,0,nan,nan,nan,nan,nan,4e-05,8e-06,1e-05,1.31e-05,4e-05,nan,nan,nan,nan,nan,nan,nan,nan,nan,nan,0,05_resultados\revisao_operacional\campanha_v1\j00747.mat,campanha_v1,,,,,0,1.1622098458688386,,,1
j00748,montecarlo,perda_fonte,heuristico_foresight,{},470.7904979390985,470.7904979390985,1,14.668607871038583,14.668607871038583,150,150,150,150,52.07847153197128,52.07847153197128,60,37.627260223134215,728.342615598371,0,0,0.037627260223134215,500,150,57.903659326366096,nan,0,nan,nan,nan,nan,nan,4.16e-05,8.4e-06,1.11e-05,2.225e-05,4.16e-05,nan,nan,nan,nan,nan,nan,nan,nan,nan,nan,0,05_resultados\revisao_operacional\campanha_v1\j00748.mat,campanha_v1,,,,,0,1.1622098458688386,,,1
j00749,montecarlo,perda_fonte,miope_qp,{},592.6116232891053,592.6116232891053,1,14.754610001373313,14.75461000137331,150,150,150,150,57.9147667951044,56.47501255161039,60,24.32134429297718,1150.0008251042025,0,0,0.02432134429297718,500,150,59.99996967342122,nan,0,nan,nan,nan,nan,nan,0.0012988,0.0005664,0.0006639,0.00084075,0.0012988,0.0010921,0.00050345,0.0005911499999999999,0.0007517,0.0010921,nan,nan,nan,nan,nan,0,05_resultados\revisao_operacional\campanha_v1\j00749.mat,campanha_v1,,,,,0,1.1622098458688386,,,1
j00750,montecarlo,perda_fonte,mpc_qp_v5,{},350.22342488059076,350.22342488059076,1,14.583491064731295,14.583491064731293,150,150,150,150,50.753284426261935,50.753284426261935,60,43.92189897525559,1479.025120477742,0,2.3333333333333335,0.043921898975255586,500,150,57.32139241708217,7.105427357601002e-15,0,0,0,2.8421709430404007e-12,333283.2021354289,4843142611315303.0,0.02265,0.029478650000000002,0.038690600000000006,0.0424307,0.093887,0.0164498,0.024580400000000002,0.03351685,0.0368009,0.0895506,0.0041871,0.0044102,0.005242800000000001,0.005659,0.0068724,0,05_resultados\revisao_operacional\campanha_v1\j00750.mat,campanha_v1,,,,,0,1.1622098458688386,,,1
j00751,montecarlo,perda_fonte,mpc_qp_estocastico_3cen,{},350.00000109908996,350.00000109908996,1,14.583333334120496,14.583333334120496,150,150,150,150,40.76881746687961,40.76881746687961,60,91.34811703232185,1415.2020288230162,0,0.25,0.09134811703232185,500,150,52.33017003610605,7.105427357601002e-15,0,0,0,5.7980287238024175e-12,666566.4042708572,9686285222630616.0,0.0508351,0.061045,0.07512640000000001,0.11953285,0.1726967,0.0368226,0.04916305,0.06287785,0.1075033,0.1617753,0.0110719,0.0115185,0.0132172,0.0139079,0.0155968,0,05_resultados\revisao_operacional\evento_adiantado_corrigido_v1\j00751.mat,evento_adiantado_corrigido_v1,,,,,0,1.1622098458688386,,,1
j00752,montecarlo,perda_fonte,heuristico,{},592.6122638850534,592.6122638850534,1,14.754610453615202,14.754610453615202,150,150,150,150,57.93978528855198,56.5039066455025,60,24.16369944991276,850,0,0,0.02416369944991276,500,150,60,nan,0,nan,nan,nan,nan,nan,4.81e-05,7.9e-06,1.01e-05,1.1949999999999999e-05,4.81e-05,nan,nan,nan,nan,nan,nan,nan,nan,nan,nan,0,05_resultados\revisao_operacional\campanha_v1\j00752.mat,campanha_v1,,,,,11,1.1113948170191208,,,2
j00753,montecarlo,perda_fonte,heuristico_foresight,{},572.2655179793035,572.2655179793035,1,14.740246249637881,14.740246249637881,150,150,150,150,54.220102564876505,54.220102564876505,60,27.454512816832032,766.4538872356594,0,0,0.027454512816832033,500,150,59.02214355275677,nan,0,nan,nan,nan,nan,nan,5.62e-05,8.3e-06,1.11e-05,1.295e-05,5.62e-05,nan,nan,nan,nan,nan,nan,nan,nan,nan,nan,0,05_resultados\revisao_operacional\campanha_v1\j00753.mat,campanha_v1,,,,,11,1.1113948170191208,,,2
j00754,montecarlo,perda_fonte,miope_qp,{},592.6116232891053,592.6116232891053,1,14.754610001373313,14.75461000137331,150,150,150,150,57.9147667951044,56.47501255161039,60,24.32134429297718,1150.0008251042025,0,0,0.02432134429297718,500,150,59.99996967342122,nan,0,nan,nan,nan,nan,nan,0.0011721,0.0005639,0.0006705,0.0008311,0.0011721,0.001036,0.0005019499999999999,0.0005915499999999999,0.0007464500000000001,0.001036,nan,nan,nan,nan,nan,0,05_resultados\revisao_operacional\campanha_v1\j00754.mat,campanha_v1,,,,,11,1.1113948170191208,,,2
j00755,montecarlo,perda_fonte,mpc_qp_v5,{},442.62837792195586,442.62837792195586,1,14.64872624289812,14.64872624289812,150,150,150,150,53.09690021560309,53.09690021560309,60,32.789723975885515,1718.958836873728,0,2.25,0.03278972397588552,500,150,58.70905453008967,7.105427357601002e-15,0,0,0,2.179817897740577e-06,333283.2021354289,4843142611315303.0,0.0251258,0.027157149999999998,0.03273895,0.04413815,0.0521231,0.0179351,0.0224238,0.028186450000000002,0.039339650000000004,0.0468351,0.0046757,0.00433355,0.0050332499999999995,0.005250100000000001,0.0056232,0,05_resultados\revisao_operacional\campanha_v1\j00755.mat,campanha_v1,,,,,11,1.1113948170191208,,,2
j00756,montecarlo,perda_fonte,mpc_qp_estocastico_3cen,{},350.0019294805853,350.0019294805853,1,14.58333469550691,14.583334695506906,150,150,150,150,43.386467824823754,43.386467824823754,60,78.91427783208799,1941.375124067226,0,0.33333333333333337,0.07891427783208799,500,150,53.6585572470185,7.105427357601002e-15,0,0,0,4.320099833421409e-12,666566.4042708572,9686285222630616.0,0.0507201,0.0658904,0.08321994999999999,0.1209924,0.2103754,0.034563,0.05339565,0.06889675,0.10690065,0.1903976,0.0134426,0.0121841,0.0144314,0.01739595,0.0291628,0,05_resultados\revisao_operacional\evento_adiantado_corrigido_v1\j00756.mat,evento_adiantado_corrigido_v1,,,,,11,1.1113948170191208,,,2
j00757,montecarlo,perda_fonte,heuristico,{},592.6122638850534,592.6122638850534,1,14.754610453615202,14.754610453615202,150,150,150,150,57.93978528855198,56.5039066455025,60,24.16369944991276,850,0,0,0.02416369944991276,500,150,60,nan,0,nan,nan,nan,nan,nan,4.32e-05,7.9e-06,1e-05,1.8750000000000002e-05,4.32e-05,nan,nan,nan,nan,nan,nan,nan,nan,nan,nan,0,05_resultados\revisao_operacional\campanha_v1\j00757.mat,campanha_v1,,,,,2,0.9288455832875195,,,3
j00758,montecarlo,perda_fonte,heuristico_foresight,{},378.6403238930874,378.6403238930874,1,14.603552559360063,14.603552559360063,150,150,150,150,57.56161623998138,56.132942044778396,60,25.887863156791976,850,0,0,0.025887863156791976,500,150,59.71601218826426,nan,0,nan,nan,nan,nan,nan,4.23e-05,8.7e-06,1.09e-05,1.625e-05,4.23e-05,nan,nan,nan,nan,nan,nan,nan,nan,nan,nan,0,05_resultados\revisao_operacional\campanha_v1\j00758.mat,campanha_v1,,,,,2,0.9288455832875195,,,3
j00759,montecarlo,perda_fonte,miope_qp,{},592.6116232891053,592.6116232891053,1,14.754610001373313,14.75461000137331,150,150,150,150,57.9147667951044,56.47501255161039,60,24.32134429297718,1150.0008251042025,0,0,0.02432134429297718,500,150,59.99996967342122,nan,0,nan,nan,nan,nan,nan,0.001232,0.00057295,0.0006955500000000001,0.00094885,0.001984,0.0010964,0.0005097999999999999,0.0006263,0.0008584,0.0017539,nan,nan,nan,nan,nan,0,05_resultados\revisao_operacional\campanha_v1\j00759.mat,campanha_v1,,,,,2,0.9288455832875195,,,3
j00760,montecarlo,perda_fonte,mpc_qp_v5,{},350.48239133978893,350.48239133978893,1,14.58643090434975,14.583673887439915,150,150,150,150,57.20801109776588,55.815772434413404,60.022887799712805,27.431832001305366,1856.0342381469063,0,1.7500000000000002,0.027431832001305365,500,150,59.48005583602597,0.11707546044996775,853,0,0,0.005937253947195131,333283.200808402,4015243775612013.0,0.0193506,0.0212419,0.0309485,0.0392015,0.0980838,0.0133053,0.01700685,0.026537150000000002,0.03442665,0.0933973,0.0044212,0.00404475,0.0046709,0.0049381500000000005,0.0054431,0,05_resultados\revisao_operacional\campanha_v1\j00760.mat,campanha_v1,,,,,2,0.9288455832875195,,,3
j00761,montecarlo,perda_fonte,mpc_qp_estocastico_3cen,{},350.00051234236673,350.00051234236673,1,14.583333695043999,14.583333695043992,150,150,150,150,53.29518103427278,53.29518103427278,60,31.8478900872046,1559.7553016443335,0,0.08333333333333334,0.0318478900872046,500,150,58.09257585486549,0.12284639430975375,58,0,0,8.776623872108757e-11,666566.4042708572,8858386386927326.0,0.051219,0.054260749999999996,0.07812155000000001,0.10817594999999999,0.1491223,0.0352839,0.0415276,0.059874250000000004,0.09548685,0.1363573,0.0134428,0.0122062,0.01447675,0.0177899,0.0400365,0,05_resultados\revisao_operacional\evento_adiantado_corrigido_v1\j00761.mat,evento_adiantado_corrigido_v1,,,,,2,0.9288455832875195,,,3
j00762,montecarlo,perda_fonte,heuristico,{},592.6122638850534,592.6122638850534,1,14.754610453615202,14.754610453615202,150,150,150,150,57.93978528855198,56.5039066455025,60,24.16369944991276,850,0,0,0.02416369944991276,500,150,60,nan,0,nan,nan,nan,nan,nan,4.17e-05,7.8e-06,1e-05,1.1050000000000001e-05,5.69e-05,nan,nan,nan,nan,nan,nan,nan,nan,nan,nan,0,05_resultados\revisao_operacional\campanha_v1\j00762.mat,campanha_v1,,,,,-9,1.1609573325293123,,,4
j00763,montecarlo,perda_fonte,heuristico_foresight,{},351.34570027526473,351.34570027526473,1,14.584283358135128,14.584283358135128,150,150,150,150,51.9627071347787,51.9627071347787,60,38.17714110979559,729.2820006030157,0,0,0.038177141109795594,500,150,57.77551800229224,nan,0,nan,nan,nan,nan,nan,4.36e-05,8.3e-06,1.1e-05,1.425e-05,4.36e-05,nan,nan,nan,nan,nan,nan,nan,nan,nan,nan,0,05_resultados\revisao_operacional\campanha_v1\j00763.mat,campanha_v1,,,,,-9,1.1609573325293123,,,4
j00764,montecarlo,perda_fonte,miope_qp,{},592.6116232891053,592.6116232891053,1,14.754610001373313,14.75461000137331,150,150,150,150,57.9147667951044,56.47501255161039,60,24.32134429297718,1150.0008251042025,0,0,0.02432134429297718,500,150,59.99996967342122,nan,0,nan,nan,nan,nan,nan,0.0012785,0.00056545,0.00065125,0.00080805,0.0012785,0.0011168,0.00050315,0.0005778000000000001,0.0007275,0.0011168,nan,nan,nan,nan,nan,0,05_resultados\revisao_operacional\campanha_v1\j00764.mat,campanha_v1,,,,,-9,1.1609573325293123,,,4
j00765,montecarlo,perda_fonte,mpc_qp_v5,{},350.00883540269115,350.00883540269115,1,14.5833395708822,14.583339570882199,150,150,150,150,50.67585256472581,50.67585256472581,60,44.289700317552125,1878.286665435108,0,2.5,0.044289700317552125,500,150,57.21536746458092,7.105427357601002e-15,0,0,0,0.0002774902584405936,333283.2021354289,4843142611315303.0,0.0235485,0.028475300000000002,0.03957305,0.04895655,0.1038067,0.0171062,0.023850549999999998,0.034004549999999995,0.043333949999999996,0.0982438,0.0045898,0.00440325,0.00518305,0.0058033500000000005,0.0105256,0,05_resultados\revisao_operacional\campanha_v1\j00765.mat,campanha_v1,,,,,-9,1.1609573325293123,,,4
j00766,montecarlo,perda_fonte,mpc_qp_estocastico_3cen,{},350.0000001356053,350.0000001356053,1,14.583333333447987,14.583333333447987,150,150,150,150,40.81629341314618,40.81629341314618,60,91.12260628755557,2408.028824737414,0,0.5,0.09112260628755557,500,150,52.34293664516446,7.105427357601002e-15,0,0,0,2.6816273930307943e-05,666566.4042708572,9686285222630616.0,0.0551252,0.05870445,0.07960534999999999,0.1173965,0.166039,0.0382679,0.046258850000000004,0.06653265,0.10475905,0.1539135,0.0134972,0.011914399999999999,0.01387795,0.01513035,0.0215291,0,05_resultados\revisao_operacional\evento_adiantado_corrigido_v1\j00766.mat,evento_adiantado_corrigido_v1,,,,,-9,1.1609573325293123,,,4
j00767,montecarlo,perda_fonte,heuristico,{},592.6122638850534,592.6122638850534,1,14.754610453615202,14.754610453615202,150,150,150,150,57.93978528855198,56.5039066455025,60,24.16369944991276,850,0,0,0.02416369944991276,500,150,60,nan,0,nan,nan,nan,nan,nan,4.32e-05,7.8e-06,9.7e-06,1.285e-05,5.58e-05,nan,nan,nan,nan,nan,nan,nan,nan,nan,nan,0,05_resultados\revisao_operacional\campanha_v1\j00767.mat,campanha_v1,,,,,1,0.9747501219136289,,,5
j00768,montecarlo,perda_fonte,heuristico_foresight,{},370.5532507924737,370.5532507924737,1,14.597843323684993,14.597843323684993,150,150,150,150,57.56503485596575,56.13372177187387,60,25.89804834197716,850,0,0,0.02589804834197716,500,150,59.694602046846924,nan,0,nan,nan,nan,nan,nan,4.88e-05,8.5e-06,1.15e-05,1.27e-05,4.88e-05,nan,nan,nan,nan,nan,nan,nan,nan,nan,nan,0,05_resultados\revisao_operacional\campanha_v1\j00768.mat,campanha_v1,,,,,1,0.9747501219136289,,,5
j00769,montecarlo,perda_fonte,miope_qp,{},592.6116232891053,592.6116232891053,1,14.754610001373313,14.75461000137331,150,150,150,150,57.9147667951044,56.47501255161039,60,24.32134429297718,1150.0008251042025,0,0,0.02432134429297718,500,150,59.99996967342122,nan,0,nan,nan,nan,nan,nan,0.0012169,0.0005641999999999999,0.00066035,0.0007972999999999999,0.0012169,0.0010822,0.0005019,0.00058835,0.0007146,0.0010822,nan,nan,nan,nan,nan,0,05_resultados\revisao_operacional\campanha_v1\j00769.mat,campanha_v1,,,,,1,0.9747501219136289,,,5
j00770,montecarlo,perda_fonte,mpc_qp_v5,{},350.221004586341,350.221004586341,1,14.58538651361209,14.583489356093988,150,150,150,150,57.27556688717486,55.8809089804569,60.00723528366615,26.978435152791416,1800.7358318710944,0,2,0.026978435152791417,500,150,59.52187693186984,0.11712773560977752,853,0,0,0.0017098963147645918,333283.200808402,4015243775612013.0,0.0207616,0.0218289,0.0329204,0.0399583,0.0909128,0.0146937,0.017497850000000002,0.02753235,0.03536645,0.0860757,0.0040485,0.00418925,0.0050349,0.0056186,0.0065518,0,05_resultados\revisao_operacional\campanha_v1\j00770.mat,campanha_v1,,,,,1,0.9747501219136289,,,5
j00771,montecarlo,perda_fonte,mpc_qp_estocastico_3cen,{},350.00120490076745,350.00120490076745,1,14.583334183974902,14.583334183974902,150,150,150,150,50.913376792256486,50.913376792256486,60,43.16146023678075,2112.2142734410395,0,0.16666666666666669,0.043161460236780747,500,150,56.99146283619945,0.12168751331752503,58,0,0,0.006044064485593026,666566.4042708572,8858386386927326.0,0.0462508,0.0543189,0.0713167,0.11750284999999999,0.3160226,0.0323675,0.0420369,0.0589432,0.10437865,0.3034406,0.0110771,0.0119405,0.013310849999999999,0.0141902,0.015138,0,05_resultados\revisao_operacional\evento_adiantado_corrigido_v1\j00771.mat,evento_adiantado_corrigido_v1,,,,,1,0.9747501219136289,,,5
j00772,montecarlo,perda_fonte,heuristico,{},592.6122638850534,592.6122638850534,1,14.754610453615202,14.754610453615202,150,150,150,150,57.93978528855198,56.5039066455025,60,24.16369944991276,850,0,0,0.02416369944991276,500,150,60,nan,0,nan,nan,nan,nan,nan,4.09e-05,7.9e-06,9.9e-06,1.0549999999999999e-05,4.09e-05,nan,nan,nan,nan,nan,nan,nan,nan,nan,nan,0,05_resultados\revisao_operacional\campanha_v1\j00772.mat,campanha_v1,,,,,-4,1.0697769638719716,,,6
j00773,montecarlo,perda_fonte,heuristico_foresight,{},369.7986879124419,369.7986879124419,1,14.597310624492073,14.597310624492073,150,150,150,150,56.23192400256473,56.23192400256473,60,17.898360987806964,797.6672770960213,0,0,0.017898360987806963,500,150,59.84863049984539,nan,0,nan,nan,nan,nan,nan,4.24e-05,8.6e-06,9.6e-06,1.205e-05,4.24e-05,nan,nan,nan,nan,nan,nan,nan,nan,nan,nan,0,05_resultados\revisao_operacional\campanha_v1\j00773.mat,campanha_v1,,,,,-4,1.0697769638719716,,,6
j00774,montecarlo,perda_fonte,miope_qp,{},592.6116232891053,592.6116232891053,1,14.754610001373313,14.75461000137331,150,150,150,150,57.9147667951044,56.47501255161039,60,24.32134429297718,1150.0008251042025,0,0,0.02432134429297718,500,150,59.99996967342122,nan,0,nan,nan,nan,nan,nan,0.0012326,0.0005647,0.000666,0.0008259000000000001,0.0012326,0.0010904,0.0005023499999999999,0.00059125,0.0007433,0.0010904,nan,nan,nan,nan,nan,0,05_resultados\revisao_operacional\campanha_v1\j00774.mat,campanha_v1,,,,,-4,1.0697769638719716,,,6
j00775,montecarlo,perda_fonte,mpc_qp_v5,{},350.03913771314217,350.03913771314217,1,14.583360963417556,14.583360963417553,150,150,150,150,54.88294887895552,54.88294887895552,60,24.305992824961752,1434.2092178120593,0,2.166666666666667,0.024305992824961754,500,150,59.3596912627228,7.105427357601002e-15,0,0,0,0.006181894023939094,333283.2021354289,4843142611315303.0,0.0283201,0.026323100000000002,0.03313905,0.045161049999999994,0.0962009,0.021872,0.0216863,0.0284834,0.0405885,0.0907678,0.004551,0.0042734,0.0048873,0.0051281,0.0065522,0,05_resultados\revisao_operacional\campanha_v1\j00775.mat,campanha_v1,,,,,-4,1.0697769638719716,,,6
j00776,montecarlo,perda_fonte,mpc_qp_estocastico_3cen,{},350.00004130570375,350.00004130570375,1,14.58333336252139,14.58333336252139,150,150,150,150,45.52362317049124,45.52362317049124,60,68.76278994016685,2770.030228109694,0,0.4166666666666667,0.06876278994016685,500,150,54.53331112796297,7.105427357601002e-15,0,0,0,0.011350112906484355,666566.4042708572,9686285222630616.0,0.0474623,0.07469965,0.0833077,0.11299535,0.1615601,0.0328689,0.06227265,0.07085475,0.0998838,0.1483979,0.0119451,0.01208565,0.01383365,0.014416100000000001,0.0161655,0,05_resultados\revisao_operacional\evento_adiantado_corrigido_v1\j00776.mat,evento_adiantado_corrigido_v1,,,,,-4,1.0697769638719716,,,6
j00777,montecarlo,perda_fonte,heuristico,{},592.6122638850534,592.6122638850534,1,14.754610453615202,14.754610453615202,150,150,150,150,57.93978528855198,56.5039066455025,60,24.16369944991276,850,0,0,0.02416369944991276,500,150,60,nan,0,nan,nan,nan,nan,nan,4.27e-05,7.8e-06,1e-05,1.165e-05,4.33e-05,nan,nan,nan,nan,nan,nan,nan,nan,nan,nan,0,05_resultados\revisao_operacional\campanha_v1\j00777.mat,campanha_v1,,,,,2,0.8830119895588343,,,7
j00778,montecarlo,perda_fonte,heuristico_foresight,{},378.6403238930874,378.6403238930874,1,14.603552559360063,14.603552559360063,150,150,150,150,57.56161623998138,56.132942044778396,60,25.887863156791976,850,0,0,0.025887863156791976,500,150,59.71601218826426,nan,0,nan,nan,nan,nan,nan,4.81e-05,8.9e-06,1.15e-05,2.065e-05,4.95e-05,nan,nan,nan,nan,nan,nan,nan,nan,nan,nan,0,05_resultados\revisao_operacional\campanha_v1\j00778.mat,campanha_v1,,,,,2,0.8830119895588343,,,7
j00779,montecarlo,perda_fonte,miope_qp,{},592.6116232891053,592.6116232891053,1,14.754610001373313,14.75461000137331,150,150,150,150,57.9147667951044,56.47501255161039,60,24.32134429297718,1150.0008251042025,0,0,0.02432134429297718,500,150,59.99996967342122,nan,0,nan,nan,nan,nan,nan,0.0012408,0.00056455,0.0006566499999999999,0.0008292499999999999,0.0012408,0.0010968,0.0005019499999999999,0.00058535,0.0007427499999999999,0.0010968,nan,nan,nan,nan,nan,0,05_resultados\revisao_operacional\campanha_v1\j00779.mat,campanha_v1,,,,,2,0.8830119895588343,,,7
j00780,montecarlo,perda_fonte,mpc_qp_v5,{},350.4938341079644,350.4938341079644,1,14.587481272097929,14.583681965691198,150,150,150,150,57.212214732306386,55.81972739577557,60.038483542070274,27.570517371747975,1880.8097249053212,0,1.5833333333333335,0.027570517371747975,500,150,59.48399759105981,0.11702330710021869,852,0,0,0.0036190898494510293,333283.200808402,4015243775612013.0,0.0190007,0.0209989,0.0302285,0.037717,0.0966564,0.0132561,0.01673885,0.02577795,0.0332898,0.0921722,0.0041356,0.00402905,0.00462925,0.0050729,0.0056544,0,05_resultados\revisao_operacional\campanha_v1\j00780.mat,campanha_v1,,,,,2,0.8830119895588343,,,7
j00781,montecarlo,perda_fonte,mpc_qp_estocastico_3cen,{},350.0006394484992,350.0006394484992,1,14.583333784775384,14.583333784775382,150,150,150,150,55.6328196439427,55.445628748459356,60.01841034710109,22.80282439662372,1458.9435521328442,0,0.08333333333333334,0.02280282439662372,500,150,59.12162466753578,0.11709057019967162,1062,0,0,0.00042043895541610254,666566.4016168036,8030487551224027.0,0.0417498,0.055369299999999996,0.07016895000000001,0.11179544999999999,0.2008455,0.027641,0.04188905,0.05162675,0.09806985,0.188615,0.0117283,0.01317205,0.0139729,0.01457095,0.0260835,0,05_resultados\revisao_operacional\evento_adiantado_corrigido_v1\j00781.mat,evento_adiantado_corrigido_v1,,,,,2,0.8830119895588343,,,7
j00782,montecarlo,perda_fonte,heuristico,{},592.6122638850534,592.6122638850534,1,14.754610453615202,14.754610453615202,150,150,150,150,57.93978528855198,56.5039066455025,60,24.16369944991276,850,0,0,0.02416369944991276,500,150,60,nan,0,nan,nan,nan,nan,nan,4.32e-05,7.9e-06,1.005e-05,1.4299999999999999e-05,4.44e-05,nan,nan,nan,nan,nan,nan,nan,nan,nan,nan,0,05_resultados\revisao_operacional\campanha_v1\j00782.mat,campanha_v1,,,,,-3,0.8986003326941182,,,8
j00783,montecarlo,perda_fonte,heuristico_foresight,{},352.7815800174326,352.7815800174326,1,14.585297046987337,14.585297046987337,150,150,150,150,57.47146760450376,56.04015452041188,60,26.342492786421605,850,0,0,0.026342492786421604,500,150,59.603676116794965,nan,0,nan,nan,nan,nan,nan,4.47e-05,8.8e-06,1.11e-05,1.8e-05,4.47e-05,nan,nan,nan,nan,nan,nan,nan,nan,nan,nan,0,05_resultados\revisao_operacional\campanha_v1\j00783.mat,campanha_v1,,,,,-3,0.8986003326941182,,,8
j00784,montecarlo,perda_fonte,miope_qp,{},592.6116232891053,592.6116232891053,1,14.754610001373313,14.75461000137331,150,150,150,150,57.9147667951044,56.47501255161039,60,24.32134429297718,1150.0008251042025,0,0,0.02432134429297718,500,150,59.99996967342122,nan,0,nan,nan,nan,nan,nan,0.0014022,0.0005906,0.0007163,0.0008457,0.0014022,0.0012647,0.0005246000000000001,0.00062745,0.00075605,0.0012647,nan,nan,nan,nan,nan,0,05_resultados\revisao_operacional\campanha_v1\j00784.mat,campanha_v1,,,,,-3,0.8986003326941182,,,8
j00785,montecarlo,perda_fonte,mpc_qp_v5,{},350.33123136630184,350.33123136630184,1,14.587084818648368,14.583567172945289,150,150,150,150,57.015464894939704,55.62041212959688,60.032586810088155,28.471722234602268,2158.78277506356,0,1.0833333333333335,0.02847172223460227,500,150,59.26134453409926,0.11704152557861391,853,0,1.0842021724855044e-19,28.368577318653024,333283.200808402,4015243775612013.0,0.0203197,0.0210134,0.03112005,0.03844575,0.5561661,0.0143313,0.0166977,0.026835699999999997,0.0338371,0.5513222,0.0041885,0.0040953,0.0046213,0.0048771,0.0052283,0,05_resultados\revisao_operacional\campanha_v1\j00785.mat,campanha_v1,,,,,-3,0.8986003326941182,,,8
j00786,montecarlo,perda_fonte,mpc_qp_estocastico_3cen,{},350.0000490519349,350.0000490519349,1,14.583333367974243,14.583333367974241,150,150,150,150,54.81982302013216,54.81982302013216,60,24.60584065437327,1558.0759315125495,0,0.08333333333333334,0.02460584065437327,500,150,58.7415121060506,0.12388212414857236,58,0,0,0.000814426656120304,666566.4042708572,8858386386927326.0,0.0532428,0.0576136,0.06710265,0.1142283,0.1813074,0.0357875,0.0439065,0.0530338,0.1001118,0.1688753,0.0147419,0.01349775,0.0146417,0.01538745,0.0195405,0,05_resultados\revisao_operacional\evento_adiantado_corrigido_v1\j00786.mat,evento_adiantado_corrigido_v1,,,,,-3,0.8986003326941182,,,8
j00787,montecarlo,perda_fonte,heuristico,{},592.6122638850534,592.6122638850534,1,14.754610453615202,14.754610453615202,150,150,150,150,57.93978528855198,56.5039066455025,60,24.16369944991276,850,0,0,0.02416369944991276,500,150,60,nan,0,nan,nan,nan,nan,nan,5.77e-05,7.9e-06,1.005e-05,1.35e-05,5.77e-05,nan,nan,nan,nan,nan,nan,nan,nan,nan,nan,0,05_resultados\revisao_operacional\campanha_v1\j00787.mat,campanha_v1,,,,,7,1.128704281842887,,,9
j00788,montecarlo,perda_fonte,heuristico_foresight,{},564.3914771401799,564.3914771401799,1,14.734687408471693,14.734687408471691,150,150,150,150,53.51440177073191,53.51440177073191,60,30.806591589017916,753.4717886178348,0,0,0.030806591589017916,500,150,58.64372030827043,nan,0,nan,nan,nan,nan,nan,5.18e-05,8.3e-06,1.1e-05,1.415e-05,5.18e-05,nan,nan,nan,nan,nan,nan,nan,nan,nan,nan,0,05_resultados\revisao_operacional\campanha_v1\j00788.mat,campanha_v1,,,,,7,1.128704281842887,,,9
j00789,montecarlo,perda_fonte,miope_qp,{},592.6116232891053,592.6116232891053,1,14.754610001373313,14.75461000137331,150,150,150,150,57.9147667951044,56.47501255161039,60,24.32134429297718,1150.0008251042025,0,0,0.02432134429297718,500,150,59.99996967342122,nan,0,nan,nan,nan,nan,nan,0.0012075,0.000571,0.00065515,0.0008121000000000001,0.0012132,0.0010703,0.000508,0.00057925,0.0007084999999999999,0.0011475,nan,nan,nan,nan,nan,0,05_resultados\revisao_operacional\campanha_v1\j00789.mat,campanha_v1,,,,,7,1.128704281842887,,,9
j00790,montecarlo,perda_fonte,mpc_qp_v5,{},358.03851000054897,358.03851000054897,1,14.589008284905843,14.589008284905843,150,150,150,150,52.30560046650046,52.30560046650046,60,36.54839778412279,1325.1380511928005,0,2.5,0.03654839778412279,500,150,58.23745047308446,7.105427357601002e-15,0,0,0,0.0006767314621924925,333283.2021354289,4843142611315303.0,0.0233083,0.028472650000000002,0.033463,0.04298695,0.0465738,0.0168727,0.0239015,0.0288862,0.03811905,0.0421476,0.0045562,0.0043362999999999995,0.0049641500000000005,0.00525925,0.0054874,0,05_resultados\revisao_operacional\campanha_v1\j00790.mat,campanha_v1,,,,,7,1.128704281842887,,,9
j00791,montecarlo,perda_fonte,mpc_qp_estocastico_3cen,{},350.00016702947073,350.00016702947073,1,14.583333451270882,14.583333451270878,150,150,150,150,42.518329591573654,42.518329591573654,60,83.03793444002419,1842.0899269823879,0,0.4166666666666667,0.08303793444002419,500,150,53.21620420395669,7.105427357601002e-15,0,0,0,4.547473508864641e-12,666566.4042708572,9686285222630616.0,0.0595067,0.06700415,0.08400015,0.128847,0.1580176,0.0409997,0.053094749999999996,0.0698213,0.11495835,0.1441489,0.0152493,0.01354725,0.014799,0.0153529,0.0180455,0,05_resultados\revisao_operacional\evento_adiantado_corrigido_v1\j00791.mat,evento_adiantado_corrigido_v1,,,,,7,1.128704281842887,,,9
j00792,montecarlo,perda_fonte,heuristico,{},592.6122638850534,592.6122638850534,1,14.754610453615202,14.754610453615202,150,150,150,150,57.93978528855198,56.5039066455025,60,24.16369944991276,850,0,0,0.02416369944991276,500,150,60,nan,0,nan,nan,nan,nan,nan,4.43e-05,7.9e-06,1.09e-05,1.6049999999999997e-05,4.43e-05,nan,nan,nan,nan,nan,nan,nan,nan,nan,nan,0,05_resultados\revisao_operacional\campanha_v1\j00792.mat,campanha_v1,,,,,11,0.8225025124138116,,,10
j00793,montecarlo,perda_fonte,heuristico_foresight,{},451.4234686378691,451.4234686378691,1,14.654935318159309,14.654935318159309,150,150,150,150,57.49576097682343,56.090836781620446,60,25.962863156791975,850,0,0,0.025962863156791974,500,150,59.87361581799073,nan,0,nan,nan,nan,nan,nan,4.4e-05,8.9e-06,1.13e-05,1.415e-05,5.94e-05,nan,nan,nan,nan,nan,nan,nan,nan,nan,nan,0,05_resultados\revisao_operacional\campanha_v1\j00793.mat,campanha_v1,,,,,11,0.8225025124138116,,,10
j00794,montecarlo,perda_fonte,miope_qp,{},592.6116232891053,592.6116232891053,1,14.754610001373313,14.75461000137331,150,150,150,150,57.9147667951044,56.47501255161039,60,24.32134429297718,1150.0008251042025,0,0,0.02432134429297718,500,150,59.99996967342122,nan,0,nan,nan,nan,nan,nan,0.0013945,0.0005923,0.00073225,0.00093985,0.0018265,0.0012471,0.0005268,0.000645,0.0008401000000000001,0.0015987,nan,nan,nan,nan,nan,0,05_resultados\revisao_operacional\campanha_v1\j00794.mat,campanha_v1,,,,,11,0.8225025124138116,,,10
j00795,montecarlo,perda_fonte,mpc_qp_v5,{},372.7903078951791,372.7903078951791,1,14.604038874392423,14.599422620194392,150,150,150,150,57.09522534569132,55.726270632086504,60.06098354320997,28.115877153176918,2067.7237752642222,0,0.6666666666666667,0.028115877153176917,500,150,59.597738115290454,0.1169529539490739,852,0,0,0.00631746602050498,333283.200808402,4015243775612013.0,0.0213288,0.02087455,0.030600099999999998,0.03746955,0.0455664,0.0145479,0.01654715,0.02591275,0.032839,0.0409803,0.0044836,0.00417095,0.0048940500000000005,0.0051915,0.0063552,0,05_resultados\revisao_operacional\campanha_v1\j00795.mat,campanha_v1,,,,,11,0.8225025124138116,,,10
j00796,montecarlo,perda_fonte,mpc_qp_estocastico_3cen,{},350.0852277196019,350.0852277196019,1,14.587851617176444,14.583393501630914,150,150,150,150,56.83851409720548,55.469640250179516,60.041724235032326,29.141599359935825,1535.8366559212384,0,0.08333333333333334,0.029141599359935825,500,150,59.34449598462802,0.11701592456667953,1112,0,0,0.0002612516962017253,666566.4016168036,8030487551224027.0,0.0440009,0.05004515,0.07215325,0.1097127,0.3391767,0.0282893,0.03642945,0.058045,0.0959646,0.3251886,0.0132544,0.013285249999999998,0.0144543,0.015013450000000001,0.0175863,0,05_resultados\revisao_operacional\evento_adiantado_corrigido_v1\j00796.mat,evento_adiantado_corrigido_v1,,,,,11,0.8225025124138116,,,10
j00797,montecarlo,perda_fonte,heuristico,{},592.6122638850534,592.6122638850534,1,14.754610453615202,14.754610453615202,150,150,150,150,57.93978528855198,56.5039066455025,60,24.16369944991276,850,0,0,0.02416369944991276,500,150,60,nan,0,nan,nan,nan,nan,nan,4.53e-05,7.8e-06,1.0350000000000001e-05,1.52e-05,4.53e-05,nan,nan,nan,nan,nan,nan,nan,nan,nan,nan,0,05_resultados\revisao_operacional\campanha_v1\j00797.mat,campanha_v1,,,,,0,1.130265962664432,,,11
j00798,montecarlo,perda_fonte,heuristico_foresight,{},479.6041213656606,479.6041213656606,1,14.67483002986756,14.674830029867557,150,150,150,150,53.54601066242971,53.54601066242971,60,30.656449353448867,752.300528001676,0,0,0.030656449353448866,500,150,58.60147210516441,nan,0,nan,nan,nan,nan,nan,4.37e-05,8.2e-06,1.12e-05,1.4e-05,4.37e-05,nan,nan,nan,nan,nan,nan,nan,nan,nan,nan,0,05_resultados\revisao_operacional\campanha_v1\j00798.mat,campanha_v1,,,,,0,1.130265962664432,,,11
j00799,montecarlo,perda_fonte,miope_qp,{},592.6116232891053,592.6116232891053,1,14.754610001373313,14.75461000137331,150,150,150,150,57.9147667951044,56.47501255161039,60,24.32134429297718,1150.0008251042025,0,0,0.02432134429297718,500,150,59.99996967342122,nan,0,nan,nan,nan,nan,nan,0.0012032,0.0005646,0.0006459,0.00076705,0.0012032,0.0010698,0.00050255,0.00057575,0.00068855,0.0010698,nan,nan,nan,nan,nan,0,05_resultados\revisao_operacional\campanha_v1\j00799.mat,campanha_v1,,,,,0,1.130265962664432,,,11
j00800,montecarlo,perda_fonte,mpc_qp_v5,{},350.2418395649106,350.2418395649106,1,14.583504064957127,14.583504064957125,150,150,150,150,52.21081788111091,52.21081788111091,60,36.99861506472258,1381.9171248330038,0,2.4166666666666665,0.03699861506472258,500,150,58.055950043102776,7.105427357601002e-15,0,0,0,0.0007702745994038196,333283.2021354289,4843142611315303.0,0.0226221,0.0286018,0.03525865,0.04380025,0.0922533,0.0164932,0.0240215,0.03025385,0.0389766,0.0876881,0.0042981,0.00429505,0.0050902,0.0055796000000000005,0.0065502,0,05_resultados\revisao_operacional\campanha_v1\j00800.mat,campanha_v1,,,,,0,1.130265962664432,,,11
j00801,montecarlo,perda_fonte,mpc_qp_estocastico_3cen,{},350.0000052490941,350.0000052490941,1,14.583333337061712,14.58333333706171,150,150,150,150,42.41272821078717,42.41272821078717,60,83.5395409987618,1840.4214670837773,0,0.33333333333333337,0.08353954099876179,500,150,53.08942343021139,7.105427357601002e-15,0,0,0,4.888534022029489e-12,666566.4042708572,9686285222630616.0,0.0551067,0.06828390000000001,0.1024667,0.1425342,0.2084746,0.038891,0.0543793,0.08249989999999999,0.1150438,0.143009,0.0132352,0.013632950000000001,0.017768,0.03762145,0.0928258,0,05_resultados\revisao_operacional\evento_adiantado_corrigido_v1\j00801.mat,evento_adiantado_corrigido_v1,,,,,0,1.130265962664432,,,11
j00802,montecarlo,perda_fonte,heuristico,{},592.6122638850534,592.6122638850534,1,14.754610453615202,14.754610453615202,150,150,150,150,57.93978528855198,56.5039066455025,60,24.16369944991276,850,0,0,0.02416369944991276,500,150,60,nan,0,nan,nan,nan,nan,nan,5.49e-05,7.9e-06,9e-06,1.615e-05,5.49e-05,nan,nan,nan,nan,nan,nan,nan,nan,nan,nan,0,05_resultados\revisao_operacional\campanha_v1\j00802.mat,campanha_v1,,,,,-11,0.8115551704065425,,,12
j00803,montecarlo,perda_fonte,heuristico_foresight,{},350.0509464151395,350.0509464151395,1,14.583369300003502,14.583369300003502,150,150,150,150,57.284333101579776,55.8530200174879,60,27.231381675310494,850,0,0,0.027231381675310494,500,150,59.416947455341266,nan,0,nan,nan,nan,nan,nan,7.48e-05,8.8e-06,1.11e-05,1.8e-05,7.48e-05,nan,nan,nan,nan,nan,nan,nan,nan,nan,nan,0,05_resultados\revisao_operacional\campanha_v1\j00803.mat,campanha_v1,,,,,-11,0.8115551704065425,,,12
j00804,montecarlo,perda_fonte,miope_qp,{},592.6116232891053,592.6116232891053,1,14.754610001373313,14.75461000137331,150,150,150,150,57.9147667951044,56.47501255161039,60,24.32134429297718,1150.0008251042025,0,0,0.02432134429297718,500,150,59.99996967342122,nan,0,nan,nan,nan,nan,nan,0.0012498,0.0005629,0.00064425,0.0007620999999999999,0.0012498,0.0011069,0.0005012,0.00057215,0.0006948,0.0011069,nan,nan,nan,nan,nan,0,05_resultados\revisao_operacional\campanha_v1\j00804.mat,campanha_v1,,,,,-11,0.8115551704065425,,,12
j00805,montecarlo,perda_fonte,mpc_qp_v5,{},350.0000816161562,350.0000816161562,1,14.588223911732078,14.583333390963684,150,150,150,150,56.77910651605426,55.38370332315398,60.05989427915486,29.871367420241434,1736.711845374893,0,0.4166666666666667,0.029871367420241435,500,150,59.02466305216466,0.11694440069111067,852,0,0,6.633982252424175e-07,333283.200808402,4015243775612013.0,0.0201892,0.020967899999999998,0.03086565,0.0356031,0.0442805,0.0140105,0.01662265,0.02599955,0.03088075,0.0392173,0.0045001,0.004156,0.00474005,0.00499375,0.0058458,0,05_resultados\revisao_operacional\campanha_v1\j00805.mat,campanha_v1,,,,,-11,0.8115551704065425,,,12
j00806,montecarlo,perda_fonte,mpc_qp_estocastico_3cen,{},350.00000361802756,350.00000361802756,1,14.588199158368512,14.583333335920743,150,150,150,150,56.55042305036972,55.15507406503256,60.04233714507,30.781268737584362,1544.5906292716475,0,0.08333333333333334,0.030781268737584362,500,150,58.7960473215516,0.11700537031658342,852,0,0,0.003661786527516142,666566.4016168036,8030487551224027.0,0.0553409,0.04957955,0.07682240000000001,0.11521325,0.3455281,0.0320428,0.03617915,0.0614204,0.10100095,0.3316414,0.0197757,0.013225250000000001,0.0154391,0.0197698,0.0384145,0,05_resultados\revisao_operacional\evento_adiantado_corrigido_v1\j00806.mat,evento_adiantado_corrigido_v1,,,,,-11,0.8115551704065425,,,12
j00807,montecarlo,perda_fonte,heuristico,{},592.6122638850534,592.6122638850534,1,14.754610453615202,14.754610453615202,150,150,150,150,57.93978528855198,56.5039066455025,60,24.16369944991276,850,0,0,0.02416369944991276,500,150,60,nan,0,nan,nan,nan,nan,nan,4.01e-05,8e-06,1.01e-05,1.69e-05,8.93e-05,nan,nan,nan,nan,nan,nan,nan,nan,nan,nan,0,05_resultados\revisao_operacional\campanha_v1\j00807.mat,campanha_v1,,,,,-5,1.034332475169704,,,13
j00808,montecarlo,perda_fonte,heuristico_foresight,{},351.02328610238675,351.02328610238675,1,14.584055743214991,14.584055743214991,150,150,150,150,57.42468397877276,55.993370894680886,60,26.564715008643827,850.0000000000001,0,0,0.026564715008643828,500,150,59.55715381817394,nan,0,nan,nan,nan,nan,nan,4.82e-05,8.9e-06,1.13e-05,1.9149999999999998e-05,4.82e-05,nan,nan,nan,nan,nan,nan,nan,nan,nan,nan,0,05_resultados\revisao_operacional\campanha_v1\j00808.mat,campanha_v1,,,,,-5,1.034332475169704,,,13
j00809,montecarlo,perda_fonte,miope_qp,{},592.6116232891053,592.6116232891053,1,14.754610001373313,14.75461000137331,150,150,150,150,57.9147667951044,56.47501255161039,60,24.32134429297718,1150.0008251042025,0,0,0.02432134429297718,500,150,59.99996967342122,nan,0,nan,nan,nan,nan,nan,0.0012193,0.00056485,0.0006581499999999999,0.0008394,0.0012193,0.0010596,0.0005024,0.0005846,0.0007506500000000001,0.0010596,nan,nan,nan,nan,nan,0,05_resultados\revisao_operacional\campanha_v1\j00809.mat,campanha_v1,,,,,-5,1.034332475169704,,,13
j00810,montecarlo,perda_fonte,mpc_qp_v5,{},350.00675529464604,350.00675529464604,1,14.583338102389343,14.583338102389343,150,150,150,150,56.34957381398534,55.67242980799951,60,24.119874232980717,1705.3285461692337,0,2.083333333333333,0.024119874232980718,500,150,59.327965208519316,0.007089426718138725,912,0,0,0.0017432280668003841,333283.200808402,4015243775612013.0,0.0218739,0.0257747,0.0363401,0.04084695,0.0475455,0.0153354,0.02119035,0.0315448,0.0357364,0.0429176,0.0048683,0.0042774,0.0050700499999999996,0.00565925,0.0071573,0,05_resultados\revisao_operacional\campanha_v1\j00810.mat,campanha_v1,,,,,-5,1.034332475169704,,,13
j00811,montecarlo,perda_fonte,mpc_qp_estocastico_3cen,{},350.00003240307956,350.00003240307956,1,14.58333335622882,14.58333335622882,150,150,150,150,47.66090282921051,47.66090282921051,60,58.61071156124912,2113.3789473395127,0,0.16666666666666669,0.05861071156124912,500,150,55.438345497487205,0.12371844912311758,57,0,0,0.0007940873973666385,666566.4042708572,8858386386927326.0,0.0524116,0.05662405,0.07508645,0.1184114,0.2060817,0.0357443,0.042762800000000004,0.06106465,0.10446885,0.1900078,0.0137918,0.01334715,0.0146107,0.015783449999999997,0.030117,0,05_resultados\revisao_operacional\evento_adiantado_corrigido_v1\j00811.mat,evento_adiantado_corrigido_v1,,,,,-5,1.034332475169704,,,13
j00812,montecarlo,perda_fonte,heuristico,{},592.6122638850534,592.6122638850534,1,14.754610453615202,14.754610453615202,150,150,150,150,57.93978528855198,56.5039066455025,60,24.16369944991276,850,0,0,0.02416369944991276,500,150,60,nan,0,nan,nan,nan,nan,nan,3.92e-05,7.8e-06,9.8e-06,1.345e-05,3.92e-05,nan,nan,nan,nan,nan,nan,nan,nan,nan,nan,0,05_resultados\revisao_operacional\campanha_v1\j00812.mat,campanha_v1,,,,,-4,0.8833227643994002,,,14
j00813,montecarlo,perda_fonte,heuristico_foresight,{},351.68711356301685,351.68711356301685,1,14.584524385871383,14.584524385871383,150,150,150,150,57.44807579163826,56.016762707546384,60,26.453603897532716,850,0,0,0.026453603897532717,500,150,59.58044696942756,nan,0,nan,nan,nan,nan,nan,7.25e-05,8.7e-06,1.2e-05,1.925e-05,7.25e-05,nan,nan,nan,nan,nan,nan,nan,nan,nan,nan,0,05_resultados\revisao_operacional\campanha_v1\j00813.mat,campanha_v1,,,,,-4,0.8833227643994002,,,14
j00814,montecarlo,perda_fonte,miope_qp,{},592.6116232891053,592.6116232891053,1,14.754610001373313,14.75461000137331,150,150,150,150,57.9147667951044,56.47501255161039,60,24.32134429297718,1150.0008251042025,0,0,0.02432134429297718,500,150,59.99996967342122,nan,0,nan,nan,nan,nan,nan,0.0013268,0.0005708,0.0006778,0.00082655,0.0013268,0.0011562,0.00050785,0.00059645,0.0007327,0.0011562,nan,nan,nan,nan,nan,0,05_resultados\revisao_operacional\campanha_v1\j00814.mat,campanha_v1,,,,,-4,0.8833227643994002,,,14
j00815,montecarlo,perda_fonte,mpc_qp_v5,{},350.0185931191924,350.0185931191924,1,14.58715492143642,14.583346459535452,150,150,150,150,56.98421740653555,55.58909298560734,60.0375559843733,28.670622429936287,1863.8239902522441,0,0.9166666666666666,0.028670622429936288,500,150,59.23006801544529,0.11702432942692553,852,0,0,0.0005825100160450347,333283.200808402,4015243775612013.0,0.0196975,0.02110385,0.03026835,0.0372954,0.1354061,0.0133775,0.0167424,0.0260043,0.03270095,0.1309824,0.0044591,0.0041278,0.00475065,0.0050885,0.0059319,0,05_resultados\revisao_operacional\campanha_v1\j00815.mat,campanha_v1,,,,,-4,0.8833227643994002,,,14
j00816,montecarlo,perda_fonte,mpc_qp_estocastico_3cen,{},350.0000318265436,350.0000318265436,1,14.5833333558121,14.583333355812098,150,150,150,150,55.50797636426105,55.32800913075529,60.0179019412059,23.318407558648808,1458.672713768328,0,0.08333333333333334,0.023318407558648807,500,150,58.98074482605867,0.11709128035123229,1018,0,0,0.0013828418802859233,666566.4016168036,8030487551224027.0,0.0434025,0.05475505,0.08054215,0.1121688,0.1996647,0.028569,0.04213215,0.0632314,0.09929969999999999,0.186665,0.0123949,0.012649049999999998,0.01539465,0.018705,0.0420804,0,05_resultados\revisao_operacional\evento_adiantado_corrigido_v1\j00816.mat,evento_adiantado_corrigido_v1,,,,,-4,0.8833227643994002,,,14
j00817,montecarlo,perda_fonte,heuristico,{},592.6122638850534,592.6122638850534,1,14.754610453615202,14.754610453615202,150,150,150,150,57.93978528855198,56.5039066455025,60,24.16369944991276,850,0,0,0.02416369944991276,500,150,60,nan,0,nan,nan,nan,nan,nan,5.38e-05,7.9e-06,1e-05,1.785e-05,5.38e-05,nan,nan,nan,nan,nan,nan,nan,nan,nan,nan,0,05_resultados\revisao_operacional\campanha_v1\j00817.mat,campanha_v1,,,,,-4,0.8730521072172237,,,15
j00818,montecarlo,perda_fonte,heuristico_foresight,{},351.68711356301685,351.68711356301685,1,14.584524385871383,14.584524385871383,150,150,150,150,57.44807579163826,56.016762707546384,60,26.453603897532716,850,0,0,0.026453603897532717,500,150,59.58044696942756,nan,0,nan,nan,nan,nan,nan,4.34e-05,8.9e-06,1.11e-05,1.3850000000000001e-05,4.34e-05,nan,nan,nan,nan,nan,nan,nan,nan,nan,nan,0,05_resultados\revisao_operacional\campanha_v1\j00818.mat,campanha_v1,,,,,-4,0.8730521072172237,,,15
j00819,montecarlo,perda_fonte,miope_qp,{},592.6116232891053,592.6116232891053,1,14.754610001373313,14.75461000137331,150,150,150,150,57.9147667951044,56.47501255161039,60,24.32134429297718,1150.0008251042025,0,0,0.02432134429297718,500,150,59.99996967342122,nan,0,nan,nan,nan,nan,nan,0.0012191,0.0005653,0.0006455499999999999,0.00082155,0.0012191,0.0010739,0.00050325,0.00057505,0.00073905,0.0010739,nan,nan,nan,nan,nan,0,05_resultados\revisao_operacional\campanha_v1\j00819.mat,campanha_v1,,,,,-4,0.8730521072172237,,,15
j00820,montecarlo,perda_fonte,mpc_qp_v5,{},350.30511428731086,350.30511428731086,1,14.587525625861948,14.583548735053945,150,150,150,150,57.00240109705793,55.607233574632616,60.04097603134095,28.618926952344438,2098.2219114515083,0,1,0.02861892695234444,500,150,59.248163445380065,0.11701270358212668,852,0,1.0842021724855044e-19,45.23210658871426,333283.200808402,4015243775612013.0,0.0198758,0.02135635,0.034194699999999995,0.038523,0.5033145,0.0134966,0.016850499999999997,0.029296700000000002,0.03388805,0.498824,0.0047392,0.0043009,0.0050872999999999995,0.00549995,0.0065384,0,05_resultados\revisao_operacional\campanha_v1\j00820.mat,campanha_v1,,,,,-4,0.8730521072172237,,,15
j00821,montecarlo,perda_fonte,mpc_qp_estocastico_3cen,{},350.0000321544731,350.0000321544731,1,14.583333356043148,14.583333356043148,150,150,150,150,55.76580257281916,55.335367441089026,60.02159177501341,24.638654569001172,1467.1661396314007,0,0.08333333333333334,0.024638654569001172,500,150,58.98495447862944,0.11707872693881427,981,0,0,0.0006965727756096385,666566.4016168036,8030487551224027.0,0.0438708,0.0541937,0.07597305,0.1123102,0.1935037,0.0283012,0.04177795,0.056970450000000006,0.09834385000000001,0.1787894,0.013165,0.0124293,0.0148279,0.0174838,0.0244491,0,05_resultados\revisao_operacional\evento_adiantado_corrigido_v1\j00821.mat,evento_adiantado_corrigido_v1,,,,,-4,0.8730521072172237,,,15
j00822,montecarlo,perda_fonte,heuristico,{},592.6122638850534,592.6122638850534,1,14.754610453615202,14.754610453615202,150,150,150,150,57.93978528855198,56.5039066455025,60,24.16369944991276,850,0,0,0.02416369944991276,500,150,60,nan,0,nan,nan,nan,nan,nan,5.31e-05,7.9e-06,1.01e-05,1.41e-05,5.31e-05,nan,nan,nan,nan,nan,nan,nan,nan,nan,nan,0,05_resultados\revisao_operacional\campanha_v1\j00822.mat,campanha_v1,,,,,-13,0.8575618442388815,,,16
j00823,montecarlo,perda_fonte,heuristico_foresight,{},350.0187421387312,350.0187421387312,1,14.583346564731855,14.583346564731855,150,150,150,150,57.23754947584878,55.806236391756904,60,27.453603897532716,850.0000000000001,0,0,0.027453603897532715,500,150,59.370168615983246,nan,0,nan,nan,nan,nan,nan,4.16e-05,8.8e-06,1.04e-05,1.63e-05,4.16e-05,nan,nan,nan,nan,nan,nan,nan,nan,nan,nan,0,05_resultados\revisao_operacional\campanha_v1\j00823.mat,campanha_v1,,,,,-13,0.8575618442388815,,,16
j00824,montecarlo,perda_fonte,miope_qp,{},592.6116232891053,592.6116232891053,1,14.754610001373313,14.75461000137331,150,150,150,150,57.9147667951044,56.47501255161039,60,24.32134429297718,1150.0008251042025,0,0,0.02432134429297718,500,150,59.99996967342122,nan,0,nan,nan,nan,nan,nan,0.0013503,0.00057085,0.0006707,0.0008512000000000001,0.0013503,0.0011725,0.0005073,0.0006003,0.0007712999999999999,0.0011725,nan,nan,nan,nan,nan,0,05_resultados\revisao_operacional\campanha_v1\j00824.mat,campanha_v1,,,,,-13,0.8575618442388815,,,16
j00825,montecarlo,perda_fonte,mpc_qp_v5,{},350.0002726089533,350.0002726089533,1,14.58754550232036,14.583333525796597,150,150,150,150,56.80776548817939,55.41253468658259,60.0446301810969,29.580669297331138,1936.5767886487176,0,1.1666666666666667,0.02958066929733114,500,150,59.053505941259274,0.11699643698051432,852,0,0,0.007917951740012086,333283.200808402,4015243775612013.0,0.0198934,0.021598100000000002,0.0338448,0.0383793,0.096955,0.0138301,0.01689005,0.028527450000000003,0.033724699999999996,0.0923229,0.0044075,0.0043094,0.0051287,0.0058617,0.0077513,0,05_resultados\revisao_operacional\campanha_v1\j00825.mat,campanha_v1,,,,,-13,0.8575618442388815,,,16
j00826,montecarlo,perda_fonte,mpc_qp_estocastico_3cen,{},350.0000003182682,350.0000003182682,1,14.583333333570291,14.583333333570291,150,150,150,150,55.94707565878454,55.13904880748507,60.02621654601657,27.60480148074012,1763.157248747908,0,0.25,0.027604801480740123,500,150,58.78468320860452,0.11706073514114479,943,0,0,2.2265226107265335e-08,666566.4016168036,8030487551224027.0,0.0438158,0.055402400000000004,0.0838959,0.12687500000000002,0.2104606,0.0290135,0.04233115,0.06578595000000001,0.1103918,0.1930317,0.0118099,0.01284395,0.01628545,0.02241555,0.0694056,0,05_resultados\revisao_operacional\evento_adiantado_corrigido_v1\j00826.mat,evento_adiantado_corrigido_v1,,,,,-13,0.8575618442388815,,,16
j00827,montecarlo,perda_fonte,heuristico,{},592.6122638850534,592.6122638850534,1,14.754610453615202,14.754610453615202,150,150,150,150,57.93978528855198,56.5039066455025,60,24.16369944991276,850,0,0,0.02416369944991276,500,150,60,nan,0,nan,nan,nan,nan,nan,6.36e-05,8.1e-06,1.02e-05,1.31e-05,6.36e-05,nan,nan,nan,nan,nan,nan,nan,nan,nan,nan,0,05_resultados\revisao_operacional\campanha_v1\j00827.mat,campanha_v1,,,,,-5,1.0722589940792835,,,17
j00828,montecarlo,perda_fonte,heuristico_foresight,{},361.952298127601,361.952298127601,1,14.59177130415667,14.59177130415667,150,150,150,150,56.09518555793183,56.09518555793183,60,18.547868599824515,795.8057544405374,0,0,0.018547868599824515,500,150,59.77276395506889,nan,0,nan,nan,nan,nan,nan,4.26e-05,8.6e-06,1.12e-05,1.205e-05,4.26e-05,nan,nan,nan,nan,nan,nan,nan,nan,nan,nan,0,05_resultados\revisao_operacional\campanha_v1\j00828.mat,campanha_v1,,,,,-5,1.0722589940792835,,,17
j00829,montecarlo,perda_fonte,miope_qp,{},592.6116232891053,592.6116232891053,1,14.754610001373313,14.75461000137331,150,150,150,150,57.9147667951044,56.47501255161039,60,24.32134429297718,1150.0008251042025,0,0,0.02432134429297718,500,150,59.99996967342122,nan,0,nan,nan,nan,nan,nan,0.0012045,0.0006165,0.00083355,0.0010600000000000002,0.0012045,0.0010705,0.0005482,0.0007237000000000001,0.00094775,0.0010705,nan,nan,nan,nan,nan,0,05_resultados\revisao_operacional\campanha_v1\j00829.mat,campanha_v1,,,,,-5,1.0722589940792835,,,17
j00830,montecarlo,perda_fonte,mpc_qp_v5,{},350.02153438018183,350.02153438018183,1,14.583348535982834,14.583348535982832,150,150,150,150,54.72048004073796,54.72048004073796,60,25.077719806495253,2072.9007233284174,0,1.8333333333333333,0.025077719806495254,500,150,59.25329468472484,7.105427357601002e-15,0,0,0,0.00102659508479519,333283.2021354289,4843142611315303.0,0.0309002,0.027125749999999997,0.0363295,0.0462948,0.0974972,0.0241986,0.0222375,0.030932849999999998,0.04130955,0.0929957,0.0047661,0.004459299999999999,0.0053477,0.0060497,0.0140422,0,05_resultados\revisao_operacional\campanha_v1\j00830.mat,campanha_v1,,,,,-5,1.0722589940792835,,,17
j00831,montecarlo,perda_fonte,mpc_qp_estocastico_3cen,{},350.000029068584,350.000029068584,1,14.583333353882654,14.583333353882653,150,150,150,150,45.35266896921501,45.35266896921501,60,69.5748223962291,2707.8816305576697,0,0.33333333333333337,0.0695748223962291,500,150,54.43057028705652,7.105427357601002e-15,0,0,0,5.7980287238024175e-12,666566.4042708572,9686285222630616.0,0.0541738,0.07657459999999999,0.09015709999999999,0.11598235,0.1612493,0.0358819,0.0635994,0.07491395,0.10323394999999999,0.1495191,0.0143315,0.0127396,0.014995999999999999,0.01652745,0.0255204,0,05_resultados\revisao_operacional\evento_adiantado_corrigido_v1\j00831.mat,evento_adiantado_corrigido_v1,,,,,-5,1.0722589940792835,,,17
j00832,montecarlo,perda_fonte,heuristico,{},592.6122638850534,592.6122638850534,1,14.754610453615202,14.754610453615202,150,150,150,150,57.93978528855198,56.5039066455025,60,24.16369944991276,850,0,0,0.02416369944991276,500,150,60,nan,0,nan,nan,nan,nan,nan,4.11e-05,8e-06,1.005e-05,1.595e-05,4.11e-05,nan,nan,nan,nan,nan,nan,nan,nan,nan,nan,0,05_resultados\revisao_operacional\campanha_v1\j00832.mat,campanha_v1,,,,,-5,1.1328818531453302,,,18
j00833,montecarlo,perda_fonte,heuristico_foresight,{},360.57930933807006,360.57930933807006,1,14.590802014466677,14.590802014466677,150,150,150,150,53.32339542256291,53.32339542256291,60,31.713871742831913,750.3386101410024,0,0,0.03171387174283191,500,150,58.45947273629242,nan,0,nan,nan,nan,nan,nan,4.3e-05,8.5e-06,1.12e-05,1.2750000000000002e-05,4.4e-05,nan,nan,nan,nan,nan,nan,nan,nan,nan,nan,0,05_resultados\revisao_operacional\campanha_v1\j00833.mat,campanha_v1,,,,,-5,1.1328818531453302,,,18
j00834,montecarlo,perda_fonte,miope_qp,{},592.6116232891053,592.6116232891053,1,14.754610001373313,14.75461000137331,150,150,150,150,57.9147667951044,56.47501255161039,60,24.32134429297718,1150.0008251042025,0,0,0.02432134429297718,500,150,59.99996967342122,nan,0,nan,nan,nan,nan,nan,0.0012234,0.0005902500000000001,0.0008379500000000001,0.0009859,0.0012234,0.0010827,0.0005249499999999999,0.0007273,0.0008783,0.0010827,nan,nan,nan,nan,nan,0,05_resultados\revisao_operacional\campanha_v1\j00834.mat,campanha_v1,,,,,-5,1.1328818531453302,,,18
j00835,montecarlo,perda_fonte,mpc_qp_v5,{},350.02681167912755,350.02681167912755,1,14.583352261596218,14.583352261596215,150,150,150,150,51.98486777487129,51.98486777487129,60,38.07187806936146,2131.6064075917147,0,2.3333333333333335,0.03807187806936146,500,150,57.88903860269798,7.105427357601002e-15,0,0,0,0.0033755325479205567,333283.2021354289,4843142611315303.0,0.0233929,0.02859675,0.03419735,0.044313149999999996,0.0949997,0.0168341,0.0238378,0.028934,0.039666950000000006,0.0900838,0.004655,0.00448285,0.0050607,0.0054105,0.0068131,0,05_resultados\revisao_operacional\campanha_v1\j00835.mat,campanha_v1,,,,,-5,1.1328818531453302,,,18
j00836,montecarlo,perda_fonte,mpc_qp_estocastico_3cen,{},350.00000158129694,350.00000158129694,1,14.583333334464879,14.583333334464877,150,150,150,150,42.24627640690774,42.24627640690774,60,84.33018706718728,2455.1617990905584,0,0.33333333333333337,0.08433018706718728,500,150,52.99529371853153,7.105427357601002e-15,0,0,0,4.547473508864641e-12,666566.4042708572,9686285222630616.0,0.0667416,0.0670373,0.0944779,0.1185477,0.1600683,0.0419749,0.053543,0.07713525,0.1028675,0.1464904,0.0208894,0.013137349999999999,0.016723599999999998,0.02537395,0.0516531,0,05_resultados\revisao_operacional\evento_adiantado_corrigido_v1\j00836.mat,evento_adiantado_corrigido_v1,,,,,-5,1.1328818531453302,,,18
j00837,montecarlo,perda_fonte,heuristico,{},592.6122638850534,592.6122638850534,1,14.754610453615202,14.754610453615202,150,150,150,150,57.93978528855198,56.5039066455025,60,24.16369944991276,850,0,0,0.02416369944991276,500,150,60,nan,0,nan,nan,nan,nan,nan,4.28e-05,7.9e-06,1.01e-05,1.225e-05,6.37e-05,nan,nan,nan,nan,nan,nan,nan,nan,nan,nan,0,05_resultados\revisao_operacional\campanha_v1\j00837.mat,campanha_v1,,,,,-1,1.083321598940225,,,19
j00838,montecarlo,perda_fonte,heuristico_foresight,{},436.4649007802767,436.4649007802767,1,14.644375009355612,14.644375009355612,150,150,150,150,55.68002797325401,55.68002797325401,60,20.51986712704381,787.5088007948312,0,0,0.02051986712704381,500,150,59.612645052348654,nan,0,nan,nan,nan,nan,nan,4.18e-05,8.4e-06,1.11e-05,1.88e-05,5e-05,nan,nan,nan,nan,nan,nan,nan,nan,nan,nan,0,05_resultados\revisao_operacional\campanha_v1\j00838.mat,campanha_v1,,,,,-1,1.083321598940225,,,19
j00839,montecarlo,perda_fonte,miope_qp,{},592.6116232891053,592.6116232891053,1,14.754610001373313,14.75461000137331,150,150,150,150,57.9147667951044,56.47501255161039,60,24.32134429297718,1150.0008251042025,0,0,0.02432134429297718,500,150,59.99996967342122,nan,0,nan,nan,nan,nan,nan,0.0012344,0.00056235,0.00063615,0.0007855,0.0012344,0.0010927,0.0005003,0.0005652000000000001,0.00069155,0.0010927,nan,nan,nan,nan,nan,0,05_resultados\revisao_operacional\campanha_v1\j00839.mat,campanha_v1,,,,,-1,1.083321598940225,,,19
j00840,montecarlo,perda_fonte,mpc_qp_v5,{},350.4008834500732,350.4008834500732,1,14.583616345265504,14.5836163452655,150,150,150,150,54.38091693089621,54.38091693089621,60,26.690644578242814,1466.8078402372917,0,2.3333333333333335,0.026690644578242814,500,150,59.16417087214204,7.105427357601002e-15,0,0,0,0.0019012330911891695,333283.2021354289,4843142611315303.0,0.024575,0.02656515,0.0334166,0.045324500000000004,0.0936464,0.0180111,0.0217262,0.028509899999999998,0.040679,0.0888058,0.0044309,0.00446005,0.00515075,0.005514150000000001,0.0066247,0,05_resultados\revisao_operacional\campanha_v1\j00840.mat,campanha_v1,,,,,-1,1.083321598940225,,,19
j00841,montecarlo,perda_fonte,mpc_qp_estocastico_3cen,{},350.00008226089597,350.00008226089597,1,14.583333391436481,14.58333339143648,150,150,150,150,44.81739309559434,44.81739309559434,60,72.11738279592731,2609.4318762729713,0,0.25,0.07211738279592732,500,150,54.19963560113998,7.105427357601002e-15,0,0,0,0.0005396521810325794,666566.4042708572,9686285222630616.0,0.0544616,0.0625162,0.0860821,0.11441195000000001,0.1808293,0.0365855,0.049448,0.07162145,0.10109114999999999,0.1671643,0.0151066,0.0126643,0.0152613,0.01940155,0.0303286,0,05_resultados\revisao_operacional\evento_adiantado_corrigido_v1\j00841.mat,evento_adiantado_corrigido_v1,,,,,-1,1.083321598940225,,,19
j00842,montecarlo,perda_fonte,heuristico,{},592.6122638850534,592.6122638850534,1,14.754610453615202,14.754610453615202,150,150,150,150,57.93978528855198,56.5039066455025,60,24.16369944991276,850,0,0,0.02416369944991276,500,150,60,nan,0,nan,nan,nan,nan,nan,4.48e-05,7.9e-06,1e-05,1.21e-05,4.48e-05,nan,nan,nan,nan,nan,nan,nan,nan,nan,nan,0,05_resultados\revisao_operacional\campanha_v1\j00842.mat,campanha_v1,,,,,5,0.9802008794423738,,,20
j00843,montecarlo,perda_fonte,heuristico_foresight,{},402.9015293790226,402.9015293790226,1,14.620680256631648,14.620680256631648,150,150,150,150,57.54668202945504,56.12592450091872,60,25.879529823458643,850,0,0,0.025879529823458643,500,150,59.775564251996556,nan,0,nan,nan,nan,nan,nan,4.5e-05,8.7e-06,1.11e-05,1.87e-05,5.01e-05,nan,nan,nan,nan,nan,nan,nan,nan,nan,nan,0,05_resultados\revisao_operacional\campanha_v1\j00843.mat,campanha_v1,,,,,5,0.9802008794423738,,,20
j00844,montecarlo,perda_fonte,miope_qp,{},592.6116232891053,592.6116232891053,1,14.754610001373313,14.75461000137331,150,150,150,150,57.9147667951044,56.47501255161039,60,24.32134429297718,1150.0008251042025,0,0,0.02432134429297718,500,150,59.99996967342122,nan,0,nan,nan,nan,nan,nan,0.001291,0.00056315,0.00065525,0.0008471,0.001291,0.0011509,0.0005013,0.0005833500000000001,0.0007597000000000001,0.0011509,nan,nan,nan,nan,nan,0,05_resultados\revisao_operacional\campanha_v1\j00844.mat,campanha_v1,,,,,5,0.9802008794423738,,,20
j00845,montecarlo,perda_fonte,mpc_qp_v5,{},353.0263026280735,353.0263026280735,1,14.587422794031356,14.585469813974026,150,150,150,150,57.294190077778175,55.91007942799567,60.00546465225386,26.766634036471046,1826.4139534045664,0,2.3333333333333335,0.026766634036471046,500,150,59.644173088389984,0.1171338705176197,813,0,0,0.0020259358938119476,333283.200808402,4015243775612013.0,0.0205496,0.02217635,0.030972350000000003,0.03941715,0.0909383,0.0146153,0.0176423,0.02616185,0.03433995,0.0860826,0.0043378,0.00428585,0.00496505,0.0053954,0.0069544,0,05_resultados\revisao_operacional\campanha_v1\j00845.mat,campanha_v1,,,,,5,0.9802008794423738,,,20
j00846,montecarlo,perda_fonte,mpc_qp_estocastico_3cen,{},350.0001103216298,350.0001103216298,1,14.58333341123448,14.583333411234477,150,150,150,150,50.46096705796652,50.46096705796652,60,45.310406474659864,827.4048813387615,0,0,0.045310406474659864,500,150,56.76828453885213,7.105427357601002e-15,0,0,0,2.2737367544323206e-13,666566.4042708572,8858386386927326.0,0.0516782,0.056990650000000004,0.08371819999999999,0.11384915,0.153775,0.0341229,0.043520500000000004,0.0676549,0.10027105,0.139891,0.0147346,0.01306755,0.01723815,0.02309045,0.0428122,0,05_resultados\revisao_operacional\evento_adiantado_corrigido_v1\j00846.mat,evento_adiantado_corrigido_v1,,,,,5,0.9802008794423738,,,20
j00847,montecarlo,perda_fonte,heuristico,{},592.6122638850534,592.6122638850534,1,14.754610453615202,14.754610453615202,150,150,150,150,57.93978528855198,56.5039066455025,60,24.16369944991276,850,0,0,0.02416369944991276,500,150,60,nan,0,nan,nan,nan,nan,nan,3.94e-05,7.9e-06,1e-05,2.125e-05,4.35e-05,nan,nan,nan,nan,nan,nan,nan,nan,nan,nan,0,05_resultados\revisao_operacional\campanha_v1\j00847.mat,campanha_v1,,,,,7,1.1397264039215222,,,21
j00848,montecarlo,perda_fonte,heuristico_foresight,{},559.3775359083389,559.3775359083389,1,14.731147713479777,14.731147713479773,150,150,150,150,53.010449800812815,53.010449800812815,60,33.20036344612902,745.2051970588583,0,0,0.03320036344612902,500,150,58.40275230373683,nan,0,nan,nan,nan,nan,nan,5.2e-05,8.3e-06,1.11e-05,1.735e-05,5.2e-05,nan,nan,nan,nan,nan,nan,nan,nan,nan,nan,0,05_resultados\revisao_operacional\campanha_v1\j00848.mat,campanha_v1,,,,,7,1.1397264039215222,,,21
j00849,montecarlo,perda_fonte,miope_qp,{},592.6116232891053,592.6116232891053,1,14.754610001373313,14.75461000137331,150,150,150,150,57.9147667951044,56.47501255161039,60,24.32134429297718,1150.0008251042025,0,0,0.02432134429297718,500,150,59.99996967342122,nan,0,nan,nan,nan,nan,nan,0.0011949,0.0005643499999999999,0.0006634,0.0008391,0.0011949,0.0010609,0.0005017999999999999,0.0005888,0.0007523499999999999,0.0010609,nan,nan,nan,nan,nan,0,05_resultados\revisao_operacional\campanha_v1\j00849.mat,campanha_v1,,,,,7,1.1397264039215222,,,21
j00850,montecarlo,perda_fonte,mpc_qp_v5,{},353.6339057356921,353.6339057356921,1,14.58589876388411,14.58589876388411,150,150,150,150,51.77427436106499,51.77427436106499,60,39.07219678494187,1360.0445878666571,0,2.3333333333333335,0.03907219678494187,500,150,57.95325639454697,7.105427357601002e-15,0,0,0,5.805253397284105e-05,333283.2021354289,4843142611315303.0,0.0228653,0.02837085,0.03311665,0.0432833,0.0517048,0.0165784,0.0237505,0.0285129,0.0385614,0.0470205,0.0044285,0.0043694,0.00498975,0.0052321,0.0058593,0,05_resultados\revisao_operacional\campanha_v1\j00850.mat,campanha_v1,,,,,7,1.1397264039215222,,,21
j00851,montecarlo,perda_fonte,mpc_qp_estocastico_3cen,{},350.0001627774223,350.0001627774223,1,14.583333448265074,14.583333448265071,150,150,150,150,41.961778016611,41.961778016611,60,85.68155442109743,1816.9445230914225,0,0.4166666666666667,0.08568155442109743,500,150,52.961001670566766,7.105427357601002e-15,0,0,0,4.092726157978177e-12,666566.4042708572,9686285222630616.0,0.0539015,0.06626014999999999,0.0870972,0.1308318,0.1680971,0.0386852,0.05323885,0.07165084999999999,0.11318254999999999,0.1559514,0.0124236,0.012624699999999999,0.015700699999999998,0.018598299999999998,0.0664835,0,05_resultados\revisao_operacional\evento_adiantado_corrigido_v1\j00851.mat,evento_adiantado_corrigido_v1,,,,,7,1.1397264039215222,,,21
j00852,montecarlo,perda_fonte,heuristico,{},592.6122638850534,592.6122638850534,1,14.754610453615202,14.754610453615202,150,150,150,150,57.93978528855198,56.5039066455025,60,24.16369944991276,850,0,0,0.02416369944991276,500,150,60,nan,0,nan,nan,nan,nan,nan,4.31e-05,7.9e-06,1e-05,1.235e-05,4.31e-05,nan,nan,nan,nan,nan,nan,nan,nan,nan,nan,0,05_resultados\revisao_operacional\campanha_v1\j00852.mat,campanha_v1,,,,,9,1.15406217856806,,,22
j00853,montecarlo,perda_fonte,heuristico_foresight,{},552.8562207679468,552.8562207679468,1,14.726543856857647,14.726543856857642,150,150,150,150,52.315874105109856,52.315874105109856,60,36.499598000725534,734.453366073955,0,0,0.03649959800072553,500,150,58.08934051376026,nan,0,nan,nan,nan,nan,nan,5.37e-05,8.2e-06,9.65e-06,1.8849999999999997e-05,5.37e-05,nan,nan,nan,nan,nan,nan,nan,nan,nan,nan,0,05_resultados\revisao_operacional\campanha_v1\j00853.mat,campanha_v1,,,,,9,1.15406217856806,,,22
j00854,montecarlo,perda_fonte,miope_qp,{},592.6116232891053,592.6116232891053,1,14.754610001373313,14.75461000137331,150,150,150,150,57.9147667951044,56.47501255161039,60,24.32134429297718,1150.0008251042025,0,0,0.02432134429297718,500,150,59.99996967342122,nan,0,nan,nan,nan,nan,nan,0.0011901,0.0005643,0.00064825,0.0007995000000000001,0.0011901,0.0010553,0.000502,0.0005794000000000001,0.0007222999999999999,0.0010553,nan,nan,nan,nan,nan,0,05_resultados\revisao_operacional\campanha_v1\j00854.mat,campanha_v1,,,,,9,1.15406217856806,,,22
j00855,montecarlo,perda_fonte,mpc_qp_v5,{},370.5349178485868,370.5349178485868,1,14.59783038117244,14.59783038117244,150,150,150,150,51.19704675963535,51.19704675963535,60,41.814027891731875,1408.9968156999544,0,2.666666666666667,0.04181402789173187,500,150,57.73326580873364,7.105427357601002e-15,0,0,0,2.0047005477863422e-05,333283.2021354289,4843142611315303.0,0.0222116,0.0285389,0.03400725,0.0422421,0.0452996,0.0160359,0.02387695,0.029302500000000002,0.037377900000000006,0.040085,0.0040099,0.0043479999999999994,0.00498605,0.00522395,0.0065092,0,05_resultados\revisao_operacional\campanha_v1\j00855.mat,campanha_v1,,,,,9,1.15406217856806,,,22
j00856,montecarlo,perda_fonte,mpc_qp_estocastico_3cen,{},350.06644826661636,350.06644826661636,1,14.583380243883626,14.583380243883626,150,150,150,150,41.23033819710113,41.23033819710113,60,89.15589356377023,2110.6449209477137,0,0.16666666666666669,0.08915589356377024,500,150,52.64097169316129,7.105427357601002e-15,0,0,0,0.0024918994981817377,666566.4042708572,9686285222630616.0,0.0527429,0.060560100000000006,0.08313025,0.11681459999999999,0.1517381,0.0381243,0.04774025,0.0698193,0.10387009999999999,0.1383627,0.0117966,0.0123697,0.0137677,0.016502,0.0279008,0,05_resultados\revisao_operacional\evento_adiantado_corrigido_v1\j00856.mat,evento_adiantado_corrigido_v1,,,,,9,1.15406217856806,,,22
j00857,montecarlo,perda_fonte,heuristico,{},592.6122638850534,592.6122638850534,1,14.754610453615202,14.754610453615202,150,150,150,150,57.93978528855198,56.5039066455025,60,24.16369944991276,850,0,0,0.02416369944991276,500,150,60,nan,0,nan,nan,nan,nan,nan,3.95e-05,7.8e-06,1e-05,1.54e-05,0.000477,nan,nan,nan,nan,nan,nan,nan,nan,nan,nan,0,05_resultados\revisao_operacional\campanha_v1\j00857.mat,campanha_v1,,,,,10,0.8877844464531203,,,23
j00858,montecarlo,perda_fonte,heuristico_foresight,{},443.33660581542915,443.33660581542915,1,14.64922623093444,14.64922623093444,150,150,150,150,57.50619713666749,56.09863405257561,60,25.939715008643827,850,0,0,0.025939715008643827,500,150,59.85922318918037,nan,0,nan,nan,nan,nan,nan,5.04e-05,8.7e-06,1.1e-05,1.3150000000000001e-05,5.04e-05,nan,nan,nan,nan,nan,nan,nan,nan,nan,nan,0,05_resultados\revisao_operacional\campanha_v1\j00858.mat,campanha_v1,,,,,10,0.8877844464531203,,,23
j00859,montecarlo,perda_fonte,miope_qp,{},592.6116232891053,592.6116232891053,1,14.754610001373313,14.75461000137331,150,150,150,150,57.9147667951044,56.47501255161039,60,24.32134429297718,1150.0008251042025,0,0,0.02432134429297718,500,150,59.99996967342122,nan,0,nan,nan,nan,nan,nan,0.0011826,0.0005611,0.00066085,0.0007856,0.0011826,0.0010492,0.0004996,0.0005790000000000001,0.000709,0.0010492,nan,nan,nan,nan,nan,0,05_resultados\revisao_operacional\campanha_v1\j00859.mat,campanha_v1,,,,,10,0.8877844464531203,,,23
j00860,montecarlo,perda_fonte,mpc_qp_v5,{},376.91671941026965,376.91671941026965,1,14.605989513025909,14.602335745313198,150,150,150,150,57.18184299575889,55.8104993567364,60.03791846206824,27.49740970343597,1926.4848490421737,0,1.4166666666666665,0.02749740970343597,500,150,59.6579781397516,0.11702790351898074,852,0,0,0.00013676518062766263,333283.200808402,4015243775612013.0,0.0191429,0.020979949999999997,0.0302772,0.038184949999999995,0.0438659,0.0133743,0.0166942,0.025433200000000003,0.03334105,0.0395137,0.0041143,0.00406045,0.004726950000000001,0.00506575,0.0054931,0,05_resultados\revisao_operacional\campanha_v1\j00860.mat,campanha_v1,,,,,10,0.8877844464531203,,,23
j00861,montecarlo,perda_fonte,mpc_qp_estocastico_3cen,{},350.0347478517644,350.0347478517644,1,14.583357864304872,14.583357864304872,150,150,150,150,55.50883505917983,55.438728227574295,60.013791686932734,22.17312258215372,1454.3621801415643,0,0.08333333333333334,0.02217312258215372,500,150,59.30362280390448,0.11711457210659404,1271,0,0,0.004139969738446325,666566.4016168036,8030487551224027.0,0.0420627,0.053840200000000005,0.0756844,0.11478925,0.1936838,0.0277979,0.041272550000000005,0.0619134,0.10114690000000001,0.1788231,0.011645,0.012723499999999999,0.0167256,0.0201138,0.0349338,0,05_resultados\revisao_operacional\evento_adiantado_corrigido_v1\j00861.mat,evento_adiantado_corrigido_v1,,,,,10,0.8877844464531203,,,23
j00862,montecarlo,perda_fonte,heuristico,{},592.6122638850534,592.6122638850534,1,14.754610453615202,14.754610453615202,150,150,150,150,57.93978528855198,56.5039066455025,60,24.16369944991276,850,0,0,0.02416369944991276,500,150,60,nan,0,nan,nan,nan,nan,nan,3.95e-05,7.8e-06,9.849999999999999e-06,1.22e-05,4.92e-05,nan,nan,nan,nan,nan,nan,nan,nan,nan,nan,0,05_resultados\revisao_operacional\campanha_v1\j00862.mat,campanha_v1,,,,,-3,1.1032016136250562,,,24
j00863,montecarlo,perda_fonte,heuristico_foresight,{},380.58477114645683,380.58477114645683,1,14.604925281912353,14.604925281912351,150,150,150,150,54.72401011196135,54.72401011196135,60,25.06095196818048,772.5987897812079,0,0,0.025060951968180478,500,150,59.143150078924236,nan,0,nan,nan,nan,nan,nan,4.22e-05,8.3e-06,1.09e-05,1.33e-05,4.53e-05,nan,nan,nan,nan,nan,nan,nan,nan,nan,nan,0,05_resultados\revisao_operacional\campanha_v1\j00863.mat,campanha_v1,,,,,-3,1.1032016136250562,,,24
j00864,montecarlo,perda_fonte,miope_qp,{},592.6116232891053,592.6116232891053,1,14.754610001373313,14.75461000137331,150,150,150,150,57.9147667951044,56.47501255161039,60,24.32134429297718,1150.0008251042025,0,0,0.02432134429297718,500,150,59.99996967342122,nan,0,nan,nan,nan,nan,nan,0.0011955,0.0005681,0.0006414000000000001,0.0008066,0.0011955,0.0010606,0.0005058,0.0005714,0.0007043,0.0010606,nan,nan,nan,nan,nan,0,05_resultados\revisao_operacional\campanha_v1\j00864.mat,campanha_v1,,,,,-3,1.1032016136250562,,,24
j00865,montecarlo,perda_fonte,mpc_qp_v5,{},350.0906554039798,350.0906554039798,1,14.58339733339384,14.583397333393838,150,150,150,150,53.37481436211462,53.37481436211462,60,31.46963177995466,1676.6754793272978,0,2,0.03146963177995466,500,150,58.601577731557875,7.105427357601002e-15,0,0,0,0.00046873959217919037,333283.2021354289,4843142611315303.0,0.0247497,0.027255849999999998,0.033478850000000004,0.044456999999999997,0.0927161,0.0179934,0.0226192,0.028682199999999998,0.03968325,0.0878114,0.0045976,0.004348599999999999,0.0050294499999999995,0.00537815,0.0062324,0,05_resultados\revisao_operacional\campanha_v1\j00865.mat,campanha_v1,,,,,-3,1.1032016136250562,,,24
j00866,montecarlo,perda_fonte,mpc_qp_estocastico_3cen,{},350.0000075581331,350.0000075581331,1,14.58333333868083,14.583333338680827,150,150,150,150,43.787625695390076,43.787625695390076,60,77.00877794689774,2487.908086064624,0,0.4166666666666667,0.07700877794689774,500,150,53.717246818262936,7.105427357601002e-15,0,0,0,4.391899233269214e-05,666566.4042708572,9686285222630616.0,0.0521815,0.06881865,0.09198245,0.11322594999999999,0.1581846,0.0355911,0.05517735,0.07692695,0.0999803,0.1455814,0.0134747,0.01277645,0.01587375,0.02216395,0.0629725,0,05_resultados\revisao_operacional\evento_adiantado_corrigido_v1\j00866.mat,evento_adiantado_corrigido_v1,,,,,-3,1.1032016136250562,,,24
j00867,montecarlo,perda_fonte,heuristico,{},592.6122638850534,592.6122638850534,1,14.754610453615202,14.754610453615202,150,150,150,150,57.93978528855198,56.5039066455025,60,24.16369944991276,850,0,0,0.02416369944991276,500,150,60,nan,0,nan,nan,nan,nan,nan,3.89e-05,7.8e-06,1.2450000000000001e-05,2.0700000000000002e-05,4.65e-05,nan,nan,nan,nan,nan,nan,nan,nan,nan,nan,0,05_resultados\revisao_operacional\campanha_v1\j00867.mat,campanha_v1,,,,,2,1.1184643625841586,,,25
j00868,montecarlo,perda_fonte,heuristico_foresight,{},569.0495958777303,569.0495958777303,1,14.737975903251483,14.737975903251481,150,150,150,150,54.088189889957576,54.088189889957576,60,28.081098022715725,761.151728061881,0,0,0.028081098022715724,500,150,58.867587626448866,nan,0,nan,nan,nan,nan,nan,4.45e-05,8.2e-06,1.09e-05,1.54e-05,4.45e-05,nan,nan,nan,nan,nan,nan,nan,nan,nan,nan,0,05_resultados\revisao_operacional\campanha_v1\j00868.mat,campanha_v1,,,,,2,1.1184643625841586,,,25
j00869,montecarlo,perda_fonte,miope_qp,{},592.6116232891053,592.6116232891053,1,14.754610001373313,14.75461000137331,150,150,150,150,57.9147667951044,56.47501255161039,60,24.32134429297718,1150.0008251042025,0,0,0.02432134429297718,500,150,59.99996967342122,nan,0,nan,nan,nan,nan,nan,0.0011831,0.0005639,0.0006649,0.00084165,0.0011831,0.0010477,0.00050205,0.00058835,0.0007512,0.0010477,nan,nan,nan,nan,nan,0,05_resultados\revisao_operacional\campanha_v1\j00869.mat,campanha_v1,,,,,2,1.1184643625841586,,,25
j00870,montecarlo,perda_fonte,mpc_qp_v5,{},350.4755160302665,350.4755160302665,1,14.583669033670336,14.583669033670331,150,150,150,150,52.740216696283774,52.740216696283774,60,34.48397069265266,1351.7248232922739,0,2.25,0.03448397069265266,500,150,58.33776660697516,7.105427357601002e-15,0,0,0,1.295510401178035e-07,333283.2021354289,4843142611315303.0,0.0232572,0.027343850000000003,0.034694100000000005,0.0442342,0.0507576,0.0164185,0.02275245,0.029856800000000003,0.039387450000000004,0.0461557,0.0050751,0.0044046,0.00512195,0.005648149999999999,0.0067981,0,05_resultados\revisao_operacional\campanha_v1\j00870.mat,campanha_v1,,,,,2,1.1184643625841586,,,25
j00871,montecarlo,perda_fonte,mpc_qp_estocastico_3cen,{},350.0007843619244,350.0007843619244,1,14.583333887078657,14.583333887078657,150,150,150,150,43.08309780597801,43.08309780597801,60,80.35528542160394,2825.1355797930064,0,0.4166666666666667,0.08035528542160394,500,150,53.44480506061311,7.105427357601002e-15,0,0,0,0.0003272712691568813,666566.4042708572,9686285222630616.0,0.0606094,0.0661699,0.088163,0.11686345000000001,0.1567246,0.0440055,0.05349135,0.07224275,0.1042215,0.1436508,0.0130246,0.012299850000000001,0.015395800000000001,0.018137800000000003,0.0375624,0,05_resultados\revisao_operacional\evento_adiantado_corrigido_v1\j00871.mat,evento_adiantado_corrigido_v1,,,,,2,1.1184643625841586,,,25
j00872,montecarlo,perda_fonte,heuristico,{},592.6122638850534,592.6122638850534,1,14.754610453615202,14.754610453615202,150,150,150,150,57.93978528855198,56.5039066455025,60,24.16369944991276,850,0,0,0.02416369944991276,500,150,60,nan,0,nan,nan,nan,nan,nan,4e-05,7.8e-06,1e-05,1.4599999999999999e-05,5.09e-05,nan,nan,nan,nan,nan,nan,nan,nan,nan,nan,0,05_resultados\revisao_operacional\campanha_v1\j00872.mat,campanha_v1,,,,,-3,0.8798227754838016,,,26
j00873,montecarlo,perda_fonte,heuristico_foresight,{},352.7815800174326,352.7815800174326,1,14.585297046987337,14.585297046987337,150,150,150,150,57.47146760450376,56.04015452041188,60,26.342492786421605,850,0,0,0.026342492786421604,500,150,59.603676116794965,nan,0,nan,nan,nan,nan,nan,4.2e-05,8.7e-06,1.11e-05,1.325e-05,4.66e-05,nan,nan,nan,nan,nan,nan,nan,nan,nan,nan,0,05_resultados\revisao_operacional\campanha_v1\j00873.mat,campanha_v1,,,,,-3,0.8798227754838016,,,26
j00874,montecarlo,perda_fonte,miope_qp,{},592.6116232891053,592.6116232891053,1,14.754610001373313,14.75461000137331,150,150,150,150,57.9147667951044,56.47501255161039,60,24.32134429297718,1150.0008251042025,0,0,0.02432134429297718,500,150,59.99996967342122,nan,0,nan,nan,nan,nan,nan,0.0012751,0.0005713999999999999,0.00066665,0.0008194000000000001,0.0012751,0.0011315,0.0005077,0.0005863,0.0007421999999999999,0.0011315,nan,nan,nan,nan,nan,0,05_resultados\revisao_operacional\campanha_v1\j00874.mat,campanha_v1,,,,,-3,0.8798227754838016,,,26
j00875,montecarlo,perda_fonte,mpc_qp_v5,{},350.0284967816099,350.0284967816099,1,14.587220549206453,14.583353451229677,150,150,150,150,57.013901541252636,55.618762431970836,60.038862359420165,28.54285080644728,1925.9481093865697,0,0.9166666666666666,0.02854285080644728,500,150,59.259735116672786,0.11702025161399376,852,0,0,0.0031662371808351963,333283.200808402,4015243775612013.0,0.0192156,0.02101625,0.0300985,0.037330050000000004,0.0977666,0.0133426,0.01658405,0.02523425,0.03257965,0.0929064,0.0042707,0.0042173,0.0047955,0.0050655000000000006,0.0055174,0,05_resultados\revisao_operacional\campanha_v1\j00875.mat,campanha_v1,,,,,-3,0.8798227754838016,,,26
j00876,montecarlo,perda_fonte,mpc_qp_estocastico_3cen,{},350.0000526571865,350.0000526571865,1,14.583333370518137,14.583333370518135,150,150,150,150,55.61936671711278,55.35407269788212,60.01924147990079,23.657106973174923,1461.5662473908703,0,0.08333333333333334,0.023657106973174923,500,150,59.00565485353415,0.11708689867379718,1022,0,0,0.0005048325767802453,666566.4016168036,8030487551224027.0,0.0407893,0.05308615,0.07582169999999999,0.10842155,0.1934301,0.0278607,0.0410159,0.0609698,0.09538174999999999,0.1807535,0.0106104,0.0117188,0.0140258,0.01625685,0.0246874,0,05_resultados\revisao_operacional\evento_adiantado_corrigido_v1\j00876.mat,evento_adiantado_corrigido_v1,,,,,-3,0.8798227754838016,,,26
j00877,montecarlo,perda_fonte,heuristico,{},592.6122638850534,592.6122638850534,1,14.754610453615202,14.754610453615202,150,150,150,150,57.93978528855198,56.5039066455025,60,24.16369944991276,850,0,0,0.02416369944991276,500,150,60,nan,0,nan,nan,nan,nan,nan,6.56e-05,7.8e-06,9.9e-06,1.03e-05,6.56e-05,nan,nan,nan,nan,nan,nan,nan,nan,nan,nan,0,05_resultados\revisao_operacional\campanha_v1\j00877.mat,campanha_v1,,,,,-2,0.8203064586314303,,,27
j00878,montecarlo,perda_fonte,heuristico_foresight,{},354.5860501408955,354.5860501408955,1,14.586570949804251,14.586570949804251,150,150,150,150,57.494859417369256,56.06354633327738,60,26.231381675310494,850,0,0,0.026231381675310493,500,150,59.62679973959374,nan,0,nan,nan,nan,nan,nan,4.43e-05,8.7e-06,9.849999999999999e-06,1.4950000000000001e-05,4.43e-05,nan,nan,nan,nan,nan,nan,nan,nan,nan,nan,0,05_resultados\revisao_operacional\campanha_v1\j00878.mat,campanha_v1,,,,,-2,0.8203064586314303,,,27
j00879,montecarlo,perda_fonte,miope_qp,{},592.6116232891053,592.6116232891053,1,14.754610001373313,14.75461000137331,150,150,150,150,57.9147667951044,56.47501255161039,60,24.32134429297718,1150.0008251042025,0,0,0.02432134429297718,500,150,59.99996967342122,nan,0,nan,nan,nan,nan,nan,0.001246,0.0005657,0.0006489,0.0008322500000000001,0.001246,0.0010972,0.00050325,0.0005763000000000001,0.00075275,0.0010972,nan,nan,nan,nan,nan,0,05_resultados\revisao_operacional\campanha_v1\j00879.mat,campanha_v1,,,,,-2,0.8203064586314303,,,27
j00880,montecarlo,perda_fonte,mpc_qp_v5,{},350.0164966258317,350.0164966258317,1,14.588093392241017,14.583344979479682,150,150,150,150,57.02087244191472,55.625504951811386,60.05896605619818,28.713327331635366,1811.1879140366682,0,0.6666666666666667,0.028713327331635365,500,150,59.26646448146468,0.1169526483826715,852,0,0,0.007730561933271929,333283.200808402,4015243775612013.0,0.020107,0.02113315,0.033866549999999995,0.041091600000000006,0.1191989,0.0139232,0.0167033,0.0286636,0.036289749999999996,0.1140974,0.00463,0.0043507500000000005,0.005184299999999999,0.00591735,0.0062743,0,05_resultados\revisao_operacional\campanha_v1\j00880.mat,campanha_v1,,,,,-2,0.8203064586314303,,,27
j00881,montecarlo,perda_fonte,mpc_qp_estocastico_3cen,{},350.0000067841853,350.0000067841853,1,14.588059931238778,14.583333338138688,150,150,150,150,56.69849683513087,55.30318171669462,60.04062547453669,30.060439918028052,855.6558113068742,0,0,0.03006043991802805,500,150,58.94415734749011,0.11701476048796167,852,0,0,2.5579538487363607e-13,666566.4016168036,8030487551224027.0,0.0417322,0.048218300000000006,0.07164405,0.10181725,0.1196969,0.0277209,0.0357004,0.05534625,0.08919305,0.1056024,0.01161,0.01195205,0.0146868,0.01652385,0.0309389,0,05_resultados\revisao_operacional\evento_adiantado_corrigido_v1\j00881.mat,evento_adiantado_corrigido_v1,,,,,-2,0.8203064586314303,,,27
j00882,montecarlo,perda_fonte,heuristico,{},592.6122638850534,592.6122638850534,1,14.754610453615202,14.754610453615202,150,150,150,150,57.93978528855198,56.5039066455025,60,24.16369944991276,850,0,0,0.02416369944991276,500,150,60,nan,0,nan,nan,nan,nan,nan,4.21e-05,7.9e-06,1.02e-05,1.275e-05,4.21e-05,nan,nan,nan,nan,nan,nan,nan,nan,nan,nan,0,05_resultados\revisao_operacional\campanha_v1\j00882.mat,campanha_v1,,,,,-7,0.801592120963584,,,28
j00883,montecarlo,perda_fonte,heuristico_foresight,{},350.3764459195046,350.3764459195046,1,14.583599093076895,14.583599093076895,150,150,150,150,57.37790035304177,55.94658726894989,60,26.786937230866048,850,0,0,0.02678693723086605,500,150,59.51046632931412,nan,0,nan,nan,nan,nan,nan,4.78e-05,8.8e-06,1.15e-05,1.64e-05,4.78e-05,nan,nan,nan,nan,nan,nan,nan,nan,nan,nan,0,05_resultados\revisao_operacional\campanha_v1\j00883.mat,campanha_v1,,,,,-7,0.801592120963584,,,28
j00884,montecarlo,perda_fonte,miope_qp,{},592.6116232891053,592.6116232891053,1,14.754610001373313,14.75461000137331,150,150,150,150,57.9147667951044,56.47501255161039,60,24.32134429297718,1150.0008251042025,0,0,0.02432134429297718,500,150,59.99996967342122,nan,0,nan,nan,nan,nan,nan,0.0011775,0.0005665,0.00066015,0.00086005,0.0011775,0.0010441,0.000504,0.0005841500000000001,0.00076745,0.0010441,nan,nan,nan,nan,nan,0,05_resultados\revisao_operacional\campanha_v1\j00884.mat,campanha_v1,,,,,-7,0.801592120963584,,,28
j00885,montecarlo,perda_fonte,mpc_qp_v5,{},350.00139806334926,350.00139806334926,1,14.588373054417534,14.583334320336244,150,150,150,150,56.91250252614312,55.51706169100832,60.06406571073372,29.279882493003,1786.214713966066,0,0.6666666666666667,0.029279882493003,500,150,59.15801874734605,0.1169324013129156,852,0,0,0.005168987803358505,333283.200808402,4015243775612013.0,0.0206733,0.0212226,0.0316055,0.03887115,0.0980101,0.0137527,0.016732749999999998,0.02678805,0.034356700000000004,0.0934034,0.0048303,0.00428105,0.005053,0.0060157000000000006,0.0071147,0,05_resultados\revisao_operacional\campanha_v1\j00885.mat,campanha_v1,,,,,-7,0.801592120963584,,,28
j00886,montecarlo,perda_fonte,mpc_qp_estocastico_3cen,{},350.00000058601415,350.00000058601415,1,14.588222012350553,14.583333333786085,150,150,150,150,56.58834497580368,55.19298271516908,60.046465827349365,30.64261366698166,856.554075012739,0,0,0.03064261366698166,500,150,58.833953310746566,0.11699284172810565,852,0,0,2.2737367544323206e-13,666566.4016168036,8030487551224027.0,0.0419411,0.0470583,0.0688012,0.10199805,0.1299305,0.0276928,0.034863099999999994,0.0554005,0.0890744,0.1167136,0.01159,0.0118403,0.0129376,0.01444785,0.0220746,0,05_resultados\revisao_operacional\evento_adiantado_corrigido_v1\j00886.mat,evento_adiantado_corrigido_v1,,,,,-7,0.801592120963584,,,28
j00887,montecarlo,perda_fonte,heuristico,{},592.6122638850534,592.6122638850534,1,14.754610453615202,14.754610453615202,150,150,150,150,57.93978528855198,56.5039066455025,60,24.16369944991276,850,0,0,0.02416369944991276,500,150,60,nan,0,nan,nan,nan,nan,nan,4e-05,7.9e-06,1.02e-05,2.21e-05,4.91e-05,nan,nan,nan,nan,nan,nan,nan,nan,nan,nan,0,05_resultados\revisao_operacional\campanha_v1\j00887.mat,campanha_v1,,,,,-3,0.986057581158982,,,29
j00888,montecarlo,perda_fonte,heuristico_foresight,{},352.7815800174326,352.7815800174326,1,14.585297046987337,14.585297046987337,150,150,150,150,57.47146760450376,56.04015452041188,60,26.342492786421605,850,0,0,0.026342492786421604,500,150,59.603676116794965,nan,0,nan,nan,nan,nan,nan,4.97e-05,8.7e-06,1.13e-05,2.505e-05,4.97e-05,nan,nan,nan,nan,nan,nan,nan,nan,nan,nan,0,05_resultados\revisao_operacional\campanha_v1\j00888.mat,campanha_v1,,,,,-3,0.986057581158982,,,29
j00889,montecarlo,perda_fonte,miope_qp,{},592.6116232891053,592.6116232891053,1,14.754610001373313,14.75461000137331,150,150,150,150,57.9147667951044,56.47501255161039,60,24.32134429297718,1150.0008251042025,0,0,0.02432134429297718,500,150,59.99996967342122,nan,0,nan,nan,nan,nan,nan,0.001193,0.00056675,0.00065195,0.0008197,0.001193,0.0010575,0.0005042499999999999,0.0005848,0.00072455,0.0010575,nan,nan,nan,nan,nan,0,05_resultados\revisao_operacional\campanha_v1\j00889.mat,campanha_v1,,,,,-3,0.986057581158982,,,29
j00890,montecarlo,perda_fonte,mpc_qp_v5,{},350.02878322954984,350.02878322954984,1,14.58531061376639,14.583353653469317,150,150,150,150,57.05281347850541,55.65816004095614,60.00335273221306,27.997592492744985,1692.6835774857823,0,1.7500000000000002,0.027997592492744985,500,150,59.29915936067173,0.11714063031460853,850,0,0,0.004335848794710273,333283.200808402,4015243775612013.0,0.0206965,0.0229054,0.03374365,0.0385946,0.0924597,0.0144848,0.0181687,0.0281446,0.03394085,0.0878827,0.0046404,0.0043552999999999994,0.0052067,0.005891,0.0073268,0,05_resultados\revisao_operacional\campanha_v1\j00890.mat,campanha_v1,,,,,-3,0.986057581158982,,,29
j00891,montecarlo,perda_fonte,mpc_qp_estocastico_3cen,{},350.0000297578548,350.0000297578548,1,14.58333335435097,14.583333354350968,150,150,150,150,50.204410844800904,50.204410844800904,60,46.529048487195624,1942.7995229439393,0,0.16666666666666669,0.04652904848719562,500,150,56.60394355672601,0.13032047639748612,116,0,0,0.0072878633320669906,666566.4042708572,8858386386927326.0,0.0495092,0.05445875,0.06754679999999999,0.11275935000000001,0.160754,0.0338624,0.0420342,0.054467,0.1001015,0.147618,0.0129747,0.01207305,0.013246850000000001,0.0148326,0.0276087,0,05_resultados\revisao_operacional\evento_adiantado_corrigido_v1\j00891.mat,evento_adiantado_corrigido_v1,,,,,-3,0.986057581158982,,,29
j00892,montecarlo,perda_fonte,heuristico,{},592.6122638850534,592.6122638850534,1,14.754610453615202,14.754610453615202,150,150,150,150,57.93978528855198,56.5039066455025,60,24.16369944991276,850,0,0,0.02416369944991276,500,150,60,nan,0,nan,nan,nan,nan,nan,3.89e-05,7.7e-06,9.8e-06,1.1750000000000001e-05,4.24e-05,nan,nan,nan,nan,nan,nan,nan,nan,nan,nan,0,05_resultados\revisao_operacional\campanha_v1\j00892.mat,campanha_v1,,,,,5,1.1236641454934373,,,30
j00893,montecarlo,perda_fonte,heuristico_foresight,{},566.6842250589848,566.6842250589848,1,14.73630602104625,14.736306021046245,150,150,150,150,53.78663004781716,53.78663004781716,60,29.51350727287604,757.251890879922,0,0,0.02951350727287604,500,150,58.75390885363874,nan,0,nan,nan,nan,nan,nan,4.25e-05,8.1e-06,1.09e-05,1.2450000000000001e-05,4.25e-05,nan,nan,nan,nan,nan,nan,nan,nan,nan,nan,0,05_resultados\revisao_operacional\campanha_v1\j00893.mat,campanha_v1,,,,,5,1.1236641454934373,,,30
j00894,montecarlo,perda_fonte,miope_qp,{},592.6116232891053,592.6116232891053,1,14.754610001373313,14.75461000137331,150,150,150,150,57.9147667951044,56.47501255161039,60,24.32134429297718,1150.0008251042025,0,0,0.02432134429297718,500,150,59.99996967342122,nan,0,nan,nan,nan,nan,nan,0.0012163,0.0005657,0.0006738,0.00081965,0.0012163,0.0010712,0.0005036,0.00060125,0.0007278499999999999,0.0010712,nan,nan,nan,nan,nan,0,05_resultados\revisao_operacional\campanha_v1\j00894.mat,campanha_v1,,,,,5,1.1236641454934373,,,30
j00895,montecarlo,perda_fonte,mpc_qp_v5,{},360.29766221291993,360.29766221291993,1,14.590603179894671,14.590603179894671,150,150,150,150,52.582950536399316,52.582950536399316,60,35.230984952102396,1692.454092934222,0,2.666666666666667,0.0352309849521024,500,150,58.360164151095866,7.105427357601002e-15,0,0,5.684341886080802e-14,1.3000448422020554,333283.2021354289,4843142611315303.0,0.0233071,0.0285603,0.033190449999999996,0.04576425,0.0886019,0.0169287,0.0239057,0.028503849999999997,0.040771550000000004,0.0837416,0.0041165,0.004403000000000001,0.0049353,0.0051841000000000005,0.0057053,0,05_resultados\revisao_operacional\campanha_v1\j00895.mat,campanha_v1,,,,,5,1.1236641454934373,,,30
j00896,montecarlo,perda_fonte,mpc_qp_estocastico_3cen,{},350.00006216125325,350.00006216125325,1,14.583333377227326,14.583333377227323,150,150,150,150,42.7725737720796,42.7725737720796,60,81.83027458262293,1853.5410416056766,0,0.4166666666666667,0.08183027458262293,500,150,53.31071142813497,7.105427357601002e-15,0,0,0,7.503331289626658e-12,666566.4042708572,9686285222630616.0,0.0522355,0.0651291,0.08194969999999999,0.1261778,0.1656801,0.0376731,0.0529197,0.0683019,0.1136723,0.152405,0.011846,0.0119859,0.013342799999999998,0.0147667,0.0195422,0,05_resultados\revisao_operacional\evento_adiantado_corrigido_v1\j00896.mat,evento_adiantado_corrigido_v1,,,,,5,1.1236641454934373,,,30
j00897,montecarlo,perda_fonte,heuristico,{},592.6122638850534,592.6122638850534,1,14.754610453615202,14.754610453615202,150,150,150,150,57.93978528855198,56.5039066455025,60,24.16369944991276,850,0,0,0.02416369944991276,500,150,60,nan,0,nan,nan,nan,nan,nan,4.25e-05,7.8e-06,9.8e-06,1.1200000000000001e-05,4.25e-05,nan,nan,nan,nan,nan,nan,nan,nan,nan,nan,0,05_resultados\revisao_operacional\campanha_v1\j00897.mat,campanha_v1,,,,,-9,0.9381135785633706,,,31
j00898,montecarlo,perda_fonte,heuristico_foresight,{},350.13848671449864,350.13848671449864,1,14.583431100879281,14.583431100879281,150,150,150,150,57.33111672731077,55.899803643218895,60,27.00915945308827,850.0000000000001,0,0,0.02700915945308827,500,150,59.46371807036157,nan,0,nan,nan,nan,nan,nan,4.82e-05,8.8e-06,1.215e-05,2.045e-05,4.82e-05,nan,nan,nan,nan,nan,nan,nan,nan,nan,nan,0,05_resultados\revisao_operacional\campanha_v1\j00898.mat,campanha_v1,,,,,-9,0.9381135785633706,,,31
j00899,montecarlo,perda_fonte,miope_qp,{},592.6116232891053,592.6116232891053,1,14.754610001373313,14.75461000137331,150,150,150,150,57.9147667951044,56.47501255161039,60,24.32134429297718,1150.0008251042025,0,0,0.02432134429297718,500,150,59.99996967342122,nan,0,nan,nan,nan,nan,nan,0.0011646,0.000564,0.00064945,0.00077665,0.0011646,0.0010357,0.00050165,0.00057895,0.00069795,0.0010357,nan,nan,nan,nan,nan,0,05_resultados\revisao_operacional\campanha_v1\j00899.mat,campanha_v1,,,,,-9,0.9381135785633706,,,31
j00900,montecarlo,perda_fonte,mpc_qp_v5,{},350.0013979556022,350.0013979556022,1,14.58599385414655,14.583334320260551,150,150,150,150,57.00289885842809,55.608052059075575,60.01896134277434,28.39291458244691,1760.15369232976,0,1.9166666666666665,0.02839291458244691,500,150,59.24904340324525,0.11708664199977648,853,0,0,0.0018664107997778956,333283.200808402,4015243775612013.0,0.0201079,0.02175895,0.03118725,0.038570999999999994,0.0927795,0.0137536,0.01731895,0.026320549999999998,0.03392515,0.0883727,0.0042714,0.0042616,0.004926,0.0052554,0.0060903,0,05_resultados\revisao_operacional\campanha_v1\j00900.mat,campanha_v1,,,,,-9,0.9381135785633706,,,31
j00901,montecarlo,perda_fonte,mpc_qp_estocastico_3cen,{},350.0000017922242,350.0000017922242,1,14.583333334609888,14.583333334609886,150,150,150,150,52.60654921066978,52.60654921066978,60,35.118891249319454,2363.3655086738377,0,0.25,0.03511889124931945,500,150,57.645125862224404,0.13098655107616963,176,0,0,0.041044517711156914,666566.4042708572,8858386386927326.0,0.0498114,0.0542622,0.0759554,0.11165665,0.1541769,0.0344908,0.0418033,0.05912985,0.0989617,0.1416982,0.0123397,0.01206225,0.0140042,0.01627135,0.0271245,0,05_resultados\revisao_operacional\evento_adiantado_corrigido_v1\j00901.mat,evento_adiantado_corrigido_v1,,,,,-9,0.9381135785633706,,,31
j00902,montecarlo,perda_fonte,heuristico,{},592.6122638850534,592.6122638850534,1,14.754610453615202,14.754610453615202,150,150,150,150,57.93978528855198,56.5039066455025,60,24.16369944991276,850,0,0,0.02416369944991276,500,150,60,nan,0,nan,nan,nan,nan,nan,3.99e-05,7.8e-06,9.8e-06,1.1050000000000001e-05,4.3e-05,nan,nan,nan,nan,nan,nan,nan,nan,nan,nan,0,05_resultados\revisao_operacional\campanha_v1\j00902.mat,campanha_v1,,,,,3,0.9607687955295025,,,32
j00903,montecarlo,perda_fonte,heuristico_foresight,{},386.72739546127775,386.72739546127775,1,14.609261793953285,14.609261793953285,150,150,150,150,57.55741789690142,56.13138259058732,60,25.881381675310493,850.0000000000001,0,0,0.025881381675310493,500,150,59.73664260281383,nan,0,nan,nan,nan,nan,nan,4.59e-05,8.8e-06,1.14e-05,1.69e-05,5.49e-05,nan,nan,nan,nan,nan,nan,nan,nan,nan,nan,0,05_resultados\revisao_operacional\campanha_v1\j00903.mat,campanha_v1,,,,,3,0.9607687955295025,,,32
j00904,montecarlo,perda_fonte,miope_qp,{},592.6116232891053,592.6116232891053,1,14.754610001373313,14.75461000137331,150,150,150,150,57.9147667951044,56.47501255161039,60,24.32134429297718,1150.0008251042025,0,0,0.02432134429297718,500,150,59.99996967342122,nan,0,nan,nan,nan,nan,nan,0.0012122,0.0005675,0.00065025,0.0007869,0.0012122,0.0010706,0.0005051,0.00057705,0.0007122000000000001,0.0010706,nan,nan,nan,nan,nan,0,05_resultados\revisao_operacional\campanha_v1\j00904.mat,campanha_v1,,,,,3,0.9607687955295025,,,32
j00905,montecarlo,perda_fonte,mpc_qp_v5,{},350.7818195159673,350.7818195159673,1,14.58630198663873,14.583885274931445,150,150,150,150,57.279582936631904,55.89008702330441,60.012068839915436,26.95607022491798,1837.192564980142,0,2.083333333333333,0.02695607022491798,500,150,59.577725762956725,0.11711174836524663,853,0,0,0.0871890121919705,333283.200808402,4015243775612013.0,0.0196413,0.021730850000000003,0.03078425,0.039314199999999994,0.0963175,0.0136215,0.017239749999999998,0.025826599999999998,0.03471415,0.0918253,0.0043439,0.00430925,0.00496555,0.0053296,0.0057355,0,05_resultados\revisao_operacional\campanha_v1\j00905.mat,campanha_v1,,,,,3,0.9607687955295025,,,32
j00906,montecarlo,perda_fonte,mpc_qp_estocastico_3cen,{},350.00043995562294,350.00043995562294,1,14.58333364394479,14.583333643944789,150,150,150,150,51.62238763965966,51.62238763965966,60,39.79365871161662,1717.0338094289314,0,0.25,0.03979365871161662,500,150,57.34256771541278,0.1267671455115149,177,0,0,3.751665644813329e-12,666566.4042708572,8858386386927326.0,0.0462742,0.0532351,0.0731676,0.10725425,0.1437475,0.0310964,0.04130385,0.059937550000000006,0.09501755,0.1315282,0.011696,0.0115398,0.0130095,0.014503100000000001,0.0214136,0,05_resultados\revisao_operacional\evento_adiantado_corrigido_v1\j00906.mat,evento_adiantado_corrigido_v1,,,,,3,0.9607687955295025,,,32
j00907,montecarlo,perda_fonte,heuristico,{},592.6122638850534,592.6122638850534,1,14.754610453615202,14.754610453615202,150,150,150,150,57.93978528855198,56.5039066455025,60,24.16369944991276,850,0,0,0.02416369944991276,500,150,60,nan,0,nan,nan,nan,nan,nan,3.98e-05,7.8e-06,9.8e-06,1.225e-05,3.98e-05,nan,nan,nan,nan,nan,nan,nan,nan,nan,nan,0,05_resultados\revisao_operacional\campanha_v1\j00907.mat,campanha_v1,,,,,-5,0.9471294243211092,,,33
j00908,montecarlo,perda_fonte,heuristico_foresight,{},351.02328610238675,351.02328610238675,1,14.584055743214991,14.584055743214991,150,150,150,150,57.42468397877276,55.993370894680886,60,26.564715008643827,850.0000000000001,0,0,0.026564715008643828,500,150,59.55715381817394,nan,0,nan,nan,nan,nan,nan,4.7e-05,8.7e-06,1.135e-05,2.1000000000000002e-05,4.7e-05,nan,nan,nan,nan,nan,nan,nan,nan,nan,nan,0,05_resultados\revisao_operacional\campanha_v1\j00908.mat,campanha_v1,,,,,-5,0.9471294243211092,,,33
j00909,montecarlo,perda_fonte,miope_qp,{},592.6116232891053,592.6116232891053,1,14.754610001373313,14.75461000137331,150,150,150,150,57.9147667951044,56.47501255161039,60,24.32134429297718,1150.0008251042025,0,0,0.02432134429297718,500,150,59.99996967342122,nan,0,nan,nan,nan,nan,nan,0.0012105,0.00056455,0.0006573,0.0007915,0.0012105,0.0010543,0.00050215,0.0005828999999999999,0.00070015,0.0010543,nan,nan,nan,nan,nan,0,05_resultados\revisao_operacional\campanha_v1\j00909.mat,campanha_v1,,,,,-5,0.9471294243211092,,,33
j00910,montecarlo,perda_fonte,mpc_qp_v5,{},350.0057780651907,350.0057780651907,1,14.585944644027556,14.583337412495876,150,150,150,150,57.09574198401841,55.70091629567676,60.01625042412096,27.92455349149271,1659.682665035063,0,1.8333333333333333,0.02792455349149271,500,150,59.34190926897421,0.11709660344316575,853,0,0,0.0010143195477780864,333283.200808402,4015243775612013.0,0.0194211,0.0215751,0.0311279,0.04088605,0.1320606,0.0136717,0.01719685,0.026366050000000002,0.03590985,0.1271064,0.0041278,0.0042140500000000004,0.00477875,0.00509455,0.0063229,0,05_resultados\revisao_operacional\campanha_v1\j00910.mat,campanha_v1,,,,,-5,0.9471294243211092,,,33
j00911,montecarlo,perda_fonte,mpc_qp_estocastico_3cen,{},350.000030571697,350.000030571697,1,14.583333354925522,14.58333335492552,150,150,150,150,52.22774255508266,52.22774255508266,60,36.91822286335755,1997.7398165946538,0,0.16666666666666669,0.036918222863357546,500,150,57.52182737021939,0.12288420930063637,58,0,0,0.09734203498771876,666566.4042708572,8858386386927326.0,0.0490444,0.052714899999999995,0.06462005,0.10854364999999999,0.1945623,0.0336297,0.040751350000000006,0.0526735,0.09632479999999999,0.1822096,0.0125091,0.011534949999999999,0.0125296,0.01315925,0.0162119,0,05_resultados\revisao_operacional\evento_adiantado_corrigido_v1\j00911.mat,evento_adiantado_corrigido_v1,,,,,-5,0.9471294243211092,,,33
j00912,montecarlo,perda_fonte,heuristico,{},592.6122638850534,592.6122638850534,1,14.754610453615202,14.754610453615202,150,150,150,150,57.93978528855198,56.5039066455025,60,24.16369944991276,850,0,0,0.02416369944991276,500,150,60,nan,0,nan,nan,nan,nan,nan,3.93e-05,7.9e-06,1.03e-05,1.9050000000000002e-05,4.23e-05,nan,nan,nan,nan,nan,nan,nan,nan,nan,nan,0,05_resultados\revisao_operacional\campanha_v1\j00912.mat,campanha_v1,,,,,-1,0.9566194355311965,,,34
j00913,montecarlo,perda_fonte,heuristico_foresight,{},357.5611184157917,357.5611184157917,1,14.588671260475307,14.588671260475307,150,150,150,150,57.51825123023475,56.08693814614288,60,26.12027056419938,850.0000000000001,0,0,0.02612027056419938,500,150,59.64974938179165,nan,0,nan,nan,nan,nan,nan,4.36e-05,8.6e-06,1.07e-05,1.31e-05,4.61e-05,nan,nan,nan,nan,nan,nan,nan,nan,nan,nan,0,05_resultados\revisao_operacional\campanha_v1\j00913.mat,campanha_v1,,,,,-1,0.9566194355311965,,,34
j00914,montecarlo,perda_fonte,miope_qp,{},592.6116232891053,592.6116232891053,1,14.754610001373313,14.75461000137331,150,150,150,150,57.9147667951044,56.47501255161039,60,24.32134429297718,1150.0008251042025,0,0,0.02432134429297718,500,150,59.99996967342122,nan,0,nan,nan,nan,nan,nan,0.001185,0.0005632,0.0006478,0.0007822,0.0012223,0.0010494,0.0005007,0.00056985,0.0006979,0.0011533,nan,nan,nan,nan,nan,0,05_resultados\revisao_operacional\campanha_v1\j00914.mat,campanha_v1,,,,,-1,0.9566194355311965,,,34
j00915,montecarlo,perda_fonte,mpc_qp_v5,{},350.04267801341507,350.04267801341507,1,14.585871615439357,14.583363462776862,150,150,150,150,57.20365831706929,55.80886599165344,60.01329356694336,27.382009363465635,1759.9863409158768,0,1.7500000000000002,0.027382009363465635,500,150,59.4498558825015,0.11710717806109727,853,0,0,0.005270573713403337,333283.200808402,4015243775612013.0,0.0200686,0.02163895,0.030648750000000002,0.038852,0.0419198,0.0134767,0.0171998,0.02589345,0.0341266,0.0373108,0.0045604,0.0042126,0.00485075,0.00549715,0.0069806,0,05_resultados\revisao_operacional\campanha_v1\j00915.mat,campanha_v1,,,,,-1,0.9566194355311965,,,34
j00916,montecarlo,perda_fonte,mpc_qp_estocastico_3cen,{},350.00006083507606,350.00006083507606,1,14.583333376295705,14.583333376295705,150,150,150,150,51.805023466332436,51.805023466332436,60,38.926138534921755,1764.3342798046529,0,0.16666666666666669,0.03892613853492175,500,150,57.368262740925225,0.12813464862428958,174,0,0,0.008709040387429923,666566.4042708572,8858386386927326.0,0.0457243,0.05336325,0.06555415,0.1090155,0.1474494,0.031436,0.0413537,0.053078799999999995,0.0968423,0.135364,0.0117683,0.01161165,0.01257105,0.013488,0.0188106,0,05_resultados\revisao_operacional\evento_adiantado_corrigido_v1\j00916.mat,evento_adiantado_corrigido_v1,,,,,-1,0.9566194355311965,,,34
j00917,montecarlo,perda_fonte,heuristico,{},592.6122638850534,592.6122638850534,1,14.754610453615202,14.754610453615202,150,150,150,150,57.93978528855198,56.5039066455025,60,24.16369944991276,850,0,0,0.02416369944991276,500,150,60,nan,0,nan,nan,nan,nan,nan,3.84e-05,7.6e-06,1e-05,1.09e-05,3.84e-05,nan,nan,nan,nan,nan,nan,nan,nan,nan,nan,0,05_resultados\revisao_operacional\campanha_v1\j00917.mat,campanha_v1,,,,,-4,0.9905565674369481,,,35
j00918,montecarlo,perda_fonte,heuristico_foresight,{},351.68711356301685,351.68711356301685,1,14.584524385871383,14.584524385871383,150,150,150,150,57.44807579163826,56.016762707546384,60,26.453603897532716,850,0,0,0.026453603897532717,500,150,59.58044696942756,nan,0,nan,nan,nan,nan,nan,4.24e-05,8.5e-06,1.09e-05,1.395e-05,4.24e-05,nan,nan,nan,nan,nan,nan,nan,nan,nan,nan,0,05_resultados\revisao_operacional\campanha_v1\j00918.mat,campanha_v1,,,,,-4,0.9905565674369481,,,35
j00919,montecarlo,perda_fonte,miope_qp,{},592.6116232891053,592.6116232891053,1,14.754610001373313,14.75461000137331,150,150,150,150,57.9147667951044,56.47501255161039,60,24.32134429297718,1150.0008251042025,0,0,0.02432134429297718,500,150,59.99996967342122,nan,0,nan,nan,nan,nan,nan,0.0012202,0.00056375,0.0006422,0.0007652,0.0012202,0.0010855,0.0005013999999999999,0.0005708,0.00069205,0.0010855,nan,nan,nan,nan,nan,0,05_resultados\revisao_operacional\campanha_v1\j00919.mat,campanha_v1,,,,,-4,0.9905565674369481,,,35
j00920,montecarlo,perda_fonte,mpc_qp_v5,{},350.02290278536327,350.02290278536327,1,14.584953853550916,14.583349502046485,150,150,150,150,57.076848467821215,55.68226504871104,60.00184248314961,27.867602825476123,1855.2702987290877,0,1.9166666666666665,0.027867602825476123,500,150,59.32326637611426,0.11714573281592777,1037,0,0,0.007171370088713047,333283.200808402,4015243775612013.0,0.0213125,0.022183500000000002,0.0309428,0.03876805,0.0861478,0.0148944,0.017755899999999998,0.026044150000000002,0.0337996,0.0806818,0.0043706,0.0042450000000000005,0.00508665,0.0054073,0.00597,0,05_resultados\revisao_operacional\campanha_v1\j00920.mat,campanha_v1,,,,,-4,0.9905565674369481,,,35
j00921,montecarlo,perda_fonte,mpc_qp_estocastico_3cen,{},350.0000011473495,350.0000011473495,1,14.583333334154059,14.583333334154057,150,150,150,150,49.82745429130768,49.82745429130768,60,48.31959211628974,829.6596445326928,0,0,0.04831959211628974,500,150,56.3549713556682,7.105427357601002e-15,0,0,0,2.2737367544323206e-13,666566.4042708572,8858386386927326.0,0.0474263,0.052736950000000005,0.0665641,0.109289,0.1230735,0.0326502,0.04073185,0.053845500000000004,0.09682289999999999,0.1110251,0.0117494,0.011596849999999999,0.01253715,0.01360155,0.0154635,0,05_resultados\revisao_operacional\evento_adiantado_corrigido_v1\j00921.mat,evento_adiantado_corrigido_v1,,,,,-4,0.9905565674369481,,,35
j00922,montecarlo,perda_fonte,heuristico,{},592.6122638850534,592.6122638850534,1,14.754610453615202,14.754610453615202,150,150,150,150,57.93978528855198,56.5039066455025,60,24.16369944991276,850,0,0,0.02416369944991276,500,150,60,nan,0,nan,nan,nan,nan,nan,4.22e-05,7.7e-06,1.11e-05,1.76e-05,4.4e-05,nan,nan,nan,nan,nan,nan,nan,nan,nan,nan,0,05_resultados\revisao_operacional\campanha_v1\j00922.mat,campanha_v1,,,,,-2,0.8637551174586396,,,36
j00923,montecarlo,perda_fonte,heuristico_foresight,{},354.5860501408955,354.5860501408955,1,14.586570949804251,14.586570949804251,150,150,150,150,57.494859417369256,56.06354633327738,60,26.231381675310494,850,0,0,0.026231381675310493,500,150,59.62679973959374,nan,0,nan,nan,nan,nan,nan,4.2e-05,8.7e-06,1.09e-05,1.64e-05,4.25e-05,nan,nan,nan,nan,nan,nan,nan,nan,nan,nan,0,05_resultados\revisao_operacional\campanha_v1\j00923.mat,campanha_v1,,,,,-2,0.8637551174586396,,,36
j00924,montecarlo,perda_fonte,miope_qp,{},592.6116232891053,592.6116232891053,1,14.754610001373313,14.75461000137331,150,150,150,150,57.9147667951044,56.47501255161039,60,24.32134429297718,1150.0008251042025,0,0,0.02432134429297718,500,150,59.99996967342122,nan,0,nan,nan,nan,nan,nan,0.0012555,0.00056505,0.0006485,0.00078285,0.0012555,0.0011021,0.0005027499999999999,0.00057405,0.0006988999999999999,0.0011021,nan,nan,nan,nan,nan,0,05_resultados\revisao_operacional\campanha_v1\j00924.mat,campanha_v1,,,,,-2,0.8637551174586396,,,36
j00925,montecarlo,perda_fonte,mpc_qp_v5,{},350.03535807045705,350.03535807045705,1,14.58747467673682,14.58335829510867,150,150,150,150,57.030609499434455,55.63540293035405,60.04439273145625,28.519539979112572,2021.7463415500802,0,0.6666666666666667,0.028519539979112572,500,150,59.27637056517781,0.11700191637530111,852,0,0,0.0022298943426335427,333283.200808402,4015243775612013.0,0.0196153,0.0214191,0.0340566,0.03998875,0.0974247,0.0137299,0.0168071,0.029164049999999997,0.03397105,0.0925836,0.0043105,0.00434665,0.0051064000000000005,0.00575315,0.0121498,0,05_resultados\revisao_operacional\campanha_v1\j00925.mat,campanha_v1,,,,,-2,0.8637551174586396,,,36
j00926,montecarlo,perda_fonte,mpc_qp_estocastico_3cen,{},350.0000755487274,350.0000755487274,1,14.583333386707707,14.583333386707707,150,150,150,150,56.052589276105394,55.395425052082885,60.02508047518299,25.581624834492395,1457.0972173450682,0,0.16666666666666669,0.025581624834492396,500,150,59.042584410708585,0.11706733360492194,938,0,0,2.0463630789890885e-12,666566.4016168036,8030487551224027.0,0.0412606,0.051193600000000006,0.060123750000000004,0.10344155,0.1770264,0.0266848,0.03967145,0.0475705,0.09195415000000001,0.1613474,0.0117192,0.01132665,0.01261495,0.01395035,0.0152899,0,05_resultados\revisao_operacional\evento_adiantado_corrigido_v1\j00926.mat,evento_adiantado_corrigido_v1,,,,,-2,0.8637551174586396,,,36
j00927,montecarlo,perda_fonte,heuristico,{},592.6122638850534,592.6122638850534,1,14.754610453615202,14.754610453615202,150,150,150,150,57.93978528855198,56.5039066455025,60,24.16369944991276,850,0,0,0.02416369944991276,500,150,60,nan,0,nan,nan,nan,nan,nan,4.03e-05,8e-06,1e-05,1.53e-05,6.41e-05,nan,nan,nan,nan,nan,nan,nan,nan,nan,nan,0,05_resultados\revisao_operacional\campanha_v1\j00927.mat,campanha_v1,,,,,-1,1.0163813767076884,,,37
j00928,montecarlo,perda_fonte,heuristico_foresight,{},357.5611184157917,357.5611184157917,1,14.588671260475307,14.588671260475307,150,150,150,150,57.51825123023475,56.08693814614288,60,26.12027056419938,850.0000000000001,0,0,0.02612027056419938,500,150,59.64974938179165,nan,0,nan,nan,nan,nan,nan,5.22e-05,8.8e-06,1.12e-05,1.3e-05,5.22e-05,nan,nan,nan,nan,nan,nan,nan,nan,nan,nan,0,05_resultados\revisao_operacional\campanha_v1\j00928.mat,campanha_v1,,,,,-1,1.0163813767076884,,,37
j00929,montecarlo,perda_fonte,miope_qp,{},592.6116232891053,592.6116232891053,1,14.754610001373313,14.75461000137331,150,150,150,150,57.9147667951044,56.47501255161039,60,24.32134429297718,1150.0008251042025,0,0,0.02432134429297718,500,150,59.99996967342122,nan,0,nan,nan,nan,nan,nan,0.0012483,0.0005892499999999999,0.000864,0.0009318499999999999,0.0012483,0.0011129,0.00052355,0.00076925,0.00082895,0.0011129,nan,nan,nan,nan,nan,0,05_resultados\revisao_operacional\campanha_v1\j00929.mat,campanha_v1,,,,,-1,1.0163813767076884,,,37
j00930,montecarlo,perda_fonte,mpc_qp_v5,{},350.0405193152475,350.0405193152475,1,14.583361938802978,14.583361938802978,150,150,150,150,56.8515439399848,55.79985556938582,60,25.485887995938814,1638.7844304780324,0,2.083333333333333,0.025485887995938813,500,150,59.44719384680105,0.011105261738762806,822,0,0,0.00029873389991053045,333283.200808402,4015243775612013.0,0.0214378,0.02597865,0.033723249999999996,0.04639795,0.0699332,0.0150813,0.021290200000000002,0.02785985,0.0402332,0.0576654,0.0044172,0.0046051,0.0055815,0.0066723,0.011471,0,05_resultados\revisao_operacional\campanha_v1\j00930.mat,campanha_v1,,,,,-1,1.0163813767076884,,,37
j00931,montecarlo,perda_fonte,mpc_qp_estocastico_3cen,{},350.0000740606707,350.0000740606707,1,14.583333385639639,14.583333385639637,150,150,150,150,48.644260982520734,48.644260982520734,60,53.9397603330269,1602.8523457349336,0,0.08333333333333334,0.0539397603330269,500,150,55.90858524788718,0.12238638166653004,57,0,0,0.0003052140829140626,666566.4042708572,8858386386927326.0,0.0467679,0.05208435,0.06776555000000001,0.1069079,0.1382389,0.0331551,0.04006255,0.0532416,0.09497685,0.1257558,0.0107532,0.011568450000000001,0.01252915,0.013591849999999999,0.0191576,0,05_resultados\revisao_operacional\evento_adiantado_corrigido_v1\j00931.mat,evento_adiantado_corrigido_v1,,,,,-1,1.0163813767076884,,,37
j00932,montecarlo,perda_fonte,heuristico,{},592.6122638850534,592.6122638850534,1,14.754610453615202,14.754610453615202,150,150,150,150,57.93978528855198,56.5039066455025,60,24.16369944991276,850,0,0,0.02416369944991276,500,150,60,nan,0,nan,nan,nan,nan,nan,4.19e-05,7.9e-06,1.01e-05,1.36e-05,5.57e-05,nan,nan,nan,nan,nan,nan,nan,nan,nan,nan,0,05_resultados\revisao_operacional\campanha_v1\j00932.mat,campanha_v1,,,,,-1,0.8996861608735841,,,38
j00933,montecarlo,perda_fonte,heuristico_foresight,{},357.5611184157917,357.5611184157917,1,14.588671260475307,14.588671260475307,150,150,150,150,57.51825123023475,56.08693814614288,60,26.12027056419938,850.0000000000001,0,0,0.02612027056419938,500,150,59.64974938179165,nan,0,nan,nan,nan,nan,nan,4.73e-05,8.9e-06,9.9e-06,1.155e-05,4.73e-05,nan,nan,nan,nan,nan,nan,nan,nan,nan,nan,0,05_resultados\revisao_operacional\campanha_v1\j00933.mat,campanha_v1,,,,,-1,0.8996861608735841,,,38
j00934,montecarlo,perda_fonte,miope_qp,{},592.6116232891053,592.6116232891053,1,14.754610001373313,14.75461000137331,150,150,150,150,57.9147667951044,56.47501255161039,60,24.32134429297718,1150.0008251042025,0,0,0.02432134429297718,500,150,59.99996967342122,nan,0,nan,nan,nan,nan,nan,0.0012651,0.00057555,0.0006616,0.00083425,0.0012651,0.0011153,0.0005118,0.0005931,0.0007499,0.0011153,nan,nan,nan,nan,nan,0,05_resultados\revisao_operacional\campanha_v1\j00934.mat,campanha_v1,,,,,-1,0.8996861608735841,,,38
j00935,montecarlo,perda_fonte,mpc_qp_v5,{},350.04274502155283,350.04274502155283,1,14.586857287597976,14.583363510074022,150,150,150,150,57.056402421223865,55.66135546202739,60.03245790522119,28.275920102105715,1774.8355184625566,0,1.0833333333333335,0.028275920102105716,500,150,59.30233102287406,0.1170425644807338,853,0,0,0.0014396616434169118,333283.200808402,4015243775612013.0,0.0214055,0.022259750000000002,0.03165305,0.038668049999999995,0.09656,0.0138037,0.0174522,0.0264836,0.03365475,0.0915998,0.0048008,0.0045038000000000005,0.0054547,0.006271499999999999,0.0076322,0,05_resultados\revisao_operacional\campanha_v1\j00935.mat,campanha_v1,,,,,-1,0.8996861608735841,,,38
j00936,montecarlo,perda_fonte,mpc_qp_estocastico_3cen,{},350.0001588906124,350.0001588906124,1,14.583333445516958,14.583333445516958,150,150,150,150,54.82160834585699,54.82160834585699,60,24.597360357178573,1893.8871903859158,0,0.16666666666666669,0.024597360357178574,500,150,58.77391027262228,0.12388452002819861,58,0,0,0.04893930199341412,666566.4042708572,8858386386927326.0,0.0503798,0.05354355,0.062063850000000004,0.10830495,0.1734863,0.0357302,0.0417569,0.050515950000000004,0.09553244999999999,0.161783,0.0120726,0.011549750000000001,0.0125656,0.0135483,0.0166529,0,05_resultados\revisao_operacional\evento_adiantado_corrigido_v1\j00936.mat,evento_adiantado_corrigido_v1,,,,,-1,0.8996861608735841,,,38
j00937,montecarlo,perda_fonte,heuristico,{},592.6122638850534,592.6122638850534,1,14.754610453615202,14.754610453615202,150,150,150,150,57.93978528855198,56.5039066455025,60,24.16369944991276,850,0,0,0.02416369944991276,500,150,60,nan,0,nan,nan,nan,nan,nan,4.36e-05,8.2e-06,9.55e-06,1.56e-05,4.36e-05,nan,nan,nan,nan,nan,nan,nan,nan,nan,nan,0,05_resultados\revisao_operacional\campanha_v1\j00937.mat,campanha_v1,,,,,6,1.0703202732026371,,,39
j00938,montecarlo,perda_fonte,heuristico_foresight,{},590.950245598109,590.950245598109,1,14.753437117603719,14.753437117603719,150,150,150,150,56.20705905772244,56.20705905772244,60,18.016469475812702,797.2597950980222,0,0,0.018016469475812702,500,150,59.92012406775687,nan,0,nan,nan,nan,nan,nan,4.41e-05,8.6e-06,1.18e-05,1.47e-05,6.77e-05,nan,nan,nan,nan,nan,nan,nan,nan,nan,nan,0,05_resultados\revisao_operacional\campanha_v1\j00938.mat,campanha_v1,,,,,6,1.0703202732026371,,,39
j00939,montecarlo,perda_fonte,miope_qp,{},592.6116232891053,592.6116232891053,1,14.754610001373313,14.75461000137331,150,150,150,150,57.9147667951044,56.47501255161039,60,24.32134429297718,1150.0008251042025,0,0,0.02432134429297718,500,150,59.99996967342122,nan,0,nan,nan,nan,nan,nan,0.0013518,0.0006035999999999999,0.0006827000000000001,0.00084915,0.0013518,0.0012017,0.000537,0.0006048,0.0007657,0.0012017,nan,nan,nan,nan,nan,0,05_resultados\revisao_operacional\campanha_v1\j00939.mat,campanha_v1,,,,,6,1.0703202732026371,,,39
j00940,montecarlo,perda_fonte,mpc_qp_v5,{},358.6887905225957,358.6887905225957,1,14.589467363815011,14.58946736381501,150,150,150,150,54.98203299062575,54.98203299062575,60,23.835343294527945,1856.3782972295405,0,2.083333333333333,0.023835343294527946,500,150,59.58544587565083,7.105427357601002e-15,0,0,0,0.0030648197576965686,333283.2021354289,4843142611315303.0,0.0307784,0.02740695,0.03421535,0.045164750000000004,0.0928009,0.0226859,0.02239045,0.029117499999999998,0.0401749,0.0880767,0.0058459,0.0046636,0.0052055,0.0054268,0.0058459,0,05_resultados\revisao_operacional\campanha_v1\j00940.mat,campanha_v1,,,,,6,1.0703202732026371,,,39
j00941,montecarlo,perda_fonte,mpc_qp_estocastico_3cen,{},350.000868075384,350.000868075384,1,14.583333946198124,14.583333946198124,150,150,150,150,45.48977525302707,45.48977525302707,60,68.92356754812148,2418.617164731,0,0.25,0.06892356754812148,500,150,54.58330333768327,7.105427357601002e-15,0,0,0,7.16227077646181e-12,666566.4042708572,9686285222630616.0,0.0470241,0.07212295,0.0774901,0.1070219,0.1669133,0.0326291,0.060190350000000004,0.0644623,0.09515304999999999,0.1548687,0.0113751,0.01159845,0.01256995,0.01361715,0.0158914,0,05_resultados\revisao_operacional\evento_adiantado_corrigido_v1\j00941.mat,evento_adiantado_corrigido_v1,,,,,6,1.0703202732026371,,,39
j00942,montecarlo,perda_fonte,heuristico,{},592.6122638850534,592.6122638850534,1,14.754610453615202,14.754610453615202,150,150,150,150,57.93978528855198,56.5039066455025,60,24.16369944991276,850,0,0,0.02416369944991276,500,150,60,nan,0,nan,nan,nan,nan,nan,4.22e-05,8.1e-06,9.4e-06,1.27e-05,4.74e-05,nan,nan,nan,nan,nan,nan,nan,nan,nan,nan,0,05_resultados\revisao_operacional\campanha_v1\j00942.mat,campanha_v1,,,,,-8,0.8558151508187677,,,40
j00943,montecarlo,perda_fonte,heuristico_foresight,{},350.22832599190326,350.22832599190326,1,14.583494524765921,14.583494524765921,150,150,150,150,57.35450854017627,55.92319545608439,60,26.89804834197716,850,0,0,0.02689804834197716,500,150,59.48709653082988,nan,0,nan,nan,nan,nan,nan,4.85e-05,9e-06,1.01e-05,1.59e-05,4.85e-05,nan,nan,nan,nan,nan,nan,nan,nan,nan,nan,0,05_resultados\revisao_operacional\campanha_v1\j00943.mat,campanha_v1,,,,,-8,0.8558151508187677,,,40
j00944,montecarlo,perda_fonte,miope_qp,{},592.6116232891053,592.6116232891053,1,14.754610001373313,14.75461000137331,150,150,150,150,57.9147667951044,56.47501255161039,60,24.32134429297718,1150.0008251042025,0,0,0.02432134429297718,500,150,59.99996967342122,nan,0,nan,nan,nan,nan,nan,0.0012612,0.0005767999999999999,0.0006972,0.0008507499999999999,0.0012612,0.0011145,0.0005108000000000001,0.0006218,0.00075455,0.0011145,nan,nan,nan,nan,nan,0,05_resultados\revisao_operacional\campanha_v1\j00944.mat,campanha_v1,,,,,-8,0.8558151508187677,,,40
j00945,montecarlo,perda_fonte,mpc_qp_v5,{},350.00514188020225,350.00514188020225,1,14.587570313535926,14.583336963363719,150,150,150,150,56.92870162213162,55.53346524274565,60.04603735686483,29.02036878549079,1926.4669499366914,0,1.0833333333333335,0.029020368785490788,500,150,59.17443535702718,0.11699375739791407,852,0,0,0.005646700168028929,333283.200808402,4015243775612013.0,0.020917,0.02192865,0.033915,0.0397862,0.0953223,0.0140931,0.0171756,0.028837599999999998,0.03448215,0.0899329,0.0047742,0.004513049999999999,0.0051812,0.00548595,0.0060688,0,05_resultados\revisao_operacional\campanha_v1\j00945.mat,campanha_v1,,,,,-8,0.8558151508187677,,,40
j00946,montecarlo,perda_fonte,mpc_qp_estocastico_3cen,{},350.0000041925128,350.0000041925128,1,14.583333336305826,14.583333336305822,150,150,150,150,56.10235158085269,55.251790539598225,60.02731798782225,27.30417132157291,1481.4365246792684,0,0.16666666666666669,0.02730417132157291,500,150,58.89702110721932,0.11705821636569169,902,0,0,2.3874235921539366e-11,666566.4016168036,8030487551224027.0,0.0413487,0.052184850000000005,0.06356229999999999,0.10282315,0.1816858,0.0273521,0.04062155,0.051548,0.0909722,0.169023,0.0115344,0.0113603,0.012208199999999999,0.012872749999999999,0.0165349,0,05_resultados\revisao_operacional\evento_adiantado_corrigido_v1\j00946.mat,evento_adiantado_corrigido_v1,,,,,-8,0.8558151508187677,,,40
j00947,montecarlo,perda_fonte,heuristico,{},592.6122638850534,592.6122638850534,1,14.754610453615202,14.754610453615202,150,150,150,150,57.93978528855198,56.5039066455025,60,24.16369944991276,850,0,0,0.02416369944991276,500,150,60,nan,0,nan,nan,nan,nan,nan,4.24e-05,8.1e-06,9.849999999999999e-06,2.0450000000000002e-05,4.24e-05,nan,nan,nan,nan,nan,nan,nan,nan,nan,nan,0,05_resultados\revisao_operacional\campanha_v1\j00947.mat,campanha_v1,,,,,-14,1.1684048372501123,,,41
j00948,montecarlo,perda_fonte,heuristico_foresight,{},350.1085880356146,350.1085880356146,1,14.583409993291653,14.583409993291653,150,150,150,150,51.52885185236791,51.52885185236791,60,40.23795370123819,723.6963720624158,0,0,0.04023795370123819,500,150,57.5209977840593,nan,0,nan,nan,nan,nan,nan,4.48e-05,8.4e-06,9.4e-06,1.1050000000000001e-05,4.48e-05,nan,nan,nan,nan,nan,nan,nan,nan,nan,nan,0,05_resultados\revisao_operacional\campanha_v1\j00948.mat,campanha_v1,,,,,-14,1.1684048372501123,,,41
j00949,montecarlo,perda_fonte,miope_qp,{},592.6116232891053,592.6116232891053,1,14.754610001373313,14.75461000137331,150,150,150,150,57.9147667951044,56.47501255161039,60,24.32134429297718,1150.0008251042025,0,0,0.02432134429297718,500,150,59.99996967342122,nan,0,nan,nan,nan,nan,nan,0.0012743,0.0005765,0.0006594999999999999,0.0008056000000000001,0.0012743,0.0011297,0.0005132,0.0005888,0.00072525,0.0011297,nan,nan,nan,nan,nan,0,05_resultados\revisao_operacional\campanha_v1\j00949.mat,campanha_v1,,,,,-14,1.1684048372501123,,,41
j00950,montecarlo,perda_fonte,mpc_qp_v5,{},350.0096257089467,350.0096257089467,1,14.583340128806878,14.583340128806872,150,150,150,150,50.19426553714896,50.19426553714896,60,46.57723869854257,2046.534464732544,0,2.4166666666666665,0.04657723869854257,500,150,56.90211717913823,7.105427357601002e-15,0,0,0,0.6787098182477393,333283.2021354289,4843142611315303.0,0.0238488,0.029803749999999997,0.036499500000000004,0.0467049,0.0588541,0.0170181,0.02474125,0.03124925,0.041451600000000005,0.0521911,0.0049413,0.00468435,0.005276100000000001,0.00570965,0.0071506,0,05_resultados\revisao_operacional\campanha_v1\j00950.mat,campanha_v1,,,,,-14,1.1684048372501123,,,41
j00951,montecarlo,perda_fonte,mpc_qp_estocastico_3cen,{},350.0000000310132,350.0000000310132,1,14.58333333337474,14.583333333374739,150,150,150,150,40.379424556136605,40.379424556136605,60,93.19773335835076,2032.8352369624597,0,0.33333333333333337,0.09319773335835076,500,150,52.11273588864936,7.105427357601002e-15,0,0,0,6.934897101018578e-12,666566.4042708572,9686285222630616.0,0.0540726,0.06167195,0.08134305,0.1100795,0.1857162,0.0396282,0.0495503,0.06590835,0.09802105,0.1741863,0.0117603,0.011678850000000001,0.01319765,0.014526299999999999,0.0180698,0,05_resultados\revisao_operacional\evento_adiantado_corrigido_v1\j00951.mat,evento_adiantado_corrigido_v1,,,,,-14,1.1684048372501123,,,41
j00952,montecarlo,perda_fonte,heuristico,{},592.6122638850534,592.6122638850534,1,14.754610453615202,14.754610453615202,150,150,150,150,57.93978528855198,56.5039066455025,60,24.16369944991276,850,0,0,0.02416369944991276,500,150,60,nan,0,nan,nan,nan,nan,nan,4.21e-05,8e-06,9.149999999999999e-06,1.17e-05,4.21e-05,nan,nan,nan,nan,nan,nan,nan,nan,nan,nan,0,05_resultados\revisao_operacional\campanha_v1\j00952.mat,campanha_v1,,,,,-3,0.948546957119833,,,42
j00953,montecarlo,perda_fonte,heuristico_foresight,{},352.7815800174326,352.7815800174326,1,14.585297046987337,14.585297046987337,150,150,150,150,57.47146760450376,56.04015452041188,60,26.342492786421605,850,0,0,0.026342492786421604,500,150,59.603676116794965,nan,0,nan,nan,nan,nan,nan,4.36e-05,8.8e-06,1.1e-05,1.835e-05,4.79e-05,nan,nan,nan,nan,nan,nan,nan,nan,nan,nan,0,05_resultados\revisao_operacional\campanha_v1\j00953.mat,campanha_v1,,,,,-3,0.948546957119833,,,42
j00954,montecarlo,perda_fonte,miope_qp,{},592.6116232891053,592.6116232891053,1,14.754610001373313,14.75461000137331,150,150,150,150,57.9147667951044,56.47501255161039,60,24.32134429297718,1150.0008251042025,0,0,0.02432134429297718,500,150,59.99996967342122,nan,0,nan,nan,nan,nan,nan,0.0014344,0.00057805,0.0006985,0.0008476,0.0014344,0.0012845,0.00051435,0.0006261999999999999,0.0007546,0.0012845,nan,nan,nan,nan,nan,0,05_resultados\revisao_operacional\campanha_v1\j00954.mat,campanha_v1,,,,,-3,0.948546957119833,,,42
j00955,montecarlo,perda_fonte,mpc_qp_v5,{},350.0579133684515,350.0579133684515,1,14.58597000015315,14.583374218486693,150,150,150,150,57.171741208200466,55.776920188967445,60.01589536619618,27.559955173042948,1756.1932943064542,0,2.166666666666667,0.02755995517304295,500,150,59.41790578316635,0.11709811140013926,853,0,0,0.006175082216486771,333283.200808402,4015243775612013.0,0.020811,0.023090350000000003,0.03243865,0.041692,0.0983496,0.0139121,0.01789375,0.02671165,0.036256250000000004,0.0927033,0.005104,0.0048747,0.0055847,0.0060073999999999995,0.0084309,0,05_resultados\revisao_operacional\campanha_v1\j00955.mat,campanha_v1,,,,,-3,0.948546957119833,,,42
j00956,montecarlo,perda_fonte,mpc_qp_estocastico_3cen,{},350.00008298420494,350.00008298420494,1,14.583333391946624,14.583333391946624,150,150,150,150,52.19386721384802,52.19386721384802,60,37.07913073422158,1998.8733669186,0,0.16666666666666669,0.03707913073422158,500,150,57.52815428659977,0.12288714095122799,58,0,0,0.09149734544701005,666566.4042708572,8858386386927326.0,0.0472954,0.05325355,0.07020475,0.10805455,0.3142863,0.0336103,0.0411383,0.0545785,0.0960801,0.301875,0.0111326,0.011749550000000001,0.01361765,0.015103499999999999,0.0174352,0,05_resultados\revisao_operacional\evento_adiantado_corrigido_v1\j00956.mat,evento_adiantado_corrigido_v1,,,,,-3,0.948546957119833,,,42
j00957,montecarlo,perda_fonte,heuristico,{},592.6122638850534,592.6122638850534,1,14.754610453615202,14.754610453615202,150,150,150,150,57.93978528855198,56.5039066455025,60,24.16369944991276,850,0,0,0.02416369944991276,500,150,60,nan,0,nan,nan,nan,nan,nan,4.24e-05,8.1e-06,9.2e-06,1.32e-05,4.24e-05,nan,nan,nan,nan,nan,nan,nan,nan,nan,nan,0,05_resultados\revisao_operacional\campanha_v1\j00957.mat,campanha_v1,,,,,-1,1.1743347216842834,,,43
j00958,montecarlo,perda_fonte,heuristico_foresight,{},421.2340712901589,421.2340712901589,1,14.633622491849707,14.633622491849707,150,150,150,150,51.50277111160217,51.50277111160217,60,40.36183721988338,719.2489587367875,0,0,0.04036183721988338,500,150,57.626990532939516,nan,0,nan,nan,nan,nan,nan,4.28e-05,8.5e-06,9.6e-06,1.1949999999999999e-05,4.28e-05,nan,nan,nan,nan,nan,nan,nan,nan,nan,nan,0,05_resultados\revisao_operacional\campanha_v1\j00958.mat,campanha_v1,,,,,-1,1.1743347216842834,,,43
j00959,montecarlo,perda_fonte,miope_qp,{},592.6116232891053,592.6116232891053,1,14.754610001373313,14.75461000137331,150,150,150,150,57.9147667951044,56.47501255161039,60,24.32134429297718,1150.0008251042025,0,0,0.02432134429297718,500,150,59.99996967342122,nan,0,nan,nan,nan,nan,nan,0.0012551,0.0005794,0.0006720000000000001,0.0008364,0.0012551,0.0011126,0.00051475,0.0005981,0.0007564,0.0011126,nan,nan,nan,nan,nan,0,05_resultados\revisao_operacional\campanha_v1\j00959.mat,campanha_v1,,,,,-1,1.1743347216842834,,,43
j00960,montecarlo,perda_fonte,mpc_qp_v5,{},350.4799713833951,350.4799713833951,1,14.583672179018969,14.583672179018965,150,150,150,150,50.26266387977456,50.26266387977456,60,46.25234657107046,1496.7183541620452,0,2.75,0.04625234657107046,500,150,57.105362551687776,7.105427357601002e-15,0,0,0,0.0025178516586947808,333283.2021354289,4843142611315303.0,0.0246895,0.029816099999999998,0.03546665,0.0485684,0.0722059,0.0174082,0.02450575,0.03012335,0.042942350000000004,0.066247,0.0053514,0.0049453,0.0055703,0.005888900000000001,0.007182,0,05_resultados\revisao_operacional\campanha_v1\j00960.mat,campanha_v1,,,,,-1,1.1743347216842834,,,43
j00961,montecarlo,perda_fonte,mpc_qp_estocastico_3cen,{},350.0000183737327,350.0000183737327,1,14.583333346322286,14.583333346322286,150,150,150,150,40.22115829230154,40.22115829230154,60,93.9494981115673,2909.3453262217804,0,0.5833333333333334,0.09394949811156729,500,150,52.119224367938514,7.105427357601002e-15,0,0,0,0.009150146800038783,666566.4042708572,9686285222630616.0,0.0546849,0.06221515,0.0824694,0.12105995,0.1522142,0.0391395,0.0501509,0.06925605,0.10866735,0.1396872,0.0122583,0.0117846,0.01340095,0.014740650000000001,0.0224097,0,05_resultados\revisao_operacional\evento_adiantado_corrigido_v1\j00961.mat,evento_adiantado_corrigido_v1,,,,,-1,1.1743347216842834,,,43
j00962,montecarlo,perda_fonte,heuristico,{},592.6122638850534,592.6122638850534,1,14.754610453615202,14.754610453615202,150,150,150,150,57.93978528855198,56.5039066455025,60,24.16369944991276,850,0,0,0.02416369944991276,500,150,60,nan,0,nan,nan,nan,nan,nan,4.14e-05,8.3e-06,1.01e-05,1.53e-05,4.14e-05,nan,nan,nan,nan,nan,nan,nan,nan,nan,nan,0,05_resultados\revisao_operacional\campanha_v1\j00962.mat,campanha_v1,,,,,-3,0.9988984573288328,,,44
j00963,montecarlo,perda_fonte,heuristico_foresight,{},352.7815800174326,352.7815800174326,1,14.585297046987337,14.585297046987337,150,150,150,150,57.47146760450376,56.04015452041188,60,26.342492786421605,850,0,0,0.026342492786421604,500,150,59.603676116794965,nan,0,nan,nan,nan,nan,nan,4.2e-05,8.8e-06,1e-05,1.2450000000000001e-05,4.2e-05,nan,nan,nan,nan,nan,nan,nan,nan,nan,nan,0,05_resultados\revisao_operacional\campanha_v1\j00963.mat,campanha_v1,,,,,-3,0.9988984573288328,,,44
j00964,montecarlo,perda_fonte,miope_qp,{},592.6116232891053,592.6116232891053,1,14.754610001373313,14.75461000137331,150,150,150,150,57.9147667951044,56.47501255161039,60,24.32134429297718,1150.0008251042025,0,0,0.02432134429297718,500,150,59.99996967342122,nan,0,nan,nan,nan,nan,nan,0.0014658,0.00057505,0.00069275,0.000868,0.0014658,0.0013134,0.0005106,0.00060985,0.0007796999999999999,0.0013134,nan,nan,nan,nan,nan,0,05_resultados\revisao_operacional\campanha_v1\j00964.mat,campanha_v1,,,,,-3,0.9988984573288328,,,44
j00965,montecarlo,perda_fonte,mpc_qp_v5,{},350.01948179942264,350.01948179942264,1,14.584932557923757,14.583347086930583,150,150,150,150,57.184966530986124,55.790397000908,60,27.335453877677516,1647.9413816111028,0,2.25,0.027335453877677517,500,150,59.431400950725696,0.014570786587725593,733,0,0,3.287362807213867e-05,333283.200808402,4015243775612013.0,0.0226558,0.0240942,0.03111175,0.040752300000000005,0.0990252,0.0159059,0.01931975,0.0259826,0.0356462,0.0939334,0.0049826,0.0044784,0.00504205,0.0053101,0.0055746,0,05_resultados\revisao_operacional\campanha_v1\j00965.mat,campanha_v1,,,,,-3,0.9988984573288328,,,44
j00966,montecarlo,perda_fonte,mpc_qp_estocastico_3cen,{},350.0000228376706,350.0000228376706,1,14.583333349468825,14.583333349468825,150,150,150,150,49.54089675785935,49.54089675785935,60,49.680740400168126,1563.615906938218,0,0.08333333333333334,0.04968074040016813,500,150,56.30572488100023,0.12080784651461585,58,0,0,5.447488433674152e-07,666566.4042708572,8858386386927326.0,0.048048,0.05294185,0.06684499999999999,0.11493085,0.1713556,0.0330122,0.04073285,0.05399475,0.1012233,0.157297,0.0125426,0.011779000000000001,0.01353205,0.01500375,0.0171021,0,05_resultados\revisao_operacional\evento_adiantado_corrigido_v1\j00966.mat,evento_adiantado_corrigido_v1,,,,,-3,0.9988984573288328,,,44
j00967,montecarlo,perda_fonte,heuristico,{},592.6122638850534,592.6122638850534,1,14.754610453615202,14.754610453615202,150,150,150,150,57.93978528855198,56.5039066455025,60,24.16369944991276,850,0,0,0.02416369944991276,500,150,60,nan,0,nan,nan,nan,nan,nan,4.26e-05,8e-06,9e-06,9.6e-06,4.26e-05,nan,nan,nan,nan,nan,nan,nan,nan,nan,nan,0,05_resultados\revisao_operacional\campanha_v1\j00967.mat,campanha_v1,,,,,3,1.1869296583134965,,,45
j00968,montecarlo,perda_fonte,heuristico_foresight,{},537.9048701381284,537.9048701381284,1,14.71598864320442,14.715988643204417,150,150,150,150,50.9246974902364,50.9246974902364,60,43.10768692136913,709.8027562648776,0,0,0.04310768692136913,500,150,57.37078459940966,nan,0,nan,nan,nan,nan,nan,4.47e-05,8.5e-06,9.6e-06,1.53e-05,4.47e-05,nan,nan,nan,nan,nan,nan,nan,nan,nan,nan,0,05_resultados\revisao_operacional\campanha_v1\j00968.mat,campanha_v1,,,,,3,1.1869296583134965,,,45
j00969,montecarlo,perda_fonte,miope_qp,{},592.6116232891053,592.6116232891053,1,14.754610001373313,14.75461000137331,150,150,150,150,57.9147667951044,56.47501255161039,60,24.32134429297718,1150.0008251042025,0,0,0.02432134429297718,500,150,59.99996967342122,nan,0,nan,nan,nan,nan,nan,0.0012783,0.0005782000000000001,0.000695,0.0008839,0.0012783,0.0011339,0.00051435,0.0006192999999999999,0.0007839500000000001,0.0011339,nan,nan,nan,nan,nan,0,05_resultados\revisao_operacional\campanha_v1\j00969.mat,campanha_v1,,,,,3,1.1869296583134965,,,45
j00970,montecarlo,perda_fonte,mpc_qp_v5,{},350.9374490128778,350.9374490128778,1,14.58399514476637,14.583995144766368,150,150,150,150,49.668013968963315,49.668013968963315,60,49.07693364742401,1420.9194901107428,0,2.666666666666667,0.04907693364742401,500,150,56.831416562791716,7.105427357601002e-15,0,0,0,0.12309230493190171,333283.2021354289,4843142611315303.0,0.0235784,0.02952215,0.03481165,0.042265,0.0737949,0.017382,0.02439195,0.0294874,0.03708565,0.0687939,0.0042264,0.0047845000000000006,0.0055435499999999995,0.0058429499999999995,0.0061054,0,05_resultados\revisao_operacional\campanha_v1\j00970.mat,campanha_v1,,,,,3,1.1869296583134965,,,45
j00971,montecarlo,perda_fonte,mpc_qp_estocastico_3cen,{},350.0000458574867,350.0000458574867,1,14.583333365719588,14.583333365719588,150,150,150,150,39.595328610951654,39.595328610951654,60,96.92218909797941,3723.1505918869643,0,0.5833333333333334,0.09692218909797941,500,150,51.85892985126465,7.105427357601002e-15,0,0,0,0.0005653250950672373,666566.4042708572,9686285222630616.0,0.0525075,0.05690365,0.0825311,0.1251949,0.1695659,0.0384077,0.0447004,0.067548,0.1136309,0.1577225,0.0109866,0.01178465,0.013283449999999999,0.01468565,0.0249223,0,05_resultados\revisao_operacional\evento_adiantado_corrigido_v1\j00971.mat,evento_adiantado_corrigido_v1,,,,,3,1.1869296583134965,,,45
j00972,montecarlo,perda_fonte,heuristico,{},592.6122638850534,592.6122638850534,1,14.754610453615202,14.754610453615202,150,150,150,150,57.93978528855198,56.5039066455025,60,24.16369944991276,850,0,0,0.02416369944991276,500,150,60,nan,0,nan,nan,nan,nan,nan,4.23e-05,8e-06,9e-06,9.8e-06,4.23e-05,nan,nan,nan,nan,nan,nan,nan,nan,nan,nan,0,05_resultados\revisao_operacional\campanha_v1\j00972.mat,campanha_v1,,,,,-8,0.8287849773077429,,,46
j00973,montecarlo,perda_fonte,heuristico_foresight,{},350.22832599190326,350.22832599190326,1,14.583494524765921,14.583494524765921,150,150,150,150,57.35450854017627,55.92319545608439,60,26.89804834197716,850,0,0,0.02689804834197716,500,150,59.48709653082988,nan,0,nan,nan,nan,nan,nan,4.7e-05,8.9e-06,1.03e-05,1.5450000000000003e-05,4.7e-05,nan,nan,nan,nan,nan,nan,nan,nan,nan,nan,0,05_resultados\revisao_operacional\campanha_v1\j00973.mat,campanha_v1,,,,,-8,0.8287849773077429,,,46
j00974,montecarlo,perda_fonte,miope_qp,{},592.6116232891053,592.6116232891053,1,14.754610001373313,14.75461000137331,150,150,150,150,57.9147667951044,56.47501255161039,60,24.32134429297718,1150.0008251042025,0,0,0.02432134429297718,500,150,59.99996967342122,nan,0,nan,nan,nan,nan,nan,0.0012927,0.0005776,0.0007009,0.0008543,0.0012927,0.0011502,0.0005133,0.00062905,0.00075625,0.0011502,nan,nan,nan,nan,nan,0,05_resultados\revisao_operacional\campanha_v1\j00974.mat,campanha_v1,,,,,-8,0.8287849773077429,,,46
j00975,montecarlo,perda_fonte,mpc_qp_v5,{},350.0010558947863,350.0010558947863,1,14.587958247907517,14.583334078775374,150,150,150,150,56.89978864490001,55.504452773920484,60.05490743088223,29.247519104051847,1826.2183165201686,0,0.75,0.029247519104051847,500,150,59.145416705010156,0.11696326960623793,852,0,0,0.0015966252672683368,333283.200808402,4015243775612013.0,0.0210537,0.0223186,0.0325294,0.04036105,0.1695143,0.0138663,0.01725715,0.02687125,0.0345944,0.1629657,0.0051598,0.00475595,0.0054915,0.00593575,0.0077027,0,05_resultados\revisao_operacional\campanha_v1\j00975.mat,campanha_v1,,,,,-8,0.8287849773077429,,,46
j00976,montecarlo,perda_fonte,mpc_qp_estocastico_3cen,{},350.00000033075605,350.00000033075605,1,14.587902192577694,14.583333333587406,150,150,150,150,56.553828646378236,55.158551441532936,60.03677872800261,30.7087160994029,855.2127414211234,0,0,0.0307087160994029,500,150,58.79952932063747,0.11702569508620542,852,0,0,3.410605131648481e-13,666566.4016168036,8030487551224027.0,0.0422572,0.047604499999999994,0.06602645,0.09894215,0.1128789,0.0274628,0.035885600000000004,0.050751199999999996,0.08626655,0.100759,0.0119317,0.01148705,0.01265125,0.0144532,0.0242278,0,05_resultados\revisao_operacional\evento_adiantado_corrigido_v1\j00976.mat,evento_adiantado_corrigido_v1,,,,,-8,0.8287849773077429,,,46
j00977,montecarlo,perda_fonte,heuristico,{},592.6122638850534,592.6122638850534,1,14.754610453615202,14.754610453615202,150,150,150,150,57.93978528855198,56.5039066455025,60,24.16369944991276,850,0,0,0.02416369944991276,500,150,60,nan,0,nan,nan,nan,nan,nan,5.43e-05,8.05e-06,9.65e-06,1.89e-05,5.43e-05,nan,nan,nan,nan,nan,nan,nan,nan,nan,nan,0,05_resultados\revisao_operacional\campanha_v1\j00977.mat,campanha_v1,,,,,-2,1.1284680159123757,,,47
j00978,montecarlo,perda_fonte,heuristico_foresight,{},397.8611859662155,397.8611859662155,1,14.61712192247676,14.617121922476759,150,150,150,150,53.58724797166198,53.58724797166198,60,30.460572134604767,753.6489880657183,0,0,0.030460572134604767,500,150,58.611608525190576,nan,0,nan,nan,nan,nan,nan,4.13e-05,8.5e-06,9.5e-06,1.185e-05,4.13e-05,nan,nan,nan,nan,nan,nan,nan,nan,nan,nan,0,05_resultados\revisao_operacional\campanha_v1\j00978.mat,campanha_v1,,,,,-2,1.1284680159123757,,,47
j00979,montecarlo,perda_fonte,miope_qp,{},592.6116232891053,592.6116232891053,1,14.754610001373313,14.75461000137331,150,150,150,150,57.9147667951044,56.47501255161039,60,24.32134429297718,1150.0008251042025,0,0,0.02432134429297718,500,150,59.99996967342122,nan,0,nan,nan,nan,nan,nan,0.0012717,0.0005744,0.00067725,0.00086515,0.0013357,0.0011233,0.00051055,0.0006016999999999999,0.0007800999999999999,0.0012414,nan,nan,nan,nan,nan,0,05_resultados\revisao_operacional\campanha_v1\j00979.mat,campanha_v1,,,,,-2,1.1284680159123757,,,47
j00980,montecarlo,perda_fonte,mpc_qp_v5,{},350.08934988984396,350.08934988984396,1,14.58339641174627,14.583396411746268,150,150,150,150,52.2545080081153,52.2545080081153,60,36.79108696145232,1325.0177670391895,0,2.5,0.03679108696145232,500,150,58.05889454067856,7.105427357601002e-15,0,0,0,2.0753678882101667e-06,333283.2021354289,4843142611315303.0,0.0240007,0.029800899999999998,0.03465935,0.04504,0.0952287,0.0171178,0.024562399999999998,0.0292771,0.03962595,0.0896949,0.0049641,0.004948350000000001,0.00555255,0.005825,0.01627,0,05_resultados\revisao_operacional\campanha_v1\j00980.mat,campanha_v1,,,,,-2,1.1284680159123757,,,47
j00981,montecarlo,perda_fonte,mpc_qp_estocastico_3cen,{},350.000001857223,350.000001857223,1,14.58333333466196,14.583333334661958,150,150,150,150,42.49763124806981,42.49763124806981,60,83.13625157166793,1842.621692234271,0,0.4166666666666667,0.08313625157166793,500,150,53.12462732810313,7.105427357601002e-15,0,0,0,4.433786671143025e-12,666566.4042708572,9686285222630616.0,0.0571572,0.062122800000000006,0.0793265,0.121621,0.1558916,0.0407047,0.050168199999999996,0.06562255,0.1090682,0.1434416,0.0137002,0.01166855,0.01310215,0.0142641,0.020355,0,05_resultados\revisao_operacional\evento_adiantado_corrigido_v1\j00981.mat,evento_adiantado_corrigido_v1,,,,,-2,1.1284680159123757,,,47
j00982,montecarlo,perda_fonte,heuristico,{},592.6122638850534,592.6122638850534,1,14.754610453615202,14.754610453615202,150,150,150,150,57.93978528855198,56.5039066455025,60,24.16369944991276,850,0,0,0.02416369944991276,500,150,60,nan,0,nan,nan,nan,nan,nan,3.96e-05,7.9e-06,9.1e-06,1.07e-05,4.02e-05,nan,nan,nan,nan,nan,nan,nan,nan,nan,nan,0,05_resultados\revisao_operacional\campanha_v1\j00982.mat,campanha_v1,,,,,-7,1.140288399440218,,,48
j00983,montecarlo,perda_fonte,heuristico_foresight,{},353.8302009344063,353.8302009344063,1,14.586037342502703,14.586037342502701,150,150,150,150,52.9444287389783,52.9444287389783,60,33.51396348985212,744.7837004198365,0,0,0.03351396348985212,500,150,58.25967507640723,nan,0,nan,nan,nan,nan,nan,4.46e-05,8.5e-06,9.950000000000001e-06,1.3700000000000001e-05,4.46e-05,nan,nan,nan,nan,nan,nan,nan,nan,nan,nan,0,05_resultados\revisao_operacional\campanha_v1\j00983.mat,campanha_v1,,,,,-7,1.140288399440218,,,48
j00984,montecarlo,perda_fonte,miope_qp,{},592.6116232891053,592.6116232891053,1,14.754610001373313,14.75461000137331,150,150,150,150,57.9147667951044,56.47501255161039,60,24.32134429297718,1150.0008251042025,0,0,0.02432134429297718,500,150,59.99996967342122,nan,0,nan,nan,nan,nan,nan,0.0012423,0.0005801,0.0006911,0.0008142,0.0012423,0.0011014,0.00051605,0.0006196,0.00073085,0.0011014,nan,nan,nan,nan,nan,0,05_resultados\revisao_operacional\campanha_v1\j00984.mat,campanha_v1,,,,,-7,1.140288399440218,,,48
j00985,montecarlo,perda_fonte,mpc_qp_v5,{},350.02580769012263,350.02580769012263,1,14.583351552820327,14.583351552820325,150,150,150,150,51.67083588313039,51.67083588313039,60,39.5635295551304,1402.0992736797077,0,2.666666666666667,0.0395635295551304,500,150,57.742665078145706,7.105427357601002e-15,0,0,0,0.005069761990966981,333283.2021354289,4843142611315303.0,0.0254336,0.029933550000000003,0.036296049999999996,0.046992400000000004,0.0994519,0.0177945,0.02461365,0.0303409,0.041264499999999996,0.093668,0.0054548,0.0050995,0.00577305,0.0062739,0.0072289,0,05_resultados\revisao_operacional\campanha_v1\j00985.mat,campanha_v1,,,,,-7,1.140288399440218,,,48
j00986,montecarlo,perda_fonte,mpc_qp_estocastico_3cen,{},350.0000002343461,350.0000002343461,1,14.58333333351336,14.583333333513359,150,150,150,150,41.85692998486206,41.85692998486206,60,86.17958257190469,2330.9098881764066,0,0.4166666666666667,0.0861795825719047,500,150,52.810827922283615,7.105427357601002e-15,0,0,0,0.01346545373405661,666566.4042708572,9686285222630616.0,0.0517858,0.0621897,0.07577695000000001,0.11561094999999999,0.1505651,0.036745,0.0504022,0.063768,0.10367915,0.1358718,0.0123955,0.01145535,0.012365250000000001,0.013141799999999999,0.0152246,0,05_resultados\revisao_operacional\evento_adiantado_corrigido_v1\j00986.mat,evento_adiantado_corrigido_v1,,,,,-7,1.140288399440218,,,48
j00987,montecarlo,perda_fonte,heuristico,{},592.6122638850534,592.6122638850534,1,14.754610453615202,14.754610453615202,150,150,150,150,57.93978528855198,56.5039066455025,60,24.16369944991276,850,0,0,0.02416369944991276,500,150,60,nan,0,nan,nan,nan,nan,nan,4.23e-05,8.3e-06,9.6e-06,1.845e-05,4.23e-05,nan,nan,nan,nan,nan,nan,nan,nan,nan,nan,0,05_resultados\revisao_operacional\campanha_v1\j00987.mat,campanha_v1,,,,,-2,0.8258254419347842,,,49
j00988,montecarlo,perda_fonte,heuristico_foresight,{},354.5860501408955,354.5860501408955,1,14.586570949804251,14.586570949804251,150,150,150,150,57.494859417369256,56.06354633327738,60,26.231381675310494,850,0,0,0.026231381675310493,500,150,59.62679973959374,nan,0,nan,nan,nan,nan,nan,4.43e-05,8.9e-06,1.03e-05,1.6599999999999997e-05,4.43e-05,nan,nan,nan,nan,nan,nan,nan,nan,nan,nan,0,05_resultados\revisao_operacional\campanha_v1\j00988.mat,campanha_v1,,,,,-2,0.8258254419347842,,,49
j00989,montecarlo,perda_fonte,miope_qp,{},592.6116232891053,592.6116232891053,1,14.754610001373313,14.75461000137331,150,150,150,150,57.9147667951044,56.47501255161039,60,24.32134429297718,1150.0008251042025,0,0,0.02432134429297718,500,150,59.99996967342122,nan,0,nan,nan,nan,nan,nan,0.0012557,0.0005687,0.0006692,0.0008316,0.0012557,0.0011087,0.000505,0.00059055,0.0007390000000000001,0.0011087,nan,nan,nan,nan,nan,0,05_resultados\revisao_operacional\campanha_v1\j00989.mat,campanha_v1,,,,,-2,0.8258254419347842,,,49
j00990,montecarlo,perda_fonte,mpc_qp_v5,{},350.0343796588192,350.0343796588192,1,14.588021610218291,14.583357604373251,150,150,150,150,57.046957104064475,55.651610969017625,60.05711490940256,28.570675529719193,2054.260853920592,0,0.6666666666666667,0.028570675529719192,500,150,59.29256923090626,0.11695890656145735,852,0,0,0.0005905698938590831,333283.200808402,4015243775612013.0,0.0207416,0.0250545,0.031887250000000006,0.03933815,0.1390838,0.0140039,0.019974949999999998,0.02641515,0.03448495,0.1341076,0.0050309,0.004586,0.0052445,0.0057443,0.0145921,0,05_resultados\revisao_operacional\campanha_v1\j00990.mat,campanha_v1,,,,,-2,0.8258254419347842,,,49
j00991,montecarlo,perda_fonte,mpc_qp_estocastico_3cen,{},350.0000066831024,350.0000066831024,1,14.588055048156207,14.583333338076484,150,150,150,150,56.696241238091616,55.300932894312,60.0386511955816,30.051317401352144,855.385541631066,0,0,0.030051317401352143,500,150,58.94191000453229,0.11702144016092575,852,0,0,2.5579538487363607e-13,666566.4016168036,8030487551224027.0,0.0415594,0.0465133,0.0601121,0.09754689999999999,0.1121708,0.0263085,0.0350577,0.04847995,0.0856475,0.0998719,0.0124432,0.0112346,0.0120767,0.01241735,0.0137397,0,05_resultados\revisao_operacional\evento_adiantado_corrigido_v1\j00991.mat,evento_adiantado_corrigido_v1,,,,,-2,0.8258254419347842,,,49
j00992,montecarlo,perda_fonte,heuristico,{},592.6122638850534,592.6122638850534,1,14.754610453615202,14.754610453615202,150,150,150,150,57.93978528855198,56.5039066455025,60,24.16369944991276,850,0,0,0.02416369944991276,500,150,60,nan,0,nan,nan,nan,nan,nan,4e-05,8e-06,9.1e-06,1.575e-05,4e-05,nan,nan,nan,nan,nan,nan,nan,nan,nan,nan,0,05_resultados\revisao_operacional\campanha_v1\j00992.mat,campanha_v1,,,,,7,1.00206387683294,,,50
j00993,montecarlo,perda_fonte,heuristico_foresight,{},419.0756340723581,419.0756340723581,1,14.632098698678437,14.632098698678437,150,150,150,150,57.532827253626564,56.11734750286802,60,25.892492786421602,850,0,0,0.0258924927864216,500,150,59.8113669971407,nan,0,nan,nan,nan,nan,nan,4.53e-05,9e-06,1.01e-05,1.3749999999999999e-05,4.53e-05,nan,nan,nan,nan,nan,nan,nan,nan,nan,nan,0,05_resultados\revisao_operacional\campanha_v1\j00993.mat,campanha_v1,,,,,7,1.00206387683294,,,50
j00994,montecarlo,perda_fonte,miope_qp,{},592.6116232891053,592.6116232891053,1,14.754610001373313,14.75461000137331,150,150,150,150,57.9147667951044,56.47501255161039,60,24.32134429297718,1150.0008251042025,0,0,0.02432134429297718,500,150,59.99996967342122,nan,0,nan,nan,nan,nan,nan,0.0012496,0.000575,0.00069395,0.00083675,0.0012496,0.0011022,0.0005115,0.0006164,0.0007486,0.0011022,nan,nan,nan,nan,nan,0,05_resultados\revisao_operacional\campanha_v1\j00994.mat,campanha_v1,,,,,7,1.00206387683294,,,50
j00995,montecarlo,perda_fonte,mpc_qp_v5,{},353.09254074799037,353.09254074799037,1,14.58551657613803,14.58551657613803,150,150,150,150,57.210738807017066,55.87505345999723,60,26.623418944064657,1654.6000669864138,0,2.083333333333333,0.026623418944064656,500,150,59.65665498730087,0.014356788729678271,781,0,0,4.151651592110284e-05,333283.200808402,4015243775612013.0,0.0224944,0.02531585,0.030503000000000002,0.040040900000000004,0.0496319,0.0153643,0.0206638,0.0253922,0.03519995,0.0441834,0.0048041,0.0044382,0.005021899999999999,0.00525825,0.0071664,0,05_resultados\revisao_operacional\campanha_v1\j00995.mat,campanha_v1,,,,,7,1.00206387683294,,,50
j00996,montecarlo,perda_fonte,mpc_qp_estocastico_3cen,{},350.0002592567168,350.0002592567168,1,14.583333516375435,14.583333516375431,150,150,150,150,49.31344887166387,49.31344887166387,60,50.761117859597256,832.5512632684569,0,0,0.050761117859597256,500,150,56.273262478441985,7.105427357601002e-15,0,0,0,3.410605131648481e-13,666566.4042708572,8858386386927326.0,0.0500694,0.053816,0.07903635,0.1134815,0.1219193,0.0361049,0.041774900000000004,0.0667042,0.10055035,0.1087351,0.0114228,0.01173215,0.01262415,0.013914949999999999,0.0177926,0,05_resultados\revisao_operacional\evento_adiantado_corrigido_v1\j00996.mat,evento_adiantado_corrigido_v1,,,,,7,1.00206387683294,,,50
j00997,montecarlo,perda_fonte,heuristico,{},592.6122638850534,592.6122638850534,1,14.754610453615202,14.754610453615202,150,150,150,150,57.93978528855198,56.5039066455025,60,24.16369944991276,850,0,0,0.02416369944991276,500,150,60,nan,0,nan,nan,nan,nan,nan,4.17e-05,8.1e-06,9.1e-06,1.1200000000000001e-05,4.17e-05,nan,nan,nan,nan,nan,nan,nan,nan,nan,nan,0,05_resultados\revisao_operacional\campanha_v1\j00997.mat,campanha_v1,,,,,5,0.9591664191940332,,,51
j00998,montecarlo,perda_fonte,heuristico_foresight,{},402.9015293790226,402.9015293790226,1,14.620680256631648,14.620680256631648,150,150,150,150,57.54668202945504,56.12592450091872,60,25.879529823458643,850,0,0,0.025879529823458643,500,150,59.775564251996556,nan,0,nan,nan,nan,nan,nan,4.45e-05,8.9e-06,1.1e-05,1.415e-05,6.61e-05,nan,nan,nan,nan,nan,nan,nan,nan,nan,nan,0,05_resultados\revisao_operacional\campanha_v1\j00998.mat,campanha_v1,,,,,5,0.9591664191940332,,,51
j00999,montecarlo,perda_fonte,miope_qp,{},592.6116232891053,592.6116232891053,1,14.754610001373313,14.75461000137331,150,150,150,150,57.9147667951044,56.47501255161039,60,24.32134429297718,1150.0008251042025,0,0,0.02432134429297718,500,150,59.99996967342122,nan,0,nan,nan,nan,nan,nan,0.0016922,0.0005719,0.00065795,0.00080685,0.0016922,0.0015467,0.0005093,0.0005858,0.00071995,0.0015467,nan,nan,nan,nan,nan,0,05_resultados\revisao_operacional\campanha_v1\j00999.mat,campanha_v1,,,,,5,0.9591664191940332,,,51
j01000,montecarlo,perda_fonte,mpc_qp_v5,{},352.23483595481844,352.23483595481844,1,14.587352743683336,14.58491106178714,150,150,150,150,57.26225799943322,55.87803321537396,60.012706140702065,26.991964420369058,1813.7368282885595,0,2.083333333333333,0.02699196442036906,500,150,59.61223922120273,0.11710985194959278,853,0,0,0.003374970376910369,333283.200808402,4015243775612013.0,0.0203222,0.02229615,0.03206985,0.04140065,0.089266,0.0137791,0.01761565,0.026793900000000002,0.03599365,0.0840343,0.0048697,0.00452925,0.005366050000000001,0.00591515,0.0096844,0,05_resultados\revisao_operacional\campanha_v1\j01000.mat,campanha_v1,,,,,5,0.9591664191940332,,,51
j01001,montecarlo,perda_fonte,mpc_qp_estocastico_3cen,{},350.0012186392628,350.0012186392628,1,14.583334193672107,14.583334193672107,150,150,150,150,51.712431905022676,51.712431905022676,60,39.36594845114312,1783.2915467611087,0,0.25,0.03936594845114312,500,150,57.42671062079497,0.12813994681054197,177,0,0,3.183231456205249e-12,666566.4042708572,8858386386927326.0,0.0434767,0.0529607,0.07599745,0.1081317,0.1406904,0.0294979,0.040972949999999994,0.0636554,0.09578110000000001,0.1285633,0.0111064,0.0114621,0.012333,0.01285725,0.0144188,0,05_resultados\revisao_operacional\evento_adiantado_corrigido_v1\j01001.mat,evento_adiantado_corrigido_v1,,,,,5,0.9591664191940332,,,51
j01002,montecarlo,perda_fonte,heuristico,{},592.6122638850534,592.6122638850534,1,14.754610453615202,14.754610453615202,150,150,150,150,57.93978528855198,56.5039066455025,60,24.16369944991276,850,0,0,0.02416369944991276,500,150,60,nan,0,nan,nan,nan,nan,nan,4.2e-05,8.1e-06,9.2e-06,1.075e-05,4.2e-05,nan,nan,nan,nan,nan,nan,nan,nan,nan,nan,0,05_resultados\revisao_operacional\campanha_v1\j01002.mat,campanha_v1,,,,,13,1.0882301041070486,,,52
j01003,montecarlo,perda_fonte,heuristico_foresight,{},582.8030994327632,582.8030994327632,1,14.747685472112389,14.747685472112389,150,150,150,150,55.230280344216276,55.230280344216276,60,22.656168364979965,783.8274219197136,0,0,0.022656168364979964,500,150,59.52857549083506,nan,0,nan,nan,nan,nan,nan,4.6e-05,8.5e-06,1.1e-05,1.33e-05,5.21e-05,nan,nan,nan,nan,nan,nan,nan,nan,nan,nan,0,05_resultados\revisao_operacional\campanha_v1\j01003.mat,campanha_v1,,,,,13,1.0882301041070486,,,52
j01004,montecarlo,perda_fonte,miope_qp,{},592.6116232891053,592.6116232891053,1,14.754610001373313,14.75461000137331,150,150,150,150,57.9147667951044,56.47501255161039,60,24.32134429297718,1150.0008251042025,0,0,0.02432134429297718,500,150,59.99996967342122,nan,0,nan,nan,nan,nan,nan,0.0012076,0.0005733,0.0006953,0.0010052,0.0012076,0.0010572,0.0005109,0.00062435,0.00089535,0.0010572,nan,nan,nan,nan,nan,0,05_resultados\revisao_operacional\campanha_v1\j01004.mat,campanha_v1,,,,,13,1.0882301041070486,,,52
j01005,montecarlo,perda_fonte,mpc_qp_v5,{},527.8515986603825,527.8515986603825,1,14.708891329334785,14.708891329334783,150,150,150,150,54.1337586213728,54.1337586213728,60,27.86464654847889,1637.0074788056268,0,1.8333333333333333,0.02786464654847889,500,150,59.26382809904323,7.105427357601002e-15,0,0,3.392115974640514e-10,1.297160224567051e-06,333283.2021354289,4843142611315303.0,0.024833,0.0284562,0.0341062,0.0450705,0.05398,0.0169728,0.0231808,0.028716949999999998,0.0396467,0.0487255,0.0052034,0.00500995,0.00568355,0.0061129,0.0069445,0,05_resultados\revisao_operacional\campanha_v1\j01005.mat,campanha_v1,,,,,13,1.0882301041070486,,,52
j01006,montecarlo,perda_fonte,mpc_qp_estocastico_3cen,{},350.0273373432037,350.0273373432037,1,14.583352632709742,14.583352632709742,150,150,150,150,44.59445719747934,44.59445719747934,60,73.17632831197383,2532.2879169234975,0,0.4166666666666667,0.07317632831197383,500,150,54.26618873551064,7.105427357601002e-15,0,0,0,0.001013817118746374,666566.4042708572,9686285222630616.0,0.0470249,0.059997800000000004,0.0783312,0.105103,0.1536592,0.0331023,0.0479975,0.0659186,0.0931535,0.1414115,0.0113323,0.0115502,0.01310495,0.01415055,0.0181755,0,05_resultados\revisao_operacional\evento_adiantado_corrigido_v1\j01006.mat,evento_adiantado_corrigido_v1,,,,,13,1.0882301041070486,,,52
j01007,montecarlo,perda_fonte,heuristico,{},592.6122638850534,592.6122638850534,1,14.754610453615202,14.754610453615202,150,150,150,150,57.93978528855198,56.5039066455025,60,24.16369944991276,850,0,0,0.02416369944991276,500,150,60,nan,0,nan,nan,nan,nan,nan,4.12e-05,8.1e-06,9.75e-06,2.0249999999999998e-05,4.12e-05,nan,nan,nan,nan,nan,nan,nan,nan,nan,nan,0,05_resultados\revisao_operacional\campanha_v1\j01007.mat,campanha_v1,,,,,3,1.1186445240260476,,,53
j01008,montecarlo,perda_fonte,heuristico_foresight,{},568.9676407990776,568.9676407990776,1,14.737918045377194,14.737918045377194,150,150,150,150,54.058800981587645,54.058800981587645,60,28.220695337448884,761.0166069804643,0,0,0.028220695337448885,500,150,58.86364889823819,nan,0,nan,nan,nan,nan,nan,4.42e-05,8.6e-06,9.5e-06,1.23e-05,4.42e-05,nan,nan,nan,nan,nan,nan,nan,nan,nan,nan,0,05_resultados\revisao_operacional\campanha_v1\j01008.mat,campanha_v1,,,,,3,1.1186445240260476,,,53
j01009,montecarlo,perda_fonte,miope_qp,{},592.6116232891053,592.6116232891053,1,14.754610001373313,14.75461000137331,150,150,150,150,57.9147667951044,56.47501255161039,60,24.32134429297718,1150.0008251042025,0,0,0.02432134429297718,500,150,59.99996967342122,nan,0,nan,nan,nan,nan,nan,0.0012314,0.00057595,0.00067205,0.0008246,0.0012314,0.0010924,0.0005127,0.0005947000000000001,0.0007366,0.0010924,nan,nan,nan,nan,nan,0,05_resultados\revisao_operacional\campanha_v1\j01009.mat,campanha_v1,,,,,3,1.1186445240260476,,,53
j01010,montecarlo,perda_fonte,mpc_qp_v5,{},351.06556382230144,351.06556382230144,1,14.584085590050934,14.584085590050933,150,150,150,150,52.73982822736608,52.73982822736608,60,34.48581592001027,1620.4833418499495,0,2.25,0.034485815920010265,500,150,58.362862993533746,7.105427357601002e-15,0,0,0,6.35731998954725e-06,333283.2021354289,4843142611315303.0,0.024796,0.0285441,0.0342471,0.04605935,0.0991257,0.0168324,0.02322125,0.0287617,0.04072865,0.0940095,0.0054544,0.00501945,0.005630400000000001,0.0059215,0.0077427,0,05_resultados\revisao_operacional\campanha_v1\j01010.mat,campanha_v1,,,,,3,1.1186445240260476,,,53
j01011,montecarlo,perda_fonte,mpc_qp_estocastico_3cen,{},350.00367926820275,350.00367926820275,1,14.583335930797357,14.583335930797354,150,150,150,150,43.151197451210464,43.151197451210464,60,80.03181210674956,3952.4718638449813,0,0.8333333333333334,0.08003181210674956,500,150,53.529172368689956,7.105427357601002e-15,0,0,0,0.0015958673918703425,666566.4042708572,9686285222630616.0,0.050569,0.06369025,0.07677895000000001,0.11757515,0.1780615,0.0358519,0.0517787,0.0643967,0.105226,0.1655141,0.011747,0.0115113,0.01250905,0.01316735,0.0150058,0,05_resultados\revisao_operacional\evento_adiantado_corrigido_v1\j01011.mat,evento_adiantado_corrigido_v1,,,,,3,1.1186445240260476,,,53
j01012,montecarlo,perda_fonte,heuristico,{},592.6122638850534,592.6122638850534,1,14.754610453615202,14.754610453615202,150,150,150,150,57.93978528855198,56.5039066455025,60,24.16369944991276,850,0,0,0.02416369944991276,500,150,60,nan,0,nan,nan,nan,nan,nan,4.09e-05,7.9e-06,9.05e-06,1.08e-05,4.09e-05,nan,nan,nan,nan,nan,nan,nan,nan,nan,nan,0,05_resultados\revisao_operacional\campanha_v1\j01012.mat,campanha_v1,,,,,4,1.012640076413639,,,54
j01013,montecarlo,perda_fonte,heuristico_foresight,{},394.81446450292935,394.81446450292935,1,14.614971026762849,14.614971026762849,150,150,150,150,57.55243982672598,56.12904340930077,60,25.878603897532717,850.0000000000001,0,0,0.02587860389753272,500,150,59.7564932906434,nan,0,nan,nan,nan,nan,nan,5.36e-05,8.8e-06,9.7e-06,1.085e-05,5.36e-05,nan,nan,nan,nan,nan,nan,nan,nan,nan,nan,0,05_resultados\revisao_operacional\campanha_v1\j01013.mat,campanha_v1,,,,,4,1.012640076413639,,,54
j01014,montecarlo,perda_fonte,miope_qp,{},592.6116232891053,592.6116232891053,1,14.754610001373313,14.75461000137331,150,150,150,150,57.9147667951044,56.47501255161039,60,24.32134429297718,1150.0008251042025,0,0,0.02432134429297718,500,150,59.99996967342122,nan,0,nan,nan,nan,nan,nan,0.0012776,0.0005739499999999999,0.0006678999999999999,0.0008138500000000001,0.0012776,0.0011315,0.000511,0.00059495,0.00073035,0.0011315,nan,nan,nan,nan,nan,0,05_resultados\revisao_operacional\campanha_v1\j01014.mat,campanha_v1,,,,,4,1.012640076413639,,,54
j01015,montecarlo,perda_fonte,mpc_qp_v5,{},350.50738635517723,350.50738635517723,1,14.583691533198705,14.583691533198701,150,150,150,150,56.98065463479364,55.85722683694116,60,25.59095040796393,1559.7644784062347,0,2.166666666666667,0.02559095040796393,500,150,59.573077815547194,0.012019607667880905,831,0,7.3022712224089e-12,0.0018615562477179992,333283.200808402,4015243775612013.0,0.0231234,0.0255589,0.0314501,0.040722350000000004,0.0456454,0.0153878,0.020709449999999997,0.02595025,0.0352508,0.0400364,0.0052307,0.0047637,0.00546815,0.0057662500000000005,0.0074215,0,05_resultados\revisao_operacional\campanha_v1\j01015.mat,campanha_v1,,,,,4,1.012640076413639,,,54
j01016,montecarlo,perda_fonte,mpc_qp_estocastico_3cen,{},350.00145786746344,350.00145786746344,1,14.583334362566132,14.583334362566132,150,150,150,150,48.871331937220326,48.871331937220326,60,52.86117329820378,1629.239267417229,0,0.08333333333333334,0.05286117329820378,500,150,56.07938132712954,0.1233887509957512,57,0,0,0.00032046099784110993,666566.4042708572,8858386386927326.0,0.0477859,0.051510600000000004,0.0763834,0.10538455,0.1404107,0.0327185,0.0396169,0.06367705,0.0934873,0.1278243,0.0122688,0.01150735,0.01233855,0.012791150000000001,0.0141909,0,05_resultados\revisao_operacional\evento_adiantado_corrigido_v1\j01016.mat,evento_adiantado_corrigido_v1,,,,,4,1.012640076413639,,,54
j01017,montecarlo,perda_fonte,heuristico,{},592.6122638850534,592.6122638850534,1,14.754610453615202,14.754610453615202,150,150,150,150,57.93978528855198,56.5039066455025,60,24.16369944991276,850,0,0,0.02416369944991276,500,150,60,nan,0,nan,nan,nan,nan,nan,4.34e-05,8e-06,9.2e-06,1.25e-05,4.34e-05,nan,nan,nan,nan,nan,nan,nan,nan,nan,nan,0,05_resultados\revisao_operacional\campanha_v1\j01017.mat,campanha_v1,,,,,-5,0.8237872084371128,,,55
j01018,montecarlo,perda_fonte,heuristico_foresight,{},351.02328610238675,351.02328610238675,1,14.584055743214991,14.584055743214991,150,150,150,150,57.42468397877276,55.993370894680886,60,26.564715008643827,850.0000000000001,0,0,0.026564715008643828,500,150,59.55715381817394,nan,0,nan,nan,nan,nan,nan,4.7e-05,8.9e-06,9.7e-06,1.22e-05,4.7e-05,nan,nan,nan,nan,nan,nan,nan,nan,nan,nan,0,05_resultados\revisao_operacional\campanha_v1\j01018.mat,campanha_v1,,,,,-5,0.8237872084371128,,,55
j01019,montecarlo,perda_fonte,miope_qp,{},592.6116232891053,592.6116232891053,1,14.754610001373313,14.75461000137331,150,150,150,150,57.9147667951044,56.47501255161039,60,24.32134429297718,1150.0008251042025,0,0,0.02432134429297718,500,150,59.99996967342122,nan,0,nan,nan,nan,nan,nan,0.0012392,0.000572,0.0006674999999999999,0.00081955,0.0012392,0.0010935,0.0005092499999999999,0.0005938499999999999,0.00073405,0.0010935,nan,nan,nan,nan,nan,0,05_resultados\revisao_operacional\campanha_v1\j01019.mat,campanha_v1,,,,,-5,0.8237872084371128,,,55
j01020,montecarlo,perda_fonte,mpc_qp_v5,{},350.0238259199083,350.0238259199083,1,14.588045806028484,14.58335015374409,150,150,150,150,57.01637021886512,55.62101609761691,60.05717216146155,28.71661647541859,1818.7635476797582,0,1.1666666666666667,0.02871661647541859,500,150,59.261975410902615,0.11695711100331607,852,0,0,0.0017199844249944363,333283.200808402,4015243775612013.0,0.0210683,0.021682550000000002,0.03159645,0.0393777,0.096893,0.0142203,0.017006550000000002,0.0267233,0.03426145,0.0921218,0.004515,0.00444325,0.00508455,0.0053292,0.0055755,0,05_resultados\revisao_operacional\campanha_v1\j01020.mat,campanha_v1,,,,,-5,0.8237872084371128,,,55
j01021,montecarlo,perda_fonte,mpc_qp_estocastico_3cen,{},350.0000015001805,350.0000015001805,1,14.587876854971658,14.583333334420917,150,150,150,150,56.626429237006164,55.23115557572633,60.03895356255335,30.385604773391712,855.4713733828158,0,0,0.030385604773391712,500,150,58.87213212805628,0.11701932524795211,852,0,0,2.2737367544323206e-13,666566.4016168036,8030487551224027.0,0.0403032,0.045792349999999996,0.0634192,0.09757185,0.1141843,0.0262937,0.034145499999999995,0.05009,0.0853275,0.1021481,0.0113381,0.0113709,0.01223375,0.01328645,0.0248312,0,05_resultados\revisao_operacional\evento_adiantado_corrigido_v1\j01021.mat,evento_adiantado_corrigido_v1,,,,,-5,0.8237872084371128,,,55
j01022,montecarlo,perda_fonte,heuristico,{},592.6122638850534,592.6122638850534,1,14.754610453615202,14.754610453615202,150,150,150,150,57.93978528855198,56.5039066455025,60,24.16369944991276,850,0,0,0.02416369944991276,500,150,60,nan,0,nan,nan,nan,nan,nan,4.31e-05,8e-06,9.1e-06,1.16e-05,4.31e-05,nan,nan,nan,nan,nan,nan,nan,nan,nan,nan,0,05_resultados\revisao_operacional\campanha_v1\j01022.mat,campanha_v1,,,,,-6,1.1796140408767144,,,56
j01023,montecarlo,perda_fonte,heuristico_foresight,{},355.7747280658972,355.7747280658972,1,14.587410121446597,14.587410121446595,150,150,150,150,51.16827469625088,51.16827469625088,60,41.95069519279822,715.2894693424641,0,0,0.04195069519279822,500,150,57.42921810418859,nan,0,nan,nan,nan,nan,nan,4.02e-05,8.5e-06,9.5e-06,1.2899999999999998e-05,4.07e-05,nan,nan,nan,nan,nan,nan,nan,nan,nan,nan,0,05_resultados\revisao_operacional\campanha_v1\j01023.mat,campanha_v1,,,,,-6,1.1796140408767144,,,56
j01024,montecarlo,perda_fonte,miope_qp,{},592.6116232891053,592.6116232891053,1,14.754610001373313,14.75461000137331,150,150,150,150,57.9147667951044,56.47501255161039,60,24.32134429297718,1150.0008251042025,0,0,0.02432134429297718,500,150,59.99996967342122,nan,0,nan,nan,nan,nan,nan,0.0012518,0.0005738,0.0006644,0.0008147,0.0012518,0.0011148,0.0005108,0.0005916000000000001,0.00072195,0.0011148,nan,nan,nan,nan,nan,0,05_resultados\revisao_operacional\campanha_v1\j01024.mat,campanha_v1,,,,,-6,1.1796140408767144,,,56
j01025,montecarlo,perda_fonte,mpc_qp_v5,{},350.00486880848996,350.00486880848996,1,14.58333677057769,14.583336770577686,150,150,150,150,49.8207928910208,49.8207928910208,60,48.351233767650555,1344.9845306798109,0,2.5,0.048351233767650555,500,150,56.78271790413806,7.105427357601002e-15,0,0,0,0.001081137197161297,333283.2021354289,4843142611315303.0,0.0239541,0.0291634,0.034481849999999994,0.0445206,0.0532771,0.0168717,0.024260999999999998,0.029532700000000002,0.039387000000000005,0.0484122,0.004737,0.0046319,0.005124999999999999,0.00536505,0.0069491,0,05_resultados\revisao_operacional\campanha_v1\j01025.mat,campanha_v1,,,,,-6,1.1796140408767144,,,56
j01026,montecarlo,perda_fonte,mpc_qp_estocastico_3cen,{},350.00000032758885,350.00000032758885,1,14.583333333577961,14.583333333577961,150,150,150,150,39.8715299371757,39.8715299371757,60,95.6102327984166,1916.5749372047849,0,0.4166666666666667,0.0956102327984166,500,150,51.916408404839316,7.105427357601002e-15,0,0,0,0.023547235664864274,666566.4042708572,9686285222630616.0,0.0532314,0.05601865,0.07607235,0.1234128,0.159152,0.0385595,0.0440968,0.06403710000000001,0.11155200000000001,0.1464332,0.0116015,0.0115803,0.012509349999999999,0.01347865,0.0161599,0,05_resultados\revisao_operacional\evento_adiantado_corrigido_v1\j01026.mat,evento_adiantado_corrigido_v1,,,,,-6,1.1796140408767144,,,56
j01027,montecarlo,perda_fonte,heuristico,{},592.6122638850534,592.6122638850534,1,14.754610453615202,14.754610453615202,150,150,150,150,57.93978528855198,56.5039066455025,60,24.16369944991276,850,0,0,0.02416369944991276,500,150,60,nan,0,nan,nan,nan,nan,nan,4.46e-05,8.1e-06,9.2e-06,1.0500000000000001e-05,4.46e-05,nan,nan,nan,nan,nan,nan,nan,nan,nan,nan,0,05_resultados\revisao_operacional\campanha_v1\j01027.mat,campanha_v1,,,,,9,1.0648176642541625,,,57
j01028,montecarlo,perda_fonte,heuristico_foresight,{},435.2496593255132,435.2496593255132,1,14.643517084642799,14.643517084642799,150,150,150,150,57.51585356941604,56.10565159643527,60,25.92027056419938,850,0,0,0.02592027056419938,500,150,59.8440508457096,nan,0,nan,nan,nan,nan,nan,4.83e-05,9e-06,1.025e-05,1.7749999999999998e-05,4.83e-05,nan,nan,nan,nan,nan,nan,nan,nan,nan,nan,0,05_resultados\revisao_operacional\campanha_v1\j01028.mat,campanha_v1,,,,,9,1.0648176642541625,,,57
j01029,montecarlo,perda_fonte,miope_qp,{},592.6116232891053,592.6116232891053,1,14.754610001373313,14.75461000137331,150,150,150,150,57.9147667951044,56.47501255161039,60,24.32134429297718,1150.0008251042025,0,0,0.02432134429297718,500,150,59.99996967342122,nan,0,nan,nan,nan,nan,nan,0.001288,0.00059515,0.0006786,0.0008195,0.001288,0.0011402,0.0005295499999999999,0.00060635,0.00073935,0.0011402,nan,nan,nan,nan,nan,0,05_resultados\revisao_operacional\campanha_v1\j01029.mat,campanha_v1,,,,,9,1.0648176642541625,,,57
j01030,montecarlo,perda_fonte,mpc_qp_v5,{},358.11021533290295,358.11021533290295,1,14.589058906752308,14.589058906752307,150,150,150,150,55.84660927530632,55.800816509612524,60,20.18713613562256,1487.0067967702348,0,2.25,0.02018713613562256,500,150,59.66248629127383,0.0004181784120191878,817,0,5.406712681857659e-10,0.00032640716267451353,333283.200808402,4015243775612013.0,0.0229045,0.02588895,0.03247645,0.040112,0.045497,0.0153156,0.0210257,0.02704005,0.034948900000000005,0.0401964,0.0054626,0.004724,0.0054214,0.00575205,0.0074327,0,05_resultados\revisao_operacional\campanha_v1\j01030.mat,campanha_v1,,,,,9,1.0648176642541625,,,57
j01031,montecarlo,perda_fonte,mpc_qp_estocastico_3cen,{},350.00892829855417,350.00892829855417,1,14.583339636477254,14.583339636477254,150,150,150,150,46.17930476988429,46.17930476988429,60,65.64847486681951,2375.962626459012,0,0.4166666666666667,0.06564847486681952,500,150,54.94159478108297,0.132170691607584,295,0,0,0.0013444018829886772,666566.4042708572,8858386386927326.0,0.0474372,0.05161395,0.07820095,0.10904295,0.1496774,0.0326828,0.0396462,0.06624935000000001,0.0967838,0.1373968,0.0117463,0.0115482,0.01263325,0.01377285,0.0150464,0,05_resultados\revisao_operacional\evento_adiantado_corrigido_v1\j01031.mat,evento_adiantado_corrigido_v1,,,,,9,1.0648176642541625,,,57
j01032,montecarlo,perda_fonte,heuristico,{},592.6122638850534,592.6122638850534,1,14.754610453615202,14.754610453615202,150,150,150,150,57.93978528855198,56.5039066455025,60,24.16369944991276,850,0,0,0.02416369944991276,500,150,60,nan,0,nan,nan,nan,nan,nan,3.99e-05,7.9e-06,9.4e-06,1.8e-05,3.99e-05,nan,nan,nan,nan,nan,nan,nan,nan,nan,nan,0,05_resultados\revisao_operacional\campanha_v1\j01032.mat,campanha_v1,,,,,-12,1.154326715057987,,,58
j01033,montecarlo,perda_fonte,heuristico_foresight,{},350.30480107330106,350.30480107330106,1,14.583548513923379,14.583548513923375,150,150,150,150,52.20606683906763,52.20606683906763,60,37.02118251442972,734.2549637065098,0,0,0.03702118251442972,500,150,57.8595315969569,nan,0,nan,nan,nan,nan,nan,4.53e-05,8.4e-06,9.45e-06,1.145e-05,4.53e-05,nan,nan,nan,nan,nan,nan,nan,nan,nan,nan,0,05_resultados\revisao_operacional\campanha_v1\j01033.mat,campanha_v1,,,,,-12,1.154326715057987,,,58
j01034,montecarlo,perda_fonte,miope_qp,{},592.6116232891053,592.6116232891053,1,14.754610001373313,14.75461000137331,150,150,150,150,57.9147667951044,56.47501255161039,60,24.32134429297718,1150.0008251042025,0,0,0.02432134429297718,500,150,59.99996967342122,nan,0,nan,nan,nan,nan,nan,0.0012366,0.0005734,0.0006791,0.00083855,0.0012366,0.0010985,0.00051015,0.00059925,0.0007528999999999999,0.0010985,nan,nan,nan,nan,nan,0,05_resultados\revisao_operacional\campanha_v1\j01034.mat,campanha_v1,,,,,-12,1.154326715057987,,,58
j01035,montecarlo,perda_fonte,mpc_qp_v5,{},350.00086090111495,350.00086090111495,1,14.583333941110789,14.583333941110787,150,150,150,150,50.89318377259943,50.89318377259943,60,43.2573770801522,1732.8992171463406,0,2.3333333333333335,0.043257377080152204,500,150,57.28245426258872,7.105427357601002e-15,0,0,0,0.00684509747827633,333283.2021354289,4843142611315303.0,0.0257611,0.02961295,0.036030599999999996,0.044835150000000004,0.0918459,0.01841,0.02445215,0.03010665,0.0389453,0.0865867,0.0050466,0.00481405,0.00545415,0.00592815,0.0068653,0,05_resultados\revisao_operacional\campanha_v1\j01035.mat,campanha_v1,,,,,-12,1.154326715057987,,,58
j01036,montecarlo,perda_fonte,mpc_qp_estocastico_3cen,{},350.0000001379731,350.0000001379731,1,14.583333333453616,14.583333333453616,150,150,150,150,41.0873638358539,41.0873638358539,60,89.83502177969326,1854.6152749502342,0,0.25,0.08983502177969327,500,150,52.430108610073155,7.105427357601002e-15,0,0,0,5.4569682106375694e-12,666566.4042708572,9686285222630616.0,0.0512212,0.0572103,0.0723831,0.11216945,0.1392123,0.036318,0.045395950000000004,0.0606644,0.09934175,0.1273327,0.0119049,0.011481149999999999,0.0124087,0.013084100000000001,0.0154255,0,05_resultados\revisao_operacional\evento_adiantado_corrigido_v1\j01036.mat,evento_adiantado_corrigido_v1,,,,,-12,1.154326715057987,,,58
j01037,montecarlo,perda_fonte,heuristico,{},592.6122638850534,592.6122638850534,1,14.754610453615202,14.754610453615202,150,150,150,150,57.93978528855198,56.5039066455025,60,24.16369944991276,850,0,0,0.02416369944991276,500,150,60,nan,0,nan,nan,nan,nan,nan,4.25e-05,8e-06,1.03e-05,1.325e-05,4.25e-05,nan,nan,nan,nan,nan,nan,nan,nan,nan,nan,0,05_resultados\revisao_operacional\campanha_v1\j01037.mat,campanha_v1,,,,,-8,1.105745779528417,,,59
j01038,montecarlo,perda_fonte,heuristico_foresight,{},352.49769405620896,352.49769405620896,1,14.58509663185107,14.58509663185107,150,150,150,150,54.499073847901236,54.499073847901236,60,26.129399222469885,770.6906653536873,0,0,0.026129399222469884,500,150,58.98358868111187,nan,0,nan,nan,nan,nan,nan,4.22e-05,8.5e-06,9.6e-06,1.42e-05,4.22e-05,nan,nan,nan,nan,nan,nan,nan,nan,nan,nan,0,05_resultados\revisao_operacional\campanha_v1\j01038.mat,campanha_v1,,,,,-8,1.105745779528417,,,59
j01039,montecarlo,perda_fonte,miope_qp,{},592.6116232891053,592.6116232891053,1,14.754610001373313,14.75461000137331,150,150,150,150,57.9147667951044,56.47501255161039,60,24.32134429297718,1150.0008251042025,0,0,0.02432134429297718,500,150,59.99996967342122,nan,0,nan,nan,nan,nan,nan,0.0012793,0.0005741,0.00067935,0.00082485,0.0012793,0.001123,0.0005112,0.00060235,0.00074445,0.001123,nan,nan,nan,nan,nan,0,05_resultados\revisao_operacional\campanha_v1\j01039.mat,campanha_v1,,,,,-8,1.105745779528417,,,59
j01040,montecarlo,perda_fonte,mpc_qp_v5,{},350.0106345190131,350.0106345190131,1,14.583340840998238,14.583340840998236,150,150,150,150,53.15365433351337,53.15365433351337,60,32.5201419158113,2094.0767343229636,0,1.9166666666666665,0.032520141915811304,500,150,58.43780288393641,7.105427357601002e-15,0,0,0,0.0006611758276449109,333283.2021354289,4843142611315303.0,0.0252684,0.02794135,0.03413,0.04538285,0.0955486,0.0178333,0.0229737,0.02893005,0.04033925,0.0905005,0.0050949,0.0046786499999999995,0.00520525,0.00550065,0.005759,0,05_resultados\revisao_operacional\campanha_v1\j01040.mat,campanha_v1,,,,,-8,1.105745779528417,,,59
j01041,montecarlo,perda_fonte,mpc_qp_estocastico_3cen,{},350.00000036756467,350.00000036756467,1,14.583333333605438,14.583333333605436,150,150,150,150,43.550111046447945,43.550111046447945,60,78.13697252937237,1958.9989152036926,0,0.16666666666666669,0.07813697252937238,500,150,53.54986375747529,7.105427357601002e-15,0,0,0,4.547473508864641e-12,666566.4042708572,9686285222630616.0,0.048318,0.06550515000000001,0.08094865,0.10799020000000001,0.1495475,0.0338558,0.053348099999999996,0.0681095,0.0958293,0.1380649,0.0118385,0.011711,0.0136988,0.014931199999999999,0.0177573,0,05_resultados\revisao_operacional\evento_adiantado_corrigido_v1\j01041.mat,evento_adiantado_corrigido_v1,,,,,-8,1.105745779528417,,,59
j01042,montecarlo,perda_fonte,heuristico,{},592.6122638850534,592.6122638850534,1,14.754610453615202,14.754610453615202,150,150,150,150,57.93978528855198,56.5039066455025,60,24.16369944991276,850,0,0,0.02416369944991276,500,150,60,nan,0,nan,nan,nan,nan,nan,3.97e-05,8e-06,9.1e-06,1.065e-05,3.97e-05,nan,nan,nan,nan,nan,nan,nan,nan,nan,nan,0,05_resultados\revisao_operacional\campanha_v1\j01042.mat,campanha_v1,,,,,-1,0.9870807400128295,,,60
j01043,montecarlo,perda_fonte,heuristico_foresight,{},357.5611184157917,357.5611184157917,1,14.588671260475307,14.588671260475307,150,150,150,150,57.51825123023475,56.08693814614288,60,26.12027056419938,850.0000000000001,0,0,0.02612027056419938,500,150,59.64974938179165,nan,0,nan,nan,nan,nan,nan,4.74e-05,9e-06,1.0549999999999999e-05,1.81e-05,4.74e-05,nan,nan,nan,nan,nan,nan,nan,nan,nan,nan,0,05_resultados\revisao_operacional\campanha_v1\j01043.mat,campanha_v1,,,,,-1,0.9870807400128295,,,60
j01044,montecarlo,perda_fonte,miope_qp,{},592.6116232891053,592.6116232891053,1,14.754610001373313,14.75461000137331,150,150,150,150,57.9147667951044,56.47501255161039,60,24.32134429297718,1150.0008251042025,0,0,0.02432134429297718,500,150,59.99996967342122,nan,0,nan,nan,nan,nan,nan,0.0012741,0.0005925,0.0006696499999999999,0.0008389000000000001,0.0012741,0.0011242,0.0005272499999999999,0.0005959,0.00075715,0.0011242,nan,nan,nan,nan,nan,0,05_resultados\revisao_operacional\campanha_v1\j01044.mat,campanha_v1,,,,,-1,0.9870807400128295,,,60
j01045,montecarlo,perda_fonte,mpc_qp_v5,{},350.0819996813175,350.0819996813175,1,14.585292204984853,14.583391222718083,150,150,150,150,57.10204487990485,55.707403947713836,60.00303265857298,27.760413170075374,1596.767356449043,0,1.7500000000000002,0.027760413170075375,500,150,59.34839562382105,0.11714177159604588,892,0,0,0.0038501740860965583,333283.200808402,4015243775612013.0,0.0226091,0.022885700000000002,0.03144165,0.0399264,0.0718098,0.0151163,0.01794095,0.0258032,0.03440735,0.0655823,0.0053634,0.004814199999999999,0.00547845,0.0057074,0.0080075,0,05_resultados\revisao_operacional\campanha_v1\j01045.mat,campanha_v1,,,,,-1,0.9870807400128295,,,60
j01046,montecarlo,perda_fonte,mpc_qp_estocastico_3cen,{},350.0004226311686,350.0004226311686,1,14.583333631708154,14.583333631708152,150,150,150,150,50.218278414044235,50.218278414044235,60,46.46317753328982,2120.535158240753,0,0.16666666666666669,0.04646317753328982,500,150,56.64691670720137,0.1223608621214396,57,0,0,0.013070675065137038,666566.4042708572,8858386386927326.0,0.0478018,0.0524851,0.07187869999999999,0.1085502,0.1505951,0.0321795,0.0405166,0.056678599999999996,0.09623999999999999,0.1380092,0.0126941,0.0116171,0.01346115,0.014930249999999999,0.0174808,0,05_resultados\revisao_operacional\evento_adiantado_corrigido_v1\j01046.mat,evento_adiantado_corrigido_v1,,,,,-1,0.9870807400128295,,,60
j01047,montecarlo,perda_fonte,heuristico,{},592.6122638850534,592.6122638850534,1,14.754610453615202,14.754610453615202,150,150,150,150,57.93978528855198,56.5039066455025,60,24.16369944991276,850,0,0,0.02416369944991276,500,150,60,nan,0,nan,nan,nan,nan,nan,4.46e-05,8e-06,9.1e-06,1.065e-05,4.46e-05,nan,nan,nan,nan,nan,nan,nan,nan,nan,nan,0,05_resultados\revisao_operacional\campanha_v1\j01047.mat,campanha_v1,,,,,10,1.13334693038439,,,61
j01048,montecarlo,perda_fonte,heuristico_foresight,{},562.279545628161,562.279545628161,1,14.733196446960436,14.733196446960436,150,150,150,150,53.24072950446661,53.24072950446661,60,32.10653485379298,749.9898022117076,0,0,0.03210653485379298,500,150,58.5422217268905,nan,0,nan,nan,nan,nan,nan,4.13e-05,8.4e-06,9.2e-06,1.0350000000000001e-05,4.13e-05,nan,nan,nan,nan,nan,nan,nan,nan,nan,nan,0,05_resultados\revisao_operacional\campanha_v1\j01048.mat,campanha_v1,,,,,10,1.13334693038439,,,61
j01049,montecarlo,perda_fonte,miope_qp,{},592.6116232891053,592.6116232891053,1,14.754610001373313,14.75461000137331,150,150,150,150,57.9147667951044,56.47501255161039,60,24.32134429297718,1150.0008251042025,0,0,0.02432134429297718,500,150,59.99996967342122,nan,0,nan,nan,nan,nan,nan,0.00123,0.0005907,0.0008877500000000001,0.0017779,0.0022186,0.0010876,0.0005262,0.00080305,0.0015478,0.0019289,nan,nan,nan,nan,nan,0,05_resultados\revisao_operacional\campanha_v1\j01049.mat,campanha_v1,,,,,10,1.13334693038439,,,61
j01050,montecarlo,perda_fonte,mpc_qp_v5,{},384.0480074141809,384.0480074141809,1,14.607370224829351,14.60737022482935,150,150,150,150,52.082834331694436,52.082834331694436,60,37.60653692445099,1593.6871850482898,0,2.4166666666666665,0.03760653692445099,500,150,58.175835642166575,7.105427357601002e-15,0,0,0,0.0016738936542992633,333283.2021354289,4843142611315303.0,0.0245407,0.0298818,0.0350071,0.04500045,0.0525096,0.0169563,0.0245173,0.029542350000000002,0.03970695,0.0472275,0.0050445,0.0050970500000000005,0.00585785,0.0063139500000000005,0.0131993,0,05_resultados\revisao_operacional\campanha_v1\j01050.mat,campanha_v1,,,,,10,1.13334693038439,,,61
j01051,montecarlo,perda_fonte,mpc_qp_estocastico_3cen,{},350.0143515298683,350.0143515298683,1,14.583343465118835,14.583343465118835,150,150,150,150,42.36706435786366,42.36706435786366,60,83.75644430014826,3076.7872180027807,0,0.75,0.08375644430014827,500,150,53.22340799986389,7.105427357601002e-15,0,0,0,0.0012286918254176271,666566.4042708572,9686285222630616.0,0.05129,0.0615,0.07852845,0.11826295,0.1688455,0.0364362,0.0495609,0.06711245,0.106301,0.1577515,0.0117623,0.011585149999999999,0.0132175,0.014637299999999999,0.0167316,0,05_resultados\revisao_operacional\evento_adiantado_corrigido_v1\j01051.mat,evento_adiantado_corrigido_v1,,,,,10,1.13334693038439,,,61
j01052,montecarlo,perda_fonte,heuristico,{},592.6122638850534,592.6122638850534,1,14.754610453615202,14.754610453615202,150,150,150,150,57.93978528855198,56.5039066455025,60,24.16369944991276,850,0,0,0.02416369944991276,500,150,60,nan,0,nan,nan,nan,nan,nan,3.84e-05,7.9e-06,9.1e-06,1.77e-05,3.84e-05,nan,nan,nan,nan,nan,nan,nan,nan,nan,nan,0,05_resultados\revisao_operacional\campanha_v1\j01052.mat,campanha_v1,,,,,11,1.0913074772456774,,,62
j01053,montecarlo,perda_fonte,heuristico_foresight,{},581.4032085627973,581.4032085627973,1,14.746697190345106,14.746697190345106,150,150,150,150,55.13500909334164,55.13500909334164,60,23.10870680662689,781.519392065742,0,0,0.02310870680662689,500,150,59.46129729711361,nan,0,nan,nan,nan,nan,nan,4.34e-05,8.3e-06,9.4e-06,1.115e-05,4.34e-05,nan,nan,nan,nan,nan,nan,nan,nan,nan,nan,0,05_resultados\revisao_operacional\campanha_v1\j01053.mat,campanha_v1,,,,,11,1.0913074772456774,,,62
j01054,montecarlo,perda_fonte,miope_qp,{},592.6116232891053,592.6116232891053,1,14.754610001373313,14.75461000137331,150,150,150,150,57.9147667951044,56.47501255161039,60,24.32134429297718,1150.0008251042025,0,0,0.02432134429297718,500,150,59.99996967342122,nan,0,nan,nan,nan,nan,nan,0.0012359,0.0005639,0.00064645,0.0008119,0.0012359,0.0011017,0.0005019499999999999,0.00057695,0.00072495,0.0011017,nan,nan,nan,nan,nan,0,05_resultados\revisao_operacional\campanha_v1\j01054.mat,campanha_v1,,,,,11,1.0913074772456774,,,62
j01055,montecarlo,perda_fonte,mpc_qp_v5,{},508.41821773586884,508.41821773586884,1,14.695171934161484,14.695171934161483,150,150,150,150,54.03559057511084,54.03559057511084,60,28.33094476822333,1550.4816404183653,0,2.083333333333333,0.02833094476822333,500,150,59.19210571445472,7.105427357601002e-15,0,0,5.862281229349698e-10,0.0002054045977502028,333283.2021354289,4843142611315303.0,0.0236759,0.02825385,0.034363050000000006,0.046038,0.1033337,0.0167055,0.023220499999999998,0.0289849,0.0405921,0.0981686,0.0050425,0.0047254,0.0053166,0.00579245,0.0098631,0,05_resultados\revisao_operacional\campanha_v1\j01055.mat,campanha_v1,,,,,11,1.0913074772456774,,,62
j01056,montecarlo,perda_fonte,mpc_qp_estocastico_3cen,{},350.00312847438863,350.00312847438863,1,14.583335541961969,14.583335541961965,150,150,150,150,44.419114177450176,44.419114177450176,60,74.00920765711189,2004.7983812023876,0,0.4166666666666667,0.07400920765711189,500,150,54.14814748229682,7.105427357601002e-15,0,0,0,0.014406998056074372,666566.4042708572,9686285222630616.0,0.0474716,0.059035550000000006,0.079682,0.11442440000000001,0.1480457,0.0335009,0.0469469,0.0668185,0.10133465,0.1355748,0.0109362,0.0115464,0.0134534,0.01454965,0.036992,0,05_resultados\revisao_operacional\evento_adiantado_corrigido_v1\j01056.mat,evento_adiantado_corrigido_v1,,,,,11,1.0913074772456774,,,62
j01057,montecarlo,perda_fonte,heuristico,{},592.6122638850534,592.6122638850534,1,14.754610453615202,14.754610453615202,150,150,150,150,57.93978528855198,56.5039066455025,60,24.16369944991276,850,0,0,0.02416369944991276,500,150,60,nan,0,nan,nan,nan,nan,nan,4.26e-05,8e-06,9.1e-06,9.950000000000001e-06,4.26e-05,nan,nan,nan,nan,nan,nan,nan,nan,nan,nan,0,05_resultados\revisao_operacional\campanha_v1\j01057.mat,campanha_v1,,,,,-3,1.1443276246752738,,,63
j01058,montecarlo,perda_fonte,heuristico_foresight,{},378.05289972610916,378.05289972610916,1,14.603137855181087,14.603137855181087,150,150,150,150,52.84004467091506,52.84004467091506,60,34.00978781315046,741.7542814935447,0,0,0.03400978781315046,500,150,58.24885526170504,nan,0,nan,nan,nan,nan,nan,4.03e-05,8.5e-06,1.06e-05,2.06e-05,4.03e-05,nan,nan,nan,nan,nan,nan,nan,nan,nan,nan,0,05_resultados\revisao_operacional\campanha_v1\j01058.mat,campanha_v1,,,,,-3,1.1443276246752738,,,63
j01059,montecarlo,perda_fonte,miope_qp,{},592.6116232891053,592.6116232891053,1,14.754610001373313,14.75461000137331,150,150,150,150,57.9147667951044,56.47501255161039,60,24.32134429297718,1150.0008251042025,0,0,0.02432134429297718,500,150,59.99996967342122,nan,0,nan,nan,nan,nan,nan,0.0012741,0.0005683,0.00066305,0.000882,0.0012741,0.0011268,0.00050535,0.0005915499999999999,0.0007753,0.0011268,nan,nan,nan,nan,nan,0,05_resultados\revisao_operacional\campanha_v1\j01059.mat,campanha_v1,,,,,-3,1.1443276246752738,,,63
j01060,montecarlo,perda_fonte,mpc_qp_v5,{},350.03366749931354,350.03366749931354,1,14.583357101612565,14.583357101612563,150,150,150,150,51.49089915872613,51.49089915872613,60,40.418228996051006,1626.0031051576343,0,2.3333333333333335,0.040418228996051006,500,150,57.65414824429062,7.105427357601002e-15,0,0,0,3.619442281888041e-06,333283.2021354289,4843142611315303.0,0.0240754,0.02981665,0.0365077,0.0438329,0.0492675,0.0168258,0.024465399999999998,0.03104715,0.03804525,0.0436875,0.005302,0.0050889,0.005826,0.00639685,0.0080267,0,05_resultados\revisao_operacional\campanha_v1\j01060.mat,campanha_v1,,,,,-3,1.1443276246752738,,,63
j01061,montecarlo,perda_fonte,mpc_qp_estocastico_3cen,{},350.00000704671385,350.00000704671385,1,14.583333338319628,14.583333338319628,150,150,150,150,41.66665023026774,41.66665023026774,60,87.0834114062282,1870.2716075478018,0,0.16666666666666669,0.08708341140622819,500,150,52.73235342173528,7.105427357601002e-15,0,0,0,1.2050804798491299e-11,666566.4042708572,9686285222630616.0,0.0510427,0.0627961,0.0769708,0.1080691,0.1455421,0.0357511,0.0508458,0.0632527,0.09580415,0.1329965,0.0119159,0.01160805,0.013234,0.01430265,0.0173837,0,05_resultados\revisao_operacional\evento_adiantado_corrigido_v1\j01061.mat,evento_adiantado_corrigido_v1,,,,,-3,1.1443276246752738,,,63
j01062,montecarlo,perda_fonte,heuristico,{},592.6122638850534,592.6122638850534,1,14.754610453615202,14.754610453615202,150,150,150,150,57.93978528855198,56.5039066455025,60,24.16369944991276,850,0,0,0.02416369944991276,500,150,60,nan,0,nan,nan,nan,nan,nan,4e-05,8e-06,9.6e-06,1.61e-05,4e-05,nan,nan,nan,nan,nan,nan,nan,nan,nan,nan,0,05_resultados\revisao_operacional\campanha_v1\j01062.mat,campanha_v1,,,,,-7,0.9390645940370977,,,64
j01063,montecarlo,perda_fonte,heuristico_foresight,{},350.3764459195046,350.3764459195046,1,14.583599093076895,14.583599093076895,150,150,150,150,57.37790035304177,55.94658726894989,60,26.786937230866048,850,0,0,0.02678693723086605,500,150,59.51046632931412,nan,0,nan,nan,nan,nan,nan,4.6e-05,8.9e-06,1.04e-05,1.785e-05,4.6e-05,nan,nan,nan,nan,nan,nan,nan,nan,nan,nan,0,05_resultados\revisao_operacional\campanha_v1\j01063.mat,campanha_v1,,,,,-7,0.9390645940370977,,,64
j01064,montecarlo,perda_fonte,miope_qp,{},592.6116232891053,592.6116232891053,1,14.754610001373313,14.75461000137331,150,150,150,150,57.9147667951044,56.47501255161039,60,24.32134429297718,1150.0008251042025,0,0,0.02432134429297718,500,150,59.99996967342122,nan,0,nan,nan,nan,nan,nan,0.0012738,0.00057295,0.0006504,0.0007944,0.0012738,0.0011252,0.0005096,0.0005746,0.0007147,0.0011252,nan,nan,nan,nan,nan,0,05_resultados\revisao_operacional\campanha_v1\j01064.mat,campanha_v1,,,,,-7,0.9390645940370977,,,64
j01065,montecarlo,perda_fonte,mpc_qp_v5,{},350.00363644698655,350.00363644698655,1,14.585988673922785,14.583335900569665,150,150,150,150,57.05592712893682,55.66108241444731,60.01878810203319,28.139274734572577,1965.9856581230558,0,1.8333333333333333,0.02813927473457258,500,150,59.30207367422031,0.11708759789404155,853,0,0,0.0018216183251524853,333283.200808402,4015243775612013.0,0.0206133,0.0225208,0.03256,0.039178950000000004,0.0965689,0.013877,0.017568300000000002,0.02693455,0.03380595,0.0907022,0.0050008,0.004699699999999999,0.0055131,0.00579585,0.006832,0,05_resultados\revisao_operacional\campanha_v1\j01065.mat,campanha_v1,,,,,-7,0.9390645940370977,,,64
j01066,montecarlo,perda_fonte,mpc_qp_estocastico_3cen,{},350.0000063557259,350.0000063557259,1,14.583333337831851,14.583333337831851,150,150,150,150,52.57581763774801,52.57581763774801,60,35.264866220697385,1584.0158529618025,0,0.08333333333333334,0.03526486622069738,500,150,57.641326902263344,0.12328924786373108,57,0,0,0.0002738785265137267,666566.4042708572,8858386386927326.0,0.0488886,0.051961,0.06857685,0.1080957,0.1388204,0.0333319,0.0401057,0.05100865,0.0962343,0.1273945,0.0127231,0.0114807,0.012391300000000001,0.013348849999999999,0.0283732,0,05_resultados\revisao_operacional\evento_adiantado_corrigido_v1\j01066.mat,evento_adiantado_corrigido_v1,,,,,-7,0.9390645940370977,,,64
j01067,montecarlo,perda_fonte,heuristico,{},592.6122638850534,592.6122638850534,1,14.754610453615202,14.754610453615202,150,150,150,150,57.93978528855198,56.5039066455025,60,24.16369944991276,850,0,0,0.02416369944991276,500,150,60,nan,0,nan,nan,nan,nan,nan,3.86e-05,7.9e-06,9e-06,9.800000000000001e-06,4.08e-05,nan,nan,nan,nan,nan,nan,nan,nan,nan,nan,0,05_resultados\revisao_operacional\campanha_v1\j01067.mat,campanha_v1,,,,,-4,1.1196079143847386,,,65
j01068,montecarlo,perda_fonte,heuristico_foresight,{},367.93798520743087,367.93798520743087,1,14.595997023127037,14.595997023127037,150,150,150,150,53.95137447754183,53.95137447754183,60,28.730971231661087,760.2940642114461,0,0,0.028730971231661087,500,150,58.7670508850525,nan,0,nan,nan,nan,nan,nan,4.31e-05,8.5e-06,9.7e-06,1.45e-05,4.31e-05,nan,nan,nan,nan,nan,nan,nan,nan,nan,nan,0,05_resultados\revisao_operacional\campanha_v1\j01068.mat,campanha_v1,,,,,-4,1.1196079143847386,,,65
j01069,montecarlo,perda_fonte,miope_qp,{},592.6116232891053,592.6116232891053,1,14.754610001373313,14.75461000137331,150,150,150,150,57.9147667951044,56.47501255161039,60,24.32134429297718,1150.0008251042025,0,0,0.02432134429297718,500,150,59.99996967342122,nan,0,nan,nan,nan,nan,nan,0.0012834,0.00057235,0.00067265,0.00083085,0.0012834,0.0011356,0.00050915,0.0005999,0.0007356,0.0011356,nan,nan,nan,nan,nan,0,05_resultados\revisao_operacional\campanha_v1\j01069.mat,campanha_v1,,,,,-4,1.1196079143847386,,,65
j01070,montecarlo,perda_fonte,mpc_qp_v5,{},350.03017776222185,350.03017776222185,1,14.583354637953018,14.583354637953017,150,150,150,150,52.57211117634248,52.57211117634248,60,35.282471912373246,1968.5675099041066,0,2.083333333333333,0.03528247191237325,500,150,58.17555808549244,7.105427357601002e-15,0,0,0,0.0003245132638767245,333283.2021354289,4843142611315303.0,0.0245939,0.02830605,0.0342921,0.04530045,0.0952565,0.0167336,0.02311975,0.0288895,0.03972325,0.0893873,0.0052132,0.00502445,0.005668899999999999,0.00592085,0.0063606,0,05_resultados\revisao_operacional\campanha_v1\j01070.mat,campanha_v1,,,,,-4,1.1196079143847386,,,65
j01071,montecarlo,perda_fonte,mpc_qp_estocastico_3cen,{},350.00003401410095,350.00003401410095,1,14.58333335737076,14.583333357370758,150,150,150,150,42.97072616867043,42.97072616867043,60,80.88905069881439,2821.4108616781973,0,0.5,0.08088905069881439,500,150,53.35296813540397,7.105427357601002e-15,0,0,0,0.003587155102991346,666566.4042708572,9686285222630616.0,0.051361,0.0627578,0.0766916,0.11192574999999999,0.1529331,0.0365555,0.0508811,0.06242835,0.10000055,0.140504,0.0122028,0.01153525,0.01244905,0.0137562,0.022979,0,05_resultados\revisao_operacional\evento_adiantado_corrigido_v1\j01071.mat,evento_adiantado_corrigido_v1,,,,,-4,1.1196079143847386,,,65
j01072,montecarlo,perda_fonte,heuristico,{},592.6122638850534,592.6122638850534,1,14.754610453615202,14.754610453615202,150,150,150,150,57.93978528855198,56.5039066455025,60,24.16369944991276,850,0,0,0.02416369944991276,500,150,60,nan,0,nan,nan,nan,nan,nan,4.11e-05,8.1e-06,9.1e-06,1.135e-05,4.11e-05,nan,nan,nan,nan,nan,nan,nan,nan,nan,nan,0,05_resultados\revisao_operacional\campanha_v1\j01072.mat,campanha_v1,,,,,0,0.9314281831100192,,,66
j01073,montecarlo,perda_fonte,heuristico_foresight,{},362.4661767623983,362.4661767623983,1,14.59213408735375,14.59213408735375,150,150,150,150,57.54164304310025,56.110329959008375,60,26.00915945308827,850,0,0,0.02600915945308827,500,150,59.672412178472214,nan,0,nan,nan,nan,nan,nan,4.82e-05,8.9e-06,9.9e-06,1.21e-05,4.82e-05,nan,nan,nan,nan,nan,nan,nan,nan,nan,nan,0,05_resultados\revisao_operacional\campanha_v1\j01073.mat,campanha_v1,,,,,0,0.9314281831100192,,,66
j01074,montecarlo,perda_fonte,miope_qp,{},592.6116232891053,592.6116232891053,1,14.754610001373313,14.75461000137331,150,150,150,150,57.9147667951044,56.47501255161039,60,24.32134429297718,1150.0008251042025,0,0,0.02432134429297718,500,150,59.99996967342122,nan,0,nan,nan,nan,nan,nan,0.001251,0.00057245,0.0006493,0.0008213,0.001251,0.0011111,0.0005098,0.00057735,0.0007317000000000001,0.0011111,nan,nan,nan,nan,nan,0,05_resultados\revisao_operacional\campanha_v1\j01074.mat,campanha_v1,,,,,0,0.9314281831100192,,,66
j01075,montecarlo,perda_fonte,mpc_qp_v5,{},350.17699285685376,350.17699285685376,1,14.586161301048794,14.583458285094894,150,150,150,150,57.2214088939481,55.82654824814992,60.02185168214922,27.38407198490386,1858.9848783314178,0,1.9166666666666665,0.02738407198490386,500,150,59.467511855284165,0.11707852579688449,853,0,0,0.0060566301405060585,333283.200808402,4015243775612013.0,0.0201929,0.02258375,0.03243845,0.04061205,0.0469269,0.0136131,0.01755815,0.02653855,0.0348288,0.0415852,0.0048794,0.0048877,0.00557975,0.005953699999999999,0.0122291,0,05_resultados\revisao_operacional\campanha_v1\j01075.mat,campanha_v1,,,,,0,0.9314281831100192,,,66
j01076,montecarlo,perda_fonte,mpc_qp_estocastico_3cen,{},350.00018789617116,350.00018789617116,1,14.583333465994361,14.583333465994354,150,150,150,150,53.135715729324474,53.135715729324474,60,32.605350285709754,1561.7453181376313,0,0.08333333333333334,0.03260535028570975,500,150,57.98496906676121,0.12285173629197743,58,0,0,8.58335624798201e-11,666566.4042708572,8858386386927326.0,0.0503385,0.051918900000000004,0.061935000000000004,0.10545035,0.1455382,0.0332958,0.03997555,0.04959595,0.09326514999999999,0.1333381,0.0142005,0.01152635,0.01237535,0.01272485,0.0142005,0,05_resultados\revisao_operacional\evento_adiantado_corrigido_v1\j01076.mat,evento_adiantado_corrigido_v1,,,,,0,0.9314281831100192,,,66
j01077,montecarlo,perda_fonte,heuristico,{},592.6122638850534,592.6122638850534,1,14.754610453615202,14.754610453615202,150,150,150,150,57.93978528855198,56.5039066455025,60,24.16369944991276,850,0,0,0.02416369944991276,500,150,60,nan,0,nan,nan,nan,nan,nan,4.14e-05,8.1e-06,9.1e-06,1.145e-05,4.14e-05,nan,nan,nan,nan,nan,nan,nan,nan,nan,nan,0,05_resultados\revisao_operacional\campanha_v1\j01077.mat,campanha_v1,,,,,6,1.0089479059661963,,,67
j01078,montecarlo,perda_fonte,heuristico_foresight,{},410.9885873872711,410.9885873872711,1,14.626389481651952,14.626389481651952,150,150,150,150,57.540144505088584,56.12202586544115,60,25.88415945308827,850,0,0,0.02588415945308827,500,150,59.79385548727493,nan,0,nan,nan,nan,nan,nan,4.39e-05,8.9e-06,1e-05,1.55e-05,4.39e-05,nan,nan,nan,nan,nan,nan,nan,nan,nan,nan,0,05_resultados\revisao_operacional\campanha_v1\j01078.mat,campanha_v1,,,,,6,1.0089479059661963,,,67
j01079,montecarlo,perda_fonte,miope_qp,{},592.6116232891053,592.6116232891053,1,14.754610001373313,14.75461000137331,150,150,150,150,57.9147667951044,56.47501255161039,60,24.32134429297718,1150.0008251042025,0,0,0.02432134429297718,500,150,59.99996967342122,nan,0,nan,nan,nan,nan,nan,0.0012945,0.0005735,0.0006824,0.0008571,0.0012945,0.0011497,0.0005103,0.0005980499999999999,0.0007726,0.0011497,nan,nan,nan,nan,nan,0,05_resultados\revisao_operacional\campanha_v1\j01079.mat,campanha_v1,,,,,6,1.0089479059661963,,,67
j01080,montecarlo,perda_fonte,mpc_qp_v5,{},351.8545959108644,351.8545959108644,1,14.584642623508396,14.584642623508394,150,150,150,150,57.06259059149281,55.86693305784908,60,25.92500236281489,1558.1957538067895,0,2.25,0.025925002362814892,500,150,59.627956828150715,0.012678088381449015,776,0,7.827975908736628e-12,0.0005327622540676202,333283.200808402,4015243775612013.0,0.0228847,0.025746949999999998,0.0316201,0.0400811,0.0445955,0.0152574,0.02086655,0.026493549999999998,0.034854300000000005,0.0389383,0.0052803,0.00464105,0.00522085,0.00547975,0.0056939,0,05_resultados\revisao_operacional\campanha_v1\j01080.mat,campanha_v1,,,,,6,1.0089479059661963,,,67
j01081,montecarlo,perda_fonte,mpc_qp_estocastico_3cen,{},350.00535958927156,350.00535958927156,1,14.583337117063556,14.583337117063554,150,150,150,150,49.09296281092667,49.09296281092667,60,51.80842664809885,2000.7805088765958,0,0.16666666666666669,0.05180842664809885,500,150,56.23023712314762,0.12265514483747353,57,0,0,3.865352482534945e-12,666566.4042708572,8858386386927326.0,0.0457374,0.051483799999999996,0.07742555000000001,0.10932095,0.1502449,0.0324459,0.039493650000000005,0.0655076,0.09734655,0.1382421,0.0107609,0.0115624,0.0124371,0.013588900000000001,0.0167757,0,05_resultados\revisao_operacional\evento_adiantado_corrigido_v1\j01081.mat,evento_adiantado_corrigido_v1,,,,,6,1.0089479059661963,,,67
j01082,montecarlo,perda_fonte,heuristico,{},592.6122638850534,592.6122638850534,1,14.754610453615202,14.754610453615202,150,150,150,150,57.93978528855198,56.5039066455025,60,24.16369944991276,850,0,0,0.02416369944991276,500,150,60,nan,0,nan,nan,nan,nan,nan,5.1e-05,8e-06,1.04e-05,1.67e-05,5.1e-05,nan,nan,nan,nan,nan,nan,nan,nan,nan,nan,0,05_resultados\revisao_operacional\campanha_v1\j01082.mat,campanha_v1,,,,,5,1.1511543474433403,,,68
j01083,montecarlo,perda_fonte,heuristico_foresight,{},554.1789873157537,554.1789873157537,1,14.7274776911226,14.727477691122598,150,150,150,150,52.52731534360442,52.52731534360442,60,35.49525211786881,736.6342394174948,0,0,0.03549525211786881,500,150,58.15291214349145,nan,0,nan,nan,nan,nan,nan,4.29e-05,8.4e-06,9.3e-06,1.015e-05,4.29e-05,nan,nan,nan,nan,nan,nan,nan,nan,nan,nan,0,05_resultados\revisao_operacional\campanha_v1\j01083.mat,campanha_v1,,,,,5,1.1511543474433403,,,68
j01084,montecarlo,perda_fonte,miope_qp,{},592.6116232891053,592.6116232891053,1,14.754610001373313,14.75461000137331,150,150,150,150,57.9147667951044,56.47501255161039,60,24.32134429297718,1150.0008251042025,0,0,0.02432134429297718,500,150,59.99996967342122,nan,0,nan,nan,nan,nan,nan,0.0013145,0.0005648,0.0006449,0.000808,0.0013145,0.001175,0.0005028,0.00057025,0.00072535,0.001175,nan,nan,nan,nan,nan,0,05_resultados\revisao_operacional\campanha_v1\j01084.mat,campanha_v1,,,,,5,1.1511543474433403,,,68
j01085,montecarlo,perda_fonte,mpc_qp_v5,{},351.92334532067036,351.92334532067036,1,14.584691158558243,14.584691158558236,150,150,150,150,51.2627484492276,51.2627484492276,60,41.501944866169275,1365.3141551058948,0,2.4166666666666665,0.041501944866169274,500,150,57.65837069852241,7.105427357601002e-15,0,0,0,0.0005841833203703573,333283.2021354289,4843142611315303.0,0.0243335,0.0294775,0.034087450000000005,0.0430707,0.0477533,0.016842,0.02429325,0.028946600000000003,0.0376429,0.0429779,0.005567,0.0048677500000000005,0.00540355,0.0056032,0.0060347,0,05_resultados\revisao_operacional\campanha_v1\j01085.mat,campanha_v1,,,,,5,1.1511543474433403,,,68
j01086,montecarlo,perda_fonte,mpc_qp_estocastico_3cen,{},350.0011315193024,350.0011315193024,1,14.583334132166737,14.583334132166737,150,150,150,150,41.423429778104214,41.423429778104214,60,88.23870855400507,2603.808480977345,0,0.5,0.08823870855400508,500,150,52.71634350290229,7.105427357601002e-15,0,0,0,0.013207901892428708,666566.4042708572,9686285222630616.0,0.0516644,0.057765449999999996,0.07705255,0.1098751,0.1497965,0.0365087,0.045868500000000006,0.06540055,0.09741749999999999,0.1382649,0.0125389,0.0115269,0.012855,0.01382185,0.0169027,0,05_resultados\revisao_operacional\evento_adiantado_corrigido_v1\j01086.mat,evento_adiantado_corrigido_v1,,,,,5,1.1511543474433403,,,68
j01087,montecarlo,perda_fonte,heuristico,{},592.6122638850534,592.6122638850534,1,14.754610453615202,14.754610453615202,150,150,150,150,57.93978528855198,56.5039066455025,60,24.16369944991276,850,0,0,0.02416369944991276,500,150,60,nan,0,nan,nan,nan,nan,nan,4.27e-05,8e-06,9.2e-06,1.7950000000000003e-05,4.27e-05,nan,nan,nan,nan,nan,nan,nan,nan,nan,nan,0,05_resultados\revisao_operacional\campanha_v1\j01087.mat,campanha_v1,,,,,-5,0.906038057537349,,,69
j01088,montecarlo,perda_fonte,heuristico_foresight,{},351.02328610238675,351.02328610238675,1,14.584055743214991,14.584055743214991,150,150,150,150,57.42468397877276,55.993370894680886,60,26.564715008643827,850.0000000000001,0,0,0.026564715008643828,500,150,59.55715381817394,nan,0,nan,nan,nan,nan,nan,4.82e-05,8.9e-06,9.9e-06,1.21e-05,4.82e-05,nan,nan,nan,nan,nan,nan,nan,nan,nan,nan,0,05_resultados\revisao_operacional\campanha_v1\j01088.mat,campanha_v1,,,,,-5,0.906038057537349,,,69
j01089,montecarlo,perda_fonte,miope_qp,{},592.6116232891053,592.6116232891053,1,14.754610001373313,14.75461000137331,150,150,150,150,57.9147667951044,56.47501255161039,60,24.32134429297718,1150.0008251042025,0,0,0.02432134429297718,500,150,59.99996967342122,nan,0,nan,nan,nan,nan,nan,0.0012771,0.0005767,0.00068505,0.0008462000000000001,0.0012771,0.0011295,0.00051275,0.000607,0.0007681,0.0011295,nan,nan,nan,nan,nan,0,05_resultados\revisao_operacional\campanha_v1\j01089.mat,campanha_v1,,,,,-5,0.906038057537349,,,69
j01090,montecarlo,perda_fonte,mpc_qp_v5,{},350.0081321880397,350.0081321880397,1,14.586692548317695,14.58333907443188,150,150,150,150,57.08531300043423,55.69030010205408,60.0298829749492,28.11247061114373,1720.4349244375123,0,1.7500000000000002,0.02811247061114373,500,150,59.33128240704455,0.11705013189794045,853,0,0,0.0018698802182370855,333283.200808402,4015243775612013.0,0.0206659,0.02244515,0.03318675,0.03954345,0.0940765,0.0139419,0.017433450000000003,0.0270387,0.03397435,0.0881911,0.0049284,0.0049085,0.0056383,0.0059183,0.0074775,0,05_resultados\revisao_operacional\campanha_v1\j01090.mat,campanha_v1,,,,,-5,0.906038057537349,,,69
j01091,montecarlo,perda_fonte,mpc_qp_estocastico_3cen,{},350.00002142966775,350.00002142966775,1,14.583333348473545,14.583333348473541,150,150,150,150,54.392002733886955,54.392002733886955,60,26.637987014036238,1898.2361463479604,0,0.16666666666666669,0.02663798701403624,500,150,58.5235040249877,0.12389857396719606,58,0,0,0.04252943699646039,666566.4042708572,8858386386927326.0,0.0496097,0.0527504,0.062169050000000003,0.10589414999999999,0.1701015,0.0360083,0.04087275,0.04995935,0.09422849999999999,0.1578907,0.0110688,0.011515899999999999,0.012410399999999999,0.0128287,0.014976,0,05_resultados\revisao_operacional\evento_adiantado_corrigido_v1\j01091.mat,evento_adiantado_corrigido_v1,,,,,-5,0.906038057537349,,,69
j01092,montecarlo,perda_fonte,heuristico,{},592.6122638850534,592.6122638850534,1,14.754610453615202,14.754610453615202,150,150,150,150,57.93978528855198,56.5039066455025,60,24.16369944991276,850,0,0,0.02416369944991276,500,150,60,nan,0,nan,nan,nan,nan,nan,4.22e-05,7.9e-06,1.065e-05,1.795e-05,6.41e-05,nan,nan,nan,nan,nan,nan,nan,nan,nan,nan,0,05_resultados\revisao_operacional\campanha_v1\j01092.mat,campanha_v1,,,,,-1,0.8096346186909182,,,70
j01093,montecarlo,perda_fonte,heuristico_foresight,{},357.5611184157917,357.5611184157917,1,14.588671260475307,14.588671260475307,150,150,150,150,57.51825123023475,56.08693814614288,60,26.12027056419938,850.0000000000001,0,0,0.02612027056419938,500,150,59.64974938179165,nan,0,nan,nan,nan,nan,nan,4.45e-05,8.9e-06,1.01e-05,1.475e-05,4.45e-05,nan,nan,nan,nan,nan,nan,nan,nan,nan,nan,0,05_resultados\revisao_operacional\campanha_v1\j01093.mat,campanha_v1,,,,,-1,0.8096346186909182,,,70
j01094,montecarlo,perda_fonte,miope_qp,{},592.6116232891053,592.6116232891053,1,14.754610001373313,14.75461000137331,150,150,150,150,57.9147667951044,56.47501255161039,60,24.32134429297718,1150.0008251042025,0,0,0.02432134429297718,500,150,59.99996967342122,nan,0,nan,nan,nan,nan,nan,0.0012747,0.0005733,0.0006825,0.0008539,0.0012747,0.0011268,0.0005098500000000001,0.00060505,0.0007568,0.0011268,nan,nan,nan,nan,nan,0,05_resultados\revisao_operacional\campanha_v1\j01094.mat,campanha_v1,,,,,-1,0.8096346186909182,,,70
j01095,montecarlo,perda_fonte,mpc_qp_v5,{},350.06124652483186,350.06124652483186,1,14.588288320536428,14.58337657158977,150,150,150,150,57.05610269698589,55.660693833314895,60.06277189977372,28.584506412757165,1958.0147593264865,0,0.6666666666666667,0.028584506412757164,500,150,59.301644039398695,0.11694036257645735,852,0,0,0.0003575977313516887,333283.200808402,4015243775612013.0,0.0206905,0.021735499999999998,0.03166185,0.0384966,0.1556876,0.0142474,0.01693355,0.0260647,0.03282085,0.1504516,0.0046794,0.0048473,0.0056257500000000005,0.0058663,0.0062413,0,05_resultados\revisao_operacional\campanha_v1\j01095.mat,campanha_v1,,,,,-1,0.8096346186909182,,,70
j01096,montecarlo,perda_fonte,mpc_qp_estocastico_3cen,{},350.0000115079964,350.0000115079964,1,14.588164267423446,14.583333341496026,150,150,150,150,56.7264279985534,55.33108487280118,60.04460372351444,29.96788216860726,856.185950570005,0,0,0.02996788216860726,500,150,58.972057645098424,0.11700173169391803,852,0,0,2.2737367544323206e-13,666566.4016168036,8030487551224027.0,0.0420983,0.0463185,0.0633332,0.09771215,0.1195888,0.0270498,0.03480665,0.05154335,0.08566995,0.1081018,0.0121857,0.0113118,0.012118199999999999,0.012494350000000001,0.0130916,0,05_resultados\revisao_operacional\evento_adiantado_corrigido_v1\j01096.mat,evento_adiantado_corrigido_v1,,,,,-1,0.8096346186909182,,,70
j01097,montecarlo,perda_fonte,heuristico,{},592.6122638850534,592.6122638850534,1,14.754610453615202,14.754610453615202,150,150,150,150,57.93978528855198,56.5039066455025,60,24.16369944991276,850,0,0,0.02416369944991276,500,150,60,nan,0,nan,nan,nan,nan,nan,4.2e-05,8.1e-06,9.4e-06,1.465e-05,4.2e-05,nan,nan,nan,nan,nan,nan,nan,nan,nan,nan,0,05_resultados\revisao_operacional\campanha_v1\j01097.mat,campanha_v1,,,,,-2,0.8957384855846559,,,71
j01098,montecarlo,perda_fonte,heuristico_foresight,{},354.5860501408955,354.5860501408955,1,14.586570949804251,14.586570949804251,150,150,150,150,57.494859417369256,56.06354633327738,60,26.231381675310494,850,0,0,0.026231381675310493,500,150,59.62679973959374,nan,0,nan,nan,nan,nan,nan,4.56e-05,8.9e-06,1.06e-05,1.705e-05,4.56e-05,nan,nan,nan,nan,nan,nan,nan,nan,nan,nan,0,05_resultados\revisao_operacional\campanha_v1\j01098.mat,campanha_v1,,,,,-2,0.8957384855846559,,,71
j01099,montecarlo,perda_fonte,miope_qp,{},592.6116232891053,592.6116232891053,1,14.754610001373313,14.75461000137331,150,150,150,150,57.9147667951044,56.47501255161039,60,24.32134429297718,1150.0008251042025,0,0,0.02432134429297718,500,150,59.99996967342122,nan,0,nan,nan,nan,nan,nan,0.0012883,0.0005738,0.0006521000000000001,0.0008188500000000001,0.0012883,0.0011442,0.00051085,0.0005807,0.0007245999999999999,0.0011442,nan,nan,nan,nan,nan,0,05_resultados\revisao_operacional\campanha_v1\j01099.mat,campanha_v1,,,,,-2,0.8957384855846559,,,71
j01100,montecarlo,perda_fonte,mpc_qp_v5,{},350.0505499490762,350.0505499490762,1,14.586942945105196,14.58336902012289,150,150,150,150,57.034143605809156,55.63907702702143,60.033664974945765,28.39393250913269,1841.3238444258,0,1,0.028393932509132688,500,150,59.28005043284614,0.11703818353646511,853,0,0,0.005319440397670405,333283.200808402,4015243775612013.0,0.020765,0.02179105,0.03153485,0.03787355,0.0987733,0.013848,0.0171397,0.0258277,0.03278955,0.0935443,0.0051632,0.0044937,0.0052137,0.0057685,0.0098942,0,05_resultados\revisao_operacional\campanha_v1\j01100.mat,campanha_v1,,,,,-2,0.8957384855846559,,,71
j01101,montecarlo,perda_fonte,mpc_qp_estocastico_3cen,{},350.0000856459935,350.0000856459935,1,14.583333393833632,14.583333393833632,150,150,150,150,54.99561845156872,54.99561845156872,60,23.770812355049756,1456.3945766561592,0,0.08333333333333334,0.023770812355049756,500,150,58.836626801913965,7.105427357601002e-15,0,0,0,2.2737367544323206e-12,666566.4042708572,8858386386927326.0,0.0479147,0.05258775,0.0610305,0.10471195,0.1708185,0.0337082,0.04095975,0.04885215,0.0927485,0.158803,0.0116361,0.01145635,0.012235550000000001,0.0127006,0.0145692,0,05_resultados\revisao_operacional\evento_adiantado_corrigido_v1\j01101.mat,evento_adiantado_corrigido_v1,,,,,-2,0.8957384855846559,,,71
j01102,montecarlo,perda_fonte,heuristico,{},592.6122638850534,592.6122638850534,1,14.754610453615202,14.754610453615202,150,150,150,150,57.93978528855198,56.5039066455025,60,24.16369944991276,850,0,0,0.02416369944991276,500,150,60,nan,0,nan,nan,nan,nan,nan,4.42e-05,8.1e-06,9.35e-06,1.8849999999999997e-05,4.42e-05,nan,nan,nan,nan,nan,nan,nan,nan,nan,nan,0,05_resultados\revisao_operacional\campanha_v1\j01102.mat,campanha_v1,,,,,-4,1.1040188868530032,,,72
j01103,montecarlo,perda_fonte,heuristico_foresight,{},368.52008419206413,368.52008419206413,1,14.59640796788395,14.59640796788395,150,150,150,150,54.664817608113495,54.664817608113495,60,25.342116361458793,771.9858348602476,0,0,0.02534211636145879,500,150,59.105410362833425,nan,0,nan,nan,nan,nan,nan,4.62e-05,8.7e-06,9.8e-06,1.325e-05,4.62e-05,nan,nan,nan,nan,nan,nan,nan,nan,nan,nan,0,05_resultados\revisao_operacional\campanha_v1\j01103.mat,campanha_v1,,,,,-4,1.1040188868530032,,,72
j01104,montecarlo,perda_fonte,miope_qp,{},592.6116232891053,592.6116232891053,1,14.754610001373313,14.75461000137331,150,150,150,150,57.9147667951044,56.47501255161039,60,24.32134429297718,1150.0008251042025,0,0,0.02432134429297718,500,150,59.99996967342122,nan,0,nan,nan,nan,nan,nan,0.0013,0.0006036500000000001,0.00069195,0.0008485000000000001,0.0013,0.0011535,0.0005375,0.0006164499999999999,0.0007608000000000001,0.0011535,nan,nan,nan,nan,nan,0,05_resultados\revisao_operacional\campanha_v1\j01104.mat,campanha_v1,,,,,-4,1.1040188868530032,,,72
j01105,montecarlo,perda_fonte,mpc_qp_v5,{},350.12457545940913,350.12457545940913,1,14.583421279954964,14.583421279954962,150,150,150,150,53.35218431087838,53.35218431087838,60,31.577124523327456,1677.6186577565618,0,2.166666666666667,0.031577124523327456,500,150,58.59747474154794,7.105427357601002e-15,0,0,0,27.61872217189807,333283.2021354289,4843142611315303.0,0.025321,0.028263700000000003,0.0342192,0.045392749999999996,0.0907809,0.0183398,0.02296575,0.0292936,0.04036355,0.0858159,0.0050452,0.00493595,0.0055182,0.00577245,0.0062165,0,05_resultados\revisao_operacional\campanha_v1\j01105.mat,campanha_v1,,,,,-4,1.1040188868530032,,,72
j01106,montecarlo,perda_fonte,mpc_qp_estocastico_3cen,{},350.0000055680781,350.0000055680781,1,14.583333337276212,14.583333337276212,150,150,150,150,43.75946214242772,43.75946214242772,60,77.14255482346903,2420.6252419474904,0,0.5833333333333334,0.07714255482346903,500,150,53.71161244900446,7.105427357601002e-15,0,0,0,0.013986722624395043,666566.4042708572,9686285222630616.0,0.0485143,0.0635771,0.07566919999999999,0.10986175,0.1532071,0.0335538,0.0515141,0.06201475,0.0979199,0.1414261,0.0122842,0.01165705,0.0124607,0.01305045,0.0177126,0,05_resultados\revisao_operacional\evento_adiantado_corrigido_v1\j01106.mat,evento_adiantado_corrigido_v1,,,,,-4,1.1040188868530032,,,72
j01107,montecarlo,perda_fonte,heuristico,{},592.6122638850534,592.6122638850534,1,14.754610453615202,14.754610453615202,150,150,150,150,57.93978528855198,56.5039066455025,60,24.16369944991276,850,0,0,0.02416369944991276,500,150,60,nan,0,nan,nan,nan,nan,nan,4.04e-05,8e-06,9.7e-06,1.26e-05,4.04e-05,nan,nan,nan,nan,nan,nan,nan,nan,nan,nan,0,05_resultados\revisao_operacional\campanha_v1\j01107.mat,campanha_v1,,,,,2,1.1158292275549884,,,73
j01108,montecarlo,perda_fonte,heuristico_foresight,{},570.2483135184862,570.2483135184862,1,14.738822162637764,14.738822162637764,150,150,150,150,54.20925105664723,54.20925105664723,60,27.506057480935823,763.1280793337587,0,0,0.027506057480935823,500,150,58.9251975154629,nan,0,nan,nan,nan,nan,nan,4.57e-05,8.6e-06,9.8e-06,1.3749999999999999e-05,4.57e-05,nan,nan,nan,nan,nan,nan,nan,nan,nan,nan,0,05_resultados\revisao_operacional\campanha_v1\j01108.mat,campanha_v1,,,,,2,1.1158292275549884,,,73
j01109,montecarlo,perda_fonte,miope_qp,{},592.6116232891053,592.6116232891053,1,14.754610001373313,14.75461000137331,150,150,150,150,57.9147667951044,56.47501255161039,60,24.32134429297718,1150.0008251042025,0,0,0.02432134429297718,500,150,59.99996967342122,nan,0,nan,nan,nan,nan,nan,0.0013025,0.0006028,0.0006826,0.0008632,0.0013025,0.0011523,0.00053675,0.00060715,0.0007699,0.0011523,nan,nan,nan,nan,nan,0,05_resultados\revisao_operacional\campanha_v1\j01109.mat,campanha_v1,,,,,2,1.1158292275549884,,,73
j01110,montecarlo,perda_fonte,mpc_qp_v5,{},351.0174909295845,351.0174909295845,1,14.584051652008151,14.584051652008151,150,150,150,150,52.893081499094485,52.893081499094485,60,33.757862879300795,1670.8727819891578,0,2.3333333333333335,0.0337578628793008,500,150,58.4265675929864,7.105427357601002e-15,0,0,0,3.6872052078251727e-09,333283.2021354289,4843142611315303.0,0.024169,0.0281248,0.03417655,0.0455859,0.095311,0.0169081,0.022737399999999998,0.02854695,0.04009605,0.0900635,0.0050159,0.0050417,0.00567695,0.00595625,0.0080178,0,05_resultados\revisao_operacional\campanha_v1\j01110.mat,campanha_v1,,,,,2,1.1158292275549884,,,73
j01111,montecarlo,perda_fonte,mpc_qp_estocastico_3cen,{},350.00081557007115,350.00081557007115,1,14.583333909122636,14.583333909122635,150,150,150,150,43.2012470554664,43.2012470554664,60,79.79407648653502,2582.7581138105593,0,0.25,0.07979407648653501,500,150,53.49035040571715,7.105427357601002e-15,0,0,0,0.000227368967671282,666566.4042708572,9686285222630616.0,0.0507884,0.06313105,0.08386825,0.10975499999999999,0.1705168,0.0357787,0.05115675,0.07050709999999999,0.0971924,0.1584035,0.0123362,0.0116862,0.0137153,0.018270099999999997,0.0435594,0,05_resultados\revisao_operacional\evento_adiantado_corrigido_v1\j01111.mat,evento_adiantado_corrigido_v1,,,,,2,1.1158292275549884,,,73
j01112,montecarlo,perda_fonte,heuristico,{},592.6122638850534,592.6122638850534,1,14.754610453615202,14.754610453615202,150,150,150,150,57.93978528855198,56.5039066455025,60,24.16369944991276,850,0,0,0.02416369944991276,500,150,60,nan,0,nan,nan,nan,nan,nan,4.34e-05,8.2e-06,9.1e-06,1.08e-05,4.34e-05,nan,nan,nan,nan,nan,nan,nan,nan,nan,nan,0,05_resultados\revisao_operacional\campanha_v1\j01112.mat,campanha_v1,,,,,10,1.1128609592657281,,,74
j01113,montecarlo,perda_fonte,heuristico_foresight,{},571.598572811253,571.598572811253,1,14.739775405971779,14.739775405971779,150,150,150,150,54.174690773382814,54.174690773382814,60,27.670218826444895,765.354280550704,0,0,0.027670218826444895,500,150,58.99009043549075,nan,0,nan,nan,nan,nan,nan,4.46e-05,8.7e-06,9.7e-06,1.395e-05,4.46e-05,nan,nan,nan,nan,nan,nan,nan,nan,nan,nan,0,05_resultados\revisao_operacional\campanha_v1\j01113.mat,campanha_v1,,,,,10,1.1128609592657281,,,74
j01114,montecarlo,perda_fonte,miope_qp,{},592.6116232891053,592.6116232891053,1,14.754610001373313,14.75461000137331,150,150,150,150,57.9147667951044,56.47501255161039,60,24.32134429297718,1150.0008251042025,0,0,0.02432134429297718,500,150,59.99996967342122,nan,0,nan,nan,nan,nan,nan,0.0012589,0.000599,0.0006866999999999999,0.00086845,0.0029966,0.0011148,0.0005329,0.0006082,0.0007507,0.0029007,nan,nan,nan,nan,nan,0,05_resultados\revisao_operacional\campanha_v1\j01114.mat,campanha_v1,,,,,10,1.1128609592657281,,,74
j01115,montecarlo,perda_fonte,mpc_qp_v5,{},387.38173266004105,387.38173266004105,1,14.609723736782271,14.609723736782266,150,150,150,150,53.03286837244076,53.03286837244076,60,33.0938752309052,1381.2278598823927,0,2.3333333333333335,0.0330938752309052,500,150,58.66447589905208,7.105427357601002e-15,0,0,0,3.089515644205676e-06,333283.2021354289,4843142611315303.0,0.0255743,0.027784950000000003,0.034011849999999996,0.044011999999999996,0.0498086,0.0173424,0.02271595,0.0290494,0.0388822,0.0452108,0.0056435,0.00473335,0.00529415,0.00549715,0.008564,0,05_resultados\revisao_operacional\campanha_v1\j01115.mat,campanha_v1,,,,,10,1.1128609592657281,,,74
j01116,montecarlo,perda_fonte,mpc_qp_estocastico_3cen,{},350.09620526544717,350.09620526544717,1,14.583401251440208,14.583401251440206,150,150,150,150,43.400849003109904,43.400849003109904,60,78.84596723522904,3524.4600560936515,0,0.5,0.07884596723522903,500,150,53.70100588532338,7.105427357601002e-15,0,0,0,0.00617041130931284,666566.4042708572,9686285222630616.0,0.0517695,0.06498145,0.0851147,0.11599124999999999,0.1843845,0.0371636,0.05257645,0.0690645,0.10161144999999999,0.1705474,0.0118854,0.012041300000000001,0.0151506,0.01959255,0.0361227,0,05_resultados\revisao_operacional\evento_adiantado_corrigido_v1\j01116.mat,evento_adiantado_corrigido_v1,,,,,10,1.1128609592657281,,,74
j01117,montecarlo,perda_fonte,heuristico,{},592.6122638850534,592.6122638850534,1,14.754610453615202,14.754610453615202,150,150,150,150,57.93978528855198,56.5039066455025,60,24.16369944991276,850,0,0,0.02416369944991276,500,150,60,nan,0,nan,nan,nan,nan,nan,4.22e-05,7.8e-06,1.07e-05,1.415e-05,7.17e-05,nan,nan,nan,nan,nan,nan,nan,nan,nan,nan,0,05_resultados\revisao_operacional\campanha_v1\j01117.mat,campanha_v1,,,,,2,1.0345304152603723,,,75
j01118,montecarlo,perda_fonte,heuristico_foresight,{},378.6403238930874,378.6403238930874,1,14.603552559360063,14.603552559360063,150,150,150,150,57.56161623998138,56.132942044778396,60,25.887863156791976,850,0,0,0.025887863156791976,500,150,59.71601218826426,nan,0,nan,nan,nan,nan,nan,4.26e-05,8.6e-06,9.8e-06,1.065e-05,4.29e-05,nan,nan,nan,nan,nan,nan,nan,nan,nan,nan,0,05_resultados\revisao_operacional\campanha_v1\j01118.mat,campanha_v1,,,,,2,1.0345304152603723,,,75
j01119,montecarlo,perda_fonte,miope_qp,{},592.6116232891053,592.6116232891053,1,14.754610001373313,14.75461000137331,150,150,150,150,57.9147667951044,56.47501255161039,60,24.32134429297718,1150.0008251042025,0,0,0.02432134429297718,500,150,59.99996967342122,nan,0,nan,nan,nan,nan,nan,0.0013531,0.0005727,0.0006557,0.00082295,0.0013531,0.001206,0.00050945,0.0005849,0.00073875,0.001206,nan,nan,nan,nan,nan,0,05_resultados\revisao_operacional\campanha_v1\j01119.mat,campanha_v1,,,,,2,1.0345304152603723,,,75
j01120,montecarlo,perda_fonte,mpc_qp_v5,{},350.18569744498546,350.18569744498546,1,14.583464430282648,14.583464430282646,150,150,150,150,56.49296453845552,55.821223449565316,60,23.38466802977673,1554.3087913124639,0,2.083333333333333,0.02338466802977673,500,150,59.500194653784675,0.007041150231927418,913,0,0,0.001459378734978145,333283.200808402,4015243775612013.0,0.0219159,0.0259723,0.03265945,0.0409559,0.0444536,0.0152797,0.02120135,0.0270402,0.03574865,0.0394502,0.0049066,0.0046373000000000004,0.00536735,0.0058651,0.0069526,0,05_resultados\revisao_operacional\campanha_v1\j01120.mat,campanha_v1,,,,,2,1.0345304152603723,,,75
j01121,montecarlo,perda_fonte,mpc_qp_estocastico_3cen,{},350.00111772290484,350.00111772290484,1,14.583334122433508,14.583334122433506,150,150,150,150,47.67455850633195,47.67455850633195,60,58.54584709492213,1583.6381919547098,0,0.16666666666666669,0.05854584709492213,500,150,55.47338295497124,7.105427357601002e-15,0,0,0,0.0003952289093831496,666566.4042708572,8858386386927326.0,0.0474559,0.0534465,0.0883864,0.11898149999999999,0.1856055,0.0333013,0.04100155,0.06567035,0.10345915,0.1738635,0.0112885,0.01200205,0.01736775,0.0251451,0.0865217,0,05_resultados\revisao_operacional\evento_adiantado_corrigido_v1\j01121.mat,evento_adiantado_corrigido_v1,,,,,2,1.0345304152603723,,,75
j01122,montecarlo,perda_fonte,heuristico,{},592.6122638850534,592.6122638850534,1,14.754610453615202,14.754610453615202,150,150,150,150,57.93978528855198,56.5039066455025,60,24.16369944991276,850,0,0,0.02416369944991276,500,150,60,nan,0,nan,nan,nan,nan,nan,4.2e-05,8e-06,9.75e-06,1.9e-05,4.2e-05,nan,nan,nan,nan,nan,nan,nan,nan,nan,nan,0,05_resultados\revisao_operacional\campanha_v1\j01122.mat,campanha_v1,,,,,-2,1.0231455879649551,,,76
j01123,montecarlo,perda_fonte,heuristico_foresight,{},354.5860501408955,354.5860501408955,1,14.586570949804251,14.586570949804251,150,150,150,150,57.494859417369256,56.06354633327738,60,26.231381675310494,850,0,0,0.026231381675310493,500,150,59.62679973959374,nan,0,nan,nan,nan,nan,nan,4.59e-05,8.9e-06,1.025e-05,1.77e-05,4.59e-05,nan,nan,nan,nan,nan,nan,nan,nan,nan,nan,0,05_resultados\revisao_operacional\campanha_v1\j01123.mat,campanha_v1,,,,,-2,1.0231455879649551,,,76
j01124,montecarlo,perda_fonte,miope_qp,{},592.6116232891053,592.6116232891053,1,14.754610001373313,14.75461000137331,150,150,150,150,57.9147667951044,56.47501255161039,60,24.32134429297718,1150.0008251042025,0,0,0.02432134429297718,500,150,59.99996967342122,nan,0,nan,nan,nan,nan,nan,0.001256,0.00057615,0.00067365,0.0008176500000000001,0.001256,0.0011119,0.00051265,0.00059625,0.00072185,0.0011119,nan,nan,nan,nan,nan,0,05_resultados\revisao_operacional\campanha_v1\j01124.mat,campanha_v1,,,,,-2,1.0231455879649551,,,76
j01125,montecarlo,perda_fonte,mpc_qp_v5,{},350.04634940666153,350.04634940666153,1,14.583366054672046,14.583366054672046,150,150,150,150,56.6764508333064,55.766055193693894,60,24.90279382791434,1892.0167329873698,0,1.9166666666666665,0.02490279382791434,500,150,59.416277791207506,0.009655784709615034,869,0,0,1.6343173001587274e-06,333283.200808402,4015243775612013.0,0.0224447,0.0263613,0.03345245,0.04029065,0.1581356,0.0152952,0.0211352,0.02759885,0.0344117,0.1522722,0.0054181,0.0051249,0.00574215,0.00612635,0.0071238,0,05_resultados\revisao_operacional\campanha_v1\j01125.mat,campanha_v1,,,,,-2,1.0231455879649551,,,76
j01126,montecarlo,perda_fonte,mpc_qp_estocastico_3cen,{},350.00004257059254,350.00004257059254,1,14.583333363406851,14.58333336340685,150,150,150,150,48.26794361545531,48.26794361545531,60,55.72726782658665,1606.831318872737,0,0.08333333333333334,0.05572726782658665,500,150,55.72561768463406,0.12267316785410998,57,0,0,1.4779288903810084e-12,666566.4042708572,8858386386927326.0,0.0508019,0.052317100000000005,0.06577820000000001,0.1065297,0.1504434,0.0332784,0.0401071,0.0530662,0.09413615,0.1384218,0.0149339,0.01181915,0.01369715,0.014807,0.0171939,0,05_resultados\revisao_operacional\evento_adiantado_corrigido_v1\j01126.mat,evento_adiantado_corrigido_v1,,,,,-2,1.0231455879649551,,,76
j01127,montecarlo,perda_fonte,heuristico,{},592.6122638850534,592.6122638850534,1,14.754610453615202,14.754610453615202,150,150,150,150,57.93978528855198,56.5039066455025,60,24.16369944991276,850,0,0,0.02416369944991276,500,150,60,nan,0,nan,nan,nan,nan,nan,4.2e-05,8.1e-06,1.61e-05,1.9699999999999998e-05,4.2e-05,nan,nan,nan,nan,nan,nan,nan,nan,nan,nan,0,05_resultados\revisao_operacional\campanha_v1\j01127.mat,campanha_v1,,,,,-1,0.9576957875150431,,,77
j01128,montecarlo,perda_fonte,heuristico_foresight,{},357.5611184157917,357.5611184157917,1,14.588671260475307,14.588671260475307,150,150,150,150,57.51825123023475,56.08693814614288,60,26.12027056419938,850.0000000000001,0,0,0.02612027056419938,500,150,59.64974938179165,nan,0,nan,nan,nan,nan,nan,5.64e-05,8.7e-06,9.9e-06,1.13e-05,5.64e-05,nan,nan,nan,nan,nan,nan,nan,nan,nan,nan,0,05_resultados\revisao_operacional\campanha_v1\j01128.mat,campanha_v1,,,,,-1,0.9576957875150431,,,77
j01129,montecarlo,perda_fonte,miope_qp,{},592.6116232891053,592.6116232891053,1,14.754610001373313,14.75461000137331,150,150,150,150,57.9147667951044,56.47501255161039,60,24.32134429297718,1150.0008251042025,0,0,0.02432134429297718,500,150,59.99996967342122,nan,0,nan,nan,nan,nan,nan,0.0012536,0.00056545,0.0006477,0.00084115,0.0012536,0.0011093,0.000503,0.0005790999999999999,0.00074985,0.0011093,nan,nan,nan,nan,nan,0,05_resultados\revisao_operacional\campanha_v1\j01129.mat,campanha_v1,,,,,-1,0.9576957875150431,,,77
j01130,montecarlo,perda_fonte,mpc_qp_v5,{},350.04266083526215,350.04266083526215,1,14.58585358317386,14.583363450649719,150,150,150,150,57.20326660504332,55.808478872840006,60.01293125906611,27.380196157044917,1759.9870701917312,0,1.7500000000000002,0.027380196157044918,500,150,59.44946903639461,0.11710839956723618,853,0,0,0.004840577957224923,333283.200808402,4015243775612013.0,0.0208151,0.02238915,0.0312363,0.03932645,0.0481493,0.0137637,0.01765425,0.026167,0.03402595,0.0431018,0.0053722,0.0044909,0.0051097,0.00540645,0.0058822,0,05_resultados\revisao_operacional\campanha_v1\j01130.mat,campanha_v1,,,,,-1,0.9576957875150431,,,77
j01131,montecarlo,perda_fonte,mpc_qp_estocastico_3cen,{},350.00006072174125,350.00006072174125,1,14.583333376215954,14.583333376215952,150,150,150,150,51.74971276320839,51.74971276320839,60,39.18886437476098,1784.8009338380418,0,0.25,0.03918886437476098,500,150,57.34348134417204,0.12813968553088984,177,0,0,0.0005870047397138478,666566.4042708572,8858386386927326.0,0.0460468,0.05368385,0.0740411,0.10838624999999999,0.1402434,0.0312865,0.0415868,0.060039050000000004,0.09623655,0.1271837,0.012111,0.011854650000000001,0.01354525,0.0149539,0.016771,0,05_resultados\revisao_operacional\evento_adiantado_corrigido_v1\j01131.mat,evento_adiantado_corrigido_v1,,,,,-1,0.9576957875150431,,,77
j01132,montecarlo,perda_fonte,heuristico,{},592.6122638850534,592.6122638850534,1,14.754610453615202,14.754610453615202,150,150,150,150,57.93978528855198,56.5039066455025,60,24.16369944991276,850,0,0,0.02416369944991276,500,150,60,nan,0,nan,nan,nan,nan,nan,4.49e-05,8e-06,9e-06,9.8e-06,4.49e-05,nan,nan,nan,nan,nan,nan,nan,nan,nan,nan,0,05_resultados\revisao_operacional\campanha_v1\j01132.mat,campanha_v1,,,,,2,1.173898311870047,,,78
j01133,montecarlo,perda_fonte,heuristico_foresight,{},543.8328035045954,543.8328035045954,1,14.720173589752351,14.720173589752347,150,150,150,150,51.54148981556281,51.54148981556281,60,40.177923376070254,719.5762660974648,0,0,0.040177923376070256,500,150,57.655678699335,nan,0,nan,nan,nan,nan,nan,4.3e-05,8.5e-06,9.5e-06,1.56e-05,4.3e-05,nan,nan,nan,nan,nan,nan,nan,nan,nan,nan,0,05_resultados\revisao_operacional\campanha_v1\j01133.mat,campanha_v1,,,,,2,1.173898311870047,,,78
j01134,montecarlo,perda_fonte,miope_qp,{},592.6116232891053,592.6116232891053,1,14.754610001373313,14.75461000137331,150,150,150,150,57.9147667951044,56.47501255161039,60,24.32134429297718,1150.0008251042025,0,0,0.02432134429297718,500,150,59.99996967342122,nan,0,nan,nan,nan,nan,nan,0.0012601,0.00057215,0.00066675,0.0007861999999999999,0.0012601,0.0011171,0.0005092,0.00059325,0.0007055,0.0011171,nan,nan,nan,nan,nan,0,05_resultados\revisao_operacional\campanha_v1\j01134.mat,campanha_v1,,,,,2,1.173898311870047,,,78
j01135,montecarlo,perda_fonte,mpc_qp_v5,{},350.5815066459128,350.5815066459128,1,14.583743859921412,14.583743859921412,150,150,150,150,50.23898444625467,50.23898444625467,60,46.36482388029082,1571.1575450739242,0,2.5,0.04636482388029082,500,150,57.08987443785814,7.105427357601002e-15,0,0,0,0.007024163365883851,333283.2021354289,4843142611315303.0,0.024842,0.0294887,0.03428415,0.0473775,0.0784767,0.0172637,0.0243872,0.029134350000000003,0.0422507,0.0734994,0.0051218,0.00480605,0.00532575,0.0056288499999999995,0.0075955,0,05_resultados\revisao_operacional\campanha_v1\j01135.mat,campanha_v1,,,,,2,1.173898311870047,,,78
j01136,montecarlo,perda_fonte,mpc_qp_estocastico_3cen,{},350.0001838266185,350.0001838266185,1,14.583333463127438,14.583333463127438,150,150,150,150,40.24959579741074,40.24959579741074,60,93.81441996229879,2822.84946882911,0,0.4166666666666667,0.09381441996229879,500,150,52.143685417776496,7.105427357601002e-15,0,0,0,0.009807231106037761,666566.4042708572,9686285222630616.0,0.0524632,0.06153015,0.08038455,0.11010700000000001,0.1653166,0.0379827,0.049391050000000006,0.0669512,0.0983168,0.1540528,0.0118324,0.0117616,0.013623099999999999,0.01478925,0.0203894,0,05_resultados\revisao_operacional\evento_adiantado_corrigido_v1\j01136.mat,evento_adiantado_corrigido_v1,,,,,2,1.173898311870047,,,78
j01137,montecarlo,perda_fonte,heuristico,{},592.6122638850534,592.6122638850534,1,14.754610453615202,14.754610453615202,150,150,150,150,57.93978528855198,56.5039066455025,60,24.16369944991276,850,0,0,0.02416369944991276,500,150,60,nan,0,nan,nan,nan,nan,nan,4.59e-05,8.1e-06,9.2e-06,1.14e-05,4.59e-05,nan,nan,nan,nan,nan,nan,nan,nan,nan,nan,0,05_resultados\revisao_operacional\campanha_v1\j01137.mat,campanha_v1,,,,,-9,0.8619018402711303,,,79
j01138,montecarlo,perda_fonte,heuristico_foresight,{},350.13848671449864,350.13848671449864,1,14.583431100879281,14.583431100879281,150,150,150,150,57.33111672731077,55.899803643218895,60,27.00915945308827,850.0000000000001,0,0,0.02700915945308827,500,150,59.46371807036157,nan,0,nan,nan,nan,nan,nan,5.55e-05,8.9e-06,1e-05,1.55e-05,5.55e-05,nan,nan,nan,nan,nan,nan,nan,nan,nan,nan,0,05_resultados\revisao_operacional\campanha_v1\j01138.mat,campanha_v1,,,,,-9,0.8619018402711303,,,79
j01139,montecarlo,perda_fonte,miope_qp,{},592.6116232891053,592.6116232891053,1,14.754610001373313,14.75461000137331,150,150,150,150,57.9147667951044,56.47501255161039,60,24.32134429297718,1150.0008251042025,0,0,0.02432134429297718,500,150,59.99996967342122,nan,0,nan,nan,nan,nan,nan,0.0012677,0.0005665,0.00068445,0.00086325,0.0012677,0.0011269,0.00050395,0.00060335,0.0007718,0.0011269,nan,nan,nan,nan,nan,0,05_resultados\revisao_operacional\campanha_v1\j01139.mat,campanha_v1,,,,,-9,0.8619018402711303,,,79
j01140,montecarlo,perda_fonte,mpc_qp_v5,{},350.0007990984403,350.0007990984403,1,14.587481634834091,14.583333897503262,150,150,150,150,56.87778615213242,55.48257172984828,60.04387810570233,29.240376485236073,1821.9605183483982,0,0.9166666666666666,0.029240376485236072,500,150,59.123544008305494,0.1170007590811224,852,0,0,0.006522688739835303,333283.200808402,4015243775612013.0,0.021217,0.021751649999999997,0.03375465,0.0394792,0.0945068,0.0140263,0.016959099999999998,0.0281981,0.03363655,0.0892154,0.0050988,0.00489595,0.0057404,0.00603375,0.0063011,0,05_resultados\revisao_operacional\campanha_v1\j01140.mat,campanha_v1,,,,,-9,0.8619018402711303,,,79
j01141,montecarlo,perda_fonte,mpc_qp_estocastico_3cen,{},350.0000025271917,350.0000025271917,1,14.58333333512633,14.58333333512633,150,150,150,150,55.92672125569908,55.22439592543051,60.02509412384674,26.631839885189546,1476.3826854925744,0,0.16666666666666669,0.026631839885189548,500,150,58.87109679295232,0.11706561996565057,939,0,0,0.011076204514097299,666566.4016168036,8030487551224027.0,0.0407258,0.0519161,0.060904799999999995,0.1027206,0.1756596,0.0265418,0.0403351,0.047374299999999994,0.09089169999999999,0.1635993,0.0111627,0.0114078,0.0124909,0.013656350000000001,0.017512,0,05_resultados\revisao_operacional\evento_adiantado_corrigido_v1\j01141.mat,evento_adiantado_corrigido_v1,,,,,-9,0.8619018402711303,,,79
j01142,montecarlo,perda_fonte,heuristico,{},592.6122638850534,592.6122638850534,1,14.754610453615202,14.754610453615202,150,150,150,150,57.93978528855198,56.5039066455025,60,24.16369944991276,850,0,0,0.02416369944991276,500,150,60,nan,0,nan,nan,nan,nan,nan,4.42e-05,7.9e-06,9e-06,1.13e-05,4.42e-05,nan,nan,nan,nan,nan,nan,nan,nan,nan,nan,0,05_resultados\revisao_operacional\campanha_v1\j01142.mat,campanha_v1,,,,,6,1.0588779959117933,,,80
j01143,montecarlo,perda_fonte,heuristico_foresight,{},410.9885873872711,410.9885873872711,1,14.626389481651952,14.626389481651952,150,150,150,150,57.540144505088584,56.12202586544115,60,25.88415945308827,850,0,0,0.02588415945308827,500,150,59.79385548727493,nan,0,nan,nan,nan,nan,nan,4.67e-05,8.9e-06,1.01e-05,1.62e-05,4.67e-05,nan,nan,nan,nan,nan,nan,nan,nan,nan,nan,0,05_resultados\revisao_operacional\campanha_v1\j01143.mat,campanha_v1,,,,,6,1.0588779959117933,,,80
j01144,montecarlo,perda_fonte,miope_qp,{},592.6116232891053,592.6116232891053,1,14.754610001373313,14.75461000137331,150,150,150,150,57.9147667951044,56.47501255161039,60,24.32134429297718,1150.0008251042025,0,0,0.02432134429297718,500,150,59.99996967342122,nan,0,nan,nan,nan,nan,nan,0.0013178,0.0005726500000000001,0.00067545,0.0007938999999999999,0.0013178,0.0011538,0.0005095,0.00059475,0.00070515,0.0011538,nan,nan,nan,nan,nan,0,05_resultados\revisao_operacional\campanha_v1\j01144.mat,campanha_v1,,,,,6,1.0588779959117933,,,80
j01145,montecarlo,perda_fonte,mpc_qp_v5,{},352.2761829099829,352.2761829099829,1,14.58494025150766,14.58494025150766,150,150,150,150,55.89915427657157,55.732427519480645,60,21.14847853031352,1648.344054383304,0,2,0.021148478530313517,500,150,59.51967435640521,0.0017130581960103086,1017,0,5.105974740584425e-10,0.0005761718717280928,333283.200808402,4015243775612013.0,0.0226133,0.0266182,0.0332379,0.03868615,0.0946881,0.015681,0.021693,0.0277115,0.0337595,0.0895026,0.005173,0.0047046,0.0054499,0.00589505,0.0071868,0,05_resultados\revisao_operacional\campanha_v1\j01145.mat,campanha_v1,,,,,6,1.0588779959117933,,,80
j01146,montecarlo,perda_fonte,mpc_qp_estocastico_3cen,{},350.00100803863825,350.00100803863825,1,14.583334045004436,14.583334045004435,150,150,150,150,46.4278254123106,46.4278254123106,60,64.46782929152498,1589.405897555764,0,0.08333333333333334,0.06446782929152498,500,150,54.979317235731514,0.12327230448805437,58,0,0,7.958078640513122e-13,666566.4042708572,8858386386927326.0,0.0477441,0.0525937,0.0771627,0.11121054999999999,0.1385682,0.0331736,0.0404933,0.06479504999999999,0.09894454999999999,0.1262888,0.0120619,0.0117073,0.01252925,0.013004700000000001,0.0150948,0,05_resultados\revisao_operacional\evento_adiantado_corrigido_v1\j01146.mat,evento_adiantado_corrigido_v1,,,,,6,1.0588779959117933,,,80
j01147,montecarlo,perda_fonte,heuristico,{},592.6122638850534,592.6122638850534,1,14.754610453615202,14.754610453615202,150,150,150,150,57.93978528855198,56.5039066455025,60,24.16369944991276,850,0,0,0.02416369944991276,500,150,60,nan,0,nan,nan,nan,nan,nan,4.18e-05,8.1e-06,9.3e-06,1.21e-05,4.18e-05,nan,nan,nan,nan,nan,nan,nan,nan,nan,nan,0,05_resultados\revisao_operacional\campanha_v1\j01147.mat,campanha_v1,,,,,-1,1.0995790590747085,,,81
j01148,montecarlo,perda_fonte,heuristico_foresight,{},433.7442535177162,433.7442535177162,1,14.642454312433818,14.642454312433813,150,150,150,150,54.93385440122235,54.93385440122235,60,24.06419159419924,775.3157056939685,0,0,0.02406419159419924,500,150,59.257952254026826,nan,0,nan,nan,nan,nan,nan,6.68e-05,8.4e-06,9.5e-06,1.165e-05,6.68e-05,nan,nan,nan,nan,nan,nan,nan,nan,nan,nan,0,05_resultados\revisao_operacional\campanha_v1\j01148.mat,campanha_v1,,,,,-1,1.0995790590747085,,,81
j01149,montecarlo,perda_fonte,miope_qp,{},592.6116232891053,592.6116232891053,1,14.754610001373313,14.75461000137331,150,150,150,150,57.9147667951044,56.47501255161039,60,24.32134429297718,1150.0008251042025,0,0,0.02432134429297718,500,150,59.99996967342122,nan,0,nan,nan,nan,nan,nan,0.0012615,0.0005709,0.0006804000000000001,0.0008312,0.0012615,0.0011167,0.0005083500000000001,0.0006067,0.0007398999999999999,0.0011167,nan,nan,nan,nan,nan,0,05_resultados\revisao_operacional\campanha_v1\j01149.mat,campanha_v1,,,,,-1,1.0995790590747085,,,81
j01150,montecarlo,perda_fonte,mpc_qp_v5,{},350.1584753950519,350.1584753950519,1,14.583445212311753,14.583445212311753,150,150,150,150,53.56802001202344,53.56802001202344,60,30.551904942888207,1494.3050834472501,0,2,0.030551904942888206,500,150,58.71281165103754,7.105427357601002e-15,0,0,0,0.0001421996923909319,333283.2021354289,4843142611315303.0,0.0248659,0.028415999999999997,0.0341842,0.04445985,0.0988298,0.0182239,0.02313415,0.028783549999999998,0.03943045,0.0938509,0.0047358,0.0050568,0.0056464,0.0058361,0.0062869,0,05_resultados\revisao_operacional\campanha_v1\j01150.mat,campanha_v1,,,,,-1,1.0995790590747085,,,81
j01151,montecarlo,perda_fonte,mpc_qp_estocastico_3cen,{},350.00014589511176,350.00014589511176,1,14.583333436355135,14.583333436355133,150,150,150,150,44.03084781379297,44.03084781379297,60,75.85347288448345,3119.218390446243,0,0.4166666666666667,0.07585347288448345,500,150,53.86063156281703,7.105427357601002e-15,0,0,0,0.0008353717971658625,666566.4042708572,9686285222630616.0,0.0496479,0.06331010000000001,0.07385415000000001,0.10966665,0.1686188,0.0344519,0.0512297,0.0613302,0.09712799999999999,0.1547112,0.0125212,0.01172375,0.01255845,0.0132455,0.0170254,0,05_resultados\revisao_operacional\evento_adiantado_corrigido_v1\j01151.mat,evento_adiantado_corrigido_v1,,,,,-1,1.0995790590747085,,,81
j01152,montecarlo,perda_fonte,heuristico,{},592.6122638850534,592.6122638850534,1,14.754610453615202,14.754610453615202,150,150,150,150,57.93978528855198,56.5039066455025,60,24.16369944991276,850,0,0,0.02416369944991276,500,150,60,nan,0,nan,nan,nan,nan,nan,4.59e-05,8e-06,9e-06,1.025e-05,4.59e-05,nan,nan,nan,nan,nan,nan,nan,nan,nan,nan,0,05_resultados\revisao_operacional\campanha_v1\j01152.mat,campanha_v1,,,,,-8,0.9966087640299255,,,82
j01153,montecarlo,perda_fonte,heuristico_foresight,{},350.22832599190326,350.22832599190326,1,14.583494524765921,14.583494524765921,150,150,150,150,57.35450854017627,55.92319545608439,60,26.89804834197716,850,0,0,0.02689804834197716,500,150,59.48709653082988,nan,0,nan,nan,nan,nan,nan,4.87e-05,8.9e-06,1.3199999999999999e-05,2.0249999999999998e-05,4.87e-05,nan,nan,nan,nan,nan,nan,nan,nan,nan,nan,0,05_resultados\revisao_operacional\campanha_v1\j01153.mat,campanha_v1,,,,,-8,0.9966087640299255,,,82
j01154,montecarlo,perda_fonte,miope_qp,{},592.6116232891053,592.6116232891053,1,14.754610001373313,14.75461000137331,150,150,150,150,57.9147667951044,56.47501255161039,60,24.32134429297718,1150.0008251042025,0,0,0.02432134429297718,500,150,59.99996967342122,nan,0,nan,nan,nan,nan,nan,0.001284,0.0005755000000000001,0.00067135,0.00084165,0.001284,0.0011345,0.00051185,0.0006002,0.0007584,0.0011345,nan,nan,nan,nan,nan,0,05_resultados\revisao_operacional\campanha_v1\j01154.mat,campanha_v1,,,,,-8,0.9966087640299255,,,82
j01155,montecarlo,perda_fonte,mpc_qp_v5,{},350.00088754283655,350.00088754283655,1,14.584815523132958,14.583333959931531,150,150,150,150,56.939224030296096,55.54467181829941,60,28.50255734727102,1632.7277082051785,0,1.6666666666666667,0.02850255734727102,500,150,59.185677912644834,0.014570861241800515,734,0,0,0.0020763904122986787,333283.200808402,4015243775612013.0,0.0231994,0.0235318,0.0313578,0.038772650000000006,0.045172,0.0153358,0.0184507,0.02550105,0.03300605,0.039779,0.0054694,0.00503345,0.005773749999999999,0.00601175,0.0063903,0,05_resultados\revisao_operacional\campanha_v1\j01155.mat,campanha_v1,,,,,-8,0.9966087640299255,,,82
j01156,montecarlo,perda_fonte,mpc_qp_estocastico_3cen,{},350.0000001495396,350.0000001495396,1,14.58333333345044,14.583333333450438,150,150,150,150,49.43991795976966,49.43991795976966,60,50.16038969109429,831.0153566162353,0,0,0.050160389691094286,500,150,56.139608428977354,7.105427357601002e-15,0,0,0,7.958078640513122e-13,666566.4042708572,8858386386927326.0,0.0466485,0.05371285,0.06580325000000001,0.1093177,0.1203843,0.0322451,0.0414235,0.053791099999999994,0.096912,0.1079673,0.0114861,0.01188545,0.01298905,0.01401285,0.0160735,0,05_resultados\revisao_operacional\evento_adiantado_corrigido_v1\j01156.mat,evento_adiantado_corrigido_v1,,,,,-8,0.9966087640299255,,,82
j01157,montecarlo,perda_fonte,heuristico,{},592.6122638850534,592.6122638850534,1,14.754610453615202,14.754610453615202,150,150,150,150,57.93978528855198,56.5039066455025,60,24.16369944991276,850,0,0,0.02416369944991276,500,150,60,nan,0,nan,nan,nan,nan,nan,4.41e-05,1.38e-05,1.84e-05,2.01e-05,5.09e-05,nan,nan,nan,nan,nan,nan,nan,nan,nan,nan,0,05_resultados\revisao_operacional\campanha_v1\j01157.mat,campanha_v1,,,,,-5,0.8931352884693403,,,83
j01158,montecarlo,perda_fonte,heuristico_foresight,{},351.02328610238675,351.02328610238675,1,14.584055743214991,14.584055743214991,150,150,150,150,57.42468397877276,55.993370894680886,60,26.564715008643827,850.0000000000001,0,0,0.026564715008643828,500,150,59.55715381817394,nan,0,nan,nan,nan,nan,nan,4.25e-05,9.2e-06,1.06e-05,1.74e-05,4.7e-05,nan,nan,nan,nan,nan,nan,nan,nan,nan,nan,0,05_resultados\revisao_operacional\campanha_v1\j01158.mat,campanha_v1,,,,,-5,0.8931352884693403,,,83
j01159,montecarlo,perda_fonte,miope_qp,{},592.6116232891053,592.6116232891053,1,14.754610001373313,14.75461000137331,150,150,150,150,57.9147667951044,56.47501255161039,60,24.32134429297718,1150.0008251042025,0,0,0.02432134429297718,500,150,59.99996967342122,nan,0,nan,nan,nan,nan,nan,0.0012605,0.0006074,0.00070315,0.00094205,0.0012605,0.0011186,0.0005408500000000001,0.00063015,0.00084035,0.0011186,nan,nan,nan,nan,nan,0,05_resultados\revisao_operacional\campanha_v1\j01159.mat,campanha_v1,,,,,-5,0.8931352884693403,,,83
j01160,montecarlo,perda_fonte,mpc_qp_v5,{},350.0148328108361,350.0148328108361,1,14.586970852319663,14.583343804874024,150,150,150,150,56.97104245109651,55.57596282043743,60.03416381940614,28.698788692812677,1933.8293426404182,0,1.1666666666666667,0.028698788692812678,500,150,59.21694086989839,0.11703553982267323,853,0,0,0.0017314535992909441,333283.200808402,4015243775612013.0,0.0216963,0.021814899999999998,0.031797450000000005,0.0380851,0.096194,0.0140901,0.0171407,0.02638645,0.032831849999999996,0.0908962,0.0054157,0.004568549999999999,0.005134949999999999,0.0054179499999999995,0.0062341,0,05_resultados\revisao_operacional\campanha_v1\j01160.mat,campanha_v1,,,,,-5,0.8931352884693403,,,83
j01161,montecarlo,perda_fonte,mpc_qp_estocastico_3cen,{},350.00001915372,350.00001915372,1,14.583333346892296,14.583333346892294,150,150,150,150,55.06523097312059,55.06523097312059,60,23.440152877676244,1454.8585372387743,0,0.08333333333333334,0.023440152877676243,500,150,58.832859219167325,7.105427357601002e-15,0,0,0,0.0009492687401007061,666566.4042708572,8858386386927326.0,0.0486583,0.053795899999999994,0.06182335,0.10697995,0.1481678,0.0338423,0.0415561,0.0498478,0.0949192,0.1359621,0.0122369,0.01194845,0.01282025,0.01360235,0.0163305,0,05_resultados\revisao_operacional\evento_adiantado_corrigido_v1\j01161.mat,evento_adiantado_corrigido_v1,,,,,-5,0.8931352884693403,,,83
j01162,montecarlo,perda_fonte,heuristico,{},592.6122638850534,592.6122638850534,1,14.754610453615202,14.754610453615202,150,150,150,150,57.93978528855198,56.5039066455025,60,24.16369944991276,850,0,0,0.02416369944991276,500,150,60,nan,0,nan,nan,nan,nan,nan,4.05e-05,8e-06,1.01e-05,1.06e-05,4.05e-05,nan,nan,nan,nan,nan,nan,nan,nan,nan,nan,0,05_resultados\revisao_operacional\campanha_v1\j01162.mat,campanha_v1,,,,,-1,0.8218181446575611,,,84
j01163,montecarlo,perda_fonte,heuristico_foresight,{},357.5611184157917,357.5611184157917,1,14.588671260475307,14.588671260475307,150,150,150,150,57.51825123023475,56.08693814614288,60,26.12027056419938,850.0000000000001,0,0,0.02612027056419938,500,150,59.64974938179165,nan,0,nan,nan,nan,nan,nan,4.37e-05,8.7e-06,1e-05,1.95e-05,4.37e-05,nan,nan,nan,nan,nan,nan,nan,nan,nan,nan,0,05_resultados\revisao_operacional\campanha_v1\j01163.mat,campanha_v1,,,,,-1,0.8218181446575611,,,84
j01164,montecarlo,perda_fonte,miope_qp,{},592.6116232891053,592.6116232891053,1,14.754610001373313,14.75461000137331,150,150,150,150,57.9147667951044,56.47501255161039,60,24.32134429297718,1150.0008251042025,0,0,0.02432134429297718,500,150,59.99996967342122,nan,0,nan,nan,nan,nan,nan,0.0012717,0.0005731,0.00065905,0.0008519,0.0012717,0.0011292,0.0005097,0.00058385,0.00076085,0.0011292,nan,nan,nan,nan,nan,0,05_resultados\revisao_operacional\campanha_v1\j01164.mat,campanha_v1,,,,,-1,0.8218181446575611,,,84
j01165,montecarlo,perda_fonte,mpc_qp_v5,{},350.03504220317734,350.03504220317734,1,14.58808207199661,14.58335807212,150,150,150,150,57.066374227683156,55.67101287042709,60.058670582045025,28.49417381071854,1835.2090950260342,0,0.75,0.02849417381071854,500,150,59.31197003139613,0.11695418999008211,852,0,0,0.0026493091634165467,333283.200808402,4015243775612013.0,0.0211437,0.021671700000000002,0.031404100000000004,0.03790035,0.0694763,0.0142314,0.01700155,0.02606865,0.03299985,0.0642691,0.0048006,0.0044261000000000005,0.00513565,0.0056927,0.0069495,0,05_resultados\revisao_operacional\campanha_v1\j01165.mat,campanha_v1,,,,,-1,0.8218181446575611,,,84
j01166,montecarlo,perda_fonte,mpc_qp_estocastico_3cen,{},350.0002114977114,350.0002114977114,1,14.587935641902025,14.583333482679304,150,150,150,150,56.81664619183747,55.421357981134406,60.0402298000717,29.49499909139857,1535.7643222081838,0,0.08333333333333334,0.02949499909139857,500,150,59.06233400824833,0.11701647285411099,852,0,0,0.00023856034255231862,666566.4016168036,8030487551224027.0,0.0406312,0.0464991,0.06404655000000001,0.10508365,0.3122008,0.0263122,0.0346287,0.05084455,0.0927766,0.3001544,0.0112914,0.01163885,0.012504250000000001,0.0134565,0.025167,0,05_resultados\revisao_operacional\evento_adiantado_corrigido_v1\j01166.mat,evento_adiantado_corrigido_v1,,,,,-1,0.8218181446575611,,,84
j01167,montecarlo,perda_fonte,heuristico,{},592.6122638850534,592.6122638850534,1,14.754610453615202,14.754610453615202,150,150,150,150,57.93978528855198,56.5039066455025,60,24.16369944991276,850,0,0,0.02416369944991276,500,150,60,nan,0,nan,nan,nan,nan,nan,3.94e-05,8e-06,9.1e-06,1.2450000000000001e-05,3.94e-05,nan,nan,nan,nan,nan,nan,nan,nan,nan,nan,0,05_resultados\revisao_operacional\campanha_v1\j01167.mat,campanha_v1,,,,,10,1.139410100936316,,,85
j01168,montecarlo,perda_fonte,heuristico_foresight,{},559.5214215020536,559.5214215020536,1,14.731249292475605,14.731249292475603,150,150,150,150,52.964307828892025,52.964307828892025,60,33.419537812757405,745.442424297763,0,0,0.0334195378127574,500,150,58.40966738765935,nan,0,nan,nan,nan,nan,nan,4.09e-05,8.4e-06,9.3e-06,1.02e-05,4.09e-05,nan,nan,nan,nan,nan,nan,nan,nan,nan,nan,0,05_resultados\revisao_operacional\campanha_v1\j01168.mat,campanha_v1,,,,,10,1.139410100936316,,,85
j01169,montecarlo,perda_fonte,miope_qp,{},592.6116232891053,592.6116232891053,1,14.754610001373313,14.75461000137331,150,150,150,150,57.9147667951044,56.47501255161039,60,24.32134429297718,1150.0008251042025,0,0,0.02432134429297718,500,150,59.99996967342122,nan,0,nan,nan,nan,nan,nan,0.001446,0.00061455,0.00071935,0.000949,0.001446,0.0012771,0.00054665,0.00063385,0.0008627,0.0012771,nan,nan,nan,nan,nan,0,05_resultados\revisao_operacional\campanha_v1\j01169.mat,campanha_v1,,,,,10,1.139410100936316,,,85
j01170,montecarlo,perda_fonte,mpc_qp_v5,{},384.6847034905618,384.6847034905618,1,14.60781971353669,14.607819713536689,150,150,150,150,51.85908429715589,51.85908429715589,60,38.669349588510165,1665.14935349682,0,2.4166666666666665,0.03866934958851016,500,150,58.086907728848395,7.105427357601002e-15,0,0,0,0.003624455353076428,333283.2021354289,4843142611315303.0,0.0261817,0.029793,0.034488099999999994,0.04430295,0.0515465,0.0175084,0.02440695,0.0290773,0.038820099999999996,0.046013,0.0060367,0.00502815,0.0056208000000000004,0.005920099999999999,0.0068231,0,05_resultados\revisao_operacional\campanha_v1\j01170.mat,campanha_v1,,,,,10,1.139410100936316,,,85
j01171,montecarlo,perda_fonte,mpc_qp_estocastico_3cen,{},350.00528871077466,350.00528871077466,1,14.583337067023034,14.583337067023031,150,150,150,150,41.97742990146455,41.97742990146455,60,85.60720796804313,1947.400129748194,0,0.16666666666666669,0.08560720796804312,500,150,52.99861723471312,7.105427357601002e-15,0,0,0,7.088065740390448e-05,666566.4042708572,9686285222630616.0,0.0530584,0.06331585,0.0830175,0.1074611,0.1555036,0.037302,0.05082845,0.06789970000000001,0.0949073,0.1428497,0.0125625,0.0120634,0.01509775,0.01921745,0.0285809,0,05_resultados\revisao_operacional\evento_adiantado_corrigido_v1\j01171.mat,evento_adiantado_corrigido_v1,,,,,10,1.139410100936316,,,85
j01172,montecarlo,perda_fonte,heuristico,{},592.6122638850534,592.6122638850534,1,14.754610453615202,14.754610453615202,150,150,150,150,57.93978528855198,56.5039066455025,60,24.16369944991276,850,0,0,0.02416369944991276,500,150,60,nan,0,nan,nan,nan,nan,nan,3.89e-05,7.8e-06,9.1e-06,1.34e-05,3.89e-05,nan,nan,nan,nan,nan,nan,nan,nan,nan,nan,0,05_resultados\revisao_operacional\campanha_v1\j01172.mat,campanha_v1,,,,,3,0.9550517564228432,,,86
j01173,montecarlo,perda_fonte,heuristico_foresight,{},386.72739546127775,386.72739546127775,1,14.609261793953285,14.609261793953285,150,150,150,150,57.55741789690142,56.13138259058732,60,25.881381675310493,850.0000000000001,0,0,0.025881381675310493,500,150,59.73664260281383,nan,0,nan,nan,nan,nan,nan,4.32e-05,8.8e-06,9.9e-06,1.93e-05,4.32e-05,nan,nan,nan,nan,nan,nan,nan,nan,nan,nan,0,05_resultados\revisao_operacional\campanha_v1\j01173.mat,campanha_v1,,,,,3,0.9550517564228432,,,86
j01174,montecarlo,perda_fonte,miope_qp,{},592.6116232891053,592.6116232891053,1,14.754610001373313,14.75461000137331,150,150,150,150,57.9147667951044,56.47501255161039,60,24.32134429297718,1150.0008251042025,0,0,0.02432134429297718,500,150,59.99996967342122,nan,0,nan,nan,nan,nan,nan,0.001213,0.0005728,0.00065145,0.00079795,0.001213,0.0010796,0.0005096,0.0005802,0.0007144,0.0010796,nan,nan,nan,nan,nan,0,05_resultados\revisao_operacional\campanha_v1\j01174.mat,campanha_v1,,,,,3,0.9550517564228432,,,86
j01175,montecarlo,perda_fonte,mpc_qp_v5,{},350.3113029095823,350.3113029095823,1,14.586072676538457,14.583553104049892,150,150,150,150,57.24087409069571,55.85135122999884,60.0140210598145,27.15975495747446,1832.282985071287,0,1.6666666666666667,0.02715975495747446,500,150,59.53905845813942,0.117105237900617,853,0,0,0.0049904607025723635,333283.200808402,4015243775612013.0,0.0211306,0.02231475,0.03244105,0.040435650000000004,0.0440017,0.0138129,0.01763295,0.02693265,0.035271250000000004,0.0388462,0.0053553,0.0046226,0.0054347,0.0060239000000000004,0.0064037,0,05_resultados\revisao_operacional\campanha_v1\j01175.mat,campanha_v1,,,,,3,0.9550517564228432,,,86
j01176,montecarlo,perda_fonte,mpc_qp_estocastico_3cen,{},350.00045020322545,350.00045020322545,1,14.583333651177506,14.583333651177506,150,150,150,150,51.927769927397094,51.927769927397094,60,38.34309284486337,1763.388898531937,0,0.16666666666666669,0.03834309284486337,500,150,57.48636392806875,0.1281317832086799,174,0,0,0.009305903815743477,666566.4042708572,8858386386927326.0,0.0613994,0.057807750000000005,0.0873102,0.11894915,0.1532764,0.0401839,0.0441193,0.06633595,0.10312345,0.1406036,0.0176597,0.01332275,0.017692199999999998,0.022584649999999998,0.0463612,0,05_resultados\revisao_operacional\evento_adiantado_corrigido_v1\j01176.mat,evento_adiantado_corrigido_v1,,,,,3,0.9550517564228432,,,86
j01177,montecarlo,perda_fonte,heuristico,{},592.6122638850534,592.6122638850534,1,14.754610453615202,14.754610453615202,150,150,150,150,57.93978528855198,56.5039066455025,60,24.16369944991276,850,0,0,0.02416369944991276,500,150,60,nan,0,nan,nan,nan,nan,nan,3.63e-05,7.7e-06,9.1e-06,1.05e-05,3.63e-05,nan,nan,nan,nan,nan,nan,nan,nan,nan,nan,0,05_resultados\revisao_operacional\campanha_v1\j01177.mat,campanha_v1,,,,,1,0.8136060477832462,,,87
j01178,montecarlo,perda_fonte,heuristico_foresight,{},370.5532507924737,370.5532507924737,1,14.597843323684993,14.597843323684993,150,150,150,150,57.56503485596575,56.13372177187387,60,25.89804834197716,850,0,0,0.02589804834197716,500,150,59.694602046846924,nan,0,nan,nan,nan,nan,nan,4.21e-05,8.8e-06,1.005e-05,1.43e-05,4.21e-05,nan,nan,nan,nan,nan,nan,nan,nan,nan,nan,0,05_resultados\revisao_operacional\campanha_v1\j01178.mat,campanha_v1,,,,,1,0.8136060477832462,,,87
j01179,montecarlo,perda_fonte,miope_qp,{},592.6116232891053,592.6116232891053,1,14.754610001373313,14.75461000137331,150,150,150,150,57.9147667951044,56.47501255161039,60,24.32134429297718,1150.0008251042025,0,0,0.02432134429297718,500,150,59.99996967342122,nan,0,nan,nan,nan,nan,nan,0.0012494,0.0005778,0.0006816999999999999,0.00087115,0.0012494,0.001114,0.0005148500000000001,0.0006028,0.0007804000000000001,0.001114,nan,nan,nan,nan,nan,0,05_resultados\revisao_operacional\campanha_v1\j01179.mat,campanha_v1,,,,,1,0.8136060477832462,,,87
j01180,montecarlo,perda_fonte,mpc_qp_v5,{},350.0958000213839,350.0958000213839,1,14.58824969480828,14.583400965342271,150,150,150,150,57.109911874447356,55.71451889950554,60.06187867057591,28.319809678466587,1741.6672466063492,0,0.9166666666666666,0.028319809678466586,500,150,59.355464976688026,0.1169445105360083,852,0,0,0.0030578066321140795,333283.200808402,4015243775612013.0,0.021048,0.02171315,0.0311239,0.0372246,0.1578265,0.0141912,0.0169997,0.0255623,0.0320072,0.1529298,0.0051088,0.00454325,0.0052374,0.0055701,0.0061108,0,05_resultados\revisao_operacional\campanha_v1\j01180.mat,campanha_v1,,,,,1,0.8136060477832462,,,87
j01181,montecarlo,perda_fonte,mpc_qp_estocastico_3cen,{},350.00003095429554,350.00003095429554,1,14.58821836023976,14.583333355219798,150,150,150,150,56.77191242584724,55.37656091879434,60.043489789362475,29.740761063701235,856.0025201480482,0,0,0.029740761063701236,500,150,59.01753476111523,0.1170062860768013,852,0,0,2.2737367544323206e-13,666566.4016168036,8030487551224027.0,0.0448885,0.047625600000000004,0.06684435,0.1041588,0.1255404,0.0281599,0.035284449999999995,0.0525453,0.09035065,0.1083083,0.013484,0.0122764,0.0147147,0.0167848,0.0347946,0,05_resultados\revisao_operacional\evento_adiantado_corrigido_v1\j01181.mat,evento_adiantado_corrigido_v1,,,,,1,0.8136060477832462,,,87
j01182,montecarlo,perda_fonte,heuristico,{},592.6122638850534,592.6122638850534,1,14.754610453615202,14.754610453615202,150,150,150,150,57.93978528855198,56.5039066455025,60,24.16369944991276,850,0,0,0.02416369944991276,500,150,60,nan,0,nan,nan,nan,nan,nan,3.63e-05,7.8e-06,9e-06,9.999999999999999e-06,3.63e-05,nan,nan,nan,nan,nan,nan,nan,nan,nan,nan,0,05_resultados\revisao_operacional\campanha_v1\j01182.mat,campanha_v1,,,,,10,1.0269230359831747,,,88
j01183,montecarlo,perda_fonte,heuristico_foresight,{},443.33660581542915,443.33660581542915,1,14.64922623093444,14.64922623093444,150,150,150,150,57.50619713666749,56.09863405257561,60,25.939715008643827,850,0,0,0.025939715008643827,500,150,59.85922318918037,nan,0,nan,nan,nan,nan,nan,4.41e-05,9e-06,1.13e-05,1.61e-05,5.34e-05,nan,nan,nan,nan,nan,nan,nan,nan,nan,nan,0,05_resultados\revisao_operacional\campanha_v1\j01183.mat,campanha_v1,,,,,10,1.0269230359831747,,,88
j01184,montecarlo,perda_fonte,miope_qp,{},592.6116232891053,592.6116232891053,1,14.754610001373313,14.75461000137331,150,150,150,150,57.9147667951044,56.47501255161039,60,24.32134429297718,1150.0008251042025,0,0,0.02432134429297718,500,150,59.99996967342122,nan,0,nan,nan,nan,nan,nan,0.0012719,0.00057255,0.0006585499999999999,0.0008611999999999999,0.0012719,0.0011331,0.00050975,0.00058775,0.0007756499999999999,0.0011331,nan,nan,nan,nan,nan,0,05_resultados\revisao_operacional\campanha_v1\j01184.mat,campanha_v1,,,,,10,1.0269230359831747,,,88
j01185,montecarlo,perda_fonte,mpc_qp_v5,{},369.67321589359403,369.67321589359403,1,14.597222044956013,14.597222044956013,150,150,150,150,56.65464162163193,55.83727649954603,60,24.074858322344948,1754.3474353895447,0,2,0.024074858322344947,500,150,59.696810873841414,0.008732146888604575,865,0,4.640022513867368e-10,0.014981180075892553,333283.200808402,4015243775612013.0,0.0228702,0.02583285,0.0324656,0.0412719,0.0467365,0.0156577,0.0210574,0.027059800000000002,0.0356856,0.041255,0.0050548,0.0046370000000000005,0.0053853,0.00590625,0.006621,0,05_resultados\revisao_operacional\campanha_v1\j01185.mat,campanha_v1,,,,,10,1.0269230359831747,,,88
j01186,montecarlo,perda_fonte,mpc_qp_estocastico_3cen,{},350.01598149167927,350.01598149167927,1,14.58334461581669,14.583344615816689,150,150,150,150,48.10690874848338,48.10690874848338,60,56.49218344470295,1622.7683317030717,0,0.16666666666666669,0.05649218344470295,500,150,55.817846031882134,0.1266059919581295,115,0,0,1.9326762412674725e-12,666566.4042708572,8858386386927326.0,0.0503452,0.056047349999999996,0.08488645,0.11369850000000001,0.1593187,0.0347036,0.04234385,0.0701733,0.09969454999999999,0.1458975,0.012994,0.013094,0.0163575,0.021210649999999998,0.0400275,0,05_resultados\revisao_operacional\evento_adiantado_corrigido_v1\j01186.mat,evento_adiantado_corrigido_v1,,,,,10,1.0269230359831747,,,88
j01187,montecarlo,perda_fonte,heuristico,{},592.6122638850534,592.6122638850534,1,14.754610453615202,14.754610453615202,150,150,150,150,57.93978528855198,56.5039066455025,60,24.16369944991276,850,0,0,0.02416369944991276,500,150,60,nan,0,nan,nan,nan,nan,nan,4.1e-05,8e-06,9.1e-06,1.235e-05,5.26e-05,nan,nan,nan,nan,nan,nan,nan,nan,nan,nan,0,05_resultados\revisao_operacional\campanha_v1\j01187.mat,campanha_v1,,,,,3,1.1310505981576648,,,89
j01188,montecarlo,perda_fonte,heuristico_foresight,{},563.3241425534572,563.3241425534572,1,14.733933901656071,14.733933901656068,150,150,150,150,53.489395639482474,53.489395639482474,60,30.92537071246454,751.7120513817514,0,0,0.030925370712464543,500,150,58.59242463613682,nan,0,nan,nan,nan,nan,nan,4.01e-05,8.3e-06,9.3e-06,1.27e-05,4.01e-05,nan,nan,nan,nan,nan,nan,nan,nan,nan,nan,0,05_resultados\revisao_operacional\campanha_v1\j01188.mat,campanha_v1,,,,,3,1.1310505981576648,,,89
j01189,montecarlo,perda_fonte,miope_qp,{},592.6116232891053,592.6116232891053,1,14.754610001373313,14.75461000137331,150,150,150,150,57.9147667951044,56.47501255161039,60,24.32134429297718,1150.0008251042025,0,0,0.02432134429297718,500,150,59.99996967342122,nan,0,nan,nan,nan,nan,nan,0.0012611,0.00057715,0.0006718,0.0008624500000000001,0.0012611,0.0011228,0.0005143999999999999,0.0005966999999999999,0.0007703499999999999,0.0011228,nan,nan,nan,nan,nan,0,05_resultados\revisao_operacional\campanha_v1\j01189.mat,campanha_v1,,,,,3,1.1310505981576648,,,89
j01190,montecarlo,perda_fonte,mpc_qp_v5,{},350.5034364493237,350.5034364493237,1,14.583688744660774,14.583688744660773,150,150,150,150,52.16371704261236,52.16371704261236,60,37.22234404759132,1326.3657961732995,0,2.3333333333333335,0.037222344047591324,500,150,58.067111567260945,7.105427357601002e-15,0,0,0,5.823039828101173e-10,333283.2021354289,4843142611315303.0,0.023939,0.029857349999999998,0.0348094,0.0455751,0.0490463,0.0168426,0.0244713,0.029234049999999998,0.04013155,0.0435045,0.0049949,0.0051008,0.0056719,0.00590145,0.0061687,0,05_resultados\revisao_operacional\campanha_v1\j01190.mat,campanha_v1,,,,,3,1.1310505981576648,,,89
j01191,montecarlo,perda_fonte,mpc_qp_estocastico_3cen,{},350.00002244397376,350.00002244397376,1,14.58333334920295,14.58333334920295,150,150,150,150,42.40638332679233,42.40638332679233,60,83.56967919773645,1872.6063009029253,0,0.4166666666666667,0.08356967919773645,500,150,53.1257982974252,7.105427357601002e-15,0,0,0,4.092726157978177e-12,666566.4042708572,9686285222630616.0,0.0525439,0.06516255,0.08422085,0.1309492,0.1671362,0.0374093,0.052082699999999996,0.06623570000000001,0.11589045,0.1517367,0.0123893,0.01266385,0.015050649999999999,0.01982225,0.0289436,0,05_resultados\revisao_operacional\evento_adiantado_corrigido_v1\j01191.mat,evento_adiantado_corrigido_v1,,,,,3,1.1310505981576648,,,89
j01192,montecarlo,perda_fonte,heuristico,{},592.6122638850534,592.6122638850534,1,14.754610453615202,14.754610453615202,150,150,150,150,57.93978528855198,56.5039066455025,60,24.16369944991276,850,0,0,0.02416369944991276,500,150,60,nan,0,nan,nan,nan,nan,nan,4.1e-05,7.7e-06,9.05e-06,1.255e-05,4.31e-05,nan,nan,nan,nan,nan,nan,nan,nan,nan,nan,0,05_resultados\revisao_operacional\campanha_v1\j01192.mat,campanha_v1,,,,,1,1.0309062133720837,,,90
j01193,montecarlo,perda_fonte,heuristico_foresight,{},370.5532507924737,370.5532507924737,1,14.597843323684993,14.597843323684993,150,150,150,150,57.56503485596575,56.13372177187387,60,25.89804834197716,850,0,0,0.02589804834197716,500,150,59.694602046846924,nan,0,nan,nan,nan,nan,nan,3.9e-05,8.8e-06,9.7e-06,1.115e-05,3.9e-05,nan,nan,nan,nan,nan,nan,nan,nan,nan,nan,0,05_resultados\revisao_operacional\campanha_v1\j01193.mat,campanha_v1,,,,,1,1.0309062133720837,,,90
j01194,montecarlo,perda_fonte,miope_qp,{},592.6116232891053,592.6116232891053,1,14.754610001373313,14.75461000137331,150,150,150,150,57.9147667951044,56.47501255161039,60,24.32134429297718,1150.0008251042025,0,0,0.02432134429297718,500,150,59.99996967342122,nan,0,nan,nan,nan,nan,nan,0.0012774,0.0005707,0.0006597,0.0008328000000000001,0.0012774,0.0011326,0.0005079,0.00058035,0.00073765,0.0011326,nan,nan,nan,nan,nan,0,05_resultados\revisao_operacional\campanha_v1\j01194.mat,campanha_v1,,,,,1,1.0309062133720837,,,90
j01195,montecarlo,perda_fonte,mpc_qp_v5,{},350.31442241224306,350.31442241224306,1,14.58355530632248,14.583555306322479,150,150,150,150,56.58506597386904,55.83654661103364,60,23.715979191460907,1578.0833144305177,0,2.25,0.023715979191460908,500,150,59.49033458037364,0.00792836139799391,913,0,0,0.0004815472726704684,333283.200808402,4015243775612013.0,0.0221912,0.025786200000000002,0.0315141,0.04000645,0.0973264,0.0149793,0.021014650000000003,0.026476600000000003,0.034632399999999994,0.0920901,0.004957,0.0045582999999999995,0.00515265,0.00541675,0.0056006,0,05_resultados\revisao_operacional\campanha_v1\j01195.mat,campanha_v1,,,,,1,1.0309062133720837,,,90
j01196,montecarlo,perda_fonte,mpc_qp_estocastico_3cen,{},350.00053646581716,350.00053646581716,1,14.58333371208278,14.583333712082778,150,150,150,150,47.962493990873874,47.962493990873874,60,57.178153543348145,2814.5085755923196,0,0.33333333333333337,0.05717815354334815,500,150,55.641999530242934,0.12959312557947555,175,0,0,0.0009658318550691547,666566.4042708572,8858386386927326.0,0.0491148,0.0540901,0.068049,0.11388345,0.1560457,0.0344344,0.041360999999999995,0.054676100000000005,0.10024555,0.1430016,0.0121092,0.012261049999999999,0.0147192,0.017322999999999998,0.0215865,0,05_resultados\revisao_operacional\evento_adiantado_corrigido_v1\j01196.mat,evento_adiantado_corrigido_v1,,,,,1,1.0309062133720837,,,90
j01197,montecarlo,perda_fonte,heuristico,{},592.6122638850534,592.6122638850534,1,14.754610453615202,14.754610453615202,150,150,150,150,57.93978528855198,56.5039066455025,60,24.16369944991276,850,0,0,0.02416369944991276,500,150,60,nan,0,nan,nan,nan,nan,nan,3.97e-05,8e-06,9e-06,1.085e-05,4.99e-05,nan,nan,nan,nan,nan,nan,nan,nan,nan,nan,0,05_resultados\revisao_operacional\campanha_v1\j01197.mat,campanha_v1,,,,,16,1.0936747239809819,,,91
j01198,montecarlo,perda_fonte,heuristico_foresight,{},580.3263527697472,580.3263527697472,1,14.745936961837945,14.745936961837943,150,150,150,150,54.91615322106442,54.91615322106442,60,24.148272199955315,779.7439570142636,0,0,0.024148272199955315,500,150,59.40954403962284,nan,0,nan,nan,nan,nan,nan,4.3e-05,8.5e-06,9.7e-06,1.925e-05,4.3e-05,nan,nan,nan,nan,nan,nan,nan,nan,nan,nan,0,05_resultados\revisao_operacional\campanha_v1\j01198.mat,campanha_v1,,,,,16,1.0936747239809819,,,91
j01199,montecarlo,perda_fonte,miope_qp,{},592.6116232891053,592.6116232891053,1,14.754610001373313,14.75461000137331,150,150,150,150,57.9147667951044,56.47501255161039,60,24.32134429297718,1150.0008251042025,0,0,0.02432134429297718,500,150,59.99996967342122,nan,0,nan,nan,nan,nan,nan,0.0013049,0.0005786,0.00069155,0.00086685,0.0013049,0.0011596,0.0005153,0.0006175,0.0007589000000000001,0.0011596,nan,nan,nan,nan,nan,0,05_resultados\revisao_operacional\campanha_v1\j01199.mat,campanha_v1,,,,,16,1.0936747239809819,,,91
j01200,montecarlo,perda_fonte,mpc_qp_v5,{},580.3238658107574,580.3238658107574,1,14.745935206129717,14.745935206129715,150,150,150,150,53.83167648092032,53.83167648092032,60,29.29953671562841,1493.9667533499853,0,1.8333333333333333,0.029299536715628408,500,150,59.14071631436489,7.105427357601002e-15,0,0,7.427140162995876e-10,1.6864026974872104e-07,333283.2021354289,4843142611315303.0,0.0240534,0.02840715,0.0344376,0.046328350000000004,0.0559243,0.0168515,0.0230737,0.028819949999999997,0.040479,0.0502643,0.0049396,0.00507095,0.00572585,0.0061096,0.0074651,0,05_resultados\revisao_operacional\campanha_v1\j01200.mat,campanha_v1,,,,,16,1.0936747239809819,,,91
j01201,montecarlo,perda_fonte,mpc_qp_estocastico_3cen,{},350.3556096481275,350.3556096481275,1,14.583584383298165,14.58358438329816,150,150,150,150,44.332750900724115,44.332750900724115,60,74.41943322156044,2997.039616153718,0,0.33333333333333337,0.07441943322156044,500,150,54.18873748406306,7.105427357601002e-15,0,0,0,5.9117155615240335e-12,666566.4042708572,9686285222630616.0,0.0497738,0.062135449999999995,0.0835246,0.10747960000000001,0.1573661,0.0343665,0.04877205,0.07033410000000001,0.09473085,0.1446279,0.0121507,0.01225455,0.01407365,0.0154416,0.0176929,0,05_resultados\revisao_operacional\evento_adiantado_corrigido_v1\j01201.mat,evento_adiantado_corrigido_v1,,,,,16,1.0936747239809819,,,91
j01202,montecarlo,perda_fonte,heuristico,{},592.6122638850534,592.6122638850534,1,14.754610453615202,14.754610453615202,150,150,150,150,57.93978528855198,56.5039066455025,60,24.16369944991276,850,0,0,0.02416369944991276,500,150,60,nan,0,nan,nan,nan,nan,nan,4.25e-05,8.1e-06,9.3e-06,1.3199999999999999e-05,4.25e-05,nan,nan,nan,nan,nan,nan,nan,nan,nan,nan,0,05_resultados\revisao_operacional\campanha_v1\j01202.mat,campanha_v1,,,,,-5,1.1223191999451558,,,92
j01203,montecarlo,perda_fonte,heuristico_foresight,{},360.818532704552,360.818532704552,1,14.5909708991251,14.590970899125097,150,150,150,150,53.8063396187686,53.8063396187686,60,29.41988681083668,758.2606000411331,0,0,0.02941988681083668,500,150,58.68829466762943,nan,0,nan,nan,nan,nan,nan,5e-05,8.8e-06,1.065e-05,1.515e-05,5e-05,nan,nan,nan,nan,nan,nan,nan,nan,nan,nan,0,05_resultados\revisao_operacional\campanha_v1\j01203.mat,campanha_v1,,,,,-5,1.1223191999451558,,,92
j01204,montecarlo,perda_fonte,miope_qp,{},592.6116232891053,592.6116232891053,1,14.754610001373313,14.75461000137331,150,150,150,150,57.9147667951044,56.47501255161039,60,24.32134429297718,1150.0008251042025,0,0,0.02432134429297718,500,150,59.99996967342122,nan,0,nan,nan,nan,nan,nan,0.0013662,0.0006124500000000001,0.00070235,0.0008458999999999999,0.0013662,0.0012266,0.000546,0.000624,0.0007567,0.0012266,nan,nan,nan,nan,nan,0,05_resultados\revisao_operacional\campanha_v1\j01204.mat,campanha_v1,,,,,-5,1.1223191999451558,,,92
j01205,montecarlo,perda_fonte,mpc_qp_v5,{},350.01419425330346,350.01419425330346,1,14.583343354065967,14.583343354065962,150,150,150,150,52.432543291170646,52.432543291170646,60,35.945419366940115,1352.2160093201533,0,2.25,0.035945419366940116,500,150,58.09754803343308,7.105427357601002e-15,0,0,0,0.005289335377938187,333283.2021354289,4843142611315303.0,0.0260403,0.02957655,0.0345487,0.04520755,0.0519525,0.0178756,0.0242969,0.029116200000000002,0.039752300000000004,0.0463812,0.0057609,0.00496775,0.00552165,0.0057280000000000005,0.0060467,0,05_resultados\revisao_operacional\campanha_v1\j01205.mat,campanha_v1,,,,,-5,1.1223191999451558,,,92
j01206,montecarlo,perda_fonte,mpc_qp_estocastico_3cen,{},350.00000042119996,350.00000042119996,1,14.583333333660853,14.58333333366085,150,150,150,150,42.7734905899876,42.7734905899876,60,81.82591969755852,1856.5997842773133,0,0.4166666666666667,0.08182591969755852,500,150,53.23060391991224,7.105427357601002e-15,0,0,0,6.59383658785373e-12,666566.4042708572,9686285222630616.0,0.053866,0.06503225,0.07568935,0.12317805,0.1659694,0.0375012,0.052627549999999995,0.06242175,0.11124809999999999,0.1529796,0.0131494,0.0121054,0.013363449999999999,0.0149587,0.0174205,0,05_resultados\revisao_operacional\evento_adiantado_corrigido_v1\j01206.mat,evento_adiantado_corrigido_v1,,,,,-5,1.1223191999451558,,,92
j01207,montecarlo,perda_fonte,heuristico,{},592.6122638850534,592.6122638850534,1,14.754610453615202,14.754610453615202,150,150,150,150,57.93978528855198,56.5039066455025,60,24.16369944991276,850,0,0,0.02416369944991276,500,150,60,nan,0,nan,nan,nan,nan,nan,4.01e-05,8e-06,9.3e-06,1.465e-05,4.01e-05,nan,nan,nan,nan,nan,nan,nan,nan,nan,nan,0,05_resultados\revisao_operacional\campanha_v1\j01207.mat,campanha_v1,,,,,-9,1.151779947867931,,,93
j01208,montecarlo,perda_fonte,heuristico_foresight,{},351.3738296804002,351.3738296804002,1,14.584303216667545,14.584303216667545,150,150,150,150,52.38070420336074,52.38070420336074,60,36.191655034027455,736.1650390990518,0,0,0.03619165503402746,500,150,57.97274708839371,nan,0,nan,nan,nan,nan,nan,4.22e-05,8.4e-06,9.6e-06,1.445e-05,4.22e-05,nan,nan,nan,nan,nan,nan,nan,nan,nan,nan,0,05_resultados\revisao_operacional\campanha_v1\j01208.mat,campanha_v1,,,,,-9,1.151779947867931,,,93
j01209,montecarlo,perda_fonte,miope_qp,{},592.6116232891053,592.6116232891053,1,14.754610001373313,14.75461000137331,150,150,150,150,57.9147667951044,56.47501255161039,60,24.32134429297718,1150.0008251042025,0,0,0.02432134429297718,500,150,59.99996967342122,nan,0,nan,nan,nan,nan,nan,0.0013242,0.0005741,0.00067165,0.0008194000000000001,0.0013242,0.001146,0.0005111,0.0005928,0.0007385,0.001146,nan,nan,nan,nan,nan,0,05_resultados\revisao_operacional\campanha_v1\j01209.mat,campanha_v1,,,,,-9,1.151779947867931,,,93
j01210,montecarlo,perda_fonte,mpc_qp_v5,{},350.00254882744525,350.00254882744525,1,14.583335132737261,14.583335132737258,150,150,150,150,51.05383219024743,51.05383219024743,60,42.49429709632409,1365.5481399810963,0,2.5,0.04249429709632409,500,150,57.38555111139856,7.105427357601002e-15,0,0,0,0.00022734497463261505,333283.2021354289,4843142611315303.0,0.0244381,0.029956299999999998,0.03494555,0.0437463,0.0741701,0.0165019,0.0244331,0.029124650000000002,0.03801545,0.0682447,0.0054519,0.0051772499999999996,0.005870800000000001,0.0061752000000000005,0.0074384,0,05_resultados\revisao_operacional\campanha_v1\j01210.mat,campanha_v1,,,,,-9,1.151779947867931,,,93
j01211,montecarlo,perda_fonte,mpc_qp_estocastico_3cen,{},350.0000002413529,350.0000002413529,1,14.583333333518071,14.583333333518071,150,150,150,150,41.23055978544677,41.23055978544677,60,89.1548410191275,1461.0422645337353,0,0.08333333333333334,0.0891548410191275,500,150,52.502707625378925,7.105427357601002e-15,0,0,0,1.1937117960769683e-11,666566.4042708572,9686285222630616.0,0.0552299,0.05896375,0.07913215,0.10797935,0.131764,0.0377386,0.0464788,0.06517005000000001,0.09544535,0.1189808,0.0142559,0.01216355,0.0136684,0.01443235,0.0172555,0,05_resultados\revisao_operacional\evento_adiantado_corrigido_v1\j01211.mat,evento_adiantado_corrigido_v1,,,,,-9,1.151779947867931,,,93
j01212,montecarlo,perda_fonte,heuristico,{},592.6122638850534,592.6122638850534,1,14.754610453615202,14.754610453615202,150,150,150,150,57.93978528855198,56.5039066455025,60,24.16369944991276,850,0,0,0.02416369944991276,500,150,60,nan,0,nan,nan,nan,nan,nan,3.84e-05,7.850000000000001e-06,9.1e-06,1.7650000000000002e-05,3.84e-05,nan,nan,nan,nan,nan,nan,nan,nan,nan,nan,0,05_resultados\revisao_operacional\campanha_v1\j01212.mat,campanha_v1,,,,,-1,0.9872512585522888,,,94
j01213,montecarlo,perda_fonte,heuristico_foresight,{},357.5611184157917,357.5611184157917,1,14.588671260475307,14.588671260475307,150,150,150,150,57.51825123023475,56.08693814614288,60,26.12027056419938,850.0000000000001,0,0,0.02612027056419938,500,150,59.64974938179165,nan,0,nan,nan,nan,nan,nan,4.36e-05,8.8e-06,9.9e-06,1.615e-05,4.36e-05,nan,nan,nan,nan,nan,nan,nan,nan,nan,nan,0,05_resultados\revisao_operacional\campanha_v1\j01213.mat,campanha_v1,,,,,-1,0.9872512585522888,,,94
j01214,montecarlo,perda_fonte,miope_qp,{},592.6116232891053,592.6116232891053,1,14.754610001373313,14.75461000137331,150,150,150,150,57.9147667951044,56.47501255161039,60,24.32134429297718,1150.0008251042025,0,0,0.02432134429297718,500,150,59.99996967342122,nan,0,nan,nan,nan,nan,nan,0.0013106,0.0005758,0.0006739000000000001,0.0008577999999999999,0.0013106,0.0011681,0.0005121,0.00060145,0.0007768,0.0011681,nan,nan,nan,nan,nan,0,05_resultados\revisao_operacional\campanha_v1\j01214.mat,campanha_v1,,,,,-1,0.9872512585522888,,,94
j01215,montecarlo,perda_fonte,mpc_qp_v5,{},350.05390445630087,350.05390445630087,1,14.585262386368694,14.583371388315975,150,150,150,150,57.084369729759565,55.68973102349413,60.00297525817064,27.843773085430293,1768.9050381365803,0,1.5833333333333335,0.027843773085430294,500,150,59.33072691489058,0.11714196511759667,893,0,0,0.0021602358423251644,333283.200808402,4015243775612013.0,0.0223531,0.023053499999999998,0.0321151,0.040834499999999996,0.1065823,0.0150004,0.01795935,0.026355,0.035147750000000005,0.1006945,0.0051644,0.00504375,0.00581545,0.0063708,0.0075207,0,05_resultados\revisao_operacional\campanha_v1\j01215.mat,campanha_v1,,,,,-1,0.9872512585522888,,,94
j01216,montecarlo,perda_fonte,mpc_qp_estocastico_3cen,{},350.000422619558,350.000422619558,1,14.583333631700015,14.583333631700013,150,150,150,150,50.20922343474665,50.20922343474665,60,46.50618868495299,2120.6642325745315,0,0.16666666666666669,0.04650618868495299,500,150,56.642712558350574,0.12236121309135228,57,0,0,0.014030186214199603,666566.4042708572,8858386386927326.0,0.048036,0.053526699999999997,0.06727325,0.11307634999999999,0.1567692,0.0325462,0.04084665,0.053756750000000006,0.09941615000000001,0.142774,0.0125601,0.012314249999999999,0.013932199999999999,0.01521515,0.0189194,0,05_resultados\revisao_operacional\evento_adiantado_corrigido_v1\j01216.mat,evento_adiantado_corrigido_v1,,,,,-1,0.9872512585522888,,,94
j01217,montecarlo,perda_fonte,heuristico,{},592.6122638850534,592.6122638850534,1,14.754610453615202,14.754610453615202,150,150,150,150,57.93978528855198,56.5039066455025,60,24.16369944991276,850,0,0,0.02416369944991276,500,150,60,nan,0,nan,nan,nan,nan,nan,3.55e-05,7.9e-06,9.1e-06,1.33e-05,3.55e-05,nan,nan,nan,nan,nan,nan,nan,nan,nan,nan,0,05_resultados\revisao_operacional\campanha_v1\j01217.mat,campanha_v1,,,,,2,1.1900246366153828,,,95
j01218,montecarlo,perda_fonte,heuristico_foresight,{},536.4969707146988,536.4969707146988,1,14.714994707634018,14.714994707634013,150,150,150,150,50.800627709264774,50.800627709264774,60,43.69701838100535,707.4815225384629,0,0,0.04369701838100535,500,150,57.303121517823804,nan,0,nan,nan,nan,nan,nan,4.17e-05,8.4e-06,9.5e-06,1.2e-05,4.17e-05,nan,nan,nan,nan,nan,nan,nan,nan,nan,nan,0,05_resultados\revisao_operacional\campanha_v1\j01218.mat,campanha_v1,,,,,2,1.1900246366153828,,,95
j01219,montecarlo,perda_fonte,miope_qp,{},592.6116232891053,592.6116232891053,1,14.754610001373313,14.75461000137331,150,150,150,150,57.9147667951044,56.47501255161039,60,24.32134429297718,1150.0008251042025,0,0,0.02432134429297718,500,150,59.99996967342122,nan,0,nan,nan,nan,nan,nan,0.0012647,0.0005726500000000001,0.0006633,0.00083365,0.0012647,0.0011179,0.00050955,0.0005916000000000001,0.0007391,0.0011179,nan,nan,nan,nan,nan,0,05_resultados\revisao_operacional\campanha_v1\j01219.mat,campanha_v1,,,,,2,1.1900246366153828,,,95
j01220,montecarlo,perda_fonte,mpc_qp_v5,{},350.56374114403417,350.56374114403417,1,14.58373131800727,14.58373131800727,150,150,150,150,49.52077431530069,49.52077431530069,60,49.776322002322466,1499.49996096718,0,2.5,0.049776322002322466,500,150,56.73615596397821,7.105427357601002e-15,0,0,0,0.2527533405655049,333283.2021354289,4843142611315303.0,0.0243087,0.03008615,0.03540475,0.0421957,0.0639806,0.0169174,0.0244562,0.0293854,0.0366036,0.0582665,0.0050665,0.0052552499999999995,0.0059688499999999995,0.006403000000000001,0.0090271,0,05_resultados\revisao_operacional\campanha_v1\j01220.mat,campanha_v1,,,,,2,1.1900246366153828,,,95
j01221,montecarlo,perda_fonte,mpc_qp_estocastico_3cen,{},350.00007514291144,350.00007514291144,1,14.583333386393646,14.583333386393646,150,150,150,150,39.46730054214765,39.46730054214765,60,97.53032242479857,3987.399848611987,0,0.75,0.09753032242479857,500,150,51.80922747710985,7.105427357601002e-15,0,0,0,0.06369943895390406,666566.4042708572,9686285222630616.0,0.0551408,0.057826249999999996,0.0802383,0.12547025,0.1653526,0.0389862,0.04528035,0.06730895,0.1134085,0.1528859,0.012327,0.012139549999999999,0.013211750000000001,0.0150956,0.0174897,0,05_resultados\revisao_operacional\evento_adiantado_corrigido_v1\j01221.mat,evento_adiantado_corrigido_v1,,,,,2,1.1900246366153828,,,95
j01222,montecarlo,perda_fonte,heuristico,{},592.6122638850534,592.6122638850534,1,14.754610453615202,14.754610453615202,150,150,150,150,57.93978528855198,56.5039066455025,60,24.16369944991276,850,0,0,0.02416369944991276,500,150,60,nan,0,nan,nan,nan,nan,nan,3.97e-05,8.1e-06,9.5e-06,1.24e-05,3.97e-05,nan,nan,nan,nan,nan,nan,nan,nan,nan,nan,0,05_resultados\revisao_operacional\campanha_v1\j01222.mat,campanha_v1,,,,,-7,1.0900755671035214,,,96
j01223,montecarlo,perda_fonte,heuristico_foresight,{},354.24856156985913,354.24856156985913,1,14.586332692802527,14.586332692802525,150,150,150,150,55.23584841050714,55.23584841050714,60,22.62972005007634,782.4433246723589,0,0,0.02262972005007634,500,150,59.34315296360831,nan,0,nan,nan,nan,nan,nan,4.2e-05,8.6e-06,9.7e-06,1.25e-05,4.2e-05,nan,nan,nan,nan,nan,nan,nan,nan,nan,nan,0,05_resultados\revisao_operacional\campanha_v1\j01223.mat,campanha_v1,,,,,-7,1.0900755671035214,,,96
j01224,montecarlo,perda_fonte,miope_qp,{},592.6116232891053,592.6116232891053,1,14.754610001373313,14.75461000137331,150,150,150,150,57.9147667951044,56.47501255161039,60,24.32134429297718,1150.0008251042025,0,0,0.02432134429297718,500,150,59.99996967342122,nan,0,nan,nan,nan,nan,nan,0.0012546,0.0006169999999999999,0.0008221,0.0013328,0.0018132,0.0011069,0.0005483,0.0007297,0.0011647,0.0015988,nan,nan,nan,nan,nan,0,05_resultados\revisao_operacional\campanha_v1\j01224.mat,campanha_v1,,,,,-7,1.0900755671035214,,,96
j01225,montecarlo,perda_fonte,mpc_qp_v5,{},350.012689563137,350.012689563137,1,14.583342291803149,14.583342291803145,150,150,150,150,53.88659144507432,53.88659144507432,60,29.03869063589766,1774.4308086491537,0,1.8333333333333333,0.02903869063589766,500,150,58.816028997790845,7.105427357601002e-15,0,0,0,7.712174010521267e-09,333283.2021354289,4843142611315303.0,0.025919,0.02921305,0.0357412,0.04744955,0.0988705,0.0180726,0.0235697,0.0297348,0.041744050000000005,0.0925346,0.0056652,0.0052229,0.0061348,0.0071447,0.0108061,0,05_resultados\revisao_operacional\campanha_v1\j01225.mat,campanha_v1,,,,,-7,1.0900755671035214,,,96
j01226,montecarlo,perda_fonte,mpc_qp_estocastico_3cen,{},350.0000030198329,350.0000030198329,1,14.583333335476887,14.583333335476887,150,150,150,150,44.440547458139164,44.440547458139164,60,73.90739957383944,2996.9071983080053,0,0.6666666666666667,0.07390739957383945,500,150,54.00857768400302,7.105427357601002e-15,0,0,0,0.11536712802603688,666566.4042708572,9686285222630616.0,0.0487935,0.061250399999999997,0.07681260000000001,0.11142055000000001,0.1723959,0.0330352,0.04789515,0.06396715,0.09861905,0.1599696,0.013005,0.0123025,0.014014,0.015221950000000001,0.0166623,0,05_resultados\revisao_operacional\evento_adiantado_corrigido_v1\j01226.mat,evento_adiantado_corrigido_v1,,,,,-7,1.0900755671035214,,,96
j01227,montecarlo,perda_fonte,heuristico,{},592.6122638850534,592.6122638850534,1,14.754610453615202,14.754610453615202,150,150,150,150,57.93978528855198,56.5039066455025,60,24.16369944991276,850,0,0,0.02416369944991276,500,150,60,nan,0,nan,nan,nan,nan,nan,3.95e-05,8.1e-06,9.2e-06,1.19e-05,3.95e-05,nan,nan,nan,nan,nan,nan,nan,nan,nan,nan,0,05_resultados\revisao_operacional\campanha_v1\j01227.mat,campanha_v1,,,,,-7,1.006270715548464,,,97
j01228,montecarlo,perda_fonte,heuristico_foresight,{},350.3764459195046,350.3764459195046,1,14.583599093076895,14.583599093076895,150,150,150,150,57.37790035304177,55.94658726894989,60,26.786937230866048,850,0,0,0.02678693723086605,500,150,59.51046632931412,nan,0,nan,nan,nan,nan,nan,4.38e-05,8.9e-06,1.13e-05,1.42e-05,5.53e-05,nan,nan,nan,nan,nan,nan,nan,nan,nan,nan,0,05_resultados\revisao_operacional\campanha_v1\j01228.mat,campanha_v1,,,,,-7,1.006270715548464,,,97
j01229,montecarlo,perda_fonte,miope_qp,{},592.6116232891053,592.6116232891053,1,14.754610001373313,14.75461000137331,150,150,150,150,57.9147667951044,56.47501255161039,60,24.32134429297718,1150.0008251042025,0,0,0.02432134429297718,500,150,59.99996967342122,nan,0,nan,nan,nan,nan,nan,0.0012706,0.000582,0.000714,0.000918,0.001389,0.0011253,0.0005179,0.0006327500000000001,0.0008295,0.001202,nan,nan,nan,nan,nan,0,05_resultados\revisao_operacional\campanha_v1\j01229.mat,campanha_v1,,,,,-7,1.006270715548464,,,97
j01230,montecarlo,perda_fonte,mpc_qp_v5,{},350.0038919932412,350.0038919932412,1,14.583336080991563,14.583336080991561,150,150,150,150,56.95286928371183,55.689781704427794,60,27.12136626862147,1615.0458526622094,0,2.3333333333333335,0.02712136626862147,500,150,59.33312514208124,0.013330620585918496,776,0,0,0.0022422202575285155,333283.200808402,4015243775612013.0,0.0236997,0.027185149999999998,0.03692695,0.0435888,0.0951665,0.0164426,0.0217998,0.0301552,0.037181000000000006,0.0891883,0.0052164,0.0049642,0.00633705,0.0078841,0.0234333,0,05_resultados\revisao_operacional\campanha_v1\j01230.mat,campanha_v1,,,,,-7,1.006270715548464,,,97
j01231,montecarlo,perda_fonte,mpc_qp_estocastico_3cen,{},350.0000031110952,350.0000031110952,1,14.583333335544726,14.58333333554472,150,150,150,150,49.06948292418446,49.06948292418446,60,51.91995611012346,1748.6490296116358,0,0.16666666666666669,0.051919956110123455,500,150,56.04480178816735,0.12753225872820906,116,0,0,0.0032725313151331648,666566.4042708572,8858386386927326.0,0.0482494,0.05399355,0.06572839999999999,0.1069195,0.1629099,0.0335967,0.041390750000000004,0.05369985,0.0939203,0.1497424,0.0119747,0.01221855,0.013537899999999999,0.0147989,0.0162086,0,05_resultados\revisao_operacional\evento_adiantado_corrigido_v1\j01231.mat,evento_adiantado_corrigido_v1,,,,,-7,1.006270715548464,,,97
j01232,montecarlo,perda_fonte,heuristico,{},592.6122638850534,592.6122638850534,1,14.754610453615202,14.754610453615202,150,150,150,150,57.93978528855198,56.5039066455025,60,24.16369944991276,850,0,0,0.02416369944991276,500,150,60,nan,0,nan,nan,nan,nan,nan,3.94e-05,8.1e-06,9.55e-06,1.415e-05,3.94e-05,nan,nan,nan,nan,nan,nan,nan,nan,nan,nan,0,05_resultados\revisao_operacional\campanha_v1\j01232.mat,campanha_v1,,,,,3,1.0743191419030527,,,98
j01233,montecarlo,perda_fonte,heuristico_foresight,{},589.1311682448835,589.1311682448835,1,14.752152902512357,14.752152902512357,150,150,150,150,56.09321647065446,56.09321647065446,60,18.557221764397028,794.2606435727105,0,0,0.018557221764397027,500,150,59.83269993978572,nan,0,nan,nan,nan,nan,nan,5.02e-05,8.6e-06,9.5e-06,1.1050000000000001e-05,5.02e-05,nan,nan,nan,nan,nan,nan,nan,nan,nan,nan,0,05_resultados\revisao_operacional\campanha_v1\j01233.mat,campanha_v1,,,,,3,1.0743191419030527,,,98
j01234,montecarlo,perda_fonte,miope_qp,{},592.6116232891053,592.6116232891053,1,14.754610001373313,14.75461000137331,150,150,150,150,57.9147667951044,56.47501255161039,60,24.32134429297718,1150.0008251042025,0,0,0.02432134429297718,500,150,59.99996967342122,nan,0,nan,nan,nan,nan,nan,0.0013162,0.0006065,0.00069525,0.0008641499999999999,0.0013162,0.0011651,0.0005406,0.00061675,0.0007845,0.0011651,nan,nan,nan,nan,nan,0,05_resultados\revisao_operacional\campanha_v1\j01234.mat,campanha_v1,,,,,3,1.0743191419030527,,,98
j01235,montecarlo,perda_fonte,mpc_qp_v5,{},351.7676438267433,351.7676438267433,1,14.584581237878645,14.584581237878643,150,150,150,150,54.780232758214396,54.780232758214396,60,24.79389439848186,1881.1675167507265,0,2,0.024793894398481862,500,150,59.405224867619154,7.105427357601002e-15,0,0,0,2.0411962850630516e-05,333283.2021354289,4843142611315303.0,0.0311642,0.0283271,0.03855075,0.048891649999999995,0.1009275,0.0233727,0.0230776,0.0314014,0.04345805,0.0954793,0.0052628,0.00480915,0.0060478,0.00801585,0.015633,0,05_resultados\revisao_operacional\campanha_v1\j01235.mat,campanha_v1,,,,,3,1.0743191419030527,,,98
j01236,montecarlo,perda_fonte,mpc_qp_estocastico_3cen,{},350.0011709168823,350.0011709168823,1,14.583334159996236,14.583334159996234,150,150,150,150,45.31503616646375,45.31503616646375,60,69.75357820929638,2308.8202652974596,0,0.16666666666666669,0.06975357820929638,500,150,54.47654964599427,7.105427357601002e-15,0,0,0,1.1937117960769683e-11,666566.4042708572,9686285222630616.0,0.0503596,0.0726889,0.07852705,0.109057,0.1521295,0.0345065,0.06018455,0.0653812,0.0964666,0.1395299,0.0130545,0.0121951,0.0131548,0.01428235,0.0156003,0,05_resultados\revisao_operacional\evento_adiantado_corrigido_v1\j01236.mat,evento_adiantado_corrigido_v1,,,,,3,1.0743191419030527,,,98
j01237,montecarlo,perda_fonte,heuristico,{},592.6122638850534,592.6122638850534,1,14.754610453615202,14.754610453615202,150,150,150,150,57.93978528855198,56.5039066455025,60,24.16369944991276,850,0,0,0.02416369944991276,500,150,60,nan,0,nan,nan,nan,nan,nan,4.11e-05,8.2e-06,9.1e-06,9.849999999999999e-06,4.11e-05,nan,nan,nan,nan,nan,nan,nan,nan,nan,nan,0,05_resultados\revisao_operacional\campanha_v1\j01237.mat,campanha_v1,,,,,8,0.9588215229696554,,,99
j01238,montecarlo,perda_fonte,heuristico_foresight,{},427.16266208870786,427.16266208870786,1,14.637807902525346,14.637807902525346,150,150,150,150,57.52473027506906,56.11188941319941,60,25.90452982345864,850,0,0,0.025904529823458637,500,150,59.8280987826856,nan,0,nan,nan,nan,nan,nan,4.23e-05,9e-06,1.12e-05,1.18e-05,4.23e-05,nan,nan,nan,nan,nan,nan,nan,nan,nan,nan,0,05_resultados\revisao_operacional\campanha_v1\j01238.mat,campanha_v1,,,,,8,0.9588215229696554,,,99
j01239,montecarlo,perda_fonte,miope_qp,{},592.6116232891053,592.6116232891053,1,14.754610001373313,14.75461000137331,150,150,150,150,57.9147667951044,56.47501255161039,60,24.32134429297718,1150.0008251042025,0,0,0.02432134429297718,500,150,59.99996967342122,nan,0,nan,nan,nan,nan,nan,0.0013934,0.00061445,0.0006992999999999999,0.00082755,0.0013934,0.0012047,0.00054605,0.00062015,0.0007416,0.0012047,nan,nan,nan,nan,nan,0,05_resultados\revisao_operacional\campanha_v1\j01239.mat,campanha_v1,,,,,8,0.9588215229696554,,,99
j01240,montecarlo,perda_fonte,mpc_qp_v5,{},355.24920610626265,355.24920610626265,1,14.589470181631091,14.587039118426796,150,150,150,150,57.242879627678455,55.86657323362279,60.0129615060944,27.00728061081912,1674.023867404889,0,2,0.02700728061081912,500,150,59.670506577476296,0.1171093510566763,853,0,0,0.0005315067037940935,333283.200808402,4015243775612013.0,0.0227047,0.0232092,0.0342186,0.040729600000000005,0.0459033,0.0146537,0.0182435,0.02844975,0.03515565,0.04003,0.0055669,0.0047146,0.005815,0.0076074,0.0144029,0,05_resultados\revisao_operacional\campanha_v1\j01240.mat,campanha_v1,,,,,8,0.9588215229696554,,,99
j01241,montecarlo,perda_fonte,mpc_qp_estocastico_3cen,{},350.0069003580603,350.0069003580603,1,14.58333820479864,14.58333820479864,150,150,150,150,51.69652768041938,51.69652768041938,60,39.4414935180087,1707.0133888967919,0,0.16666666666666669,0.0394414935180087,500,150,57.46026716427652,0.1281184890045992,117,0,0,0.0003794810184558628,666566.4042708572,8858386386927326.0,0.0458439,0.0546266,0.07888765,0.10863975000000001,0.1500085,0.0305541,0.041984900000000006,0.065803,0.09579525,0.1371017,0.0126732,0.0122156,0.0131142,0.01431175,0.0205122,0,05_resultados\revisao_operacional\evento_adiantado_corrigido_v1\j01241.mat,evento_adiantado_corrigido_v1,,,,,8,0.9588215229696554,,,99
j01242,montecarlo,perda_fonte,heuristico,{},592.6122638850534,592.6122638850534,1,14.754610453615202,14.754610453615202,150,150,150,150,57.93978528855198,56.5039066455025,60,24.16369944991276,850,0,0,0.02416369944991276,500,150,60,nan,0,nan,nan,nan,nan,nan,3.71e-05,8.1e-06,9.4e-06,1.1249999999999999e-05,3.71e-05,nan,nan,nan,nan,nan,nan,nan,nan,nan,nan,0,05_resultados\revisao_operacional\campanha_v1\j01242.mat,campanha_v1,,,,,-3,0.8551169014066841,,,100
j01243,montecarlo,perda_fonte,heuristico_foresight,{},352.7815800174326,352.7815800174326,1,14.585297046987337,14.585297046987337,150,150,150,150,57.47146760450376,56.04015452041188,60,26.342492786421605,850,0,0,0.026342492786421604,500,150,59.603676116794965,nan,0,nan,nan,nan,nan,nan,4.53e-05,9e-06,1.01e-05,2.2100000000000002e-05,4.53e-05,nan,nan,nan,nan,nan,nan,nan,nan,nan,nan,0,05_resultados\revisao_operacional\campanha_v1\j01243.mat,campanha_v1,,,,,-3,0.8551169014066841,,,100
j01244,montecarlo,perda_fonte,miope_qp,{},592.6116232891053,592.6116232891053,1,14.754610001373313,14.75461000137331,150,150,150,150,57.9147667951044,56.47501255161039,60,24.32134429297718,1150.0008251042025,0,0,0.02432134429297718,500,150,59.99996967342122,nan,0,nan,nan,nan,nan,nan,0.0012305,0.0005833,0.00070585,0.00089445,0.0012305,0.0010881,0.0005183,0.0006301,0.0008026999999999999,0.0010881,nan,nan,nan,nan,nan,0,05_resultados\revisao_operacional\campanha_v1\j01244.mat,campanha_v1,,,,,-3,0.8551169014066841,,,100
j01245,montecarlo,perda_fonte,mpc_qp_v5,{},350.01552602094137,350.01552602094137,1,14.587584978402226,14.583344294264856,150,150,150,150,57.017740261233,55.62250192102963,60.04711912780743,28.60828682698741,1871.9677274077267,0,0.8333333333333334,0.02860828682698741,500,150,59.2634703327084,0.1169922613167671,852,0,0,0.007042600894635598,333283.200808402,4015243775612013.0,0.0211889,0.02230645,0.034976850000000004,0.03935885,0.0966213,0.0142058,0.017472,0.02959435,0.034186350000000004,0.0909115,0.0052011,0.00463485,0.0055392,0.00700445,0.0165318,0,05_resultados\revisao_operacional\campanha_v1\j01245.mat,campanha_v1,,,,,-3,0.8551169014066841,,,100
j01246,montecarlo,perda_fonte,mpc_qp_estocastico_3cen,{},350.0000543354884,350.0000543354884,1,14.58333337171884,14.58333337171884,150,150,150,150,56.23830866385621,55.37074402806384,60.028070385429466,26.836168730232483,1482.0322045649941,0,0.08333333333333334,0.026836168730232483,500,150,59.015820503998945,0.1170569540252373,898,0,0,2.2168933355715126e-12,666566.4016168036,8030487551224027.0,0.042269,0.052114049999999995,0.0644679,0.1035578,0.1833948,0.0268991,0.0399695,0.051553749999999995,0.09099615,0.1699116,0.0121828,0.01186035,0.012679800000000001,0.0134079,0.0154721,0,05_resultados\revisao_operacional\evento_adiantado_corrigido_v1\j01246.mat,evento_adiantado_corrigido_v1,,,,,-3,0.8551169014066841,,,100
j01247,montecarlo,perda_fonte,heuristico,{},592.6122638850534,592.6122638850534,1,14.754610453615202,14.754610453615202,150,150,150,150,57.93978528855198,56.5039066455025,60,24.16369944991276,850,0,0,0.02416369944991276,500,150,60,nan,0,nan,nan,nan,nan,nan,4.1e-05,8.2e-06,1.025e-05,1.325e-05,6.05e-05,nan,nan,nan,nan,nan,nan,nan,nan,nan,nan,0,05_resultados\revisao_operacional\campanha_v1\j01247.mat,campanha_v1,,,,,3,1.0992529757064382,,,101
j01248,montecarlo,perda_fonte,heuristico_foresight,{},577.7888172454341,577.7888172454341,1,14.744145536415926,14.744145536415925,150,150,150,150,54.948820748339216,54.948820748339216,60,23.993101445373025,775.5602682201713,0,0,0.023993101445373026,500,150,59.28759110011562,nan,0,nan,nan,nan,nan,nan,4.1e-05,8.7e-06,1.01e-05,1.335e-05,4.1e-05,nan,nan,nan,nan,nan,nan,nan,nan,nan,nan,0,05_resultados\revisao_operacional\campanha_v1\j01248.mat,campanha_v1,,,,,3,1.0992529757064382,,,101
j01249,montecarlo,perda_fonte,miope_qp,{},592.6116232891053,592.6116232891053,1,14.754610001373313,14.75461000137331,150,150,150,150,57.9147667951044,56.47501255161039,60,24.32134429297718,1150.0008251042025,0,0,0.02432134429297718,500,150,59.99996967342122,nan,0,nan,nan,nan,nan,nan,0.0013388,0.00062505,0.00112245,0.00141985,0.0017111,0.001194,0.0005550500000000001,0.0009738,0.00125685,0.0015187,nan,nan,nan,nan,nan,0,05_resultados\revisao_operacional\campanha_v1\j01249.mat,campanha_v1,,,,,3,1.0992529757064382,,,101
j01250,montecarlo,perda_fonte,mpc_qp_v5,{},351.8452134506572,351.8452134506572,1,14.584635999752365,14.584635999752361,150,150,150,150,53.64580570518071,53.64580570518071,60,30.182422900390883,1544.4296197280719,0,2,0.030182422900390884,500,150,58.8265119983567,7.105427357601002e-15,0,0,0,0.0008290615514852107,333283.2021354289,4843142611315303.0,0.0257969,0.029971,0.0401953,0.05197905,0.1016972,0.0185912,0.02432385,0.03207885,0.0436822,0.0959733,0.0051532,0.0052973,0.00679915,0.01090365,0.0303956,0,05_resultados\revisao_operacional\campanha_v1\j01250.mat,campanha_v1,,,,,3,1.0992529757064382,,,101
j01251,montecarlo,perda_fonte,mpc_qp_estocastico_3cen,{},350.00062749039716,350.00062749039716,1,14.583333776346182,14.583333776346178,150,150,150,150,44.04871616129488,44.04871616129488,60,75.76859823384994,2642.947488451042,0,0.4166666666666667,0.07576859823384995,500,150,53.89386844877917,7.105427357601002e-15,0,0,0,0.07247873477854228,666566.4042708572,9686285222630616.0,0.0492247,0.06420719999999999,0.0770583,0.10981435,0.217484,0.0345204,0.051826800000000006,0.06407505,0.0971216,0.2052375,0.0119303,0.0120613,0.01292285,0.013536550000000001,0.0184691,0,05_resultados\revisao_operacional\evento_adiantado_corrigido_v1\j01251.mat,evento_adiantado_corrigido_v1,,,,,3,1.0992529757064382,,,101
j01252,montecarlo,perda_fonte,heuristico,{},592.6122638850534,592.6122638850534,1,14.754610453615202,14.754610453615202,150,150,150,150,57.93978528855198,56.5039066455025,60,24.16369944991276,850,0,0,0.02416369944991276,500,150,60,nan,0,nan,nan,nan,nan,nan,4.79e-05,8.6e-06,1.19e-05,1.825e-05,5.33e-05,nan,nan,nan,nan,nan,nan,nan,nan,nan,nan,0,05_resultados\revisao_operacional\campanha_v1\j01252.mat,campanha_v1,,,,,-4,1.097172736606577,,,102
j01253,montecarlo,perda_fonte,heuristico_foresight,{},368.77572150484576,368.77572150484576,1,14.596588440305538,14.596588440305535,150,150,150,150,54.97813663036631,54.97813663036631,60,23.853851005745483,777.1204475450671,0,0,0.023853851005745483,500,150,59.2540058937251,nan,0,nan,nan,nan,nan,nan,5.46e-05,9.4e-06,1.63e-05,2.5450000000000002e-05,5.46e-05,nan,nan,nan,nan,nan,nan,nan,nan,nan,nan,0,05_resultados\revisao_operacional\campanha_v1\j01253.mat,campanha_v1,,,,,-4,1.097172736606577,,,102
j01254,montecarlo,perda_fonte,miope_qp,{},592.6116232891053,592.6116232891053,1,14.754610001373313,14.75461000137331,150,150,150,150,57.9147667951044,56.47501255161039,60,24.32134429297718,1150.0008251042025,0,0,0.02432134429297718,500,150,59.99996967342122,nan,0,nan,nan,nan,nan,nan,0.0014633,0.00063265,0.00078235,0.00093,0.0014633,0.0012975,0.00056255,0.0006965999999999999,0.0008424,0.0012975,nan,nan,nan,nan,nan,0,05_resultados\revisao_operacional\campanha_v1\j01254.mat,campanha_v1,,,,,-4,1.097172736606577,,,102
j01255,montecarlo,perda_fonte,mpc_qp_v5,{},350.0165750539759,350.0165750539759,1,14.583345034845978,14.583345034845976,150,150,150,150,53.580203741875565,53.580203741875565,60,30.49403222609087,1500.8527085615515,0,1.8333333333333333,0.03049403222609087,500,150,58.67034686455847,7.105427357601002e-15,0,0,0,9.372109502692183e-06,333283.2021354289,4843142611315303.0,0.0280186,0.02925005,0.03808655,0.05507255,0.0971781,0.0196987,0.023881,0.031789,0.0474817,0.091704,0.0056202,0.00503435,0.0062841500000000005,0.0095313,0.019873,0,05_resultados\revisao_operacional\campanha_v1\j01255.mat,campanha_v1,,,,,-4,1.097172736606577,,,102
j01256,montecarlo,perda_fonte,mpc_qp_estocastico_3cen,{},350.0000014237412,350.0000014237412,1,14.583333334361438,14.583333334361438,150,150,150,150,44.04336114509595,44.04336114509595,60,75.7940345607946,1986.5008180449393,0,0.33333333333333337,0.0757940345607946,500,150,53.80683453054871,7.105427357601002e-15,0,0,0,4.888534022029489e-12,666566.4042708572,9686285222630616.0,0.0509112,0.06376035,0.07268464999999999,0.10870715,0.1568026,0.034843,0.051443699999999995,0.0596062,0.0961783,0.1440526,0.0128108,0.012171350000000001,0.01304495,0.01362805,0.0145223,0,05_resultados\revisao_operacional\evento_adiantado_corrigido_v1\j01256.mat,evento_adiantado_corrigido_v1,,,,,-4,1.097172736606577,,,102
j01257,montecarlo,perda_fonte,heuristico,{},592.6122638850534,592.6122638850534,1,14.754610453615202,14.754610453615202,150,150,150,150,57.93978528855198,56.5039066455025,60,24.16369944991276,850,0,0,0.02416369944991276,500,150,60,nan,0,nan,nan,nan,nan,nan,3.92e-05,8.1e-06,9.5e-06,1.51e-05,3.92e-05,nan,nan,nan,nan,nan,nan,nan,nan,nan,nan,0,05_resultados\revisao_operacional\campanha_v1\j01257.mat,campanha_v1,,,,,-12,1.009880707033002,,,103
j01258,montecarlo,perda_fonte,heuristico_foresight,{},350.03090056278455,350.03090056278455,1,14.583355148221518,14.583355148221518,150,150,150,150,57.26094128871428,55.8296282046224,60,27.342492786421605,850,0,0,0.027342492786421604,500,150,59.39355862179829,nan,0,nan,nan,nan,nan,nan,4.76e-05,8.9e-06,9.950000000000001e-06,1.28e-05,4.76e-05,nan,nan,nan,nan,nan,nan,nan,nan,nan,nan,0,05_resultados\revisao_operacional\campanha_v1\j01258.mat,campanha_v1,,,,,-12,1.009880707033002,,,103
j01259,montecarlo,perda_fonte,miope_qp,{},592.6116232891053,592.6116232891053,1,14.754610001373313,14.75461000137331,150,150,150,150,57.9147667951044,56.47501255161039,60,24.32134429297718,1150.0008251042025,0,0,0.02432134429297718,500,150,59.99996967342122,nan,0,nan,nan,nan,nan,nan,0.0012757,0.0005795500000000001,0.00069195,0.0008392499999999999,0.0012757,0.0011341,0.00051595,0.0006141499999999999,0.00075885,0.0011341,nan,nan,nan,nan,nan,0,05_resultados\revisao_operacional\campanha_v1\j01259.mat,campanha_v1,,,,,-12,1.009880707033002,,,103
j01260,montecarlo,perda_fonte,mpc_qp_v5,{},350.0002299939938,350.0002299939938,1,14.583333495728848,14.583333495728844,150,150,150,150,56.72621856648033,55.5386411690045,60,27.44186180236396,1711.099091957116,0,1.9166666666666665,0.027441861802363958,500,150,59.18336433068164,0.012450320470094312,776,0,0,0.00013480630838103025,333283.200808402,4015243775612013.0,0.0234417,0.02690645,0.034166,0.04221105,0.0549439,0.0155731,0.02159175,0.0277745,0.036306649999999996,0.0497087,0.0055003,0.00514325,0.0060503499999999995,0.007684399999999999,0.02014,0,05_resultados\revisao_operacional\campanha_v1\j01260.mat,campanha_v1,,,,,-12,1.009880707033002,,,103
j01261,montecarlo,perda_fonte,mpc_qp_estocastico_3cen,{},350.00000224923656,350.00000224923656,1,14.58333333493781,14.583333334937809,150,150,150,150,48.85019920896479,48.85019920896479,60,52.9615537574171,2507.89940112826,0,0.25,0.0529615537574171,500,150,55.92870681693778,0.12269607919373726,57,0,0,0.007585819991277276,666566.4042708572,8858386386927326.0,0.0470906,0.0533309,0.0683019,0.1132848,0.1597262,0.0324219,0.0405277,0.0549916,0.10077064999999999,0.1470347,0.0116348,0.0123633,0.0147535,0.01563625,0.0186906,0,05_resultados\revisao_operacional\evento_adiantado_corrigido_v1\j01261.mat,evento_adiantado_corrigido_v1,,,,,-12,1.009880707033002,,,103
j01262,montecarlo,perda_fonte,heuristico,{},592.6122638850534,592.6122638850534,1,14.754610453615202,14.754610453615202,150,150,150,150,57.93978528855198,56.5039066455025,60,24.16369944991276,850,0,0,0.02416369944991276,500,150,60,nan,0,nan,nan,nan,nan,nan,3.67e-05,8.2e-06,9.6e-06,1.925e-05,3.67e-05,nan,nan,nan,nan,nan,nan,nan,nan,nan,nan,0,05_resultados\revisao_operacional\campanha_v1\j01262.mat,campanha_v1,,,,,-9,1.0666998685579905,,,104
j01263,montecarlo,perda_fonte,heuristico_foresight,{},351.6346068089798,351.6346068089798,1,14.58448731764786,14.58448731764786,150,150,150,150,56.25579771404578,56.25579771404578,60,17.784960858289697,799.9750985815072,0,0,0.0177849608582897,500,150,59.801183718972744,nan,0,nan,nan,nan,nan,nan,4.68e-05,8.7e-06,9.7e-06,1.135e-05,4.68e-05,nan,nan,nan,nan,nan,nan,nan,nan,nan,nan,0,05_resultados\revisao_operacional\campanha_v1\j01263.mat,campanha_v1,,,,,-9,1.0666998685579905,,,104
j01264,montecarlo,perda_fonte,miope_qp,{},592.6116232891053,592.6116232891053,1,14.754610001373313,14.75461000137331,150,150,150,150,57.9147667951044,56.47501255161039,60,24.32134429297718,1150.0008251042025,0,0,0.02432134429297718,500,150,59.99996967342122,nan,0,nan,nan,nan,nan,nan,0.0013179,0.0006016,0.00078765,0.0010824,0.0015618,0.0011633,0.0005337499999999999,0.00069015,0.0009804,0.0014144,nan,nan,nan,nan,nan,0,05_resultados\revisao_operacional\campanha_v1\j01264.mat,campanha_v1,,,,,-9,1.0666998685579905,,,104
j01265,montecarlo,perda_fonte,mpc_qp_v5,{},350.0299388614902,350.0299388614902,1,14.58335446929857,14.58335446929857,150,150,150,150,55.01294995947134,55.01294995947134,60,23.68848769251086,1486.9126951026988,0,2.5,0.023688487692510862,500,150,59.42005093885365,7.105427357601002e-15,0,0,0,20.409365630445905,333283.2021354289,4843142611315303.0,0.031143,0.0278015,0.0355712,0.047275250000000005,0.0678254,0.0230885,0.022638949999999998,0.030254200000000002,0.04219515,0.0630953,0.0054482,0.0047127,0.0053223,0.005948,0.0163316,0,05_resultados\revisao_operacional\campanha_v1\j01265.mat,campanha_v1,,,,,-9,1.0666998685579905,,,104
j01266,montecarlo,perda_fonte,mpc_qp_estocastico_3cen,{},350.0000022215841,350.0000022215841,1,14.583333334927124,14.583333334927124,150,150,150,150,45.59271736804323,45.59271736804323,60,68.43459250179353,2644.0085583193277,0,0.25,0.06843459250179353,500,150,54.517854905497416,7.105427357601002e-15,0,0,0,0.03496694395198574,666566.4042708572,9686285222630616.0,0.0503014,0.071737,0.0799099,0.1104521,0.1498472,0.0337863,0.05928,0.06503590000000001,0.09745205,0.1371269,0.0132266,0.01226005,0.01392515,0.0148485,0.0169945,0,05_resultados\revisao_operacional\evento_adiantado_corrigido_v1\j01266.mat,evento_adiantado_corrigido_v1,,,,,-9,1.0666998685579905,,,104
j01267,montecarlo,perda_fonte,heuristico,{},592.6122638850534,592.6122638850534,1,14.754610453615202,14.754610453615202,150,150,150,150,57.93978528855198,56.5039066455025,60,24.16369944991276,850,0,0,0.02416369944991276,500,150,60,nan,0,nan,nan,nan,nan,nan,4.08e-05,8.1e-06,9.2e-06,1.1e-05,4.08e-05,nan,nan,nan,nan,nan,nan,nan,nan,nan,nan,0,05_resultados\revisao_operacional\campanha_v1\j01267.mat,campanha_v1,,,,,13,1.1304392818227509,,,105
j01268,montecarlo,perda_fonte,heuristico_foresight,{},563.6022291283887,563.6022291283887,1,14.734130222596242,14.734130222596242,150,150,150,150,53.31150572705341,53.31150572705341,60,31.770347796484145,752.1705386329369,0,0,0.03177034779648415,500,150,58.60578936538694,nan,0,nan,nan,nan,nan,nan,3.94e-05,8.5e-06,9.849999999999999e-06,1.46e-05,3.94e-05,nan,nan,nan,nan,nan,nan,nan,nan,nan,nan,0,05_resultados\revisao_operacional\campanha_v1\j01268.mat,campanha_v1,,,,,13,1.1304392818227509,,,105
j01269,montecarlo,perda_fonte,miope_qp,{},592.6116232891053,592.6116232891053,1,14.754610001373313,14.75461000137331,150,150,150,150,57.9147667951044,56.47501255161039,60,24.32134429297718,1150.0008251042025,0,0,0.02432134429297718,500,150,59.99996967342122,nan,0,nan,nan,nan,nan,nan,0.0012995,0.0005822,0.0007108,0.00085395,0.0012995,0.0011552,0.00051795,0.0006318999999999999,0.0007597000000000001,0.0011552,nan,nan,nan,nan,nan,0,05_resultados\revisao_operacional\campanha_v1\j01269.mat,campanha_v1,,,,,13,1.1304392818227509,,,105
j01270,montecarlo,perda_fonte,mpc_qp_v5,{},496.94199596194443,496.94199596194443,1,14.687070059232223,14.687070059232223,150,150,150,150,52.214582066546015,52.214582066546015,60,36.98073518390672,1688.82759294698,0,2.3333333333333335,0.03698073518390672,500,150,58.2877403513299,7.105427357601002e-15,0,0,0,1.9626423863883247e-07,333283.2021354289,4843142611315303.0,0.0265796,0.03067305,0.03774635,0.0470131,0.0539913,0.0187398,0.02520455,0.0309297,0.04105805,0.0479976,0.0057205,0.00515825,0.00614625,0.007422,0.0125334,0,05_resultados\revisao_operacional\campanha_v1\j01270.mat,campanha_v1,,,,,13,1.1304392818227509,,,105
j01271,montecarlo,perda_fonte,mpc_qp_estocastico_3cen,{},350.0147419715222,350.0147419715222,1,14.583343740756225,14.58334374075622,150,150,150,150,42.47294911342216,42.47294911342216,60,83.25349171124445,2526.4631512970445,0,0.5833333333333334,0.08325349171124445,500,150,53.282306756722626,7.105427357601002e-15,0,0,0,4.092726157978177e-12,666566.4042708572,9686285222630616.0,0.0519433,0.0627404,0.08145535,0.1180422,0.1512612,0.0367722,0.05017135,0.06783085,0.10515525,0.1391207,0.0118298,0.0122613,0.0133782,0.014807649999999999,0.0168612,0,05_resultados\revisao_operacional\evento_adiantado_corrigido_v1\j01271.mat,evento_adiantado_corrigido_v1,,,,,13,1.1304392818227509,,,105
j01272,montecarlo,perda_fonte,heuristico,{},592.6122638850534,592.6122638850534,1,14.754610453615202,14.754610453615202,150,150,150,150,57.93978528855198,56.5039066455025,60,24.16369944991276,850,0,0,0.02416369944991276,500,150,60,nan,0,nan,nan,nan,nan,nan,4.06e-05,8e-06,1.01e-05,2.265e-05,5.73e-05,nan,nan,nan,nan,nan,nan,nan,nan,nan,nan,0,05_resultados\revisao_operacional\campanha_v1\j01272.mat,campanha_v1,,,,,9,0.8097324676548671,,,106
j01273,montecarlo,perda_fonte,heuristico_foresight,{},435.2496593255132,435.2496593255132,1,14.643517084642799,14.643517084642799,150,150,150,150,57.51585356941604,56.10565159643527,60,25.92027056419938,850,0,0,0.02592027056419938,500,150,59.8440508457096,nan,0,nan,nan,nan,nan,nan,4.36e-05,8.8e-06,1.15e-05,2.53e-05,5.22e-05,nan,nan,nan,nan,nan,nan,nan,nan,nan,nan,0,05_resultados\revisao_operacional\campanha_v1\j01273.mat,campanha_v1,,,,,9,0.8097324676548671,,,106
j01274,montecarlo,perda_fonte,miope_qp,{},592.6116232891053,592.6116232891053,1,14.754610001373313,14.75461000137331,150,150,150,150,57.9147667951044,56.47501255161039,60,24.32134429297718,1150.0008251042025,0,0,0.02432134429297718,500,150,59.99996967342122,nan,0,nan,nan,nan,nan,nan,0.001308,0.00056865,0.0006584,0.00082845,0.001308,0.0011675,0.00050615,0.00058815,0.0007380500000000001,0.0011675,nan,nan,nan,nan,nan,0,05_resultados\revisao_operacional\campanha_v1\j01274.mat,campanha_v1,,,,,9,0.8097324676548671,,,106
j01275,montecarlo,perda_fonte,mpc_qp_v5,{},354.075687078726,354.075687078726,1,14.591040463719278,14.586210648509939,150,150,150,150,57.062753345371036,55.68846785607234,60.06501234427948,28.363838074658457,1856.143736401596,0,0.5,0.028363838074658455,500,150,59.515929968831465,0.11693866621080673,852,0,0,0.0003502293857877703,333283.200808402,4015243775612013.0,0.0217995,0.02216595,0.03113175,0.0376204,0.0431598,0.0146098,0.017128900000000002,0.0257887,0.03230655,0.0379943,0.0052518,0.0046787,0.0053058,0.0056253,0.009161,0,05_resultados\revisao_operacional\campanha_v1\j01275.mat,campanha_v1,,,,,9,0.8097324676548671,,,106
j01276,montecarlo,perda_fonte,mpc_qp_estocastico_3cen,{},350.0017074666628,350.0017074666628,1,14.588086056147857,14.583334538795082,150,150,150,150,56.753710339219396,55.37949008110279,60.04618356770668,29.642603670964167,856.2343946812723,0,0,0.029642603670964166,500,150,59.20757116114572,0.11700056617197419,1112,0,0,2.8421709430404007e-13,666566.4016168036,8030487551224027.0,0.0425823,0.0468648,0.07005535,0.10476075,0.1285601,0.0273478,0.0348075,0.0571061,0.09048945,0.1127227,0.0126699,0.0118809,0.01323365,0.01467195,0.016716,0,05_resultados\revisao_operacional\evento_adiantado_corrigido_v1\j01276.mat,evento_adiantado_corrigido_v1,,,,,9,0.8097324676548671,,,106
j01277,montecarlo,perda_fonte,heuristico,{},592.6122638850534,592.6122638850534,1,14.754610453615202,14.754610453615202,150,150,150,150,57.93978528855198,56.5039066455025,60,24.16369944991276,850,0,0,0.02416369944991276,500,150,60,nan,0,nan,nan,nan,nan,nan,3.9e-05,8.1e-06,1.03e-05,1.29e-05,4.5e-05,nan,nan,nan,nan,nan,nan,nan,nan,nan,nan,0,05_resultados\revisao_operacional\campanha_v1\j01277.mat,campanha_v1,,,,,10,0.9039080253139011,,,107
j01278,montecarlo,perda_fonte,heuristico_foresight,{},443.33660581542915,443.33660581542915,1,14.64922623093444,14.64922623093444,150,150,150,150,57.50619713666749,56.09863405257561,60,25.939715008643827,850,0,0,0.025939715008643827,500,150,59.85922318918037,nan,0,nan,nan,nan,nan,nan,4.2e-05,8.7e-06,1.11e-05,1.555e-05,4.2e-05,nan,nan,nan,nan,nan,nan,nan,nan,nan,nan,0,05_resultados\revisao_operacional\campanha_v1\j01278.mat,campanha_v1,,,,,10,0.9039080253139011,,,107
j01279,montecarlo,perda_fonte,miope_qp,{},592.6116232891053,592.6116232891053,1,14.754610001373313,14.75461000137331,150,150,150,150,57.9147667951044,56.47501255161039,60,24.32134429297718,1150.0008251042025,0,0,0.02432134429297718,500,150,59.99996967342122,nan,0,nan,nan,nan,nan,nan,0.0012631,0.0005987,0.0007344,0.00089065,0.0012784,0.0011179,0.0005322,0.000647,0.0007977500000000001,0.0011619,nan,nan,nan,nan,nan,0,05_resultados\revisao_operacional\campanha_v1\j01279.mat,campanha_v1,,,,,10,0.9039080253139011,,,107
j01280,montecarlo,perda_fonte,mpc_qp_v5,{},354.59224578921976,354.59224578921976,1,14.589913935613202,14.586575323762988,150,150,150,150,57.055787598006425,55.68452158783239,60.03227434567295,28.038880104201322,1693.415845159736,0,1,0.028038880104201323,500,150,59.53532237918963,0.11704637420206154,852,0,0,0.004444363449636057,333283.200808402,4015243775612013.0,0.0222584,0.02278885,0.03745355,0.0438248,0.0549508,0.0145806,0.017798,0.0317789,0.0385613,0.0482459,0.005522,0.004854799999999999,0.006102649999999999,0.00706265,0.0144609,0,05_resultados\revisao_operacional\campanha_v1\j01280.mat,campanha_v1,,,,,10,0.9039080253139011,,,107
j01281,montecarlo,perda_fonte,mpc_qp_estocastico_3cen,{},350.03879021889065,350.03879021889065,1,14.583360718098847,14.583360718098843,150,150,150,150,54.64116625942471,54.64116625942471,60,25.454460267732156,1896.923541667487,0,0.16666666666666669,0.025454460267732154,500,150,58.91597510818128,0.1238938683183477,58,0,0,0.046061201930001516,666566.4042708572,8858386386927326.0,0.0564276,0.053680900000000004,0.07743535,0.1086426,0.1680235,0.0410992,0.0413669,0.0651555,0.0960211,0.1555399,0.0126821,0.0120638,0.0128905,0.013772050000000001,0.0197919,0,05_resultados\revisao_operacional\evento_adiantado_corrigido_v1\j01281.mat,evento_adiantado_corrigido_v1,,,,,10,0.9039080253139011,,,107
j01282,montecarlo,perda_fonte,heuristico,{},592.6122638850534,592.6122638850534,1,14.754610453615202,14.754610453615202,150,150,150,150,57.93978528855198,56.5039066455025,60,24.16369944991276,850,0,0,0.02416369944991276,500,150,60,nan,0,nan,nan,nan,nan,nan,3.61e-05,7.9e-06,1.01e-05,1.4e-05,6.34e-05,nan,nan,nan,nan,nan,nan,nan,nan,nan,nan,0,05_resultados\revisao_operacional\campanha_v1\j01282.mat,campanha_v1,,,,,-1,0.8305150612674173,,,108
j01283,montecarlo,perda_fonte,heuristico_foresight,{},357.5611184157917,357.5611184157917,1,14.588671260475307,14.588671260475307,150,150,150,150,57.51825123023475,56.08693814614288,60,26.12027056419938,850.0000000000001,0,0,0.02612027056419938,500,150,59.64974938179165,nan,0,nan,nan,nan,nan,nan,5.07e-05,8.7e-06,1.11e-05,1.425e-05,5.37e-05,nan,nan,nan,nan,nan,nan,nan,nan,nan,nan,0,05_resultados\revisao_operacional\campanha_v1\j01283.mat,campanha_v1,,,,,-1,0.8305150612674173,,,108
j01284,montecarlo,perda_fonte,miope_qp,{},592.6116232891053,592.6116232891053,1,14.754610001373313,14.75461000137331,150,150,150,150,57.9147667951044,56.47501255161039,60,24.32134429297718,1150.0008251042025,0,0,0.02432134429297718,500,150,59.99996967342122,nan,0,nan,nan,nan,nan,nan,0.0012741,0.0005743,0.00071665,0.0009369000000000001,0.0012741,0.0011143,0.0005107,0.00063485,0.00084315,0.0011143,nan,nan,nan,nan,nan,0,05_resultados\revisao_operacional\campanha_v1\j01284.mat,campanha_v1,,,,,-1,0.8305150612674173,,,108
j01285,montecarlo,perda_fonte,mpc_qp_v5,{},350.06276852448946,350.06276852448946,1,14.587970710105578,14.583377646075835,150,150,150,150,57.08009875628632,55.68477059157957,60.05574295270292,28.399335122755275,1913.7225206952985,0,0.8333333333333334,0.028399335122755276,500,150,59.325725817352414,0.11696406035676432,852,0,0,0.0001493682337923019,333283.200808402,4015243775612013.0,0.0216972,0.0230968,0.03623415,0.04584225,0.1214181,0.0144453,0.0177815,0.0297333,0.03891375,0.1150079,0.0053234,0.0048794500000000005,0.0065804,0.0081543,0.0157174,0,05_resultados\revisao_operacional\campanha_v1\j01285.mat,campanha_v1,,,,,-1,0.8305150612674173,,,108
j01286,montecarlo,perda_fonte,mpc_qp_estocastico_3cen,{},350.000010876106,350.000010876106,1,14.587988106675047,14.583333341034676,150,150,150,150,56.71784005096994,55.32254925132155,60.03710732119437,29.933088310015187,855.159234415946,0,0,0.029933088310015187,500,150,58.96352762299066,0.11702700430561208,852,0,0,6.821210263296962e-13,666566.4016168036,8030487551224027.0,0.0408586,0.04677315,0.06786205000000001,0.09871815,0.1120125,0.0265728,0.03478535,0.051895,0.08646105000000001,0.0997464,0.0118854,0.0117237,0.012877650000000001,0.0143412,0.0348529,0,05_resultados\revisao_operacional\evento_adiantado_corrigido_v1\j01286.mat,evento_adiantado_corrigido_v1,,,,,-1,0.8305150612674173,,,108
j01287,montecarlo,perda_fonte,heuristico,{},592.6122638850534,592.6122638850534,1,14.754610453615202,14.754610453615202,150,150,150,150,57.93978528855198,56.5039066455025,60,24.16369944991276,850,0,0,0.02416369944991276,500,150,60,nan,0,nan,nan,nan,nan,nan,4.41e-05,9.2e-06,1.7449999999999997e-05,1.885e-05,5.02e-05,nan,nan,nan,nan,nan,nan,nan,nan,nan,nan,0,05_resultados\revisao_operacional\campanha_v1\j01287.mat,campanha_v1,,,,,6,0.9981096614301532,,,109
j01288,montecarlo,perda_fonte,heuristico_foresight,{},410.9885873872711,410.9885873872711,1,14.626389481651952,14.626389481651952,150,150,150,150,57.540144505088584,56.12202586544115,60,25.88415945308827,850,0,0,0.02588415945308827,500,150,59.79385548727493,nan,0,nan,nan,nan,nan,nan,4.56e-05,9.2e-06,1.17e-05,2.05e-05,5.24e-05,nan,nan,nan,nan,nan,nan,nan,nan,nan,nan,0,05_resultados\revisao_operacional\campanha_v1\j01288.mat,campanha_v1,,,,,6,0.9981096614301532,,,109
j01289,montecarlo,perda_fonte,miope_qp,{},592.6116232891053,592.6116232891053,1,14.754610001373313,14.75461000137331,150,150,150,150,57.9147667951044,56.47501255161039,60,24.32134429297718,1150.0008251042025,0,0,0.02432134429297718,500,150,59.99996967342122,nan,0,nan,nan,nan,nan,nan,0.001281,0.00064905,0.00114575,0.0019027,0.0026872,0.0011346,0.0005768,0.0010076,0.0016749,0.002348,nan,nan,nan,nan,nan,0,05_resultados\revisao_operacional\campanha_v1\j01289.mat,campanha_v1,,,,,6,0.9981096614301532,,,109
j01290,montecarlo,perda_fonte,mpc_qp_v5,{},352.70944179777086,352.70944179777086,1,14.586953621102055,14.58524611954581,150,150,150,150,57.15193133357204,55.77052387920698,60,27.36057712305677,1497.827815893949,0,2,0.02736057712305677,500,150,59.52806091737044,0.014571191417537932,733,0,0,0.007826230917657995,333283.200808402,4015243775612013.0,0.022923,0.0246954,0.033708749999999996,0.0427711,0.1063782,0.0156514,0.0192352,0.0277234,0.0362922,0.0998826,0.0054134,0.0051677500000000005,0.0064543,0.007796000000000001,0.0142205,0,05_resultados\revisao_operacional\campanha_v1\j01290.mat,campanha_v1,,,,,6,0.9981096614301532,,,109
j01291,montecarlo,perda_fonte,mpc_qp_estocastico_3cen,{},350.00967755617194,350.00967755617194,1,14.583340165416256,14.583340165416255,150,150,150,150,49.592542291166865,49.592542291166865,60,49.43542411695732,1569.3909942215432,0,0.08333333333333334,0.049435424116957324,500,150,56.42320676871426,7.105427357601002e-15,0,0,0,0.0033322696280038144,666566.4042708572,8858386386927326.0,0.0481861,0.0530277,0.0777099,0.11264175,0.1496635,0.033144,0.040555049999999995,0.06545234999999999,0.10007505,0.1375235,0.012132,0.0120217,0.013513899999999999,0.0149128,0.0175581,0,05_resultados\revisao_operacional\evento_adiantado_corrigido_v1\j01291.mat,evento_adiantado_corrigido_v1,,,,,6,0.9981096614301532,,,109
j01292,montecarlo,perda_fonte,heuristico,{},592.6122638850534,592.6122638850534,1,14.754610453615202,14.754610453615202,150,150,150,150,57.93978528855198,56.5039066455025,60,24.16369944991276,850,0,0,0.02416369944991276,500,150,60,nan,0,nan,nan,nan,nan,nan,3.83e-05,8e-06,1.01e-05,1.7950000000000003e-05,4.52e-05,nan,nan,nan,nan,nan,nan,nan,nan,nan,nan,0,05_resultados\revisao_operacional\campanha_v1\j01292.mat,campanha_v1,,,,,3,1.1465978083269255,,,110
j01293,montecarlo,perda_fonte,heuristico_foresight,{},556.2517478229679,556.2517478229679,1,14.728940999056933,14.728940999056933,150,150,150,150,52.77582062522966,52.77582062522966,60,34.31485203015369,740.0516437548059,0,0,0.034314852030153685,500,150,58.25252818209381,nan,0,nan,nan,nan,nan,nan,4.2e-05,8.5e-06,1.08e-05,1.295e-05,4.2e-05,nan,nan,nan,nan,nan,nan,nan,nan,nan,nan,0,05_resultados\revisao_operacional\campanha_v1\j01293.mat,campanha_v1,,,,,3,1.1465978083269255,,,110
j01294,montecarlo,perda_fonte,miope_qp,{},592.6116232891053,592.6116232891053,1,14.754610001373313,14.75461000137331,150,150,150,150,57.9147667951044,56.47501255161039,60,24.32134429297718,1150.0008251042025,0,0,0.02432134429297718,500,150,59.99996967342122,nan,0,nan,nan,nan,nan,nan,0.0012459,0.0006071,0.00073615,0.00096245,0.0013033,0.0011083,0.00053885,0.00064465,0.0008506,0.0011575,nan,nan,nan,nan,nan,0,05_resultados\revisao_operacional\campanha_v1\j01294.mat,campanha_v1,,,,,3,1.1465978083269255,,,110
j01295,montecarlo,perda_fonte,mpc_qp_v5,{},351.63737397525426,351.63737397525426,1,14.584489271201232,14.584489271201232,150,150,150,150,51.505019942495885,51.505019942495885,60,40.35115527314378,1404.564505510694,0,2.5,0.040351155273143785,500,150,57.75882409773009,7.105427357601002e-15,0,0,0,0.00075427199033129,333283.2021354289,4843142611315303.0,0.0253161,0.0305462,0.0421864,0.0485901,0.0980081,0.0171068,0.0249889,0.03645615,0.04207345,0.0915745,0.0058927,0.0052522,0.0063383,0.0070241999999999995,0.0096453,0,05_resultados\revisao_operacional\campanha_v1\j01295.mat,campanha_v1,,,,,3,1.1465978083269255,,,110
j01296,montecarlo,perda_fonte,mpc_qp_estocastico_3cen,{},350.00026555466127,350.00026555466127,1,14.5833335208187,14.5833335208187,150,150,150,150,41.60251061305706,41.60251061305706,60,87.38807458797842,1880.3928234723733,0,0.25,0.08738807458797843,500,150,52.75050602854757,7.105427357601002e-15,0,0,0,1.1709744285326451e-11,666566.4042708572,9686285222630616.0,0.053945,0.062425800000000004,0.08047515,0.1114502,0.1421254,0.0376042,0.04879925,0.06810184999999999,0.0985718,0.1296885,0.0127945,0.01212075,0.01346595,0.01474175,0.0176676,0,05_resultados\revisao_operacional\evento_adiantado_corrigido_v1\j01296.mat,evento_adiantado_corrigido_v1,,,,,3,1.1465978083269255,,,110
j01297,montecarlo,perda_fonte,heuristico,{},592.6122638850534,592.6122638850534,1,14.754610453615202,14.754610453615202,150,150,150,150,57.93978528855198,56.5039066455025,60,24.16369944991276,850,0,0,0.02416369944991276,500,150,60,nan,0,nan,nan,nan,nan,nan,3.82e-05,8.3e-06,1.41e-05,1.51e-05,5.77e-05,nan,nan,nan,nan,nan,nan,nan,nan,nan,nan,0,05_resultados\revisao_operacional\campanha_v1\j01297.mat,campanha_v1,,,,,-1,1.0274052348689013,,,111
j01298,montecarlo,perda_fonte,heuristico_foresight,{},357.5611184157917,357.5611184157917,1,14.588671260475307,14.588671260475307,150,150,150,150,57.51825123023475,56.08693814614288,60,26.12027056419938,850.0000000000001,0,0,0.02612027056419938,500,150,59.64974938179165,nan,0,nan,nan,nan,nan,nan,4.1e-05,9e-06,1e-05,1.165e-05,4.1e-05,nan,nan,nan,nan,nan,nan,nan,nan,nan,nan,0,05_resultados\revisao_operacional\campanha_v1\j01298.mat,campanha_v1,,,,,-1,1.0274052348689013,,,111
j01299,montecarlo,perda_fonte,miope_qp,{},592.6116232891053,592.6116232891053,1,14.754610001373313,14.75461000137331,150,150,150,150,57.9147667951044,56.47501255161039,60,24.32134429297718,1150.0008251042025,0,0,0.02432134429297718,500,150,59.99996967342122,nan,0,nan,nan,nan,nan,nan,0.0012167,0.0006046,0.0007094,0.00100505,0.0012167,0.0010719,0.00053765,0.0006272000000000001,0.0008947,0.0010719,nan,nan,nan,nan,nan,0,05_resultados\revisao_operacional\campanha_v1\j01299.mat,campanha_v1,,,,,-1,1.0274052348689013,,,111
j01300,montecarlo,perda_fonte,mpc_qp_v5,{},350.0225102037932,350.0225102037932,1,14.58334922489288,14.583349224892878,150,150,150,150,56.56735830043125,55.74583524035988,60,24.53108818761307,1628.9587826444395,0,1.7500000000000002,0.024531088187613067,500,150,59.39801211528894,0.00861398256623147,867,0,0,2.9558577807620168e-12,333283.200808402,4015243775612013.0,0.0233851,0.027581,0.0403895,0.0479708,0.0715407,0.0160284,0.022127849999999998,0.03296085,0.04029095,0.0505399,0.0054672,0.005279300000000001,0.00735955,0.013865200000000001,0.0347276,0,05_resultados\revisao_operacional\campanha_v1\j01300.mat,campanha_v1,,,,,-1,1.0274052348689013,,,111
j01301,montecarlo,perda_fonte,mpc_qp_estocastico_3cen,{},350.0000839346442,350.0000839346442,1,14.583333392608875,14.58333339260887,150,150,150,150,48.11406913863597,48.11406913863597,60,56.45817159147815,2538.692180684718,0,0.33333333333333337,0.056458171591478146,500,150,55.69350195331694,0.13020503174343645,234,0,0,0.0073621832688104405,666566.4042708572,8858386386927326.0,0.0475783,0.0523528,0.0654654,0.11222255,0.1388578,0.0324547,0.039805049999999995,0.05343095,0.0998304,0.1266248,0.0122709,0.0121053,0.0135144,0.014785900000000001,0.0178095,0,05_resultados\revisao_operacional\evento_adiantado_corrigido_v1\j01301.mat,evento_adiantado_corrigido_v1,,,,,-1,1.0274052348689013,,,111
j01302,montecarlo,perda_fonte,heuristico,{},592.6122638850534,592.6122638850534,1,14.754610453615202,14.754610453615202,150,150,150,150,57.93978528855198,56.5039066455025,60,24.16369944991276,850,0,0,0.02416369944991276,500,150,60,nan,0,nan,nan,nan,nan,nan,3.88e-05,8.5e-06,1.63e-05,1.85e-05,3.88e-05,nan,nan,nan,nan,nan,nan,nan,nan,nan,nan,0,05_resultados\revisao_operacional\campanha_v1\j01302.mat,campanha_v1,,,,,-4,0.8085962521572259,,,112
j01303,montecarlo,perda_fonte,heuristico_foresight,{},351.68711356301685,351.68711356301685,1,14.584524385871383,14.584524385871383,150,150,150,150,57.44807579163826,56.016762707546384,60,26.453603897532716,850,0,0,0.026453603897532717,500,150,59.58044696942756,nan,0,nan,nan,nan,nan,nan,4.32e-05,9.1e-06,1.1249999999999999e-05,1.34e-05,9.15e-05,nan,nan,nan,nan,nan,nan,nan,nan,nan,nan,0,05_resultados\revisao_operacional\campanha_v1\j01303.mat,campanha_v1,,,,,-4,0.8085962521572259,,,112
j01304,montecarlo,perda_fonte,miope_qp,{},592.6116232891053,592.6116232891053,1,14.754610001373313,14.75461000137331,150,150,150,150,57.9147667951044,56.47501255161039,60,24.32134429297718,1150.0008251042025,0,0,0.02432134429297718,500,150,59.99996967342122,nan,0,nan,nan,nan,nan,nan,0.0011932,0.00057055,0.0007109,0.0008769,0.0011932,0.0010586,0.0005069,0.0006345,0.0007911,0.0010586,nan,nan,nan,nan,nan,0,05_resultados\revisao_operacional\campanha_v1\j01304.mat,campanha_v1,,,,,-4,0.8085962521572259,,,112
j01305,montecarlo,perda_fonte,mpc_qp_v5,{},350.0060324492589,350.0060324492589,1,14.58826818830693,14.583337592076798,150,150,150,150,56.96341280588761,55.567999269832576,60.06243920581044,29.0214988636082,1861.857780182661,0,0.5,0.029021498863608202,500,150,59.208957404788165,0.11693974312671429,852,0,0,0.000652990573257739,333283.200808402,4015243775612013.0,0.0214169,0.02448575,0.0385722,0.048441399999999996,0.1021435,0.0137336,0.0186567,0.0307418,0.0362393,0.0959282,0.0053987,0.0052264,0.008012,0.01453975,0.0456674,0,05_resultados\revisao_operacional\campanha_v1\j01305.mat,campanha_v1,,,,,-4,0.8085962521572259,,,112
j01306,montecarlo,perda_fonte,mpc_qp_estocastico_3cen,{},350.000002575601,350.000002575601,1,14.588150957337419,14.583333335189005,150,150,150,150,56.65618254834176,55.26084134905741,60.044490379205754,30.300393832624916,856.2201437637566,0,0,0.030300393832624915,500,150,58.90181383187695,0.1170008730177372,852,0,0,2.2737367544323206e-13,666566.4016168036,8030487551224027.0,0.0416531,0.046790200000000004,0.0645831,0.0985106,0.1193303,0.0267444,0.034834199999999996,0.052056149999999995,0.08631340000000001,0.1068339,0.0125122,0.01173965,0.013208000000000001,0.014728350000000001,0.0167648,0,05_resultados\revisao_operacional\evento_adiantado_corrigido_v1\j01306.mat,evento_adiantado_corrigido_v1,,,,,-4,0.8085962521572259,,,112
j01307,montecarlo,perda_fonte,heuristico,{},592.6122638850534,592.6122638850534,1,14.754610453615202,14.754610453615202,150,150,150,150,57.93978528855198,56.5039066455025,60,24.16369944991276,850,0,0,0.02416369944991276,500,150,60,nan,0,nan,nan,nan,nan,nan,3.6e-05,7.9e-06,1e-05,1.12e-05,3.95e-05,nan,nan,nan,nan,nan,nan,nan,nan,nan,nan,0,05_resultados\revisao_operacional\campanha_v1\j01307.mat,campanha_v1,,,,,-2,1.104892563055755,,,113
j01308,montecarlo,perda_fonte,heuristico_foresight,{},400.25412890855205,400.25412890855205,1,14.618811269790035,14.618811269790035,150,150,150,150,54.66826366112954,54.66826366112954,60,25.325747609644115,771.3305777081838,0,0,0.025325747609644116,500,150,59.12515638495641,nan,0,nan,nan,nan,nan,nan,3.86e-05,8.4e-06,1.11e-05,2.425e-05,5.05e-05,nan,nan,nan,nan,nan,nan,nan,nan,nan,nan,0,05_resultados\revisao_operacional\campanha_v1\j01308.mat,campanha_v1,,,,,-2,1.104892563055755,,,113
j01309,montecarlo,perda_fonte,miope_qp,{},592.6116232891053,592.6116232891053,1,14.754610001373313,14.75461000137331,150,150,150,150,57.9147667951044,56.47501255161039,60,24.32134429297718,1150.0008251042025,0,0,0.02432134429297718,500,150,59.99996967342122,nan,0,nan,nan,nan,nan,nan,0.00125,0.0005904,0.00073975,0.0009293000000000001,0.00125,0.0011072,0.0005242000000000001,0.00065965,0.0008332999999999999,0.0011072,nan,nan,nan,nan,nan,0,05_resultados\revisao_operacional\campanha_v1\j01309.mat,campanha_v1,,,,,-2,1.104892563055755,,,113
j01310,montecarlo,perda_fonte,mpc_qp_v5,{},350.093774868413,350.093774868413,1,14.583399535638348,14.583399535638346,150,150,150,150,53.408019984790556,53.408019984790556,60,31.311905072244805,1592.9658610118518,0,2.5,0.03131190507224481,500,150,58.673296014302856,7.105427357601002e-15,0,0,0,0.00012379953295749146,333283.2021354289,4843142611315303.0,0.0264373,0.02895725,0.037850350000000005,0.04973585,0.0998952,0.0182991,0.02372955,0.03189115,0.044234949999999995,0.0941952,0.0056313,0.0047682,0.00589935,0.0078646,0.0148365,0,05_resultados\revisao_operacional\campanha_v1\j01310.mat,campanha_v1,,,,,-2,1.104892563055755,,,113
j01311,montecarlo,perda_fonte,mpc_qp_estocastico_3cen,{},350.00000470149223,350.00000470149223,1,14.583333336664046,14.583333336664044,150,150,150,150,43.69494641989264,43.69494641989264,60,77.44900450551064,2393.633406191717,0,0.4166666666666667,0.07744900450551065,500,150,53.67118126694413,7.105427357601002e-15,0,0,0,3.5790117059352724,666566.4042708572,9686285222630616.0,0.0492813,0.0645954,0.07841690000000001,0.11162675,0.1700456,0.0339701,0.052196,0.0642553,0.099279,0.1570906,0.0121365,0.012089,0.0136577,0.0148004,0.0161932,0,05_resultados\revisao_operacional\evento_adiantado_corrigido_v1\j01311.mat,evento_adiantado_corrigido_v1,,,,,-2,1.104892563055755,,,113
j01312,montecarlo,perda_fonte,heuristico,{},592.6122638850534,592.6122638850534,1,14.754610453615202,14.754610453615202,150,150,150,150,57.93978528855198,56.5039066455025,60,24.16369944991276,850,0,0,0.02416369944991276,500,150,60,nan,0,nan,nan,nan,nan,nan,4.17e-05,7.9e-06,1e-05,1.25e-05,6.63e-05,nan,nan,nan,nan,nan,nan,nan,nan,nan,nan,0,05_resultados\revisao_operacional\campanha_v1\j01312.mat,campanha_v1,,,,,0,0.8622837324401337,,,114
j01313,montecarlo,perda_fonte,heuristico_foresight,{},362.4661767623983,362.4661767623983,1,14.59213408735375,14.59213408735375,150,150,150,150,57.54164304310025,56.110329959008375,60,26.00915945308827,850,0,0,0.02600915945308827,500,150,59.672412178472214,nan,0,nan,nan,nan,nan,nan,4.37e-05,8.8e-06,1.46e-05,1.76e-05,4.37e-05,nan,nan,nan,nan,nan,nan,nan,nan,nan,nan,0,05_resultados\revisao_operacional\campanha_v1\j01313.mat,campanha_v1,,,,,0,0.8622837324401337,,,114
j01314,montecarlo,perda_fonte,miope_qp,{},592.6116232891053,592.6116232891053,1,14.754610001373313,14.75461000137331,150,150,150,150,57.9147667951044,56.47501255161039,60,24.32134429297718,1150.0008251042025,0,0,0.02432134429297718,500,150,59.99996967342122,nan,0,nan,nan,nan,nan,nan,0.0012156,0.00057115,0.0006836500000000001,0.00093005,0.0012156,0.0010724,0.000508,0.0006098,0.0008252,0.0010767,nan,nan,nan,nan,nan,0,05_resultados\revisao_operacional\campanha_v1\j01314.mat,campanha_v1,,,,,0,0.8622837324401337,,,114
j01315,montecarlo,perda_fonte,mpc_qp_v5,{},350.1371511885285,350.1371511885285,1,14.58756568796643,14.583430158064976,150,150,150,150,57.10622347892372,55.71101194257452,60.04521129454332,28.168619716023784,1835.6247011275962,0,1.0833333333333335,0.028168619716023784,500,150,59.3519640926194,0.11699998344519003,852,0,0,0.0011066529076515508,333283.200808402,4015243775612013.0,0.0206123,0.0227706,0.03512215,0.041196800000000006,0.0973011,0.0143783,0.01739435,0.0289402,0.0345853,0.0918545,0.004579,0.00489835,0.00666685,0.008423900000000002,0.0208891,0,05_resultados\revisao_operacional\campanha_v1\j01315.mat,campanha_v1,,,,,0,0.8622837324401337,,,114
j01316,montecarlo,perda_fonte,mpc_qp_estocastico_3cen,{},350.00024013082935,350.00024013082935,1,14.583333502867863,14.583333502867859,150,150,150,150,56.129495881520846,55.436474842336374,60.02579266708663,25.58248970056989,1476.0878131822624,0,0.08333333333333334,0.02558248970056989,500,150,59.08327005070555,0.11706539123154869,939,0,0,6.007849151501432e-08,666566.4016168036,8030487551224027.0,0.0425872,0.051936800000000005,0.05980635,0.1042372,0.1694774,0.0275497,0.039984450000000005,0.04741585,0.09178235,0.1575893,0.012662,0.0117172,0.012490399999999999,0.01319165,0.0152238,0,05_resultados\revisao_operacional\evento_adiantado_corrigido_v1\j01316.mat,evento_adiantado_corrigido_v1,,,,,0,0.8622837324401337,,,114
j01317,montecarlo,perda_fonte,heuristico,{},592.6122638850534,592.6122638850534,1,14.754610453615202,14.754610453615202,150,150,150,150,57.93978528855198,56.5039066455025,60,24.16369944991276,850,0,0,0.02416369944991276,500,150,60,nan,0,nan,nan,nan,nan,nan,4.42e-05,8.5e-06,1.07e-05,1.275e-05,4.42e-05,nan,nan,nan,nan,nan,nan,nan,nan,nan,nan,0,05_resultados\revisao_operacional\campanha_v1\j01317.mat,campanha_v1,,,,,3,1.0094610392630798,,,115
j01318,montecarlo,perda_fonte,heuristico_foresight,{},386.72739546127775,386.72739546127775,1,14.609261793953285,14.609261793953285,150,150,150,150,57.55741789690142,56.13138259058732,60,25.881381675310493,850.0000000000001,0,0,0.025881381675310493,500,150,59.73664260281383,nan,0,nan,nan,nan,nan,nan,4.35e-05,9.4e-06,1.19e-05,1.68e-05,7.26e-05,nan,nan,nan,nan,nan,nan,nan,nan,nan,nan,0,05_resultados\revisao_operacional\campanha_v1\j01318.mat,campanha_v1,,,,,3,1.0094610392630798,,,115
j01319,montecarlo,perda_fonte,miope_qp,{},592.6116232891053,592.6116232891053,1,14.754610001373313,14.75461000137331,150,150,150,150,57.9147667951044,56.47501255161039,60,24.32134429297718,1150.0008251042025,0,0,0.02432134429297718,500,150,59.99996967342122,nan,0,nan,nan,nan,nan,nan,0.0012129,0.00060565,0.0007324,0.00090885,0.0013077,0.0010717,0.0005380999999999999,0.00064605,0.00080765,0.0012057,nan,nan,nan,nan,nan,0,05_resultados\revisao_operacional\campanha_v1\j01319.mat,campanha_v1,,,,,3,1.0094610392630798,,,115
j01320,montecarlo,perda_fonte,mpc_qp_v5,{},350.31044152539846,350.31044152539846,1,14.583552495944343,14.583552495944343,150,150,150,150,57.02792753205229,55.83610268047856,60,26.051274644430183,1658.815212358276,0,1.9166666666666665,0.026051274644430182,500,150,59.527376550965876,0.01255296106243975,775,0,9.419354144027583e-12,0.0029583098574335054,333283.200808402,4015243775612013.0,0.0292312,0.02833595,0.041862899999999995,0.0486733,0.059976,0.0210232,0.0225156,0.033582799999999996,0.03911505,0.0423214,0.0063161,0.00577155,0.008287300000000001,0.0147948,0.0309145,0,05_resultados\revisao_operacional\campanha_v1\j01320.mat,campanha_v1,,,,,3,1.0094610392630798,,,115
j01321,montecarlo,perda_fonte,mpc_qp_estocastico_3cen,{},350.00003322645273,350.00003322645273,1,14.583333356808497,14.583333356808495,150,150,150,150,48.92388546305841,48.92388546305841,60,52.61154405047291,834.3208471545267,0,0,0.05261154405047291,500,150,56.02450241344678,7.105427357601002e-15,0,0,0,2.2737367544323206e-13,666566.4042708572,8858386386927326.0,0.0508519,0.05229735,0.0695764,0.1080171,0.1412907,0.0350923,0.03987065,0.0571848,0.09568005,0.1292248,0.012825,0.01199635,0.01275395,0.01314175,0.0148246,0,05_resultados\revisao_operacional\evento_adiantado_corrigido_v1\j01321.mat,evento_adiantado_corrigido_v1,,,,,3,1.0094610392630798,,,115
j01322,montecarlo,perda_fonte,heuristico,{},592.6122638850534,592.6122638850534,1,14.754610453615202,14.754610453615202,150,150,150,150,57.93978528855198,56.5039066455025,60,24.16369944991276,850,0,0,0.02416369944991276,500,150,60,nan,0,nan,nan,nan,nan,nan,3.96e-05,8.5e-06,1.52e-05,2.1550000000000002e-05,6.63e-05,nan,nan,nan,nan,nan,nan,nan,nan,nan,nan,0,05_resultados\revisao_operacional\campanha_v1\j01322.mat,campanha_v1,,,,,7,0.849938436805339,,,116
j01323,montecarlo,perda_fonte,heuristico_foresight,{},419.0756340723581,419.0756340723581,1,14.632098698678437,14.632098698678437,150,150,150,150,57.532827253626564,56.11734750286802,60,25.892492786421602,850,0,0,0.0258924927864216,500,150,59.8113669971407,nan,0,nan,nan,nan,nan,nan,4e-05,9e-06,1.13e-05,1.9350000000000003e-05,8.07e-05,nan,nan,nan,nan,nan,nan,nan,nan,nan,nan,0,05_resultados\revisao_operacional\campanha_v1\j01323.mat,campanha_v1,,,,,7,0.849938436805339,,,116
j01324,montecarlo,perda_fonte,miope_qp,{},592.6116232891053,592.6116232891053,1,14.754610001373313,14.75461000137331,150,150,150,150,57.9147667951044,56.47501255161039,60,24.32134429297718,1150.0008251042025,0,0,0.02432134429297718,500,150,59.99996967342122,nan,0,nan,nan,nan,nan,nan,0.0012463,0.00060325,0.00074235,0.0008666,0.0012463,0.0011095,0.0005343,0.0006592,0.0007649,0.0011095,nan,nan,nan,nan,nan,0,05_resultados\revisao_operacional\campanha_v1\j01324.mat,campanha_v1,,,,,7,0.849938436805339,,,116
j01325,montecarlo,perda_fonte,mpc_qp_v5,{},353.34564233269384,353.34564233269384,1,14.589953759952698,14.585695258416528,150,150,150,150,57.11441987224622,55.73500339200249,60.05062960885047,28.02578289368169,1764.7275727967844,0,1.0833333333333335,0.02802578289368169,500,150,59.51580048334827,0.11698496619477794,852,0,0,0.0039229171997021695,333283.200808402,4015243775612013.0,0.023478,0.023083,0.0384145,0.0461637,0.0600758,0.0148537,0.01773305,0.0320878,0.039267449999999995,0.052165,0.0060424,0.00511995,0.0066315,0.0089026,0.0244214,0,05_resultados\revisao_operacional\campanha_v1\j01325.mat,campanha_v1,,,,,7,0.849938436805339,,,116
j01326,montecarlo,perda_fonte,mpc_qp_estocastico_3cen,{},350.00818507816257,350.00818507816257,1,14.583339111780333,14.583339111780333,150,150,150,150,56.451093158254466,55.46880383751492,60.031006578960614,27.003599336079308,1486.3424930117158,0,0.08333333333333334,0.027003599336079306,500,150,59.25307754456074,0.11704982055321977,1154,0,0,2.5583404692497425e-05,666566.4016168036,8030487551224027.0,0.0417725,0.0514371,0.0670813,0.10312974999999999,0.194166,0.0270208,0.039436349999999995,0.05500015,0.09073690000000001,0.1814464,0.0118265,0.0117597,0.01256555,0.012968299999999999,0.0148481,0,05_resultados\revisao_operacional\evento_adiantado_corrigido_v1\j01326.mat,evento_adiantado_corrigido_v1,,,,,7,0.849938436805339,,,116
j01327,montecarlo,perda_fonte,heuristico,{},592.6122638850534,592.6122638850534,1,14.754610453615202,14.754610453615202,150,150,150,150,57.93978528855198,56.5039066455025,60,24.16369944991276,850,0,0,0.02416369944991276,500,150,60,nan,0,nan,nan,nan,nan,nan,3.72e-05,8e-06,9e-06,9.55e-06,3.72e-05,nan,nan,nan,nan,nan,nan,nan,nan,nan,nan,0,05_resultados\revisao_operacional\campanha_v1\j01327.mat,campanha_v1,,,,,-1,1.194512208436667,,,117
j01328,montecarlo,perda_fonte,heuristico_foresight,{},417.85741690231976,417.85741690231976,1,14.631238673198192,14.631238673198188,150,150,150,150,50.576678890549964,50.576678890549964,60,44.76077526989776,704.1158436724998,0,0,0.044760775269897767,500,150,57.18677359990783,nan,0,nan,nan,nan,nan,nan,3.83e-05,8.4e-06,9.3e-06,9.849999999999999e-06,3.83e-05,nan,nan,nan,nan,nan,nan,nan,nan,nan,nan,0,05_resultados\revisao_operacional\campanha_v1\j01328.mat,campanha_v1,,,,,-1,1.194512208436667,,,117
j01329,montecarlo,perda_fonte,miope_qp,{},592.6116232891053,592.6116232891053,1,14.754610001373313,14.75461000137331,150,150,150,150,57.9147667951044,56.47501255161039,60,24.32134429297718,1150.0008251042025,0,0,0.02432134429297718,500,150,59.99996967342122,nan,0,nan,nan,nan,nan,nan,0.0014546,0.0005643499999999999,0.00070455,0.0009199,0.0014546,0.0013113,0.0005019,0.0006282,0.0008135,0.0013113,nan,nan,nan,nan,nan,0,05_resultados\revisao_operacional\campanha_v1\j01329.mat,campanha_v1,,,,,-1,1.194512208436667,,,117
j01330,montecarlo,perda_fonte,mpc_qp_v5,{},350.1869970388756,350.1869970388756,1,14.583465347753002,14.583465347753002,150,150,150,150,49.2619962519951,49.2619962519951,60,51.00551780302232,1565.8496082391725,0,2.75,0.05100551780302232,500,150,56.56147713250895,7.105427357601002e-15,0,0,0,0.0022446594627467675,333283.2021354289,4843142611315303.0,0.0243761,0.03044935,0.03818175,0.042921650000000006,0.0520558,0.0174046,0.0250624,0.032080250000000005,0.03685515,0.0449214,0.004926,0.0050224499999999995,0.006196500000000001,0.0069246,0.012838,0,05_resultados\revisao_operacional\campanha_v1\j01330.mat,campanha_v1,,,,,-1,1.194512208436667,,,117
j01331,montecarlo,perda_fonte,mpc_qp_estocastico_3cen,{},350.0000102170117,350.0000102170117,1,14.583333340556832,14.583333340556832,150,150,150,150,39.171169276918235,39.171169276918235,60,98.93694593463893,2473.112898468775,0,0.5,0.09893694593463893,500,150,51.6308074010571,7.105427357601002e-15,0,0,0,0.0010089981518603963,666566.4042708572,9686285222630616.0,0.053213,0.0570576,0.0753641,0.12972505,0.1624181,0.0376174,0.044639,0.06292435,0.11692659999999999,0.1496918,0.0127541,0.01202755,0.012892,0.0144351,0.0174321,0,05_resultados\revisao_operacional\evento_adiantado_corrigido_v1\j01331.mat,evento_adiantado_corrigido_v1,,,,,-1,1.194512208436667,,,117
j01332,montecarlo,perda_fonte,heuristico,{},592.6122638850534,592.6122638850534,1,14.754610453615202,14.754610453615202,150,150,150,150,57.93978528855198,56.5039066455025,60,24.16369944991276,850,0,0,0.02416369944991276,500,150,60,nan,0,nan,nan,nan,nan,nan,3.98e-05,7.8e-06,1e-05,1.2050000000000002e-05,3.98e-05,nan,nan,nan,nan,nan,nan,nan,nan,nan,nan,0,05_resultados\revisao_operacional\campanha_v1\j01332.mat,campanha_v1,,,,,2,1.137359888822495,,,118
j01333,montecarlo,perda_fonte,heuristico_foresight,{},560.4540588815137,560.4540588815137,1,14.731907707025893,14.731907707025893,150,150,150,150,53.22010744775734,53.22010744775734,60,32.20448962316014,746.9800833831288,0,0,0.032204489623160144,500,150,58.45448956604089,nan,0,nan,nan,nan,nan,nan,3.87e-05,8.3e-06,1.1e-05,1.205e-05,4.97e-05,nan,nan,nan,nan,nan,nan,nan,nan,nan,nan,0,05_resultados\revisao_operacional\campanha_v1\j01333.mat,campanha_v1,,,,,2,1.137359888822495,,,118
j01334,montecarlo,perda_fonte,miope_qp,{},592.6116232891053,592.6116232891053,1,14.754610001373313,14.75461000137331,150,150,150,150,57.9147667951044,56.47501255161039,60,24.32134429297718,1150.0008251042025,0,0,0.02432134429297718,500,150,59.99996967342122,nan,0,nan,nan,nan,nan,nan,0.0012657,0.0005694,0.0006717,0.0008025,0.0012657,0.0011276,0.0005060500000000001,0.0005961,0.00072335,0.0011276,nan,nan,nan,nan,nan,0,05_resultados\revisao_operacional\campanha_v1\j01334.mat,campanha_v1,,,,,2,1.137359888822495,,,118
j01335,montecarlo,perda_fonte,mpc_qp_v5,{},350.4314236069,350.4314236069,1,14.583637905719774,14.583637905719772,150,150,150,150,51.88938158984651,51.88938158984651,60,38.5254374482292,1736.1268084809503,0,2.25,0.0385254374482292,500,150,57.91481683663809,7.105427357601002e-15,0,0,0,5.515076964002219e-07,333283.2021354289,4843142611315303.0,0.0241012,0.0305022,0.040760149999999995,0.04783045,0.0687585,0.0168423,0.0249979,0.033501249999999996,0.041746149999999996,0.0596743,0.0052239,0.0051858500000000005,0.00686755,0.0098782,0.0217842,0,05_resultados\revisao_operacional\campanha_v1\j01335.mat,campanha_v1,,,,,2,1.137359888822495,,,118
j01336,montecarlo,perda_fonte,mpc_qp_estocastico_3cen,{},350.00003497306346,350.00003497306346,1,14.583333358037295,14.583333358037294,150,150,150,150,42.09673982769567,42.09673982769567,60,85.04048581844523,2366.479380047483,0,0.4166666666666667,0.08504048581844523,500,150,52.97965763305746,7.105427357601002e-15,0,0,0,6.934897101018578e-12,666566.4042708572,9686285222630616.0,0.0516865,0.06223015,0.07669495,0.1111664,0.1477268,0.0362857,0.049749749999999995,0.06441564999999999,0.09852715,0.1349727,0.012262,0.01203215,0.0128235,0.0134751,0.015448,0,05_resultados\revisao_operacional\evento_adiantado_corrigido_v1\j01336.mat,evento_adiantado_corrigido_v1,,,,,2,1.137359888822495,,,118
j01337,montecarlo,perda_fonte,heuristico,{},592.6122638850534,592.6122638850534,1,14.754610453615202,14.754610453615202,150,150,150,150,57.93978528855198,56.5039066455025,60,24.16369944991276,850,0,0,0.02416369944991276,500,150,60,nan,0,nan,nan,nan,nan,nan,3.68e-05,7.9e-06,1e-05,1.3000000000000001e-05,3.68e-05,nan,nan,nan,nan,nan,nan,nan,nan,nan,nan,0,05_resultados\revisao_operacional\campanha_v1\j01337.mat,campanha_v1,,,,,10,1.1374949176335862,,,119
j01338,montecarlo,perda_fonte,heuristico_foresight,{},560.3926345461101,560.3926345461101,1,14.731864343252298,14.731864343252298,150,150,150,150,53.051621582157956,53.051621582157956,60,33.00479748475427,746.8788117748103,0,0,0.033004797484754274,500,150,58.45153753711817,nan,0,nan,nan,nan,nan,nan,3.91e-05,8.4e-06,1.11e-05,1.225e-05,3.91e-05,nan,nan,nan,nan,nan,nan,nan,nan,nan,nan,0,05_resultados\revisao_operacional\campanha_v1\j01338.mat,campanha_v1,,,,,10,1.1374949176335862,,,119
j01339,montecarlo,perda_fonte,miope_qp,{},592.6116232891053,592.6116232891053,1,14.754610001373313,14.75461000137331,150,150,150,150,57.9147667951044,56.47501255161039,60,24.32134429297718,1150.0008251042025,0,0,0.02432134429297718,500,150,59.99996967342122,nan,0,nan,nan,nan,nan,nan,0.0011941,0.0005907,0.0007379999999999999,0.0009400999999999999,0.0012329,0.0010606,0.0005246,0.00065485,0.0008578,0.0011536,nan,nan,nan,nan,nan,0,05_resultados\revisao_operacional\campanha_v1\j01339.mat,campanha_v1,,,,,10,1.1374949176335862,,,119
j01340,montecarlo,perda_fonte,mpc_qp_v5,{},475.83151513636346,475.83151513636346,1,14.6721666808781,14.672166680878098,150,150,150,150,51.94672134062913,51.94672134062913,60,38.253073632011905,1733.9199506581326,0,2.5833333333333335,0.03825307363201191,500,150,58.11840722956908,7.105427357601002e-15,0,0,0,2.9162680675653974e-05,333283.2021354289,4843142611315303.0,0.0245933,0.03042325,0.04044225,0.048978900000000006,0.0607456,0.0177973,0.025254699999999998,0.033601149999999996,0.042883050000000006,0.0451905,0.0048679,0.00483325,0.00619015,0.008161999999999999,0.0237721,0,05_resultados\revisao_operacional\campanha_v1\j01340.mat,campanha_v1,,,,,10,1.1374949176335862,,,119
j01341,montecarlo,perda_fonte,mpc_qp_estocastico_3cen,{},350.00247667940727,350.00247667940727,1,14.58333508181119,14.583335081811189,150,150,150,150,42.09580797861364,42.09580797861364,60,85.04491210158557,2649.1273934350165,0,0.5,0.08504491210158557,500,150,53.06490876277411,7.105427357601002e-15,0,0,0,4.092726157978177e-12,666566.4042708572,9686285222630616.0,0.0514716,0.062308050000000004,0.07880005,0.1092165,0.1455188,0.0364697,0.049903050000000004,0.06618315,0.09656310000000001,0.132777,0.0121897,0.01206065,0.01295905,0.0140881,0.0153909,0,05_resultados\revisao_operacional\evento_adiantado_corrigido_v1\j01341.mat,evento_adiantado_corrigido_v1,,,,,10,1.1374949176335862,,,119
j01342,montecarlo,perda_fonte,heuristico,{},592.6122638850534,592.6122638850534,1,14.754610453615202,14.754610453615202,150,150,150,150,57.93978528855198,56.5039066455025,60,24.16369944991276,850,0,0,0.02416369944991276,500,150,60,nan,0,nan,nan,nan,nan,nan,3.64e-05,7.6e-06,9.8e-06,1.1249999999999999e-05,4.28e-05,nan,nan,nan,nan,nan,nan,nan,nan,nan,nan,0,05_resultados\revisao_operacional\campanha_v1\j01342.mat,campanha_v1,,,,,-12,0.8970868205406575,,,120
j01343,montecarlo,perda_fonte,heuristico_foresight,{},350.03090056278455,350.03090056278455,1,14.583355148221518,14.583355148221518,150,150,150,150,57.26094128871428,55.8296282046224,60,27.342492786421605,850,0,0,0.027342492786421604,500,150,59.39355862179829,nan,0,nan,nan,nan,nan,nan,4.05e-05,9e-06,1.235e-05,1.88e-05,5.52e-05,nan,nan,nan,nan,nan,nan,nan,nan,nan,nan,0,05_resultados\revisao_operacional\campanha_v1\j01343.mat,campanha_v1,,,,,-12,0.8970868205406575,,,120
j01344,montecarlo,perda_fonte,miope_qp,{},592.6116232891053,592.6116232891053,1,14.754610001373313,14.75461000137331,150,150,150,150,57.9147667951044,56.47501255161039,60,24.32134429297718,1150.0008251042025,0,0,0.02432134429297718,500,150,59.99996967342122,nan,0,nan,nan,nan,nan,nan,0.0012848,0.00058785,0.0006857,0.0008205,0.0012848,0.0011317,0.00052235,0.00060825,0.0007452,0.0011317,nan,nan,nan,nan,nan,0,05_resultados\revisao_operacional\campanha_v1\j01344.mat,campanha_v1,,,,,-12,0.8970868205406575,,,120
j01345,montecarlo,perda_fonte,mpc_qp_v5,{},350.00024469637447,350.00024469637447,1,14.586886826420228,14.583333506094105,150,150,150,150,56.80426736191058,55.40920600521157,60.0320167343643,29.46928828486211,1835.495835547493,0,1,0.02946928828486211,500,150,59.05018718478385,0.11704071334696664,853,0,0,0.0023224745855827678,333283.200808402,4015243775612013.0,0.0202211,0.022148599999999997,0.0344734,0.04046165,0.1014224,0.0139747,0.0170757,0.02920585,0.034551,0.0956683,0.0044894,0.00471385,0.0056184500000000005,0.0063038,0.0085268,0,05_resultados\revisao_operacional\campanha_v1\j01345.mat,campanha_v1,,,,,-12,0.8970868205406575,,,120
j01346,montecarlo,perda_fonte,mpc_qp_estocastico_3cen,{},350.0000005771031,350.0000005771031,1,14.583333333772114,14.583333333772114,150,150,150,150,54.69386700777622,54.69386700777622,60,25.204131713062793,1457.1871108732123,0,0.08333333333333334,0.025204131713062794,500,150,58.572886955076605,7.105427357601002e-15,0,0,0,8.875325562485159e-05,666566.4042708572,8858386386927326.0,0.0481115,0.05362035,0.0621917,0.10414085,0.171753,0.033278,0.0413689,0.049786250000000004,0.09179665000000001,0.1595571,0.0114657,0.0119254,0.0126602,0.01322255,0.0146648,0,05_resultados\revisao_operacional\evento_adiantado_corrigido_v1\j01346.mat,evento_adiantado_corrigido_v1,,,,,-12,0.8970868205406575,,,120
j01347,montecarlo,perda_fonte,heuristico,{},592.6122638850534,592.6122638850534,1,14.754610453615202,14.754610453615202,150,150,150,150,57.93978528855198,56.5039066455025,60,24.16369944991276,850,0,0,0.02416369944991276,500,150,60,nan,0,nan,nan,nan,nan,nan,3.58e-05,8.1e-06,1.04e-05,1.19e-05,4.92e-05,nan,nan,nan,nan,nan,nan,nan,nan,nan,nan,0,05_resultados\revisao_operacional\campanha_v1\j01347.mat,campanha_v1,,,,,5,1.0006195309373813,,,121
j01348,montecarlo,perda_fonte,heuristico_foresight,{},402.9015293790226,402.9015293790226,1,14.620680256631648,14.620680256631648,150,150,150,150,57.54668202945504,56.12592450091872,60,25.879529823458643,850,0,0,0.025879529823458643,500,150,59.775564251996556,nan,0,nan,nan,nan,nan,nan,4.13e-05,9.1e-06,1.15e-05,2.04e-05,5.09e-05,nan,nan,nan,nan,nan,nan,nan,nan,nan,nan,0,05_resultados\revisao_operacional\campanha_v1\j01348.mat,campanha_v1,,,,,5,1.0006195309373813,,,121
j01349,montecarlo,perda_fonte,miope_qp,{},592.6116232891053,592.6116232891053,1,14.754610001373313,14.75461000137331,150,150,150,150,57.9147667951044,56.47501255161039,60,24.32134429297718,1150.0008251042025,0,0,0.02432134429297718,500,150,59.99996967342122,nan,0,nan,nan,nan,nan,nan,0.0012145,0.0005688,0.00065255,0.00080495,0.0012145,0.0010702,0.0005046,0.0005753500000000001,0.0007065999999999999,0.0010702,nan,nan,nan,nan,nan,0,05_resultados\revisao_operacional\campanha_v1\j01349.mat,campanha_v1,,,,,5,1.0006195309373813,,,121
j01350,montecarlo,perda_fonte,mpc_qp_v5,{},351.622597961923,351.622597961923,1,14.584478839777136,14.584478839777136,150,150,150,150,57.264117961416396,55.89351597979274,60,26.71949373610899,1535.354168773152,0,2.5,0.02671949373610899,500,150,59.628037002611656,0.014420340186283909,736,0,0,2.0701760149677284e-05,333283.200808402,4015243775612013.0,0.0225939,0.02566075,0.03149815,0.0397384,0.0921624,0.0152398,0.0208233,0.02627955,0.034331299999999995,0.0869869,0.0050817,0.00452795,0.0053293,0.0057832000000000005,0.0077902,0,05_resultados\revisao_operacional\campanha_v1\j01350.mat,campanha_v1,,,,,5,1.0006195309373813,,,121
j01351,montecarlo,perda_fonte,mpc_qp_estocastico_3cen,{},350.00009636268476,350.00009636268476,1,14.58333340137655,14.58333340137655,150,150,150,150,49.38827851440538,49.38827851440538,60,50.405677056573815,832.1241570384113,0,0,0.05040567705657382,500,150,56.272231277573184,7.105427357601002e-15,0,0,0,2.0463630789890885e-12,666566.4042708572,8858386386927326.0,0.0467455,0.052575,0.0759375,0.10709874999999999,0.1167205,0.0320506,0.0400474,0.06348390000000001,0.09483915,0.1044806,0.0116437,0.01206645,0.012828949999999999,0.0134234,0.0186967,0,05_resultados\revisao_operacional\evento_adiantado_corrigido_v1\j01351.mat,evento_adiantado_corrigido_v1,,,,,5,1.0006195309373813,,,121
j01352,montecarlo,perda_fonte,heuristico,{},592.6122638850534,592.6122638850534,1,14.754610453615202,14.754610453615202,150,150,150,150,57.93978528855198,56.5039066455025,60,24.16369944991276,850,0,0,0.02416369944991276,500,150,60,nan,0,nan,nan,nan,nan,nan,4.1e-05,7.9e-06,1.025e-05,2.435e-05,4.85e-05,nan,nan,nan,nan,nan,nan,nan,nan,nan,nan,0,05_resultados\revisao_operacional\campanha_v1\j01352.mat,campanha_v1,,,,,-2,1.1251318586804062,,,122
j01353,montecarlo,perda_fonte,heuristico_foresight,{},398.19981080414834,398.19981080414834,1,14.617360981649483,14.617360981649481,150,150,150,150,53.74022226794751,53.74022226794751,60,29.733944227262935,756.1511059896953,0,0,0.029733944227262936,500,150,58.68428057169466,nan,0,nan,nan,nan,nan,nan,3.87e-05,8.5e-06,1.08e-05,1.39e-05,6.99e-05,nan,nan,nan,nan,nan,nan,nan,nan,nan,nan,0,05_resultados\revisao_operacional\campanha_v1\j01353.mat,campanha_v1,,,,,-2,1.1251318586804062,,,122
j01354,montecarlo,perda_fonte,miope_qp,{},592.6116232891053,592.6116232891053,1,14.754610001373313,14.75461000137331,150,150,150,150,57.9147667951044,56.47501255161039,60,24.32134429297718,1150.0008251042025,0,0,0.02432134429297718,500,150,59.99996967342122,nan,0,nan,nan,nan,nan,nan,0.0011858,0.0005627,0.0006472,0.0008462999999999999,0.0011858,0.0010484,0.0005007,0.0005697,0.0007523499999999999,0.0010484,nan,nan,nan,nan,nan,0,05_resultados\revisao_operacional\campanha_v1\j01354.mat,campanha_v1,,,,,-2,1.1251318586804062,,,122
j01355,montecarlo,perda_fonte,mpc_qp_v5,{},350.0301239868615,350.0301239868615,1,14.58335460000119,14.58335460000119,150,150,150,150,52.35924460453707,52.35924460453707,60,36.29358812844968,1323.271966888477,0,2.25,0.036293588128449676,500,150,58.088046936436086,7.105427357601002e-15,0,0,0,3.7426739027068834e-05,333283.2021354289,4843142611315303.0,0.0238737,0.0297052,0.0347979,0.04568065,0.0509446,0.0169718,0.024364999999999998,0.0291895,0.0402702,0.0456472,0.0045176,0.00503085,0.0057777,0.0061731500000000005,0.0086296,0,05_resultados\revisao_operacional\campanha_v1\j01355.mat,campanha_v1,,,,,-2,1.1251318586804062,,,122
j01356,montecarlo,perda_fonte,mpc_qp_estocastico_3cen,{},350.00000187108594,350.00000187108594,1,14.58333333466616,14.583333334666158,150,150,150,150,42.66540240741598,42.66540240741598,60,82.33933856477385,1850.2114967808013,0,0.4166666666666667,0.08233933856477385,500,150,53.20021544157654,7.105427357601002e-15,0,0,0,4.433786671143025e-12,666566.4042708572,9686285222630616.0,0.0519467,0.0630681,0.0765856,0.12189449999999999,0.1599373,0.0362474,0.05062705,0.06391345,0.10913275,0.147397,0.0128307,0.01201825,0.01284165,0.013557699999999999,0.0146807,0,05_resultados\revisao_operacional\evento_adiantado_corrigido_v1\j01356.mat,evento_adiantado_corrigido_v1,,,,,-2,1.1251318586804062,,,122
j01357,montecarlo,perda_fonte,heuristico,{},592.6122638850534,592.6122638850534,1,14.754610453615202,14.754610453615202,150,150,150,150,57.93978528855198,56.5039066455025,60,24.16369944991276,850,0,0,0.02416369944991276,500,150,60,nan,0,nan,nan,nan,nan,nan,4.13e-05,8e-06,1.145e-05,1.675e-05,4.13e-05,nan,nan,nan,nan,nan,nan,nan,nan,nan,nan,0,05_resultados\revisao_operacional\campanha_v1\j01357.mat,campanha_v1,,,,,5,1.1235578414753566,,,123
j01358,montecarlo,perda_fonte,heuristico_foresight,{},566.7325825436473,566.7325825436473,1,14.736340160007666,14.736340160007666,150,150,150,150,53.79149979061726,53.79149979061726,60,29.490375994563742,757.3316188934825,0,0,0.029490375994563743,500,150,58.75623289495449,nan,0,nan,nan,nan,nan,nan,4.26e-05,8.5e-06,1.135e-05,1.55e-05,4.26e-05,nan,nan,nan,nan,nan,nan,nan,nan,nan,nan,0,05_resultados\revisao_operacional\campanha_v1\j01358.mat,campanha_v1,,,,,5,1.1235578414753566,,,123
j01359,montecarlo,perda_fonte,miope_qp,{},592.6116232891053,592.6116232891053,1,14.754610001373313,14.75461000137331,150,150,150,150,57.9147667951044,56.47501255161039,60,24.32134429297718,1150.0008251042025,0,0,0.02432134429297718,500,150,59.99996967342122,nan,0,nan,nan,nan,nan,nan,0.0012221,0.000575,0.0007219500000000001,0.0008773,0.0012221,0.001073,0.0005105000000000001,0.0006441,0.00078885,0.001073,nan,nan,nan,nan,nan,0,05_resultados\revisao_operacional\campanha_v1\j01359.mat,campanha_v1,,,,,5,1.1235578414753566,,,123
j01360,montecarlo,perda_fonte,mpc_qp_v5,{},354.7257841911112,354.7257841911112,1,14.5866695979441,14.5866695979441,150,150,150,150,52.56308645870248,52.56308645870248,60,35.32533932116294,1322.4430171220974,0,2.5833333333333335,0.03532533932116294,500,150,58.338705458398195,7.105427357601002e-15,0,0,0,1.9687490748765413e-08,333283.2021354289,4843142611315303.0,0.0244749,0.030766500000000002,0.05286685,0.0825047,0.1668502,0.0175957,0.02527985,0.043296799999999996,0.052998649999999994,0.1147968,0.0046734,0.00539395,0.0092405,0.02391815,0.1167936,0,05_resultados\revisao_operacional\campanha_v1\j01360.mat,campanha_v1,,,,,5,1.1235578414753566,,,123
j01361,montecarlo,perda_fonte,mpc_qp_estocastico_3cen,{},350.02406524159824,350.02406524159824,1,14.583350322695276,14.583350322695276,150,150,150,150,42.880869222057434,42.880869222057434,60,81.31587119522709,3758.143603273848,0,0.6666666666666667,0.08131587119522708,500,150,53.41609544147337,7.105427357601002e-15,0,0,0,0.00783102801278801,666566.4042708572,9686285222630616.0,0.0528234,0.06344395,0.07791165,0.1143139,0.1593071,0.0367034,0.051115999999999995,0.06518645,0.1017793,0.1464349,0.0129706,0.01200315,0.01291925,0.0140929,0.0155321,0,05_resultados\revisao_operacional\evento_adiantado_corrigido_v1\j01361.mat,evento_adiantado_corrigido_v1,,,,,5,1.1235578414753566,,,123
j01362,montecarlo,perda_fonte,heuristico,{},592.6122638850534,592.6122638850534,1,14.754610453615202,14.754610453615202,150,150,150,150,57.93978528855198,56.5039066455025,60,24.16369944991276,850,0,0,0.02416369944991276,500,150,60,nan,0,nan,nan,nan,nan,nan,3.95e-05,8.1e-06,1.025e-05,1.2e-05,3.95e-05,nan,nan,nan,nan,nan,nan,nan,nan,nan,nan,0,05_resultados\revisao_operacional\campanha_v1\j01362.mat,campanha_v1,,,,,6,0.9177524765717602,,,124
j01363,montecarlo,perda_fonte,heuristico_foresight,{},410.9885873872711,410.9885873872711,1,14.626389481651952,14.626389481651952,150,150,150,150,57.540144505088584,56.12202586544115,60,25.88415945308827,850,0,0,0.02588415945308827,500,150,59.79385548727493,nan,0,nan,nan,nan,nan,nan,4.69e-05,8.8e-06,1.1e-05,1.38e-05,4.69e-05,nan,nan,nan,nan,nan,nan,nan,nan,nan,nan,0,05_resultados\revisao_operacional\campanha_v1\j01363.mat,campanha_v1,,,,,6,0.9177524765717602,,,124
j01364,montecarlo,perda_fonte,miope_qp,{},592.6116232891053,592.6116232891053,1,14.754610001373313,14.75461000137331,150,150,150,150,57.9147667951044,56.47501255161039,60,24.32134429297718,1150.0008251042025,0,0,0.02432134429297718,500,150,59.99996967342122,nan,0,nan,nan,nan,nan,nan,0.001186,0.0005706000000000001,0.00070085,0.0008587,0.0013203,0.0010533,0.0005078000000000001,0.0006245000000000001,0.0007717,0.0012159,nan,nan,nan,nan,nan,0,05_resultados\revisao_operacional\campanha_v1\j01364.mat,campanha_v1,,,,,6,0.9177524765717602,,,124
j01365,montecarlo,perda_fonte,mpc_qp_v5,{},352.7532804577758,352.7532804577758,1,14.588306608339767,14.585277068344029,150,150,150,150,57.11180634835152,55.73005636881837,60.027044673633235,27.825403148745863,1545.3474363782861,0,1.6666666666666667,0.027825403148745865,500,150,59.48756670950203,0.11706253443601611,853,0,0,0.006099482238028031,333283.200808402,4015243775612013.0,0.0203204,0.02257735,0.036504499999999995,0.04414575,0.0565679,0.0139484,0.0174449,0.0304404,0.03795645,0.0504225,0.0045618,0.005089,0.0062385,0.00689245,0.008548,0,05_resultados\revisao_operacional\campanha_v1\j01365.mat,campanha_v1,,,,,6,0.9177524765717602,,,124
j01366,montecarlo,perda_fonte,mpc_qp_estocastico_3cen,{},350.00349645613676,350.00349645613676,1,14.58333580174148,14.58333580174148,150,150,150,150,53.90040498999007,53.90040498999007,60,28.97307629754752,1535.4590980658895,0,0.08333333333333334,0.02897307629754752,500,150,58.47217230403679,0.12154890028723742,58,0,0,2.432898327242583e-11,666566.4042708572,8858386386927326.0,0.0488363,0.05266625,0.07758555,0.1067836,0.1380495,0.033591,0.04017005,0.06532740000000001,0.09430830000000001,0.1256778,0.0120903,0.01208265,0.012865950000000001,0.013489649999999999,0.0169329,0,05_resultados\revisao_operacional\evento_adiantado_corrigido_v1\j01366.mat,evento_adiantado_corrigido_v1,,,,,6,0.9177524765717602,,,124
j01367,montecarlo,perda_fonte,heuristico,{},592.6122638850534,592.6122638850534,1,14.754610453615202,14.754610453615202,150,150,150,150,57.93978528855198,56.5039066455025,60,24.16369944991276,850,0,0,0.02416369944991276,500,150,60,nan,0,nan,nan,nan,nan,nan,4.13e-05,8.1e-06,1.05e-05,1.575e-05,4.19e-05,nan,nan,nan,nan,nan,nan,nan,nan,nan,nan,0,05_resultados\revisao_operacional\campanha_v1\j01367.mat,campanha_v1,,,,,-1,0.825489177520841,,,125
j01368,montecarlo,perda_fonte,heuristico_foresight,{},357.5611184157917,357.5611184157917,1,14.588671260475307,14.588671260475307,150,150,150,150,57.51825123023475,56.08693814614288,60,26.12027056419938,850.0000000000001,0,0,0.02612027056419938,500,150,59.64974938179165,nan,0,nan,nan,nan,nan,nan,5.24e-05,8.9e-06,1.12e-05,1.4950000000000001e-05,5.24e-05,nan,nan,nan,nan,nan,nan,nan,nan,nan,nan,0,05_resultados\revisao_operacional\campanha_v1\j01368.mat,campanha_v1,,,,,-1,0.825489177520841,,,125
j01369,montecarlo,perda_fonte,miope_qp,{},592.6116232891053,592.6116232891053,1,14.754610001373313,14.75461000137331,150,150,150,150,57.9147667951044,56.47501255161039,60,24.32134429297718,1150.0008251042025,0,0,0.02432134429297718,500,150,59.99996967342122,nan,0,nan,nan,nan,nan,nan,0.0012107,0.000588,0.00068515,0.00078585,0.0012107,0.0010745,0.00052285,0.0006018,0.0007055,0.0010745,nan,nan,nan,nan,nan,0,05_resultados\revisao_operacional\campanha_v1\j01369.mat,campanha_v1,,,,,-1,0.825489177520841,,,125
j01370,montecarlo,perda_fonte,mpc_qp_v5,{},350.0349373636003,350.0349373636003,1,14.588026446064983,14.583357998096579,150,150,150,150,57.06729382284277,55.67194654019055,60.057434808274245,28.47729080458873,1815.3008774222,0,0.75,0.02847729080458873,500,150,59.31290463843801,0.11695835634422025,852,0,0,0.0061589781172415314,333283.200808402,4015243775612013.0,0.0217442,0.0225314,0.034720100000000004,0.0415729,0.0591673,0.0148962,0.01744705,0.02889655,0.033929100000000004,0.0461184,0.0046386,0.0048706,0.00608615,0.00702465,0.0314773,0,05_resultados\revisao_operacional\campanha_v1\j01370.mat,campanha_v1,,,,,-1,0.825489177520841,,,125
j01371,montecarlo,perda_fonte,mpc_qp_estocastico_3cen,{},350.0000110283773,350.0000110283773,1,14.58802921745775,14.583333341145133,150,150,150,150,56.71990703915069,55.324603883382245,60.03891180795742,29.94146245081555,855.4063261678104,0,0,0.02994146245081555,500,150,58.96558090714237,0.11702091891636712,852,0,0,2.2737367544323206e-13,666566.4016168036,8030487551224027.0,0.0417071,0.046493400000000004,0.0627904,0.0987561,0.1136938,0.0265676,0.03439395,0.04930805,0.0863488,0.1013895,0.0123826,0.011795050000000001,0.01254045,0.0135128,0.0154425,0,05_resultados\revisao_operacional\evento_adiantado_corrigido_v1\j01371.mat,evento_adiantado_corrigido_v1,,,,,-1,0.825489177520841,,,125
j01372,montecarlo,perda_fonte,heuristico,{},592.6122638850534,592.6122638850534,1,14.754610453615202,14.754610453615202,150,150,150,150,57.93978528855198,56.5039066455025,60,24.16369944991276,850,0,0,0.02416369944991276,500,150,60,nan,0,nan,nan,nan,nan,nan,3.64e-05,8.1e-06,9.5e-06,1.84e-05,7.92e-05,nan,nan,nan,nan,nan,nan,nan,nan,nan,nan,0,05_resultados\revisao_operacional\campanha_v1\j01372.mat,campanha_v1,,,,,1,0.815208008352404,,,126
j01373,montecarlo,perda_fonte,heuristico_foresight,{},370.5532507924737,370.5532507924737,1,14.597843323684993,14.597843323684993,150,150,150,150,57.56503485596575,56.13372177187387,60,25.89804834197716,850,0,0,0.02589804834197716,500,150,59.694602046846924,nan,0,nan,nan,nan,nan,nan,4.18e-05,9e-06,1.12e-05,1.445e-05,4.18e-05,nan,nan,nan,nan,nan,nan,nan,nan,nan,nan,0,05_resultados\revisao_operacional\campanha_v1\j01373.mat,campanha_v1,,,,,1,0.815208008352404,,,126
j01374,montecarlo,perda_fonte,miope_qp,{},592.6116232891053,592.6116232891053,1,14.754610001373313,14.75461000137331,150,150,150,150,57.9147667951044,56.47501255161039,60,24.32134429297718,1150.0008251042025,0,0,0.02432134429297718,500,150,59.99996967342122,nan,0,nan,nan,nan,nan,nan,0.0012208,0.0006017,0.0006738499999999999,0.0007767500000000001,0.0012208,0.0010808,0.00053575,0.00059695,0.00070195,0.0010808,nan,nan,nan,nan,nan,0,05_resultados\revisao_operacional\campanha_v1\j01374.mat,campanha_v1,,,,,1,0.815208008352404,,,126
j01375,montecarlo,perda_fonte,mpc_qp_v5,{},350.2126927116564,350.2126927116564,1,14.588307239249225,14.583483488142447,150,150,150,150,57.11801570620313,55.72262904307391,60.061335511227156,28.275814536129456,1977.6688589854152,0,0.8333333333333334,0.028275814536129457,500,150,59.363558150631846,0.11694633179917702,852,0,0,0.0005724530634552139,333283.200808402,4015243775612013.0,0.0212015,0.02216395,0.0322562,0.040147600000000006,0.1426063,0.014467,0.0171306,0.02610565,0.03443145,0.1373979,0.0050712,0.00488015,0.0057317,0.0062362,0.0126318,0,05_resultados\revisao_operacional\campanha_v1\j01375.mat,campanha_v1,,,,,1,0.815208008352404,,,126
j01376,montecarlo,perda_fonte,mpc_qp_estocastico_3cen,{},350.0000308226346,350.0000308226346,1,14.58822561709279,14.583333355122987,150,150,150,150,56.77125353082832,55.37590189208928,60.0429105281382,29.738091899532872,855.9239990512264,0,0,0.029738091899532873,500,150,59.01687616419499,0.1170082246021451,852,0,0,3.410605131648481e-13,666566.4016168036,8030487551224027.0,0.0417519,0.0465702,0.0639356,0.09893945000000001,0.1194135,0.0266835,0.0345549,0.0514399,0.08648875,0.1032113,0.0119827,0.01185185,0.0127329,0.014692199999999999,0.0190702,0,05_resultados\revisao_operacional\evento_adiantado_corrigido_v1\j01376.mat,evento_adiantado_corrigido_v1,,,,,1,0.815208008352404,,,126
j01377,montecarlo,perda_fonte,heuristico,{},592.6122638850534,592.6122638850534,1,14.754610453615202,14.754610453615202,150,150,150,150,57.93978528855198,56.5039066455025,60,24.16369944991276,850,0,0,0.02416369944991276,500,150,60,nan,0,nan,nan,nan,nan,nan,3.96e-05,7.95e-06,1.025e-05,1.3e-05,6.78e-05,nan,nan,nan,nan,nan,nan,nan,nan,nan,nan,0,05_resultados\revisao_operacional\campanha_v1\j01377.mat,campanha_v1,,,,,10,1.17936828412128,,,127
j01378,montecarlo,perda_fonte,heuristico_foresight,{},541.3445240959827,541.3445240959827,1,14.718416937698823,14.718416937698823,150,150,150,150,51.14260285553037,51.14260285553037,60,42.072636436219696,715.47378690904,0,0,0.042072636436219696,500,150,57.536092988994156,nan,0,nan,nan,nan,nan,nan,5.31e-05,8.8e-06,1.1e-05,1.475e-05,6.52e-05,nan,nan,nan,nan,nan,nan,nan,nan,nan,nan,0,05_resultados\revisao_operacional\campanha_v1\j01378.mat,campanha_v1,,,,,10,1.17936828412128,,,127
j01379,montecarlo,perda_fonte,miope_qp,{},592.6116232891053,592.6116232891053,1,14.754610001373313,14.75461000137331,150,150,150,150,57.9147667951044,56.47501255161039,60,24.32134429297718,1150.0008251042025,0,0,0.02432134429297718,500,150,59.99996967342122,nan,0,nan,nan,nan,nan,nan,0.0012442,0.00061905,0.0014063,0.00206255,0.0029876,0.0010921,0.0005491,0.00124845,0.0017690499999999999,0.0025535,nan,nan,nan,nan,nan,0,05_resultados\revisao_operacional\campanha_v1\j01379.mat,campanha_v1,,,,,10,1.17936828412128,,,127
j01380,montecarlo,perda_fonte,mpc_qp_v5,{},464.53603460517115,464.53603460517115,1,14.664192403948775,14.664192403948771,150,150,150,150,50.05995623542108,50.05995623542108,60,47.21520788174986,1715.31720820946,0,2.75,0.04721520788174986,500,150,57.16456801208798,7.105427357601002e-15,0,0,0,0.5152034307743634,333283.2021354289,4843142611315303.0,0.0269433,0.0310446,0.041646249999999996,0.049324549999999995,0.0686432,0.0195072,0.025423550000000003,0.0355614,0.0432247,0.0629724,0.0050381,0.0051493,0.006287050000000001,0.0079893,0.0142911,0,05_resultados\revisao_operacional\campanha_v1\j01380.mat,campanha_v1,,,,,10,1.17936828412128,,,127
j01381,montecarlo,perda_fonte,mpc_qp_estocastico_3cen,{},350.02734876879254,350.02734876879254,1,14.58335264077364,14.58335264077364,150,150,150,150,39.98495554058779,39.98495554058779,60,95.0714611822087,2927.170680185459,0,0.4166666666666667,0.09507146118220869,500,150,52.09569334656222,7.105427357601002e-15,0,0,0,0.00013301782064445433,666566.4042708572,9686285222630616.0,0.0569702,0.05693235,0.08224735,0.1117697,0.1698705,0.0393452,0.044499800000000006,0.06861685000000001,0.09922405000000001,0.1576435,0.0144561,0.012095600000000001,0.013444649999999999,0.01476425,0.0175214,0,05_resultados\revisao_operacional\evento_adiantado_corrigido_v1\j01381.mat,evento_adiantado_corrigido_v1,,,,,10,1.17936828412128,,,127
j01382,montecarlo,perda_fonte,heuristico,{},592.6122638850534,592.6122638850534,1,14.754610453615202,14.754610453615202,150,150,150,150,57.93978528855198,56.5039066455025,60,24.16369944991276,850,0,0,0.02416369944991276,500,150,60,nan,0,nan,nan,nan,nan,nan,5.17e-05,8e-06,1.41e-05,2.27e-05,5.17e-05,nan,nan,nan,nan,nan,nan,nan,nan,nan,nan,0,05_resultados\revisao_operacional\campanha_v1\j01382.mat,campanha_v1,,,,,-1,0.8383334965743251,,,128
j01383,montecarlo,perda_fonte,heuristico_foresight,{},357.5611184157917,357.5611184157917,1,14.588671260475307,14.588671260475307,150,150,150,150,57.51825123023475,56.08693814614288,60,26.12027056419938,850.0000000000001,0,0,0.02612027056419938,500,150,59.64974938179165,nan,0,nan,nan,nan,nan,nan,4.2e-05,8.9e-06,1.12e-05,2.3899999999999998e-05,4.61e-05,nan,nan,nan,nan,nan,nan,nan,nan,nan,nan,0,05_resultados\revisao_operacional\campanha_v1\j01383.mat,campanha_v1,,,,,-1,0.8383334965743251,,,128
j01384,montecarlo,perda_fonte,miope_qp,{},592.6116232891053,592.6116232891053,1,14.754610001373313,14.75461000137331,150,150,150,150,57.9147667951044,56.47501255161039,60,24.32134429297718,1150.0008251042025,0,0,0.02432134429297718,500,150,59.99996967342122,nan,0,nan,nan,nan,nan,nan,0.0012583,0.00057785,0.00070535,0.00082505,0.0012583,0.001099,0.0005128999999999999,0.0006153,0.0007306999999999999,0.001099,nan,nan,nan,nan,nan,0,05_resultados\revisao_operacional\campanha_v1\j01384.mat,campanha_v1,,,,,-1,0.8383334965743251,,,128
j01385,montecarlo,perda_fonte,mpc_qp_v5,{},350.02688603686914,350.02688603686914,1,14.58783156000057,14.583352314103104,150,150,150,150,57.06216584747552,55.66686668222213,60.053111043751066,28.45787234360235,1680.9493024828942,0,0.9166666666666666,0.02845787234360235,500,150,59.30782920045789,0.11697293371488371,852,0,0,0.00677106315868059,333283.200808402,4015243775612013.0,0.0213122,0.022512400000000002,0.033538200000000004,0.03968485,0.09759,0.0144779,0.01720655,0.028144500000000003,0.034617850000000006,0.0919879,0.0046519,0.0050442,0.0060111,0.006481799999999999,0.008566,0,05_resultados\revisao_operacional\campanha_v1\j01385.mat,campanha_v1,,,,,-1,0.8383334965743251,,,128
j01386,montecarlo,perda_fonte,mpc_qp_estocastico_3cen,{},350.00017731856207,350.00017731856207,1,14.58333345854048,14.58333345854048,150,150,150,150,56.69543767691671,55.42074451821186,60.03430047264812,28.803830948588452,1513.8365331344608,0,0.08333333333333334,0.028803830948588453,500,150,59.06245167195043,0.11703646933112566,901,0,0,1.7613501768209971e-07,666566.4016168036,8030487551224027.0,0.041416,0.0511293,0.06682569999999999,0.10673975,0.1671453,0.0272324,0.039097,0.0537122,0.0920775,0.1539946,0.0117493,0.01186025,0.01299995,0.01427115,0.0177677,0,05_resultados\revisao_operacional\evento_adiantado_corrigido_v1\j01386.mat,evento_adiantado_corrigido_v1,,,,,-1,0.8383334965743251,,,128
j01387,montecarlo,perda_fonte,heuristico,{},592.6122638850534,592.6122638850534,1,14.754610453615202,14.754610453615202,150,150,150,150,57.93978528855198,56.5039066455025,60,24.16369944991276,850,0,0,0.02416369944991276,500,150,60,nan,0,nan,nan,nan,nan,nan,3.7e-05,8.1e-06,9.2e-06,1.1099999999999999e-05,5.54e-05,nan,nan,nan,nan,nan,nan,nan,nan,nan,nan,0,05_resultados\revisao_operacional\campanha_v1\j01387.mat,campanha_v1,,,,,1,0.8028758229788855,,,129
j01388,montecarlo,perda_fonte,heuristico_foresight,{},370.5532507924737,370.5532507924737,1,14.597843323684993,14.597843323684993,150,150,150,150,57.56503485596575,56.13372177187387,60,25.89804834197716,850,0,0,0.02589804834197716,500,150,59.694602046846924,nan,0,nan,nan,nan,nan,nan,4.37e-05,9e-06,1.15e-05,1.61e-05,8.67e-05,nan,nan,nan,nan,nan,nan,nan,nan,nan,nan,0,05_resultados\revisao_operacional\campanha_v1\j01388.mat,campanha_v1,,,,,1,0.8028758229788855,,,129
j01389,montecarlo,perda_fonte,miope_qp,{},592.6116232891053,592.6116232891053,1,14.754610001373313,14.75461000137331,150,150,150,150,57.9147667951044,56.47501255161039,60,24.32134429297718,1150.0008251042025,0,0,0.02432134429297718,500,150,59.99996967342122,nan,0,nan,nan,nan,nan,nan,0.0012751,0.00060375,0.00079345,0.0014873,0.0023534,0.0010813,0.0005353000000000001,0.0007007,0.0012595,0.0020357,nan,nan,nan,nan,nan,0,05_resultados\revisao_operacional\campanha_v1\j01389.mat,campanha_v1,,,,,1,0.8028758229788855,,,129
j01390,montecarlo,perda_fonte,mpc_qp_v5,{},350.1853458278707,350.1853458278707,1,14.588477666552302,14.583464182046521,150,150,150,150,57.10798833452361,55.71255365897682,60.0655168498523,28.365793711389966,2102.744226909759,0,0.6666666666666667,0.028365793711389965,500,150,59.35348373343157,0.11693231138362137,852,0,0,1.4074204273128998e-05,333283.200808402,4015243775612013.0,0.0224716,0.02183085,0.0332368,0.0422974,0.1225458,0.0147193,0.0169423,0.02809935,0.03659395,0.117425,0.0059365,0.004768,0.00553075,0.00580545,0.0062881,0,05_resultados\revisao_operacional\campanha_v1\j01390.mat,campanha_v1,,,,,1,0.8028758229788855,,,129
j01391,montecarlo,perda_fonte,mpc_qp_estocastico_3cen,{},350.00003183553036,350.00003183553036,1,14.588175943154488,14.583333355849048,150,150,150,150,56.776326750748716,55.38097532244894,60.047369807688895,29.758643467988758,856.5365214374096,0,0,0.029758643467988757,500,150,59.02194629088816,0.1169932746909268,852,0,0,2.8421709430404007e-13,666566.4016168036,8030487551224027.0,0.0419601,0.04646665,0.0663964,0.0975339,0.134014,0.0271171,0.034446649999999995,0.05252105,0.08484205,0.1213512,0.0121421,0.011871650000000001,0.013795,0.01487965,0.0194539,0,05_resultados\revisao_operacional\evento_adiantado_corrigido_v1\j01391.mat,evento_adiantado_corrigido_v1,,,,,1,0.8028758229788855,,,129
j01392,montecarlo,perda_fonte,heuristico,{},592.6122638850534,592.6122638850534,1,14.754610453615202,14.754610453615202,150,150,150,150,57.93978528855198,56.5039066455025,60,24.16369944991276,850,0,0,0.02416369944991276,500,150,60,nan,0,nan,nan,nan,nan,nan,4.84e-05,7.9e-06,9.5e-06,1.7749999999999998e-05,8.09e-05,nan,nan,nan,nan,nan,nan,nan,nan,nan,nan,0,05_resultados\revisao_operacional\campanha_v1\j01392.mat,campanha_v1,,,,,1,1.0909457433747287,,,130
j01393,montecarlo,perda_fonte,heuristico_foresight,{},581.5677605753375,581.5677605753375,1,14.746813359224591,14.746813359224587,150,150,150,150,55.37475418902096,55.37475418902096,60,21.96991760216478,781.7906924689535,0,0,0.021969917602164782,500,150,59.46920560083674,nan,0,nan,nan,nan,nan,nan,3.97e-05,8.5e-06,9.6e-06,1.735e-05,4.51e-05,nan,nan,nan,nan,nan,nan,nan,nan,nan,nan,0,05_resultados\revisao_operacional\campanha_v1\j01393.mat,campanha_v1,,,,,1,1.0909457433747287,,,130
j01394,montecarlo,perda_fonte,miope_qp,{},592.6116232891053,592.6116232891053,1,14.754610001373313,14.75461000137331,150,150,150,150,57.9147667951044,56.47501255161039,60,24.32134429297718,1150.0008251042025,0,0,0.02432134429297718,500,150,59.99996967342122,nan,0,nan,nan,nan,nan,nan,0.0011975,0.00057335,0.0007253,0.0008694,0.0011975,0.0010564,0.0005102,0.0006302,0.0007803,0.0010564,nan,nan,nan,nan,nan,0,05_resultados\revisao_operacional\campanha_v1\j01394.mat,campanha_v1,,,,,1,1.0909457433747287,,,130
j01395,montecarlo,perda_fonte,mpc_qp_v5,{},350.6228580120295,350.6228580120295,1,14.583773052775566,14.583773052775559,150,150,150,150,54.01685707829263,54.01685707829263,60,28.419928878109673,2085.578733223133,0,1.8333333333333333,0.028419928878109672,500,150,58.966238479737626,7.105427357601002e-15,0,0,0,0.0005448694834058188,333283.2021354289,4843142611315303.0,0.024548,0.02800625,0.0340844,0.04539385,0.0947643,0.0169526,0.022950699999999997,0.0288533,0.0398007,0.0899907,0.0055494,0.00470575,0.00534575,0.0056948,0.0076407,0,05_resultados\revisao_operacional\campanha_v1\j01395.mat,campanha_v1,,,,,1,1.0909457433747287,,,130
j01396,montecarlo,perda_fonte,mpc_qp_estocastico_3cen,{},350.00019342538656,350.00019342538656,1,14.583333469903309,14.583333469903303,150,150,150,150,44.48011843542875,44.48011843542875,60,73.71943743171286,2779.0100699050818,0,0.5,0.07371943743171286,500,150,54.07211156816115,7.105427357601002e-15,0,0,0,0.13787146976619624,666566.4042708572,9686285222630616.0,0.048801,0.0602561,0.07266244999999999,0.11326159999999999,0.1598918,0.0333331,0.0476098,0.060242,0.09898475,0.1462306,0.0123827,0.01204,0.0131734,0.0146245,0.0179113,0,05_resultados\revisao_operacional\evento_adiantado_corrigido_v1\j01396.mat,evento_adiantado_corrigido_v1,,,,,1,1.0909457433747287,,,130
j01397,montecarlo,perda_fonte,heuristico,{},592.6122638850534,592.6122638850534,1,14.754610453615202,14.754610453615202,150,150,150,150,57.93978528855198,56.5039066455025,60,24.16369944991276,850,0,0,0.02416369944991276,500,150,60,nan,0,nan,nan,nan,nan,nan,3.74e-05,7.8e-06,9.8e-06,2.22e-05,8.87e-05,nan,nan,nan,nan,nan,nan,nan,nan,nan,nan,0,05_resultados\revisao_operacional\campanha_v1\j01397.mat,campanha_v1,,,,,-7,0.8722108390373998,,,131
j01398,montecarlo,perda_fonte,heuristico_foresight,{},350.3764459195046,350.3764459195046,1,14.583599093076895,14.583599093076895,150,150,150,150,57.37790035304177,55.94658726894989,60,26.786937230866048,850,0,0,0.02678693723086605,500,150,59.51046632931412,nan,0,nan,nan,nan,nan,nan,4.74e-05,8.7e-06,1.155e-05,1.445e-05,6.01e-05,nan,nan,nan,nan,nan,nan,nan,nan,nan,nan,0,05_resultados\revisao_operacional\campanha_v1\j01398.mat,campanha_v1,,,,,-7,0.8722108390373998,,,131
j01399,montecarlo,perda_fonte,miope_qp,{},592.6116232891053,592.6116232891053,1,14.754610001373313,14.75461000137331,150,150,150,150,57.9147667951044,56.47501255161039,60,24.32134429297718,1150.0008251042025,0,0,0.02432134429297718,500,150,59.99996967342122,nan,0,nan,nan,nan,nan,nan,0.001172,0.00056485,0.00065875,0.0008152,0.001172,0.0010441,0.0005029500000000001,0.00058675,0.00072805,0.0010441,nan,nan,nan,nan,nan,0,05_resultados\revisao_operacional\campanha_v1\j01399.mat,campanha_v1,,,,,-7,0.8722108390373998,,,131
j01400,montecarlo,perda_fonte,mpc_qp_v5,{},350.00547698515305,350.00547698515305,1,14.58732887608094,14.583337199934416,150,150,150,150,56.94621351810402,55.55104230327668,60.04080660825648,28.884158464885413,1874.1136972072536,0,1.25,0.02888415846488541,500,150,59.19201648645742,0.11701212487874812,852,0,0,0.002452405800568158,333283.200808402,4015243775612013.0,0.0202953,0.0217015,0.03238825,0.037689299999999995,0.0973273,0.0137166,0.016791800000000003,0.02634135,0.0324128,0.0920038,0.0048181,0.00461385,0.005467049999999999,0.00638045,0.0123267,0,05_resultados\revisao_operacional\campanha_v1\j01400.mat,campanha_v1,,,,,-7,0.8722108390373998,,,131
j01401,montecarlo,perda_fonte,mpc_qp_estocastico_3cen,{},350.00000718077763,350.00000718077763,1,14.583333338412075,14.583333338412073,150,150,150,150,55.71647727905262,55.26553119402126,60.02165290374146,25.078941219974908,1467.853659395839,0,0.08333333333333334,0.025078941219974907,500,150,58.91487964221184,0.11707790634175552,982,0,0,0.000694596531161551,666566.4016168036,8030487551224027.0,0.0418478,0.0523476,0.06179565,0.10815905,0.1786705,0.027168,0.04016135,0.0483374,0.0945772,0.1658085,0.0118937,0.0119486,0.0135665,0.01477515,0.0179972,0,05_resultados\revisao_operacional\evento_adiantado_corrigido_v1\j01401.mat,evento_adiantado_corrigido_v1,,,,,-7,0.8722108390373998,,,131
j01402,montecarlo,perda_fonte,heuristico,{},592.6122638850534,592.6122638850534,1,14.754610453615202,14.754610453615202,150,150,150,150,57.93978528855198,56.5039066455025,60,24.16369944991276,850,0,0,0.02416369944991276,500,150,60,nan,0,nan,nan,nan,nan,nan,3.63e-05,8.9e-06,1.78e-05,2.225e-05,0.000118,nan,nan,nan,nan,nan,nan,nan,nan,nan,nan,0,05_resultados\revisao_operacional\campanha_v1\j01402.mat,campanha_v1,,,,,-2,0.9831411167704064,,,132
j01403,montecarlo,perda_fonte,heuristico_foresight,{},354.5860501408955,354.5860501408955,1,14.586570949804251,14.586570949804251,150,150,150,150,57.494859417369256,56.06354633327738,60,26.231381675310494,850,0,0,0.026231381675310493,500,150,59.62679973959374,nan,0,nan,nan,nan,nan,nan,4e-05,9.1e-06,1.2e-05,1.92e-05,9.53e-05,nan,nan,nan,nan,nan,nan,nan,nan,nan,nan,0,05_resultados\revisao_operacional\campanha_v1\j01403.mat,campanha_v1,,,,,-2,0.9831411167704064,,,132
j01404,montecarlo,perda_fonte,miope_qp,{},592.6116232891053,592.6116232891053,1,14.754610001373313,14.75461000137331,150,150,150,150,57.9147667951044,56.47501255161039,60,24.32134429297718,1150.0008251042025,0,0,0.02432134429297718,500,150,59.99996967342122,nan,0,nan,nan,nan,nan,nan,0.0012236,0.0006087,0.00073735,0.00083935,0.0012236,0.0010848,0.0005408,0.0006514,0.00075545,0.0010848,nan,nan,nan,nan,nan,0,05_resultados\revisao_operacional\campanha_v1\j01404.mat,campanha_v1,,,,,-2,0.9831411167704064,,,132
j01405,montecarlo,perda_fonte,mpc_qp_v5,{},350.04985666998596,350.04985666998596,1,14.585377766211167,14.583368530699577,150,150,150,150,57.115911528285906,55.72124441917177,60.00434310512746,27.707930412192255,1744.451135064636,0,1.6666666666666667,0.027707930412192255,500,150,59.362239885977914,0.11713731334355515,807,0,0,0.0010978063261291027,333283.200808402,4015243775612013.0,0.0236924,0.023560949999999997,0.034261299999999995,0.0418611,0.0974602,0.0159096,0.018245400000000002,0.027951049999999998,0.0357069,0.0919463,0.0055625,0.005041749999999999,0.006244700000000001,0.00746215,0.0168547,0,05_resultados\revisao_operacional\campanha_v1\j01405.mat,campanha_v1,,,,,-2,0.9831411167704064,,,132
j01406,montecarlo,perda_fonte,mpc_qp_estocastico_3cen,{},350.000003270919,350.000003270919,1,14.583333335651888,14.583333335651886,150,150,150,150,50.250452159281515,50.250452159281515,60,46.31035224341294,828.0529026675426,0,0,0.04631035224341294,500,150,56.567022502678995,7.105427357601002e-15,0,0,0,3.410605131648481e-13,666566.4042708572,8858386386927326.0,0.0469904,0.0531183,0.0666046,0.10754654999999999,0.1203707,0.0319934,0.04058265,0.05375805,0.0946426,0.1076574,0.011575,0.01217495,0.01373165,0.01523965,0.019043,0,05_resultados\revisao_operacional\evento_adiantado_corrigido_v1\j01406.mat,evento_adiantado_corrigido_v1,,,,,-2,0.9831411167704064,,,132
j01407,montecarlo,perda_fonte,heuristico,{},592.6122638850534,592.6122638850534,1,14.754610453615202,14.754610453615202,150,150,150,150,57.93978528855198,56.5039066455025,60,24.16369944991276,850,0,0,0.02416369944991276,500,150,60,nan,0,nan,nan,nan,nan,nan,4.38e-05,8.2e-06,9.250000000000001e-06,1e-05,4.38e-05,nan,nan,nan,nan,nan,nan,nan,nan,nan,nan,0,05_resultados\revisao_operacional\campanha_v1\j01407.mat,campanha_v1,,,,,3,1.17464723123741,,,133
j01408,montecarlo,perda_fonte,heuristico_foresight,{},543.4921215861266,543.4921215861266,1,14.719933078341288,14.719933078341288,150,150,150,150,51.48842776598979,51.48842776598979,60,40.429968111560584,719.0145765719424,0,0,0.040429968111560584,500,150,57.639305662981236,nan,0,nan,nan,nan,nan,nan,4.44e-05,8.7e-06,9.6e-06,1.535e-05,4.44e-05,nan,nan,nan,nan,nan,nan,nan,nan,nan,nan,0,05_resultados\revisao_operacional\campanha_v1\j01408.mat,campanha_v1,,,,,3,1.17464723123741,,,133
j01409,montecarlo,perda_fonte,miope_qp,{},592.6116232891053,592.6116232891053,1,14.754610001373313,14.75461000137331,150,150,150,150,57.9147667951044,56.47501255161039,60,24.32134429297718,1150.0008251042025,0,0,0.02432134429297718,500,150,59.99996967342122,nan,0,nan,nan,nan,nan,nan,0.0013003,0.0006027999999999999,0.00073355,0.00086315,0.0013003,0.0011535,0.0005363,0.00064755,0.00077955,0.0011535,nan,nan,nan,nan,nan,0,05_resultados\revisao_operacional\campanha_v1\j01409.mat,campanha_v1,,,,,3,1.17464723123741,,,133
j01410,montecarlo,perda_fonte,mpc_qp_v5,{},350.6526290118015,350.6526290118015,1,14.583794070225776,14.583794070225773,150,150,150,150,50.191708266890416,50.191708266890416,60,46.58938573227034,1422.5775572845546,0,2.4166666666666665,0.04658938573227034,500,150,57.078068099659305,7.105427357601002e-15,0,0,0,0.0002139220621302229,333283.2021354289,4843142611315303.0,0.0256284,0.03141555,0.039531250000000004,0.05288435,0.0613813,0.0179273,0.0254707,0.032802399999999995,0.0463291,0.0542292,0.005574,0.0054705,0.0066874,0.007914899999999999,0.0118381,0,05_resultados\revisao_operacional\campanha_v1\j01410.mat,campanha_v1,,,,,3,1.17464723123741,,,133
j01411,montecarlo,perda_fonte,mpc_qp_estocastico_3cen,{},350.0006412649137,350.0006412649137,1,14.58333378606484,14.58333378606484,150,150,150,150,40.24008898117221,40.24008898117221,60,93.85957733943235,3174.510135641921,0,0.6666666666666667,0.09385957733943234,500,150,52.16330882982003,7.105427357601002e-15,0,0,0,3.3190298154295306e-06,666566.4042708572,9686285222630616.0,0.0538357,0.062189999999999995,0.07987135000000001,0.11765275,0.1849739,0.0387109,0.0495762,0.06646075000000001,0.1049967,0.1720677,0.012018,0.0122382,0.01340935,0.01521315,0.0174723,0,05_resultados\revisao_operacional\evento_adiantado_corrigido_v1\j01411.mat,evento_adiantado_corrigido_v1,,,,,3,1.17464723123741,,,133
j01412,montecarlo,perda_fonte,heuristico,{},592.6122638850534,592.6122638850534,1,14.754610453615202,14.754610453615202,150,150,150,150,57.93978528855198,56.5039066455025,60,24.16369944991276,850,0,0,0.02416369944991276,500,150,60,nan,0,nan,nan,nan,nan,nan,5.37e-05,8.1e-06,9.1e-06,1.04e-05,5.37e-05,nan,nan,nan,nan,nan,nan,nan,nan,nan,nan,0,05_resultados\revisao_operacional\campanha_v1\j01412.mat,campanha_v1,,,,,-13,0.9653525071801142,,,134
j01413,montecarlo,perda_fonte,heuristico_foresight,{},350.0187421387312,350.0187421387312,1,14.583346564731855,14.583346564731855,150,150,150,150,57.23754947584878,55.806236391756904,60,27.453603897532716,850.0000000000001,0,0,0.027453603897532715,500,150,59.370168615983246,nan,0,nan,nan,nan,nan,nan,4.57e-05,9e-06,1.04e-05,1.79e-05,4.57e-05,nan,nan,nan,nan,nan,nan,nan,nan,nan,nan,0,05_resultados\revisao_operacional\campanha_v1\j01413.mat,campanha_v1,,,,,-13,0.9653525071801142,,,134
j01414,montecarlo,perda_fonte,miope_qp,{},592.6116232891053,592.6116232891053,1,14.754610001373313,14.75461000137331,150,150,150,150,57.9147667951044,56.47501255161039,60,24.32134429297718,1150.0008251042025,0,0,0.02432134429297718,500,150,59.99996967342122,nan,0,nan,nan,nan,nan,nan,0.0016825,0.00057415,0.00072325,0.0009172,0.0016825,0.0014971,0.0005099,0.0006428499999999999,0.0008149,0.0014971,nan,nan,nan,nan,nan,0,05_resultados\revisao_operacional\campanha_v1\j01414.mat,campanha_v1,,,,,-13,0.9653525071801142,,,134
j01415,montecarlo,perda_fonte,mpc_qp_v5,{},350.0002041445057,350.0002041445057,1,14.585639560552309,14.583333477475477,150,150,150,150,56.95917095089509,55.56442533745984,60.009901333608774,28.508889650359272,1651.215709546732,0,2.166666666666667,0.028508889650359272,500,150,59.205423689276664,0.11711748515790532,853,0,0,0.004038615659681,333283.200808402,4015243775612013.0,0.0233826,0.023651850000000002,0.0362912,0.04525635,0.1211579,0.0155071,0.018266150000000002,0.02990715,0.03848315,0.1155782,0.0055121,0.00519185,0.0062198,0.00723385,0.0316707,0,05_resultados\revisao_operacional\campanha_v1\j01415.mat,campanha_v1,,,,,-13,0.9653525071801142,,,134
j01416,montecarlo,perda_fonte,mpc_qp_estocastico_3cen,{},350.0000007093815,350.0000007093815,1,14.583333333849197,14.583333333849195,150,150,150,150,51.151122308569434,51.151122308569434,60,42.03216903429459,2080.2006743247907,0,0.33333333333333337,0.04203216903429459,500,150,56.96227071694738,0.12508366666308746,177,0,0,0.0024890088344022843,666566.4042708572,8858386386927326.0,0.0475599,0.0536432,0.07917379999999999,0.11380085000000001,0.1910815,0.0318949,0.04090775,0.065897,0.10018985,0.1773578,0.0121126,0.01228455,0.0137205,0.01491605,0.0168102,0,05_resultados\revisao_operacional\evento_adiantado_corrigido_v1\j01416.mat,evento_adiantado_corrigido_v1,,,,,-13,0.9653525071801142,,,134
j01417,montecarlo,perda_fonte,heuristico,{},592.6122638850534,592.6122638850534,1,14.754610453615202,14.754610453615202,150,150,150,150,57.93978528855198,56.5039066455025,60,24.16369944991276,850,0,0,0.02416369944991276,500,150,60,nan,0,nan,nan,nan,nan,nan,4.09e-05,8.1e-06,9.4e-06,1.8500000000000002e-05,4.09e-05,nan,nan,nan,nan,nan,nan,nan,nan,nan,nan,0,05_resultados\revisao_operacional\campanha_v1\j01417.mat,campanha_v1,,,,,-3,0.9527488396237552,,,135
j01418,montecarlo,perda_fonte,heuristico_foresight,{},352.7815800174326,352.7815800174326,1,14.585297046987337,14.585297046987337,150,150,150,150,57.47146760450376,56.04015452041188,60,26.342492786421605,850,0,0,0.026342492786421604,500,150,59.603676116794965,nan,0,nan,nan,nan,nan,nan,4.48e-05,8.9e-06,1e-05,1.315e-05,4.48e-05,nan,nan,nan,nan,nan,nan,nan,nan,nan,nan,0,05_resultados\revisao_operacional\campanha_v1\j01418.mat,campanha_v1,,,,,-3,0.9527488396237552,,,135
j01419,montecarlo,perda_fonte,miope_qp,{},592.6116232891053,592.6116232891053,1,14.754610001373313,14.75461000137331,150,150,150,150,57.9147667951044,56.47501255161039,60,24.32134429297718,1150.0008251042025,0,0,0.02432134429297718,500,150,59.99996967342122,nan,0,nan,nan,nan,nan,nan,0.0012754,0.0005815,0.0006766000000000001,0.0008276,0.0012754,0.0011329,0.0005165,0.00060005,0.00075365,0.0011329,nan,nan,nan,nan,nan,0,05_resultados\revisao_operacional\campanha_v1\j01419.mat,campanha_v1,,,,,-3,0.9527488396237552,,,135
j01420,montecarlo,perda_fonte,mpc_qp_v5,{},350.0409286953339,350.0409286953339,1,14.585922660577198,14.583362227808703,150,150,150,150,57.15811910160636,55.76331072688382,60.01449120457415,27.610473475853773,1893.1182795828831,0,1.9166666666666665,0.027610473475853773,500,150,59.404299897821694,0.1171028715259439,853,0,0,0.003126822182309752,333283.200808402,4015243775612013.0,0.0220478,0.025032350000000002,0.033174350000000005,0.04141175,0.0727483,0.0146941,0.019479549999999998,0.0273236,0.036318699999999995,0.0678459,0.0055101,0.00505135,0.005806,0.00655605,0.009501,0,05_resultados\revisao_operacional\campanha_v1\j01420.mat,campanha_v1,,,,,-3,0.9527488396237552,,,135
j01421,montecarlo,perda_fonte,mpc_qp_estocastico_3cen,{},350.00010488267947,350.00010488267947,1,14.583333407387274,14.583333407387272,150,150,150,150,52.01216799881794,52.01216799881794,60,37.9422020056145,2307.0115068370233,0,0.25,0.037942202005614496,500,150,57.46562715678967,0.12812757275323605,174,0,0,0.007733321601335774,666566.4042708572,8858386386927326.0,0.0546347,0.053862099999999996,0.06846094999999999,0.11081070000000001,0.3062316,0.0375943,0.04117655,0.0532098,0.09786500000000001,0.2933805,0.014176,0.01232255,0.014688650000000001,0.0159927,0.022478,0,05_resultados\revisao_operacional\evento_adiantado_corrigido_v1\j01421.mat,evento_adiantado_corrigido_v1,,,,,-3,0.9527488396237552,,,135
j01422,montecarlo,perda_fonte,heuristico,{},592.6122638850534,592.6122638850534,1,14.754610453615202,14.754610453615202,150,150,150,150,57.93978528855198,56.5039066455025,60,24.16369944991276,850,0,0,0.02416369944991276,500,150,60,nan,0,nan,nan,nan,nan,nan,3.97e-05,7.9e-06,9.2e-06,1.265e-05,3.97e-05,nan,nan,nan,nan,nan,nan,nan,nan,nan,nan,0,05_resultados\revisao_operacional\campanha_v1\j01422.mat,campanha_v1,,,,,15,0.9479986376719388,,,136
j01423,montecarlo,perda_fonte,heuristico_foresight,{},483.76831768800116,483.76831768800116,1,14.677769829954157,14.677769829954157,150,150,150,150,57.44621906649204,56.05185042684461,60,26.092492786421605,850,0,0,0.026092492786421607,500,150,59.92338944903586,nan,0,nan,nan,nan,nan,nan,4.12e-05,9e-06,9.7e-06,1.1099999999999999e-05,4.12e-05,nan,nan,nan,nan,nan,nan,nan,nan,nan,nan,0,05_resultados\revisao_operacional\campanha_v1\j01423.mat,campanha_v1,,,,,15,0.9479986376719388,,,136
j01424,montecarlo,perda_fonte,miope_qp,{},592.6116232891053,592.6116232891053,1,14.754610001373313,14.75461000137331,150,150,150,150,57.9147667951044,56.47501255161039,60,24.32134429297718,1150.0008251042025,0,0,0.02432134429297718,500,150,59.99996967342122,nan,0,nan,nan,nan,nan,nan,0.0012603,0.00057785,0.0006607,0.00079845,0.0012603,0.0011181,0.00051355,0.00058585,0.0007185500000000001,0.0011181,nan,nan,nan,nan,nan,0,05_resultados\revisao_operacional\campanha_v1\j01424.mat,campanha_v1,,,,,15,0.9479986376719388,,,136
j01425,montecarlo,perda_fonte,mpc_qp_v5,{},475.6788293251362,475.6788293251362,1,14.67458016312004,14.672058889194854,150,150,150,150,57.20563182707244,55.84776557823123,60.01713673356601,27.04137078998338,1809.437321428791,0,1.8333333333333333,0.02704137078998338,500,150,59.79753999262027,0.11709665660924884,853,0,0,7.824837666703388e-09,333283.200808402,4015243775612013.0,0.0204198,0.0235109,0.034204200000000004,0.0420458,0.0467813,0.0138832,0.018287150000000002,0.0277429,0.03596935,0.0385142,0.0047271,0.00495865,0.0059746999999999995,0.0080485,0.0151872,0,05_resultados\revisao_operacional\campanha_v1\j01425.mat,campanha_v1,,,,,15,0.9479986376719388,,,136
j01426,montecarlo,perda_fonte,mpc_qp_estocastico_3cen,{},350.67279443008886,350.67279443008886,1,14.583808306444803,14.5838083064448,150,150,150,150,52.303752295236826,52.303752295236826,60,36.557176597625975,1998.418816684085,0,0.16666666666666669,0.03655717659762597,500,150,57.90645680195335,0.12288600769248603,58,0,0,0.09380239965037163,666566.4042708572,8858386386927326.0,0.048584,0.0549268,0.0832827,0.1083384,0.1912169,0.0331558,0.04158425,0.06937495,0.09442395,0.1788251,0.0120556,0.012758499999999999,0.0164092,0.02043665,0.0441832,0,05_resultados\revisao_operacional\evento_adiantado_corrigido_v1\j01426.mat,evento_adiantado_corrigido_v1,,,,,15,0.9479986376719388,,,136
j01427,montecarlo,perda_fonte,heuristico,{},592.6122638850534,592.6122638850534,1,14.754610453615202,14.754610453615202,150,150,150,150,57.93978528855198,56.5039066455025,60,24.16369944991276,850,0,0,0.02416369944991276,500,150,60,nan,0,nan,nan,nan,nan,nan,4.19e-05,8.35e-06,9.6e-06,1.4999999999999999e-05,4.19e-05,nan,nan,nan,nan,nan,nan,nan,nan,nan,nan,0,05_resultados\revisao_operacional\campanha_v1\j01427.mat,campanha_v1,,,,,-1,1.186000761859629,,,137
j01428,montecarlo,perda_fonte,heuristico_foresight,{},419.2817872306917,419.2817872306917,1,14.632244236742883,14.632244236742883,150,150,150,150,50.967331332134655,50.967331332134655,60,42.90517617235569,710.4994286052781,0,0,0.04290517617235569,500,150,57.37246981439539,nan,0,nan,nan,nan,nan,nan,4.7e-05,8.7e-06,1e-05,1.3199999999999999e-05,5.23e-05,nan,nan,nan,nan,nan,nan,nan,nan,nan,nan,0,05_resultados\revisao_operacional\campanha_v1\j01428.mat,campanha_v1,,,,,-1,1.186000761859629,,,137
j01429,montecarlo,perda_fonte,miope_qp,{},592.6116232891053,592.6116232891053,1,14.754610001373313,14.75461000137331,150,150,150,150,57.9147667951044,56.47501255161039,60,24.32134429297718,1150.0008251042025,0,0,0.02432134429297718,500,150,59.99996967342122,nan,0,nan,nan,nan,nan,nan,0.0013177,0.000611,0.000701,0.0008461,0.0013177,0.0011706,0.00054425,0.0006232,0.0007565,0.0011706,nan,nan,nan,nan,nan,0,05_resultados\revisao_operacional\campanha_v1\j01429.mat,campanha_v1,,,,,-1,1.186000761859629,,,137
j01430,montecarlo,perda_fonte,mpc_qp_v5,{},350.1271947496891,350.1271947496891,1,14.583423129094932,14.583423129094928,150,150,150,150,49.64424909968992,49.64424909968992,60,49.189816776472135,1385.9150543926883,0,2.5833333333333335,0.049189816776472134,500,150,56.7509925038506,7.105427357601002e-15,0,0,0,0.00030664786675060896,333283.2021354289,4843142611315303.0,0.0265865,0.030777699999999998,0.03675715,0.045011300000000004,0.0642201,0.018179,0.0252829,0.03100295,0.03922665,0.0587427,0.0059156,0.00509955,0.00593795,0.00710575,0.0228122,0,05_resultados\revisao_operacional\campanha_v1\j01430.mat,campanha_v1,,,,,-1,1.186000761859629,,,137
j01431,montecarlo,perda_fonte,mpc_qp_estocastico_3cen,{},350.0000062251237,350.0000062251237,1,14.583333337740617,14.583333337740617,150,150,150,150,39.62952917842398,39.62952917842398,60,96.7597364024856,3736.3976709860535,0,0.5833333333333334,0.0967597364024856,500,150,51.85208853313529,7.105427357601002e-15,0,0,0,1.1937117960769683e-11,666566.4042708572,9686285222630616.0,0.061252,0.0605518,0.08970700000000001,0.12723955,0.1787354,0.0399343,0.04618825,0.06995509999999999,0.11413385000000001,0.1655367,0.0178873,0.013236250000000001,0.017372699999999998,0.0236779,0.0393152,0,05_resultados\revisao_operacional\evento_adiantado_corrigido_v1\j01431.mat,evento_adiantado_corrigido_v1,,,,,-1,1.186000761859629,,,137
j01432,montecarlo,perda_fonte,heuristico,{},592.6122638850534,592.6122638850534,1,14.754610453615202,14.754610453615202,150,150,150,150,57.93978528855198,56.5039066455025,60,24.16369944991276,850,0,0,0.02416369944991276,500,150,60,nan,0,nan,nan,nan,nan,nan,3.96e-05,8.3e-06,9.6e-06,1.7199999999999998e-05,3.96e-05,nan,nan,nan,nan,nan,nan,nan,nan,nan,nan,0,05_resultados\revisao_operacional\campanha_v1\j01432.mat,campanha_v1,,,,,5,1.147467565178155,,,138
j01433,montecarlo,perda_fonte,heuristico_foresight,{},555.8560971753935,555.8560971753935,1,14.728661681340386,14.728661681340386,150,150,150,150,52.696205303974786,52.696205303974786,60,34.693024806131255,739.3993261163838,0,0,0.034693024806131255,500,150,58.23351337066677,nan,0,nan,nan,nan,nan,nan,4.88e-05,8.6e-06,9.7e-06,1.615e-05,4.88e-05,nan,nan,nan,nan,nan,nan,nan,nan,nan,nan,0,05_resultados\revisao_operacional\campanha_v1\j01433.mat,campanha_v1,,,,,5,1.147467565178155,,,138
j01434,montecarlo,perda_fonte,miope_qp,{},592.6116232891053,592.6116232891053,1,14.754610001373313,14.75461000137331,150,150,150,150,57.9147667951044,56.47501255161039,60,24.32134429297718,1150.0008251042025,0,0,0.02432134429297718,500,150,59.99996967342122,nan,0,nan,nan,nan,nan,nan,0.0013298,0.0005834,0.0006810500000000001,0.0008378,0.0013298,0.0011868,0.0005184,0.00060295,0.00075365,0.0011868,nan,nan,nan,nan,nan,0,05_resultados\revisao_operacional\campanha_v1\j01434.mat,campanha_v1,,,,,5,1.147467565178155,,,138
j01435,montecarlo,perda_fonte,mpc_qp_v5,{},351.94677742130614,351.94677742130614,1,14.584707700931112,14.584707700931107,150,150,150,150,51.42718185296334,51.42718185296334,60,40.72088619842301,1443.1659265727833,0,2.25,0.04072088619842301,500,150,57.74002187381897,7.105427357601002e-15,0,0,0,8.412825991399586e-12,333283.2021354289,4843142611315303.0,0.0243102,0.03091375,0.0362844,0.04427245,0.0485097,0.0173129,0.02523865,0.030313399999999997,0.0384275,0.0433944,0.0050063,0.00516745,0.0059375999999999995,0.0066906,0.0135163,0,05_resultados\revisao_operacional\campanha_v1\j01435.mat,campanha_v1,,,,,5,1.147467565178155,,,138
j01436,montecarlo,perda_fonte,mpc_qp_estocastico_3cen,{},350.0004624029889,350.0004624029889,1,14.583333659795622,14.583333659795622,150,150,150,150,41.58445861115169,41.58445861115169,60,87.4738215970286,2398.258102489357,0,0.33333333333333337,0.0874738215970286,500,150,52.77600860957491,7.105427357601002e-15,0,0,0,1.1937117960769683e-11,666566.4042708572,9686285222630616.0,0.0560074,0.06370965,0.07940715000000001,0.11335535,0.1582989,0.0377809,0.04933915,0.06618225,0.09968070000000001,0.1432046,0.0148917,0.01281275,0.01497435,0.016893449999999997,0.019387,0,05_resultados\revisao_operacional\evento_adiantado_corrigido_v1\j01436.mat,evento_adiantado_corrigido_v1,,,,,5,1.147467565178155,,,138
j01437,montecarlo,perda_fonte,heuristico,{},592.6122638850534,592.6122638850534,1,14.754610453615202,14.754610453615202,150,150,150,150,57.93978528855198,56.5039066455025,60,24.16369944991276,850,0,0,0.02416369944991276,500,150,60,nan,0,nan,nan,nan,nan,nan,4.47e-05,8e-06,1.11e-05,1.23e-05,4.47e-05,nan,nan,nan,nan,nan,nan,nan,nan,nan,nan,0,05_resultados\revisao_operacional\campanha_v1\j01437.mat,campanha_v1,,,,,2,1.0869375691571643,,,139
j01438,montecarlo,perda_fonte,heuristico_foresight,{},583.3910709896544,583.3910709896544,1,14.748100562732539,14.748100562732537,150,150,150,150,55.536567431154154,55.536567431154154,60,21.201304702005746,784.7968231321267,0,0,0.021201304702005746,500,150,59.556833168024625,nan,0,nan,nan,nan,nan,nan,5.62e-05,8.5e-06,1.135e-05,2.605e-05,7.24e-05,nan,nan,nan,nan,nan,nan,nan,nan,nan,nan,0,05_resultados\revisao_operacional\campanha_v1\j01438.mat,campanha_v1,,,,,2,1.0869375691571643,,,139
j01439,montecarlo,perda_fonte,miope_qp,{},592.6116232891053,592.6116232891053,1,14.754610001373313,14.75461000137331,150,150,150,150,57.9147667951044,56.47501255161039,60,24.32134429297718,1150.0008251042025,0,0,0.02432134429297718,500,150,59.99996967342122,nan,0,nan,nan,nan,nan,nan,0.001275,0.0005906,0.000701,0.0008438499999999999,0.001275,0.0011286,0.0005254,0.0006158,0.0007545,0.0011286,nan,nan,nan,nan,nan,0,05_resultados\revisao_operacional\campanha_v1\j01439.mat,campanha_v1,,,,,2,1.0869375691571643,,,139
j01440,montecarlo,perda_fonte,mpc_qp_v5,{},351.6518316123007,351.6518316123007,1,14.58449947786321,14.58449947786321,150,150,150,150,54.21376836308357,54.21376836308357,60,27.484600275353067,2119.862979783552,0,2,0.027484600275353068,500,150,59.10049418400583,7.105427357601002e-15,0,0,2.842170943040401e-14,0.9282544403245083,333283.2021354289,4843142611315303.0,0.0256224,0.02881535,0.03574955,0.05041015,0.1015891,0.0178562,0.02316585,0.0296796,0.0444431,0.0953412,0.0057135,0.00524495,0.00597165,0.00644115,0.0075768,0,05_resultados\revisao_operacional\campanha_v1\j01440.mat,campanha_v1,,,,,2,1.0869375691571643,,,139
j01441,montecarlo,perda_fonte,mpc_qp_estocastico_3cen,{},350.000359856361,350.000359856361,1,14.583333587391854,14.58333358739185,150,150,150,150,44.66096233389142,44.66096233389142,60,72.86042891401561,2599.0386510379635,0,0.25,0.07286042891401562,500,150,54.155297022206206,7.105427357601002e-15,0,0,0,0.0011974209351137688,666566.4042708572,9686285222630616.0,0.0490887,0.0592602,0.07988419999999999,0.10703805,0.1538412,0.0328573,0.0461649,0.0665269,0.09431165,0.1410253,0.0130072,0.01242965,0.0137392,0.015278199999999999,0.0183733,0,05_resultados\revisao_operacional\evento_adiantado_corrigido_v1\j01441.mat,evento_adiantado_corrigido_v1,,,,,2,1.0869375691571643,,,139
j01442,montecarlo,perda_fonte,heuristico,{},592.6122638850534,592.6122638850534,1,14.754610453615202,14.754610453615202,150,150,150,150,57.93978528855198,56.5039066455025,60,24.16369944991276,850,0,0,0.02416369944991276,500,150,60,nan,0,nan,nan,nan,nan,nan,3.75e-05,8.2e-06,1.05e-05,1.1799999999999999e-05,4.87e-05,nan,nan,nan,nan,nan,nan,nan,nan,nan,nan,0,05_resultados\revisao_operacional\campanha_v1\j01442.mat,campanha_v1,,,,,9,0.9472421325131866,,,140
j01443,montecarlo,perda_fonte,heuristico_foresight,{},435.2496593255132,435.2496593255132,1,14.643517084642799,14.643517084642799,150,150,150,150,57.51585356941604,56.10565159643527,60,25.92027056419938,850,0,0,0.02592027056419938,500,150,59.8440508457096,nan,0,nan,nan,nan,nan,nan,4.54e-05,9.6e-06,1.11e-05,1.73e-05,4.54e-05,nan,nan,nan,nan,nan,nan,nan,nan,nan,nan,0,05_resultados\revisao_operacional\campanha_v1\j01443.mat,campanha_v1,,,,,9,0.9472421325131866,,,140
j01444,montecarlo,perda_fonte,miope_qp,{},592.6116232891053,592.6116232891053,1,14.754610001373313,14.75461000137331,150,150,150,150,57.9147667951044,56.47501255161039,60,24.32134429297718,1150.0008251042025,0,0,0.02432134429297718,500,150,59.99996967342122,nan,0,nan,nan,nan,nan,nan,0.0012169,0.00062565,0.0009502499999999999,0.0011990500000000001,0.0013393,0.0010792,0.0005562,0.00084125,0.0010695499999999998,0.0012142,nan,nan,nan,nan,nan,0,05_resultados\revisao_operacional\campanha_v1\j01444.mat,campanha_v1,,,,,9,0.9472421325131866,,,140
j01445,montecarlo,perda_fonte,mpc_qp_v5,{},361.66343918103917,361.66343918103917,1,14.594126038340415,14.591567378257864,150,150,150,150,57.223702281784384,55.8499941371523,60.01704606390824,27.113255644408387,1853.7379512018788,0,1.8333333333333333,0.027113255644408387,500,150,59.67636306608735,0.11709606238341053,853,0,0,0.0020032278746953125,333283.200808402,4015243775612013.0,0.0252643,0.02502045,0.03744355,0.046752600000000005,0.0582522,0.0161926,0.0191236,0.02997095,0.0387537,0.0474945,0.0064788,0.0057099,0.00683015,0.008852200000000001,0.0232926,0,05_resultados\revisao_operacional\campanha_v1\j01445.mat,campanha_v1,,,,,9,0.9472421325131866,,,140
j01446,montecarlo,perda_fonte,mpc_qp_estocastico_3cen,{},350.06501149395456,350.06501149395456,1,14.583379229545518,14.583379229545514,150,150,150,150,52.35078312009572,52.35078312009572,60,36.33378017954547,2089.1437984962417,0,0.16666666666666669,0.03633378017954547,500,150,57.81068641371745,0.12288443973553598,58,0,0,0.0013520962786515156,666566.4042708572,8858386386927326.0,0.0491918,0.053586800000000004,0.08243049999999999,0.11371605,0.3185598,0.0335244,0.04075505,0.06910645,0.10047625,0.3052041,0.0125772,0.0124509,0.0141022,0.015967250000000002,0.0184972,0,05_resultados\revisao_operacional\evento_adiantado_corrigido_v1\j01446.mat,evento_adiantado_corrigido_v1,,,,,9,0.9472421325131866,,,140
j01447,montecarlo,perda_fonte,heuristico,{},592.6122638850534,592.6122638850534,1,14.754610453615202,14.754610453615202,150,150,150,150,57.93978528855198,56.5039066455025,60,24.16369944991276,850,0,0,0.02416369944991276,500,150,60,nan,0,nan,nan,nan,nan,nan,3.8e-05,8.1e-06,9.3e-06,1.02e-05,3.8e-05,nan,nan,nan,nan,nan,nan,nan,nan,nan,nan,0,05_resultados\revisao_operacional\campanha_v1\j01447.mat,campanha_v1,,,,,8,0.9261443881432944,,,141
j01448,montecarlo,perda_fonte,heuristico_foresight,{},427.16266208870786,427.16266208870786,1,14.637807902525346,14.637807902525346,150,150,150,150,57.52473027506906,56.11188941319941,60,25.90452982345864,850,0,0,0.025904529823458637,500,150,59.8280987826856,nan,0,nan,nan,nan,nan,nan,4.67e-05,9.4e-06,1.08e-05,2.085e-05,4.67e-05,nan,nan,nan,nan,nan,nan,nan,nan,nan,nan,0,05_resultados\revisao_operacional\campanha_v1\j01448.mat,campanha_v1,,,,,8,0.9261443881432944,,,141
j01449,montecarlo,perda_fonte,miope_qp,{},592.6116232891053,592.6116232891053,1,14.754610001373313,14.75461000137331,150,150,150,150,57.9147667951044,56.47501255161039,60,24.32134429297718,1150.0008251042025,0,0,0.02432134429297718,500,150,59.99996967342122,nan,0,nan,nan,nan,nan,nan,0.0012939,0.000618,0.0007404,0.0008738999999999999,0.0012939,0.0011461,0.0005485500000000001,0.0006573,0.000778,0.0011461,nan,nan,nan,nan,nan,0,05_resultados\revisao_operacional\campanha_v1\j01449.mat,campanha_v1,,,,,8,0.9261443881432944,,,141
j01450,montecarlo,perda_fonte,mpc_qp_v5,{},357.2162612581368,357.2162612581368,1,14.591218052988625,14.588427801483787,150,150,150,150,57.185993628721036,55.80957845366377,60.02431941279123,27.39230686032178,1898.9089730860155,0,1.5833333333333335,0.02739230686032178,500,150,59.613211229124786,0.11707198139307451,853,0,0,0.011908178006251546,333283.200808402,4015243775612013.0,0.0216092,0.02492395,0.0346612,0.042948799999999995,0.0638854,0.0148246,0.01927655,0.02802695,0.0369735,0.0526166,0.0047802,0.00520895,0.0061313,0.0077266,0.0235239,0,05_resultados\revisao_operacional\campanha_v1\j01450.mat,campanha_v1,,,,,8,0.9261443881432944,,,141
j01451,montecarlo,perda_fonte,mpc_qp_estocastico_3cen,{},350.01032399839403,350.01032399839403,1,14.583340621785277,14.583340621785274,150,150,150,150,53.44021137635925,53.44021137635925,60,31.158995962294078,1557.6289458485107,0,0.08333333333333334,0.03115899596229408,500,150,58.28995182223881,0.12284080736289127,58,0,0,8.432613753939222e-06,666566.4042708572,8858386386927326.0,0.0499641,0.053381,0.0779842,0.10825415,0.1593226,0.034176,0.0404699,0.0653894,0.0948011,0.1451959,0.0127896,0.012432249999999999,0.01396895,0.01527355,0.0172192,0,05_resultados\revisao_operacional\evento_adiantado_corrigido_v1\j01451.mat,evento_adiantado_corrigido_v1,,,,,8,0.9261443881432944,,,141
j01452,montecarlo,perda_fonte,heuristico,{},592.6122638850534,592.6122638850534,1,14.754610453615202,14.754610453615202,150,150,150,150,57.93978528855198,56.5039066455025,60,24.16369944991276,850,0,0,0.02416369944991276,500,150,60,nan,0,nan,nan,nan,nan,nan,3.82e-05,8e-06,9.2e-06,1.06e-05,4.24e-05,nan,nan,nan,nan,nan,nan,nan,nan,nan,nan,0,05_resultados\revisao_operacional\campanha_v1\j01452.mat,campanha_v1,,,,,-8,0.8926201414527263,,,142
j01453,montecarlo,perda_fonte,heuristico_foresight,{},350.22832599190326,350.22832599190326,1,14.583494524765921,14.583494524765921,150,150,150,150,57.35450854017627,55.92319545608439,60,26.89804834197716,850,0,0,0.02689804834197716,500,150,59.48709653082988,nan,0,nan,nan,nan,nan,nan,4.09e-05,9.1e-06,1.02e-05,1.535e-05,4.09e-05,nan,nan,nan,nan,nan,nan,nan,nan,nan,nan,0,05_resultados\revisao_operacional\campanha_v1\j01453.mat,campanha_v1,,,,,-8,0.8926201414527263,,,142
j01454,montecarlo,perda_fonte,miope_qp,{},592.6116232891053,592.6116232891053,1,14.754610001373313,14.75461000137331,150,150,150,150,57.9147667951044,56.47501255161039,60,24.32134429297718,1150.0008251042025,0,0,0.02432134429297718,500,150,59.99996967342122,nan,0,nan,nan,nan,nan,nan,0.0013012,0.0006213,0.0007678,0.00099095,0.0013012,0.0011585,0.0005528,0.00067445,0.0009,0.0011585,nan,nan,nan,nan,nan,0,05_resultados\revisao_operacional\campanha_v1\j01454.mat,campanha_v1,,,,,-8,0.8926201414527263,,,142
j01455,montecarlo,perda_fonte,mpc_qp_v5,{},350.00047483952585,350.00047483952585,1,14.586973794290975,14.583333668567429,150,150,150,150,56.86282615392735,55.467743370084165,60.033959578048915,29.210802576738043,1716.5197067515453,0,0.8333333333333334,0.029210802576738044,500,150,59.108723404714176,0.11703527042200079,853,0,0,0.004198778621457677,333283.200808402,4015243775612013.0,0.0237644,0.02407865,0.0337474,0.04070745,0.0493688,0.0154723,0.01857135,0.02814825,0.0352674,0.0428204,0.0057762,0.00519735,0.0060374,0.00679585,0.0084556,0,05_resultados\revisao_operacional\campanha_v1\j01455.mat,campanha_v1,,,,,-8,0.8926201414527263,,,142
j01456,montecarlo,perda_fonte,mpc_qp_estocastico_3cen,{},350.00000427630783,350.00000427630783,1,14.58333333638849,14.583333336388488,150,150,150,150,55.02302731824955,55.02302731824955,60,23.64062023831699,1454.5380552396268,0,0.08333333333333334,0.023640620238316992,500,150,58.77615136892504,7.105427357601002e-15,0,0,0,0.0019897981779308793,666566.4042708572,8858386386927326.0,0.0522467,0.05533995,0.07241985000000001,0.10625609999999999,0.150802,0.0373587,0.042539099999999996,0.0597621,0.0928163,0.13815,0.0120718,0.01238355,0.01315345,0.0137215,0.0152837,0,05_resultados\revisao_operacional\evento_adiantado_corrigido_v1\j01456.mat,evento_adiantado_corrigido_v1,,,,,-8,0.8926201414527263,,,142
j01457,montecarlo,perda_fonte,heuristico,{},592.6122638850534,592.6122638850534,1,14.754610453615202,14.754610453615202,150,150,150,150,57.93978528855198,56.5039066455025,60,24.16369944991276,850,0,0,0.02416369944991276,500,150,60,nan,0,nan,nan,nan,nan,nan,4.07e-05,8.4e-06,9.950000000000001e-06,1.6e-05,4.07e-05,nan,nan,nan,nan,nan,nan,nan,nan,nan,nan,0,05_resultados\revisao_operacional\campanha_v1\j01457.mat,campanha_v1,,,,,5,1.126744349996274,,,143
j01458,montecarlo,perda_fonte,heuristico_foresight,{},565.2830462071183,565.2830462071183,1,14.735316830001638,14.735316830001636,150,150,150,150,53.6455271621594,53.6455271621594,60,30.183745979741047,754.9417375027946,0,0,0.030183745979741047,500,150,58.68656876002358,nan,0,nan,nan,nan,nan,nan,4.43e-05,8.8e-06,9.9e-06,1.8549999999999997e-05,4.43e-05,nan,nan,nan,nan,nan,nan,nan,nan,nan,nan,0,05_resultados\revisao_operacional\campanha_v1\j01458.mat,campanha_v1,,,,,5,1.126744349996274,,,143
j01459,montecarlo,perda_fonte,miope_qp,{},592.6116232891053,592.6116232891053,1,14.754610001373313,14.75461000137331,150,150,150,150,57.9147667951044,56.47501255161039,60,24.32134429297718,1150.0008251042025,0,0,0.02432134429297718,500,150,59.99996967342122,nan,0,nan,nan,nan,nan,nan,0.0013436,0.00063,0.0010054,0.0014486999999999998,0.0029351,0.0011962,0.0005578,0.00087975,0.0012506,0.0026718,nan,nan,nan,nan,nan,0,05_resultados\revisao_operacional\campanha_v1\j01459.mat,campanha_v1,,,,,5,1.126744349996274,,,143
j01460,montecarlo,perda_fonte,mpc_qp_v5,{},350.9922124737449,350.9922124737449,1,14.584033806154805,14.584033806154803,150,150,150,150,52.34719986298066,52.34719986298066,60,36.35080065084178,1324.1158350141106,0,2.25,0.03635080065084178,500,150,58.19479501955005,7.105427357601002e-15,0,0,0,0.0003758141465937115,333283.2021354289,4843142611315303.0,0.02755,0.03156885,0.038682949999999994,0.049146300000000004,0.0599886,0.0188901,0.0259712,0.0316162,0.0427624,0.0478513,0.0056597,0.005461499999999999,0.00651435,0.0080649,0.0184794,0,05_resultados\revisao_operacional\campanha_v1\j01460.mat,campanha_v1,,,,,5,1.126744349996274,,,143
j01461,montecarlo,perda_fonte,mpc_qp_estocastico_3cen,{},350.0017995598779,350.0017995598779,1,14.583334603784287,14.583334603784287,150,150,150,150,42.682315389419216,42.682315389419216,60,82.25900190025887,3136.209757964538,0,0.5833333333333334,0.08225900190025887,500,150,53.304903405595645,7.105427357601002e-15,0,0,0,6.400338406820083e-06,666566.4042708572,9686285222630616.0,0.0519215,0.0633716,0.07810655,0.11269255,0.174041,0.0363662,0.0505232,0.0649142,0.1000867,0.1609259,0.0126007,0.0124243,0.013249150000000001,0.0139428,0.0172685,0,05_resultados\revisao_operacional\evento_adiantado_corrigido_v1\j01461.mat,evento_adiantado_corrigido_v1,,,,,5,1.126744349996274,,,143
j01462,montecarlo,perda_fonte,heuristico,{},592.6122638850534,592.6122638850534,1,14.754610453615202,14.754610453615202,150,150,150,150,57.93978528855198,56.5039066455025,60,24.16369944991276,850,0,0,0.02416369944991276,500,150,60,nan,0,nan,nan,nan,nan,nan,3.95e-05,8.4e-06,1.6349999999999998e-05,3.95e-05,8.96e-05,nan,nan,nan,nan,nan,nan,nan,nan,nan,nan,0,05_resultados\revisao_operacional\campanha_v1\j01462.mat,campanha_v1,,,,,2,0.919897242575378,,,144
j01463,montecarlo,perda_fonte,heuristico_foresight,{},378.6403238930874,378.6403238930874,1,14.603552559360063,14.603552559360063,150,150,150,150,57.56161623998138,56.132942044778396,60,25.887863156791976,850,0,0,0.025887863156791976,500,150,59.71601218826426,nan,0,nan,nan,nan,nan,nan,4.56e-05,9.1e-06,1.05e-05,1.74e-05,4.56e-05,nan,nan,nan,nan,nan,nan,nan,nan,nan,nan,0,05_resultados\revisao_operacional\campanha_v1\j01463.mat,campanha_v1,,,,,2,0.919897242575378,,,144
j01464,montecarlo,perda_fonte,miope_qp,{},592.6116232891053,592.6116232891053,1,14.754610001373313,14.75461000137331,150,150,150,150,57.9147667951044,56.47501255161039,60,24.32134429297718,1150.0008251042025,0,0,0.02432134429297718,500,150,59.99996967342122,nan,0,nan,nan,nan,nan,nan,0.0013696,0.000623,0.00081265,0.0010801,0.0015601,0.0011646,0.0005534,0.0007150500000000001,0.00094745,0.0014151,nan,nan,nan,nan,nan,0,05_resultados\revisao_operacional\campanha_v1\j01464.mat,campanha_v1,,,,,2,0.919897242575378,,,144
j01465,montecarlo,perda_fonte,mpc_qp_v5,{},350.36806418203696,350.36806418203696,1,14.586591058211242,14.583593175830257,150,150,150,150,57.14790058650357,55.75560397158424,60.02593258189763,27.748425092762425,1718.4022036390318,0,1.5833333333333335,0.027748425092762423,500,150,59.41990210757041,0.11706527874351025,853,0,0,0.004681479782789211,333283.200808402,4015243775612013.0,0.0233219,0.02484745,0.0351984,0.041227650000000005,0.0996502,0.0148732,0.01920035,0.02874545,0.034879400000000005,0.0936481,0.0058683,0.00533525,0.0062921999999999995,0.00704035,0.0191891,0,05_resultados\revisao_operacional\campanha_v1\j01465.mat,campanha_v1,,,,,2,0.919897242575378,,,144
j01466,montecarlo,perda_fonte,mpc_qp_estocastico_3cen,{},350.0000338110174,350.0000338110174,1,14.583333357215785,14.583333357215784,150,150,150,150,53.65728702537994,53.65728702537994,60,30.12788662944606,809.85183194035,0,0,0.03012788662944606,500,150,58.20206221774949,7.105427357601002e-15,0,0,0,1.7053025658242404e-12,666566.4042708572,8858386386927326.0,0.0490531,0.054287550000000004,0.0672004,0.10606085,0.1130106,0.0336803,0.0412579,0.0531315,0.09328639999999999,0.1001741,0.01213,0.01246175,0.01455705,0.016219749999999998,0.0205658,0,05_resultados\revisao_operacional\evento_adiantado_corrigido_v1\j01466.mat,evento_adiantado_corrigido_v1,,,,,2,0.919897242575378,,,144
j01467,montecarlo,perda_fonte,heuristico,{},592.6122638850534,592.6122638850534,1,14.754610453615202,14.754610453615202,150,150,150,150,57.93978528855198,56.5039066455025,60,24.16369944991276,850,0,0,0.02416369944991276,500,150,60,nan,0,nan,nan,nan,nan,nan,3.57e-05,8.1e-06,9.9e-06,1.14e-05,5.15e-05,nan,nan,nan,nan,nan,nan,nan,nan,nan,nan,0,05_resultados\revisao_operacional\campanha_v1\j01467.mat,campanha_v1,,,,,-3,0.8410943366836002,,,145
j01468,montecarlo,perda_fonte,heuristico_foresight,{},352.7815800174326,352.7815800174326,1,14.585297046987337,14.585297046987337,150,150,150,150,57.47146760450376,56.04015452041188,60,26.342492786421605,850,0,0,0.026342492786421604,500,150,59.603676116794965,nan,0,nan,nan,nan,nan,nan,4.68e-05,8.9e-06,1.05e-05,1.4299999999999999e-05,4.68e-05,nan,nan,nan,nan,nan,nan,nan,nan,nan,nan,0,05_resultados\revisao_operacional\campanha_v1\j01468.mat,campanha_v1,,,,,-3,0.8410943366836002,,,145
j01469,montecarlo,perda_fonte,miope_qp,{},592.6116232891053,592.6116232891053,1,14.754610001373313,14.75461000137331,150,150,150,150,57.9147667951044,56.47501255161039,60,24.32134429297718,1150.0008251042025,0,0,0.02432134429297718,500,150,59.99996967342122,nan,0,nan,nan,nan,nan,nan,0.0012869,0.00060925,0.00073105,0.00088795,0.0012869,0.0011392,0.00054195,0.0006428,0.00078655,0.0011392,nan,nan,nan,nan,nan,0,05_resultados\revisao_operacional\campanha_v1\j01469.mat,campanha_v1,,,,,-3,0.8410943366836002,,,145
j01470,montecarlo,perda_fonte,mpc_qp_v5,{},350.0220757213147,350.0220757213147,1,14.587789302809787,14.583348918158638,150,150,150,150,57.03111153497637,55.63582231844438,60.05180549880026,28.592208082124337,1844.365902928582,0,1,0.028592208082124336,500,150,59.276786239069715,0.11697637457081811,852,0,0,0.006883931418485645,333283.200808402,4015243775612013.0,0.0231523,0.0242903,0.0364395,0.04373425,0.1028485,0.01506,0.018714599999999998,0.03014035,0.0370626,0.0972689,0.0057664,0.00525445,0.0060399,0.0070158500000000006,0.0152658,0,05_resultados\revisao_operacional\campanha_v1\j01470.mat,campanha_v1,,,,,-3,0.8410943366836002,,,145
j01471,montecarlo,perda_fonte,mpc_qp_estocastico_3cen,{},350.0000648345456,350.0000648345456,1,14.583333379129341,14.58333337912934,150,150,150,150,56.58007047876207,55.37204979257935,60.03306914034394,28.671893620442674,1511.5640426292512,0,0.08333333333333334,0.028671893620442673,500,150,59.01424414313046,0.11704000761440625,899,0,0,1.0345502232667059e-11,666566.4016168036,8030487551224027.0,0.041642,0.051474400000000003,0.06811755,0.10254574999999999,0.2978037,0.0266963,0.039164649999999995,0.054567149999999995,0.08975074999999999,0.2850726,0.0123162,0.0121892,0.0137879,0.0157147,0.0182981,0,05_resultados\revisao_operacional\evento_adiantado_corrigido_v1\j01471.mat,evento_adiantado_corrigido_v1,,,,,-3,0.8410943366836002,,,145
j01472,montecarlo,perda_fonte,heuristico,{},592.6122638850534,592.6122638850534,1,14.754610453615202,14.754610453615202,150,150,150,150,57.93978528855198,56.5039066455025,60,24.16369944991276,850,0,0,0.02416369944991276,500,150,60,nan,0,nan,nan,nan,nan,nan,3.94e-05,8.1e-06,9.2e-06,1.045e-05,3.94e-05,nan,nan,nan,nan,nan,nan,nan,nan,nan,nan,0,05_resultados\revisao_operacional\campanha_v1\j01472.mat,campanha_v1,,,,,2,1.0149432449332452,,,146
j01473,montecarlo,perda_fonte,heuristico_foresight,{},378.6403238930874,378.6403238930874,1,14.603552559360063,14.603552559360063,150,150,150,150,57.56161623998138,56.132942044778396,60,25.887863156791976,850,0,0,0.025887863156791976,500,150,59.71601218826426,nan,0,nan,nan,nan,nan,nan,4.87e-05,9.2e-06,1.02e-05,1.315e-05,4.87e-05,nan,nan,nan,nan,nan,nan,nan,nan,nan,nan,0,05_resultados\revisao_operacional\campanha_v1\j01473.mat,campanha_v1,,,,,2,1.0149432449332452,,,146
j01474,montecarlo,perda_fonte,miope_qp,{},592.6116232891053,592.6116232891053,1,14.754610001373313,14.75461000137331,150,150,150,150,57.9147667951044,56.47501255161039,60,24.32134429297718,1150.0008251042025,0,0,0.02432134429297718,500,150,59.99996967342122,nan,0,nan,nan,nan,nan,nan,0.0012801,0.00061955,0.0007448,0.0009108,0.0012801,0.0011369,0.00055125,0.00066475,0.000814,0.0011369,nan,nan,nan,nan,nan,0,05_resultados\revisao_operacional\campanha_v1\j01474.mat,campanha_v1,,,,,2,1.0149432449332452,,,146
j01475,montecarlo,perda_fonte,mpc_qp_v5,{},350.3432507979249,350.3432507979249,1,14.58357565832294,14.583575658322935,150,150,150,150,56.9317998220161,55.85211519725981,60,25.385003469627886,1919.9760360124856,0,1.9166666666666665,0.025385003469627885,500,150,59.52216967798318,0.011456790569688735,824,0,1.6543612251060553e-24,0.0008107284809852899,333283.200808402,4015243775612013.0,0.0238584,0.0292185,0.03761515,0.0456103,0.0903799,0.0161246,0.02327755,0.0298498,0.037898150000000005,0.0833791,0.0056105,0.005530500000000001,0.0068086,0.0091432,0.0303601,0,05_resultados\revisao_operacional\campanha_v1\j01475.mat,campanha_v1,,,,,2,1.0149432449332452,,,146
j01476,montecarlo,perda_fonte,mpc_qp_estocastico_3cen,{},350.000672888602,350.000672888602,1,14.58333380839528,14.58333380839528,150,150,150,150,48.763459154417816,48.763459154417816,60,53.37356901651518,1968.0947685436581,0,0.16666666666666669,0.053373569016515174,500,150,56.00342891777322,0.12347893988149394,57,0,0,0.0014128282764431788,666566.4042708572,8858386386927326.0,0.0513763,0.05283445,0.0741964,0.10968710000000001,0.1464266,0.0358232,0.0400142,0.057591050000000005,0.09692855,0.1336165,0.0126523,0.0123987,0.013656100000000001,0.015189049999999999,0.0175334,0,05_resultados\revisao_operacional\evento_adiantado_corrigido_v1\j01476.mat,evento_adiantado_corrigido_v1,,,,,2,1.0149432449332452,,,146
j01477,montecarlo,perda_fonte,heuristico,{},592.6122638850534,592.6122638850534,1,14.754610453615202,14.754610453615202,150,150,150,150,57.93978528855198,56.5039066455025,60,24.16369944991276,850,0,0,0.02416369944991276,500,150,60,nan,0,nan,nan,nan,nan,nan,3.88e-05,8.2e-06,9.2e-06,9.75e-06,3.88e-05,nan,nan,nan,nan,nan,nan,nan,nan,nan,nan,0,05_resultados\revisao_operacional\campanha_v1\j01477.mat,campanha_v1,,,,,-6,1.1395521886091926,,,147
j01478,montecarlo,perda_fonte,heuristico_foresight,{},356.3250468804066,356.3250468804066,1,14.587798630338424,14.587798630338424,150,150,150,150,52.9982201702344,52.9982201702344,60,33.25845419137729,745.3358585431056,0,0,0.03325845419137729,500,150,58.295386013188995,nan,0,nan,nan,nan,nan,nan,3.98e-05,8.6e-06,9.7e-06,1.1750000000000001e-05,3.98e-05,nan,nan,nan,nan,nan,nan,nan,nan,nan,nan,0,05_resultados\revisao_operacional\campanha_v1\j01478.mat,campanha_v1,,,,,-6,1.1395521886091926,,,147
j01479,montecarlo,perda_fonte,miope_qp,{},592.6116232891053,592.6116232891053,1,14.754610001373313,14.75461000137331,150,150,150,150,57.9147667951044,56.47501255161039,60,24.32134429297718,1150.0008251042025,0,0,0.02432134429297718,500,150,59.99996967342122,nan,0,nan,nan,nan,nan,nan,0.0014222,0.00062565,0.0008289,0.0010897,0.0015943,0.0012612,0.0005568,0.0007370499999999999,0.0009828,0.0014017,nan,nan,nan,nan,nan,0,05_resultados\revisao_operacional\campanha_v1\j01479.mat,campanha_v1,,,,,-6,1.1395521886091926,,,147
j01480,montecarlo,perda_fonte,mpc_qp_v5,{},350.0165530736632,350.0165530736632,1,14.58334501933243,14.58334501933243,150,150,150,150,51.68195705015019,51.68195705015019,60,39.5107040117871,1725.5046176933283,0,2.5,0.0395107040117871,500,150,57.7370789912397,7.105427357601002e-15,0,0,0,0.0019835351754977637,333283.2021354289,4843142611315303.0,0.028071,0.0319471,0.03917955,0.04798655,0.1039648,0.0187747,0.026096,0.03203715,0.0416747,0.0973186,0.0066964,0.00549855,0.00655065,0.00862305,0.0127867,0,05_resultados\revisao_operacional\campanha_v1\j01480.mat,campanha_v1,,,,,-6,1.1395521886091926,,,147
j01481,montecarlo,perda_fonte,mpc_qp_estocastico_3cen,{},350.0000002343096,350.0000002343096,1,14.583333333513195,14.583333333513194,150,150,150,150,41.88209722069809,41.88209722069809,60,86.06003820168345,1819.2446599288876,0,0.33333333333333337,0.08606003820168345,500,150,52.81562096135135,7.105427357601002e-15,0,0,0,5.7980287238024175e-12,666566.4042708572,9686285222630616.0,0.0526139,0.0632337,0.08081445,0.11471635,0.1517054,0.0375008,0.0504827,0.06696165,0.1017998,0.1388121,0.0123294,0.0124231,0.013639450000000001,0.01513135,0.0178354,0,05_resultados\revisao_operacional\evento_adiantado_corrigido_v1\j01481.mat,evento_adiantado_corrigido_v1,,,,,-6,1.1395521886091926,,,147
j01482,montecarlo,perda_fonte,heuristico,{},592.6122638850534,592.6122638850534,1,14.754610453615202,14.754610453615202,150,150,150,150,57.93978528855198,56.5039066455025,60,24.16369944991276,850,0,0,0.02416369944991276,500,150,60,nan,0,nan,nan,nan,nan,nan,3.93e-05,8.2e-06,9.2e-06,1.02e-05,3.93e-05,nan,nan,nan,nan,nan,nan,nan,nan,nan,nan,0,05_resultados\revisao_operacional\campanha_v1\j01482.mat,campanha_v1,,,,,8,1.1627423067908793,,,148
j01483,montecarlo,perda_fonte,heuristico_foresight,{},548.9076478449142,548.9076478449142,1,14.723756280546993,14.72375628054699,150,150,150,150,51.938941844205175,51.938941844205175,60,38.290026240033086,727.9432699068406,0,0,0.03829002624003309,500,150,57.89957368283509,nan,0,nan,nan,nan,nan,nan,4.32e-05,8.7e-06,9.7e-06,1.18e-05,4.32e-05,nan,nan,nan,nan,nan,nan,nan,nan,nan,nan,0,05_resultados\revisao_operacional\campanha_v1\j01483.mat,campanha_v1,,,,,8,1.1627423067908793,,,148
j01484,montecarlo,perda_fonte,miope_qp,{},592.6116232891053,592.6116232891053,1,14.754610001373313,14.75461000137331,150,150,150,150,57.9147667951044,56.47501255161039,60,24.32134429297718,1150.0008251042025,0,0,0.02432134429297718,500,150,59.99996967342122,nan,0,nan,nan,nan,nan,nan,0.0013076,0.0006143,0.0007159,0.0008489999999999999,0.0013076,0.001161,0.00054595,0.0006389,0.0007722499999999999,0.001161,nan,nan,nan,nan,nan,0,05_resultados\revisao_operacional\campanha_v1\j01484.mat,campanha_v1,,,,,8,1.1627423067908793,,,148
j01485,montecarlo,perda_fonte,mpc_qp_v5,{},366.6564349888084,366.6564349888084,1,14.595092286383103,14.595092286383101,150,150,150,150,50.75085398440797,50.75085398440797,60,43.93344357406152,2020.4088868128838,0,2.3333333333333335,0.04393344357406152,500,150,57.46188126858602,7.105427357601002e-15,0,0,0,0.000556050788588891,333283.2021354289,4843142611315303.0,0.0254758,0.031785999999999995,0.0379428,0.045871999999999996,0.0506151,0.0175868,0.026013050000000003,0.0318771,0.039933300000000005,0.0451107,0.0056359,0.0053445,0.0061796,0.00682285,0.0102507,0,05_resultados\revisao_operacional\campanha_v1\j01485.mat,campanha_v1,,,,,8,1.1627423067908793,,,148
j01486,montecarlo,perda_fonte,mpc_qp_estocastico_3cen,{},350.03843658501637,350.03843658501637,1,14.58336046844434,14.58336046844434,150,150,150,150,40.8885125025185,40.8885125025185,60,90.77956561303627,3776.3241946920175,0,0.75,0.09077956561303627,500,150,52.52722780578251,7.105427357601002e-15,0,0,0,0.005011801502405433,666566.4042708572,9686285222630616.0,0.0575091,0.062086749999999996,0.07901040000000001,0.12471735,0.1708476,0.039936,0.04927185,0.06639439999999999,0.11145215,0.1580505,0.0143207,0.01246165,0.0139495,0.01529575,0.0176572,0,05_resultados\revisao_operacional\evento_adiantado_corrigido_v1\j01486.mat,evento_adiantado_corrigido_v1,,,,,8,1.1627423067908793,,,148
j01487,montecarlo,perda_fonte,heuristico,{},592.6122638850534,592.6122638850534,1,14.754610453615202,14.754610453615202,150,150,150,150,57.93978528855198,56.5039066455025,60,24.16369944991276,850,0,0,0.02416369944991276,500,150,60,nan,0,nan,nan,nan,nan,nan,4.08e-05,8.1e-06,9.3e-06,1.0399999999999999e-05,4.08e-05,nan,nan,nan,nan,nan,nan,nan,nan,nan,nan,0,05_resultados\revisao_operacional\campanha_v1\j01487.mat,campanha_v1,,,,,5,0.8481746790723095,,,149
j01488,montecarlo,perda_fonte,heuristico_foresight,{},402.9015293790226,402.9015293790226,1,14.620680256631648,14.620680256631648,150,150,150,150,57.54668202945504,56.12592450091872,60,25.879529823458643,850,0,0,0.025879529823458643,500,150,59.775564251996556,nan,0,nan,nan,nan,nan,nan,4.2e-05,9e-06,1.03e-05,1.565e-05,4.2e-05,nan,nan,nan,nan,nan,nan,nan,nan,nan,nan,0,05_resultados\revisao_operacional\campanha_v1\j01488.mat,campanha_v1,,,,,5,0.8481746790723095,,,149
j01489,montecarlo,perda_fonte,miope_qp,{},592.6116232891053,592.6116232891053,1,14.754610001373313,14.75461000137331,150,150,150,150,57.9147667951044,56.47501255161039,60,24.32134429297718,1150.0008251042025,0,0,0.02432134429297718,500,150,59.99996967342122,nan,0,nan,nan,nan,nan,nan,0.0013174,0.0006179499999999999,0.00075035,0.0009143,0.0013174,0.0011692,0.00054875,0.00067345,0.000809,0.0012337,nan,nan,nan,nan,nan,0,05_resultados\revisao_operacional\campanha_v1\j01489.mat,campanha_v1,,,,,5,0.8481746790723095,,,149
j01490,montecarlo,perda_fonte,mpc_qp_v5,{},351.6952867345856,351.6952867345856,1,14.588831194633086,14.58453015590336,150,150,150,150,57.117972661262186,55.733268693883076,60.05087901051837,28.064348887688652,1807.3886854059015,0,1,0.02806434888768865,500,150,59.46752700118245,0.1169832354794309,852,0,0,0.00020705006988919195,333283.200808402,4015243775612013.0,0.0234856,0.024258349999999998,0.0368253,0.042351650000000005,0.0901803,0.015246,0.0186664,0.0309389,0.0350057,0.0840592,0.0056676,0.00522755,0.006064,0.0069619999999999994,0.0197826,0,05_resultados\revisao_operacional\campanha_v1\j01490.mat,campanha_v1,,,,,5,0.8481746790723095,,,149
j01491,montecarlo,perda_fonte,mpc_qp_estocastico_3cen,{},350.00302629864655,350.00302629864655,1,14.583335469833324,14.583335469833319,150,150,150,150,56.49829797893376,55.469731792631976,60.03143486920568,27.247042537449683,1487.7920270010459,0,0.08333333333333334,0.027247042537449685,500,150,59.20685377477349,0.11704784657731437,1073,0,0,7.617018127348274e-12,666566.4016168036,8030487551224027.0,0.0488465,0.052210099999999995,0.06922095,0.1075209,0.1829239,0.0295198,0.0397949,0.05462,0.0940349,0.1700526,0.0163678,0.01239725,0.014282949999999999,0.015318499999999999,0.0235226,0,05_resultados\revisao_operacional\evento_adiantado_corrigido_v1\j01491.mat,evento_adiantado_corrigido_v1,,,,,5,0.8481746790723095,,,149
j01492,montecarlo,perda_fonte,heuristico,{},592.6122638850534,592.6122638850534,1,14.754610453615202,14.754610453615202,150,150,150,150,57.93978528855198,56.5039066455025,60,24.16369944991276,850,0,0,0.02416369944991276,500,150,60,nan,0,nan,nan,nan,nan,nan,3.66e-05,8.2e-06,9.65e-06,1.925e-05,3.85e-05,nan,nan,nan,nan,nan,nan,nan,nan,nan,nan,0,05_resultados\revisao_operacional\campanha_v1\j01492.mat,campanha_v1,,,,,0,0.8831000033215496,,,150
j01493,montecarlo,perda_fonte,heuristico_foresight,{},362.4661767623983,362.4661767623983,1,14.59213408735375,14.59213408735375,150,150,150,150,57.54164304310025,56.110329959008375,60,26.00915945308827,850,0,0,0.02600915945308827,500,150,59.672412178472214,nan,0,nan,nan,nan,nan,nan,5.32e-05,9.7e-06,1.67e-05,2.395e-05,5.32e-05,nan,nan,nan,nan,nan,nan,nan,nan,nan,nan,0,05_resultados\revisao_operacional\campanha_v1\j01493.mat,campanha_v1,,,,,0,0.8831000033215496,,,150
j01494,montecarlo,perda_fonte,miope_qp,{},592.6116232891053,592.6116232891053,1,14.754610001373313,14.75461000137331,150,150,150,150,57.9147667951044,56.47501255161039,60,24.32134429297718,1150.0008251042025,0,0,0.02432134429297718,500,150,59.99996967342122,nan,0,nan,nan,nan,nan,nan,0.0012591,0.00062635,0.0007546,0.0008983,0.0012947,0.0011149,0.00055605,0.0006646499999999999,0.0008014,0.0011924,nan,nan,nan,nan,nan,0,05_resultados\revisao_operacional\campanha_v1\j01494.mat,campanha_v1,,,,,0,0.8831000033215496,,,150
j01495,montecarlo,perda_fonte,mpc_qp_v5,{},350.10161279702265,350.10161279702265,1,14.587214780465636,14.583405068985275,150,150,150,150,57.07369534063618,55.678570530573495,60.03817862574612,28.251840745800912,1799.8619261520669,0,0.9166666666666666,0.02825184074580091,500,150,59.319533181764726,0.11702362891021068,852,0,0,0.0026837032781372727,333283.200808402,4015243775612013.0,0.0245848,0.0246876,0.0333904,0.041118150000000006,0.103777,0.0156489,0.01898065,0.027817849999999998,0.035004999999999994,0.0978387,0.0063105,0.0053108,0.00600395,0.0065409000000000005,0.0091023,0,05_resultados\revisao_operacional\campanha_v1\j01495.mat,campanha_v1,,,,,0,0.8831000033215496,,,150
j01496,montecarlo,perda_fonte,mpc_qp_estocastico_3cen,{},350.0002352193635,350.0002352193635,1,14.58333349940152,14.58333349940152,150,150,150,150,55.60740851757942,55.42200965166479,60.01824594793463,22.903937217014533,1458.8663538301048,0,0.08333333333333334,0.022903937217014534,500,150,59.074670624319374,0.11709078676707918,1019,0,0,0.0005430238028907297,666566.4016168036,8030487551224027.0,0.0468886,0.0530092,0.0616346,0.1077349,0.176499,0.0290018,0.0404646,0.0484929,0.09491875,0.1636298,0.0149498,0.01231235,0.0136997,0.01477325,0.0155092,0,05_resultados\revisao_operacional\evento_adiantado_corrigido_v1\j01496.mat,evento_adiantado_corrigido_v1,,,,,0,0.8831000033215496,,,150
j01497,montecarlo,perda_fonte,heuristico,{},592.6122638850534,592.6122638850534,1,14.754610453615202,14.754610453615202,150,150,150,150,57.93978528855198,56.5039066455025,60,24.16369944991276,850,0,0,0.02416369944991276,500,150,60,nan,0,nan,nan,nan,nan,nan,3.98e-05,8.2e-06,9.3e-06,1.08e-05,3.98e-05,nan,nan,nan,nan,nan,nan,nan,nan,nan,nan,0,05_resultados\revisao_operacional\campanha_v1\j01497.mat,campanha_v1,,,,,-6,1.0520524482056821,,,151
j01498,montecarlo,perda_fonte,heuristico_foresight,{},350.62065439475543,350.62065439475543,1,14.583771497075437,14.583771497075437,150,150,150,150,57.401292165907265,55.96997908181539,60,26.675826119754937,850,0,0,0.02667582611975494,500,150,59.53382184660098,nan,0,nan,nan,nan,nan,nan,4.48e-05,9.1e-06,1.01e-05,1.625e-05,4.48e-05,nan,nan,nan,nan,nan,nan,nan,nan,nan,nan,0,05_resultados\revisao_operacional\campanha_v1\j01498.mat,campanha_v1,,,,,-6,1.0520524482056821,,,151
j01499,montecarlo,perda_fonte,miope_qp,{},592.6116232891053,592.6116232891053,1,14.754610001373313,14.75461000137331,150,150,150,150,57.9147667951044,56.47501255161039,60,24.32134429297718,1150.0008251042025,0,0,0.02432134429297718,500,150,59.99996967342122,nan,0,nan,nan,nan,nan,nan,0.0012859,0.0006262500000000001,0.00085515,0.0011735,0.001788,0.0011402,0.0005562,0.00076515,0.0010513,0.0016837,nan,nan,nan,nan,nan,0,05_resultados\revisao_operacional\campanha_v1\j01499.mat,campanha_v1,,,,,-6,1.0520524482056821,,,151
j01500,montecarlo,perda_fonte,mpc_qp_v5,{},350.0044808688169,350.0044808688169,1,14.58333649670408,14.583336496704076,150,150,150,150,55.998672028349084,55.68946407563021,60,22.10245591822356,1646.0971407861725,0,2.166666666666667,0.02210245591822356,500,150,59.35520670059352,0.0032002026752380175,1068,0,0,0.009702596702140909,333283.200808402,4015243775612013.0,0.0243085,0.0307561,0.039552699999999996,0.04833285,0.0852224,0.0162519,0.024596,0.0332359,0.04053455,0.0688066,0.0059099,0.00563475,0.007002700000000001,0.01068535,0.0359602,0,05_resultados\revisao_operacional\campanha_v1\j01500.mat,campanha_v1,,,,,-6,1.0520524482056821,,,151
j01501,montecarlo,perda_fonte,mpc_qp_estocastico_3cen,{},350.0000275705961,350.0000275705961,1,14.583333352819485,14.583333352819484,150,150,150,150,46.76718535514747,46.76718535514747,60,62.86011457144381,2849.408527357884,0,0.5,0.0628601145714438,500,150,55.05115950117481,0.132305075453921,296,0,0,0.08188847109840935,666566.4042708572,8858386386927326.0,0.0562478,0.053242300000000006,0.0672508,0.1113851,0.152432,0.0361644,0.040187299999999995,0.05413935,0.09836439999999999,0.1393863,0.0164602,0.012589449999999999,0.01428465,0.0153555,0.0164602,0,05_resultados\revisao_operacional\evento_adiantado_corrigido_v1\j01501.mat,evento_adiantado_corrigido_v1,,,,,-6,1.0520524482056821,,,151
j01502,montecarlo,perda_fonte,heuristico,{},592.6122638850534,592.6122638850534,1,14.754610453615202,14.754610453615202,150,150,150,150,57.93978528855198,56.5039066455025,60,24.16369944991276,850,0,0,0.02416369944991276,500,150,60,nan,0,nan,nan,nan,nan,nan,3.55e-05,8.1e-06,1.27e-05,1.92e-05,3.55e-05,nan,nan,nan,nan,nan,nan,nan,nan,nan,nan,0,05_resultados\revisao_operacional\campanha_v1\j01502.mat,campanha_v1,,,,,-7,1.183225674712718,,,152
j01503,montecarlo,perda_fonte,heuristico_foresight,{},353.47245840263355,353.47245840263355,1,14.585784786800598,14.585784786800598,150,150,150,150,50.98502289344569,50.98502289344569,60,42.82114125614242,712.5807439654616,0,0,0.04282114125614242,500,150,57.33318704278103,nan,0,nan,nan,nan,nan,nan,3.99e-05,8.7e-06,1e-05,1.485e-05,3.99e-05,nan,nan,nan,nan,nan,nan,nan,nan,nan,nan,0,05_resultados\revisao_operacional\campanha_v1\j01503.mat,campanha_v1,,,,,-7,1.183225674712718,,,152
j01504,montecarlo,perda_fonte,miope_qp,{},592.6116232891053,592.6116232891053,1,14.754610001373313,14.75461000137331,150,150,150,150,57.9147667951044,56.47501255161039,60,24.32134429297718,1150.0008251042025,0,0,0.02432134429297718,500,150,59.99996967342122,nan,0,nan,nan,nan,nan,nan,0.0014841,0.00062235,0.00078885,0.0011058,0.0015333,0.0013423,0.00055285,0.00069545,0.0009980000000000002,0.0014216,nan,nan,nan,nan,nan,0,05_resultados\revisao_operacional\campanha_v1\j01504.mat,campanha_v1,,,,,-7,1.183225674712718,,,152
j01505,montecarlo,perda_fonte,mpc_qp_v5,{},350.00292042955823,350.00292042955823,1,14.583335395078954,14.583335395078953,150,150,150,150,49.63049791051709,49.63049791051709,60,49.255134925044096,1419.9286921631385,0,2.3333333333333335,0.049255134925044096,500,150,56.67412924252583,7.105427357601002e-15,0,0,0,0.0003451158768257301,333283.2021354289,4843142611315303.0,0.0270773,0.03186585,0.03806735,0.045475299999999996,0.0531188,0.0190105,0.026093850000000002,0.031932699999999994,0.03966035,0.0474175,0.0055247,0.00533405,0.0062241,0.007363150000000001,0.0110747,0,05_resultados\revisao_operacional\campanha_v1\j01505.mat,campanha_v1,,,,,-7,1.183225674712718,,,152
j01506,montecarlo,perda_fonte,mpc_qp_estocastico_3cen,{},350.000000319341,350.000000319341,1,14.583333333572579,14.583333333572579,150,150,150,150,39.70348833423645,39.70348833423645,60,96.40843041237586,2369.605638189313,0,0.5,0.09640843041237586,500,150,51.848824549769894,7.105427357601002e-15,0,0,0,0.008007682400602789,666566.4042708572,9686285222630616.0,0.0549477,0.057120950000000004,0.07777865,0.1241695,0.1808858,0.038793,0.0442466,0.06427425,0.1109477,0.1677276,0.0128971,0.012439349999999998,0.0131905,0.01403515,0.0205942,0,05_resultados\revisao_operacional\evento_adiantado_corrigido_v1\j01506.mat,evento_adiantado_corrigido_v1,,,,,-7,1.183225674712718,,,152
j01507,montecarlo,perda_fonte,heuristico,{},592.6122638850534,592.6122638850534,1,14.754610453615202,14.754610453615202,150,150,150,150,57.93978528855198,56.5039066455025,60,24.16369944991276,850,0,0,0.02416369944991276,500,150,60,nan,0,nan,nan,nan,nan,nan,4.19e-05,8.2e-06,9.4e-06,1.59e-05,4.19e-05,nan,nan,nan,nan,nan,nan,nan,nan,nan,nan,0,05_resultados\revisao_operacional\campanha_v1\j01507.mat,campanha_v1,,,,,-4,1.0730236117627803,,,153
j01508,montecarlo,perda_fonte,heuristico_foresight,{},369.67745710206236,369.67745710206236,1,14.59722503910674,14.59722503910674,150,150,150,150,56.08333881145549,56.08333881145549,60,18.604140645595034,795.2322911779148,0,0,0.018604140645595034,500,150,59.778162083351674,nan,0,nan,nan,nan,nan,nan,4.49e-05,8.7e-06,9.6e-06,1.045e-05,4.49e-05,nan,nan,nan,nan,nan,nan,nan,nan,nan,nan,0,05_resultados\revisao_operacional\campanha_v1\j01508.mat,campanha_v1,,,,,-4,1.0730236117627803,,,153
j01509,montecarlo,perda_fonte,miope_qp,{},592.6116232891053,592.6116232891053,1,14.754610001373313,14.75461000137331,150,150,150,150,57.9147667951044,56.47501255161039,60,24.32134429297718,1150.0008251042025,0,0,0.02432134429297718,500,150,59.99996967342122,nan,0,nan,nan,nan,nan,nan,0.0012927,0.0006025,0.0007061999999999999,0.0009212000000000001,0.0013886,0.0011443,0.0005354,0.0006264,0.0008156999999999999,0.0012992,nan,nan,nan,nan,nan,0,05_resultados\revisao_operacional\campanha_v1\j01509.mat,campanha_v1,,,,,-4,1.0730236117627803,,,153
j01510,montecarlo,perda_fonte,mpc_qp_v5,{},350.05919768657986,350.05919768657986,1,14.583375125169063,14.583375125169061,150,150,150,150,54.75136304492792,54.75136304492792,60,24.93102553659325,1484.7069012188595,0,2.166666666666667,0.02493102553659325,500,150,59.3015805498321,7.105427357601002e-15,0,0,0,0.01328273034130234,333283.2021354289,4843142611315303.0,0.0315281,0.02962435,0.03999905,0.0621084,0.1073837,0.0235538,0.0237394,0.03284125,0.05093975,0.1014714,0.0053704,0.0054169000000000005,0.006528,0.0097118,0.0357148,0,05_resultados\revisao_operacional\campanha_v1\j01510.mat,campanha_v1,,,,,-4,1.0730236117627803,,,153
j01511,montecarlo,perda_fonte,mpc_qp_estocastico_3cen,{},350.00003559359925,350.00003559359925,1,14.583333358489678,14.583333358489678,150,150,150,150,45.36054681670956,45.36054681670956,60,69.53740262062963,2805.343072951298,0,0.5,0.06953740262062963,500,150,54.45947285954044,7.105427357601002e-15,0,0,0,1.318767317570746e-11,666566.4042708572,9686285222630616.0,0.0485326,0.0724773,0.0824679,0.11090445,0.1589675,0.0329805,0.0597634,0.06848675000000001,0.09789044999999999,0.1462899,0.0127972,0.01234955,0.013234300000000001,0.01461085,0.0188648,0,05_resultados\revisao_operacional\evento_adiantado_corrigido_v1\j01511.mat,evento_adiantado_corrigido_v1,,,,,-4,1.0730236117627803,,,153
j01512,montecarlo,perda_fonte,heuristico,{},592.6122638850534,592.6122638850534,1,14.754610453615202,14.754610453615202,150,150,150,150,57.93978528855198,56.5039066455025,60,24.16369944991276,850,0,0,0.02416369944991276,500,150,60,nan,0,nan,nan,nan,nan,nan,3.83e-05,8.2e-06,9.3e-06,1.2600000000000001e-05,5.06e-05,nan,nan,nan,nan,nan,nan,nan,nan,nan,nan,0,05_resultados\revisao_operacional\campanha_v1\j01512.mat,campanha_v1,,,,,-3,0.8988868491588974,,,154
j01513,montecarlo,perda_fonte,heuristico_foresight,{},352.7815800174326,352.7815800174326,1,14.585297046987337,14.585297046987337,150,150,150,150,57.47146760450376,56.04015452041188,60,26.342492786421605,850,0,0,0.026342492786421604,500,150,59.603676116794965,nan,0,nan,nan,nan,nan,nan,4.14e-05,8.9e-06,1.11e-05,1.34e-05,4.14e-05,nan,nan,nan,nan,nan,nan,nan,nan,nan,nan,0,05_resultados\revisao_operacional\campanha_v1\j01513.mat,campanha_v1,,,,,-3,0.8988868491588974,,,154
j01514,montecarlo,perda_fonte,miope_qp,{},592.6116232891053,592.6116232891053,1,14.754610001373313,14.75461000137331,150,150,150,150,57.9147667951044,56.47501255161039,60,24.32134429297718,1150.0008251042025,0,0,0.02432134429297718,500,150,59.99996967342122,nan,0,nan,nan,nan,nan,nan,0.0012684,0.000606,0.00071345,0.00086725,0.0012684,0.0011151,0.00053855,0.0006323500000000001,0.0007651,0.0011151,nan,nan,nan,nan,nan,0,05_resultados\revisao_operacional\campanha_v1\j01514.mat,campanha_v1,,,,,-3,0.8988868491588974,,,154
j01515,montecarlo,perda_fonte,mpc_qp_v5,{},350.03976377051424,350.03976377051424,1,14.586872866817817,14.583361405398282,150,150,150,150,57.02341038801874,55.62835913002036,60.03249105535922,28.43300724197916,2047.3889558359942,0,1,0.02843300724197916,500,150,59.269334927362394,0.11704185018460578,853,0,0,0.00048274301457240654,333283.200808402,4015243775612013.0,0.0224278,0.02477455,0.03628985,0.0447717,0.1044897,0.0141373,0.01908325,0.03056505,0.038319450000000005,0.0990562,0.0060261,0.0052673500000000005,0.0061049,0.0070951,0.0123024,0,05_resultados\revisao_operacional\campanha_v1\j01515.mat,campanha_v1,,,,,-3,0.8988868491588974,,,154
j01516,montecarlo,perda_fonte,mpc_qp_estocastico_3cen,{},350.0000490371643,350.0000490371643,1,14.583333367963776,14.583333367963775,150,150,150,150,54.804491327898766,54.804491327898766,60,24.678666192481703,1558.2441250235174,0,0.08333333333333334,0.024678666192481703,500,150,58.734258155898274,0.1238827563855125,58,0,0,0.0009588028273697091,666566.4042708572,8858386386927326.0,0.0544953,0.0542259,0.06254894999999999,0.10685995000000001,0.1679792,0.0374683,0.041577199999999995,0.0502644,0.09395485,0.1549846,0.0138644,0.0123401,0.0131837,0.01396765,0.0164419,0,05_resultados\revisao_operacional\evento_adiantado_corrigido_v1\j01516.mat,evento_adiantado_corrigido_v1,,,,,-3,0.8988868491588974,,,154
j01517,montecarlo,perda_fonte,heuristico,{},592.6122638850534,592.6122638850534,1,14.754610453615202,14.754610453615202,150,150,150,150,57.93978528855198,56.5039066455025,60,24.16369944991276,850,0,0,0.02416369944991276,500,150,60,nan,0,nan,nan,nan,nan,nan,3.8e-05,8.1e-06,9.9e-06,1.025e-05,4.12e-05,nan,nan,nan,nan,nan,nan,nan,nan,nan,nan,0,05_resultados\revisao_operacional\campanha_v1\j01517.mat,campanha_v1,,,,,4,1.145725944520382,,,155
j01518,montecarlo,perda_fonte,heuristico_foresight,{},556.6483569202896,556.6483569202896,1,14.729220993410797,14.729220993410797,150,150,150,150,52.79591252175957,52.79591252175957,60,34.21941552163722,740.7055416097135,0,0,0.034219415521637216,500,150,58.27158905623303,nan,0,nan,nan,nan,nan,nan,4.35e-05,8.9e-06,1.1e-05,2.1349999999999997e-05,4.35e-05,nan,nan,nan,nan,nan,nan,nan,nan,nan,nan,0,05_resultados\revisao_operacional\campanha_v1\j01518.mat,campanha_v1,,,,,4,1.145725944520382,,,155
j01519,montecarlo,perda_fonte,miope_qp,{},592.6116232891053,592.6116232891053,1,14.754610001373313,14.75461000137331,150,150,150,150,57.9147667951044,56.47501255161039,60,24.32134429297718,1150.0008251042025,0,0,0.02432134429297718,500,150,59.99996967342122,nan,0,nan,nan,nan,nan,nan,0.001283,0.0006196,0.00077895,0.0010406500000000002,0.001283,0.001136,0.0005504,0.00068315,0.0009107,0.001136,nan,nan,nan,nan,nan,0,05_resultados\revisao_operacional\campanha_v1\j01519.mat,campanha_v1,,,,,4,1.145725944520382,,,155
j01520,montecarlo,perda_fonte,mpc_qp_v5,{},351.1874942336668,351.1874942336668,1,14.584171669339916,14.584171669339915,150,150,150,150,51.511313180539936,51.511313180539936,60,40.32126239243487,1404.2598017321427,0,2.3333333333333335,0.040321262392434866,500,150,57.765312937566414,7.105427357601002e-15,0,0,0,1.8599166651256382e-10,333283.2021354289,4843142611315303.0,0.0258346,0.0316082,0.0376955,0.04637985,0.0602685,0.0181117,0.025902500000000002,0.031528299999999995,0.03962325,0.0478048,0.0053594,0.0053152500000000005,0.006261,0.0089575,0.0205067,0,05_resultados\revisao_operacional\campanha_v1\j01520.mat,campanha_v1,,,,,4,1.145725944520382,,,155
j01521,montecarlo,perda_fonte,mpc_qp_estocastico_3cen,{},350.00005592566754,350.00005592566754,1,14.583333372831534,14.583333372831532,150,150,150,150,41.63670284238797,41.63670284238797,60,87.22566149865807,1500.8521353064,0,0.33333333333333337,0.08722566149865807,500,150,52.770512946904454,7.105427357601002e-15,0,0,0,0.0079818568904102,666566.4042708572,9686285222630616.0,0.0519537,0.06575635,0.07900694999999999,0.11557385,0.1511388,0.0363982,0.05301985,0.066205,0.10251315,0.1384917,0.0123783,0.01246295,0.013332799999999999,0.014289099999999999,0.0165209,0,05_resultados\revisao_operacional\evento_adiantado_corrigido_v1\j01521.mat,evento_adiantado_corrigido_v1,,,,,4,1.145725944520382,,,155
j01522,montecarlo,perda_fonte,heuristico,{},592.6122638850534,592.6122638850534,1,14.754610453615202,14.754610453615202,150,150,150,150,57.93978528855198,56.5039066455025,60,24.16369944991276,850,0,0,0.02416369944991276,500,150,60,nan,0,nan,nan,nan,nan,nan,4.46e-05,8.75e-06,1.52e-05,2.255e-05,6.01e-05,nan,nan,nan,nan,nan,nan,nan,nan,nan,nan,0,05_resultados\revisao_operacional\campanha_v1\j01522.mat,campanha_v1,,,,,-7,0.8224851440416375,,,156
j01523,montecarlo,perda_fonte,heuristico_foresight,{},350.3764459195046,350.3764459195046,1,14.583599093076895,14.583599093076895,150,150,150,150,57.37790035304177,55.94658726894989,60,26.786937230866048,850,0,0,0.02678693723086605,500,150,59.51046632931412,nan,0,nan,nan,nan,nan,nan,5.07e-05,9.4e-06,1.17e-05,2.0150000000000002e-05,5.35e-05,nan,nan,nan,nan,nan,nan,nan,nan,nan,nan,0,05_resultados\revisao_operacional\campanha_v1\j01523.mat,campanha_v1,,,,,-7,0.8224851440416375,,,156
j01524,montecarlo,perda_fonte,miope_qp,{},592.6116232891053,592.6116232891053,1,14.754610001373313,14.75461000137331,150,150,150,150,57.9147667951044,56.47501255161039,60,24.32134429297718,1150.0008251042025,0,0,0.02432134429297718,500,150,59.99996967342122,nan,0,nan,nan,nan,nan,nan,0.0013113,0.0006269,0.0008111500000000001,0.00095345,0.0013113,0.0011587,0.0005564,0.0007172000000000001,0.00086025,0.0011824,nan,nan,nan,nan,nan,0,05_resultados\revisao_operacional\campanha_v1\j01524.mat,campanha_v1,,,,,-7,0.8224851440416375,,,156
j01525,montecarlo,perda_fonte,mpc_qp_v5,{},350.0013247419182,350.0013247419182,1,14.588052952834156,14.583334268574148,150,150,150,150,56.90704152038614,55.511681681737855,60.05718435913309,29.236107179634082,1846.2207734310687,0,0.5833333333333334,0.029236107179634083,500,150,59.152643992743336,0.11695598809404117,852,0,4.1359030627651384e-25,0.0033612578790211955,333283.200808402,4015243775612013.0,0.0250121,0.024658600000000003,0.0343559,0.04208175,0.0987618,0.015374,0.0187986,0.028728700000000003,0.036194500000000004,0.0927877,0.0068151,0.00551515,0.00627955,0.00694705,0.0105472,0,05_resultados\revisao_operacional\campanha_v1\j01525.mat,campanha_v1,,,,,-7,0.8224851440416375,,,156
j01526,montecarlo,perda_fonte,mpc_qp_estocastico_3cen,{},350.0000105190216,350.0000105190216,1,14.587891918810625,14.583333340791432,150,150,150,150,56.67513022532947,55.27985162229807,60.039127059496415,30.15606181367935,1535.7610939248218,0,0.08333333333333334,0.03015606181367935,500,150,58.92082783276165,0.11701799305775751,852,0,0,0.0002617588561406592,666566.4016168036,8030487551224027.0,0.04249,0.0472847,0.06239215,0.1021702,0.3167555,0.0274995,0.03485365,0.04997935,0.08910715,0.3041113,0.0124416,0.01214985,0.012900499999999999,0.01382025,0.0170481,0,05_resultados\revisao_operacional\evento_adiantado_corrigido_v1\j01526.mat,evento_adiantado_corrigido_v1,,,,,-7,0.8224851440416375,,,156
j01527,montecarlo,perda_fonte,heuristico,{},592.6122638850534,592.6122638850534,1,14.754610453615202,14.754610453615202,150,150,150,150,57.93978528855198,56.5039066455025,60,24.16369944991276,850,0,0,0.02416369944991276,500,150,60,nan,0,nan,nan,nan,nan,nan,3.92e-05,8.1e-06,9.3e-06,1.24e-05,3.98e-05,nan,nan,nan,nan,nan,nan,nan,nan,nan,nan,0,05_resultados\revisao_operacional\campanha_v1\j01527.mat,campanha_v1,,,,,-2,1.181296648691799,,,157
j01528,montecarlo,perda_fonte,heuristico_foresight,{},392.49900248106076,392.49900248106076,1,14.613336378699817,14.613336378699817,150,150,150,150,51.164873256955886,51.164873256955886,60,41.966852029445924,714.0275134811507,0,0,0.041966852029445924,500,150,57.460833968994436,nan,0,nan,nan,nan,nan,nan,4.52e-05,8.9e-06,9.9e-06,1.165e-05,4.52e-05,nan,nan,nan,nan,nan,nan,nan,nan,nan,nan,0,05_resultados\revisao_operacional\campanha_v1\j01528.mat,campanha_v1,,,,,-2,1.181296648691799,,,157
j01529,montecarlo,perda_fonte,miope_qp,{},592.6116232891053,592.6116232891053,1,14.754610001373313,14.75461000137331,150,150,150,150,57.9147667951044,56.47501255161039,60,24.32134429297718,1150.0008251042025,0,0,0.02432134429297718,500,150,59.99996967342122,nan,0,nan,nan,nan,nan,nan,0.0013366,0.0006233,0.0008009499999999999,0.0010354000000000001,0.0015701,0.0011746,0.00055295,0.0007069,0.0009285000000000001,0.001404,nan,nan,nan,nan,nan,0,05_resultados\revisao_operacional\campanha_v1\j01529.mat,campanha_v1,,,,,-2,1.181296648691799,,,157
j01530,montecarlo,perda_fonte,mpc_qp_v5,{},350.05229483276025,350.05229483276025,1,14.583370251952452,14.58337025195245,150,150,150,150,49.86047327489881,49.86047327489881,60,48.162751944230735,1377.965060118956,0,2.666666666666667,0.04816275194423073,500,150,56.86071685946374,7.105427357601002e-15,0,0,0,0.0023579146023848807,333283.2021354289,4843142611315303.0,0.0272982,0.0321901,0.039926500000000004,0.051705249999999994,0.0585725,0.0188865,0.026286700000000003,0.03278125,0.04428395,0.0518287,0.0055189,0.0055747,0.00650395,0.00813565,0.0144325,0,05_resultados\revisao_operacional\campanha_v1\j01530.mat,campanha_v1,,,,,-2,1.181296648691799,,,157
j01531,montecarlo,perda_fonte,mpc_qp_estocastico_3cen,{},350.0000005213338,350.0000005213338,1,14.583333333715068,14.583333333715068,150,150,150,150,39.796777107337725,39.796777107337725,60,95.9653087401442,1898.0065221355906,0,0.33333333333333337,0.0959653087401442,500,150,51.88844935571992,7.105427357601002e-15,0,0,0,0.004427341014093145,666566.4042708572,9686285222630616.0,0.0561981,0.05736685,0.07753355,0.12493979999999999,0.1571573,0.0409744,0.044576199999999996,0.0645171,0.112266,0.1444918,0.0120663,0.0124375,0.01329115,0.0142394,0.0168119,0,05_resultados\revisao_operacional\evento_adiantado_corrigido_v1\j01531.mat,evento_adiantado_corrigido_v1,,,,,-2,1.181296648691799,,,157
j01532,montecarlo,perda_fonte,heuristico,{},592.6122638850534,592.6122638850534,1,14.754610453615202,14.754610453615202,150,150,150,150,57.93978528855198,56.5039066455025,60,24.16369944991276,850,0,0,0.02416369944991276,500,150,60,nan,0,nan,nan,nan,nan,nan,4.02e-05,8.2e-06,1e-05,1.17e-05,5.3e-05,nan,nan,nan,nan,nan,nan,nan,nan,nan,nan,0,05_resultados\revisao_operacional\campanha_v1\j01532.mat,campanha_v1,,,,,-2,1.1119769857746011,,,158
j01533,montecarlo,perda_fonte,heuristico_foresight,{},399.53504964213494,399.53504964213494,1,14.61830362098435,14.618303620984348,150,150,150,150,54.34341848608963,54.34341848608963,60,26.86876219108829,766.0172606690492,0,0,0.026868762191088292,500,150,58.97083527193062,nan,0,nan,nan,nan,nan,nan,4.33e-05,8.8e-06,1.11e-05,1.6550000000000002e-05,7.71e-05,nan,nan,nan,nan,nan,nan,nan,nan,nan,nan,0,05_resultados\revisao_operacional\campanha_v1\j01533.mat,campanha_v1,,,,,-2,1.1119769857746011,,,158
j01534,montecarlo,perda_fonte,miope_qp,{},592.6116232891053,592.6116232891053,1,14.754610001373313,14.75461000137331,150,150,150,150,57.9147667951044,56.47501255161039,60,24.32134429297718,1150.0008251042025,0,0,0.02432134429297718,500,150,59.99996967342122,nan,0,nan,nan,nan,nan,nan,0.0013008,0.0006223,0.00078645,0.00099085,0.0013008,0.0011558,0.0005533000000000001,0.0006838,0.0008909,0.0011558,nan,nan,nan,nan,nan,0,05_resultados\revisao_operacional\campanha_v1\j01534.mat,campanha_v1,,,,,-2,1.1119769857746011,,,158
j01535,montecarlo,perda_fonte,mpc_qp_v5,{},350.04342523905177,350.04342523905177,1,14.58336399029389,14.583363990293888,150,150,150,150,52.961057424531276,52.961057424531276,60,33.434977233476815,1396.7026348545874,0,2.083333333333333,0.03343497723347681,500,150,58.38647369726767,7.105427357601002e-15,0,0,0,5.1881531817343784e-06,333283.2021354289,4843142611315303.0,0.0275558,0.03095405,0.04016545,0.0518155,0.0935739,0.0191513,0.02478525,0.032510250000000004,0.04353255,0.0532992,0.0061006,0.0057488,0.006974650000000001,0.00935565,0.0567836,0,05_resultados\revisao_operacional\campanha_v1\j01535.mat,campanha_v1,,,,,-2,1.1119769857746011,,,158
j01536,montecarlo,perda_fonte,mpc_qp_estocastico_3cen,{},350.00018693719943,350.00018693719943,1,14.58333346532137,14.58333346532137,150,150,150,150,43.39338207681949,43.39338207681949,60,78.88143513510835,2872.0392275071376,0,0.5833333333333334,0.07888143513510834,500,150,53.565010647232164,7.105427357601002e-15,0,0,0,0.0036109406590867366,666566.4042708572,9686285222630616.0,0.051247,0.0645792,0.07847565000000001,0.1122998,0.1535337,0.0344295,0.05190675,0.0659779,0.09963135000000001,0.1404957,0.013569,0.0123163,0.01328065,0.01426845,0.034553,0,05_resultados\revisao_operacional\evento_adiantado_corrigido_v1\j01536.mat,evento_adiantado_corrigido_v1,,,,,-2,1.1119769857746011,,,158
j01537,montecarlo,perda_fonte,heuristico,{},592.6122638850534,592.6122638850534,1,14.754610453615202,14.754610453615202,150,150,150,150,57.93978528855198,56.5039066455025,60,24.16369944991276,850,0,0,0.02416369944991276,500,150,60,nan,0,nan,nan,nan,nan,nan,4.5e-05,8.2e-06,9.4e-06,1.08e-05,4.5e-05,nan,nan,nan,nan,nan,nan,nan,nan,nan,nan,0,05_resultados\revisao_operacional\campanha_v1\j01537.mat,campanha_v1,,,,,5,0.8380813702125665,,,159
j01538,montecarlo,perda_fonte,heuristico_foresight,{},402.9015293790226,402.9015293790226,1,14.620680256631648,14.620680256631648,150,150,150,150,57.54668202945504,56.12592450091872,60,25.879529823458643,850,0,0,0.025879529823458643,500,150,59.775564251996556,nan,0,nan,nan,nan,nan,nan,4.14e-05,9.1e-06,1.065e-05,1.6899999999999997e-05,4.14e-05,nan,nan,nan,nan,nan,nan,nan,nan,nan,nan,0,05_resultados\revisao_operacional\campanha_v1\j01538.mat,campanha_v1,,,,,5,0.8380813702125665,,,159
j01539,montecarlo,perda_fonte,miope_qp,{},592.6116232891053,592.6116232891053,1,14.754610001373313,14.75461000137331,150,150,150,150,57.9147667951044,56.47501255161039,60,24.32134429297718,1150.0008251042025,0,0,0.02432134429297718,500,150,59.99996967342122,nan,0,nan,nan,nan,nan,nan,0.0012399,0.00062225,0.0008301000000000001,0.0011434,0.0015308,0.0010907,0.0005522999999999999,0.00073445,0.0009987,0.0013932,nan,nan,nan,nan,nan,0,05_resultados\revisao_operacional\campanha_v1\j01539.mat,campanha_v1,,,,,5,0.8380813702125665,,,159
j01540,montecarlo,perda_fonte,mpc_qp_v5,{},351.2113686927621,351.2113686927621,1,14.588632868182984,14.584188524007947,150,150,150,150,57.120354539758004,55.73561395902157,60.05435044979967,28.088161649808377,1821.3605265644103,0,1,0.028088161649808378,500,150,59.469941655572754,0.11697172115450627,852,0,0,1.8639749214344192e-05,333283.200808402,4015243775612013.0,0.0237362,0.0251464,0.03731375,0.04172485,0.1010434,0.0154279,0.019309,0.0309147,0.035892099999999996,0.0948987,0.0060832,0.005404,0.006502,0.00744955,0.0098127,0,05_resultados\revisao_operacional\campanha_v1\j01540.mat,campanha_v1,,,,,5,0.8380813702125665,,,159
j01541,montecarlo,perda_fonte,mpc_qp_estocastico_3cen,{},350.00356349927506,350.00356349927506,1,14.583335849084191,14.583335849084186,150,150,150,150,56.739550892230035,55.46846054991306,60.03513739473178,28.566597839458748,1514.0645572344388,0,0.08333333333333334,0.028566597839458748,500,150,59.203665318833735,0.11703556520258473,1079,0,0,6.821210263296962e-12,666566.4016168036,8030487551224027.0,0.0418744,0.0512383,0.06757305,0.10181495,0.2969519,0.0271093,0.03884345,0.054181400000000005,0.0891444,0.2844202,0.0122672,0.01217965,0.013084450000000001,0.01362995,0.0168834,0,05_resultados\revisao_operacional\evento_adiantado_corrigido_v1\j01541.mat,evento_adiantado_corrigido_v1,,,,,5,0.8380813702125665,,,159
j01542,montecarlo,perda_fonte,heuristico,{},592.6122638850534,592.6122638850534,1,14.754610453615202,14.754610453615202,150,150,150,150,57.93978528855198,56.5039066455025,60,24.16369944991276,850,0,0,0.02416369944991276,500,150,60,nan,0,nan,nan,nan,nan,nan,3.59e-05,8.1e-06,9.2e-06,1e-05,3.59e-05,nan,nan,nan,nan,nan,nan,nan,nan,nan,nan,0,05_resultados\revisao_operacional\campanha_v1\j01542.mat,campanha_v1,,,,,0,1.1047923774661914,,,160
j01543,montecarlo,perda_fonte,heuristico_foresight,{},486.63252758118205,486.63252758118205,1,14.67979187786934,14.67979187786934,150,150,150,150,54.71629678050953,54.71629678050953,60,25.09759029259257,771.4057169003564,0,0,0.02509759029259257,500,150,59.15794149742605,nan,0,nan,nan,nan,nan,nan,4e-05,8.6e-06,1.01e-05,1.6899999999999997e-05,4e-05,nan,nan,nan,nan,nan,nan,nan,nan,nan,nan,0,05_resultados\revisao_operacional\campanha_v1\j01543.mat,campanha_v1,,,,,0,1.1047923774661914,,,160
j01544,montecarlo,perda_fonte,miope_qp,{},592.6116232891053,592.6116232891053,1,14.754610001373313,14.75461000137331,150,150,150,150,57.9147667951044,56.47501255161039,60,24.32134429297718,1150.0008251042025,0,0,0.02432134429297718,500,150,59.99996967342122,nan,0,nan,nan,nan,nan,nan,0.0012562,0.0006265,0.0008358,0.0011220499999999999,0.0015802,0.001116,0.0005569500000000001,0.0007370499999999999,0.0010213,0.0013579,nan,nan,nan,nan,nan,0,05_resultados\revisao_operacional\campanha_v1\j01544.mat,campanha_v1,,,,,0,1.1047923774661914,,,160
j01545,montecarlo,perda_fonte,mpc_qp_v5,{},350.25496375083003,350.25496375083003,1,14.58351333024684,14.583513330246836,150,150,150,150,53.3462840606446,53.3462840606446,60,31.6051507119377,1676.6563403085881,0,1.9166666666666665,0.0316051507119377,500,150,58.609129045031054,7.105427357601002e-15,0,0,0,0.012098304597088827,333283.2021354289,4843142611315303.0,0.0291819,0.0309396,0.0383077,0.05030195,0.1021528,0.0193495,0.0249881,0.031744999999999995,0.0434439,0.0965691,0.0070927,0.0055435499999999995,0.00648925,0.007976,0.0223988,0,05_resultados\revisao_operacional\campanha_v1\j01545.mat,campanha_v1,,,,,0,1.1047923774661914,,,160
j01546,montecarlo,perda_fonte,mpc_qp_estocastico_3cen,{},350.0002834826785,350.0002834826785,1,14.583333533475578,14.583333533475574,150,150,150,150,43.78642175158271,43.78642175158271,60,77.01449667998243,3191.2236309794707,0,0.5,0.07701449667998243,500,150,53.75990058080523,7.105427357601002e-15,0,0,0,0.00039732321317842434,666566.4042708572,9686285222630616.0,0.0497307,0.06482584999999999,0.0750618,0.1146359,0.2139954,0.0338989,0.052062250000000004,0.0621876,0.1003648,0.2009882,0.0127312,0.012381050000000001,0.0132379,0.01424075,0.015342,0,05_resultados\revisao_operacional\evento_adiantado_corrigido_v1\j01546.mat,evento_adiantado_corrigido_v1,,,,,0,1.1047923774661914,,,160
j01547,montecarlo,perda_fonte,heuristico,{},592.6122638850534,592.6122638850534,1,14.754610453615202,14.754610453615202,150,150,150,150,57.93978528855198,56.5039066455025,60,24.16369944991276,850,0,0,0.02416369944991276,500,150,60,nan,0,nan,nan,nan,nan,nan,4.07e-05,8.2e-06,9.55e-06,1.565e-05,4.07e-05,nan,nan,nan,nan,nan,nan,nan,nan,nan,nan,0,05_resultados\revisao_operacional\campanha_v1\j01547.mat,campanha_v1,,,,,-3,0.8909979337157085,,,161
j01548,montecarlo,perda_fonte,heuristico_foresight,{},352.7815800174326,352.7815800174326,1,14.585297046987337,14.585297046987337,150,150,150,150,57.47146760450376,56.04015452041188,60,26.342492786421605,850,0,0,0.026342492786421604,500,150,59.603676116794965,nan,0,nan,nan,nan,nan,nan,4.8e-05,9e-06,1.02e-05,1.8e-05,4.8e-05,nan,nan,nan,nan,nan,nan,nan,nan,nan,nan,0,05_resultados\revisao_operacional\campanha_v1\j01548.mat,campanha_v1,,,,,-3,0.8909979337157085,,,161
j01549,montecarlo,perda_fonte,miope_qp,{},592.6116232891053,592.6116232891053,1,14.754610001373313,14.75461000137331,150,150,150,150,57.9147667951044,56.47501255161039,60,24.32134429297718,1150.0008251042025,0,0,0.02432134429297718,500,150,59.99996967342122,nan,0,nan,nan,nan,nan,nan,0.001277,0.00061925,0.0007718,0.00103465,0.001277,0.0011316,0.0005502,0.0006811499999999999,0.0009274999999999999,0.0011316,nan,nan,nan,nan,nan,0,05_resultados\revisao_operacional\campanha_v1\j01549.mat,campanha_v1,,,,,-3,0.8909979337157085,,,161
j01550,montecarlo,perda_fonte,mpc_qp_v5,{},350.04042579996565,350.04042579996565,1,14.587026693780805,14.583361872765227,150,150,150,150,57.081936248871244,55.686847213916096,60.03512756365894,28.181787443458116,1834.4910107318851,0,1.5833333333333335,0.028181787443458117,500,150,59.32782094303267,0.11703291249531134,853,0,0,0.0017429109644808705,333283.200808402,4015243775612013.0,0.0227717,0.025570700000000002,0.0343063,0.040963150000000004,0.1088477,0.0147746,0.0197216,0.02833935,0.0350738,0.1034184,0.0054983,0.00535815,0.0063444,0.00698835,0.0098823,0,05_resultados\revisao_operacional\campanha_v1\j01550.mat,campanha_v1,,,,,-3,0.8909979337157085,,,161
j01551,montecarlo,perda_fonte,mpc_qp_estocastico_3cen,{},350.0000521593158,350.0000521593158,1,14.583333370165851,14.58333337016585,150,150,150,150,55.22514071714895,55.22514071714895,60,22.680581593542662,1453.5602639318536,0,0.08333333333333334,0.02268058159354266,500,150,58.9325959522299,7.105427357601002e-15,0,0,0,0.003103714405312985,666566.4042708572,8858386386927326.0,0.0500469,0.054938100000000004,0.069195,0.1072262,0.1528089,0.0345482,0.0421649,0.0515155,0.09425985,0.140337,0.0129011,0.01243555,0.01414235,0.0156599,0.0451926,0,05_resultados\revisao_operacional\evento_adiantado_corrigido_v1\j01551.mat,evento_adiantado_corrigido_v1,,,,,-3,0.8909979337157085,,,161
j01552,montecarlo,perda_fonte,heuristico,{},592.6122638850534,592.6122638850534,1,14.754610453615202,14.754610453615202,150,150,150,150,57.93978528855198,56.5039066455025,60,24.16369944991276,850,0,0,0.02416369944991276,500,150,60,nan,0,nan,nan,nan,nan,nan,4.25e-05,8.1e-06,9.3e-06,1.205e-05,4.25e-05,nan,nan,nan,nan,nan,nan,nan,nan,nan,nan,0,05_resultados\revisao_operacional\campanha_v1\j01552.mat,campanha_v1,,,,,-10,1.1939544630802135,,,162
j01553,montecarlo,perda_fonte,heuristico_foresight,{},350.75486469384924,350.75486469384924,1,14.583866245597928,14.583866245597928,150,150,150,150,50.44199676511537,50.44199676511537,60,45.40051536570636,704.5341526898399,0,0,0.04540051536570636,500,150,57.048647942350996,nan,0,nan,nan,nan,nan,nan,4.53e-05,8.7e-06,1.01e-05,1.59e-05,4.53e-05,nan,nan,nan,nan,nan,nan,nan,nan,nan,nan,0,05_resultados\revisao_operacional\campanha_v1\j01553.mat,campanha_v1,,,,,-10,1.1939544630802135,,,162
j01554,montecarlo,perda_fonte,miope_qp,{},592.6116232891053,592.6116232891053,1,14.754610001373313,14.75461000137331,150,150,150,150,57.9147667951044,56.47501255161039,60,24.32134429297718,1150.0008251042025,0,0,0.02432134429297718,500,150,59.99996967342122,nan,0,nan,nan,nan,nan,nan,0.0015017,0.0006179,0.00074025,0.0008665999999999999,0.0015017,0.00135,0.0005499999999999999,0.0006577499999999999,0.00078465,0.00135,nan,nan,nan,nan,nan,0,05_resultados\revisao_operacional\campanha_v1\j01554.mat,campanha_v1,,,,,-10,1.1939544630802135,,,162
j01555,montecarlo,perda_fonte,mpc_qp_v5,{},350.00214663973793,350.00214663973793,1,14.583334848810466,14.583334848810464,150,150,150,150,49.1615871499639,49.1615871499639,60,51.482461037671,1420.7264774192336,0,2.75,0.051482461037671,500,150,56.448212232113015,7.105427357601002e-15,0,0,0,0.002269030038917208,333283.2021354289,4843142611315303.0,0.0256344,0.03170135,0.037560750000000004,0.04468835,0.100537,0.0180691,0.02601115,0.031445600000000004,0.03866555,0.0942578,0.0052201,0.00528995,0.0060656,0.00687225,0.0113877,0,05_resultados\revisao_operacional\campanha_v1\j01555.mat,campanha_v1,,,,,-10,1.1939544630802135,,,162
j01556,montecarlo,perda_fonte,mpc_qp_estocastico_3cen,{},350.0000000679019,350.0000000679019,1,14.583333333393245,14.583333333393245,150,150,150,150,39.149623796660414,39.149623796660414,60,99.03928696586323,3039.4717442947667,0,0.5833333333333334,0.09903928696586323,500,150,51.5937131923608,7.105427357601002e-15,0,0,0,0.022416331718773108,666566.4042708572,9686285222630616.0,0.0531032,0.05758325,0.08072675,0.12595085,0.1902535,0.0377054,0.0447831,0.06682915,0.11333245,0.1772684,0.012031,0.012396399999999998,0.0137372,0.0152769,0.0168558,0,05_resultados\revisao_operacional\evento_adiantado_corrigido_v1\j01556.mat,evento_adiantado_corrigido_v1,,,,,-10,1.1939544630802135,,,162
j01557,montecarlo,perda_fonte,heuristico,{},592.6122638850534,592.6122638850534,1,14.754610453615202,14.754610453615202,150,150,150,150,57.93978528855198,56.5039066455025,60,24.16369944991276,850,0,0,0.02416369944991276,500,150,60,nan,0,nan,nan,nan,nan,nan,3.78e-05,8.2e-06,1.295e-05,1.66e-05,4.3e-05,nan,nan,nan,nan,nan,nan,nan,nan,nan,nan,0,05_resultados\revisao_operacional\campanha_v1\j01557.mat,campanha_v1,,,,,1,1.1422498033667146,,,163
j01558,montecarlo,perda_fonte,heuristico_foresight,{},558.2296465606807,558.2296465606807,1,14.730337337372974,14.730337337372973,150,150,150,150,53.01553585188024,53.01553585188024,60,33.17620470356011,743.3126474749641,0,0,0.03317620470356011,500,150,58.34758520210171,nan,0,nan,nan,nan,nan,nan,4.06e-05,8.8e-06,1.26e-05,1.87e-05,4.06e-05,nan,nan,nan,nan,nan,nan,nan,nan,nan,nan,0,05_resultados\revisao_operacional\campanha_v1\j01558.mat,campanha_v1,,,,,1,1.1422498033667146,,,163
j01559,montecarlo,perda_fonte,miope_qp,{},592.6116232891053,592.6116232891053,1,14.754610001373313,14.75461000137331,150,150,150,150,57.9147667951044,56.47501255161039,60,24.32134429297718,1150.0008251042025,0,0,0.02432134429297718,500,150,59.99996967342122,nan,0,nan,nan,nan,nan,nan,0.0012177,0.000613,0.00076095,0.0009646500000000001,0.0012219,0.0010813,0.0005452499999999999,0.0006669,0.0008719999999999999,0.0011393,nan,nan,nan,nan,nan,0,05_resultados\revisao_operacional\campanha_v1\j01559.mat,campanha_v1,,,,,1,1.1422498033667146,,,163
j01560,montecarlo,perda_fonte,mpc_qp_v5,{},350.6093780899432,350.6093780899432,1,14.58376353635363,14.58376353635363,150,150,150,150,51.70833831185995,51.70833831185995,60,39.385393018665106,1361.3363268209234,0,2.5833333333333335,0.03938539301866511,500,150,57.82471156779301,7.105427357601002e-15,0,0,0,0.6587427973209969,333283.2021354289,4843142611315303.0,0.0266632,0.0313835,0.03723925,0.04612895,0.0979182,0.01832,0.02554895,0.0311774,0.040199200000000004,0.0918237,0.0057997,0.0054503,0.00613415,0.0068173,0.0104524,0,05_resultados\revisao_operacional\campanha_v1\j01560.mat,campanha_v1,,,,,1,1.1422498033667146,,,163
j01561,montecarlo,perda_fonte,mpc_qp_estocastico_3cen,{},350.00002095592504,350.00002095592504,1,14.58333334814272,14.58333334814272,150,150,150,150,41.85339289094406,41.85339289094406,60,86.1963837680153,2521.0564231563567,0,0.5,0.08619638376801529,500,150,52.86157615821176,7.105427357601002e-15,0,0,0,1.261923898709938e-11,666566.4042708572,9686285222630616.0,0.053316,0.0634869,0.07720574999999999,0.1155482,0.1538524,0.0366346,0.05067325,0.06387545,0.1008297,0.1396116,0.0135197,0.012469049999999999,0.013648549999999999,0.015060549999999999,0.018153,0,05_resultados\revisao_operacional\evento_adiantado_corrigido_v1\j01561.mat,evento_adiantado_corrigido_v1,,,,,1,1.1422498033667146,,,163
j01562,montecarlo,perda_fonte,heuristico,{},592.6122638850534,592.6122638850534,1,14.754610453615202,14.754610453615202,150,150,150,150,57.93978528855198,56.5039066455025,60,24.16369944991276,850,0,0,0.02416369944991276,500,150,60,nan,0,nan,nan,nan,nan,nan,3.85e-05,8.1e-06,9.4e-06,1.5700000000000002e-05,3.85e-05,nan,nan,nan,nan,nan,nan,nan,nan,nan,nan,0,05_resultados\revisao_operacional\campanha_v1\j01562.mat,campanha_v1,,,,,-1,1.0285666317721,,,164
j01563,montecarlo,perda_fonte,heuristico_foresight,{},357.5611184157917,357.5611184157917,1,14.588671260475307,14.588671260475307,150,150,150,150,57.51825123023475,56.08693814614288,60,26.12027056419938,850.0000000000001,0,0,0.02612027056419938,500,150,59.64974938179165,nan,0,nan,nan,nan,nan,nan,4.32e-05,9.2e-06,1.16e-05,1.985e-05,6.37e-05,nan,nan,nan,nan,nan,nan,nan,nan,nan,nan,0,05_resultados\revisao_operacional\campanha_v1\j01563.mat,campanha_v1,,,,,-1,1.0285666317721,,,164
j01564,montecarlo,perda_fonte,miope_qp,{},592.6116232891053,592.6116232891053,1,14.754610001373313,14.75461000137331,150,150,150,150,57.9147667951044,56.47501255161039,60,24.32134429297718,1150.0008251042025,0,0,0.02432134429297718,500,150,59.99996967342122,nan,0,nan,nan,nan,nan,nan,0.0012462,0.0006205,0.0007679,0.00088255,0.0012646,0.001096,0.0005510000000000001,0.0006836,0.00077795,0.0011403,nan,nan,nan,nan,nan,0,05_resultados\revisao_operacional\campanha_v1\j01564.mat,campanha_v1,,,,,-1,1.0285666317721,,,164
j01565,montecarlo,perda_fonte,mpc_qp_v5,{},350.0415298722079,350.0415298722079,1,14.583362652218947,14.583362652218941,150,150,150,150,56.574202081498306,55.77691180083121,60,24.25593358114166,1607.0696050172387,0,2,0.024255933581141663,500,150,59.4296177272658,0.008329931200883323,868,0,0,0.00042066624911285544,333283.200808402,4015243775612013.0,0.0233282,0.02973425,0.03873835,0.0464065,0.0549541,0.0162144,0.023696599999999998,0.030622,0.0395114,0.0456826,0.005012,0.0057811500000000005,0.00724385,0.009826350000000001,0.0280532,0,05_resultados\revisao_operacional\campanha_v1\j01565.mat,campanha_v1,,,,,-1,1.0285666317721,,,164
j01566,montecarlo,perda_fonte,mpc_qp_estocastico_3cen,{},350.00002813287693,350.00002813287693,1,14.58333335321433,14.583333353214325,150,150,150,150,47.987827821108034,47.987827821108034,60,57.057817849736175,1570.9385444638592,0,0.16666666666666669,0.057057817849736174,500,150,55.60045827722407,0.12579231754993003,117,0,0,7.958078640513122e-13,666566.4042708572,8858386386927326.0,0.0486619,0.0529502,0.06578365,0.10700470000000001,0.1367637,0.0330632,0.03998825,0.052859500000000004,0.09429515,0.1241895,0.0125271,0.0124907,0.013907349999999999,0.01532325,0.0172036,0,05_resultados\revisao_operacional\evento_adiantado_corrigido_v1\j01566.mat,evento_adiantado_corrigido_v1,,,,,-1,1.0285666317721,,,164
j01567,montecarlo,perda_fonte,heuristico,{},592.6122638850534,592.6122638850534,1,14.754610453615202,14.754610453615202,150,150,150,150,57.93978528855198,56.5039066455025,60,24.16369944991276,850,0,0,0.02416369944991276,500,150,60,nan,0,nan,nan,nan,nan,nan,4e-05,8.2e-06,9.3e-06,1.485e-05,4e-05,nan,nan,nan,nan,nan,nan,nan,nan,nan,nan,0,05_resultados\revisao_operacional\campanha_v1\j01567.mat,campanha_v1,,,,,6,1.117226492595945,,,165
j01568,montecarlo,perda_fonte,heuristico_foresight,{},569.6127004531726,569.6127004531726,1,14.73837343851435,14.73837343851435,150,150,150,150,54.06036196972461,54.06036196972461,60,28.21328064380812,762.0801305530413,0,0,0.028213280643808118,500,150,58.894650206484435,nan,0,nan,nan,nan,nan,nan,4.97e-05,9.1e-06,1.0549999999999999e-05,1.91e-05,4.97e-05,nan,nan,nan,nan,nan,nan,nan,nan,nan,nan,0,05_resultados\revisao_operacional\campanha_v1\j01568.mat,campanha_v1,,,,,6,1.117226492595945,,,165
j01569,montecarlo,perda_fonte,miope_qp,{},592.6116232891053,592.6116232891053,1,14.754610001373313,14.75461000137331,150,150,150,150,57.9147667951044,56.47501255161039,60,24.32134429297718,1150.0008251042025,0,0,0.02432134429297718,500,150,59.99996967342122,nan,0,nan,nan,nan,nan,nan,0.0013187,0.0006175,0.00074325,0.0009431999999999999,0.0013187,0.0011679,0.0005486,0.0006509,0.0008198000000000001,0.0011679,nan,nan,nan,nan,nan,0,05_resultados\revisao_operacional\campanha_v1\j01569.mat,campanha_v1,,,,,6,1.117226492595945,,,165
j01570,montecarlo,perda_fonte,mpc_qp_v5,{},357.8571601352722,357.8571601352722,1,14.588880257231658,14.588880257231652,150,150,150,150,52.92528807821225,52.92528807821225,60,33.604881628491654,1642.906694092939,0,2.5833333333333335,0.03360488162849165,500,150,58.57575047810277,7.105427357601002e-15,0,0,0,0.03333584872609663,333283.2021354289,4843142611315303.0,0.0263481,0.030121250000000002,0.03673865,0.04811795,0.0977144,0.0180102,0.024499350000000003,0.0307686,0.042644,0.0921769,0.0060071,0.0052669,0.005922149999999999,0.0065126,0.0152288,0,05_resultados\revisao_operacional\campanha_v1\j01570.mat,campanha_v1,,,,,6,1.117226492595945,,,165
j01571,montecarlo,perda_fonte,mpc_qp_estocastico_3cen,{},350.00006568535207,350.00006568535207,1,14.583333379726804,14.5833333797268,150,150,150,150,43.08506392179253,43.08506392179253,60,80.34594637148594,1578.0553685114087,0,0.4166666666666667,0.08034594637148594,500,150,53.45815694285832,7.105427357601002e-15,0,0,0,4.433786671143025e-12,666566.4042708572,9686285222630616.0,0.0515737,0.06440145,0.078001,0.12527195000000002,0.1513551,0.0357443,0.051479899999999995,0.06557555000000001,0.1120035,0.1376259,0.0125198,0.012462899999999999,0.01408715,0.0151163,0.0171767,0,05_resultados\revisao_operacional\evento_adiantado_corrigido_v1\j01571.mat,evento_adiantado_corrigido_v1,,,,,6,1.117226492595945,,,165
j01572,montecarlo,perda_fonte,heuristico,{},592.6122638850534,592.6122638850534,1,14.754610453615202,14.754610453615202,150,150,150,150,57.93978528855198,56.5039066455025,60,24.16369944991276,850,0,0,0.02416369944991276,500,150,60,nan,0,nan,nan,nan,nan,nan,3.78e-05,8.1e-06,9.45e-06,1.37e-05,3.78e-05,nan,nan,nan,nan,nan,nan,nan,nan,nan,nan,0,05_resultados\revisao_operacional\campanha_v1\j01572.mat,campanha_v1,,,,,10,1.0404948732023551,,,166
j01573,montecarlo,perda_fonte,heuristico_foresight,{},443.33660581542915,443.33660581542915,1,14.64922623093444,14.64922623093444,150,150,150,150,57.50619713666749,56.09863405257561,60,25.939715008643827,850,0,0,0.025939715008643827,500,150,59.85922318918037,nan,0,nan,nan,nan,nan,nan,4.11e-05,9.1e-06,1.03e-05,1.54e-05,4.11e-05,nan,nan,nan,nan,nan,nan,nan,nan,nan,nan,0,05_resultados\revisao_operacional\campanha_v1\j01573.mat,campanha_v1,,,,,10,1.0404948732023551,,,166
j01574,montecarlo,perda_fonte,miope_qp,{},592.6116232891053,592.6116232891053,1,14.754610001373313,14.75461000137331,150,150,150,150,57.9147667951044,56.47501255161039,60,24.32134429297718,1150.0008251042025,0,0,0.02432134429297718,500,150,59.99996967342122,nan,0,nan,nan,nan,nan,nan,0.0013802,0.0006203,0.00084285,0.0013177,0.0017006,0.0012297,0.0005511,0.00074445,0.0011656000000000001,0.0015238,nan,nan,nan,nan,nan,0,05_resultados\revisao_operacional\campanha_v1\j01574.mat,campanha_v1,,,,,10,1.0404948732023551,,,166
j01575,montecarlo,perda_fonte,mpc_qp_v5,{},369.57927176873886,369.57927176873886,1,14.597155723173758,14.597155723173756,150,150,150,150,56.34939368926308,55.80989096217301,60,22.742505966994656,1777.0397975895278,0,1.9166666666666665,0.022742505966994658,500,150,59.676253898428634,0.005723895730312734,957,0,6.709223178376593e-10,0.0026197551446216494,333283.200808402,4015243775612013.0,0.0246291,0.029598,0.0370568,0.043374300000000005,0.0667818,0.0167016,0.023578349999999998,0.02995645,0.0369003,0.0448397,0.005964,0.00565955,0.006575350000000001,0.0085772,0.0230985,0,05_resultados\revisao_operacional\campanha_v1\j01575.mat,campanha_v1,,,,,10,1.0404948732023551,,,166
j01576,montecarlo,perda_fonte,mpc_qp_estocastico_3cen,{},350.01621577350136,350.01621577350136,1,14.58334478121383,14.58334478121383,150,150,150,150,47.438406414145426,47.438406414145426,60,59.66756953280977,2098.6690129289295,0,0.16666666666666669,0.05966756953280977,500,150,55.53086418103303,0.12775110804424372,116,0,0,4.547473508864641e-12,666566.4042708572,8858386386927326.0,0.0483929,0.05281315,0.0789463,0.10920765,0.141395,0.0328933,0.039944099999999996,0.0657807,0.0958025,0.1279835,0.0122728,0.0124373,0.013186050000000001,0.013976249999999999,0.0154143,0,05_resultados\revisao_operacional\evento_adiantado_corrigido_v1\j01576.mat,evento_adiantado_corrigido_v1,,,,,10,1.0404948732023551,,,166
j01577,montecarlo,perda_fonte,heuristico,{},592.6122638850534,592.6122638850534,1,14.754610453615202,14.754610453615202,150,150,150,150,57.93978528855198,56.5039066455025,60,24.16369944991276,850,0,0,0.02416369944991276,500,150,60,nan,0,nan,nan,nan,nan,nan,6.61e-05,8.8e-06,1.755e-05,2.635e-05,0.0001088,nan,nan,nan,nan,nan,nan,nan,nan,nan,nan,0,05_resultados\revisao_operacional\campanha_v1\j01577.mat,campanha_v1,,,,,1,0.8240137648340692,,,167
j01578,montecarlo,perda_fonte,heuristico_foresight,{},370.5532507924737,370.5532507924737,1,14.597843323684993,14.597843323684993,150,150,150,150,57.56503485596575,56.13372177187387,60,25.89804834197716,850,0,0,0.02589804834197716,500,150,59.694602046846924,nan,0,nan,nan,nan,nan,nan,0.0002506,9.2e-06,1.05e-05,1.815e-05,0.0002506,nan,nan,nan,nan,nan,nan,nan,nan,nan,nan,0,05_resultados\revisao_operacional\campanha_v1\j01578.mat,campanha_v1,,,,,1,0.8240137648340692,,,167
j01579,montecarlo,perda_fonte,miope_qp,{},592.6116232891053,592.6116232891053,1,14.754610001373313,14.75461000137331,150,150,150,150,57.9147667951044,56.47501255161039,60,24.32134429297718,1150.0008251042025,0,0,0.02432134429297718,500,150,59.99996967342122,nan,0,nan,nan,nan,nan,nan,0.0012894,0.00061845,0.0007736500000000001,0.0010695499999999998,0.0015219,0.00114,0.0005496,0.00068335,0.00095965,0.0014136,nan,nan,nan,nan,nan,0,05_resultados\revisao_operacional\campanha_v1\j01579.mat,campanha_v1,,,,,1,0.8240137648340692,,,167
j01580,montecarlo,perda_fonte,mpc_qp_v5,{},350.15498408842905,350.15498408842905,1,14.58813172062358,14.583442747552319,150,150,150,150,57.124224928206395,55.72887238398184,60.05834983771775,28.216083073362405,2008.5161356978629,0,0.75,0.028216083073362406,500,150,59.369812280114054,0.11695634302693492,852,0,0,8.008927068203775e-06,333283.200808402,4015243775612013.0,0.0227159,0.025025850000000002,0.0382228,0.0495737,0.1069144,0.0154935,0.01919955,0.03111365,0.04016135,0.1003935,0.0049323,0.00553425,0.0070998499999999996,0.00976,0.0287744,0,05_resultados\revisao_operacional\campanha_v1\j01580.mat,campanha_v1,,,,,1,0.8240137648340692,,,167
j01581,montecarlo,perda_fonte,mpc_qp_estocastico_3cen,{},350.00003009883585,350.00003009883585,1,14.587896689911176,14.583333354612208,150,150,150,150,56.76755653214807,55.37227920102092,60.03972636814397,29.72302509262946,855.4895580250683,0,0,0.02972302509262946,500,150,59.013255835233686,0.11701890134925463,852,0,0,2.2737367544323206e-13,666566.4016168036,8030487551224027.0,0.042043,0.047220750000000006,0.0630925,0.0998723,0.1149984,0.0268542,0.0347078,0.050261,0.0867153,0.101372,0.0124499,0.01226255,0.0130044,0.01342055,0.0144233,0,05_resultados\revisao_operacional\evento_adiantado_corrigido_v1\j01581.mat,evento_adiantado_corrigido_v1,,,,,1,0.8240137648340692,,,167
j01582,montecarlo,perda_fonte,heuristico,{},592.6122638850534,592.6122638850534,1,14.754610453615202,14.754610453615202,150,150,150,150,57.93978528855198,56.5039066455025,60,24.16369944991276,850,0,0,0.02416369944991276,500,150,60,nan,0,nan,nan,nan,nan,nan,4.05e-05,8.4e-06,1.1e-05,1.695e-05,6.45e-05,nan,nan,nan,nan,nan,nan,nan,nan,nan,nan,0,05_resultados\revisao_operacional\campanha_v1\j01582.mat,campanha_v1,,,,,8,0.9417516761413116,,,168
j01583,montecarlo,perda_fonte,heuristico_foresight,{},427.16266208870786,427.16266208870786,1,14.637807902525346,14.637807902525346,150,150,150,150,57.52473027506906,56.11188941319941,60,25.90452982345864,850,0,0,0.025904529823458637,500,150,59.8280987826856,nan,0,nan,nan,nan,nan,nan,5.41e-05,9.5e-06,1.21e-05,1.735e-05,5.41e-05,nan,nan,nan,nan,nan,nan,nan,nan,nan,nan,0,05_resultados\revisao_operacional\campanha_v1\j01583.mat,campanha_v1,,,,,8,0.9417516761413116,,,168
j01584,montecarlo,perda_fonte,miope_qp,{},592.6116232891053,592.6116232891053,1,14.754610001373313,14.75461000137331,150,150,150,150,57.9147667951044,56.47501255161039,60,24.32134429297718,1150.0008251042025,0,0,0.02432134429297718,500,150,59.99996967342122,nan,0,nan,nan,nan,nan,nan,0.0012976,0.0006234000000000001,0.00089875,0.00125,0.0019642,0.0011513,0.00055335,0.0007811000000000001,0.00114745,0.0018242,nan,nan,nan,nan,nan,0,05_resultados\revisao_operacional\campanha_v1\j01584.mat,campanha_v1,,,,,8,0.9417516761413116,,,168
j01585,montecarlo,perda_fonte,mpc_qp_v5,{},360.55876701073015,360.55876701073015,1,14.593381341435776,14.59078751219978,150,150,150,150,57.24068280222403,55.86432103634449,60.01889461713219,27.077679156170852,1749.951005073214,0,2.083333333333333,0.02707767915617085,500,150,59.6674609589645,0.11708983000496431,853,0,0,0.0025448785643220617,333283.200808402,4015243775612013.0,0.0243774,0.0245854,0.0343385,0.0437924,0.0653023,0.0153934,0.018978599999999998,0.02841215,0.0378926,0.059816,0.0061004,0.005302950000000001,0.0063812,0.006875,0.0095383,0,05_resultados\revisao_operacional\campanha_v1\j01585.mat,campanha_v1,,,,,8,0.9417516761413116,,,168
j01586,montecarlo,perda_fonte,mpc_qp_estocastico_3cen,{},350.0054901103238,350.0054901103238,1,14.583337209202142,14.583337209202142,150,150,150,150,52.623918035062005,52.623918035062005,60,35.045751811825376,1814.520366767262,0,0.33333333333333337,0.03504575181182538,500,150,57.9098442311789,0.13254024716444945,237,0,0,0.017200238965983772,666566.4042708572,8858386386927326.0,0.04963,0.0531867,0.077276,0.10904340000000001,0.1438293,0.0339636,0.04040215,0.0646774,0.09583695,0.1312096,0.0127358,0.0123738,0.0131396,0.0137278,0.0164544,0,05_resultados\revisao_operacional\evento_adiantado_corrigido_v1\j01586.mat,evento_adiantado_corrigido_v1,,,,,8,0.9417516761413116,,,168
j01587,montecarlo,perda_fonte,heuristico,{},592.6122638850534,592.6122638850534,1,14.754610453615202,14.754610453615202,150,150,150,150,57.93978528855198,56.5039066455025,60,24.16369944991276,850,0,0,0.02416369944991276,500,150,60,nan,0,nan,nan,nan,nan,nan,4.06e-05,8.2e-06,1.19e-05,2.105e-05,5.55e-05,nan,nan,nan,nan,nan,nan,nan,nan,nan,nan,0,05_resultados\revisao_operacional\campanha_v1\j01587.mat,campanha_v1,,,,,0,1.093559317033319,,,169
j01588,montecarlo,perda_fonte,heuristico_foresight,{},489.73183657719966,489.73183657719966,1,14.681979898834156,14.681979898834156,150,150,150,150,55.23235663567889,55.23235663567889,60,22.646305980530943,779.8305122250107,0,0,0.022646305980530943,500,150,59.403327227924095,nan,0,nan,nan,nan,nan,nan,3.94e-05,8.6e-06,1.13e-05,1.3599999999999999e-05,4.01e-05,nan,nan,nan,nan,nan,nan,nan,nan,nan,nan,0,05_resultados\revisao_operacional\campanha_v1\j01588.mat,campanha_v1,,,,,0,1.093559317033319,,,169
j01589,montecarlo,perda_fonte,miope_qp,{},592.6116232891053,592.6116232891053,1,14.754610001373313,14.75461000137331,150,150,150,150,57.9147667951044,56.47501255161039,60,24.32134429297718,1150.0008251042025,0,0,0.02432134429297718,500,150,59.99996967342122,nan,0,nan,nan,nan,nan,nan,0.0014537,0.00060045,0.00077445,0.0010834999999999998,0.0031543,0.0012713,0.0005331,0.0006875,0.000945,0.0027966,nan,nan,nan,nan,nan,0,05_resultados\revisao_operacional\campanha_v1\j01589.mat,campanha_v1,,,,,0,1.093559317033319,,,169
j01590,montecarlo,perda_fonte,mpc_qp_v5,{},350.5603424555575,350.5603424555575,1,14.583728918632216,14.583728918632215,150,150,150,150,53.88554759055906,53.88554759055906,60,29.043648944844374,2205.743076949783,0,1.8333333333333333,0.029043648944844375,500,150,58.89408222317098,7.105427357601002e-15,0,0,0,1.9288177668386197e-06,333283.2021354289,4843142611315303.0,0.025606,0.0303117,0.042802900000000005,0.0549418,0.1102197,0.0183303,0.02442255,0.035832,0.0469687,0.1038402,0.0051666,0.00562175,0.00707855,0.0096734,0.0251295,0,05_resultados\revisao_operacional\campanha_v1\j01590.mat,campanha_v1,,,,,0,1.093559317033319,,,169
j01591,montecarlo,perda_fonte,mpc_qp_estocastico_3cen,{},350.00063645795,350.00063645795,1,14.583333782669738,14.583333782669737,150,150,150,150,44.3672314233133,44.3672314233133,60,74.25565073926299,3341.290871997381,0,0.5,0.07425565073926299,500,150,54.03118806779679,7.105427357601002e-15,0,0,0,0.022280300995930702,666566.4042708572,9686285222630616.0,0.0488786,0.0609398,0.07894770000000001,0.11246655,0.1537692,0.0333638,0.048046900000000003,0.06389900000000001,0.09976905,0.140921,0.0127286,0.012496549999999999,0.0133436,0.014127250000000001,0.0318656,0,05_resultados\revisao_operacional\evento_adiantado_corrigido_v1\j01591.mat,evento_adiantado_corrigido_v1,,,,,0,1.093559317033319,,,169
j01592,montecarlo,perda_fonte,heuristico,{},592.6122638850534,592.6122638850534,1,14.754610453615202,14.754610453615202,150,150,150,150,57.93978528855198,56.5039066455025,60,24.16369944991276,850,0,0,0.02416369944991276,500,150,60,nan,0,nan,nan,nan,nan,nan,4.05e-05,7.9e-06,1.02e-05,1.215e-05,4.5e-05,nan,nan,nan,nan,nan,nan,nan,nan,nan,nan,0,05_resultados\revisao_operacional\campanha_v1\j01592.mat,campanha_v1,,,,,-3,0.9866731051783646,,,170
j01593,montecarlo,perda_fonte,heuristico_foresight,{},352.7815800174326,352.7815800174326,1,14.585297046987337,14.585297046987337,150,150,150,150,57.47146760450376,56.04015452041188,60,26.342492786421605,850,0,0,0.026342492786421604,500,150,59.603676116794965,nan,0,nan,nan,nan,nan,nan,4.18e-05,9e-06,1.25e-05,2.595e-05,5.93e-05,nan,nan,nan,nan,nan,nan,nan,nan,nan,nan,0,05_resultados\revisao_operacional\campanha_v1\j01593.mat,campanha_v1,,,,,-3,0.9866731051783646,,,170
j01594,montecarlo,perda_fonte,miope_qp,{},592.6116232891053,592.6116232891053,1,14.754610001373313,14.75461000137331,150,150,150,150,57.9147667951044,56.47501255161039,60,24.32134429297718,1150.0008251042025,0,0,0.02432134429297718,500,150,59.99996967342122,nan,0,nan,nan,nan,nan,nan,0.0012201,0.0006081,0.0007640500000000001,0.0011324,0.0017007,0.0010858,0.0005406,0.0006677499999999999,0.0010038,0.0015813,nan,nan,nan,nan,nan,0,05_resultados\revisao_operacional\campanha_v1\j01594.mat,campanha_v1,,,,,-3,0.9866731051783646,,,170
j01595,montecarlo,perda_fonte,mpc_qp_v5,{},350.027687723207,350.027687723207,1,14.585276368870927,14.58335288007391,150,150,150,150,57.119412752343216,55.72476677462048,60.003147026659214,27.67911148340478,1633.936585739944,0,2.083333333333333,0.027679111483404777,500,150,59.36576642365833,0.11714132765150964,851,0,0,0.004084781798439963,333283.200808402,4015243775612013.0,0.0234907,0.025866550000000002,0.04092065,0.05112675,0.1033735,0.0157163,0.019944,0.033646350000000005,0.04303735,0.0965511,0.0055044,0.0056744,0.007392050000000001,0.01015975,0.0505476,0,05_resultados\revisao_operacional\campanha_v1\j01595.mat,campanha_v1,,,,,-3,0.9866731051783646,,,170
j01596,montecarlo,perda_fonte,mpc_qp_estocastico_3cen,{},350.00015548810575,350.00015548810575,1,14.583333443112952,14.583333443112952,150,150,150,150,50.20340303550484,50.20340303550484,60,46.53383558135203,2120.2271302908543,0,0.16666666666666669,0.04653383558135203,500,150,56.62044515544677,0.12236002208087626,57,0,0,0.010740793399236281,666566.4042708572,8858386386927326.0,0.0472162,0.0534719,0.07208600000000001,0.11130545,0.1537875,0.031836,0.04053055,0.05621955,0.098236,0.1405237,0.0127815,0.01253395,0.013611,0.0151894,0.0191295,0,05_resultados\revisao_operacional\evento_adiantado_corrigido_v1\j01596.mat,evento_adiantado_corrigido_v1,,,,,-3,0.9866731051783646,,,170
j01597,montecarlo,perda_fonte,heuristico,{},592.6122638850534,592.6122638850534,1,14.754610453615202,14.754610453615202,150,150,150,150,57.93978528855198,56.5039066455025,60,24.16369944991276,850,0,0,0.02416369944991276,500,150,60,nan,0,nan,nan,nan,nan,nan,4.07e-05,8.2e-06,1.14e-05,1.71e-05,4.07e-05,nan,nan,nan,nan,nan,nan,nan,nan,nan,nan,0,05_resultados\revisao_operacional\campanha_v1\j01597.mat,campanha_v1,,,,,2,0.8283717234638693,,,171
j01598,montecarlo,perda_fonte,heuristico_foresight,{},378.6403238930874,378.6403238930874,1,14.603552559360063,14.603552559360063,150,150,150,150,57.56161623998138,56.132942044778396,60,25.887863156791976,850,0,0,0.025887863156791976,500,150,59.71601218826426,nan,0,nan,nan,nan,nan,nan,4.12e-05,9.2e-06,1.335e-05,1.8049999999999998e-05,5.02e-05,nan,nan,nan,nan,nan,nan,nan,nan,nan,nan,0,05_resultados\revisao_operacional\campanha_v1\j01598.mat,campanha_v1,,,,,2,0.8283717234638693,,,171
j01599,montecarlo,perda_fonte,miope_qp,{},592.6116232891053,592.6116232891053,1,14.754610001373313,14.75461000137331,150,150,150,150,57.9147667951044,56.47501255161039,60,24.32134429297718,1150.0008251042025,0,0,0.02432134429297718,500,150,59.99996967342122,nan,0,nan,nan,nan,nan,nan,0.0012826,0.00060565,0.0007239,0.00087725,0.0012826,0.0011445,0.0005386,0.0006443,0.0007898499999999999,0.0011445,nan,nan,nan,nan,nan,0,05_resultados\revisao_operacional\campanha_v1\j01599.mat,campanha_v1,,,,,2,0.8283717234638693,,,171
j01600,montecarlo,perda_fonte,mpc_qp_v5,{},350.69964956858735,350.69964956858735,1,14.588441207443509,14.583827265355522,150,150,150,150,57.12965782830541,55.736959169354,60.05707638678086,28.15095176031584,2149.4353676681258,0,0.8333333333333334,0.028150951760315842,500,150,59.40118504461898,0.11696113337772118,852,0,0,0.0014724737388291942,333283.200808402,4015243775612013.0,0.0222537,0.023156299999999998,0.037896200000000005,0.04361645,0.1407813,0.0145552,0.01755635,0.03124425,0.03693185,0.1346288,0.0055508,0.0056159999999999995,0.00685405,0.00773425,0.0128008,0,05_resultados\revisao_operacional\campanha_v1\j01600.mat,campanha_v1,,,,,2,0.8283717234638693,,,171
j01601,montecarlo,perda_fonte,mpc_qp_estocastico_3cen,{},350.0000490324535,350.0000490324535,1,14.587967742805713,14.58333336797074,150,150,150,150,56.76330611727031,55.37065085977419,60.03828735499304,29.702550260126536,855.2778352982385,0,0,0.029702550260126536,500,150,59.03499449365954,0.11702407745891463,897,0,0,3.126388037344441e-13,666566.4016168036,8030487551224027.0,0.0426126,0.0469919,0.06323645,0.0991564,0.1146589,0.0270366,0.034543950000000004,0.04999775,0.08625065,0.1016328,0.0127543,0.012202,0.0129666,0.0132515,0.0147633,0,05_resultados\revisao_operacional\evento_adiantado_corrigido_v1\j01601.mat,evento_adiantado_corrigido_v1,,,,,2,0.8283717234638693,,,171
j01602,montecarlo,perda_fonte,heuristico,{},592.6122638850534,592.6122638850534,1,14.754610453615202,14.754610453615202,150,150,150,150,57.93978528855198,56.5039066455025,60,24.16369944991276,850,0,0,0.02416369944991276,500,150,60,nan,0,nan,nan,nan,nan,nan,4.08e-05,8e-06,1.0549999999999999e-05,1.29e-05,4.08e-05,nan,nan,nan,nan,nan,nan,nan,nan,nan,nan,0,05_resultados\revisao_operacional\campanha_v1\j01602.mat,campanha_v1,,,,,0,0.9329723711268134,,,172
j01603,montecarlo,perda_fonte,heuristico_foresight,{},362.4661767623983,362.4661767623983,1,14.59213408735375,14.59213408735375,150,150,150,150,57.54164304310025,56.110329959008375,60,26.00915945308827,850,0,0,0.02600915945308827,500,150,59.672412178472214,nan,0,nan,nan,nan,nan,nan,4.19e-05,9.1e-06,1.15e-05,1.615e-05,4.49e-05,nan,nan,nan,nan,nan,nan,nan,nan,nan,nan,0,05_resultados\revisao_operacional\campanha_v1\j01603.mat,campanha_v1,,,,,0,0.9329723711268134,,,172
j01604,montecarlo,perda_fonte,miope_qp,{},592.6116232891053,592.6116232891053,1,14.754610001373313,14.75461000137331,150,150,150,150,57.9147667951044,56.47501255161039,60,24.32134429297718,1150.0008251042025,0,0,0.02432134429297718,500,150,59.99996967342122,nan,0,nan,nan,nan,nan,nan,0.0012055,0.0005756,0.0006626,0.00078305,0.0012055,0.001073,0.00051275,0.0005870999999999999,0.0007027,0.001073,nan,nan,nan,nan,nan,0,05_resultados\revisao_operacional\campanha_v1\j01604.mat,campanha_v1,,,,,0,0.9329723711268134,,,172
j01605,montecarlo,perda_fonte,mpc_qp_v5,{},350.19829472489783,350.19829472489783,1,14.586149640813073,14.583473323587087,150,150,150,150,57.228136683099635,55.833282811597826,60.02133002611491,27.346823730097412,1636.1976404420955,0,2.083333333333333,0.027346823730097412,500,150,59.47424364165643,0.1170802797443784,853,0,0,0.005197861927115355,333283.200808402,4015243775612013.0,0.0206939,0.02355825,0.033136700000000005,0.04136205,0.0976975,0.0135586,0.0180466,0.0272476,0.0355713,0.0922574,0.0052087,0.00516895,0.0058965,0.0064066,0.0082743,0,05_resultados\revisao_operacional\campanha_v1\j01605.mat,campanha_v1,,,,,0,0.9329723711268134,,,172
j01606,montecarlo,perda_fonte,mpc_qp_estocastico_3cen,{},350.0000117058081,350.0000117058081,1,14.583333341609062,14.583333341609062,150,150,150,150,52.93379672576122,52.93379672576122,60,33.56446555263496,814.0441389334628,0,0,0.03356446555263495,500,150,57.82677852962433,7.105427357601002e-15,0,0,0,1.1482370609883219e-11,666566.4042708572,8858386386927326.0,0.0488724,0.053767999999999996,0.0647063,0.1054738,0.1494326,0.0335321,0.04085495,0.05139395,0.0923975,0.135539,0.012158,0.0125016,0.013291850000000001,0.0138834,0.0178842,0,05_resultados\revisao_operacional\evento_adiantado_corrigido_v1\j01606.mat,evento_adiantado_corrigido_v1,,,,,0,0.9329723711268134,,,172
j01607,montecarlo,perda_fonte,heuristico,{},592.6122638850534,592.6122638850534,1,14.754610453615202,14.754610453615202,150,150,150,150,57.93978528855198,56.5039066455025,60,24.16369944991276,850,0,0,0.02416369944991276,500,150,60,nan,0,nan,nan,nan,nan,nan,3.72e-05,8.5e-06,9.7e-06,1.43e-05,5.4e-05,nan,nan,nan,nan,nan,nan,nan,nan,nan,nan,0,05_resultados\revisao_operacional\campanha_v1\j01607.mat,campanha_v1,,,,,-2,0.9294973159771911,,,173
j01608,montecarlo,perda_fonte,heuristico_foresight,{},354.5860501408955,354.5860501408955,1,14.586570949804251,14.586570949804251,150,150,150,150,57.494859417369256,56.06354633327738,60,26.231381675310494,850,0,0,0.026231381675310493,500,150,59.62679973959374,nan,0,nan,nan,nan,nan,nan,4.03e-05,9.1e-06,1.15e-05,1.61e-05,5.85e-05,nan,nan,nan,nan,nan,nan,nan,nan,nan,nan,0,05_resultados\revisao_operacional\campanha_v1\j01608.mat,campanha_v1,,,,,-2,0.9294973159771911,,,173
j01609,montecarlo,perda_fonte,miope_qp,{},592.6116232891053,592.6116232891053,1,14.754610001373313,14.75461000137331,150,150,150,150,57.9147667951044,56.47501255161039,60,24.32134429297718,1150.0008251042025,0,0,0.02432134429297718,500,150,59.99996967342122,nan,0,nan,nan,nan,nan,nan,0.0013999,0.000605,0.0007096,0.00092165,0.003251,0.0012468,0.0005382,0.0006312500000000001,0.00082,0.0030449,nan,nan,nan,nan,nan,0,05_resultados\revisao_operacional\campanha_v1\j01609.mat,campanha_v1,,,,,-2,0.9294973159771911,,,173
j01610,montecarlo,perda_fonte,mpc_qp_v5,{},350.0334523658114,350.0334523658114,1,14.586105709625985,14.583356949730995,150,150,150,150,57.143090061815904,55.74821827258469,60.02234217781949,27.761109429079312,1906.0232657394658,0,1.5833333333333335,0.027761109429079313,500,150,59.389202714579184,0.11707646429401564,853,0,3.308722450212111e-24,0.00020917285036148314,333283.200808402,4015243775612013.0,0.0270817,0.0234611,0.033692849999999996,0.04209855,0.0985342,0.0183334,0.017928399999999997,0.02774675,0.03582925,0.0929075,0.0060344,0.0052924,0.006407100000000001,0.0075923,0.0189537,0,05_resultados\revisao_operacional\campanha_v1\j01610.mat,campanha_v1,,,,,-2,0.9294973159771911,,,173
j01611,montecarlo,perda_fonte,mpc_qp_estocastico_3cen,{},350.0002151401772,350.0002151401772,1,14.583333485227866,14.583333485227863,150,150,150,150,53.15952291900645,53.15952291900645,60,32.49226613472003,1772.622715918138,0,0.16666666666666669,0.03249226613472003,500,150,57.954099814903124,7.105427357601002e-15,0,0,0,0.018391891024464257,666566.4042708572,8858386386927326.0,0.0503462,0.052877499999999994,0.06431595,0.11100045,0.3147337,0.0344771,0.03989645,0.051386600000000004,0.0979328,0.3022989,0.012659,0.0125483,0.0132517,0.01376525,0.0153661,0,05_resultados\revisao_operacional\evento_adiantado_corrigido_v1\j01611.mat,evento_adiantado_corrigido_v1,,,,,-2,0.9294973159771911,,,173
j01612,montecarlo,perda_fonte,heuristico,{},592.6122638850534,592.6122638850534,1,14.754610453615202,14.754610453615202,150,150,150,150,57.93978528855198,56.5039066455025,60,24.16369944991276,850,0,0,0.02416369944991276,500,150,60,nan,0,nan,nan,nan,nan,nan,3.98e-05,8.1e-06,9.4e-06,1.4400000000000001e-05,3.98e-05,nan,nan,nan,nan,nan,nan,nan,nan,nan,nan,0,05_resultados\revisao_operacional\campanha_v1\j01612.mat,campanha_v1,,,,,-12,1.0833579450018354,,,174
j01613,montecarlo,perda_fonte,heuristico_foresight,{},350.3533374294499,350.3533374294499,1,14.583582779162802,14.583582779162802,150,150,150,150,55.429102655259946,55.429102655259946,60,21.71176238752484,787.4815412486234,0,0,0.021711762387524838,500,150,59.37539241029974,nan,0,nan,nan,nan,nan,nan,3.92e-05,8.7e-06,1.165e-05,2.095e-05,4.16e-05,nan,nan,nan,nan,nan,nan,nan,nan,nan,nan,0,05_resultados\revisao_operacional\campanha_v1\j01613.mat,campanha_v1,,,,,-12,1.0833579450018354,,,174
j01614,montecarlo,perda_fonte,miope_qp,{},592.6116232891053,592.6116232891053,1,14.754610001373313,14.75461000137331,150,150,150,150,57.9147667951044,56.47501255161039,60,24.32134429297718,1150.0008251042025,0,0,0.02432134429297718,500,150,59.99996967342122,nan,0,nan,nan,nan,nan,nan,0.001287,0.00058895,0.0007898499999999999,0.0011293,0.0028431,0.0011363,0.0005216999999999999,0.00070345,0.00100475,0.0026654,nan,nan,nan,nan,nan,0,05_resultados\revisao_operacional\campanha_v1\j01614.mat,campanha_v1,,,,,-12,1.0833579450018354,,,174
j01615,montecarlo,perda_fonte,mpc_qp_v5,{},350.0004790128991,350.0004790128991,1,14.583333671513996,14.583333671513994,150,150,150,150,54.07188902465468,54.07188902465468,60,28.158527132890608,1519.357841769455,0,2,0.028158527132890607,500,150,58.85550509235383,7.105427357601002e-15,0,0,0,0.004767944926470591,333283.2021354289,4843142611315303.0,0.0271198,0.028923400000000002,0.037378049999999996,0.04789225,0.0563397,0.019012,0.02318425,0.030560900000000002,0.04118305,0.0504219,0.0061391,0.0053262,0.00628765,0.00736485,0.0181681,0,05_resultados\revisao_operacional\campanha_v1\j01615.mat,campanha_v1,,,,,-12,1.0833579450018354,,,174
j01616,montecarlo,perda_fonte,mpc_qp_estocastico_3cen,{},350.0000003366648,350.0000003366648,1,14.583333333597697,14.583333333597693,150,150,150,150,44.67084727316403,44.67084727316403,60,72.8134754524711,2609.4321002614042,0,0.25,0.07281347545247109,500,150,54.054076454675084,7.105427357601002e-15,0,0,0,0.0005459699176526556,666566.4042708572,9686285222630616.0,0.0495356,0.058985949999999995,0.07839065,0.10915285,0.1628413,0.0331336,0.046134549999999996,0.0654305,0.09623585,0.1498662,0.0132571,0.01248355,0.013289849999999999,0.01447515,0.0166419,0,05_resultados\revisao_operacional\evento_adiantado_corrigido_v1\j01616.mat,evento_adiantado_corrigido_v1,,,,,-12,1.0833579450018354,,,174
j01617,montecarlo,perda_fonte,heuristico,{},592.6122638850534,592.6122638850534,1,14.754610453615202,14.754610453615202,150,150,150,150,57.93978528855198,56.5039066455025,60,24.16369944991276,850,0,0,0.02416369944991276,500,150,60,nan,0,nan,nan,nan,nan,nan,3.91e-05,8.1e-06,9.9e-06,1.72e-05,4.11e-05,nan,nan,nan,nan,nan,nan,nan,nan,nan,nan,0,05_resultados\revisao_operacional\campanha_v1\j01617.mat,campanha_v1,,,,,0,1.149942512109098,,,175
j01618,montecarlo,perda_fonte,heuristico_foresight,{},474.17517285524616,474.17517285524616,1,14.670997351947113,14.670997351947111,150,150,150,150,52.64204710616296,52.64204710616296,60,34.950276245724346,737.5431159181765,0,0,0.034950276245724346,500,150,58.17163871398671,nan,0,nan,nan,nan,nan,nan,3.95e-05,8.3e-06,9.5e-06,1.995e-05,4.38e-05,nan,nan,nan,nan,nan,nan,nan,nan,nan,nan,0,05_resultados\revisao_operacional\campanha_v1\j01618.mat,campanha_v1,,,,,0,1.149942512109098,,,175
j01619,montecarlo,perda_fonte,miope_qp,{},592.6116232891053,592.6116232891053,1,14.754610001373313,14.75461000137331,150,150,150,150,57.9147667951044,56.47501255161039,60,24.32134429297718,1150.0008251042025,0,0,0.02432134429297718,500,150,59.99996967342122,nan,0,nan,nan,nan,nan,nan,0.0012753,0.00057215,0.00068615,0.000844,0.0012753,0.001134,0.0005093,0.00060275,0.00075635,0.001134,nan,nan,nan,nan,nan,0,05_resultados\revisao_operacional\campanha_v1\j01619.mat,campanha_v1,,,,,0,1.149942512109098,,,175
j01620,montecarlo,perda_fonte,mpc_qp_v5,{},350.0751196977691,350.0751196977691,1,14.58338636563661,14.583386365636608,150,150,150,150,51.26721120555181,51.26721120555181,60,41.480746773627885,1364.7915913216962,0,2.25,0.04148074677362788,500,150,57.55758555115044,7.105427357601002e-15,0,0,0,1.9667822925839573e-11,333283.2021354289,4843142611315303.0,0.0252494,0.031035149999999997,0.0372156,0.04457165,0.0562031,0.0172987,0.0254639,0.03143825,0.03918465,0.0487002,0.0055262,0.0052087999999999995,0.0061016,0.006862,0.0100522,0,05_resultados\revisao_operacional\campanha_v1\j01620.mat,campanha_v1,,,,,0,1.149942512109098,,,175
j01621,montecarlo,perda_fonte,mpc_qp_estocastico_3cen,{},350.0000270846567,350.0000270846567,1,14.583333352469763,14.583333352469761,150,150,150,150,41.43619898879618,41.43619898879618,60,88.17805480321768,1925.417107916819,0,0.25,0.08817805480321768,500,150,52.6574340423116,7.105427357601002e-15,0,0,0,1.1937117960769683e-11,666566.4042708572,9686285222630616.0,0.0524331,0.05895575,0.07879095,0.11210525,0.1447531,0.0361879,0.04606515,0.06480169999999999,0.09882205,0.1320095,0.0130763,0.01247675,0.0135931,0.0150477,0.0163255,0,05_resultados\revisao_operacional\evento_adiantado_corrigido_v1\j01621.mat,evento_adiantado_corrigido_v1,,,,,0,1.149942512109098,,,175
j01622,montecarlo,perda_fonte,heuristico,{},592.6122638850534,592.6122638850534,1,14.754610453615202,14.754610453615202,150,150,150,150,57.93978528855198,56.5039066455025,60,24.16369944991276,850,0,0,0.02416369944991276,500,150,60,nan,0,nan,nan,nan,nan,nan,3.63e-05,8.1e-06,1.12e-05,1.77e-05,5.92e-05,nan,nan,nan,nan,nan,nan,nan,nan,nan,nan,0,05_resultados\revisao_operacional\campanha_v1\j01622.mat,campanha_v1,,,,,-8,0.8196242198086472,,,176
j01623,montecarlo,perda_fonte,heuristico_foresight,{},350.22832599190326,350.22832599190326,1,14.583494524765921,14.583494524765921,150,150,150,150,57.35450854017627,55.92319545608439,60,26.89804834197716,850,0,0,0.02689804834197716,500,150,59.48709653082988,nan,0,nan,nan,nan,nan,nan,4.25e-05,9e-06,1e-05,1.135e-05,4.25e-05,nan,nan,nan,nan,nan,nan,nan,nan,nan,nan,0,05_resultados\revisao_operacional\campanha_v1\j01623.mat,campanha_v1,,,,,-8,0.8196242198086472,,,176
j01624,montecarlo,perda_fonte,miope_qp,{},592.6116232891053,592.6116232891053,1,14.754610001373313,14.75461000137331,150,150,150,150,57.9147667951044,56.47501255161039,60,24.32134429297718,1150.0008251042025,0,0,0.02432134429297718,500,150,59.99996967342122,nan,0,nan,nan,nan,nan,nan,0.0012198,0.0005991,0.0007048,0.0008275,0.0012198,0.0010867,0.00053225,0.00062655,0.00074015,0.0010867,nan,nan,nan,nan,nan,0,05_resultados\revisao_operacional\campanha_v1\j01624.mat,campanha_v1,,,,,-8,0.8196242198086472,,,176
j01625,montecarlo,perda_fonte,mpc_qp_v5,{},350.0402428895785,350.0402428895785,1,14.588123169460497,14.583361743642294,150,150,150,150,56.9353933209255,55.540022628925115,60.05791357187303,29.108846525705907,2137.719431891535,0,1,0.029108846525705907,500,150,59.180978442638725,0.11695293702349119,852,0,2.168404344971009e-19,70.70370568945441,333283.200808402,4015243775612013.0,0.0246291,0.022926750000000003,0.03423085,0.0412589,0.5654008,0.0158646,0.01753085,0.028272699999999998,0.0354311,0.5599494,0.0061731,0.005145,0.006161949999999999,0.00695095,0.0091971,0,05_resultados\revisao_operacional\campanha_v1\j01625.mat,campanha_v1,,,,,-8,0.8196242198086472,,,176
j01626,montecarlo,perda_fonte,mpc_qp_estocastico_3cen,{},350.0000003390451,350.0000003390451,1,14.588110399397332,14.5833333335891,150,150,150,150,56.55753809169293,55.16221236220331,60.03998486508969,30.72368567597057,855.6595636777324,0,0,0.030723685675970572,500,150,58.80318778559157,0.11701468030419448,852,0,0,3.410605131648481e-13,666566.4016168036,8030487551224027.0,0.0419877,0.0472829,0.06503010000000001,0.09890215,0.1126832,0.0268649,0.03470625,0.05134635,0.08563155,0.0988235,0.0122876,0.01232305,0.0130743,0.01362675,0.0152093,0,05_resultados\revisao_operacional\evento_adiantado_corrigido_v1\j01626.mat,evento_adiantado_corrigido_v1,,,,,-8,0.8196242198086472,,,176
j01627,montecarlo,perda_fonte,heuristico,{},592.6122638850534,592.6122638850534,1,14.754610453615202,14.754610453615202,150,150,150,150,57.93978528855198,56.5039066455025,60,24.16369944991276,850,0,0,0.02416369944991276,500,150,60,nan,0,nan,nan,nan,nan,nan,3.79e-05,8.1e-06,9.3e-06,1.0399999999999999e-05,3.82e-05,nan,nan,nan,nan,nan,nan,nan,nan,nan,nan,0,05_resultados\revisao_operacional\campanha_v1\j01627.mat,campanha_v1,,,,,4,0.8631119136832345,,,177
j01628,montecarlo,perda_fonte,heuristico_foresight,{},394.81446450292935,394.81446450292935,1,14.614971026762849,14.614971026762849,150,150,150,150,57.55243982672598,56.12904340930077,60,25.878603897532717,850.0000000000001,0,0,0.02587860389753272,500,150,59.7564932906434,nan,0,nan,nan,nan,nan,nan,4.64e-05,9.3e-06,1.02e-05,1.23e-05,4.64e-05,nan,nan,nan,nan,nan,nan,nan,nan,nan,nan,0,05_resultados\revisao_operacional\campanha_v1\j01628.mat,campanha_v1,,,,,4,0.8631119136832345,,,177
j01629,montecarlo,perda_fonte,miope_qp,{},592.6116232891053,592.6116232891053,1,14.754610001373313,14.75461000137331,150,150,150,150,57.9147667951044,56.47501255161039,60,24.32134429297718,1150.0008251042025,0,0,0.02432134429297718,500,150,59.99996967342122,nan,0,nan,nan,nan,nan,nan,0.0013108,0.00061445,0.000714,0.00088495,0.0013108,0.0011623,0.0005467,0.00063095,0.00079155,0.0011623,nan,nan,nan,nan,nan,0,05_resultados\revisao_operacional\campanha_v1\j01629.mat,campanha_v1,,,,,4,0.8631119136832345,,,177
j01630,montecarlo,perda_fonte,mpc_qp_v5,{},350.4110786363716,350.4110786363716,1,14.587722164802548,14.583623542766816,150,150,150,150,57.083739106633004,55.69644859706448,60.04557927351375,28.199790624093858,1854.7789347079063,0,0.6666666666666667,0.02819979062409386,500,150,59.40750970036723,0.11700040440754123,852,0,0,0.005656052062647632,333283.200808402,4015243775612013.0,0.0231458,0.02253925,0.0339662,0.0400032,0.100159,0.0146741,0.01732765,0.028574950000000002,0.03449855,0.0948116,0.0060519,0.00501005,0.005882699999999999,0.0066913,0.0093371,0,05_resultados\revisao_operacional\campanha_v1\j01630.mat,campanha_v1,,,,,4,0.8631119136832345,,,177
j01631,montecarlo,perda_fonte,mpc_qp_estocastico_3cen,{},350.00158533002667,350.00158533002667,1,14.583334452563747,14.583334452563747,150,150,150,150,56.13570433761138,55.46666976727506,60.025861580432135,25.313509274435237,1457.6518999718949,0,0.08333333333333334,0.025313509274435236,500,150,59.183818186552315,0.11706610029450104,1073,0,0,2.2168933355715126e-12,666566.4016168036,8030487551224027.0,0.0427276,0.0526148,0.0677562,0.10509655,0.3224421,0.0270082,0.0400628,0.05484875,0.09227725,0.309803,0.0131683,0.0122739,0.01300375,0.0133992,0.0151009,0,05_resultados\revisao_operacional\evento_adiantado_corrigido_v1\j01631.mat,evento_adiantado_corrigido_v1,,,,,4,0.8631119136832345,,,177
j01632,montecarlo,perda_fonte,heuristico,{},592.6122638850534,592.6122638850534,1,14.754610453615202,14.754610453615202,150,150,150,150,57.93978528855198,56.5039066455025,60,24.16369944991276,850,0,0,0.02416369944991276,500,150,60,nan,0,nan,nan,nan,nan,nan,4.04e-05,8.1e-06,9.4e-06,1.37e-05,4.04e-05,nan,nan,nan,nan,nan,nan,nan,nan,nan,nan,0,05_resultados\revisao_operacional\campanha_v1\j01632.mat,campanha_v1,,,,,11,1.0622980284986896,,,178
j01633,montecarlo,perda_fonte,heuristico_foresight,{},451.4234686378691,451.4234686378691,1,14.654935318159309,14.654935318159309,150,150,150,150,57.49576097682343,56.090836781620446,60,25.962863156791975,850,0,0,0.025962863156791974,500,150,59.87361581799073,nan,0,nan,nan,nan,nan,nan,4.43e-05,9.2e-06,1.16e-05,2.08e-05,6.03e-05,nan,nan,nan,nan,nan,nan,nan,nan,nan,nan,0,05_resultados\revisao_operacional\campanha_v1\j01633.mat,campanha_v1,,,,,11,1.0622980284986896,,,178
j01634,montecarlo,perda_fonte,miope_qp,{},592.6116232891053,592.6116232891053,1,14.754610001373313,14.75461000137331,150,150,150,150,57.9147667951044,56.47501255161039,60,24.32134429297718,1150.0008251042025,0,0,0.02432134429297718,500,150,59.99996967342122,nan,0,nan,nan,nan,nan,nan,0.001269,0.0005908,0.00071635,0.00086495,0.001269,0.0011256,0.00052575,0.00064175,0.0007829499999999999,0.0011256,nan,nan,nan,nan,nan,0,05_resultados\revisao_operacional\campanha_v1\j01634.mat,campanha_v1,,,,,11,1.0622980284986896,,,178
j01635,montecarlo,perda_fonte,mpc_qp_v5,{},372.13455555465873,372.13455555465873,1,14.598959678331301,14.598959678331296,150,150,150,150,55.928550369519904,55.832364996833824,60,20.302505068649626,1477.754240753074,0,2.3333333333333335,0.020302505068649626,500,150,59.736431731067455,0.0009564525251803957,922,0,5.237233240083827e-10,0.0009119033210254202,333283.200808402,4015243775612013.0,0.0234882,0.02885345,0.03539975,0.043233900000000006,0.0714222,0.0157137,0.02315115,0.0288273,0.037050200000000005,0.0430295,0.0055702,0.00525705,0.0060783,0.0066488499999999996,0.0402004,0,05_resultados\revisao_operacional\campanha_v1\j01635.mat,campanha_v1,,,,,11,1.0622980284986896,,,178
j01636,montecarlo,perda_fonte,mpc_qp_estocastico_3cen,{},350.0119802598816,350.0119802598816,1,14.58334179107138,14.583341791071378,150,150,150,150,46.25165061363292,46.25165061363292,60,65.30465958524324,1581.5049715271657,0,0.08333333333333334,0.06530465958524324,500,150,54.97150092237744,0.12342285291904886,58,0,0,1.3642420526593924e-12,666566.4042708572,8858386386927326.0,0.049021,0.05298505,0.08079549999999999,0.1099308,0.1304677,0.0332434,0.040096599999999996,0.06756255,0.0969796,0.117308,0.0131066,0.012404100000000001,0.0131333,0.01361625,0.0143235,0,05_resultados\revisao_operacional\evento_adiantado_corrigido_v1\j01636.mat,evento_adiantado_corrigido_v1,,,,,11,1.0622980284986896,,,178
j01637,montecarlo,perda_fonte,heuristico,{},592.6122638850534,592.6122638850534,1,14.754610453615202,14.754610453615202,150,150,150,150,57.93978528855198,56.5039066455025,60,24.16369944991276,850,0,0,0.02416369944991276,500,150,60,nan,0,nan,nan,nan,nan,nan,3.88e-05,8.2e-06,9.6e-06,1.16e-05,3.88e-05,nan,nan,nan,nan,nan,nan,nan,nan,nan,nan,0,05_resultados\revisao_operacional\campanha_v1\j01637.mat,campanha_v1,,,,,2,0.827305722706828,,,179
j01638,montecarlo,perda_fonte,heuristico_foresight,{},378.6403238930874,378.6403238930874,1,14.603552559360063,14.603552559360063,150,150,150,150,57.56161623998138,56.132942044778396,60,25.887863156791976,850,0,0,0.025887863156791976,500,150,59.71601218826426,nan,0,nan,nan,nan,nan,nan,4.57e-05,9.2e-06,1.06e-05,1.825e-05,4.57e-05,nan,nan,nan,nan,nan,nan,nan,nan,nan,nan,0,05_resultados\revisao_operacional\campanha_v1\j01638.mat,campanha_v1,,,,,2,0.827305722706828,,,179
j01639,montecarlo,perda_fonte,miope_qp,{},592.6116232891053,592.6116232891053,1,14.754610001373313,14.75461000137331,150,150,150,150,57.9147667951044,56.47501255161039,60,24.32134429297718,1150.0008251042025,0,0,0.02432134429297718,500,150,59.99996967342122,nan,0,nan,nan,nan,nan,nan,0.0014153,0.0006137499999999999,0.00077205,0.00093475,0.0014153,0.0012644,0.00054565,0.0006876,0.0008413,0.0012644,nan,nan,nan,nan,nan,0,05_resultados\revisao_operacional\campanha_v1\j01639.mat,campanha_v1,,,,,2,0.827305722706828,,,179
j01640,montecarlo,perda_fonte,mpc_qp_v5,{},350.3713628555274,350.3713628555274,1,14.588225190884275,14.583595504595156,150,150,150,150,57.134414482084466,55.74171182066489,60.05743912192859,28.132029856519214,1907.5776901107047,0,0.9166666666666666,0.028132029856519213,500,150,59.405986220928725,0.11695992040203151,852,0,0,0.003260594774985748,333283.200808402,4015243775612013.0,0.0232811,0.0230422,0.0342094,0.04044345,0.1030262,0.0145754,0.017587600000000002,0.028265400000000003,0.0347793,0.0970048,0.0060094,0.0051924499999999995,0.0062565,0.0071533,0.0097186,0,05_resultados\revisao_operacional\campanha_v1\j01640.mat,campanha_v1,,,,,2,0.827305722706828,,,179
j01641,montecarlo,perda_fonte,mpc_qp_estocastico_3cen,{},350.00004917711044,350.00004917711044,1,14.588077717354725,14.583333368071331,150,150,150,150,56.76376867246186,55.37109087056473,60.03867423652728,29.704452769503586,855.3320260160327,0,0,0.029704452769503585,500,150,59.03543421856061,0.11702278338812988,897,0,0,2.2737367544323206e-13,666566.4016168036,8030487551224027.0,0.0432394,0.0466009,0.0635625,0.10198360000000001,0.1189846,0.0273866,0.03406825,0.049222749999999996,0.0873563,0.1019681,0.0133917,0.01230245,0.0137208,0.01537255,0.0175818,0,05_resultados\revisao_operacional\evento_adiantado_corrigido_v1\j01641.mat,evento_adiantado_corrigido_v1,,,,,2,0.827305722706828,,,179
j01642,montecarlo,perda_fonte,heuristico,{},592.6122638850534,592.6122638850534,1,14.754610453615202,14.754610453615202,150,150,150,150,57.93978528855198,56.5039066455025,60,24.16369944991276,850,0,0,0.02416369944991276,500,150,60,nan,0,nan,nan,nan,nan,nan,3.86e-05,8.1e-06,9.9e-06,1.09e-05,4.96e-05,nan,nan,nan,nan,nan,nan,nan,nan,nan,nan,0,05_resultados\revisao_operacional\campanha_v1\j01642.mat,campanha_v1,,,,,-6,1.096378743250734,,,180
j01643,montecarlo,perda_fonte,heuristico_foresight,{},356.91810880648256,356.91810880648256,1,14.588217314609453,14.588217314609453,150,150,150,150,54.97029700788178,54.97029700788178,60,23.89108921255852,777.7159425619495,0,0,0.02389108921255852,500,150,59.228828946400995,nan,0,nan,nan,nan,nan,nan,4.27e-05,8.9e-06,1.115e-05,1.99e-05,4.27e-05,nan,nan,nan,nan,nan,nan,nan,nan,nan,nan,0,05_resultados\revisao_operacional\campanha_v1\j01643.mat,campanha_v1,,,,,-6,1.096378743250734,,,180
j01644,montecarlo,perda_fonte,miope_qp,{},592.6116232891053,592.6116232891053,1,14.754610001373313,14.75461000137331,150,150,150,150,57.9147667951044,56.47501255161039,60,24.32134429297718,1150.0008251042025,0,0,0.02432134429297718,500,150,59.99996967342122,nan,0,nan,nan,nan,nan,nan,0.001296,0.00062135,0.0008096,0.0010444,0.0013329,0.0011474,0.0005523500000000001,0.0007153,0.00093655,0.0011797,nan,nan,nan,nan,nan,0,05_resultados\revisao_operacional\campanha_v1\j01644.mat,campanha_v1,,,,,-6,1.096378743250734,,,180
j01645,montecarlo,perda_fonte,mpc_qp_v5,{},350.00606754761964,350.00606754761964,1,14.583337616855646,14.583337616855644,150,150,150,150,53.56962765958863,53.56962765958863,60,30.544268616953556,1606.5489157015704,0,1.8333333333333333,0.030544268616953557,500,150,58.64169878033041,7.105427357601002e-15,0,0,0,1.002549720396928e-05,333283.2021354289,4843142611315303.0,0.0283198,0.0303496,0.0377689,0.0493581,0.1042822,0.0195874,0.024509700000000002,0.03140675,0.042967099999999994,0.0975116,0.0060236,0.0054367,0.0064383,0.00772345,0.020243,0,05_resultados\revisao_operacional\campanha_v1\j01645.mat,campanha_v1,,,,,-6,1.096378743250734,,,180
j01646,montecarlo,perda_fonte,mpc_qp_estocastico_3cen,{},350.00001073757005,350.00001073757005,1,14.583333340924717,14.583333340924714,150,150,150,150,44.103023534225805,44.103023534225805,60,75.51063821242766,2627.6497340400592,0,0.25,0.07551063821242766,500,150,53.84462509349326,7.105427357601002e-15,0,0,0,4.888534022029489e-12,666566.4042708572,9686285222630616.0,0.0502155,0.06399235,0.07698695,0.11377509999999999,0.160764,0.0339894,0.05123845,0.0605109,0.09970555,0.1468034,0.0125447,0.012543200000000001,0.01393935,0.0155844,0.027685,0,05_resultados\revisao_operacional\evento_adiantado_corrigido_v1\j01646.mat,evento_adiantado_corrigido_v1,,,,,-6,1.096378743250734,,,180
j01647,montecarlo,perda_fonte,heuristico,{},592.6122638850534,592.6122638850534,1,14.754610453615202,14.754610453615202,150,150,150,150,57.93978528855198,56.5039066455025,60,24.16369944991276,850,0,0,0.02416369944991276,500,150,60,nan,0,nan,nan,nan,nan,nan,4.4e-05,8.4e-06,9.4e-06,1.235e-05,4.4e-05,nan,nan,nan,nan,nan,nan,nan,nan,nan,nan,0,05_resultados\revisao_operacional\campanha_v1\j01647.mat,campanha_v1,,,,,-9,1.1532586606614847,,,181
j01648,montecarlo,perda_fonte,heuristico_foresight,{},351.3692973094924,351.3692973094924,1,14.584300016947035,14.58430001694703,150,150,150,150,52.313354120981536,52.313354120981536,60,36.511567925334475,735.0560045038865,0,0,0.03651156792533448,500,150,57.94096840812311,nan,0,nan,nan,nan,nan,nan,4.19e-05,8.7e-06,9.8e-06,1.49e-05,4.19e-05,nan,nan,nan,nan,nan,nan,nan,nan,nan,nan,0,05_resultados\revisao_operacional\campanha_v1\j01648.mat,campanha_v1,,,,,-9,1.1532586606614847,,,181
j01649,montecarlo,perda_fonte,miope_qp,{},592.6116232891053,592.6116232891053,1,14.754610001373313,14.75461000137331,150,150,150,150,57.9147667951044,56.47501255161039,60,24.32134429297718,1150.0008251042025,0,0,0.02432134429297718,500,150,59.99996967342122,nan,0,nan,nan,nan,nan,nan,0.0012995,0.0005934499999999999,0.0007268000000000001,0.0008695,0.0012995,0.0011547,0.0005272,0.0006432,0.000775,0.0011547,nan,nan,nan,nan,nan,0,05_resultados\revisao_operacional\campanha_v1\j01649.mat,campanha_v1,,,,,-9,1.1532586606614847,,,181
j01650,montecarlo,perda_fonte,mpc_qp_v5,{},350.0025393565828,350.0025393565828,1,14.58333512605098,14.583335126050978,150,150,150,150,50.982279614631516,50.982279614631516,60,42.8341718304998,1450.4933669518061,0,2.3333333333333335,0.0428341718304998,500,150,57.347454782654346,7.105427357601002e-15,0,0,0,0.0014080816827117815,333283.2021354289,4843142611315303.0,0.0254127,0.0311059,0.03663645,0.04653665,0.0995819,0.0173271,0.025383,0.03043705,0.03993325,0.0933499,0.0057324,0.00539465,0.00621795,0.00680595,0.0211872,0,05_resultados\revisao_operacional\campanha_v1\j01650.mat,campanha_v1,,,,,-9,1.1532586606614847,,,181
j01651,montecarlo,perda_fonte,mpc_qp_estocastico_3cen,{},350.00000197979466,350.00000197979466,1,14.583333334745822,14.583333334745817,150,150,150,150,41.15958071819783,41.15958071819783,60,89.49199158856052,1888.8570207747,0,0.16666666666666669,0.08949199158856053,500,150,52.472718096316,7.105427357601002e-15,0,0,0,0.0010896187768594245,666566.4042708572,9686285222630616.0,0.0537445,0.0589982,0.07696015,0.11544180000000001,0.1412446,0.0367969,0.04606755,0.0625267,0.10237485,0.1287234,0.0135576,0.012582300000000001,0.0146195,0.015725549999999998,0.0179706,0,05_resultados\revisao_operacional\evento_adiantado_corrigido_v1\j01651.mat,evento_adiantado_corrigido_v1,,,,,-9,1.1532586606614847,,,181
j01652,montecarlo,perda_fonte,heuristico,{},592.6122638850534,592.6122638850534,1,14.754610453615202,14.754610453615202,150,150,150,150,57.93978528855198,56.5039066455025,60,24.16369944991276,850,0,0,0.02416369944991276,500,150,60,nan,0,nan,nan,nan,nan,nan,5.02e-05,8e-06,1.03e-05,1.145e-05,5.02e-05,nan,nan,nan,nan,nan,nan,nan,nan,nan,nan,0,05_resultados\revisao_operacional\campanha_v1\j01652.mat,campanha_v1,,,,,13,1.1283417452528168,,,182
j01653,montecarlo,perda_fonte,heuristico_foresight,{},564.5563943080388,564.5563943080388,1,14.734803835140086,14.734803835140086,150,150,150,150,53.40685702614837,53.40685702614837,60,31.31742912577997,753.7436910603874,0,0,0.03131742912577997,500,150,58.651646161209264,nan,0,nan,nan,nan,nan,nan,4.94e-05,8.5e-06,1.15e-05,2.005e-05,4.94e-05,nan,nan,nan,nan,nan,nan,nan,nan,nan,nan,0,05_resultados\revisao_operacional\campanha_v1\j01653.mat,campanha_v1,,,,,13,1.1283417452528168,,,182
j01654,montecarlo,perda_fonte,miope_qp,{},592.6116232891053,592.6116232891053,1,14.754610001373313,14.75461000137331,150,150,150,150,57.9147667951044,56.47501255161039,60,24.32134429297718,1150.0008251042025,0,0,0.02432134429297718,500,150,59.99996967342122,nan,0,nan,nan,nan,nan,nan,0.0012946,0.0006119999999999999,0.0008072,0.0009758999999999999,0.0012946,0.0011481,0.0005435,0.0007182,0.00087065,0.0011481,nan,nan,nan,nan,nan,0,05_resultados\revisao_operacional\campanha_v1\j01654.mat,campanha_v1,,,,,13,1.1283417452528168,,,182
j01655,montecarlo,perda_fonte,mpc_qp_v5,{},564.0138915923471,564.0138915923471,1,14.734420844204493,14.73442084420449,150,150,150,150,52.32923482471798,52.32923482471798,60,36.43613458258939,1531.261308928689,0,2.4166666666666665,0.03643613458258939,500,150,58.34608872366758,7.105427357601002e-15,0,0,0,1.6325812453032995e-06,333283.2021354289,4843142611315303.0,0.0284772,0.030373749999999998,0.03767235,0.046635800000000005,0.0724172,0.0197163,0.0248725,0.031339599999999995,0.0408925,0.0663418,0.0059461,0.0051651,0.00601525,0.00683315,0.0111936,0,05_resultados\revisao_operacional\campanha_v1\j01655.mat,campanha_v1,,,,,13,1.1283417452528168,,,182
j01656,montecarlo,perda_fonte,mpc_qp_estocastico_3cen,{},350.003357650715,350.003357650715,1,14.583335703755267,14.583335703755267,150,150,150,150,42.536626724973566,42.536626724973566,60,82.95102305637553,1842.9083975637493,0,0.4166666666666667,0.08295102305637553,500,150,53.289326717914356,7.105427357601002e-15,0,0,0,3.979039320256561e-12,666566.4042708572,9686285222630616.0,0.0546294,0.06529595,0.07948825000000001,0.1213582,0.1577583,0.0379763,0.05240935,0.06647639999999999,0.10851915000000001,0.144627,0.0133895,0.0126237,0.0142086,0.0150867,0.0175443,0,05_resultados\revisao_operacional\evento_adiantado_corrigido_v1\j01656.mat,evento_adiantado_corrigido_v1,,,,,13,1.1283417452528168,,,182
j01657,montecarlo,perda_fonte,heuristico,{},592.6122638850534,592.6122638850534,1,14.754610453615202,14.754610453615202,150,150,150,150,57.93978528855198,56.5039066455025,60,24.16369944991276,850,0,0,0.02416369944991276,500,150,60,nan,0,nan,nan,nan,nan,nan,3.81e-05,8e-06,1.01e-05,1.3150000000000001e-05,3.93e-05,nan,nan,nan,nan,nan,nan,nan,nan,nan,nan,0,05_resultados\revisao_operacional\campanha_v1\j01657.mat,campanha_v1,,,,,1,1.1927376460871764,,,183
j01658,montecarlo,perda_fonte,heuristico_foresight,{},535.2628281461488,535.2628281461488,1,14.714123439290967,14.714123439290965,150,150,150,150,50.69385128408762,50.69385128408762,60,44.20420640057906,705.4467654346178,0,0,0.04420420640057906,500,150,57.243809120986484,nan,0,nan,nan,nan,nan,nan,4.29e-05,8.3e-06,1.11e-05,1.23e-05,4.29e-05,nan,nan,nan,nan,nan,nan,nan,nan,nan,nan,0,05_resultados\revisao_operacional\campanha_v1\j01658.mat,campanha_v1,,,,,1,1.1927376460871764,,,183
j01659,montecarlo,perda_fonte,miope_qp,{},592.6116232891053,592.6116232891053,1,14.754610001373313,14.75461000137331,150,150,150,150,57.9147667951044,56.47501255161039,60,24.32134429297718,1150.0008251042025,0,0,0.02432134429297718,500,150,59.99996967342122,nan,0,nan,nan,nan,nan,nan,0.0012372,0.0005887,0.00068285,0.00077875,0.0012372,0.0011018,0.0005238,0.000608,0.0007019999999999999,0.0011018,nan,nan,nan,nan,nan,0,05_resultados\revisao_operacional\campanha_v1\j01659.mat,campanha_v1,,,,,1,1.1927376460871764,,,183
j01660,montecarlo,perda_fonte,mpc_qp_v5,{},350.3074832596826,350.3074832596826,1,14.58355040748018,14.583550407480175,150,150,150,150,49.35596120989808,49.35596120989808,60,50.55918425298324,1716.3409379666082,0,2.4166666666666665,0.050559184252983246,500,150,56.61525734103052,7.105427357601002e-15,0,0,0,7.636574991920497e-06,333283.2021354289,4843142611315303.0,0.0246829,0.030036,0.03468415,0.04282135,0.0465017,0.0169157,0.02459525,0.0291654,0.03708265,0.0410194,0.0057283,0.0051331,0.00576515,0.00614195,0.0066643,0,05_resultados\revisao_operacional\campanha_v1\j01660.mat,campanha_v1,,,,,1,1.1927376460871764,,,183
j01661,montecarlo,perda_fonte,mpc_qp_estocastico_3cen,{},350.00058695369216,350.00058695369216,1,14.583333747716138,14.583333747716138,150,150,150,150,39.272226634873434,39.272226634873434,60,98.4569234843515,2485.2763377242495,0,0.4166666666666667,0.0984569234843515,500,150,51.68240692089312,7.105427357601002e-15,0,0,0,0.032169694677918415,666566.4042708572,9686285222630616.0,0.0533285,0.05744275,0.07604385,0.12288850000000001,0.1773664,0.0372588,0.0444662,0.06324460000000001,0.10990665,0.1646287,0.013239,0.0125407,0.01329435,0.013885950000000001,0.0183658,0,05_resultados\revisao_operacional\evento_adiantado_corrigido_v1\j01661.mat,evento_adiantado_corrigido_v1,,,,,1,1.1927376460871764,,,183
j01662,montecarlo,perda_fonte,heuristico,{},592.6122638850534,592.6122638850534,1,14.754610453615202,14.754610453615202,150,150,150,150,57.93978528855198,56.5039066455025,60,24.16369944991276,850,0,0,0.02416369944991276,500,150,60,nan,0,nan,nan,nan,nan,nan,4.59e-05,8.3e-06,1.06e-05,1.7100000000000002e-05,0.0002151,nan,nan,nan,nan,nan,nan,nan,nan,nan,nan,0,05_resultados\revisao_operacional\campanha_v1\j01662.mat,campanha_v1,,,,,1,0.9635814577975628,,,184
j01663,montecarlo,perda_fonte,heuristico_foresight,{},370.5532507924737,370.5532507924737,1,14.597843323684993,14.597843323684993,150,150,150,150,57.56503485596575,56.13372177187387,60,25.89804834197716,850,0,0,0.02589804834197716,500,150,59.694602046846924,nan,0,nan,nan,nan,nan,nan,4.77e-05,9.2e-06,1.255e-05,2.075e-05,4.77e-05,nan,nan,nan,nan,nan,nan,nan,nan,nan,nan,0,05_resultados\revisao_operacional\campanha_v1\j01663.mat,campanha_v1,,,,,1,0.9635814577975628,,,184
j01664,montecarlo,perda_fonte,miope_qp,{},592.6116232891053,592.6116232891053,1,14.754610001373313,14.75461000137331,150,150,150,150,57.9147667951044,56.47501255161039,60,24.32134429297718,1150.0008251042025,0,0,0.02432134429297718,500,150,59.99996967342122,nan,0,nan,nan,nan,nan,nan,0.0013382,0.00063845,0.0011219,0.00158565,0.0020978,0.0011809,0.000567,0.0009880499999999999,0.0013857499999999998,0.0018927,nan,nan,nan,nan,nan,0,05_resultados\revisao_operacional\campanha_v1\j01664.mat,campanha_v1,,,,,1,0.9635814577975628,,,184
j01665,montecarlo,perda_fonte,mpc_qp_v5,{},350.2148318856626,350.2148318856626,1,14.585837517777735,14.583484998346695,150,150,150,150,57.27360580575081,55.87885129327986,60.011029166453135,27.026706365594578,1835.1979051476924,0,1.9166666666666665,0.027026706365594576,500,150,59.51981735801281,0.11711501495089749,853,0,0,0.001707216483225693,333283.200808402,4015243775612013.0,0.032118,0.02320885,0.03548115,0.040806300000000004,0.0993304,0.0205684,0.01781445,0.028793850000000003,0.03540995,0.0936246,0.0080402,0.0051105000000000005,0.006549650000000001,0.00759455,0.02887,0,05_resultados\revisao_operacional\campanha_v1\j01665.mat,campanha_v1,,,,,1,0.9635814577975628,,,184
j01666,montecarlo,perda_fonte,mpc_qp_estocastico_3cen,{},350.00020550758586,350.00020550758586,1,14.583333478432031,14.58333347843203,150,150,150,150,51.481191359170076,51.481191359170076,60,40.46434104394208,1538.0680937727261,0,0.16666666666666669,0.04046434104394208,500,150,57.24203651993879,0.12160167934527522,117,0,0,0.0007838140285798545,666566.4042708572,8858386386927326.0,0.0474388,0.0540885,0.06744775,0.10947570000000001,0.1392851,0.0315977,0.0408757,0.053089899999999995,0.09644245,0.1259725,0.0130048,0.01273205,0.01390975,0.01588775,0.030428,0,05_resultados\revisao_operacional\evento_adiantado_corrigido_v1\j01666.mat,evento_adiantado_corrigido_v1,,,,,1,0.9635814577975628,,,184
j01667,montecarlo,perda_fonte,heuristico,{},592.6122638850534,592.6122638850534,1,14.754610453615202,14.754610453615202,150,150,150,150,57.93978528855198,56.5039066455025,60,24.16369944991276,850,0,0,0.02416369944991276,500,150,60,nan,0,nan,nan,nan,nan,nan,4.1e-05,8e-06,9.6e-06,1.535e-05,5.15e-05,nan,nan,nan,nan,nan,nan,nan,nan,nan,nan,0,05_resultados\revisao_operacional\campanha_v1\j01667.mat,campanha_v1,,,,,4,1.1901489138858117,,,185
j01668,montecarlo,perda_fonte,heuristico_foresight,{},536.4404372335836,536.4404372335836,1,14.71495479665965,14.714954796659645,150,150,150,150,50.75896641732253,50.75896641732253,60,43.89490951772066,707.3883145856413,0,0,0.04389490951772066,500,150,57.300404541395615,nan,0,nan,nan,nan,nan,nan,5.06e-05,8.5e-06,9.7e-06,1.2499999999999999e-05,5.06e-05,nan,nan,nan,nan,nan,nan,nan,nan,nan,nan,0,05_resultados\revisao_operacional\campanha_v1\j01668.mat,campanha_v1,,,,,4,1.1901489138858117,,,185
j01669,montecarlo,perda_fonte,miope_qp,{},592.6116232891053,592.6116232891053,1,14.754610001373313,14.75461000137331,150,150,150,150,57.9147667951044,56.47501255161039,60,24.32134429297718,1150.0008251042025,0,0,0.02432134429297718,500,150,59.99996967342122,nan,0,nan,nan,nan,nan,nan,0.001238,0.0005978,0.00090465,0.0013212,0.0024485,0.0011035,0.0005302,0.00079435,0.0011598,0.0022196,nan,nan,nan,nan,nan,0,05_resultados\revisao_operacional\campanha_v1\j01669.mat,campanha_v1,,,,,4,1.1901489138858117,,,185
j01670,montecarlo,perda_fonte,mpc_qp_v5,{},351.531878001227,351.531878001227,1,14.584414794144386,14.584414794144385,150,150,150,150,49.516127180542234,49.516127180542234,60,49.79839589242423,1459.3505846260293,0,2.5833333333333335,0.049798395892424234,500,150,56.76996614200545,7.105427357601002e-15,0,0,0,0.0022683825021658777,333283.2021354289,4843142611315303.0,0.0262126,0.030283650000000002,0.04009115,0.04929525,0.0803554,0.0175522,0.024788400000000002,0.03394415,0.040904800000000005,0.0748065,0.0065848,0.00512465,0.0064822000000000005,0.00775405,0.0198785,0,05_resultados\revisao_operacional\campanha_v1\j01670.mat,campanha_v1,,,,,4,1.1901489138858117,,,185
j01671,montecarlo,perda_fonte,mpc_qp_estocastico_3cen,{},350.0002047412805,350.0002047412805,1,14.583333477886356,14.583333477886356,150,150,150,150,39.42706122709884,39.42706122709884,60,97.72145917127976,2857.280709361832,0,0.5833333333333334,0.09772145917127976,500,150,51.78751296309379,7.105427357601002e-15,0,0,0,0.0013034013796868749,666566.4042708572,9686285222630616.0,0.0537458,0.05759725,0.0815466,0.12451955,0.1658753,0.0383242,0.0446607,0.06751025,0.1113469,0.152996,0.0122678,0.0124716,0.0131987,0.01395345,0.014527,0,05_resultados\revisao_operacional\evento_adiantado_corrigido_v1\j01671.mat,evento_adiantado_corrigido_v1,,,,,4,1.1901489138858117,,,185
j01672,montecarlo,perda_fonte,heuristico,{},592.6122638850534,592.6122638850534,1,14.754610453615202,14.754610453615202,150,150,150,150,57.93978528855198,56.5039066455025,60,24.16369944991276,850,0,0,0.02416369944991276,500,150,60,nan,0,nan,nan,nan,nan,nan,5.19e-05,7.8e-06,1e-05,1.0500000000000001e-05,5.19e-05,nan,nan,nan,nan,nan,nan,nan,nan,nan,nan,0,05_resultados\revisao_operacional\campanha_v1\j01672.mat,campanha_v1,,,,,-9,0.8411127572451752,,,186
j01673,montecarlo,perda_fonte,heuristico_foresight,{},350.13848671449864,350.13848671449864,1,14.583431100879281,14.583431100879281,150,150,150,150,57.33111672731077,55.899803643218895,60,27.00915945308827,850.0000000000001,0,0,0.02700915945308827,500,150,59.46371807036157,nan,0,nan,nan,nan,nan,nan,4.05e-05,8.9e-06,9.9e-06,1.235e-05,4.1e-05,nan,nan,nan,nan,nan,nan,nan,nan,nan,nan,0,05_resultados\revisao_operacional\campanha_v1\j01673.mat,campanha_v1,,,,,-9,0.8411127572451752,,,186
j01674,montecarlo,perda_fonte,miope_qp,{},592.6116232891053,592.6116232891053,1,14.754610001373313,14.75461000137331,150,150,150,150,57.9147667951044,56.47501255161039,60,24.32134429297718,1150.0008251042025,0,0,0.02432134429297718,500,150,59.99996967342122,nan,0,nan,nan,nan,nan,nan,0.001206,0.0005632,0.0006418,0.0007930000000000001,0.001206,0.0010633,0.0005015,0.0005686,0.0007174,0.0010633,nan,nan,nan,nan,nan,0,05_resultados\revisao_operacional\campanha_v1\j01674.mat,campanha_v1,,,,,-9,0.8411127572451752,,,186
j01675,montecarlo,perda_fonte,mpc_qp_v5,{},350.0011444531115,350.0011444531115,1,14.58777825830577,14.58333414129916,150,150,150,150,56.897177364916146,55.5018873437095,60.05067506576575,29.217084242780267,1765.4647420749143,0,1.0833333333333335,0.029217084242780265,500,150,59.1428543557758,0.11697733187603632,852,0,0,0.0034018125941202015,333283.200808402,4015243775612013.0,0.0209226,0.02250395,0.03550805,0.040463650000000004,0.1228705,0.0135933,0.0170177,0.02956475,0.0351369,0.1173472,0.0050414,0.00510465,0.005900000000000001,0.00650635,0.0116123,0,05_resultados\revisao_operacional\campanha_v1\j01675.mat,campanha_v1,,,,,-9,0.8411127572451752,,,186
j01676,montecarlo,perda_fonte,mpc_qp_estocastico_3cen,{},350.0000032285399,350.0000032285399,1,14.583333335636388,14.583333335636386,150,150,150,150,56.4385364004421,55.23096109756452,60.03234496815334,29.332469548616828,1511.527692773757,0,0.08333333333333334,0.02933246954861683,500,150,58.87315880530853,0.11704062759172729,899,0,0,1.0118128557223827e-11,666566.4016168036,8030487551224027.0,0.0435583,0.051368,0.0654469,0.1026736,0.2973557,0.0277853,0.03875895,0.0517764,0.089507,0.2845091,0.0133385,0.0123051,0.0135851,0.0148992,0.0170846,0,05_resultados\revisao_operacional\evento_adiantado_corrigido_v1\j01676.mat,evento_adiantado_corrigido_v1,,,,,-9,0.8411127572451752,,,186
j01677,montecarlo,perda_fonte,heuristico,{},592.6122638850534,592.6122638850534,1,14.754610453615202,14.754610453615202,150,150,150,150,57.93978528855198,56.5039066455025,60,24.16369944991276,850,0,0,0.02416369944991276,500,150,60,nan,0,nan,nan,nan,nan,nan,3.73e-05,7.9e-06,9.9e-06,1.69e-05,4.92e-05,nan,nan,nan,nan,nan,nan,nan,nan,nan,nan,0,05_resultados\revisao_operacional\campanha_v1\j01677.mat,campanha_v1,,,,,5,0.9287182672095755,,,187
j01678,montecarlo,perda_fonte,heuristico_foresight,{},402.9015293790226,402.9015293790226,1,14.620680256631648,14.620680256631648,150,150,150,150,57.54668202945504,56.12592450091872,60,25.879529823458643,850,0,0,0.025879529823458643,500,150,59.775564251996556,nan,0,nan,nan,nan,nan,nan,4.02e-05,8.7e-06,1.09e-05,1.285e-05,5.84e-05,nan,nan,nan,nan,nan,nan,nan,nan,nan,nan,0,05_resultados\revisao_operacional\campanha_v1\j01678.mat,campanha_v1,,,,,5,0.9287182672095755,,,187
j01679,montecarlo,perda_fonte,miope_qp,{},592.6116232891053,592.6116232891053,1,14.754610001373313,14.75461000137331,150,150,150,150,57.9147667951044,56.47501255161039,60,24.32134429297718,1150.0008251042025,0,0,0.02432134429297718,500,150,59.99996967342122,nan,0,nan,nan,nan,nan,nan,0.0011973,0.0005657500000000001,0.0006582000000000001,0.0008160000000000001,0.0011973,0.0010494,0.00050355,0.0005835,0.00073005,0.0010494,nan,nan,nan,nan,nan,0,05_resultados\revisao_operacional\campanha_v1\j01679.mat,campanha_v1,,,,,5,0.9287182672095755,,,187
j01680,montecarlo,perda_fonte,mpc_qp_v5,{},350.86877320337567,350.86877320337567,1,14.586690260670288,14.583946661667628,150,150,150,150,57.17843525197912,55.794115621391065,60.02317762003497,27.49592475999594,1722.4152593492877,0,1.5,0.02749592475999594,500,150,59.52851699958274,0.11707511916984714,853,0,0,0.0037444036990450513,333283.200808402,4015243775612013.0,0.0211805,0.0223328,0.03182905,0.03918805,0.0432488,0.0135801,0.017188099999999998,0.0261791,0.0339181,0.0374118,0.0055968,0.0049239999999999996,0.0056076500000000005,0.0061267000000000005,0.0088569,0,05_resultados\revisao_operacional\campanha_v1\j01680.mat,campanha_v1,,,,,5,0.9287182672095755,,,187
j01681,montecarlo,perda_fonte,mpc_qp_estocastico_3cen,{},350.0071260954667,350.0071260954667,1,14.583338364159411,14.58333836415941,150,150,150,150,53.265188604667564,53.265188604667564,60,31.990354127829843,1772.1932374555358,0,0.16666666666666669,0.03199035412782984,500,150,58.122899809558554,7.105427357601002e-15,0,0,0,0.021939974693907516,666566.4042708572,8858386386927326.0,0.0493354,0.0545355,0.07666165,0.11190585,0.1990268,0.0344368,0.041595850000000004,0.06378634999999999,0.09902665,0.1860714,0.0122996,0.0125286,0.01329855,0.014245,0.0240314,0,05_resultados\revisao_operacional\evento_adiantado_corrigido_v1\j01681.mat,evento_adiantado_corrigido_v1,,,,,5,0.9287182672095755,,,187
j01682,montecarlo,perda_fonte,heuristico,{},592.6122638850534,592.6122638850534,1,14.754610453615202,14.754610453615202,150,150,150,150,57.93978528855198,56.5039066455025,60,24.16369944991276,850,0,0,0.02416369944991276,500,150,60,nan,0,nan,nan,nan,nan,nan,3.73e-05,8.1e-06,1.02e-05,1.63e-05,6.07e-05,nan,nan,nan,nan,nan,nan,nan,nan,nan,nan,0,05_resultados\revisao_operacional\campanha_v1\j01682.mat,campanha_v1,,,,,-8,0.926861826143357,,,188
j01683,montecarlo,perda_fonte,heuristico_foresight,{},350.22832599190326,350.22832599190326,1,14.583494524765921,14.583494524765921,150,150,150,150,57.35450854017627,55.92319545608439,60,26.89804834197716,850,0,0,0.02689804834197716,500,150,59.48709653082988,nan,0,nan,nan,nan,nan,nan,4.37e-05,8.9e-06,1.11e-05,1.395e-05,4.37e-05,nan,nan,nan,nan,nan,nan,nan,nan,nan,nan,0,05_resultados\revisao_operacional\campanha_v1\j01683.mat,campanha_v1,,,,,-8,0.926861826143357,,,188
j01684,montecarlo,perda_fonte,miope_qp,{},592.6116232891053,592.6116232891053,1,14.754610001373313,14.75461000137331,150,150,150,150,57.9147667951044,56.47501255161039,60,24.32134429297718,1150.0008251042025,0,0,0.02432134429297718,500,150,59.99996967342122,nan,0,nan,nan,nan,nan,nan,0.0013713,0.0006062000000000001,0.0007754999999999999,0.00100075,0.0013713,0.0011703,0.0005384,0.00068505,0.0008598,0.0011703,nan,nan,nan,nan,nan,0,05_resultados\revisao_operacional\campanha_v1\j01684.mat,campanha_v1,,,,,-8,0.926861826143357,,,188
j01685,montecarlo,perda_fonte,mpc_qp_v5,{},350.0024762767319,350.0024762767319,1,14.586153724586707,14.58333508152594,150,150,150,150,57.00014562000625,55.60525700544271,60.022723374544135,28.44408098537799,1767.8348021880588,0,1.7500000000000002,0.02844408098537799,500,150,59.24624536381875,0.1170738927391568,853,0,0,0.0014764347968707625,333283.200808402,4015243775612013.0,0.0273641,0.02305175,0.03368935,0.04121345,0.0568917,0.0187348,0.01772435,0.0279769,0.03547215,0.0515767,0.0060583,0.0050345,0.0061982,0.0072363,0.0121328,0,05_resultados\revisao_operacional\campanha_v1\j01685.mat,campanha_v1,,,,,-8,0.926861826143357,,,188
j01686,montecarlo,perda_fonte,mpc_qp_estocastico_3cen,{},350.00000564182733,350.00000564182733,1,14.583333337328172,14.58333333732817,150,150,150,150,53.26844714796601,53.26844714796601,60,31.97487604716188,1951.597756284565,0,0.16666666666666669,0.031974876047161885,500,150,57.98842171518215,0.11957338243090021,114,0,0,6.821210263296962e-12,666566.4042708572,8858386386927326.0,0.0506557,0.053246299999999996,0.07956305,0.10859674999999999,0.1481594,0.034121,0.04013295,0.06410545000000001,0.09557935000000001,0.1352814,0.013478,0.0126865,0.0134369,0.014433399999999999,0.0183781,0,05_resultados\revisao_operacional\evento_adiantado_corrigido_v1\j01686.mat,evento_adiantado_corrigido_v1,,,,,-8,0.926861826143357,,,188
j01687,montecarlo,perda_fonte,heuristico,{},592.6122638850534,592.6122638850534,1,14.754610453615202,14.754610453615202,150,150,150,150,57.93978528855198,56.5039066455025,60,24.16369944991276,850,0,0,0.02416369944991276,500,150,60,nan,0,nan,nan,nan,nan,nan,4.48e-05,8e-06,1.005e-05,1.835e-05,4.48e-05,nan,nan,nan,nan,nan,nan,nan,nan,nan,nan,0,05_resultados\revisao_operacional\campanha_v1\j01687.mat,campanha_v1,,,,,-10,0.8863493877189811,,,189
j01688,montecarlo,perda_fonte,heuristico_foresight,{},350.0839964383063,350.0839964383063,1,14.583392632347477,14.583392632347477,150,150,150,150,57.307724914445274,55.8764118303534,60,27.12027056419938,850,0,0,0.02712027056419938,500,150,59.44033435613435,nan,0,nan,nan,nan,nan,nan,4.3e-05,8.6e-06,1.115e-05,2.16e-05,5.51e-05,nan,nan,nan,nan,nan,nan,nan,nan,nan,nan,0,05_resultados\revisao_operacional\campanha_v1\j01688.mat,campanha_v1,,,,,-10,0.8863493877189811,,,189
j01689,montecarlo,perda_fonte,miope_qp,{},592.6116232891053,592.6116232891053,1,14.754610001373313,14.75461000137331,150,150,150,150,57.9147667951044,56.47501255161039,60,24.32134429297718,1150.0008251042025,0,0,0.02432134429297718,500,150,59.99996967342122,nan,0,nan,nan,nan,nan,nan,0.0013568,0.00057105,0.00070445,0.00089335,0.0022372,0.0012117,0.0005074,0.0006277,0.00080655,0.0020751,nan,nan,nan,nan,nan,0,05_resultados\revisao_operacional\campanha_v1\j01689.mat,campanha_v1,,,,,-10,0.8863493877189811,,,189
j01690,montecarlo,perda_fonte,mpc_qp_v5,{},350.00093231100414,350.00093231100414,1,14.587092456816526,14.583333991524094,150,150,150,150,56.868993870892126,55.47388197651348,60.03575272449831,29.19975246807086,1695.8848572992824,0,1.25,0.02919975246807086,500,150,59.11486037019542,0.1170284210434076,852,0,0,0.006550611379793736,333283.200808402,4015243775612013.0,0.0204596,0.0223555,0.0329804,0.039786100000000005,0.0997145,0.0134733,0.0170778,0.02692825,0.0339809,0.0940319,0.0051246,0.005123249999999999,0.0058984499999999995,0.00632715,0.0305334,0,05_resultados\revisao_operacional\campanha_v1\j01690.mat,campanha_v1,,,,,-10,0.8863493877189811,,,189
j01691,montecarlo,perda_fonte,mpc_qp_estocastico_3cen,{},350.00000129480725,350.00000129480725,1,14.583333334256949,14.583333334256949,150,150,150,150,55.28540025084803,55.179153792702635,60.01635511735204,23.621977742070957,1543.339169190977,0,0.16666666666666669,0.023621977742070956,500,150,58.83299551744889,0.11709569293537214,1057,0,0,0.3026259639879072,666566.4016168036,8030487551224027.0,0.0462405,0.05287285,0.062120449999999994,0.1064976,0.1779411,0.0304787,0.040269349999999995,0.04767825,0.0936002,0.1654471,0.0129831,0.0123592,0.01316035,0.014538249999999999,0.0181301,0,05_resultados\revisao_operacional\evento_adiantado_corrigido_v1\j01691.mat,evento_adiantado_corrigido_v1,,,,,-10,0.8863493877189811,,,189
j01692,montecarlo,perda_fonte,heuristico,{},592.6122638850534,592.6122638850534,1,14.754610453615202,14.754610453615202,150,150,150,150,57.93978528855198,56.5039066455025,60,24.16369944991276,850,0,0,0.02416369944991276,500,150,60,nan,0,nan,nan,nan,nan,nan,3.63e-05,7.9e-06,9.1e-06,1.44e-05,4.05e-05,nan,nan,nan,nan,nan,nan,nan,nan,nan,nan,0,05_resultados\revisao_operacional\campanha_v1\j01692.mat,campanha_v1,,,,,-7,1.1354311302780402,,,190
j01693,montecarlo,perda_fonte,heuristico_foresight,{},353.87067047413734,353.87067047413734,1,14.586065912807078,14.586065912807074,150,150,150,150,53.16608606420941,53.16608606420941,60,32.46109119499425,748.4266522914698,0,0,0.032461091194994254,500,150,58.36448381721021,nan,0,nan,nan,nan,nan,nan,4.13e-05,8.3e-06,1.06e-05,1.14e-05,4.13e-05,nan,nan,nan,nan,nan,nan,nan,nan,nan,nan,0,05_resultados\revisao_operacional\campanha_v1\j01693.mat,campanha_v1,,,,,-7,1.1354311302780402,,,190
j01694,montecarlo,perda_fonte,miope_qp,{},592.6116232891053,592.6116232891053,1,14.754610001373313,14.75461000137331,150,150,150,150,57.9147667951044,56.47501255161039,60,24.32134429297718,1150.0008251042025,0,0,0.02432134429297718,500,150,59.99996967342122,nan,0,nan,nan,nan,nan,nan,0.0011918,0.0005659,0.0006691500000000001,0.00083655,0.0011918,0.0010571,0.0005039,0.00059175,0.00076255,0.0010571,nan,nan,nan,nan,nan,0,05_resultados\revisao_operacional\campanha_v1\j01694.mat,campanha_v1,,,,,-7,1.1354311302780402,,,190
j01695,montecarlo,perda_fonte,mpc_qp_v5,{},350.00335252478385,350.00335252478385,1,14.583335700123172,14.583335700123172,150,150,150,150,51.81007880236883,51.81007880236883,60,38.902125688748605,1357.5958943500884,0,2.3333333333333335,0.0389021256887486,500,150,57.77183696132189,7.105427357601002e-15,0,0,0,0.0008376559222824653,333283.2021354289,4843142611315303.0,0.0248325,0.030576649999999997,0.04033745,0.04679525,0.0755834,0.0169607,0.0249756,0.03356555,0.03993355,0.0478077,0.0055462,0.005309400000000001,0.0064461,0.00855235,0.0377619,0,05_resultados\revisao_operacional\campanha_v1\j01695.mat,campanha_v1,,,,,-7,1.1354311302780402,,,190
j01696,montecarlo,perda_fonte,mpc_qp_estocastico_3cen,{},350.0000060857505,350.0000060857505,1,14.583333337642571,14.583333337642568,150,150,150,150,42.15813796471618,42.15813796471618,60,84.74884466759858,3127.0317936827523,0,0.5833333333333334,0.08474884466759858,500,150,52.97764496080797,7.105427357601002e-15,0,0,0,4.547473508864641e-12,666566.4042708572,9686285222630616.0,0.0537125,0.06289924999999999,0.07668810000000001,0.11408360000000001,0.1816408,0.037391,0.0498795,0.06355374999999999,0.10132574999999999,0.1683484,0.0134337,0.01269985,0.0136532,0.01451845,0.0155562,0,05_resultados\revisao_operacional\evento_adiantado_corrigido_v1\j01696.mat,evento_adiantado_corrigido_v1,,,,,-7,1.1354311302780402,,,190
j01697,montecarlo,perda_fonte,heuristico,{},592.6122638850534,592.6122638850534,1,14.754610453615202,14.754610453615202,150,150,150,150,57.93978528855198,56.5039066455025,60,24.16369944991276,850,0,0,0.02416369944991276,500,150,60,nan,0,nan,nan,nan,nan,nan,4.06e-05,8e-06,1.0549999999999999e-05,1.825e-05,6.15e-05,nan,nan,nan,nan,nan,nan,nan,nan,nan,nan,0,05_resultados\revisao_operacional\campanha_v1\j01697.mat,campanha_v1,,,,,2,0.9887395652128215,,,191
j01698,montecarlo,perda_fonte,heuristico_foresight,{},378.6403238930874,378.6403238930874,1,14.603552559360063,14.603552559360063,150,150,150,150,57.56161623998138,56.132942044778396,60,25.887863156791976,850,0,0,0.025887863156791976,500,150,59.71601218826426,nan,0,nan,nan,nan,nan,nan,4.01e-05,8.9e-06,1.12e-05,1.455e-05,4.01e-05,nan,nan,nan,nan,nan,nan,nan,nan,nan,nan,0,05_resultados\revisao_operacional\campanha_v1\j01698.mat,campanha_v1,,,,,2,0.9887395652128215,,,191
j01699,montecarlo,perda_fonte,miope_qp,{},592.6116232891053,592.6116232891053,1,14.754610001373313,14.75461000137331,150,150,150,150,57.9147667951044,56.47501255161039,60,24.32134429297718,1150.0008251042025,0,0,0.02432134429297718,500,150,59.99996967342122,nan,0,nan,nan,nan,nan,nan,0.0012312,0.00060975,0.0007866500000000001,0.00099045,0.0027,0.001073,0.0005415,0.0006927,0.0008523999999999999,0.0024988,nan,nan,nan,nan,nan,0,05_resultados\revisao_operacional\campanha_v1\j01699.mat,campanha_v1,,,,,2,0.9887395652128215,,,191
j01700,montecarlo,perda_fonte,mpc_qp_v5,{},350.36737488591984,350.36737488591984,1,14.58536259304598,14.583592689215504,150,150,150,150,57.1974638115785,55.80548275990344,60.00250107457666,27.275216606549105,1522.636068912852,0,2.083333333333333,0.027275216606549104,500,150,59.46979829091915,0.1171436325321693,941,0,0,0.0015497443878302875,333283.200808402,4015243775612013.0,0.0233194,0.025207649999999998,0.03463525,0.041499549999999996,0.0742353,0.0155616,0.019320749999999998,0.027918850000000002,0.03527475,0.0683837,0.0056602,0.0053603999999999995,0.00656555,0.00769975,0.0120875,0,05_resultados\revisao_operacional\campanha_v1\j01700.mat,campanha_v1,,,,,2,0.9887395652128215,,,191
j01701,montecarlo,perda_fonte,mpc_qp_estocastico_3cen,{},350.0003620279474,350.0003620279474,1,14.583333588924676,14.583333588924674,150,150,150,150,50.13668406014958,50.13668406014958,60,46.85075071428881,1944.2203997541956,0,0.16666666666666669,0.046850750714288805,500,150,56.630640965916484,0.1303228329484014,116,0,0,0.020160347667115275,666566.4042708572,8858386386927326.0,0.0480702,0.054679599999999995,0.07152235,0.10879465,0.1503846,0.0319756,0.0418378,0.05904265,0.0955049,0.1374905,0.0126561,0.01255895,0.0133218,0.01398365,0.0155676,0,05_resultados\revisao_operacional\evento_adiantado_corrigido_v1\j01701.mat,evento_adiantado_corrigido_v1,,,,,2,0.9887395652128215,,,191
j01702,montecarlo,perda_fonte,heuristico,{},592.6122638850534,592.6122638850534,1,14.754610453615202,14.754610453615202,150,150,150,150,57.93978528855198,56.5039066455025,60,24.16369944991276,850,0,0,0.02416369944991276,500,150,60,nan,0,nan,nan,nan,nan,nan,4.01e-05,8.1e-06,9.4e-06,1.465e-05,4.01e-05,nan,nan,nan,nan,nan,nan,nan,nan,nan,nan,0,05_resultados\revisao_operacional\campanha_v1\j01702.mat,campanha_v1,,,,,1,0.940415773233021,,,192
j01703,montecarlo,perda_fonte,heuristico_foresight,{},370.5532507924737,370.5532507924737,1,14.597843323684993,14.597843323684993,150,150,150,150,57.56503485596575,56.13372177187387,60,25.89804834197716,850,0,0,0.02589804834197716,500,150,59.694602046846924,nan,0,nan,nan,nan,nan,nan,4.52e-05,8.9e-06,1e-05,1.3049999999999999e-05,4.52e-05,nan,nan,nan,nan,nan,nan,nan,nan,nan,nan,0,05_resultados\revisao_operacional\campanha_v1\j01703.mat,campanha_v1,,,,,1,0.940415773233021,,,192
j01704,montecarlo,perda_fonte,miope_qp,{},592.6116232891053,592.6116232891053,1,14.754610001373313,14.75461000137331,150,150,150,150,57.9147667951044,56.47501255161039,60,24.32134429297718,1150.0008251042025,0,0,0.02432134429297718,500,150,59.99996967342122,nan,0,nan,nan,nan,nan,nan,0.0012916,0.0005753500000000001,0.000699,0.0008725,0.0012916,0.0011456,0.0005122,0.00062365,0.00077965,0.0011456,nan,nan,nan,nan,nan,0,05_resultados\revisao_operacional\campanha_v1\j01704.mat,campanha_v1,,,,,1,0.940415773233021,,,192
j01705,montecarlo,perda_fonte,mpc_qp_v5,{},350.20622159432196,350.20622159432196,1,14.586118707908085,14.583478919723525,150,150,150,150,57.24868213428965,55.853841123679075,60.018883206761636,27.22460367028467,1863.8857038921487,0,1.8333333333333333,0.027224603670284668,500,150,59.494802648060976,0.11708867959129776,853,0,0,0.0004129736466893519,333283.200808402,4015243775612013.0,0.0214769,0.02304895,0.0325627,0.0400754,0.0960894,0.0136545,0.017742149999999998,0.02665295,0.0341433,0.0905572,0.0054829,0.0051938,0.0059349,0.0062460499999999995,0.0066087,0,05_resultados\revisao_operacional\campanha_v1\j01705.mat,campanha_v1,,,,,1,0.940415773233021,,,192
j01706,montecarlo,perda_fonte,mpc_qp_estocastico_3cen,{},350.0000186106988,350.0000186106988,1,14.583333346484123,14.583333346484121,150,150,150,150,52.55873496839516,52.55873496839516,60,35.34600890012338,816.5982297992899,0,0,0.03534600890012338,500,150,57.662510263999216,7.105427357601002e-15,0,0,0,3.410605131648481e-13,666566.4042708572,8858386386927326.0,0.0513317,0.053584400000000004,0.0645844,0.10626125,0.1261371,0.0359878,0.04058655,0.05191315,0.0934685,0.1113134,0.0123447,0.0126047,0.0135648,0.01450375,0.0156311,0,05_resultados\revisao_operacional\evento_adiantado_corrigido_v1\j01706.mat,evento_adiantado_corrigido_v1,,,,,1,0.940415773233021,,,192
j01707,montecarlo,perda_fonte,heuristico,{},592.6122638850534,592.6122638850534,1,14.754610453615202,14.754610453615202,150,150,150,150,57.93978528855198,56.5039066455025,60,24.16369944991276,850,0,0,0.02416369944991276,500,150,60,nan,0,nan,nan,nan,nan,nan,3.66e-05,8e-06,9.1e-06,9.7e-06,3.66e-05,nan,nan,nan,nan,nan,nan,nan,nan,nan,nan,0,05_resultados\revisao_operacional\campanha_v1\j01707.mat,campanha_v1,,,,,-7,0.8635838143225222,,,193
j01708,montecarlo,perda_fonte,heuristico_foresight,{},350.3764459195046,350.3764459195046,1,14.583599093076895,14.583599093076895,150,150,150,150,57.37790035304177,55.94658726894989,60,26.786937230866048,850,0,0,0.02678693723086605,500,150,59.51046632931412,nan,0,nan,nan,nan,nan,nan,4.12e-05,8.9e-06,1e-05,1.64e-05,4.12e-05,nan,nan,nan,nan,nan,nan,nan,nan,nan,nan,0,05_resultados\revisao_operacional\campanha_v1\j01708.mat,campanha_v1,,,,,-7,0.8635838143225222,,,193
j01709,montecarlo,perda_fonte,miope_qp,{},592.6116232891053,592.6116232891053,1,14.754610001373313,14.75461000137331,150,150,150,150,57.9147667951044,56.47501255161039,60,24.32134429297718,1150.0008251042025,0,0,0.02432134429297718,500,150,59.99996967342122,nan,0,nan,nan,nan,nan,nan,0.0012029,0.0006008999999999999,0.00071375,0.0009751,0.0012029,0.0010697,0.00053415,0.00063615,0.0008501,0.0010697,nan,nan,nan,nan,nan,0,05_resultados\revisao_operacional\campanha_v1\j01709.mat,campanha_v1,,,,,-7,0.8635838143225222,,,193
j01710,montecarlo,perda_fonte,mpc_qp_v5,{},350.00552749562604,350.00552749562604,1,14.587458478863645,14.583337235591864,150,150,150,150,56.94973350622137,55.55452577808703,60.0436480254291,28.896255693629644,1901.7368978248264,0,1.25,0.028896255693629646,500,150,59.19549778894033,0.11700238559230769,852,0,0,0.005643926447703507,333283.200808402,4015243775612013.0,0.0232262,0.022391750000000002,0.03320705,0.04031755,0.0990637,0.0145273,0.01706385,0.027140400000000002,0.034572099999999995,0.0933756,0.0063461,0.00504305,0.005686500000000001,0.005988200000000001,0.0085009,0,05_resultados\revisao_operacional\campanha_v1\j01710.mat,campanha_v1,,,,,-7,0.8635838143225222,,,193
j01711,montecarlo,perda_fonte,mpc_qp_estocastico_3cen,{},350.00000647488037,350.00000647488037,1,14.58333333794201,14.583333337942008,150,150,150,150,55.93951208515896,55.2781718491304,60.024688089520026,26.156627539475142,1457.2286386436313,0,0.08333333333333334,0.026156627539475143,500,150,58.92528874993624,0.1170674907132252,938,0,0,2.2168933355715126e-12,666566.4016168036,8030487551224027.0,0.0423126,0.0540098,0.06459765,0.10487160000000001,0.3197861,0.026788,0.04130775,0.0486876,0.09173235,0.3062732,0.0129951,0.012388,0.0133401,0.0142559,0.0290466,0,05_resultados\revisao_operacional\evento_adiantado_corrigido_v1\j01711.mat,evento_adiantado_corrigido_v1,,,,,-7,0.8635838143225222,,,193
j01712,montecarlo,perda_fonte,heuristico,{},592.6122638850534,592.6122638850534,1,14.754610453615202,14.754610453615202,150,150,150,150,57.93978528855198,56.5039066455025,60,24.16369944991276,850,0,0,0.02416369944991276,500,150,60,nan,0,nan,nan,nan,nan,nan,4.1e-05,8e-06,9.2e-06,1.18e-05,4.1e-05,nan,nan,nan,nan,nan,nan,nan,nan,nan,nan,0,05_resultados\revisao_operacional\campanha_v1\j01712.mat,campanha_v1,,,,,-3,1.0995540255190774,,,194
j01713,montecarlo,perda_fonte,heuristico_foresight,{},380.8093303449517,380.8093303449517,1,14.605083814099617,14.605083814099617,150,150,150,150,54.891104604215066,54.891104604215066,60,24.267253129977785,775.3344808606919,0,0,0.024267253129977785,500,150,59.222467743225664,nan,0,nan,nan,nan,nan,nan,4.28e-05,8.6e-06,1.11e-05,2.43e-05,5.39e-05,nan,nan,nan,nan,nan,nan,nan,nan,nan,nan,0,05_resultados\revisao_operacional\campanha_v1\j01713.mat,campanha_v1,,,,,-3,1.0995540255190774,,,194
j01714,montecarlo,perda_fonte,miope_qp,{},592.6116232891053,592.6116232891053,1,14.754610001373313,14.75461000137331,150,150,150,150,57.9147667951044,56.47501255161039,60,24.32134429297718,1150.0008251042025,0,0,0.02432134429297718,500,150,59.99996967342122,nan,0,nan,nan,nan,nan,nan,0.0012104,0.00057845,0.0006935,0.0008838,0.0027979,0.0010724,0.00051475,0.00061965,0.0007874500000000001,0.0027033,nan,nan,nan,nan,nan,0,05_resultados\revisao_operacional\campanha_v1\j01714.mat,campanha_v1,,,,,-3,1.0995540255190774,,,194
j01715,montecarlo,perda_fonte,mpc_qp_v5,{},350.08265962102337,350.08265962102337,1,14.583391688605962,14.583391688605962,150,150,150,150,53.534570910439314,53.534570910439314,60,30.710788175412794,1870.9180449874552,0,2,0.030710788175412795,500,150,58.67873551160653,7.105427357601002e-15,0,0,0,0.0001509671815256297,333283.2021354289,4843142611315303.0,0.0269149,0.029654899999999998,0.03702855,0.0473768,0.0979625,0.0188501,0.02384745,0.030570649999999998,0.0412779,0.0917923,0.0061395,0.005451050000000001,0.0062667,0.0067751,0.008223,0,05_resultados\revisao_operacional\campanha_v1\j01715.mat,campanha_v1,,,,,-3,1.0995540255190774,,,194
j01716,montecarlo,perda_fonte,mpc_qp_estocastico_3cen,{},350.0000044999941,350.0000044999941,1,14.583333336534384,14.583333336534382,150,150,150,150,43.92390097578808,43.92390097578808,60,76.36147036500702,2105.7763767018005,0,0.25,0.07636147036500703,500,150,53.75298704069827,7.105427357601002e-15,0,0,0,4.433786671143025e-12,666566.4042708572,9686285222630616.0,0.0508292,0.06469079999999999,0.0731623,0.1083161,0.1839087,0.0337707,0.0516028,0.0604677,0.09524945,0.171119,0.0138105,0.0126398,0.013423250000000001,0.0142265,0.0168554,0,05_resultados\revisao_operacional\evento_adiantado_corrigido_v1\j01716.mat,evento_adiantado_corrigido_v1,,,,,-3,1.0995540255190774,,,194
j01717,montecarlo,perda_fonte,heuristico,{},592.6122638850534,592.6122638850534,1,14.754610453615202,14.754610453615202,150,150,150,150,57.93978528855198,56.5039066455025,60,24.16369944991276,850,0,0,0.02416369944991276,500,150,60,nan,0,nan,nan,nan,nan,nan,3.74e-05,7.8e-06,9.2e-06,1.1350000000000001e-05,3.74e-05,nan,nan,nan,nan,nan,nan,nan,nan,nan,nan,0,05_resultados\revisao_operacional\campanha_v1\j01717.mat,campanha_v1,,,,,4,0.9081897863720118,,,195
j01718,montecarlo,perda_fonte,heuristico_foresight,{},394.81446450292935,394.81446450292935,1,14.614971026762849,14.614971026762849,150,150,150,150,57.55243982672598,56.12904340930077,60,25.878603897532717,850.0000000000001,0,0,0.02587860389753272,500,150,59.7564932906434,nan,0,nan,nan,nan,nan,nan,4.31e-05,8.8e-06,9.9e-06,1.4000000000000001e-05,4.31e-05,nan,nan,nan,nan,nan,nan,nan,nan,nan,nan,0,05_resultados\revisao_operacional\campanha_v1\j01718.mat,campanha_v1,,,,,4,0.9081897863720118,,,195
j01719,montecarlo,perda_fonte,miope_qp,{},592.6116232891053,592.6116232891053,1,14.754610001373313,14.75461000137331,150,150,150,150,57.9147667951044,56.47501255161039,60,24.32134429297718,1150.0008251042025,0,0,0.02432134429297718,500,150,59.99996967342122,nan,0,nan,nan,nan,nan,nan,0.0012724,0.00057145,0.00068335,0.0008564,0.0012724,0.0011298,0.0005083,0.0005983,0.00076885,0.0011298,nan,nan,nan,nan,nan,0,05_resultados\revisao_operacional\campanha_v1\j01719.mat,campanha_v1,,,,,4,0.9081897863720118,,,195
j01720,montecarlo,perda_fonte,mpc_qp_v5,{},350.53093189742515,350.53093189742515,1,14.5869905333884,14.583708155645349,150,150,150,150,57.1008573628236,55.71377379598194,60.03013045587601,27.961715306695776,1602.1672554369152,0,1.3333333333333335,0.027961715306695775,500,150,59.42482840466904,0.1170517847928636,852,0,0,0.048066157801031295,333283.200808402,4015243775612013.0,0.0213704,0.02298095,0.0319237,0.03885185,0.0971129,0.0139447,0.017535250000000002,0.02604935,0.0335557,0.091347,0.0056854,0.00509485,0.0059167,0.00655885,0.0075845,0,05_resultados\revisao_operacional\campanha_v1\j01720.mat,campanha_v1,,,,,4,0.9081897863720118,,,195
j01721,montecarlo,perda_fonte,mpc_qp_estocastico_3cen,{},350.00192676005867,350.00192676005867,1,14.58333469358107,14.583334693581069,150,150,150,150,54.41161286683567,54.41161286683567,60,26.544838882531298,1899.522516538599,0,0.16666666666666669,0.0265448388825313,500,150,58.67098760717128,0.12390334392996749,58,0,0,0.03711105697266248,666566.4042708572,8858386386927326.0,0.0514049,0.05417775,0.07478635,0.1087332,0.1661553,0.0358772,0.041234,0.06214795,0.09547040000000001,0.1532543,0.0125827,0.01255115,0.013754,0.01496155,0.0170662,0,05_resultados\revisao_operacional\evento_adiantado_corrigido_v1\j01721.mat,evento_adiantado_corrigido_v1,,,,,4,0.9081897863720118,,,195
j01722,montecarlo,perda_fonte,heuristico,{},592.6122638850534,592.6122638850534,1,14.754610453615202,14.754610453615202,150,150,150,150,57.93978528855198,56.5039066455025,60,24.16369944991276,850,0,0,0.02416369944991276,500,150,60,nan,0,nan,nan,nan,nan,nan,4.27e-05,8.2e-06,9.5e-06,1.82e-05,9.59e-05,nan,nan,nan,nan,nan,nan,nan,nan,nan,nan,0,05_resultados\revisao_operacional\campanha_v1\j01722.mat,campanha_v1,,,,,4,0.9855232192764111,,,196
j01723,montecarlo,perda_fonte,heuristico_foresight,{},394.81446450292935,394.81446450292935,1,14.614971026762849,14.614971026762849,150,150,150,150,57.55243982672598,56.12904340930077,60,25.878603897532717,850.0000000000001,0,0,0.02587860389753272,500,150,59.7564932906434,nan,0,nan,nan,nan,nan,nan,4.73e-05,9e-06,1e-05,1.115e-05,4.73e-05,nan,nan,nan,nan,nan,nan,nan,nan,nan,nan,0,05_resultados\revisao_operacional\campanha_v1\j01723.mat,campanha_v1,,,,,4,0.9855232192764111,,,196
j01724,montecarlo,perda_fonte,miope_qp,{},592.6116232891053,592.6116232891053,1,14.754610001373313,14.75461000137331,150,150,150,150,57.9147667951044,56.47501255161039,60,24.32134429297718,1150.0008251042025,0,0,0.02432134429297718,500,150,59.99996967342122,nan,0,nan,nan,nan,nan,nan,0.0012881,0.000632,0.0012782000000000002,0.0017055500000000001,0.0022243,0.0011448,0.0005611500000000001,0.00112445,0.00150155,0.0019217,nan,nan,nan,nan,nan,0,05_resultados\revisao_operacional\campanha_v1\j01724.mat,campanha_v1,,,,,4,0.9855232192764111,,,196
j01725,montecarlo,perda_fonte,mpc_qp_v5,{},350.9003469746697,350.9003469746697,1,14.585928790792437,14.583968951830943,150,150,150,150,57.210134328486674,55.82339296521078,60.00362125845682,27.17378240203769,1885.17108926145,0,1.8333333333333333,0.027173782402037692,500,150,59.534412104580085,0.1171399522487846,850,0,0,0.00435730716208127,333283.200808402,4015243775612013.0,0.0251366,0.02381335,0.0340679,0.042138850000000005,0.0943342,0.0167048,0.0183281,0.027207250000000002,0.03611755,0.0886831,0.0064064,0.0054189500000000005,0.0064782,0.00715585,0.0246912,0,05_resultados\revisao_operacional\campanha_v1\j01725.mat,campanha_v1,,,,,4,0.9855232192764111,,,196
j01726,montecarlo,perda_fonte,mpc_qp_estocastico_3cen,{},350.00098570433533,350.00098570433533,1,14.58333402922081,14.58333402922081,150,150,150,150,50.30603815109698,50.30603815109698,60,46.046318782289504,1942.5127166904222,0,0.16666666666666669,0.04604631878228951,500,150,56.74531080862772,0.1303200018384203,116,0,0,0.004275796795013775,666566.4042708572,8858386386927326.0,0.0473815,0.05370495,0.07757510000000001,0.10888285,0.1510027,0.0321316,0.040513900000000005,0.0641008,0.09561215,0.1382169,0.0120834,0.012789749999999999,0.014223550000000001,0.01596785,0.0199814,0,05_resultados\revisao_operacional\evento_adiantado_corrigido_v1\j01726.mat,evento_adiantado_corrigido_v1,,,,,4,0.9855232192764111,,,196
j01727,montecarlo,perda_fonte,heuristico,{},592.6122638850534,592.6122638850534,1,14.754610453615202,14.754610453615202,150,150,150,150,57.93978528855198,56.5039066455025,60,24.16369944991276,850,0,0,0.02416369944991276,500,150,60,nan,0,nan,nan,nan,nan,nan,4.03e-05,8e-06,9.2e-06,1.595e-05,4.03e-05,nan,nan,nan,nan,nan,nan,nan,nan,nan,nan,0,05_resultados\revisao_operacional\campanha_v1\j01727.mat,campanha_v1,,,,,0,1.1182989821490799,,,197
j01728,montecarlo,perda_fonte,heuristico_foresight,{},482.9059259440336,482.9059259440336,1,14.67716100675579,14.67716100675579,150,150,150,150,54.09578765940035,54.09578765940035,60,28.045008617833766,761.2757633881901,0,0,0.028045008617833767,500,150,58.86289028885241,nan,0,nan,nan,nan,nan,nan,4.32e-05,8.5e-06,9.6e-06,1.21e-05,4.32e-05,nan,nan,nan,nan,nan,nan,nan,nan,nan,nan,0,05_resultados\revisao_operacional\campanha_v1\j01728.mat,campanha_v1,,,,,0,1.1182989821490799,,,197
j01729,montecarlo,perda_fonte,miope_qp,{},592.6116232891053,592.6116232891053,1,14.754610001373313,14.75461000137331,150,150,150,150,57.9147667951044,56.47501255161039,60,24.32134429297718,1150.0008251042025,0,0,0.02432134429297718,500,150,59.99996967342122,nan,0,nan,nan,nan,nan,nan,0.0012016,0.00058205,0.0006963,0.0009301,0.001309,0.0010649,0.00051745,0.00061695,0.0008329,0.0011584,nan,nan,nan,nan,nan,0,05_resultados\revisao_operacional\campanha_v1\j01729.mat,campanha_v1,,,,,0,1.1182989821490799,,,197
j01730,montecarlo,perda_fonte,mpc_qp_v5,{},350.22762616688897,350.22762616688897,1,14.583494030720445,14.583494030720443,150,150,150,150,52.735972784628544,52.735972784628544,60,34.50412927301483,1672.407498180146,0,2.25,0.034504129273014834,500,150,58.30652609127594,7.105427357601002e-15,0,0,0,0.0030372002725584935,333283.2021354289,4843142611315303.0,0.0234511,0.029489599999999998,0.0377413,0.0469827,0.0997457,0.0164021,0.02358975,0.0305748,0.040626300000000004,0.093824,0.0049675,0.00550235,0.0064058,0.00855755,0.0164545,0,05_resultados\revisao_operacional\campanha_v1\j01730.mat,campanha_v1,,,,,0,1.1182989821490799,,,197
j01731,montecarlo,perda_fonte,mpc_qp_estocastico_3cen,{},350.00028889532973,350.00028889532973,1,14.583333537293921,14.583333537293921,150,150,150,150,43.07991628752917,43.07991628752917,60,80.37039763423569,2825.6741283028086,0,0.4166666666666667,0.08037039763423569,500,150,53.42602413046993,7.105427357601002e-15,0,0,0,0.00032325441043212777,666566.4042708572,9686285222630616.0,0.051303,0.06441875,0.08522365000000001,0.1174289,0.1537571,0.035966,0.0514764,0.0709158,0.10265705,0.1401651,0.0122398,0.0127224,0.014075,0.015854899999999998,0.0181941,0,05_resultados\revisao_operacional\evento_adiantado_corrigido_v1\j01731.mat,evento_adiantado_corrigido_v1,,,,,0,1.1182989821490799,,,197
j01732,montecarlo,perda_fonte,heuristico,{},592.6122638850534,592.6122638850534,1,14.754610453615202,14.754610453615202,150,150,150,150,57.93978528855198,56.5039066455025,60,24.16369944991276,850,0,0,0.02416369944991276,500,150,60,nan,0,nan,nan,nan,nan,nan,4.24e-05,8.1e-06,9.1e-06,9.6e-06,4.24e-05,nan,nan,nan,nan,nan,nan,nan,nan,nan,nan,0,05_resultados\revisao_operacional\campanha_v1\j01732.mat,campanha_v1,,,,,0,0.9896746891350672,,,198
j01733,montecarlo,perda_fonte,heuristico_foresight,{},362.4661767623983,362.4661767623983,1,14.59213408735375,14.59213408735375,150,150,150,150,57.54164304310025,56.110329959008375,60,26.00915945308827,850,0,0,0.02600915945308827,500,150,59.672412178472214,nan,0,nan,nan,nan,nan,nan,4.57e-05,9e-06,1.01e-05,1.815e-05,4.57e-05,nan,nan,nan,nan,nan,nan,nan,nan,nan,nan,0,05_resultados\revisao_operacional\campanha_v1\j01733.mat,campanha_v1,,,,,0,0.9896746891350672,,,198
j01734,montecarlo,perda_fonte,miope_qp,{},592.6116232891053,592.6116232891053,1,14.754610001373313,14.75461000137331,150,150,150,150,57.9147667951044,56.47501255161039,60,24.32134429297718,1150.0008251042025,0,0,0.02432134429297718,500,150,59.99996967342122,nan,0,nan,nan,nan,nan,nan,0.0012765,0.00059015,0.0007387,0.0009096499999999999,0.0012765,0.0011311,0.0005245,0.0006487999999999999,0.0008163000000000001,0.0011311,nan,nan,nan,nan,nan,0,05_resultados\revisao_operacional\campanha_v1\j01734.mat,campanha_v1,,,,,0,0.9896746891350672,,,198
j01735,montecarlo,perda_fonte,mpc_qp_v5,{},350.09297848840845,350.09297848840845,1,14.585082772904745,14.583398973431697,150,150,150,150,57.14723443650463,55.752634765492296,60.00216726984167,27.536684347521938,1558.2067872420628,0,1.9166666666666665,0.027536684347521937,500,150,59.39362546917578,0.11714470914615305,986,0,0,0.001417019933398933,333283.200808402,4015243775612013.0,0.0233767,0.024006899999999998,0.0333001,0.0413312,0.1471672,0.0152161,0.01845675,0.0268083,0.03530805,0.1411481,0.0058025,0.0053767,0.0066034,0.00765625,0.0134745,0,05_resultados\revisao_operacional\campanha_v1\j01735.mat,campanha_v1,,,,,0,0.9896746891350672,,,198
j01736,montecarlo,perda_fonte,mpc_qp_estocastico_3cen,{},350.0006965110289,350.0006965110289,1,14.583333825060157,14.583333825060155,150,150,150,150,50.10042816555136,50.10042816555136,60,47.02296621363033,2122.476937419252,0,0.16666666666666669,0.047022966213630335,500,150,56.60285788309278,0.1223662129349421,57,0,0,0.015792242056818395,666566.4042708572,8858386386927326.0,0.0471236,0.054228200000000004,0.0697338,0.1103007,0.156711,0.0319683,0.0409869,0.0564652,0.09692994999999999,0.1437799,0.0125261,0.0128024,0.014367749999999999,0.01579365,0.0175697,0,05_resultados\revisao_operacional\evento_adiantado_corrigido_v1\j01736.mat,evento_adiantado_corrigido_v1,,,,,0,0.9896746891350672,,,198
j01737,montecarlo,perda_fonte,heuristico,{},592.6122638850534,592.6122638850534,1,14.754610453615202,14.754610453615202,150,150,150,150,57.93978528855198,56.5039066455025,60,24.16369944991276,850,0,0,0.02416369944991276,500,150,60,nan,0,nan,nan,nan,nan,nan,3.77e-05,8.1e-06,9.2e-06,1.205e-05,3.77e-05,nan,nan,nan,nan,nan,nan,nan,nan,nan,nan,0,05_resultados\revisao_operacional\campanha_v1\j01737.mat,campanha_v1,,,,,-12,0.9433667587029697,,,199
j01738,montecarlo,perda_fonte,heuristico_foresight,{},350.03090056278455,350.03090056278455,1,14.583355148221518,14.583355148221518,150,150,150,150,57.26094128871428,55.8296282046224,60,27.342492786421605,850,0,0,0.027342492786421604,500,150,59.39355862179829,nan,0,nan,nan,nan,nan,nan,4.47e-05,9.1e-06,1.14e-05,1.575e-05,6.02e-05,nan,nan,nan,nan,nan,nan,nan,nan,nan,nan,0,05_resultados\revisao_operacional\campanha_v1\j01738.mat,campanha_v1,,,,,-12,0.9433667587029697,,,199
j01739,montecarlo,perda_fonte,miope_qp,{},592.6116232891053,592.6116232891053,1,14.754610001373313,14.75461000137331,150,150,150,150,57.9147667951044,56.47501255161039,60,24.32134429297718,1150.0008251042025,0,0,0.02432134429297718,500,150,59.99996967342122,nan,0,nan,nan,nan,nan,nan,0.0012992,0.00057285,0.00070575,0.0009029,0.0012992,0.0011511,0.00050935,0.0006287,0.00079675,0.0011511,nan,nan,nan,nan,nan,0,05_resultados\revisao_operacional\campanha_v1\j01739.mat,campanha_v1,,,,,-12,0.9433667587029697,,,199
j01740,montecarlo,perda_fonte,mpc_qp_v5,{},350.0001303101081,350.0001303101081,1,14.585966424789365,14.583333425344362,150,150,150,150,56.93508525193884,55.54024957175049,60.017053426303114,28.695813606448834,1660.8926307343256,0,1.8333333333333333,0.028695813606448833,500,150,59.18124241093913,0.11709272357158085,853,0,0,0.0053756457317604145,333283.200808402,4015243775612013.0,0.021496,0.0242107,0.0345288,0.0411532,0.0501925,0.0141788,0.0185045,0.02750245,0.035243300000000005,0.0403197,0.0054659,0.00554585,0.0066694,0.0081466,0.0265066,0,05_resultados\revisao_operacional\campanha_v1\j01740.mat,campanha_v1,,,,,-12,0.9433667587029697,,,199
j01741,montecarlo,perda_fonte,mpc_qp_estocastico_3cen,{},350.0000002495097,350.0000002495097,1,14.583333333521168,14.583333333521166,150,150,150,150,52.27150838125093,52.27150838125093,60,36.719692515801725,1815.4827380265683,0,0.33333333333333337,0.036719692515801726,500,150,57.45888776829942,0.1325407082044734,237,0,0,0.0065967005657512345,666566.4042708572,8858386386927326.0,0.0499186,0.0538779,0.0654218,0.1087188,0.1437338,0.034141,0.0407992,0.0527175,0.09520134999999999,0.129931,0.0128072,0.012688950000000001,0.014387049999999998,0.01583555,0.0179774,0,05_resultados\revisao_operacional\evento_adiantado_corrigido_v1\j01741.mat,evento_adiantado_corrigido_v1,,,,,-12,0.9433667587029697,,,199
j01742,montecarlo,perda_fonte,heuristico,{},592.6122638850534,592.6122638850534,1,14.754610453615202,14.754610453615202,150,150,150,150,57.93978528855198,56.5039066455025,60,24.16369944991276,850,0,0,0.02416369944991276,500,150,60,nan,0,nan,nan,nan,nan,nan,3.79e-05,8.2e-06,1.05e-05,1.595e-05,4.37e-05,nan,nan,nan,nan,nan,nan,nan,nan,nan,nan,0,05_resultados\revisao_operacional\campanha_v1\j01742.mat,campanha_v1,,,,,9,0.8089757504392467,,,200
j01743,montecarlo,perda_fonte,heuristico_foresight,{},435.2496593255132,435.2496593255132,1,14.643517084642799,14.643517084642799,150,150,150,150,57.51585356941604,56.10565159643527,60,25.92027056419938,850,0,0,0.02592027056419938,500,150,59.8440508457096,nan,0,nan,nan,nan,nan,nan,4.24e-05,9.6e-06,1.96e-05,2.895e-05,0.0001973,nan,nan,nan,nan,nan,nan,nan,nan,nan,nan,0,05_resultados\revisao_operacional\campanha_v1\j01743.mat,campanha_v1,,,,,9,0.8089757504392467,,,200
j01744,montecarlo,perda_fonte,miope_qp,{},592.6116232891053,592.6116232891053,1,14.754610001373313,14.75461000137331,150,150,150,150,57.9147667951044,56.47501255161039,60,24.32134429297718,1150.0008251042025,0,0,0.02432134429297718,500,150,59.99996967342122,nan,0,nan,nan,nan,nan,nan,0.0012395,0.0005849,0.0007149999999999999,0.00092015,0.0013343,0.0011008,0.0005208000000000001,0.0006346500000000001,0.0008271,0.001219,nan,nan,nan,nan,nan,0,05_resultados\revisao_operacional\campanha_v1\j01744.mat,campanha_v1,,,,,9,0.8089757504392467,,,200
j01745,montecarlo,perda_fonte,mpc_qp_v5,{},360.8480139471761,360.8480139471761,1,14.59583230702048,14.590991712026666,150,150,150,150,57.08656131240847,55.712273056912615,60.065276306816095,28.253421028157593,2013.6517372820163,0,0.75,0.02825342102815759,500,150,59.53872844430989,0.11693780005359855,852,0,0,0.00040120715704006216,333283.200808402,4015243775612013.0,0.0218223,0.0226984,0.032182749999999996,0.0380599,0.0635857,0.0139369,0.01717455,0.02652715,0.032704849999999994,0.0578163,0.0053689,0.0051932,0.00593125,0.0066497,0.0097787,0,05_resultados\revisao_operacional\campanha_v1\j01745.mat,campanha_v1,,,,,9,0.8089757504392467,,,200
j01746,montecarlo,perda_fonte,mpc_qp_estocastico_3cen,{},350.00171086203716,350.00171086203716,1,14.588074898028847,14.583334541192453,150,150,150,150,56.7540278976341,55.37980937128609,60.046465075698315,29.643896711990674,856.2716461070819,0,0,0.029643896711990674,500,150,59.20789024815269,0.1169996422941395,1112,0,0,3.410605131648481e-13,666566.4016168036,8030487551224027.0,0.0421626,0.047271350000000004,0.06993105,0.1001852,0.1210114,0.027525,0.0344888,0.05677215,0.08663984999999999,0.1078999,0.0120667,0.012599800000000001,0.014137750000000001,0.015862849999999998,0.0174482,0,05_resultados\revisao_operacional\evento_adiantado_corrigido_v1\j01746.mat,evento_adiantado_corrigido_v1,,,,,9,0.8089757504392467,,,200
j01747,probabilities,carga_faixas,mpc_qp_estocastico_3cen,"{""scenario_prob"": [0.5, 0.25, 0.25]}",5.684341886080802e-14,0,1,4.224326328553888e-15,0,0,0,0,0,53.368026567030185,52.46812025953646,60,40.51277775401066,758.6663433123108,0,0,0.040512777754010666,400,0,57.99680387150246,0.014654397144958864,861,0,0,1.4551915228366852e-11,999849.6024252058,8030487551224027.0,0.0634986,0.0578336,0.06348105000000001,0.07203025,0.0837302,0.0326233,0.04233745,0.04776905,0.05525115,0.0677534,0.0230798,0.014852649999999998,0.01667815,0.02099465,0.0293307,0,05_resultados\revisao_operacional\campanha_v1\j01747.mat,campanha_v1,,,,,,,,,
j01748,probabilities,limite_fonte,mpc_qp_estocastico_3cen,"{""scenario_prob"": [0.5, 0.25, 0.25]}",5.684341886080802e-14,0,1,2.792827697501505e-15,0,0,0,0,0,38.28756550316461,38.28756550316461,60,103.13406385996767,461.0530604605024,0,0,0.10313406385996766,200,0,58.17022017329526,7.105427357601002e-15,0,0,0,7.503331289626658e-12,999849.6064062867,8858386386927326.0,0.0539906,0.06199235,0.0648686,0.0735764,0.0914247,0.0343831,0.046123899999999995,0.04783585,0.0535071,0.0684763,0.0160065,0.015427050000000001,0.01694655,0.018884150000000002,0.028711,0,05_resultados\revisao_operacional\campanha_v1\j01748.mat,campanha_v1,,,,,,,,,
j01749,probabilities,perda_fonte,mpc_qp_estocastico_3cen,"{""scenario_prob"": [0.5, 0.25, 0.25]}",350.0003493802395,350.0003493802395,1,14.583333580002614,14.583333580002613,150,150,150,150,49.58917219409136,49.58917219409136,60,49.451432078065444,2013.5550195078272,0,0.16666666666666669,0.049451432078065446,500,150,56.380304244646126,0.12110314087261997,58,0,0,1.887201506178826e-11,999849.6064062867,8858386386927326.0,0.0558733,0.05366495,0.06776615,0.10587915,0.1700303,0.0323357,0.0405528,0.054467650000000006,0.09305175,0.1567672,0.0173442,0.0126689,0.013625950000000001,0.015122,0.017974,0,05_resultados\revisao_operacional\evento_adiantado_corrigido_v1\j01749.mat,evento_adiantado_corrigido_v1,,,,,,,,,
j01750,probabilities,retorno_fonte,mpc_qp_estocastico_3cen,"{""scenario_prob"": [0.5, 0.25, 0.25]}",350.0003493794718,350.0003493794718,1,24.30555580223905,24.30555580223905,250,250,250,250,47.83224932726168,47.83224932726168,60,57.796815695504506,2013.5633064849958,0,0.16666666666666669,0.0577968156955045,400,250,56.96256244844116,0.12110311098855675,58,0,0,1.7962520360015333e-11,999849.6064062867,8858386386927326.0,0.0490222,0.05567355,0.06742904999999999,0.10672295,0.1695137,0.0320558,0.0422658,0.054341,0.09335280000000001,0.1563424,0.0141998,0.0129575,0.01413105,0.0151095,0.0166078,0,05_resultados\revisao_operacional\evento_adiantado_corrigido_v1\j01750.mat,evento_adiantado_corrigido_v1,,,,,,,,,
j01751,probabilities,multi_burst,mpc_qp_estocastico_3cen,"{""scenario_prob"": [0.5, 0.25, 0.25]}",5.684341886080802e-14,0,1,3.66614628315936e-15,0,0,0,0,0,53.02748402925924,52.048366300225815,60,43.68370811965978,2448.228627406518,0,0,0.04368370811965978,,,,0.09934538824832373,1857,0,0,4.172306944383308e-11,999849.6024252058,8030487551224027.0,0.0460919,0.05474405,0.062497250000000004,0.0716454,0.0906747,0.0274412,0.03887185,0.0464507,0.055605,0.0750683,0.0154655,0.01512485,0.0166501,0.017784099999999997,0.0202323,0,05_resultados\revisao_operacional\campanha_v1\j01751.mat,campanha_v1,,,,,,,,,
j01752,probabilities,diploee_facility_stress,mpc_qp_estocastico_3cen,"{""scenario_prob"": [0.5, 0.25, 0.25]}",5.684341886080802e-14,0,1,4.494807304133985e-15,0,0,0,0,0,52.02479785255914,52.02479785255914,60,37.88221020034437,1040.3968339749426,0,0,0.037882210200344366,979,0,55.41074658169014,7.105427357601002e-15,0,0,0,1.0834355634870008e-10,999849.6024252058,8030487551224027.0,0.0476892,0.0735923,0.08341425,0.08834605,0.0942302,0.0294333,0.0580098,0.06751495,0.07067224999999999,0.0762741,0.015472,0.0150998,0.0174908,0.01868285,0.0219094,0,05_resultados\revisao_operacional\campanha_v1\j01752.mat,campanha_v1,,,,,,,,,
j01753,probabilities,nvml_llama2_stress,mpc_qp_estocastico_3cen,"{""scenario_prob"": [0.5, 0.25, 0.25]}",5.684341886080802e-14,0,1,2.6647713742401615e-15,0,0,0,0,0,41.422555574062265,41.422555574062265,60,88.24286102320417,575.990189930315,0,0,0.08824286102320417,,,,7.105427357601002e-15,0,0,0,9.313458917858952e-05,999849.6024252058,8030487551224027.0,0.0468382,0.07757565,0.08915719999999999,0.0986024,0.1283262,0.0275502,0.06199355,0.0710404,0.0767722,0.0882238,0.0164014,0.015217950000000001,0.0181915,0.02409655,0.0456945,0,05_resultados\revisao_operacional\campanha_v1\j01753.mat,campanha_v1,,,,,,,,,
j01754,long_outage,falha_critica,heuristico,"{""Tf"": 9600}",750,750,1,1309.9490548980596,1309.9490548980596,7200,7200,7200,7200,24.745932168393256,20,60,215.02953546190517,850,0,0,0.21502953546190517,600,7200,60,nan,0,nan,nan,nan,nan,nan,8.59e-05,8e-06,1.47e-05,1.85e-05,0.000506,nan,nan,nan,nan,nan,nan,nan,nan,nan,nan,0,05_resultados\revisao_operacional\campanha_v1\j01754.mat,campanha_v1,,,,,,,,,
j01755,long_outage,falha_critica,mpc_qp_v5,"{""Tf"": 9600}",750,750,1,1312.325816733268,1312.325816733268,7200,7200,7200,7200,24.72899531022528,20,60,214.93316782219222,2401.222889182809,0,0.3020833333333333,0.2149331678221922,600,7200,59.50115040962632,0.01492554791324352,795,6.807866270719387e-09,8.419756445932736e-08,0.0016238230081171423,333283.200808402,4015243775612013.0,0.0232931,0.0276502,0.0688652,0.079875,0.1076069,0.0158558,0.02207465,0.0627571,0.07371754999999999,0.1022311,0.0050869,0.00531235,0.006554,0.008095149999999999,0.0617529,0,05_resultados\revisao_operacional\campanha_v1\j01755.mat,campanha_v1,,,,,,,,,
