id,source,sha256,supersedes
j00001,05_resultados\revisao_operacional\campanha_v1\j00001.mat,ac92580cbcc585bc73f7da08c3aba78da5e53f6323e56dfe4e2a345a8450528e,
j00002,05_resultados\revisao_operacional\campanha_v1\j00002.mat,eb3065775609a6f1f589281f957236ae0ca7961db9fcafefea9aacac00062b1c,
j00003,05_resultados\revisao_operacional\campanha_v1\j00003.mat,26f9c4f285d8f9cd05f66dc853aef9d8c81eda1e68a259494a502a2f80e8aa27,
j00004,05_resultados\revisao_operacional\campanha_v1\j00004.mat,942c3db7736924e97310a8853fe70aca1f622fce337537afa5dec0f8718ccad5,
j00005,05_resultados\revisao_operacional\campanha_v1\j00005.mat,e770154d3efc25642e15f432a2a45afcf2c4d747fa69043db464686cd66ce006,
j00006,05_resultados\revisao_operacional\campanha_v1\j00006.mat,1eea7e2349606ed20edbbaa9b688e688fc7ceead70a668106e274cb51b8207a2,
j00007,05_resultados\revisao_operacional\campanha_v1\j00007.mat,7414d8b934513bbf2d1fd681b3c310e7dfbf704c4b3bdb5e638607bb233cb151,
j00008,05_resultados\revisao_operacional\campanha_v1\j00008.mat,5d370f901429ba128ac4b9a3dc778d5611eff85243ec1e71e3abfeaa60b9e4b3,
j00009,05_resultados\revisao_operacional\campanha_v1\j00009.mat,e8e30c1d2a2cef997aa1b6e859ac2a76f471858a404761bea0c5f5bf801ee583,
j00010,05_resultados\revisao_operacional\campanha_v1\j00010.mat,a4f265050b9dd81699c33e1cad3effdf22b451f2d4f7a81264c245bf1f764557,
j00011,05_resultados\revisao_operacional\campanha_v1\j00011.mat,e0e72fd66e126efbbbcae8921de0fd6f07eaf7c149a19169151a22cc2ce2eb03,
j00012,05_resultados\revisao_operacional\campanha_v1\j00012.mat,34b9d4c24e49557a8bb8d6e9d132b2346100153c5433af7a661c5c5cd055e756,
j00013,05_resultados\revisao_operacional\campanha_v1\j00013.mat,fefe4a4951fd4fd40e88c21671ccbb6f2ec827e8f5b0b93ec121f282eb0f69b9,
j00014,05_resultados\revisao_operacional\campanha_v1\j00014.mat,8abede21bfbf279eab03a67f9c8fc7d6424a76c8b11987574655e30f3d10a0c2,
j00015,05_resultados\revisao_operacional\evento_adiantado_corrigido_v1\j00015.mat,1a3e1fe9e19dbf98f12f700076a7ca0331159741beb50c8c492698aa956c3246,05_resultados\revisao_operacional\campanha_v1\j00015.mat
j00016,05_resultados\revisao_operacional\campanha_v1\j00016.mat,916d43391abb3dc7caa5d66130012ce742db51cd4d8ed791bb7de646572b0453,
j00017,05_resultados\revisao_operacional\campanha_v1\j00017.mat,3a05d7ba5c2bd006253342b3ff5bcef8ee2dcce7494b4aed8e60822a87419605,
j00018,05_resultados\revisao_operacional\campanha_v1\j00018.mat,5f1b06a1b7975c61d1d5998cce4d9a8ab44e4a1f32b79084ada52e702e9830f7,
j00019,05_resultados\revisao_operacional\campanha_v1\j00019.mat,276853b7299c9e36eb793bdb31c808d99fb673048b39796581bb253b6861e6cb,
j00020,05_resultados\revisao_operacional\evento_adiantado_corrigido_v1\j00020.mat,31a1da2381629e1033e7a1d9bd941283c669b8b7ca62a2f48eabfe9f33704d58,05_resultados\revisao_operacional\campanha_v1\j00020.mat
j00021,05_resultados\revisao_operacional\campanha_v1\j00021.mat,c7e1d5c3152384df7907400f9f00a525db80558d1abb1af30392952f173501af,
j00022,05_resultados\revisao_operacional\campanha_v1\j00022.mat,768ec02b9b49c708b652544490b2229ad05cfa7ab9d226893c48ce3c4c1a606a,
j00023,05_resultados\revisao_operacional\campanha_v1\j00023.mat,ae6e24f8b0b539d0d1f4e87f23b129f673765a7d8a9b7e206489b5dcb2c680f2,
j00024,05_resultados\revisao_operacional\campanha_v1\j00024.mat,dfc51b917427386bc9e66c45d6091716257683e1694af69270da3db569301348,
j00025,05_resultados\revisao_operacional\campanha_v1\j00025.mat,77cd766495db1f3aae08911a78cb3f0c314db8b8b999f0179fd7b5ebd789e970,
j00026,05_resultados\revisao_operacional\campanha_v1\j00026.mat,7ceeadcdbb4cdab8da125d059076982184c959e3ec1adb7aa99f864554a2a3f3,
j00027,05_resultados\revisao_operacional\campanha_v1\j00027.mat,e670604bca566baa9aec8d108079fe0f1eef79936adfcd7a9cb76d91aa02fdbc,
j00028,05_resultados\revisao_operacional\campanha_v1\j00028.mat,d49d1da791e7870121d80644a8ac91f02a118fd1990ad705d767dcdd64c6775b,
j00029,05_resultados\revisao_operacional\campanha_v1\j00029.mat,2ce563d2f76c99d24706b892dbec3e8a241d037f4f5f535033a3cb805b4bc05c,
j00030,05_resultados\revisao_operacional\campanha_v1\j00030.mat,7484064b59fbb3235abf1d23b11ddbe1f612eab82be88c1acdc82eeeec2ea47e,
j00031,05_resultados\revisao_operacional\campanha_v1\j00031.mat,5a7b6ed33fefb0962414788b402160d6b4a3e52d103500d7e5ee8f48b838ac4b,
j00032,05_resultados\revisao_operacional\campanha_v1\j00032.mat,2cb5f6403908cc8e3126dc6bb1b857b68db9ddca4cedd0bb320464e8fafe7250,
j00033,05_resultados\revisao_operacional\campanha_v1\j00033.mat,64fbafc80e2022e9bbe41f7ce672c20b803557a8281031adc7380224b8d2e02a,
j00034,05_resultados\revisao_operacional\campanha_v1\j00034.mat,49080a9dbb0b6c05eaa4c1e08761f25ddb95ea1f704a837f8bce6b3929ef6a6d,
j00035,05_resultados\revisao_operacional\campanha_v1\j00035.mat,6bee2983045b2235f5b245c462607cbe6c5eb20367a4b83ea6710ee57f62e08f,
j00036,05_resultados\revisao_operacional\campanha_v1\j00036.mat,13312e2d4b93347af1af2b4e4f66c9b78f2daf223bef40c748aaa9bf1a33f8d9,
j00037,05_resultados\revisao_operacional\campanha_v1\j00037.mat,d80b468bfe34da2d8d2f12eadc3fcc30b814686e1fe25f8b53644125d533c236,
j00038,05_resultados\revisao_operacional\campanha_v1\j00038.mat,1b12571c7d8ed006d674e4cfd924476ce25dc29cf014b71cabaad5b83ecbb70a,
j00039,05_resultados\revisao_operacional\campanha_v1\j00039.mat,2a0b40898a27d282510132bc49b441cb76f93e065fdbc9d392216d26c6fdb651,
j00040,05_resultados\revisao_operacional\campanha_v1\j00040.mat,246fbe4c76c9da8aaebd712fcc230e93ac45dc2880281a77cf586ef5c9dc7114,
j00041,05_resultados\revisao_operacional\campanha_v1\j00041.mat,6ed14f75ec21de2c1b57133013b85bccb51b43e917cdb3b9a00977cb8dc336c2,
j00042,05_resultados\revisao_operacional\campanha_v1\j00042.mat,21dd0982e24d24a0597828133ebf58767d6232222adf00e087e6712423786ed7,
j00043,05_resultados\revisao_operacional\campanha_v1\j00043.mat,bb1ae40534a759e55aff3abeda51a8a6d0bcab8bc726099411db609c8ff6d4ff,
j00044,05_resultados\revisao_operacional\campanha_v1\j00044.mat,cbcac85c073ca096b36da0ca6d27feb8fac56098ca0a95ea4364044a30084d8f,
j00045,05_resultados\revisao_operacional\campanha_v1\j00045.mat,6d152a4e37b83b6c62ff799f8e560aafca2a3d9e2512a822608dba0cff75fc38,
j00046,05_resultados\revisao_operacional\campanha_v1\j00046.mat,033e5526aff9a3fdc6d2a45dbaf6bde00256121561e5c1b57a43c9b2dbd610d8,
j00047,05_resultados\revisao_operacional\campanha_v1\j00047.mat,ca4d37f2e343b27adc8517cea85723738d9e3a13ae069a2288cb30008ad0ad45,
j00048,05_resultados\revisao_operacional\campanha_v1\j00048.mat,5e0ecb020c53261841f1e62cbc1425235273ae43417822db7d11003bae00a79d,
j00049,05_resultados\revisao_operacional\campanha_v1\j00049.mat,97366d3f73c18ba95eff964ddfbfc9ecb8f22c099f78db496a01dc0e53f6730a,
j00050,05_resultados\revisao_operacional\campanha_v1\j00050.mat,9e48b448ee6ee4074e7284332be05f0b0b8d9795bf43e0f4cf2e7a288e6bba79,
j00051,05_resultados\revisao_operacional\campanha_v1\j00051.mat,18ecdc6bafbc76a61a7178d63767a1696b622e902fdd840c856f50806381f5f2,
j00052,05_resultados\revisao_operacional\campanha_v1\j00052.mat,d8bf268747c3c11ea93d5d8eef19e393f2c76d9ce6388bf5c2b541009f6a7678,
j00053,05_resultados\revisao_operacional\campanha_v1\j00053.mat,80a460c4f94be05ab7a211f52ba4a4277a7bdd13a3be7f013fd4d1d69a049922,
j00054,05_resultados\revisao_operacional\campanha_v1\j00054.mat,b468b27c085afed4b1c69d40d6bab9bca5cf92ac7cb5cd378e2390b6afb53720,
j00055,05_resultados\revisao_operacional\campanha_v1\j00055.mat,0460f9f6254a316486b302b1013303471b10536d21c0facfdc49195a0b8c2b55,
j00056,05_resultados\revisao_operacional\campanha_v1\j00056.mat,fea0401c34c6772f17b93857315ef88837673af610503f2a019a2551c1f8edb6,
j00057,05_resultados\revisao_operacional\campanha_v1\j00057.mat,e6a8e493b86f564118aba980ed252a25d0ff1ca714e2f5346a15c79f97443ea9,
j00058,05_resultados\revisao_operacional\campanha_v1\j00058.mat,561072954c50203fb9e7da06b6669caede75c10f514563846bc49de4aa257a25,
j00059,05_resultados\revisao_operacional\campanha_v1\j00059.mat,432e6bf6f2fa0dac6b73df6c53d1cdbae6d060e98e5e9cb99fbd9d45eb9cb58b,
j00060,05_resultados\revisao_operacional\campanha_v1\j00060.mat,43eb2ae5a9c66ec888efd2075781e4524124f8b2a9e96a03d5bc798a66071800,
j00061,05_resultados\revisao_operacional\campanha_v1\j00061.mat,09d01e131f7c5643bb3d3ec3206e5f7c9d063832fb34d7aab5239ae90f0d1a03,
j00062,05_resultados\revisao_operacional\campanha_v1\j00062.mat,d12a5b03961e0fe669b1937b65fa3c47aea7c8ac682387b42557367a3429493d,
j00063,05_resultados\revisao_operacional\campanha_v1\j00063.mat,0bfa788da4b3fd279104e8b06462524e6abf0d26620577af52dc8798b19f806c,
j00064,05_resultados\revisao_operacional\campanha_v1\j00064.mat,ed825bcebe718c14a67fd6046d55a8866edc4eeb2443d1a42c919102879adf47,
j00065,05_resultados\revisao_operacional\campanha_v1\j00065.mat,e399ab2b0e0e1d3493a8d9e2296bd0ad15a506cb17c3c5b5cc71c6db06a488bf,
j00066,05_resultados\revisao_operacional\campanha_v1\j00066.mat,0c3595303b97801023ef2db925970447404046dd9c05e048aaac1990f23276c0,
j00067,05_resultados\revisao_operacional\campanha_v1\j00067.mat,0b24c1e97fdfa10b05370fdeeddba7937c0578afd8f39d29627d7ea63414285a,
j00068,05_resultados\revisao_operacional\campanha_v1\j00068.mat,97b7c65eeec43996e72405f8e239e6312aefad8d1e77408a37aa9f40f3bfccf2,
j00069,05_resultados\revisao_operacional\campanha_v1\j00069.mat,4b0675a7015882f854c9a9cd4ce96cd9b6b3c10f99526ddc4bde8259183e4dac,
j00070,05_resultados\revisao_operacional\campanha_v1\j00070.mat,18486d317bee871a63369c276b54f0f76b86e383c33d1dea4aedd7b22d73bf02,
j00071,05_resultados\revisao_operacional\campanha_v1\j00071.mat,65af182420b58c12a48a73a35c92a9ca8be90ec95315f76da6bc524bd258d1b1,
j00072,05_resultados\revisao_operacional\campanha_v1\j00072.mat,aec7e00e0b1b2cdbed15564fd7a93a802fc331cf032e0a9c6e6d144b4eb2f986,
j00073,05_resultados\revisao_operacional\campanha_v1\j00073.mat,199ad7c0da2e52e5d86d6b19a125d95406facdaabb907a09f234356e8dd96be1,
j00074,05_resultados\revisao_operacional\campanha_v1\j00074.mat,70499ce780ea4d6f4679ecb9a603c6cb699080253f070e581ab8e1e0cf924cfd,
j00075,05_resultados\revisao_operacional\campanha_v1\j00075.mat,ae1094a1b7bcef8e5a92ce5ee56202047aa1299708040b9adb70865fda7a0f9a,
j00076,05_resultados\revisao_operacional\campanha_v1\j00076.mat,b9a884530bc6fe4b116ae9ccbb7676243e8468b8b37cefb819f90f90fddeb55b,
j00077,05_resultados\revisao_operacional\campanha_v1\j00077.mat,d4e724f4db10634a23a9426c55a70c39cddeaf98dc26003d56819410e359aed1,
j00078,05_resultados\revisao_operacional\evento_adiantado_corrigido_v1\j00078.mat,a98013e6da44ac560ba3f08a7dfcbfd71e80c5d5e492fa4849cdfc1f75d2b964,05_resultados\revisao_operacional\campanha_v1\j00078.mat
j00079,05_resultados\revisao_operacional\campanha_v1\j00079.mat,b42f04ff1dc8d23612eb7e1d50de5595d74a8d521bf472fbd2d3977ed112f992,
j00080,05_resultados\revisao_operacional\campanha_v1\j00080.mat,98bb1d35b0495f89d8b4cb0efee5bd0b372a246e828574fa180761deb730b5c6,
j00081,05_resultados\revisao_operacional\campanha_v1\j00081.mat,6aa03a9f5d35cc8ccfce5edbd549069d7b1240e66cf0aa5ce56324021cabb077,
j00082,05_resultados\revisao_operacional\campanha_v1\j00082.mat,af71128b1fef3b84eb9181cbd90f2dbba582f3c4a1bc16543ce7fba39690c731,
j00083,05_resultados\revisao_operacional\evento_adiantado_corrigido_v1\j00083.mat,3e846ff9980323377f0270852dc37484ba01609d1408d1ad40acbe07bab592dd,05_resultados\revisao_operacional\campanha_v1\j00083.mat
j00084,05_resultados\revisao_operacional\campanha_v1\j00084.mat,6bc3548a0cd8024df34c63b8506446ff64946543876e2293aede5f34106542e8,
j00085,05_resultados\revisao_operacional\campanha_v1\j00085.mat,dd41bc1ba0a39fb5fa0b7b9b6a9d29cc6a9839feb39c6bdd05386e57ee8c583c,
j00086,05_resultados\revisao_operacional\campanha_v1\j00086.mat,4f836f2a47365f5270e6cdc5696041e87ec62a57324ed7012464bf298fff44a6,
j00087,05_resultados\revisao_operacional\campanha_v1\j00087.mat,40d62d36c0a6da9090b4898abcbe56e329c4beddb3d925a3d7e6982414864a36,
j00088,05_resultados\revisao_operacional\evento_adiantado_corrigido_v1\j00088.mat,8a222239addf058bf2bc75cffb7b79f80a064bb58828201d9e72014f4e84080e,05_resultados\revisao_operacional\campanha_v1\j00088.mat
j00089,05_resultados\revisao_operacional\campanha_v1\j00089.mat,879685b4c03696229ec05aa027490b40e9131060cabb3049796439d334bd83d3,
j00090,05_resultados\revisao_operacional\campanha_v1\j00090.mat,1cfebfe2926a1bb9cec1eac3687be089334094f94f6781b58ac6d330d0117447,
j00091,05_resultados\revisao_operacional\campanha_v1\j00091.mat,baf037d31d7d8b298aa783956984ca124da24d2cb7384e448e172be293ab5c66,
j00092,05_resultados\revisao_operacional\campanha_v1\j00092.mat,91f0a2d2c5546a9657636b2ef7c09a914be46b0839e1f999af84d3965fd5e6b0,
j00093,05_resultados\revisao_operacional\campanha_v1\j00093.mat,4250ce52e3ae0770682587622af77c76fad07ee3e203f0a97517a0b96f943a60,
j00094,05_resultados\revisao_operacional\campanha_v1\j00094.mat,c915126ce384a4c620a82c463609174a8987eb37ef6248766d6e6445fbf379cf,
j00095,05_resultados\revisao_operacional\campanha_v1\j00095.mat,307e73a1653f1dc5aee40b7eb3d4f847ee10a63adbc59d1d72cbb3687c425349,
j00096,05_resultados\revisao_operacional\campanha_v1\j00096.mat,8e2d5e8fd13d0778af706834cf4e313f8a14e3179fc7bbcc64f00391ab47333f,
j00097,05_resultados\revisao_operacional\evento_adiantado_corrigido_v1\j00097.mat,9bb5d360917d3df6ba49d04c5b9da1bda3fd7244d10377a6a24a1240e3124bb8,05_resultados\revisao_operacional\campanha_v1\j00097.mat
j00098,05_resultados\revisao_operacional\campanha_v1\j00098.mat,46effee221bb5b5f3aaed07bdfff8f4536d8cc6a93dbcbc5a274791e9b6086cf,
j00099,05_resultados\revisao_operacional\campanha_v1\j00099.mat,392d7bad2b364e2a408f46f13d710eabd0966ad62d55ca463565b843f17b89df,
j00100,05_resultados\revisao_operacional\campanha_v1\j00100.mat,34940040fb3f9796432c2a961cc9429f9cb9a301d305ffa0e02eeeb18ba8520d,
j00101,05_resultados\revisao_operacional\campanha_v1\j00101.mat,a3e691cff9e2977bf56a7001fbf9f0841a2c0fe22cc227599821251ec9595f11,
j00102,05_resultados\revisao_operacional\evento_adiantado_corrigido_v1\j00102.mat,ad31ddfeabcdd58bb20f0a790c00869dbf9fff778ec4c42f128c04b004b85547,05_resultados\revisao_operacional\campanha_v1\j00102.mat
j00103,05_resultados\revisao_operacional\campanha_v1\j00103.mat,5e42d9696811d00888d458405105ec79f5783b9e3f8bc9eb149b5688d2b2c85f,
j00104,05_resultados\revisao_operacional\campanha_v1\j00104.mat,042ac37c15f806b75257c1bb073766ab11a9046d3dce602c1e89729ddad91285,
j00105,05_resultados\revisao_operacional\campanha_v1\j00105.mat,492a692992e8c7fa247ec7ed12b36f82eb624849d9314e3b819d33c36f98975c,
j00106,05_resultados\revisao_operacional\campanha_v1\j00106.mat,0da80e1b0c0b09f91c571136b132c05b7883df64f45a105c221de35e7c777b46,
j00107,05_resultados\revisao_operacional\evento_adiantado_corrigido_v1\j00107.mat,3d88aa1aa396587a635805fa3dfbe48d1dceb04033bbf2e49ef13ff3160b9cbc,05_resultados\revisao_operacional\campanha_v1\j00107.mat
j00108,05_resultados\revisao_operacional\campanha_v1\j00108.mat,d0149faf34c9cbac1eea9f1e84518e37e6307c2449b1b290f427f77d2a1a6a32,
j00109,05_resultados\revisao_operacional\campanha_v1\j00109.mat,3199ee0521dfdb423d76803b0424ae70e83bb4cc3d55ea1df36b84a16a63c84b,
j00110,05_resultados\revisao_operacional\campanha_v1\j00110.mat,9ead424758cf21e7b5e93fbb527b08b3aa662592c57dad138cb586d9e2a99d30,
j00111,05_resultados\revisao_operacional\campanha_v1\j00111.mat,280ce8abb24e8bd03023db34041d2e28069a3cf3712756c00e1cb03e18c98416,
j00112,05_resultados\revisao_operacional\campanha_v1\j00112.mat,da40fb860eec4c19a68dccb5a2db46fbcfb8dc5ce98452bd9b11013adf018e3c,
j00113,05_resultados\revisao_operacional\campanha_v1\j00113.mat,d69ad299a4e373f3e01b5427a4964c54178360139e42ce3f9e2529fc37a09f0d,
j00114,05_resultados\revisao_operacional\campanha_v1\j00114.mat,a6865261f1b501f846419f56a0c29ad4636ff8844127f936cf8a9a3438662342,
j00115,05_resultados\revisao_operacional\campanha_v1\j00115.mat,3cfa662d58569d8ef26670bb05ea8abd618eef6e29df0f94a7b92a80334411a9,
j00116,05_resultados\revisao_operacional\campanha_v1\j00116.mat,a07ab418c200914aca68b97004591d889130f4dc669a573a8328764f2c9aba73,
j00117,05_resultados\revisao_operacional\campanha_v1\j00117.mat,afb201523221ca17b55953bd409867561fc2a39b26d054c0d3569e2434f79f13,
j00118,05_resultados\revisao_operacional\campanha_v1\j00118.mat,0fec3fc2c80d40baca5e300d01c2819209c5338213714b032868cc53d171d9a7,
j00119,05_resultados\revisao_operacional\campanha_v1\j00119.mat,1576713fcc3c2ba7397a3f79b84c3db914f4d68e110af065fd652ec4add9cd33,
j00120,05_resultados\revisao_operacional\campanha_v1\j00120.mat,a9d4ed464bfdeda02cb373ad3d8fa05155e28da268eac0eee4fde4674ba1be2d,
j00121,05_resultados\revisao_operacional\campanha_v1\j00121.mat,0f83bf3d6d4603c018486082b33a33f0cfd28bde10faeed09a5516a578265f09,
j00122,05_resultados\revisao_operacional\campanha_v1\j00122.mat,3d25cc84af0dc3fdd751146eaeda13724b84b8b8f9027227ac9d691067cf6329,
j00123,05_resultados\revisao_operacional\campanha_v1\j00123.mat,e50799a01992d4f18f6f9d5086d85b879b024f296e6e71d09ebd9537c6336a40,
j00124,05_resultados\revisao_operacional\campanha_v1\j00124.mat,20b4ff34c10ea4912560fe2c4aad9282beff67643d9fa791253d94190c4ebaf4,
j00125,05_resultados\revisao_operacional\campanha_v1\j00125.mat,a1adfc74dc516d8bbdb447d5fbf5775a796779d6007596c2e8ec771ff285e978,
j00126,05_resultados\revisao_operacional\campanha_v1\j00126.mat,71b14b899c0fec8881781051f8359317ed2c8c04b5445078668cc18011036265,
j00127,05_resultados\revisao_operacional\campanha_v1\j00127.mat,2e880f38893f2dcc05b3c42d9a05795079e0b25ed495bddcd01fc2eee8f18354,
j00128,05_resultados\revisao_operacional\campanha_v1\j00128.mat,181b55ca11643e5c16939541b12dd6dab60af0b17195cb301bf7ef11a846ce69,
j00129,05_resultados\revisao_operacional\campanha_v1\j00129.mat,7643666229655908d9b9ecb6a7598d3288266079303e74909470e2a955db9786,
j00130,05_resultados\revisao_operacional\campanha_v1\j00130.mat,03c691012b1a4a4b4dee6825ac8b4cca932100cb21607a35f259be6623d3dc39,
j00131,05_resultados\revisao_operacional\campanha_v1\j00131.mat,20e611182c847310be62e12aa73fdefd4a5b5f841c66d4869c4dba346eabfe53,
j00132,05_resultados\revisao_operacional\campanha_v1\j00132.mat,063e5b8823a0fbb56228626a8cee3cceef28275a1eb2592a0ebe08864f86fe1b,
j00133,05_resultados\revisao_operacional\campanha_v1\j00133.mat,d0de76e3286c34805541a663b8e9b3be8dbb3b30896f2c8a0e7764d92bb994f7,
j00134,05_resultados\revisao_operacional\campanha_v1\j00134.mat,0b68871271326f907cb6a61fd83dd24534ef3db3fbd4fa2520e119ba9a5c62b0,
j00135,05_resultados\revisao_operacional\campanha_v1\j00135.mat,1451f03cb7d259ea003fdc09fd468dc1a8865c00089c76845cebdd4994f0edbb,
j00136,05_resultados\revisao_operacional\campanha_v1\j00136.mat,3cd85232b28716f1dcf124df23cdd44f9c990a2e2942c474b5619a1f9e5b3002,
j00137,05_resultados\revisao_operacional\campanha_v1\j00137.mat,01d43a2320bfb0e853c995c0eade06e629c1d2f5088ba22ffa0822b69f2822d0,
j00138,05_resultados\revisao_operacional\campanha_v1\j00138.mat,dbb0d7f58f57c588709a195328267cee63483c2b56fae8020f5d954ddf64cd3b,
j00139,05_resultados\revisao_operacional\campanha_v1\j00139.mat,547dcfed08919006108ab2278bf34f9acf1ec77ff733077d5a8a3bd35410fe4d,
j00140,05_resultados\revisao_operacional\campanha_v1\j00140.mat,544a8e123daf576d48321c75b6178355061bf4f774bada04ac5bfa6e5cf07ada,
j00141,05_resultados\revisao_operacional\campanha_v1\j00141.mat,3d86e1fb601115b7e75617afe95876f7038e09f3531d293b51bbc8a49734a834,
j00142,05_resultados\revisao_operacional\campanha_v1\j00142.mat,f5f9196a16b1e5d7591d4a41559fce3301d0c7b0c1cca13cc4886410a55e1ac9,
j00143,05_resultados\revisao_operacional\campanha_v1\j00143.mat,50b1290ebc781a89a5db4362bf903fc5677d1a0e79b826dd604d05f6115dc4da,
j00144,05_resultados\revisao_operacional\campanha_v1\j00144.mat,b92f5913210568172577fa4f33535cf1843795888b1cfd76754a4712823d641e,
j00145,05_resultados\revisao_operacional\campanha_v1\j00145.mat,8c7bf6599db1b77a85dc155eedd20dac92c896416b8c1c07ab8762a2d4e5c14c,
j00146,05_resultados\revisao_operacional\campanha_v1\j00146.mat,2e2ef737d00ea5988de3c310ce6c67c79c89e8205d5237b74209600017938e5b,
j00147,05_resultados\revisao_operacional\campanha_v1\j00147.mat,0252d080c843a34e7eae1a21a9e9bc5c42cd841c9cae51ccbc036750a6b54a3d,
j00148,05_resultados\revisao_operacional\campanha_v1\j00148.mat,64508f1387e7aef405562e091c8bd8195a1737d1390203a7e772d752c958a85f,
j00149,05_resultados\revisao_operacional\campanha_v1\j00149.mat,b0743bf5fff1eb11a9531b8ae73101e37ac7bef1b509e3d8647674d7c1bbe9f0,
j00150,05_resultados\revisao_operacional\campanha_v1\j00150.mat,02e933fe54f0f4d7a1e0dcf6e3043fc7b82164b86149c21897b3673ef5fa5487,
j00151,05_resultados\revisao_operacional\campanha_v1\j00151.mat,af69e30be17d3b0f7fc2d0d4f9ad92de320c649ef2b560730edd23acbaace2c0,
j00152,05_resultados\revisao_operacional\campanha_v1\j00152.mat,dd9c68b63c98a47bcec4dec01cfbc100a391c1c6a07b75f847da85c59f926cc7,
j00153,05_resultados\revisao_operacional\campanha_v1\j00153.mat,0e3a6cab9d40aec82f66e64f1002c4e5f210b56a5fcb8750ee8945d37b0d254a,
j00154,05_resultados\revisao_operacional\campanha_v1\j00154.mat,66121fd01b9ad067c6c2136bdae692627b2def0f138e799000f75dad18035c6b,
j00155,05_resultados\revisao_operacional\campanha_v1\j00155.mat,225f7f146c6aeb6477db33b3277c24249801b0a412d41234b67a0a96afe4bc3e,
j00156,05_resultados\revisao_operacional\campanha_v1\j00156.mat,4e1dfe2932acea2ee4c51048846915c85b6447b69b94ecdb45b6738de3769d74,
j00157,05_resultados\revisao_operacional\campanha_v1\j00157.mat,3559c66e7da539acd9db89d1d3f7c5101546e0716bec59105c7b7b380d87b071,
j00158,05_resultados\revisao_operacional\campanha_v1\j00158.mat,3c8ed7af495abce1356e453e1147104a41b27a66c3435a48199d9d6fdbfcb64a,
j00159,05_resultados\revisao_operacional\campanha_v1\j00159.mat,1dc931e9d37b97ed4c3a559196b6511ad25e98959d2e67f1e3580908cd2dac52,
j00160,05_resultados\revisao_operacional\campanha_v1\j00160.mat,834a627fb7c0d9cb3a0574c8c394a793b29fd640c4ea1002cb61a792dda9c0a4,
j00161,05_resultados\revisao_operacional\campanha_v1\j00161.mat,559c8ceabb5101f537399983528cc1aeb3840438a99f96b386d1722c85d96e9b,
j00162,05_resultados\revisao_operacional\campanha_v1\j00162.mat,63df61c74caad8a96f4ba99b79be55f2e9bfe6f40c87c2d4c84b5ceba7a43ea8,
j00163,05_resultados\revisao_operacional\campanha_v1\j00163.mat,c708de72eb8d9effff41d7dce480d5a4d17e50076db9225ca1a60086074c88fa,
j00164,05_resultados\revisao_operacional\campanha_v1\j00164.mat,0614c4acb788270b7bdf6a177b89ac223c954ddc85e7b518179fd2ae0ddc7c41,
j00165,05_resultados\revisao_operacional\campanha_v1\j00165.mat,dab2cbca5842026ba67756b2529349726d6d18dae6ece909ed4b808126b8ceb1,
j00166,05_resultados\revisao_operacional\campanha_v1\j00166.mat,aa66dd517cba7a01557d7f1c7cbf4944018efaa3ff89826a70a1aa4f48db34f2,
j00167,05_resultados\revisao_operacional\campanha_v1\j00167.mat,851e2f4b5defbe4943cc847bd026be25e26dddabce44772a18f86f6dad1e6a6a,
j00168,05_resultados\revisao_operacional\campanha_v1\j00168.mat,26890783586095087a8bd8ff49534d050f18485b4b44aed24df034925c91716a,
j00169,05_resultados\revisao_operacional\campanha_v1\j00169.mat,822e26f1a270986191a3390c07734b971d3ecbf2aa78b3b268f1e1b78d58d7b7,
j00170,05_resultados\revisao_operacional\campanha_v1\j00170.mat,ce3f655f055aea5e21194902c4fb426219ccb0fb88989f39d0c0d8adaae6f577,
j00171,05_resultados\revisao_operacional\campanha_v1\j00171.mat,635c34a341209638fefd53dec757b0b99e48992cabb19d0f746d71bc750a4b44,
j00172,05_resultados\revisao_operacional\campanha_v1\j00172.mat,2154bc196eb1f8b71ba9ad6b072f3f8c057d1a8ba96be3485cc00beae564043a,
j00173,05_resultados\revisao_operacional\campanha_v1\j00173.mat,04a584b4ce8bd4926ae76fb2d12b7154ba331e0af684a3061e355df9c6572440,
j00174,05_resultados\revisao_operacional\campanha_v1\j00174.mat,18e337b053dafd80d9b8bd7d46a37135ae61f2fd42c7993d4c8a5fb4170adf22,
j00175,05_resultados\revisao_operacional\campanha_v1\j00175.mat,24638c3a86b21e16092bda3cb5ce6c098b4917a9e89de5ac66b7df42f65fe1c0,
j00176,05_resultados\revisao_operacional\campanha_v1\j00176.mat,0465a50d87716ee0feeed2c34b06115388529d4a878a3ace90cab133700ab1a4,
j00177,05_resultados\revisao_operacional\campanha_v1\j00177.mat,e10f449b2b6ca8492c4231a21616ae23c10f276c1c0e8ba933b12a228d298a75,
j00178,05_resultados\revisao_operacional\campanha_v1\j00178.mat,e305e38027c18cee89f735c5c4153d9ebf3854258ccd920885053965df1f01e1,
j00179,05_resultados\revisao_operacional\campanha_v1\j00179.mat,2dbd155c21c6980844e3d3a95d2843d30c99e727c0ebb6a1e99291f55c464051,
j00180,05_resultados\revisao_operacional\campanha_v1\j00180.mat,0897f091408000247866be39b62dae4a119d0713a01cad7b37835667eebe0296,
j00181,05_resultados\revisao_operacional\campanha_v1\j00181.mat,a003907960a6da932f06e4cb6a209de53fed7af92608784da4ecd67ab72ee754,
j00182,05_resultados\revisao_operacional\campanha_v1\j00182.mat,4c3ae4b83bbf359d4ca26ee35148ca29ad760cc7a9a80d30417899b2dff95736,
j00183,05_resultados\revisao_operacional\campanha_v1\j00183.mat,b60057a601f0b0773629e7211f18d42c6646a5c862c04d79b2a2333bec639209,
j00184,05_resultados\revisao_operacional\campanha_v1\j00184.mat,43125d3a278df795566774db4f6b86c7e2aadacfe4561f877811b93c0f8f1072,
j00185,05_resultados\revisao_operacional\campanha_v1\j00185.mat,b24fce8f7f25b4dfe50200f9d80d85069072e778456cacf592e3f6a1e84b6f55,
j00186,05_resultados\revisao_operacional\campanha_v1\j00186.mat,a5c8761fd47400dbf175c13d069b290e51d3b9b8b797439e77fd6627cf919787,
j00187,05_resultados\revisao_operacional\campanha_v1\j00187.mat,c5ab2922a956cd4aa3c4aa55f828ac5ab166df7ed9b164c198b850e11ad721c7,
j00188,05_resultados\revisao_operacional\campanha_v1\j00188.mat,090727f9e1703049323482d005bcaf28152dae26531ce2cd522eecc59c5289f2,
j00189,05_resultados\revisao_operacional\campanha_v1\j00189.mat,ed539e78df5f86f726b97298ccee962be5512e8c87c647eceedf6ab6fecd2ecb,
j00190,05_resultados\revisao_operacional\campanha_v1\j00190.mat,80ab34f4a6aecb4a1ace0641d38ee23a2f317a2afecbe616d7d33d166abf87a6,
j00191,05_resultados\revisao_operacional\campanha_v1\j00191.mat,6c988fadc5106e5709477e2141990557e1fbb7776cfb858e4a268b5eac2d337f,
j00192,05_resultados\revisao_operacional\campanha_v1\j00192.mat,d7836fb3243a847cf5d1fe251401b2f21f622854ddb391003ccbc95c25aa9748,
j00193,05_resultados\revisao_operacional\campanha_v1\j00193.mat,cdf84506162c1e0b5477333be64d46046c9e4d0ad0e4b92c9eb05e1f2f5c45bb,
j00194,05_resultados\revisao_operacional\campanha_v1\j00194.mat,9287403a742f02e4602e06a0eab5ba9653c87abf101486d0340fadcfad87c564,
j00195,05_resultados\revisao_operacional\campanha_v1\j00195.mat,c9735867a3569df09dbbbd20178fe45aea5c00faa6e5f1ea1d4c369a61576e3b,
j00196,05_resultados\revisao_operacional\campanha_v1\j00196.mat,2140e496003cc6bcde6904c1d9a3f77f4a76619b7f833ad061ae8a4c87e6a653,
j00197,05_resultados\revisao_operacional\campanha_v1\j00197.mat,12e72385b4d50063fff947f194f7bb640f82c1dbf46a9780350be67cc09b9ff9,
j00198,05_resultados\revisao_operacional\campanha_v1\j00198.mat,ead9eee2b6a20f0f6e8a80aa0ae93e731ccb0a3985d0b5c106f1370c0889baa3,
j00199,05_resultados\revisao_operacional\campanha_v1\j00199.mat,02b4b3cfa1431ede0895798af81d4a0e04f59f451048ef6f7a77c93646f69fcf,
j00200,05_resultados\revisao_operacional\campanha_v1\j00200.mat,528d337f2e8ff74bf3c78aa8f2fb0bc045511cc533b2f0b90afe2a70e9743b2e,
j00201,05_resultados\revisao_operacional\campanha_v1\j00201.mat,2f705a23d2ecd8ad59a408583c88c0e27e006bd80f77de0361d57d29c9ddcfce,
j00202,05_resultados\revisao_operacional\campanha_v1\j00202.mat,15deb426ebbc113bf34c5a4b853e7b15352ae0bc992bcc2bf33667592b5c0986,
j00203,05_resultados\revisao_operacional\evento_adiantado_corrigido_v1\j00203.mat,c76eaa52cf77fd1091a3317a6401273186f56fec72463cadbd17385ee4673029,05_resultados\revisao_operacional\campanha_v1\j00203.mat
j00204,05_resultados\revisao_operacional\campanha_v1\j00204.mat,7fdb11f9124e0cb9286a0e20624e7d4635420ed250d8c6fd81275dc6f74b15e2,
j00205,05_resultados\revisao_operacional\campanha_v1\j00205.mat,e21cd342060b54ff3b329aeaa4bbb3a12ed4f559283c3670ef0e772c00323f32,
j00206,05_resultados\revisao_operacional\campanha_v1\j00206.mat,5970fa8d5fdd2c2154f05006e04c509da63f423619901dff7d2d82444b976b6f,
j00207,05_resultados\revisao_operacional\campanha_v1\j00207.mat,6b7166b4a07892043dd76b78dca2aadb1840b37ca7dd37780af96d0b19cb4daf,
j00208,05_resultados\revisao_operacional\evento_adiantado_corrigido_v1\j00208.mat,2bdac6328b98f47aaaf24d18f3709631cba8e47e7da939aa139d98771e1f0721,05_resultados\revisao_operacional\campanha_v1\j00208.mat
j00209,05_resultados\revisao_operacional\campanha_v1\j00209.mat,b7a4c7b6c233936d2b51a4c8753bf2dc3191899d42e155d6039e10f7e75e195e,
j00210,05_resultados\revisao_operacional\campanha_v1\j00210.mat,0be4a174f22684794f02ab640b7303e5a1d30becdbe263dd38a1d1d9918bffae,
j00211,05_resultados\revisao_operacional\campanha_v1\j00211.mat,f5275bd5d0434ea78927dce64ca18c708faf057047025a92c0fe34f8c491ad0f,
j00212,05_resultados\revisao_operacional\campanha_v1\j00212.mat,6f7ba62d02faeecfe62901a6b538951213b9e1e28c5e3aa14c13413474113e7d,
j00213,05_resultados\revisao_operacional\evento_adiantado_corrigido_v1\j00213.mat,f3cf3d7560e8e038812790f882a5a9c4b115fa8d6ef932dfa0343be9f384a57d,05_resultados\revisao_operacional\campanha_v1\j00213.mat
j00214,05_resultados\revisao_operacional\campanha_v1\j00214.mat,51b82772e84b1d35a38c9c8c6fed43150f281a21a733d82c212f76e0e56c47ff,
j00215,05_resultados\revisao_operacional\campanha_v1\j00215.mat,65e742b420d5d340bec570e4b7d32765edd646322cdd39c21d3dd348bf793604,
j00216,05_resultados\revisao_operacional\campanha_v1\j00216.mat,a4dcf5ca922bffcdad570a18eead89a2ac13bdd92728319d7e5c5093fdbe5b15,
j00217,05_resultados\revisao_operacional\campanha_v1\j00217.mat,d174f50a10ce9a21500540985e06fcbf7841b17a38eda2587281de174051e96e,
j00218,05_resultados\revisao_operacional\evento_adiantado_corrigido_v1\j00218.mat,57b25af97f6e84a6fb6b389a80176e1ed55037b7010661f8f2524bed2b981f19,05_resultados\revisao_operacional\campanha_v1\j00218.mat
j00219,05_resultados\revisao_operacional\campanha_v1\j00219.mat,0bed96317aa72b2194545a891687596bfaf613f82f4a534b086875ef72f4e247,
j00220,05_resultados\revisao_operacional\campanha_v1\j00220.mat,04e5faf652a8b7ef63bd2335e64b26289f1c5b07df2bf98882294393cfdb2e67,
j00221,05_resultados\revisao_operacional\campanha_v1\j00221.mat,7920d42d6ec48517f24b9872f96f964d111ab9d07811298513c35be56c981f74,
j00222,05_resultados\revisao_operacional\campanha_v1\j00222.mat,30d6d267a144231553d1d10ad09d1a21a9b322f2624c0ae40be65f6b474c8eec,
j00223,05_resultados\revisao_operacional\evento_adiantado_corrigido_v1\j00223.mat,d1e0801037cfe138d010ccd4ca5f471a8c251a42c9f0a02e0eef78a3c5d9717d,05_resultados\revisao_operacional\campanha_v1\j00223.mat
j00224,05_resultados\revisao_operacional\campanha_v1\j00224.mat,c6ac231314e6f506c76619ba7405622bddcb79afef1c544863e01fb9c2ac6493,
j00225,05_resultados\revisao_operacional\campanha_v1\j00225.mat,d551435bdfa32ca33c3364c1e7ce2067a959cff15a0a45a763c21d89f39a8c17,
j00226,05_resultados\revisao_operacional\campanha_v1\j00226.mat,7d86cff3e8278dcb6bef4616af90f53c436d1fc9fdda44df3507e5340d1b64b2,
j00227,05_resultados\revisao_operacional\campanha_v1\j00227.mat,ea172e6146839a2d1d6b7672b9c460ad9e119cd74ef5e5e968da1484dff7e5f9,
j00228,05_resultados\revisao_operacional\evento_adiantado_corrigido_v1\j00228.mat,410498667274d18cec03878dc070f4fe828813a0ddc863e1207f8baa8a61c535,05_resultados\revisao_operacional\campanha_v1\j00228.mat
j00229,05_resultados\revisao_operacional\campanha_v1\j00229.mat,0e3abf0e9a3a60f75cb2b7057ee724d53174fb1e474d9af49491403f655de273,
j00230,05_resultados\revisao_operacional\campanha_v1\j00230.mat,d6ec0d3ca8774c0125e7b1a58f1e79e35d465e6819b3cde0fa1474ca0ecc16ad,
j00231,05_resultados\revisao_operacional\campanha_v1\j00231.mat,d00bb6d27f68964e9a52607f91ee02272e81f010fe38a0ec035227f497966ad4,
j00232,05_resultados\revisao_operacional\campanha_v1\j00232.mat,1987dd7834979f718022da2dc2dfdb101f7f3510e38d2354841c040e1950b38a,
j00233,05_resultados\revisao_operacional\evento_adiantado_corrigido_v1\j00233.mat,ec6cc98cf2b92d4c905d401e5f6f582c01d766c017fd4416a16e7bedf15a29b3,05_resultados\revisao_operacional\campanha_v1\j00233.mat
j00234,05_resultados\revisao_operacional\campanha_v1\j00234.mat,645c71e24e8a7c114b397057c89a6244a2f79b7ee29eb110935df1678bca061e,
j00235,05_resultados\revisao_operacional\campanha_v1\j00235.mat,e68fa6d443e0e2f7cff7c0b9b241a4822c82c00b281dc56ad8c6326e0d9832f4,
j00236,05_resultados\revisao_operacional\campanha_v1\j00236.mat,0e6a836dc7ee56e18e1fe96b0fc3eb4b4b5ffe8a7e9b7c349a505806852f4f12,
j00237,05_resultados\revisao_operacional\campanha_v1\j00237.mat,af8fb1b7c79b42c3021f1d44a7749235436268b45610e0b169d09bfdccc8b512,
j00238,05_resultados\revisao_operacional\evento_adiantado_corrigido_v1\j00238.mat,df10dfdc8247f76c8560523028cc213b6f8365609b708d4fb991596bcd755ab2,05_resultados\revisao_operacional\campanha_v1\j00238.mat
j00239,05_resultados\revisao_operacional\campanha_v1\j00239.mat,1799769d9ab29a50b16c08cb8475bf39dad0bf4c9d83a4ae5c37f3b6cf9ec7d6,
j00240,05_resultados\revisao_operacional\campanha_v1\j00240.mat,fc2d18ddb1bded283fc8d1c2a531675b321f6ce5064cde0b416deb4f382a53ba,
j00241,05_resultados\revisao_operacional\campanha_v1\j00241.mat,412012ae3ec7a9c119f130749bd1eb3f1088580e83247f3da2aa05e447955dcd,
j00242,05_resultados\revisao_operacional\campanha_v1\j00242.mat,fc8b5bb4f3b521fa39a7281dbbea417f9cf46b113dd5d868c2f9e73560eda9ee,
j00243,05_resultados\revisao_operacional\evento_adiantado_corrigido_v1\j00243.mat,9a503fce3a605d929c9510be01b42c85fbc0874516ee5519c27db6ce2666acca,05_resultados\revisao_operacional\campanha_v1\j00243.mat
j00244,05_resultados\revisao_operacional\campanha_v1\j00244.mat,2901c3c86d57cc8a0e5041c36f41d48a18dd69c6ded91d108bbfcc9f759a3ae5,
j00245,05_resultados\revisao_operacional\campanha_v1\j00245.mat,712fa3d1373fc8d065b250623a79a117fbec396e5e984994eecaec4ed9708a30,
j00246,05_resultados\revisao_operacional\campanha_v1\j00246.mat,af3b12bd1332906be1b8b3f8217fccc8945096c90dd4746749bcf77151edc50b,
j00247,05_resultados\revisao_operacional\campanha_v1\j00247.mat,25d88e35548a12faab71e3841a485f4615b53f9833db8f8795bd996575162c5e,
j00248,05_resultados\revisao_operacional\evento_adiantado_corrigido_v1\j00248.mat,33acb0f6495f21193c6f2cf4385951a9f2e2b1ac1bd6a8427e3fa8637cac9c09,05_resultados\revisao_operacional\campanha_v1\j00248.mat
j00249,05_resultados\revisao_operacional\campanha_v1\j00249.mat,d8c260c467856beff3786b201d4d0e667719a2237119f0a70543016c92007b91,
j00250,05_resultados\revisao_operacional\campanha_v1\j00250.mat,45b34605588597361a46d9589122bee4cd3112c6b696cdc663a620c62dbdfb43,
j00251,05_resultados\revisao_operacional\campanha_v1\j00251.mat,05efae338e4e3be46e64e8cad2ae2ded6d23c605e903a4be1255933343a949e4,
j00252,05_resultados\revisao_operacional\campanha_v1\j00252.mat,33f5bc4a8d29847c681760f832e9e36266d4d21e2ac65ca1310d42ecab23dabd,
j00253,05_resultados\revisao_operacional\evento_adiantado_corrigido_v1\j00253.mat,6eed0b449aa55c443b26c345dc9dcbc5f826b982782cd16e59e13b7154e35f5d,05_resultados\revisao_operacional\campanha_v1\j00253.mat
j00254,05_resultados\revisao_operacional\campanha_v1\j00254.mat,a8ce450b86f69983678b27f531e8f23f45eadf347ed84171ec87e27a820af298,
j00255,05_resultados\revisao_operacional\campanha_v1\j00255.mat,6d2f18f938203204cf44b74da43e07fd724406fc9ccbf9e1f602fb5a3e0f7133,
j00256,05_resultados\revisao_operacional\campanha_v1\j00256.mat,bb27d4049f710bcbbb154067bf5ee6eaa86cb239e7b639fc96d8709375354eb9,
j00257,05_resultados\revisao_operacional\campanha_v1\j00257.mat,9885e1e10b2d1b088fdb4c56dd0f52fda6988b8d7c25d3433d8fdbc61def3eae,
j00258,05_resultados\revisao_operacional\evento_adiantado_corrigido_v1\j00258.mat,002893cd884c8e848649ea42c04db1c9dde204fd92ebee3bb037a6346ee12719,05_resultados\revisao_operacional\campanha_v1\j00258.mat
j00259,05_resultados\revisao_operacional\campanha_v1\j00259.mat,f44e0b5bad8c0529d66348b8ae09cccc1966f05e14bd956a6d8d4dcea6c27596,
j00260,05_resultados\revisao_operacional\campanha_v1\j00260.mat,5e689fa50c0f66b1a09007288efeba42d73ade6b8083a4e7556d5d2af8257955,
j00261,05_resultados\revisao_operacional\campanha_v1\j00261.mat,7421e5d4da7a203452c1766a1de12ee9ea3528d18584594565fd973ea33751e5,
j00262,05_resultados\revisao_operacional\campanha_v1\j00262.mat,d9f6235adcd20981396d0ec1fc6b8ef75184564c4c67541f91cfdf202138b8c7,
j00263,05_resultados\revisao_operacional\evento_adiantado_corrigido_v1\j00263.mat,c8033c917231d9e5ebb3d32adad890e3808fe98a7947adf14c2da3dbaa6755ca,05_resultados\revisao_operacional\campanha_v1\j00263.mat
j00264,05_resultados\revisao_operacional\campanha_v1\j00264.mat,f0981491d6af080968b8a619e82dd406b7100cfecd649c35b7ab712e1ace3c26,
j00265,05_resultados\revisao_operacional\campanha_v1\j00265.mat,efee70b97c6603072133044fee1bad179375878fc2c7e0e00bd83eb5f5e095b1,
j00266,05_resultados\revisao_operacional\campanha_v1\j00266.mat,aa4d0e2d9eb2bb196b104bc266b382dd36c4f040ff3309ab95f06f923225028a,
j00267,05_resultados\revisao_operacional\campanha_v1\j00267.mat,449151a2e8a8905a78a108e160bdad1a6d3dd4d868d8ea3b8525372ebff7572e,
j00268,05_resultados\revisao_operacional\evento_adiantado_corrigido_v1\j00268.mat,350a91c40f13f6f4a8da85e05795facc2969d08ac8c67ef29512c0559c50fc42,05_resultados\revisao_operacional\campanha_v1\j00268.mat
j00269,05_resultados\revisao_operacional\campanha_v1\j00269.mat,1c0d1619d83462191aacbdf8572d1c72187ed367c1804c9dc25d6d9ed931ebf3,
j00270,05_resultados\revisao_operacional\campanha_v1\j00270.mat,7dc53ce62db7fc8e7486ad3db2d4833a82800d90a01a4ee1af785818f6d3b10f,
j00271,05_resultados\revisao_operacional\campanha_v1\j00271.mat,54ad8dea6de824540b5c30bb8491e73a02905b5fe67b9208a161792a51a5c2f1,
j00272,05_resultados\revisao_operacional\campanha_v1\j00272.mat,7f5d9ffc3bd5cc5e247094f64c6d9107262e3ddc3acec095c152838d397c81ca,
j00273,05_resultados\revisao_operacional\evento_adiantado_corrigido_v1\j00273.mat,66cd8f0e417271dd7e15b09226be1805dd70240cc5e6103ca60ff0fb92a7b4a3,05_resultados\revisao_operacional\campanha_v1\j00273.mat
j00274,05_resultados\revisao_operacional\campanha_v1\j00274.mat,0741bb367d437470a1e2b5a6bfe09991349e87025108f335fbf7df64b2e1e681,
j00275,05_resultados\revisao_operacional\campanha_v1\j00275.mat,3f20d9b267a0d6248f3ac53c0e4530e4299d18400397af5757f3b01162984c6e,
j00276,05_resultados\revisao_operacional\campanha_v1\j00276.mat,16e0ce6daa8ef73f515c6d69c4def32313fdf5c99d6b2c6d6b8309a7213ade82,
j00277,05_resultados\revisao_operacional\campanha_v1\j00277.mat,18f0b472b197f56612c359b9ac5a7012ceb7a29d9ff9e1cdc274a6b27387d2a7,
j00278,05_resultados\revisao_operacional\evento_adiantado_corrigido_v1\j00278.mat,3ca92412f3c677cb5bd7f4dfac6d19105a7af627f0616dd37e73b5a2f5107c23,05_resultados\revisao_operacional\campanha_v1\j00278.mat
j00279,05_resultados\revisao_operacional\campanha_v1\j00279.mat,eb140615a48a65fa9bfb44bd54f4a6ea0fe2504b268f4ac89ba84a44ef5f1bca,
j00280,05_resultados\revisao_operacional\campanha_v1\j00280.mat,b5f4d64eba64e2758cac2cb88320b50b4bcb70e63f40d750413a693894a2a45d,
j00281,05_resultados\revisao_operacional\campanha_v1\j00281.mat,bc419081cebfde26f7389d44e9dc9f94fa13eb94b382c6c8a3a2e156778c8037,
j00282,05_resultados\revisao_operacional\campanha_v1\j00282.mat,6bfdbece0d5e779dc0a1ecd6ade4882d826cebacf320cc0060b62d8037b06a88,
j00283,05_resultados\revisao_operacional\evento_adiantado_corrigido_v1\j00283.mat,2740028d5b986b4e4e00c6332c3a1d1047fccc07e9b28be5f5d90e366b5b0c53,05_resultados\revisao_operacional\campanha_v1\j00283.mat
j00284,05_resultados\revisao_operacional\campanha_v1\j00284.mat,95ba28dd933d47bc1471614544fe4e356e80b82223b84eb2367c1aac8c40f080,
j00285,05_resultados\revisao_operacional\campanha_v1\j00285.mat,4d1baaa572db2beb48ff8b73fa6143413139ddaa0fd949154de396180b815a44,
j00286,05_resultados\revisao_operacional\campanha_v1\j00286.mat,04796a5cdf38a6ad11eb5c5c8023882b1381fd9c4d3f56d7f9bab0b5d13d0fd8,
j00287,05_resultados\revisao_operacional\campanha_v1\j00287.mat,bb8cffbb1f5b4049abb87f926f929b824acc99c954293e7111aab54604189ed8,
j00288,05_resultados\revisao_operacional\evento_adiantado_corrigido_v1\j00288.mat,ff3503e8a0c8efe7ed246c785aa5ab205445335dfbb1b083601f4252c00558d4,05_resultados\revisao_operacional\campanha_v1\j00288.mat
j00289,05_resultados\revisao_operacional\campanha_v1\j00289.mat,b1594966fe17a3a51d1b00928c78725746f4ead61e34046540e702819e952bf0,
j00290,05_resultados\revisao_operacional\campanha_v1\j00290.mat,ac6a68cb4dc9b483c874c08e7fcda31a2718d470bdb057a4e2649e03c4238cf7,
j00291,05_resultados\revisao_operacional\campanha_v1\j00291.mat,a5b98bd06c63d69e4245f11fcd31c4df0a54d4cb7d1e22ee9cb45648d8bd0243,
j00292,05_resultados\revisao_operacional\campanha_v1\j00292.mat,63406bece1ff539d44eec4dc0573cc94e52c0c47ac5dfac9f46ba5709ef9bd54,
j00293,05_resultados\revisao_operacional\evento_adiantado_corrigido_v1\j00293.mat,1cdcfe2be318cb22f65f690ec0b5036ee35cb40835b4fcd8a722cefe70c10f11,05_resultados\revisao_operacional\campanha_v1\j00293.mat
j00294,05_resultados\revisao_operacional\campanha_v1\j00294.mat,a9857ff19bb0a0f3a8e28f11145153022084bc1832ee7961787cc2f013768a87,
j00295,05_resultados\revisao_operacional\campanha_v1\j00295.mat,4f10671bf337cb911af2fffbc67bac5d97550d768f55253f6cc2b1eb414a7d17,
j00296,05_resultados\revisao_operacional\campanha_v1\j00296.mat,b884dfa1db8d3cd80cbaad106bcb1c9906d5dea2872c78d6537993b2815011e0,
j00297,05_resultados\revisao_operacional\campanha_v1\j00297.mat,4c48836767c37763d5b2667181c51c74d1ac0e5a84096c06ebf25bc12b8d30b7,
j00298,05_resultados\revisao_operacional\evento_adiantado_corrigido_v1\j00298.mat,6f01cd14ce3edf1bc08c81db34d1ba64d8726570dd52105543ddc06ccabad199,05_resultados\revisao_operacional\campanha_v1\j00298.mat
j00299,05_resultados\revisao_operacional\campanha_v1\j00299.mat,1f19ddedb8e3498bac6a5c5b5e25496a716147c8ab0a13f9222918df78cfaaac,
j00300,05_resultados\revisao_operacional\campanha_v1\j00300.mat,c5b236aeb951aa1ce3fa35f9ededeb4cc6c04338fd5f4ab78f1a927c8f7bf762,
j00301,05_resultados\revisao_operacional\campanha_v1\j00301.mat,91a198e484fa9c3243509237ebc051e9855e461dca7be38897d544d7bbaf6ba5,
j00302,05_resultados\revisao_operacional\campanha_v1\j00302.mat,5fabb0074daa8e0c53ba05d13ad762e305f4effa1cfa41215d1d2415cee2de6d,
j00303,05_resultados\revisao_operacional\evento_adiantado_corrigido_v1\j00303.mat,1328f172870c0630e2470078f8835f13b7992efaeeafc7e3c3104ab0067a317d,05_resultados\revisao_operacional\campanha_v1\j00303.mat
j00304,05_resultados\revisao_operacional\campanha_v1\j00304.mat,365a0ba02a0658577d219f883360ea845b82bfaf490c1825102d743c64fe383f,
j00305,05_resultados\revisao_operacional\campanha_v1\j00305.mat,7cea6040ca758d94e3822b7a64394724167e8602b390976a79c6c3158e8bf02c,
j00306,05_resultados\revisao_operacional\campanha_v1\j00306.mat,e28a8603e3ec86192a531f9ff6da15cd1c283a8205d5bad548fb40ffc61d3b9e,
j00307,05_resultados\revisao_operacional\campanha_v1\j00307.mat,3245938c0bb0ddc12e9404c5d2558029d40cb1248fbdb4b3ac95fb60c4c7eb38,
j00308,05_resultados\revisao_operacional\evento_adiantado_corrigido_v1\j00308.mat,cb6f78592362975aa3eb6eb9194211c74476ac7ddcbb3f5642cc449750c817e2,05_resultados\revisao_operacional\campanha_v1\j00308.mat
j00309,05_resultados\revisao_operacional\campanha_v1\j00309.mat,ff064ea0b45e5e7ac223e60dd7062d064da13dc56e3acfa23366ac37a2d90d57,
j00310,05_resultados\revisao_operacional\campanha_v1\j00310.mat,8c223319312a0e1cd62146038c485451ac8eae69d1f597e9964d72d901686537,
j00311,05_resultados\revisao_operacional\campanha_v1\j00311.mat,bdc1c54b6a971e4ccafea7e634361ada2a2af869a490d4100d5cd50faf033806,
j00312,05_resultados\revisao_operacional\campanha_v1\j00312.mat,86189f445fc94b603bdca16ebac2add0050fa9c211cb743bbf5c076d3b9b7d97,
j00313,05_resultados\revisao_operacional\evento_adiantado_corrigido_v1\j00313.mat,04e65f3982b25a8d1991c95051ca24a328a69bcfb07e374d5550d9a334618a31,05_resultados\revisao_operacional\campanha_v1\j00313.mat
j00314,05_resultados\revisao_operacional\campanha_v1\j00314.mat,0e41501d719c83ad37f146be6a1adc695653ae1c13c077718f99936038633d19,
j00315,05_resultados\revisao_operacional\campanha_v1\j00315.mat,493de4422862d849efd30474151b347709f67c6a3be9f6af05edef87616dc4fc,
j00316,05_resultados\revisao_operacional\campanha_v1\j00316.mat,65aa312c5fc27cbda4ba3530db8c0fb39f274ddce3050f647cbda8d5c3446f25,
j00317,05_resultados\revisao_operacional\campanha_v1\j00317.mat,80ebe25fdbceecc6382f36991e8da42151c455377a9c272483bdedb3908b1dca,
j00318,05_resultados\revisao_operacional\evento_adiantado_corrigido_v1\j00318.mat,6815670afda3453383a84b3789879d501895fca4543ad89a9672f8e77c015bb6,05_resultados\revisao_operacional\campanha_v1\j00318.mat
j00319,05_resultados\revisao_operacional\campanha_v1\j00319.mat,5b15ca7e91c0551f9cd206a14b6d0ab1ada0886098488d51ac1d3d69849c4ff6,
j00320,05_resultados\revisao_operacional\campanha_v1\j00320.mat,5ee5f366b4db708ed2440c0d3d7730abf3228cd15fa04071c151829a9a09eb44,
j00321,05_resultados\revisao_operacional\campanha_v1\j00321.mat,5a2aae7a6c1e5c819b5cd3ed91ae9692728651d4c1260a1105968bacf72b6132,
j00322,05_resultados\revisao_operacional\campanha_v1\j00322.mat,a29ac9853fd51c0fdc076c918617427e8959a668d1d9054cc7f987dc17fcfbd2,
j00323,05_resultados\revisao_operacional\evento_adiantado_corrigido_v1\j00323.mat,214d7e370041d5e2d9c97ec5ffb14c1b573931ebad82bdfd5af6cf17eef4a50f,05_resultados\revisao_operacional\campanha_v1\j00323.mat
j00324,05_resultados\revisao_operacional\campanha_v1\j00324.mat,8ea00bb84c2571f4815e803391d4ed15d9febfb9e1f4a6617e150d97ce12080b,
j00325,05_resultados\revisao_operacional\campanha_v1\j00325.mat,bc27f499e410b59c8d7a1f62240284c4daf2113c25e5e2f10565a73d8b1df7d3,
j00326,05_resultados\revisao_operacional\campanha_v1\j00326.mat,83ec683636a2cfba93e62e1bf3d5aa5777da7187a95fb08a88096d73bbaefdde,
j00327,05_resultados\revisao_operacional\campanha_v1\j00327.mat,a93fe52db1acc0b477fadf86394a515e1594c16c3de967348f391759ec905a47,
j00328,05_resultados\revisao_operacional\evento_adiantado_corrigido_v1\j00328.mat,3eae0a701cc1ccc5786ef0a11799624c4856167b06f0ee18431d47fb7d4b112b,05_resultados\revisao_operacional\campanha_v1\j00328.mat
j00329,05_resultados\revisao_operacional\campanha_v1\j00329.mat,6e6506be3e465ad89edd86fc8cabd072f6d43cfef89200391f44cb2b2a1055aa,
j00330,05_resultados\revisao_operacional\campanha_v1\j00330.mat,00ce33f7cc17998da5fdf998dc20970923599f2d6cdba16d2a98981677a8c929,
j00331,05_resultados\revisao_operacional\campanha_v1\j00331.mat,330453bdfce62b984b00b5d3267c33491393576bd3acf5830190877135aa9dbb,
j00332,05_resultados\revisao_operacional\campanha_v1\j00332.mat,177fa6696b3ccfc72203b47425c287a9cfd2842046b0f5501ed36b0c4bf7d777,
j00333,05_resultados\revisao_operacional\evento_adiantado_corrigido_v1\j00333.mat,fb50c9308a104f625070ea6180ce659b984010cb29749d052a0d6dd301ecfd62,05_resultados\revisao_operacional\campanha_v1\j00333.mat
j00334,05_resultados\revisao_operacional\campanha_v1\j00334.mat,b4832e4ae472be3d16c19a14b9a80301c913391ebb468cbc4359837ada5a391a,
j00335,05_resultados\revisao_operacional\campanha_v1\j00335.mat,94bb7fa25f3335d46087375332507428fe5fbfe5a87394d56cbc01ac198675b9,
j00336,05_resultados\revisao_operacional\campanha_v1\j00336.mat,c1cfbbf34f4e7e3559085a7ae03f20c3b6a31fab81c297357a2b1f164f8ce449,
j00337,05_resultados\revisao_operacional\campanha_v1\j00337.mat,fda53fd6cf9fb7c89beb6831945ece65932a7922c49075a24a1e0bbd55d76635,
j00338,05_resultados\revisao_operacional\evento_adiantado_corrigido_v1\j00338.mat,1d7d026a72eb278c9c9fd4eeef5e3f44812853a19bf187fc0b8fe91ec6573285,05_resultados\revisao_operacional\campanha_v1\j00338.mat
j00339,05_resultados\revisao_operacional\campanha_v1\j00339.mat,d5271aab48941c513e8467be9d26bfa7a0baaf3edef3ead5f45a3256939131af,
j00340,05_resultados\revisao_operacional\campanha_v1\j00340.mat,c07611bbfbd030fa9c16fd89fcedd28ce81bea7aa14fa2f11decd9614b442b44,
j00341,05_resultados\revisao_operacional\campanha_v1\j00341.mat,1b2a2e860e6d20f9883ead9489047ad6111afed78bfc84f2d9408531ea7ac843,
j00342,05_resultados\revisao_operacional\campanha_v1\j00342.mat,b9f272b69360cebd728b72a89610b80ab4aeb87e7dc4493b8c0ea6707fcd18dc,
j00343,05_resultados\revisao_operacional\evento_adiantado_corrigido_v1\j00343.mat,d139316e4e946703c4348144b498a09f44821ad40a2d650ebfe691931532a2a4,05_resultados\revisao_operacional\campanha_v1\j00343.mat
j00344,05_resultados\revisao_operacional\campanha_v1\j00344.mat,ce874f1ee830aafde41ce6abc1a225346259677a30f55721bc487b8ed7f91022,
j00345,05_resultados\revisao_operacional\campanha_v1\j00345.mat,503a276f5fcb2b1a52b164234e6904286e880d2a676e44cad0c4f8c76e0098fe,
j00346,05_resultados\revisao_operacional\campanha_v1\j00346.mat,33f9d3684014d50a46d96cabd25c65cadfbe7775298c4701b186984e0493ba55,
j00347,05_resultados\revisao_operacional\campanha_v1\j00347.mat,1d148d4c34c1d1c13e51232dbd7d6715bfeb156f112bb734ff171957b820ce29,
j00348,05_resultados\revisao_operacional\evento_adiantado_corrigido_v1\j00348.mat,27ffaddf64f99f9dd2a60bb459a078518a67905be64929c5fe770bd57c24dce8,05_resultados\revisao_operacional\campanha_v1\j00348.mat
j00349,05_resultados\revisao_operacional\campanha_v1\j00349.mat,74dcc639ba30e634d6aaf6a48c1ac0b668d19e9e06f4b565c2acd1c040c78c46,
j00350,05_resultados\revisao_operacional\campanha_v1\j00350.mat,bf9524c9a56306ac36c7d49d9a67047bbfdd77e3501499f7304ccf78973348e8,
j00351,05_resultados\revisao_operacional\campanha_v1\j00351.mat,ccff241904226522934d6af7beb1aa86a299d35bfad433b84e5637f42aa5ec79,
j00352,05_resultados\revisao_operacional\campanha_v1\j00352.mat,49912953f2c218e75290421490b49c216552b71fa0355c9429d06a2228557149,
j00353,05_resultados\revisao_operacional\evento_adiantado_corrigido_v1\j00353.mat,aef560f5aed301e5562ef6af15926055bd24a3079d6591a16ac151b6e3ec4aec,05_resultados\revisao_operacional\campanha_v1\j00353.mat
j00354,05_resultados\revisao_operacional\campanha_v1\j00354.mat,78432fd00ba6c4bdce479709d1c90ed3c756b9bfd5bb405ea01328c2b5337673,
j00355,05_resultados\revisao_operacional\campanha_v1\j00355.mat,86c4d858c7dda3c4a0463dd86da6f424787a07aefa3bbf1713eb68de6ecc5bd8,
j00356,05_resultados\revisao_operacional\campanha_v1\j00356.mat,2732000c702b9b73b95e42ea7cd781b1468ab918dbc16cd506283bcab7e9c630,
j00357,05_resultados\revisao_operacional\campanha_v1\j00357.mat,99ac90d7fde96bcb656affece5691756eba4569a1144262cdb559df5baac145e,
j00358,05_resultados\revisao_operacional\evento_adiantado_corrigido_v1\j00358.mat,e1f22d8bb3f83af833678b1c0df2e82e891fb0515d411f18e3406b5657e230d4,05_resultados\revisao_operacional\campanha_v1\j00358.mat
j00359,05_resultados\revisao_operacional\campanha_v1\j00359.mat,d11efa27749692ce13fbcd5aba11add8203f53c9dbf5af942ff88679c1d34a45,
j00360,05_resultados\revisao_operacional\campanha_v1\j00360.mat,c7f9c975d129effb516e42c6ac9a299e81cd9bf82571c60e42a281bac558c9a4,
j00361,05_resultados\revisao_operacional\campanha_v1\j00361.mat,2836dc3f8ff87f931fa423684676413b5e932c8899123183de43a112336caf42,
j00362,05_resultados\revisao_operacional\campanha_v1\j00362.mat,f96d57523367d6f7a34352bc322aa2cd08ba5371c9133f5f5cfdb73fea1dedcf,
j00363,05_resultados\revisao_operacional\evento_adiantado_corrigido_v1\j00363.mat,a664ad1ea842f5dfc9f72ad985b23d091d99b2d43ab67d217bafca1d913699b2,05_resultados\revisao_operacional\campanha_v1\j00363.mat
j00364,05_resultados\revisao_operacional\campanha_v1\j00364.mat,38df31660dc7661d39ed191b56cb0ffd6bea70a8b533778c5c225e5f3a3233a2,
j00365,05_resultados\revisao_operacional\campanha_v1\j00365.mat,aaeec0816d6d2a1125e1550bf95d8b643a277932be4c110203428dd2dea8b944,
j00366,05_resultados\revisao_operacional\campanha_v1\j00366.mat,4caa7557244d595c40fa64bcc7ce0bbc4b4e02ee45df58025adf501300dbcac1,
j00367,05_resultados\revisao_operacional\campanha_v1\j00367.mat,5b95d794279b65b58963752b666650edd57488eedb91d7e0960754a5b4ab90d1,
j00368,05_resultados\revisao_operacional\evento_adiantado_corrigido_v1\j00368.mat,396f5ea11c532baa072f5280ad9ed29e3441f75f6548bb00f898bd6ff181f279,05_resultados\revisao_operacional\campanha_v1\j00368.mat
j00369,05_resultados\revisao_operacional\campanha_v1\j00369.mat,dd33518a97983a74da45d73a83a3bff672e1c2d33f6215ae084658b3033dfbff,
j00370,05_resultados\revisao_operacional\campanha_v1\j00370.mat,914fe6c02436638b22a0e6c39296a0f5c165aa7cc79b3a76c19350191c0e0e88,
j00371,05_resultados\revisao_operacional\campanha_v1\j00371.mat,65a0f77ccc873d51fcf2c53336c7e08194dda331aad002315e13e2c0a2f9c958,
j00372,05_resultados\revisao_operacional\campanha_v1\j00372.mat,33606e3bdd6feb3461d635598bccc5d2744605b1ac63e113b29f871260482d4a,
j00373,05_resultados\revisao_operacional\evento_adiantado_corrigido_v1\j00373.mat,15768fef7a141d2702c6a812ea5dc9433842f3a98e5a8761f1b05c6bba2f2081,05_resultados\revisao_operacional\campanha_v1\j00373.mat
j00374,05_resultados\revisao_operacional\campanha_v1\j00374.mat,a5b365e4e1b86a4af84db4ea8f8009bc8d9ace1fd02254246f5062e7489e3b80,
j00375,05_resultados\revisao_operacional\campanha_v1\j00375.mat,d4e0efefdd999a119a0527ecc977a62394d74625c474006e16609c7bc968e132,
j00376,05_resultados\revisao_operacional\campanha_v1\j00376.mat,455bedeb939d1a08726306988a1064f55fae80d57b8a9b1fb31953f151496bf0,
j00377,05_resultados\revisao_operacional\campanha_v1\j00377.mat,6c3a6447294a26f0250d41f9f46c60799158d6ce943bf2b46989614cf37a36f0,
j00378,05_resultados\revisao_operacional\evento_adiantado_corrigido_v1\j00378.mat,d29d37beae000090c5e3e4c58c01676bebd9e50527c425d8857b0464fad66060,05_resultados\revisao_operacional\campanha_v1\j00378.mat
j00379,05_resultados\revisao_operacional\campanha_v1\j00379.mat,c2c5f5f5679d42fe2d267878761ae2f614f560002243f476ca73b4e88a84a591,
j00380,05_resultados\revisao_operacional\campanha_v1\j00380.mat,0a5a705f01e92908c9365a94ba5685b85d70aed7cdaf125192a7b8ec33b3c37e,
j00381,05_resultados\revisao_operacional\campanha_v1\j00381.mat,5d4cbe77749f159daba97f529acce5c69ad2d75a65a1b5fa353b3a07837de1d9,
j00382,05_resultados\revisao_operacional\campanha_v1\j00382.mat,204ccf3887e77fdcb339c822dfb83fd1ee4472ea459356f4ac061854e049afe9,
j00383,05_resultados\revisao_operacional\evento_adiantado_corrigido_v1\j00383.mat,cc3ecd8eafd5b5bfb9f4ba5dc5298d14640e2dc902214a7f9523d80f043dc673,05_resultados\revisao_operacional\campanha_v1\j00383.mat
j00384,05_resultados\revisao_operacional\campanha_v1\j00384.mat,5dd3e48341028466e71d1faada5295f25ff996b89ecdd77f4c0591035367d09d,
j00385,05_resultados\revisao_operacional\campanha_v1\j00385.mat,6da38c39a9a41c75bacaa61293840f2adeafd39e2f61fe105215b3a26dcac2f0,
j00386,05_resultados\revisao_operacional\campanha_v1\j00386.mat,939b6906799c79ed53894167a79a2d8274118c1817d8e1e928798b11d3e879ec,
j00387,05_resultados\revisao_operacional\campanha_v1\j00387.mat,25766076aac0f824ce881b11228901e518f52ee7597d16f46313052260d885dd,
j00388,05_resultados\revisao_operacional\evento_adiantado_corrigido_v1\j00388.mat,15fda52bc9588d339b112991ddb0434ea985ebdf7c1ffa4e1bf1418ede25dbd6,05_resultados\revisao_operacional\campanha_v1\j00388.mat
j00389,05_resultados\revisao_operacional\campanha_v1\j00389.mat,aa52097c7a2334137098d7dc1397dc3fdb1494db8237dd8e5702bfc44641a96b,
j00390,05_resultados\revisao_operacional\campanha_v1\j00390.mat,d31cd80cd4bb9f2407433f18f7bcde468b42f1f23c65dcb4d90a0a8f9739a0e8,
j00391,05_resultados\revisao_operacional\campanha_v1\j00391.mat,72f226727943cd072499bb9275f083d45ab8b6f8525e472851eda660440f4982,
j00392,05_resultados\revisao_operacional\campanha_v1\j00392.mat,6ed52925f0d1e6d4a4576ac7b5b569b03bd49089b65a5f77004e3f520912412e,
j00393,05_resultados\revisao_operacional\evento_adiantado_corrigido_v1\j00393.mat,7a828d5357cfab9104a9d9d67fdec77b3cc4fdcb929d87f972cca66937e27ac6,05_resultados\revisao_operacional\campanha_v1\j00393.mat
j00394,05_resultados\revisao_operacional\campanha_v1\j00394.mat,574ef83281f9926c932b5d2a16fbe819b8f9ef96f72f7c360416561129e47285,
j00395,05_resultados\revisao_operacional\campanha_v1\j00395.mat,f290cb086af95eb80d2932b273db49f14feac2bf1d78f6f13608877c56901827,
j00396,05_resultados\revisao_operacional\campanha_v1\j00396.mat,d057c8d8be946498843a594e12435249f43b035c49757e6a5e982478d65cf2c4,
j00397,05_resultados\revisao_operacional\campanha_v1\j00397.mat,ee61f9134d22ad99239e40a3838714bbac74439dab05af71d5d736152d129c06,
j00398,05_resultados\revisao_operacional\evento_adiantado_corrigido_v1\j00398.mat,2b1bdef06021c56393fb0467810bcff4c5128e2503729fa99a916b10373021a6,05_resultados\revisao_operacional\campanha_v1\j00398.mat
j00399,05_resultados\revisao_operacional\campanha_v1\j00399.mat,d86f3b05d1724e6d362d4c34333bc7488997a6660aefe119119cb21efa448a6a,
j00400,05_resultados\revisao_operacional\campanha_v1\j00400.mat,258553aace193596de79724bc2685e177fcdedba1d3b666e631bf79535644337,
j00401,05_resultados\revisao_operacional\campanha_v1\j00401.mat,3918a4556255051384a78952d3755b26d17dc55bf2ff559c10b81c3b5095b0f5,
j00402,05_resultados\revisao_operacional\campanha_v1\j00402.mat,6782b8c516c0d8d47beb3758deb0e3f4190245718724fbc2c543da499c5c02a1,
j00403,05_resultados\revisao_operacional\evento_adiantado_corrigido_v1\j00403.mat,e36eb59f6567abfecc12f0230c05cb6089632eb76aa5ed098045752865f98e0f,05_resultados\revisao_operacional\campanha_v1\j00403.mat
j00404,05_resultados\revisao_operacional\campanha_v1\j00404.mat,3c1f792e93645772c62a94f7922fa3c4b70b27c3cafbebe51f2a15bf6dd0419a,
j00405,05_resultados\revisao_operacional\campanha_v1\j00405.mat,5b5aff98cdd450ca925a792971dfe5783f82f6d28d136e19172c0da4fd543e2a,
j00406,05_resultados\revisao_operacional\campanha_v1\j00406.mat,6ce8a94cceca5038d7550c6aa7e765d34384878d6c09977fd79115a39ffb1766,
j00407,05_resultados\revisao_operacional\campanha_v1\j00407.mat,5a53607097ffaaf561db54b438871e9ae61418352373b92bb3862bf379210916,
j00408,05_resultados\revisao_operacional\campanha_v1\j00408.mat,47392b301754b203424e5305017d96020c5da4fe6413cd22165e974cac43df18,
j00409,05_resultados\revisao_operacional\campanha_v1\j00409.mat,7ae3928aa48c8f5912163cf15e085aadd906e80342d7f9117021aa71c4c92861,
j00410,05_resultados\revisao_operacional\campanha_v1\j00410.mat,fe4fa8e385f5d41fc26d05d15acd6568cc2210ba4e000a54bef10394d0245c06,
j00411,05_resultados\revisao_operacional\evento_adiantado_corrigido_v1\j00411.mat,5bf4622d8e59b5e4b18a5917e0fd291ff2aff94a37906f260345b9d29a426418,05_resultados\revisao_operacional\campanha_v1\j00411.mat
j00412,05_resultados\revisao_operacional\campanha_v1\j00412.mat,28d1e6a4e25179b28e605d9cf68f0f8abfeb05be0a6fa9cc0bce54d94638e3bb,
j00413,05_resultados\revisao_operacional\campanha_v1\j00413.mat,4858cd551daf7072fbacf461cc1ad5dd21d4bd5caf46fdf5e2cfe76968279095,
j00414,05_resultados\revisao_operacional\campanha_v1\j00414.mat,d02f25e0324258cfc4070b659e622f58d09abefb4fb26fe888cc345dc0d7c548,
j00415,05_resultados\revisao_operacional\campanha_v1\j00415.mat,f9769fc913e18b8042e13812e90a73103e9d3cd821a5c1b853ba765204773d63,
j00416,05_resultados\revisao_operacional\evento_adiantado_corrigido_v1\j00416.mat,61d22c394bec76c916e91c4583a62267b0c6a2bf758555bd05a4122c44ac9551,05_resultados\revisao_operacional\campanha_v1\j00416.mat
j00417,05_resultados\revisao_operacional\campanha_v1\j00417.mat,2a65774aa48c5075b96b804ebdd5c140d47034d59208c102595b64a2db2a8d5d,
j00418,05_resultados\revisao_operacional\campanha_v1\j00418.mat,cd8eaabb7ed02163c819ac197b87ff88ce5ee34f6df327914d94138e8d829c3d,
j00419,05_resultados\revisao_operacional\campanha_v1\j00419.mat,b42915517939472b8398e4fcbec76eb288ea7106ca5a226a021e20b3f8239291,
j00420,05_resultados\revisao_operacional\campanha_v1\j00420.mat,d90a0c626d779e8e8bf0e75b46fef8dc4c673e546821cf931f8678e45764d84d,
j00421,05_resultados\revisao_operacional\evento_adiantado_corrigido_v1\j00421.mat,beb4f8b14564956112487f66a75b9aaf774de44b42f427069e160a37f5c4e893,05_resultados\revisao_operacional\campanha_v1\j00421.mat
j00422,05_resultados\revisao_operacional\campanha_v1\j00422.mat,aae335efe3d00aaf436a20403679d6aa0f8930528730ffe814890c82bc29b1ca,
j00423,05_resultados\revisao_operacional\campanha_v1\j00423.mat,ca7ca7e3b423caf987d83f7a81c71ab1686f921e9a2b6486aa8dc65e205881ff,
j00424,05_resultados\revisao_operacional\campanha_v1\j00424.mat,782b15853801daaa2d85948b9cf3795e5e2c86cc3b0f5544b8fa3fd885ec97a1,
j00425,05_resultados\revisao_operacional\campanha_v1\j00425.mat,ead3d6c4606c7164a141780bed85a38404e252d5574dbd8f4b1a998639277dd2,
j00426,05_resultados\revisao_operacional\evento_adiantado_corrigido_v1\j00426.mat,12b918a95ac7fd6266ab28b3fba0489c5afa0f6220c4283b575d3ec03fe5988c,05_resultados\revisao_operacional\campanha_v1\j00426.mat
j00427,05_resultados\revisao_operacional\campanha_v1\j00427.mat,ccd5be45524daaafdf99b567785e8e3c763d31060b4f108ce05aa53fb7bb3b96,
j00428,05_resultados\revisao_operacional\campanha_v1\j00428.mat,0e962885a7d6c5560a56de0e651c77b7c311bde6141eaf18fa62a5c021f37b6d,
j00429,05_resultados\revisao_operacional\campanha_v1\j00429.mat,1aa195642435901d3a84a152f8b7a953de9784fd616b67dd6e8ef6119fd122ae,
j00430,05_resultados\revisao_operacional\campanha_v1\j00430.mat,64a65ca303bdac98e22cbe22b6f910aef88f9d6b997345502465784ab1fca95e,
j00431,05_resultados\revisao_operacional\evento_adiantado_corrigido_v1\j00431.mat,2a064d88bb22531076fa5b252be3286d85483a9042c99289977384b48397a733,05_resultados\revisao_operacional\campanha_v1\j00431.mat
j00432,05_resultados\revisao_operacional\campanha_v1\j00432.mat,56f3fffaf41d9a3374865830cd89e23b6f70f41d72df2fb1d0e42bc50e55325a,
j00433,05_resultados\revisao_operacional\campanha_v1\j00433.mat,3623147c28c6f4b1adabc8d7f1dd37032f53bc56059e4f4509c85fc08d1d0cec,
j00434,05_resultados\revisao_operacional\campanha_v1\j00434.mat,2da56e56d10927d4a8a7c8a50722f005c28fd5a9d4c67ba4f65dda0b52c8c20d,
j00435,05_resultados\revisao_operacional\campanha_v1\j00435.mat,3156949e261db94ee6efcd5829b6cccd86696fe4c7d60c8e12f9b902e2a7e108,
j00436,05_resultados\revisao_operacional\evento_adiantado_corrigido_v1\j00436.mat,fcfeacb2f1f3ea273afaf73b8178631b2a46ac93db29ee05aae6d47270959dc8,05_resultados\revisao_operacional\campanha_v1\j00436.mat
j00437,05_resultados\revisao_operacional\campanha_v1\j00437.mat,1024d404fb8ce609d327cceaeb1389190df426aac490b67533cde77e90076c17,
j00438,05_resultados\revisao_operacional\campanha_v1\j00438.mat,7fff886599223e4fe2865fde5ddbfe1c59f7b2e0a8d170a9d6a088a3497ef6f6,
j00439,05_resultados\revisao_operacional\campanha_v1\j00439.mat,f0ec8926afc9f4175d16dd684a4f3a87e96ec30157d6c9f26b375017cb04ea9b,
j00440,05_resultados\revisao_operacional\campanha_v1\j00440.mat,fd53451172f27688069a2674d45c6c63dcc5bfbbdd92bc0e077a658392b402c5,
j00441,05_resultados\revisao_operacional\campanha_v1\j00441.mat,d5bb4a0c52ba75b1532de0b01439ffd1de9a3ad67979fe617cb0ceaf52e0e5a1,
j00442,05_resultados\revisao_operacional\campanha_v1\j00442.mat,a8b6e9adc75f301a7cad47ea31a82e72bc7a9d6ec2c7c415948e1a14362b1c54,
j00443,05_resultados\revisao_operacional\campanha_v1\j00443.mat,50c95d543d9ba76d79b3ad18a8bf41def0e9ac757f4d38d14c85f27fdb853375,
j00444,05_resultados\revisao_operacional\campanha_v1\j00444.mat,2b519b73d80f3919aeedf0cbb9d59abbe55fda02a1d1cb5162fdd9f0e2534c21,
j00445,05_resultados\revisao_operacional\campanha_v1\j00445.mat,5a8604fe092e337eaf920e89b77f4fe125a47f802939b11ce014dd55c39e13c6,
j00446,05_resultados\revisao_operacional\campanha_v1\j00446.mat,1c3cdc1f006c8d737d418fb24d9b8e0ec6a71049348f6b97db8332b74031920e,
j00447,05_resultados\revisao_operacional\campanha_v1\j00447.mat,ebd6c68eecc41858ce4d0dee3ed8f80ba6ece82ef08188f81da36429ce287b6e,
j00448,05_resultados\revisao_operacional\campanha_v1\j00448.mat,a6b7338820460d842f1fef6d1a0e913fc9013b2952a658ff2a3ff8aea0140b67,
j00449,05_resultados\revisao_operacional\campanha_v1\j00449.mat,67d5d4a24e26475a23cb808c82a5d6a988c531d044d2b589569c0f2c746f0f8a,
j00450,05_resultados\revisao_operacional\campanha_v1\j00450.mat,1171267c61ed859eb00750da3f699c0962fc8cc92c81f3de89b20ae6247c1562,
j00451,05_resultados\revisao_operacional\campanha_v1\j00451.mat,df81bd29fbf6e050fb060cb524c06387b60dbc19254aca93fc42521d8ceb5f17,
j00452,05_resultados\revisao_operacional\campanha_v1\j00452.mat,bd7be5322314977d15bfa7bc96b208aaaac84153c15dd810c9668b37bc783214,
j00453,05_resultados\revisao_operacional\campanha_v1\j00453.mat,ac8468ffcbc9396b2ea7b2da9f03b5e66aa03197fb85f4946dc38c58a62e6267,
j00454,05_resultados\revisao_operacional\campanha_v1\j00454.mat,d70343e367c61cc56109af5868648ee99ffa4d40e74b15e38883f237dedc832b,
j00455,05_resultados\revisao_operacional\campanha_v1\j00455.mat,66a646232e917adb0ed40a48af483536dca849422d35585e67c7669838963344,
j00456,05_resultados\revisao_operacional\campanha_v1\j00456.mat,e99a92dc4707cf6cf2738416753a95d7d15623b0ac2937e30eaccf11d9f26b35,
j00457,05_resultados\revisao_operacional\campanha_v1\j00457.mat,af132d3748c7f9fa51dbeca93f12d13143cd5699d9ecd4aa1045e98268871f6d,
j00458,05_resultados\revisao_operacional\campanha_v1\j00458.mat,f94ea26ba3e7f5d021673e71248f06e7c39c12c45cc0db3103dd323e3e9c7de9,
j00459,05_resultados\revisao_operacional\campanha_v1\j00459.mat,2eac3c97b567a33a152c9631fc3cfe6e9b35a0550abdba53a28060ea6396adfd,
j00460,05_resultados\revisao_operacional\campanha_v1\j00460.mat,70ba26918b6f420b66825290504a1c10fbd92e3f25840635076bfd2e66c82375,
j00461,05_resultados\revisao_operacional\evento_adiantado_corrigido_v1\j00461.mat,bac6d20fc79deb4cdcbe33213cafec48dacc7f9a5abfa3236b6e65c330e15d98,05_resultados\revisao_operacional\campanha_v1\j00461.mat
j00462,05_resultados\revisao_operacional\campanha_v1\j00462.mat,64ceca593950ebd9f67016aea26998d9dde5303b13d4dd6c130cd72c62686eb7,
j00463,05_resultados\revisao_operacional\campanha_v1\j00463.mat,0161338e494e6188d2b13bad4cb8ece2e2286f720a29d9fe65713fee08df1df0,
j00464,05_resultados\revisao_operacional\campanha_v1\j00464.mat,98ebff13d3c3a02440a65db46a493866944a2084deee2fb8148c56d8d0423202,
j00465,05_resultados\revisao_operacional\campanha_v1\j00465.mat,160fa7f5d1de8681005b53c0d3b3c55b15c95d340bfdfb0347f46821ff0c1ca5,
j00466,05_resultados\revisao_operacional\campanha_v1\j00466.mat,58ae6f4772143b4de8a38b7a5b023f11b70c7c9be23a6b1fda9fb86690982fca,
j00467,05_resultados\revisao_operacional\campanha_v1\j00467.mat,04441a4df325c9c09da5f7aa94223c919d49f74bff15544ad108071b8e94cb1b,
j00468,05_resultados\revisao_operacional\campanha_v1\j00468.mat,0ace76e90e7fe7e45f3fa80be493b60513fc6f501546c482c3b059236a40d028,
j00469,05_resultados\revisao_operacional\campanha_v1\j00469.mat,aef97203e01270357eba975386141a390e1f08facd3882a33d92ffedae346353,
j00470,05_resultados\revisao_operacional\campanha_v1\j00470.mat,2f57d620d2ea300749eeb136872f575d4f498b213dc4de8c82571da46b9d4090,
j00471,05_resultados\revisao_operacional\evento_adiantado_corrigido_v1\j00471.mat,7022f9389c772e5b0067519dc5411c1a865185c31a48ad5be34a6079f6e82e34,05_resultados\revisao_operacional\campanha_v1\j00471.mat
j00472,05_resultados\revisao_operacional\campanha_v1\j00472.mat,a47137978d221d227e2652ca5eebbba70de79b0e0d5aeaf57658edc718ca48a4,
j00473,05_resultados\revisao_operacional\campanha_v1\j00473.mat,08fa5301fa01cdee76c56c4863d0953f097096eee3ef919b0af67eaead45a8a6,
j00474,05_resultados\revisao_operacional\campanha_v1\j00474.mat,d66180d032cdf3945e7cc52cad85eed31ea05281c30b3c6b8f9282b89d6d5881,
j00475,05_resultados\revisao_operacional\campanha_v1\j00475.mat,322512b84913972286cc29660778fa43b6a2649e9994dc903a4be265d0b1660e,
j00476,05_resultados\revisao_operacional\campanha_v1\j00476.mat,5198ad6c0f3e002cc089273579a17db6c9f3361c7aa18416a0077de5f157a3ae,
j00477,05_resultados\revisao_operacional\campanha_v1\j00477.mat,524b565a3c7e67c8e95a12edb2e2c53a7309a9c51faebdc5a9f6fd82fd392cb5,
j00478,05_resultados\revisao_operacional\campanha_v1\j00478.mat,bfb7936d88e1d5afcdb3042046303e57eb7207a92368e1a9d8762518e3154c7f,
j00479,05_resultados\revisao_operacional\campanha_v1\j00479.mat,7a2efd2e88665899b79c5ecfd709ab5e585a546a37e4c3de51d52f1c1a6b905c,
j00480,05_resultados\revisao_operacional\campanha_v1\j00480.mat,8098c856273deef25a47977bb424ae73ee5247ab6933715e857629e20fe8431e,
j00481,05_resultados\revisao_operacional\evento_adiantado_corrigido_v1\j00481.mat,4e552bb4a4f3c340990bb5c20aa168c12d3516bc11fd441537552af78cf87fa9,05_resultados\revisao_operacional\campanha_v1\j00481.mat
j00482,05_resultados\revisao_operacional\campanha_v1\j00482.mat,748ef1b2945a17943feafa85bedfa5c6d1e5a71e8b87a66b0dd48088efbe384e,
j00483,05_resultados\revisao_operacional\campanha_v1\j00483.mat,651c80a073505574795b30056fec97e57dc28a0817734c2bae49968dea4ab560,
j00484,05_resultados\revisao_operacional\campanha_v1\j00484.mat,875e79fe783084befa08a88be4ce34f90741249071fbc23e7bf614db6b76ca28,
j00485,05_resultados\revisao_operacional\campanha_v1\j00485.mat,7e30423605de54cef052769573dbc3d9fc162763efcbc32df377261f4c44eb6b,
j00486,05_resultados\revisao_operacional\campanha_v1\j00486.mat,0e13b613823cd9246718dd52d6bc8282868cc61952ae8a1838e01b61883bd521,
j00487,05_resultados\revisao_operacional\campanha_v1\j00487.mat,077eca8802a7174b96e85963fb681e5db0cccc49567c8407a21c4b84629599be,
j00488,05_resultados\revisao_operacional\campanha_v1\j00488.mat,575ccada7c827ff7e2916a302fad5909c33ed917759739f54104146aefd2c28a,
j00489,05_resultados\revisao_operacional\campanha_v1\j00489.mat,fd1e144f09a6d1f3bbe3900d0506554681f9d675800d50695dc6f0c5fecf4259,
j00490,05_resultados\revisao_operacional\campanha_v1\j00490.mat,0def1ec676dad25eaddbeea4ed2fb0e629479b2102a31248444a83c3e86675fd,
j00491,05_resultados\revisao_operacional\evento_adiantado_corrigido_v1\j00491.mat,086d94cc14c72a00141c2a57e5bd8e595eb963dcbaeb4a9402f2e1bb11195f01,05_resultados\revisao_operacional\campanha_v1\j00491.mat
j00492,05_resultados\revisao_operacional\campanha_v1\j00492.mat,2ad56ea0a999c59d2356395377e3e8369493fc62d2c106702b3552b5fabf6bab,
j00493,05_resultados\revisao_operacional\campanha_v1\j00493.mat,af6d84d6b1d1502feb7f627e4d3bf66f52210366631d74eb244dbd2f4bc0ca6f,
j00494,05_resultados\revisao_operacional\campanha_v1\j00494.mat,c5ab83cd5f6d69cefacb6119ea9bbbee3d71e407a7850611dfc9f6be709fa45f,
j00495,05_resultados\revisao_operacional\campanha_v1\j00495.mat,6e054c973bc5ebd3cc6103d13dd7f7eda83807dd81147f8c18bd6afef0041089,
j00496,05_resultados\revisao_operacional\campanha_v1\j00496.mat,71fbc4ca34220b758cc5effe4c5824228261fd7b84eb87d4f8fc4fbbbc8cad9e,
j00497,05_resultados\revisao_operacional\campanha_v1\j00497.mat,1c16ed45412d64f3eb3dd544127f57335512e3ba6e7cc9be86465f3f2863f17c,
j00498,05_resultados\revisao_operacional\campanha_v1\j00498.mat,45492b879b08bb6a149f9c3362e642b3e55b5f50d4a87da8e724d83e22f095b2,
j00499,05_resultados\revisao_operacional\campanha_v1\j00499.mat,06f6122e0428a1a24456f79114312d3572acd940eee0a840a09ff88f4659bb30,
j00500,05_resultados\revisao_operacional\campanha_v1\j00500.mat,3e5a7fe7648322100f33c09eeb9d148a44bc50d48e289b78cd4c3f214004a253,
j00501,05_resultados\revisao_operacional\evento_adiantado_corrigido_v1\j00501.mat,da4beac1d30b133beac8218cf08fcfdb8e11804acf955716eecd7489c2b9973e,05_resultados\revisao_operacional\campanha_v1\j00501.mat
j00502,05_resultados\revisao_operacional\campanha_v1\j00502.mat,296358e8cc29498804615c79862f6506c84d567196f73b0f90d9f0c4db679e9c,
j00503,05_resultados\revisao_operacional\campanha_v1\j00503.mat,6b4a96908ed4127b9971d8869e6f8deda0440ffc478af53f0afc3b6b443fce2e,
j00504,05_resultados\revisao_operacional\campanha_v1\j00504.mat,f9402a8c2ea5497380b40f4f4a942bd81141b9eb7bb554224be823f813dc3ea8,
j00505,05_resultados\revisao_operacional\campanha_v1\j00505.mat,86887fcab7cb9ab9bbc63fdccbe2ef40c88ba23eb4b0e2f1e67f6a211ecd0e28,
j00506,05_resultados\revisao_operacional\campanha_v1\j00506.mat,2d89ebf19d62166763ba245cfcfd08a5d4226e157f6f538085e141bf606f1532,
j00507,05_resultados\revisao_operacional\campanha_v1\j00507.mat,61478562e303318642c7d7ef363c8b24ad9b4c4433910f3e45e9d236c189f16b,
j00508,05_resultados\revisao_operacional\campanha_v1\j00508.mat,c16fb3fd606a05ff7db9640f2faff90e56ce3ce8bc606d3adbaa4eeea740777a,
j00509,05_resultados\revisao_operacional\campanha_v1\j00509.mat,6fecfb6a53736052cbf1116a6284c593427fe8bc7d9b5531ea26189ce113c1c8,
j00510,05_resultados\revisao_operacional\campanha_v1\j00510.mat,3b33280d7e60fa48f7a39e9dbc541f0c2e5361eb80f8ed7b3b26362baf45ddf7,
j00511,05_resultados\revisao_operacional\evento_adiantado_corrigido_v1\j00511.mat,70ba2277cf76b8da8a21958f533fb8f3ae027c678e38c7c02bd48f6eeaf46617,05_resultados\revisao_operacional\campanha_v1\j00511.mat
j00512,05_resultados\revisao_operacional\campanha_v1\j00512.mat,006dfeff2961db0e49a0fd9038a43065b5422b327c0e1d241ae741e7cf71170e,
j00513,05_resultados\revisao_operacional\campanha_v1\j00513.mat,5d8c865cab9e999bd4712f795cb663a2b1eed323f049577f52701a0ac9492ecf,
j00514,05_resultados\revisao_operacional\campanha_v1\j00514.mat,f8b48534a85de2a158758aa52de3c877b6f2519026b7663b79a9299df74526e9,
j00515,05_resultados\revisao_operacional\campanha_v1\j00515.mat,5c9488d6e3ec80031520ab838ad5a8844274c6b54a1dc887ffe8dc745ca231fa,
j00516,05_resultados\revisao_operacional\campanha_v1\j00516.mat,986b7200974af73814e98349112d569d7f29a5289395368a20b1e9d31986a0fc,
j00517,05_resultados\revisao_operacional\campanha_v1\j00517.mat,b6c947d679d7f3843bb84d4eede8cdee54e84de72a00740b2b46a1d88092308c,
j00518,05_resultados\revisao_operacional\campanha_v1\j00518.mat,8d09acd413c9c50c277b8441894eb3fefe4f5479e066ec46c90cbecb9f29d9ce,
j00519,05_resultados\revisao_operacional\campanha_v1\j00519.mat,74daf99a59c303174b225acc6bd899ebe855d9a47278b25578ffb18d05cd1d3f,
j00520,05_resultados\revisao_operacional\campanha_v1\j00520.mat,2e3a85a55bc28c90fc152c754e0788f3381f1d72e73498c5ec922135be04c309,
j00521,05_resultados\revisao_operacional\evento_adiantado_corrigido_v1\j00521.mat,4bd3fd90d223e64be33a27c5310ce75a60118ea721112df847ad2a5b44410fb5,05_resultados\revisao_operacional\campanha_v1\j00521.mat
j00522,05_resultados\revisao_operacional\campanha_v1\j00522.mat,5c7b60c7ee6f4271680b69353288c00bce0f86f09a671e63d7df7014ee79d920,
j00523,05_resultados\revisao_operacional\campanha_v1\j00523.mat,634fac66521b54019f20318d132230cd0a1f016903c1d85e70970d25f89daeff,
j00524,05_resultados\revisao_operacional\campanha_v1\j00524.mat,893d121a41df55baa0b9f37b592692bad74dbb86ea89eab79ce216b606e831c8,
j00525,05_resultados\revisao_operacional\campanha_v1\j00525.mat,484787dc860940203583d4cfd372f2105d4e173af382ce8559f158b01094bd47,
j00526,05_resultados\revisao_operacional\campanha_v1\j00526.mat,2b9efbf87df963fcb160effd621de2696d5c33fc45bdd0b88ef7b3c54f9c2928,
j00527,05_resultados\revisao_operacional\campanha_v1\j00527.mat,d1b0d8106238998236d0ff076c298de032c1f2dbe7bd00893d002dce88ac1b00,
j00528,05_resultados\revisao_operacional\campanha_v1\j00528.mat,975ac80d5fc92730d8448d8d917f0659bc3f467284151f05aecd85ef26955e0b,
j00529,05_resultados\revisao_operacional\campanha_v1\j00529.mat,a1a3e1c78b3a62270daa07886bec007f73c47e3b67ac7815aa026f23fc4404c1,
j00530,05_resultados\revisao_operacional\campanha_v1\j00530.mat,84ddf934d1539a84cd94693e000c3daf84acb3d31f2199ca9e4cc63bb0253991,
j00531,05_resultados\revisao_operacional\evento_adiantado_corrigido_v1\j00531.mat,d37459adf9cbb3499b4721ba264a9fbd71ffea2eb92290b76f4f51514c06b3b1,05_resultados\revisao_operacional\campanha_v1\j00531.mat
j00532,05_resultados\revisao_operacional\campanha_v1\j00532.mat,4fd436ded4cd2d2e9a789c0a5239f4c445cbad09e23a4b5f41cc37981fb45b79,
j00533,05_resultados\revisao_operacional\campanha_v1\j00533.mat,617c849630f64d94429753c11ed11b0dacfa8526c501127430de49bc1a6922d7,
j00534,05_resultados\revisao_operacional\campanha_v1\j00534.mat,f36a5422a88940574fce345099df039fc0ab92450fd8a1a52132e8851a2d5d1b,
j00535,05_resultados\revisao_operacional\campanha_v1\j00535.mat,67d63413ca70c6de1e5e207c96f46cd4d42150f8455e52d6ecc6cb692c3758c7,
j00536,05_resultados\revisao_operacional\campanha_v1\j00536.mat,2751a9b015477c9e92df015b7091c2b9c9371a3c06d0aa9229f71d5225c75000,
j00537,05_resultados\revisao_operacional\campanha_v1\j00537.mat,76508322bc2378897f88a01f13adf75d4439ae7fdecb0b718666897ae186e32d,
j00538,05_resultados\revisao_operacional\campanha_v1\j00538.mat,dd15aca8d7628f5dc069c361395759429b7ac5eb663b3a1189249979aa399073,
j00539,05_resultados\revisao_operacional\campanha_v1\j00539.mat,6d780925a1a1286da58032ca9fa5dec5b83890f746899e635581f9da11c4299f,
j00540,05_resultados\revisao_operacional\campanha_v1\j00540.mat,80014fd912e170c19914031b441fe941bc9d36fe862483b85246d35ec87a1271,
j00541,05_resultados\revisao_operacional\evento_adiantado_corrigido_v1\j00541.mat,6f626914c648a013b88ad9c7b76b27537012c2135a8e4c339a574d900d0bd86d,05_resultados\revisao_operacional\campanha_v1\j00541.mat
j00542,05_resultados\revisao_operacional\campanha_v1\j00542.mat,52ea07e1c0938f8824889032e6a65130cc4d0e86bab38d6222f419162deeb014,
j00543,05_resultados\revisao_operacional\campanha_v1\j00543.mat,8951bd61e7842d116c3dda706eb734f72403bfcaef92e63d72a1d3065f9f2dc7,
j00544,05_resultados\revisao_operacional\campanha_v1\j00544.mat,41dd0299fe52c04f95c7d5f840eab28b4d095d61caf02004fda72fe9f5022242,
j00545,05_resultados\revisao_operacional\campanha_v1\j00545.mat,3f345e2de940176373af52cb286d67cac782bedb54b29de052b72046c85320ad,
j00546,05_resultados\revisao_operacional\campanha_v1\j00546.mat,94030e7d70d75774d1e6c445abce998bab646dd7a3b7115bf861b1e1d1bd7e46,
j00547,05_resultados\revisao_operacional\campanha_v1\j00547.mat,a7eba060ccce90f8c19b3a754d20b6bb3ef86c92f425267eca5c6e63c6fa6e4f,
j00548,05_resultados\revisao_operacional\campanha_v1\j00548.mat,dfd965dfd782b16335d2c9c0f3861b58c748faa588feb5d1e9edfec08124befb,
j00549,05_resultados\revisao_operacional\campanha_v1\j00549.mat,2e2d6053b5744093f701f65dde3e60bde590e592d083d90fdb7e7fd05869b50f,
j00550,05_resultados\revisao_operacional\campanha_v1\j00550.mat,f4a672b4b737a1f28278fbd5cdc8b4cc35adbdbceb6f23c35bce0b6091b26855,
j00551,05_resultados\revisao_operacional\campanha_v1\j00551.mat,5af309d1c4e3d05be31211ecfafbfd70c8cb22e1dc77a0b38ab656086c1c218d,
j00552,05_resultados\revisao_operacional\campanha_v1\j00552.mat,2d6627b64c386cb50f05b41cb96ac7c7968ccc1b53d24e09626513787c8d0a6a,
j00553,05_resultados\revisao_operacional\campanha_v1\j00553.mat,f2e3b4b356b87de49ea229d0ee69892ff6b3312189bbe63b6d017ff436e72ffc,
j00554,05_resultados\revisao_operacional\campanha_v1\j00554.mat,3c532b84c05e6a831d935d193a7774ddb2fb218cfb20b4c5791d545ae2d5b6e9,
j00555,05_resultados\revisao_operacional\campanha_v1\j00555.mat,86e8dd5e1be52d69bf19afdadcfe0e5e31794d20f08127d0f9372902597a806f,
j00556,05_resultados\revisao_operacional\campanha_v1\j00556.mat,590b8ca4e9d4779ec4ae93c15d449fb564a0d09685570bac11b7253cb4ebeeaa,
j00557,05_resultados\revisao_operacional\campanha_v1\j00557.mat,ecd6075ff0527e160aa3dc97bb247d63292eb9c903892d6a8b2add7a6776fb26,
j00558,05_resultados\revisao_operacional\campanha_v1\j00558.mat,d9ae6e34981c89ae4d5cd344a87a1d6cf518dbbfedb9da803832a331b1764205,
j00559,05_resultados\revisao_operacional\campanha_v1\j00559.mat,32e5a3ac8b4e8b1e8a5b1213b3df30027233d008779e43d8f7777317fe6391a8,
j00560,05_resultados\revisao_operacional\campanha_v1\j00560.mat,7f906cc0d091c49745e80203756fa8726aa9fe6affd624d2721f69e30ab5908b,
j00561,05_resultados\revisao_operacional\campanha_v1\j00561.mat,27eb066b2c500e42e80cde555403bf87185b4365546c332b46df5a95d0f77dd1,
j00562,05_resultados\revisao_operacional\campanha_v1\j00562.mat,30b1a0e78839e7df27b693541e782ec595475fcb9e970054d8bb59a741d11bd2,
j00563,05_resultados\revisao_operacional\campanha_v1\j00563.mat,36d3f3de09b7170650cbbb826c85f2d93bc419a73aff6fcddaa25d9df35cd566,
j00564,05_resultados\revisao_operacional\campanha_v1\j00564.mat,e0f2f8091c6f87c307f844b044523d43e1d0d16302fd95f448c819c3843ad4af,
j00565,05_resultados\revisao_operacional\campanha_v1\j00565.mat,7986f0d0d46cfb633642cabd376be0a269fd4edb6cc589d4dc81b39f2d103439,
j00566,05_resultados\revisao_operacional\campanha_v1\j00566.mat,290ca257b0c9c537e39a68858ae4f066d65868a763968b917cc7d652284850ef,
j00567,05_resultados\revisao_operacional\campanha_v1\j00567.mat,8ac6ff31c83591f0c037571232e5ea06e9fd62fe868e30e65bc87c60f4ddda13,
j00568,05_resultados\revisao_operacional\campanha_v1\j00568.mat,0b95f0b06477dcd503192e48e92c4d45b2b6919e921e52ce5b437ff10a37fcc4,
j00569,05_resultados\revisao_operacional\campanha_v1\j00569.mat,9b0a699287d7be212b1d4fbf5a383246fa6216cd3c300c79c3445678ca9e7487,
j00570,05_resultados\revisao_operacional\campanha_v1\j00570.mat,d303b4986c659669dec8ab65961c03f4ca6702dec4ad1f8669640eda64a27e6e,
j00571,05_resultados\revisao_operacional\campanha_v1\j00571.mat,9b74f09a8a8dc5c67a4b1141e337e96bbc6dc52575fd1649f96a8b472e610c38,
j00572,05_resultados\revisao_operacional\campanha_v1\j00572.mat,fa240503173112fa60106192270897274e174c2ee961160188d9fa7919cb528a,
j00573,05_resultados\revisao_operacional\campanha_v1\j00573.mat,088b137527d81ee02c31e1174bea485b57d05719b46e9c74dc3da1444c24a8a6,
j00574,05_resultados\revisao_operacional\campanha_v1\j00574.mat,40f9a46de1a3b402e0dede4a7fd484bf212ac1d4ab758909be65a57eaaee40e6,
j00575,05_resultados\revisao_operacional\campanha_v1\j00575.mat,6a6d26bda6f5b19ebd36494a9661bb5475a0399930be0de29bb8052fe980a10d,
j00576,05_resultados\revisao_operacional\campanha_v1\j00576.mat,ba5f9ed635c5728d132dee09720391307469c7b324fe576685f8030be0676831,
j00577,05_resultados\revisao_operacional\campanha_v1\j00577.mat,a06b2b511efae9688e996d5de1463950c129540ab17d8fae593b8d8742cafee8,
j00578,05_resultados\revisao_operacional\campanha_v1\j00578.mat,eaccdc9cf1f9102366bfbc6b7e089ef2c3f600e5e23043bffaeaa9913b2eb6ad,
j00579,05_resultados\revisao_operacional\campanha_v1\j00579.mat,27c7c4a440d0a5fe4f479cea971336e3b686c907af9a2a55e7c5012c7edaff43,
j00580,05_resultados\revisao_operacional\campanha_v1\j00580.mat,9f63b2934b7311855dd64346367c4a1de4470a1cbb1cf97c59a9d54f9fc53f41,
j00581,05_resultados\revisao_operacional\campanha_v1\j00581.mat,df8cbd4b3a3d6eeaea4547157ed371b9bd993ecaec047f2ae6c17652db4be865,
j00582,05_resultados\revisao_operacional\campanha_v1\j00582.mat,c5c1b11b0104f72a9daa341490aca6342df9c9cf84662605eef713fe91c65a81,
j00583,05_resultados\revisao_operacional\campanha_v1\j00583.mat,24bed7a1c24c0172ba25f81b35f91ccd86cc5153563d8bb14c6cf445090113f8,
j00584,05_resultados\revisao_operacional\campanha_v1\j00584.mat,415ef22a03d39070bd87e0c871c4e1d0ede93dfd4b0e068af7ea28f093c0c2dc,
j00585,05_resultados\revisao_operacional\campanha_v1\j00585.mat,b6864d6a2d4887ed5a8291d85f8f8dbe6acab8b843c7fe280d49c2742959f656,
j00586,05_resultados\revisao_operacional\campanha_v1\j00586.mat,8773ddfe1c728aee7b286d73ef1e1c3e03b154c5d031925a555ac57fe7513e7a,
j00587,05_resultados\revisao_operacional\campanha_v1\j00587.mat,84fed7c6f91897a4c8a5c474512b9d1220868102b16bf83ae248d7fe03d38fe3,
j00588,05_resultados\revisao_operacional\campanha_v1\j00588.mat,cff75e864a093b2745ee1968f636758fd333b677b04457bec69dee708b5d2360,
j00589,05_resultados\revisao_operacional\campanha_v1\j00589.mat,781f648b52484889908235944c6ff09fa9fa344881a538ecaf9558d9e611b44d,
j00590,05_resultados\revisao_operacional\campanha_v1\j00590.mat,effea600e87d985591dfcc448d521822d07e7366d44da82e967c2fc9b148eb61,
j00591,05_resultados\revisao_operacional\campanha_v1\j00591.mat,8d05179ac9e6202cf22c585e7c815ed37a3e7a8a94047351e9efa3b642a77c17,
j00592,05_resultados\revisao_operacional\campanha_v1\j00592.mat,7d0e310dcc3e7025a71a7f7d8037d29e66fbd604b80c82fa6b74066cfab00ea6,
j00593,05_resultados\revisao_operacional\campanha_v1\j00593.mat,7af6e561fd6fc2093d32a7a9afa220773d5183a80398b6271045c1f99fec9021,
j00594,05_resultados\revisao_operacional\campanha_v1\j00594.mat,30f6423d521488b964afa11b8bf9be912cc0c158002d6b97b18d5590e326b7e6,
j00595,05_resultados\revisao_operacional\campanha_v1\j00595.mat,1adc632eb42ab6293613e496927ff6d6fcfcc838e7ede79114f37d656318d6f4,
j00596,05_resultados\revisao_operacional\campanha_v1\j00596.mat,f2159f15f9bce2ae9e2336061cff53ed3e3e31a1a17ce2ea95469d69b19a2772,
j00597,05_resultados\revisao_operacional\campanha_v1\j00597.mat,23590716aea132249c427b5bf67d47a70062356bd8ab2dd84a2716a752241e26,
j00598,05_resultados\revisao_operacional\campanha_v1\j00598.mat,8c9b8eb4b95b0bbef8cf316ae47fe34fe12b90768465d42745e929dcbaf95aca,
j00599,05_resultados\revisao_operacional\campanha_v1\j00599.mat,54d3cb4db7e6be8c3f38b5da6abaa28c6be50972505144e7e6b09750217306e2,
j00600,05_resultados\revisao_operacional\campanha_v1\j00600.mat,cd74df4b93671a782e34e640a7c903df360fce002baf828b40667ad407b23bf6,
j00601,05_resultados\revisao_operacional\campanha_v1\j00601.mat,a36ed2f4eb33d95aa4bc9a82df86fcd9f6b7ff720819d8ca31fff47bfc4de6a6,
j00602,05_resultados\revisao_operacional\campanha_v1\j00602.mat,a823e11adbfcaed5e6de785df28b32760f373770f58a08ab4f1c53e42745772b,
j00603,05_resultados\revisao_operacional\campanha_v1\j00603.mat,a5af9df2a0a8e5d6c555058530eda52e7b62d0004fae43fbfb805377c54ed85a,
j00604,05_resultados\revisao_operacional\campanha_v1\j00604.mat,3abf3d9b0e4d11c70a8af26749422a6e4bdf06e4410013182658a5591c360bf9,
j00605,05_resultados\revisao_operacional\campanha_v1\j00605.mat,dc80d19f46faeb976e2c9dcdbb057c2420c16a347a70ccf6bd1c670c621d1b35,
j00606,05_resultados\revisao_operacional\campanha_v1\j00606.mat,32a536e2d07bf2f848ae7ce6e79836ac8e919bd1ae363242d858b6a4268e3cce,
j00607,05_resultados\revisao_operacional\campanha_v1\j00607.mat,1b4502c6da9d74e970ffe0c3ebc6ee698dd9e49439baf64a9595e79f9d625012,
j00608,05_resultados\revisao_operacional\campanha_v1\j00608.mat,7be76b6794b39783a3bf381a3f516f31f5c52c41846f30b8771d01c1871ac511,
j00609,05_resultados\revisao_operacional\campanha_v1\j00609.mat,99c9a6f60377827090a337256fb807ccb34e5f9d2d56f7a3703101fefbde8330,
j00610,05_resultados\revisao_operacional\campanha_v1\j00610.mat,3cc6c9c832aabbc4fe4b0ed0acec54c653ece45456a025f6a94914fb72d18d5b,
j00611,05_resultados\revisao_operacional\campanha_v1\j00611.mat,b196629e1ff3e93cfe5f4de46faa29eff5ef09f42df84973200fc62d14c01349,
j00612,05_resultados\revisao_operacional\campanha_v1\j00612.mat,0c858e86c95e87475c88e4e7a175bd82136fcca04afb4ed8a0f870d00660d39a,
j00613,05_resultados\revisao_operacional\campanha_v1\j00613.mat,9644bce9bc21d38253f43eface569ade656df6ad44d0f426faae1284de2cbdeb,
j00614,05_resultados\revisao_operacional\campanha_v1\j00614.mat,da2d8dfd873cd883fe706d0894c98a4b58de14a030357e0f4a2c9668854daacc,
j00615,05_resultados\revisao_operacional\campanha_v1\j00615.mat,40bb900b613b9932ad9294163fef4287360487692a3444ccc73643062430e54b,
j00616,05_resultados\revisao_operacional\campanha_v1\j00616.mat,777d9dd429de67c36129b5cb22d5b6d6061986f70d3e5cb295523635c914e800,
j00617,05_resultados\revisao_operacional\campanha_v1\j00617.mat,41073bc58ad8f5085afa43b22d20a5d181cee8100ee9289660b955c0b645d94c,
j00618,05_resultados\revisao_operacional\campanha_v1\j00618.mat,ecdcd16b4c438c00b5831172537240b68d2478ccdc195a5c180c908eb4c6305b,
j00619,05_resultados\revisao_operacional\campanha_v1\j00619.mat,04933a32478678a2ac915b9696efe3cf0bce51ec8a8f8c74ca659c6edff3864e,
j00620,05_resultados\revisao_operacional\campanha_v1\j00620.mat,38e4016868bcdc33184e6d9d26450fd48a4e0f9832f22563260a857c0bd76324,
j00621,05_resultados\revisao_operacional\campanha_v1\j00621.mat,a303aebb5cbc46dd8facb83bea833bc04f74adbec3c2bd67e096c7a6ce6bd926,
j00622,05_resultados\revisao_operacional\campanha_v1\j00622.mat,d89a7904b44d828cad9fdcabbe26d2cd0f501d4f3847fe99b04e177c720c172e,
j00623,05_resultados\revisao_operacional\campanha_v1\j00623.mat,5444b865c0c31cabfd017b863a4582fd3f461cef2aac79011600d27438d17abf,
j00624,05_resultados\revisao_operacional\campanha_v1\j00624.mat,d4f037d37fbb3757922224f7ea4792ee1b914b890cd6f71707463e1eaa1f05a3,
j00625,05_resultados\revisao_operacional\campanha_v1\j00625.mat,5a2250f42ed60a3111043b2aa6a8c1959a3a397b1858aabba009767218bd24d0,
j00626,05_resultados\revisao_operacional\campanha_v1\j00626.mat,675401697f135cc653db44df0092c9d9ce5f9671675a6b70ea2b9bd75cc2b6a7,
j00627,05_resultados\revisao_operacional\campanha_v1\j00627.mat,f83edb1a3df6e0ae252541fc9b333160cf35f1eea6f91a4fd6ee40752521d93c,
j00628,05_resultados\revisao_operacional\campanha_v1\j00628.mat,0b20ef0c832f94936aefdeb0cbf7a49580f1b65a20bf161ca4ea77a3fb474e00,
j00629,05_resultados\revisao_operacional\campanha_v1\j00629.mat,1382581454211b0b21c01253ec9bf3e2759f05391b93f789c2706e4d0eb70d2e,
j00630,05_resultados\revisao_operacional\campanha_v1\j00630.mat,dd0e7d4f2326ccf10d7028bae462d52c41f537366ba11bfdf4aa2d7419e0a579,
j00631,05_resultados\revisao_operacional\campanha_v1\j00631.mat,9db4630202da77fd26b44845f2921dcd494ccda7fcc2cb11fa01609a00237b52,
j00632,05_resultados\revisao_operacional\campanha_v1\j00632.mat,f1ec3b907dbd3e3260d40120f80da402947b0547b1d794ef0fc8f86d511cfde6,
j00633,05_resultados\revisao_operacional\campanha_v1\j00633.mat,92b20db1dc5d009e3d580ec1c64acbb09fe20455a66bb7e56addd2541cd86404,
j00634,05_resultados\revisao_operacional\campanha_v1\j00634.mat,8c397247e1c896b9265782126956f3c24c0925dea33a81985172f28b433c4ebf,
j00635,05_resultados\revisao_operacional\campanha_v1\j00635.mat,00804f4644eebffeee311161a922838d3018d396d0dfdd64f54b3588175c849f,
j00636,05_resultados\revisao_operacional\campanha_v1\j00636.mat,0fd2bf3f5f54cb1f3612800f0e9c6ebb1207c7135112a4e92516514fa9f09ed7,
j00637,05_resultados\revisao_operacional\campanha_v1\j00637.mat,40cf3e54945c7659f445b1d1607499f546cbe48d06dc976cee4f145f35e73ca9,
j00638,05_resultados\revisao_operacional\campanha_v1\j00638.mat,dcd7b6fb36bb8a63cfd2c86ed2f69a215aa526162efe4081d5100b2e251de3af,
j00639,05_resultados\revisao_operacional\campanha_v1\j00639.mat,e6f148d3cccaf4e61ce7d6e66f26b47cb02b806198967bffd826261879068377,
j00640,05_resultados\revisao_operacional\campanha_v1\j00640.mat,a246a9acc95fbc4c15d611188c865e9d94ddc14d2a87793ca9f2fe5b7c35f3e7,
j00641,05_resultados\revisao_operacional\campanha_v1\j00641.mat,1712f30e026be6508e99c9431451539da1403105a6746664677a25fb8f89b5bb,
j00642,05_resultados\revisao_operacional\campanha_v1\j00642.mat,e2719bed98aa587022480c48e243486530aecf11bc5e4983c995c4f4df489146,
j00643,05_resultados\revisao_operacional\campanha_v1\j00643.mat,1581849ffc1c2034f3d04762bd303e444c4f7df930313263ecc602af86f41c10,
j00644,05_resultados\revisao_operacional\campanha_v1\j00644.mat,d0ad91d48cc1f2c2f5aa5c7dd4fdf45be584d603d2204dcb70c0b0f2c7b2e68a,
j00645,05_resultados\revisao_operacional\campanha_v1\j00645.mat,3ede6a97a4c415dffccfa22a95c669dd45719a9a20b9c5ec1a32f2ffe7d0bb4c,
j00646,05_resultados\revisao_operacional\campanha_v1\j00646.mat,ddfbc0b89bc969674f612278787b00c7578710c9f0b1c10c35f14d6f5597ffae,
j00647,05_resultados\revisao_operacional\campanha_v1\j00647.mat,f330c8a4c8a8f1c72aa57ea9f84a9d7a1c6f4e902f3a0e718fbbef206312fd7d,
j00648,05_resultados\revisao_operacional\campanha_v1\j00648.mat,fab091d4455e1c274a9cb78d9e959aa9d8b030bd75bf9c306f26c43e94cbb752,
j00649,05_resultados\revisao_operacional\campanha_v1\j00649.mat,3ef143a951ae102d505aa7b2f0ec58f9cae5635814d4fdf14d0ff93a9f507c31,
j00650,05_resultados\revisao_operacional\campanha_v1\j00650.mat,16217c72815d5f752d03cbe06eca020e7db83a794649cd0b7d56e224da7607be,
j00651,05_resultados\revisao_operacional\campanha_v1\j00651.mat,44d5f295b40399d8a2c66ddf0b8187b41d16e6a1248043f013fb7d0e03c68a74,
j00652,05_resultados\revisao_operacional\campanha_v1\j00652.mat,ae9691ebb4923b86147524618ed62aeacccee7c3ded878e06d58081746d8b281,
j00653,05_resultados\revisao_operacional\campanha_v1\j00653.mat,966a5eee2d1e089885b63dba92d32b21e2291ce52376b4dd3f09529eaad57b98,
j00654,05_resultados\revisao_operacional\campanha_v1\j00654.mat,77a5be671085ff502f6889c06391acbdc27af0a3fd0ea948de5ac92430231bab,
j00655,05_resultados\revisao_operacional\campanha_v1\j00655.mat,9402ed4b577ab5404e2277a3e1e27a7f21ea7fb25e5426477840bdb9236a2843,
j00656,05_resultados\revisao_operacional\campanha_v1\j00656.mat,796b8a8f81cfc88208a65e645b44e6dd2ac410fa0aeb4764bc88c4ff76215fbb,
j00657,05_resultados\revisao_operacional\campanha_v1\j00657.mat,5fc07588e989e61e02d3344423377a68c7ac53fae86086fc0b62dbeb57759664,
j00658,05_resultados\revisao_operacional\campanha_v1\j00658.mat,f0a70c199603503b3c3d4a08ed6589276874de52dd7d16461fcd8596bf4c95f1,
j00659,05_resultados\revisao_operacional\campanha_v1\j00659.mat,b64d1dafdd3c24a37bdf529d5e965cf342612b7dc8c1ad7de011f2bd42676a51,
j00660,05_resultados\revisao_operacional\campanha_v1\j00660.mat,ed91321dc3c1dbe48ba8231c3ac9bbf609642b5a8f67f8b1c82ad61e208d27d6,
j00661,05_resultados\revisao_operacional\campanha_v1\j00661.mat,e3d2ec20f16037fa297795be09f49b7adf647ad88aa8df5f6fd391cdd4b88228,
j00662,05_resultados\revisao_operacional\campanha_v1\j00662.mat,ce4a9dc21496af714418fdb6e0854bf4bd59a0d9a6476198b79ad8f91a429f1c,
j00663,05_resultados\revisao_operacional\campanha_v1\j00663.mat,898f8b4870a50de86cbd35642e7ad1284f6587e0553cacd6354371347230e3ff,
j00664,05_resultados\revisao_operacional\campanha_v1\j00664.mat,1243e3edb5821b4114a4e42333fba0fcdfb26d93271fdb8109e9e9bafd1bbde1,
j00665,05_resultados\revisao_operacional\campanha_v1\j00665.mat,91a6e8e2926528130397300d0647af8dafde6c2a431075bf1a6d633b0e4f5ef3,
j00666,05_resultados\revisao_operacional\campanha_v1\j00666.mat,7debc647ac862957f8479cbbcbabcc3ea344afd4cdc1ca49ff62553cead0732d,
j00667,05_resultados\revisao_operacional\campanha_v1\j00667.mat,88346cb204da5468cdac989bc1d934f2420131376b9917ab761c2ca49abd290b,
j00668,05_resultados\revisao_operacional\campanha_v1\j00668.mat,3fe33e08ea2e1d24f79374ff03f59e09c3ea7a89c2527b193e2966246ed13944,
j00669,05_resultados\revisao_operacional\campanha_v1\j00669.mat,c4a4abf108f0e8200a3c4d60c72450b3fb392cf4cca9a457a611ecce0e7f5b05,
j00670,05_resultados\revisao_operacional\campanha_v1\j00670.mat,760fbdc8a528283363a257fe48bbfdc021851d4baf20847de88e74fe2762b4e1,
j00671,05_resultados\revisao_operacional\campanha_v1\j00671.mat,65cc399cdf55db5f98c022bd1b630124cee2b7d62fe56a24fd8c93a0cb7125a0,
j00672,05_resultados\revisao_operacional\campanha_v1\j00672.mat,14fde1563e60f4c6f567b872f6a594cac8c8d20ee910dbc6eae09fba22b6c9c8,
j00673,05_resultados\revisao_operacional\campanha_v1\j00673.mat,ebd3e72a244223cc10a228e981701e11d5ec7089351cf03fe6d11fed7ab114a5,
j00674,05_resultados\revisao_operacional\campanha_v1\j00674.mat,20b905dc0c7b60fdbc65cd2ad1c60cfaeef21e69746ce9cbf6bc6449ec75775b,
j00675,05_resultados\revisao_operacional\campanha_v1\j00675.mat,8410ac3c7e10ac1c8448cc754eb0dc88f872d6f2221d956789231abedfc0225d,
j00676,05_resultados\revisao_operacional\campanha_v1\j00676.mat,bf977894ece921818f19d1adefeea5aad4f8c640cf842573fb4c9e569e91ad60,
j00677,05_resultados\revisao_operacional\campanha_v1\j00677.mat,4690e7f19223115db18088eeebf46125f9d0530ece5c2c504cc0920f590c8f85,
j00678,05_resultados\revisao_operacional\campanha_v1\j00678.mat,051f4380cce52bf4ad9042b4980476a1bfb775314f8a41cc29d3d13ec783b2a6,
j00679,05_resultados\revisao_operacional\campanha_v1\j00679.mat,2a33e16c0b564626b5181b3988ebd906168fe1351222b06a329c78aa330df198,
j00680,05_resultados\revisao_operacional\campanha_v1\j00680.mat,278ae954e46c08bbcbda647c91f93b7ce81834433160113ce2e5e6fedeb45aeb,
j00681,05_resultados\revisao_operacional\campanha_v1\j00681.mat,633fba8c0b58bc90c42aa05a530dc99a4ab70f003490e1bff518664ccfac2a33,
j00682,05_resultados\revisao_operacional\campanha_v1\j00682.mat,3e58af5b210025e7f26c2e1350edb1c750db679e3ddb703d49b4aa80af7f3f95,
j00683,05_resultados\revisao_operacional\campanha_v1\j00683.mat,438d379876897e9ac5b385484637369dc995e9518df9e7a75a845a9d13f10270,
j00684,05_resultados\revisao_operacional\campanha_v1\j00684.mat,6d5a9f48335173695496325d068a091405ef37e9681f07e928797b6f9f4a2433,
j00685,05_resultados\revisao_operacional\campanha_v1\j00685.mat,d461888ff5460c22adb27f4ed16eb078641e05f6260cf66b2db2ce404b4d5f11,
j00686,05_resultados\revisao_operacional\campanha_v1\j00686.mat,4898a89b30e885ed0f9a1190ef46fe43df65782a28aad37c971873dd10237707,
j00687,05_resultados\revisao_operacional\campanha_v1\j00687.mat,4693c78aa0d7c7eb5310b7ded3280ad233945434112509bbd01eff01a2745fb6,
j00688,05_resultados\revisao_operacional\campanha_v1\j00688.mat,c6bece7888c93f98f1ca5143164cb4afe77a21c660a9685a8b1bc78ab35ae55c,
j00689,05_resultados\revisao_operacional\campanha_v1\j00689.mat,4e66dfd6c81eeb580d83a2a6476cc834bbe3091614385b1e620e32193b3795c5,
j00690,05_resultados\revisao_operacional\campanha_v1\j00690.mat,d4dd61dff4640e49c77bce5900fb062ac93c83f95da3f24b590a96d44862c083,
j00691,05_resultados\revisao_operacional\campanha_v1\j00691.mat,b2dd46b4e04fe28ff614c3f248aa8e1f3019834d642cbb2b9a05fa86847e995f,
j00692,05_resultados\revisao_operacional\campanha_v1\j00692.mat,8fabd21cff392afdc108496b1ad97f36f788ca62a850deb17dc1a86f51dbcf12,
j00693,05_resultados\revisao_operacional\campanha_v1\j00693.mat,47c06d4a627696b12d957fe873f350d795b217ca21bb0b2f139d8cc9e51f50e9,
j00694,05_resultados\revisao_operacional\campanha_v1\j00694.mat,2ecd7ce8c887d73ea6e85666040b38e0689d3e6098ddb916616857d293cb66aa,
j00695,05_resultados\revisao_operacional\campanha_v1\j00695.mat,ab1c0e868c08e5d91657dfa37627a64e57d6f7cd00cad0e050c56ee7649f06d6,
j00696,05_resultados\revisao_operacional\campanha_v1\j00696.mat,3d4994cdab470dee548a0712d2dcddd3f9c15a3802af4a4e25af7a0dedb28d73,
j00697,05_resultados\revisao_operacional\campanha_v1\j00697.mat,2b11bd4a5cf2d7dc13cba34df5c00dcb0b306114aeb25b056422ff7197b039de,
j00698,05_resultados\revisao_operacional\campanha_v1\j00698.mat,6d59917dc2040ca5e8673fbe10e36152baf5440aeb10c86e1aefcd492c3f3a8b,
j00699,05_resultados\revisao_operacional\campanha_v1\j00699.mat,341a589e25c9cc9b6e31d6262346e532daaf20a3a94815ecdc02bead0cd30134,
j00700,05_resultados\revisao_operacional\campanha_v1\j00700.mat,cdc6e69c03f9135ffcd99d39ad28185dd317696f9166685ff09ea5484dc0b18d,
j00701,05_resultados\revisao_operacional\campanha_v1\j00701.mat,8f91ba681b300e9ef9cc98da42c693ca9358bf31acc1f5afee1ee52802427e76,
j00702,05_resultados\revisao_operacional\campanha_v1\j00702.mat,52e9f57ffb4f3c814954977fddad580fccbbfe02f6daa29e658ca4eef113968d,
j00703,05_resultados\revisao_operacional\campanha_v1\j00703.mat,cd544470be359345adfc413e882e25710da4eb150842c5fea45187b6a76fc3a6,
j00704,05_resultados\revisao_operacional\campanha_v1\j00704.mat,b0603e14130f8f0185dab62136f613e6b63a62f8cfcb64e535d9d40325fbca8c,
j00705,05_resultados\revisao_operacional\campanha_v1\j00705.mat,39bd875eba70cc91cb490c9509fa5fabb5f683d624265b45f1cb11dfac4c2342,
j00706,05_resultados\revisao_operacional\campanha_v1\j00706.mat,049bc6e36fc9cd58a2c433459bfd0c558c3b63e1482e61488cf40342bacf93d9,
j00707,05_resultados\revisao_operacional\campanha_v1\j00707.mat,1a9dfa9b97ae3ddfe2f417634f86d6f12ba172fb43438a18718d0ab548463874,
j00708,05_resultados\revisao_operacional\campanha_v1\j00708.mat,a947e4b946a6bbc735d46e8dbb3091d0366ba0219e655c05a3638d859d22bf6b,
j00709,05_resultados\revisao_operacional\campanha_v1\j00709.mat,5206b3a7531566d758dbb1682fd124012bab825eaef7dff988d29a9abec512af,
j00710,05_resultados\revisao_operacional\campanha_v1\j00710.mat,fe1602379d8ec26b408c59f0e7b578ba67e451ce9845958b72af2ae6368656d9,
j00711,05_resultados\revisao_operacional\campanha_v1\j00711.mat,9b1ed9167e73fc7bdf3d58870c22b3ba849e3bad8d8fca7d370a1e477ba2f43e,
j00712,05_resultados\revisao_operacional\campanha_v1\j00712.mat,a30a1c4fdd6bd24d2d8b3823f0427c28e16565744903bf018a8395fc7ad1c629,
j00713,05_resultados\revisao_operacional\campanha_v1\j00713.mat,ec00ecb14ad7cecdd93e8f4cdfb4d151540937b91d967a7a901e0c41626b7487,
j00714,05_resultados\revisao_operacional\campanha_v1\j00714.mat,513fed7a1574562380484493145182657385e1d553dbb7b7cfde585690ce51c0,
j00715,05_resultados\revisao_operacional\campanha_v1\j00715.mat,6e5a81499e60148fb0c26015369823db2aa08f61fa668044e51fd079292c1461,
j00716,05_resultados\revisao_operacional\campanha_v1\j00716.mat,0069480905ca1e07e9658ca4220658249f4dad8919f49fee5362c86bf0e5a9fb,
j00717,05_resultados\revisao_operacional\campanha_v1\j00717.mat,de4b44ee23ff1fed9187c50350d0f0876939e9a77105c59f31fd037d56501ccb,
j00718,05_resultados\revisao_operacional\campanha_v1\j00718.mat,f4891d6e3851f9cc6731cca4228d80cabee6cae75d2c754daf67a2e84f609ae6,
j00719,05_resultados\revisao_operacional\campanha_v1\j00719.mat,17dbd45afa8632160eca82f1de0e155818b3065f9c6fe4c7f43e811fb9c05856,
j00720,05_resultados\revisao_operacional\campanha_v1\j00720.mat,a0952eaf30a5f4c72d7c443a57594de40bcc5cd224e048400fd3a17269a3337a,
j00721,05_resultados\revisao_operacional\campanha_v1\j00721.mat,bbeecec9014209fca57a7ef897de32d02536d0183e36c1b9c8128380fdf31104,
j00722,05_resultados\revisao_operacional\campanha_v1\j00722.mat,f6913e44af4ef1a0a5e0ae8652cb4a37fd017c0ad3baef372a0ada88874a36d7,
j00723,05_resultados\revisao_operacional\campanha_v1\j00723.mat,27aa89a1d70d815ced7bb37af83676eccc32d266f1638c8c509d999e83e7ac5c,
j00724,05_resultados\revisao_operacional\campanha_v1\j00724.mat,6704d4f70e45573a2efe807b923aa98274ab11830586de1a57e7fd600c066433,
j00725,05_resultados\revisao_operacional\campanha_v1\j00725.mat,4c5474795cb96ba8d3d5f283d14b266e3db41b16b36af928b19ac7e57eb07a82,
j00726,05_resultados\revisao_operacional\campanha_v1\j00726.mat,f1be6038705c66bf44379059fb95315077e7a19237556c91da6bd938f6cb04f3,
j00727,05_resultados\revisao_operacional\campanha_v1\j00727.mat,492337d68f49a001bdd0013aa6946da132163243e5ce2411861ca9da12c3de2e,
j00728,05_resultados\revisao_operacional\campanha_v1\j00728.mat,b373c1ed76acf574f38308d869ebfadec6617b2814f9b712b7657694e8d7df70,
j00729,05_resultados\revisao_operacional\campanha_v1\j00729.mat,51254a1f491484a4c167e45d68798367b24558e76e7b165b1f32b347a2c8dee3,
j00730,05_resultados\revisao_operacional\campanha_v1\j00730.mat,da1f778dc86376b0fede228c9298c7a60f284e828232831f2bfc641ded7e082a,
j00731,05_resultados\revisao_operacional\campanha_v1\j00731.mat,495f5cb01eabeb547c5e8928b166800e06a6a34f8633fc9ac15a0485a3c3bb25,
j00732,05_resultados\revisao_operacional\campanha_v1\j00732.mat,f4a4dc3ccfb3a19ce7bdc85d931108f437e7e448f04e8f9126463af26f231ab6,
j00733,05_resultados\revisao_operacional\campanha_v1\j00733.mat,fc86aabbe387872e92cbbf2bc04d6336282a2600377dbbbee259f4a4b19ba145,
j00734,05_resultados\revisao_operacional\campanha_v1\j00734.mat,fc13fb1ec7d0e5b5d3a1bc687d109b670616182cc3cf8430447ec2bce2621041,
j00735,05_resultados\revisao_operacional\campanha_v1\j00735.mat,5059bb4427175bd085a1482007a0e69d99d82282775cf25acd0ec78271925f70,
j00736,05_resultados\revisao_operacional\campanha_v1\j00736.mat,57ef87bd6ea1124c39c08a8a4ed98f1cbd0c918e4d2ceec2d180be16abd635ce,
j00737,05_resultados\revisao_operacional\campanha_v1\j00737.mat,4e2cbbf8061c679bb7cacc1a4bda2e9ffe28bf20490524eeacfe452dd0ca1d04,
j00738,05_resultados\revisao_operacional\campanha_v1\j00738.mat,fb304496d020ee03954d34870d736e4969957f4477a32969d216b1ec236a29e6,
j00739,05_resultados\revisao_operacional\campanha_v1\j00739.mat,8c4e8a458a8eadf55e9cab6579832b521c5e467f7646bf270b3e1e77cf5d98ff,
j00740,05_resultados\revisao_operacional\campanha_v1\j00740.mat,3155267f888caeaa2ef712021802bd987a30830a3623c3a08ea52ecbd0634c8f,
j00741,05_resultados\revisao_operacional\campanha_v1\j00741.mat,29db5d563aa6bca9e9ffe3e1bdfcff8a2082da9ae6b944a0b8244b77c7970677,
j00742,05_resultados\revisao_operacional\campanha_v1\j00742.mat,0c90d6a2c9f6d55273a3becf0557ac7ab01a4d688afbafd1ca8d1f222bb982e3,
j00743,05_resultados\revisao_operacional\campanha_v1\j00743.mat,d9c877a9973c3c8f66311b18ae4100193a1fbf204ddd330e3643897a8a1eda95,
j00744,05_resultados\revisao_operacional\campanha_v1\j00744.mat,507db08102c59e3111a6b2aac6c5f43ce11ae89e2c3c85ec2e6d540937a1203e,
j00745,05_resultados\revisao_operacional\campanha_v1\j00745.mat,8778e94ad00b59b913164f9086083bdfd255588eff79f280665b916dff1354ef,
j00746,05_resultados\revisao_operacional\campanha_v1\j00746.mat,e814c0f84624449d8affda0b585fafb5164c82d7af50f8b89f52a3581eee97ad,
j00747,05_resultados\revisao_operacional\campanha_v1\j00747.mat,980b049fe229c8811dc1d383faf1cabf589c47ee8ebbc565e1323bf64c03dec5,
j00748,05_resultados\revisao_operacional\campanha_v1\j00748.mat,9aafb48502e012a0a89babd9934bec59bcd74078ebf77416c7e401a428a87acc,
j00749,05_resultados\revisao_operacional\campanha_v1\j00749.mat,9e99eae5f19334c51e0c37a47003cd8373f60c5717f6653c133124b78e14b246,
j00750,05_resultados\revisao_operacional\campanha_v1\j00750.mat,5dc21a241c1c0fa1da25c5feba637efddd48ea12254d31b05e20c333dd896eca,
j00751,05_resultados\revisao_operacional\evento_adiantado_corrigido_v1\j00751.mat,28b76464a27d2a9e00b22c62dae72ff65bdc00a126064734411fba75665498d3,05_resultados\revisao_operacional\campanha_v1\j00751.mat
j00752,05_resultados\revisao_operacional\campanha_v1\j00752.mat,486a31b603bc440ef2d55d7174f27ebc65bf6188aa72bc68d2f3acdac61d61c3,
j00753,05_resultados\revisao_operacional\campanha_v1\j00753.mat,9237a522e299e2edd09d488321095ee8036c33b6bb623763b456372f29f6e00e,
j00754,05_resultados\revisao_operacional\campanha_v1\j00754.mat,561b92420898871378a78a59cb589ef333b9f51d614793a675d9e27a90ec9b99,
j00755,05_resultados\revisao_operacional\campanha_v1\j00755.mat,f7ee60c04ac8a799adbd34289161c3219312de0e4fbb08b77d48ca0ef3aa539c,
j00756,05_resultados\revisao_operacional\evento_adiantado_corrigido_v1\j00756.mat,9a60b66abb71d4929f74b752e1eaf2f193e966a80d5ebf6e14fa27aaab49ed4f,05_resultados\revisao_operacional\campanha_v1\j00756.mat
j00757,05_resultados\revisao_operacional\campanha_v1\j00757.mat,26b749cb58017f8fee66a4f8e424afe8b72a4de2398f4e47c0b8046a43d97355,
j00758,05_resultados\revisao_operacional\campanha_v1\j00758.mat,d9ab66e82a224534b71c0f6b7f623e2b3b26b0ddb33ae12100f10dbe88e88c1a,
j00759,05_resultados\revisao_operacional\campanha_v1\j00759.mat,21391d22c4f193a9892558877192f863de4791d190e466ba70bb422a0f129be6,
j00760,05_resultados\revisao_operacional\campanha_v1\j00760.mat,3242c20b0fa5ec13930a400004e792519549eddf788770a68ea643cad8c1fdbf,
j00761,05_resultados\revisao_operacional\evento_adiantado_corrigido_v1\j00761.mat,b3a6b7bf3aa4272cbd1bd724acb51091d7ab399fd1f6cd84d3e2a63d61af4492,05_resultados\revisao_operacional\campanha_v1\j00761.mat
j00762,05_resultados\revisao_operacional\campanha_v1\j00762.mat,c95cc7bd62e47a86f376cf5da37771aea437b635fbbe74ec97d388f10f9e9044,
j00763,05_resultados\revisao_operacional\campanha_v1\j00763.mat,7e32e9b2da9ab4eaf11a77533fec30ae3efce155dab0b9c2e5762a805e164634,
j00764,05_resultados\revisao_operacional\campanha_v1\j00764.mat,f0e0afb8cb7485b62904d54ab36a13cdfc51e151729d5d8bb2689c34c8145ba9,
j00765,05_resultados\revisao_operacional\campanha_v1\j00765.mat,a126756aba912d393106c230b18f5d13feab00f91e74d3b5c288a23ea8b9b317,
j00766,05_resultados\revisao_operacional\evento_adiantado_corrigido_v1\j00766.mat,1d7481019a9227f1906d61cb1577b4c946247f1a25e96f4cbe9b96e5a99cc99b,05_resultados\revisao_operacional\campanha_v1\j00766.mat
j00767,05_resultados\revisao_operacional\campanha_v1\j00767.mat,1e02ef8717fa3d53f9fc4047b1f135bdf5a875e6afa76358e003fd1602b37c9b,
j00768,05_resultados\revisao_operacional\campanha_v1\j00768.mat,657a492787c504d3bfdfc3086b8ccd14ce377bbcd0ac10a4456aad356df70d36,
j00769,05_resultados\revisao_operacional\campanha_v1\j00769.mat,eabd5352c1044a202086e1f95b048767ffca1de4615abcddc5b14bcb4cf5fa2b,
j00770,05_resultados\revisao_operacional\campanha_v1\j00770.mat,e8a1eedee8a3090b713fbd861717a7aedcd0373bf32eb7de61d6ec06f71ac3f4,
j00771,05_resultados\revisao_operacional\evento_adiantado_corrigido_v1\j00771.mat,29863fcd1fdcde40c91bac6fdc588b5f2da7119f892a91b0e550b5592a05d952,05_resultados\revisao_operacional\campanha_v1\j00771.mat
j00772,05_resultados\revisao_operacional\campanha_v1\j00772.mat,6a110af024c04287e38ec1b41380a4ae72f0982ae1f87b6de7851a65e5cd17b5,
j00773,05_resultados\revisao_operacional\campanha_v1\j00773.mat,d7683a0fcfa044d7cf885c12a9e017bdaee3bc3157d98f6406e2f6add6cb1115,
j00774,05_resultados\revisao_operacional\campanha_v1\j00774.mat,02be3ef7139f149bdaca70a7902da97b78843da07036852ff1b8a47498ed1b9f,
j00775,05_resultados\revisao_operacional\campanha_v1\j00775.mat,5ad371913f9e627a9654c51701157246109071b5743efa07e17bd9be23e55c59,
j00776,05_resultados\revisao_operacional\evento_adiantado_corrigido_v1\j00776.mat,14ed8baaae7f2d5dc458337da9ea124ab47bcecf569aeba0308ea12b87766b0b,05_resultados\revisao_operacional\campanha_v1\j00776.mat
j00777,05_resultados\revisao_operacional\campanha_v1\j00777.mat,8234750a00b0b912432474b6686b5c3675eeb950baa29c039b4e0a04fdfd10c9,
j00778,05_resultados\revisao_operacional\campanha_v1\j00778.mat,d850c73932eaa7a3483baa196cdc8b5b0403a046282e9371e10bb1b347be4df9,
j00779,05_resultados\revisao_operacional\campanha_v1\j00779.mat,383d2b1fe040efb74f15009dc74bbf4f1366589df89db13fd6b73c03ba07bcc5,
j00780,05_resultados\revisao_operacional\campanha_v1\j00780.mat,e389565cc36eaf0c4faba6134c763663a6341a1a7a217c5e1485a393173ef474,
j00781,05_resultados\revisao_operacional\evento_adiantado_corrigido_v1\j00781.mat,b3e1b37834d3ade74b20c81f585352a09db98fd30bb89c1a4cb41d96c72bfd74,05_resultados\revisao_operacional\campanha_v1\j00781.mat
j00782,05_resultados\revisao_operacional\campanha_v1\j00782.mat,89493c4c84d5a87665f77a975ce4c48db70ef0aa6a03debbc42d92c733b5e343,
j00783,05_resultados\revisao_operacional\campanha_v1\j00783.mat,f3e6f1d6592baec4f085a7aa33b3de102851008a9d84598623698d023e00ff87,
j00784,05_resultados\revisao_operacional\campanha_v1\j00784.mat,42d65dc1640bb956e905261b5c5457f9f0c09b41670d9c94b86aee455b4df787,
j00785,05_resultados\revisao_operacional\campanha_v1\j00785.mat,e94584c6eb4233c5a31e43097b53f986b091ccd21ad00163113459e8c25c2bcb,
j00786,05_resultados\revisao_operacional\evento_adiantado_corrigido_v1\j00786.mat,4361c09bca58439ce7b37dc371615e5e0295d66b215fd07715f6327d654e2d77,05_resultados\revisao_operacional\campanha_v1\j00786.mat
j00787,05_resultados\revisao_operacional\campanha_v1\j00787.mat,52a9b54e2ab36d6cfe0d6d94eddb69f9ee9cb4a675f190ca17f19efbf35617cd,
j00788,05_resultados\revisao_operacional\campanha_v1\j00788.mat,560c5453648ed35115e491a52d02c0b7b68f1bb0437ce224ff66b566b1f37a0b,
j00789,05_resultados\revisao_operacional\campanha_v1\j00789.mat,cea8b5114b7c9067aa42748eb5465893b072f30ea8f85caac9d1f236737a1984,
j00790,05_resultados\revisao_operacional\campanha_v1\j00790.mat,59709be6a53118b86633f7d0fb7c2c091b16d484cff7a346bc5385d169208ce2,
j00791,05_resultados\revisao_operacional\evento_adiantado_corrigido_v1\j00791.mat,d42a8b097521f0d35f6f82dcddd38e70c4683faa57ea2c667342c5bb58c106b0,05_resultados\revisao_operacional\campanha_v1\j00791.mat
j00792,05_resultados\revisao_operacional\campanha_v1\j00792.mat,fae66cb23d4fd8d7845651b807c0726290dd8275d2693a13bd7fbf92933d4c9b,
j00793,05_resultados\revisao_operacional\campanha_v1\j00793.mat,2250d8b588cff4343fbbeeec77b44fc96389af21cd8b75b69bf923a7598f2781,
j00794,05_resultados\revisao_operacional\campanha_v1\j00794.mat,e826451ade9d246dc53a3ca801077367161ccb9f0e987e71744c6b5604396a1f,
j00795,05_resultados\revisao_operacional\campanha_v1\j00795.mat,72851abfbb27d69e5311841ee753329736a2c41923e4da284055c75a4b81f104,
j00796,05_resultados\revisao_operacional\evento_adiantado_corrigido_v1\j00796.mat,e7fc46be9a50aedcfa7cb57edc409939940f6640872e062509a26cd41d9e3f6b,05_resultados\revisao_operacional\campanha_v1\j00796.mat
j00797,05_resultados\revisao_operacional\campanha_v1\j00797.mat,b15b272c252e53d2fb27fcbcfb1765f887e409b08cf1f88e48e6231c3fcfc34b,
j00798,05_resultados\revisao_operacional\campanha_v1\j00798.mat,754e086c4c9bcee559323fc13d0aa442328e9592bb0382390f4d7bff63e23245,
j00799,05_resultados\revisao_operacional\campanha_v1\j00799.mat,86034e209d3e6f02ea42a979133c1b9108b4d6ea2931e6196055e15804db7824,
j00800,05_resultados\revisao_operacional\campanha_v1\j00800.mat,d953da390a3492f7ec407d1e02b57e942c9290388a71d3714ddc9340fe74f846,
j00801,05_resultados\revisao_operacional\evento_adiantado_corrigido_v1\j00801.mat,08aa4d6d33d833dfbf8c4f81cb62dd180d58ca08924505d72e8a452d5ec22fde,05_resultados\revisao_operacional\campanha_v1\j00801.mat
j00802,05_resultados\revisao_operacional\campanha_v1\j00802.mat,a7901c2f1c9c80d5d25385cc193ec78c6a84e34ce558c6e2691409c472d3d818,
j00803,05_resultados\revisao_operacional\campanha_v1\j00803.mat,89884437c65dc8b0abe1f53213dec92918fe46735212272df97d868d11c14724,
j00804,05_resultados\revisao_operacional\campanha_v1\j00804.mat,35e7cfbacfe46713a4ad4556aeb87c6e9795d836d90e257ab391e53b0d02685d,
j00805,05_resultados\revisao_operacional\campanha_v1\j00805.mat,6f7400920c9eb9d4d6bd47f5256aa648f201a59efa19ca4c11815d4043f7629e,
j00806,05_resultados\revisao_operacional\evento_adiantado_corrigido_v1\j00806.mat,0b775416571e1d06be1bd037fb7d8e794f5c6bd3bc1fc3efb9291c5ad6524410,05_resultados\revisao_operacional\campanha_v1\j00806.mat
j00807,05_resultados\revisao_operacional\campanha_v1\j00807.mat,35cfc837f744636c2fbab2733bed48c9154430080d86d952cd7502646c453f7e,
j00808,05_resultados\revisao_operacional\campanha_v1\j00808.mat,b651e291d4d99225ccb9000d50adf0e7dd888aea8990852dfb5229ef1053cf72,
j00809,05_resultados\revisao_operacional\campanha_v1\j00809.mat,b84797adfa82ea316bfb50e114565c9919b7385687a8cf8fb37fb20ba3a044b6,
j00810,05_resultados\revisao_operacional\campanha_v1\j00810.mat,3905b4724aa4a3bafef9529c4a1ad1454b84d8873c8377fcd02a95e4847c7132,
j00811,05_resultados\revisao_operacional\evento_adiantado_corrigido_v1\j00811.mat,91ed9529fac66827bd66456dfbcc08f8b5ec4c23403785181892124ee6007082,05_resultados\revisao_operacional\campanha_v1\j00811.mat
j00812,05_resultados\revisao_operacional\campanha_v1\j00812.mat,bc615a645be6a36b70298a8c3a1376f1cf535127faa79a813f24a307f41996ae,
j00813,05_resultados\revisao_operacional\campanha_v1\j00813.mat,5fee42a62b0bde981138f6de386f4020989818673f646f05e8cb82cc04694611,
j00814,05_resultados\revisao_operacional\campanha_v1\j00814.mat,91df397de8b8c514d641301bc3f7ed4fff2c59d34dc933391dca028e980c30f8,
j00815,05_resultados\revisao_operacional\campanha_v1\j00815.mat,bb543d5f515f41f47fa285d5c13e73b835e799b02b8ef24ebc9a31e288da4990,
j00816,05_resultados\revisao_operacional\evento_adiantado_corrigido_v1\j00816.mat,5f47856a7be7e90d538a60b26908651db81d756a44e72beb0f24e9488bfd3c73,05_resultados\revisao_operacional\campanha_v1\j00816.mat
j00817,05_resultados\revisao_operacional\campanha_v1\j00817.mat,a7212dbd70ff0ab27006455ecc58acdc8143a2600a38037909006f4b0ad2bf8d,
j00818,05_resultados\revisao_operacional\campanha_v1\j00818.mat,ff0a493c9ac92bb2afac096dbe4ee355646a7c703311af1c79b0689324865573,
j00819,05_resultados\revisao_operacional\campanha_v1\j00819.mat,32c0159498cae3b5c10c886e8d17fbc8ade2a348f5c2204bda5da089a320b4f7,
j00820,05_resultados\revisao_operacional\campanha_v1\j00820.mat,383d250250eee0f9645314c74672ec0983070091075f6a702a31357eadee28fa,
j00821,05_resultados\revisao_operacional\evento_adiantado_corrigido_v1\j00821.mat,ddf8f67d1a237c462e798f87c2bda9f28b6c3e80b05fc864e666cf9789fb65e1,05_resultados\revisao_operacional\campanha_v1\j00821.mat
j00822,05_resultados\revisao_operacional\campanha_v1\j00822.mat,e8086bf41aae6ef7a64e64c08d16599ba4a70c60bb765ff3d07ba7b6766b9626,
j00823,05_resultados\revisao_operacional\campanha_v1\j00823.mat,e717d1f2af14d0ae4a7c3a5f49c0a14850e05085670fb1563656543669283e4c,
j00824,05_resultados\revisao_operacional\campanha_v1\j00824.mat,1df90994bf068c8116980b007ecef0b87418790e721cd2ec7eefc34447522488,
j00825,05_resultados\revisao_operacional\campanha_v1\j00825.mat,a4dbd07347923c7999ff599a4125c8bcd407997225651123b904196f1ca94cd8,
j00826,05_resultados\revisao_operacional\evento_adiantado_corrigido_v1\j00826.mat,7f8796788a4f1e221cc8b0b17ada18d330b5fce46bc14b0b2b14c9e4e027bc11,05_resultados\revisao_operacional\campanha_v1\j00826.mat
j00827,05_resultados\revisao_operacional\campanha_v1\j00827.mat,cba0c8d9ff9aa34be8e09f9589b0db64ae6aa2808a067596db0a66b5d796833d,
j00828,05_resultados\revisao_operacional\campanha_v1\j00828.mat,6d9f902839fb410bad9aba69903bc9d75bfe47f9cf31c23f80e36c19ac43abda,
j00829,05_resultados\revisao_operacional\campanha_v1\j00829.mat,66f8e6adc83406912524b278bbb316b0315000f75c4953493bcb67c0dceb286e,
j00830,05_resultados\revisao_operacional\campanha_v1\j00830.mat,7f78647d1268688a690ab27aa613dc5c711c020e686745dec492c84c42bbdd96,
j00831,05_resultados\revisao_operacional\evento_adiantado_corrigido_v1\j00831.mat,dbb3c53766536a632b0d3ecb1196a4e6668539d00724f1d1a25bf707adff2cf8,05_resultados\revisao_operacional\campanha_v1\j00831.mat
j00832,05_resultados\revisao_operacional\campanha_v1\j00832.mat,0d9a05ff3a16e01b3cb3aeeb671bf4229c0b3237c69d1dfd8d112dbde9d10430,
j00833,05_resultados\revisao_operacional\campanha_v1\j00833.mat,f7be6541d7aa4e293abfac5b8231bdae8fbe7a6c8d55826aa02ead5f8da17022,
j00834,05_resultados\revisao_operacional\campanha_v1\j00834.mat,00f43c3413a79e937cb25a42fa1290ecbea3142823158797197b6baae462a54a,
j00835,05_resultados\revisao_operacional\campanha_v1\j00835.mat,a9af5768d23df2d2108ead2d0a49ab357044f0a92ae0d41a5698d23b8b7ef843,
j00836,05_resultados\revisao_operacional\evento_adiantado_corrigido_v1\j00836.mat,dd644527eeff91934e49699274a58815739e9faadbee51edede1230d55cb7b2d,05_resultados\revisao_operacional\campanha_v1\j00836.mat
j00837,05_resultados\revisao_operacional\campanha_v1\j00837.mat,523ce249e65ab59828c5c485ac22f622d6208ef5c31b08b27285c0897902edc2,
j00838,05_resultados\revisao_operacional\campanha_v1\j00838.mat,4fea330b136e36ffdd227b93f3116e7153cae5fd8b14e33cef6bf9da0c2abb20,
j00839,05_resultados\revisao_operacional\campanha_v1\j00839.mat,d11dabc120e997a644fb6811950dd69bf668100b5db9746be70830b412a26c41,
j00840,05_resultados\revisao_operacional\campanha_v1\j00840.mat,b18e1ea16872427a2855f767623b9b408585f786162f872b5c2e93a7cd08352f,
j00841,05_resultados\revisao_operacional\evento_adiantado_corrigido_v1\j00841.mat,516a9f64f2458fe288f551484d7bd2b3c57dd89e02a1261df328e5cda5915cc9,05_resultados\revisao_operacional\campanha_v1\j00841.mat
j00842,05_resultados\revisao_operacional\campanha_v1\j00842.mat,ddabaae1b9d7876a21293e3c426370ff9e58cd5156ad78f4ae9ae244c998e95b,
j00843,05_resultados\revisao_operacional\campanha_v1\j00843.mat,96113769ba70e3f9bfa095cfd9ebceeab1d5c0a18e5a16d3f4c5ce617de8e61f,
j00844,05_resultados\revisao_operacional\campanha_v1\j00844.mat,0ac79b1db1c8107553ce08076df3b2ea1f710031c3c579b765d8c3e23ebc5395,
j00845,05_resultados\revisao_operacional\campanha_v1\j00845.mat,3e0b4f450f8d74f9993cbade134ebdb9d22167aff8ed92562cc0a3d8ed8211db,
j00846,05_resultados\revisao_operacional\evento_adiantado_corrigido_v1\j00846.mat,8c0a7663115eb6c48ee479e98bd4ccea39c37d89e1aa1718e0503772e5ca221b,05_resultados\revisao_operacional\campanha_v1\j00846.mat
j00847,05_resultados\revisao_operacional\campanha_v1\j00847.mat,c11e765ddaf8e53f533806734106341d7d56fa2e4bdeae158b92c2b6adfc4f2f,
j00848,05_resultados\revisao_operacional\campanha_v1\j00848.mat,cca9c0233ce278974132a5e305ae26b0ce34f305c3abdb0619236cf9e63bfec9,
j00849,05_resultados\revisao_operacional\campanha_v1\j00849.mat,4e0547f1c903a2efc24b6ba618012d7b522e5c413d063a25df9c68ef457ac1fb,
j00850,05_resultados\revisao_operacional\campanha_v1\j00850.mat,114d7b4bd87279fa760d224b2a60b365843cc4d927c4d140fb891d7c528db382,
j00851,05_resultados\revisao_operacional\evento_adiantado_corrigido_v1\j00851.mat,fc6f9f75d57329f93fbf8bb963cb65af9962509ce84d75d387db75b31d2b69a7,05_resultados\revisao_operacional\campanha_v1\j00851.mat
j00852,05_resultados\revisao_operacional\campanha_v1\j00852.mat,1554c9efc4b7725b9e9af5a07677e08c2b6dd283992ab2ea0071c1215ce7d9cb,
j00853,05_resultados\revisao_operacional\campanha_v1\j00853.mat,3e2a25a085f531b98673b9f2d2590abe284fb570aedd765810370e943c0793bd,
j00854,05_resultados\revisao_operacional\campanha_v1\j00854.mat,a1962348d1335e60a6fbd32685545bc77476baa287c49a25b5a555a876bf1b79,
j00855,05_resultados\revisao_operacional\campanha_v1\j00855.mat,9714b3145269435dc1271be8939702307ec25097c34cf7b14a2852da9684ee22,
j00856,05_resultados\revisao_operacional\evento_adiantado_corrigido_v1\j00856.mat,9dd6d679d9d6ff53fe637f4fc2d2a688d51f374dc9b7ba538c787b0de8b1ecb3,05_resultados\revisao_operacional\campanha_v1\j00856.mat
j00857,05_resultados\revisao_operacional\campanha_v1\j00857.mat,a289186dc7e51be0a75a964f4c2f0def00375782018417ebb0c04351e8b71223,
j00858,05_resultados\revisao_operacional\campanha_v1\j00858.mat,d8a20487dbd6b7c17e4b96f2db2cb5d027c466dd515cc36b2fefd5421a914876,
j00859,05_resultados\revisao_operacional\campanha_v1\j00859.mat,14c41be55dbdc25c9adb42ac5a64b340c40337461b3dddb754e3e7beb7c24698,
j00860,05_resultados\revisao_operacional\campanha_v1\j00860.mat,6131b703f5095115176e36201afbf1824fc73a23bae882e7363b3e129350dc48,
j00861,05_resultados\revisao_operacional\evento_adiantado_corrigido_v1\j00861.mat,aa26b50921bca1d6ec1d516517b8c41c306f9ab78cd3363e797baa75f2cb4d66,05_resultados\revisao_operacional\campanha_v1\j00861.mat
j00862,05_resultados\revisao_operacional\campanha_v1\j00862.mat,d5b1dfbc8f8cc092bb538a30ae936d1abc058085658e89b59d26d10b61afc566,
j00863,05_resultados\revisao_operacional\campanha_v1\j00863.mat,07ccaea9852becf591fb4ff0e3981957aa1db6861816b8c87470dbe0fbdae181,
j00864,05_resultados\revisao_operacional\campanha_v1\j00864.mat,a02c31fa30858a7248844a7387fd5f07042e881872bef13d8c3fa3c8bd87de54,
j00865,05_resultados\revisao_operacional\campanha_v1\j00865.mat,34e312d052d208a1e83212ea1c395403688a165aacae28597ecbc9415b59663d,
j00866,05_resultados\revisao_operacional\evento_adiantado_corrigido_v1\j00866.mat,4296bf4ca75412fb3e016ec56994969d9a4a95f42eb5fe4c245e55dbf7dafdf9,05_resultados\revisao_operacional\campanha_v1\j00866.mat
j00867,05_resultados\revisao_operacional\campanha_v1\j00867.mat,e19cfb3784aa3a88c9973a83ec4f0c7aca1390ec130fd2d7c1db0469c12801b9,
j00868,05_resultados\revisao_operacional\campanha_v1\j00868.mat,2b57c7bcd23eb9267669904a998f03f519db0cc606e896cc35e1e12efeb34259,
j00869,05_resultados\revisao_operacional\campanha_v1\j00869.mat,2b42ddd46ff63b8f2f56771248ae3a00db0315a9bb4b702566b3c12a90f6e6cc,
j00870,05_resultados\revisao_operacional\campanha_v1\j00870.mat,468bcb20f07be1d091ac691d8a6117c81a19be3e9509b62b9a8a95c12f1715e9,
j00871,05_resultados\revisao_operacional\evento_adiantado_corrigido_v1\j00871.mat,b5b40cbdf3d44daf3d009b3f32247e9ef9cb1d6ad82205e5036843b1aa40a895,05_resultados\revisao_operacional\campanha_v1\j00871.mat
j00872,05_resultados\revisao_operacional\campanha_v1\j00872.mat,561bfe85e654cdb13ed0da49e6de732b83d4ea3ecb41adb9ddc5936cac23dc47,
j00873,05_resultados\revisao_operacional\campanha_v1\j00873.mat,7700a30b7abb51e3e3b34b1a919a17b564f9f39620a9658bb6c33d95c34a4a0e,
j00874,05_resultados\revisao_operacional\campanha_v1\j00874.mat,f9e0be80f4a81f9bd3464edfc1cf650c8e5cfc5cdf5adf1d10a047107f885b21,
j00875,05_resultados\revisao_operacional\campanha_v1\j00875.mat,cb888ab0d7c5a911338cc7d8938db552a7b68dc9dcce7648b91c36b64058d673,
j00876,05_resultados\revisao_operacional\evento_adiantado_corrigido_v1\j00876.mat,c8b89a8ed5e4a864d354e9a221dfcf83c2e23a72204e8b78f93564eaa847c7f5,05_resultados\revisao_operacional\campanha_v1\j00876.mat
j00877,05_resultados\revisao_operacional\campanha_v1\j00877.mat,0ae89a32b42d0ca731776fb63e1150d5229475cbb03c1e3be7ce6e16858dd293,
j00878,05_resultados\revisao_operacional\campanha_v1\j00878.mat,81791321f478752a2c6ffd10b7a1fdb91cd875813d64d3f3aa5a6f5312b4eea8,
j00879,05_resultados\revisao_operacional\campanha_v1\j00879.mat,23e467fc20932ed088f196817ecbce751b685ecc43363615728e0ee927318faa,
j00880,05_resultados\revisao_operacional\campanha_v1\j00880.mat,85e0cef6ec3fcb6207701acdeefe7c1172782a6b6300342c8531ad24d13e8221,
j00881,05_resultados\revisao_operacional\evento_adiantado_corrigido_v1\j00881.mat,139198fbca02c4272728bb5799b321616b85361edf57bd90705f4d5f830d9602,05_resultados\revisao_operacional\campanha_v1\j00881.mat
j00882,05_resultados\revisao_operacional\campanha_v1\j00882.mat,a6aea6bef0dc61157df7fe067597ce42c0636534ad66eac4d3f9cd7d3e13a4ff,
j00883,05_resultados\revisao_operacional\campanha_v1\j00883.mat,a6b80e10a81894280ec6ef9b345219c1ccf2d091e6b9b3806e6b64ac712488f3,
j00884,05_resultados\revisao_operacional\campanha_v1\j00884.mat,c4b3bc2a46ffe2b8fe9e0f1dd57641910d26d21ec2de2cadf58084a44dbbb9b7,
j00885,05_resultados\revisao_operacional\campanha_v1\j00885.mat,7690367d712d76cbc54e29981034d9d36d05b7bd8621e5213facaa822eec1a42,
j00886,05_resultados\revisao_operacional\evento_adiantado_corrigido_v1\j00886.mat,78d2fc8b7368cf0d6c393f0084c9b3686a5947c18c05b10c4f28466d3f2a8e5b,05_resultados\revisao_operacional\campanha_v1\j00886.mat
j00887,05_resultados\revisao_operacional\campanha_v1\j00887.mat,d5d478d986352baccd4d46bc954362d0a5cdceb158b90043a60ca6f6419cf2f8,
j00888,05_resultados\revisao_operacional\campanha_v1\j00888.mat,37e245eec9b26cea0e1decc6d6cce3d6fc0d9d09bbdce9a78de3188559580249,
j00889,05_resultados\revisao_operacional\campanha_v1\j00889.mat,0b30d9dc20b8ef96b2a61903823785a2a3f8fe1941ca4c5c0187862eef54a6f9,
j00890,05_resultados\revisao_operacional\campanha_v1\j00890.mat,02375afacfc220a080227c2e0111680d384585cbf81440971dc03e11437ecc60,
j00891,05_resultados\revisao_operacional\evento_adiantado_corrigido_v1\j00891.mat,0e9af8091bfa6f292af7dea8583e280eff36daf768403839ee5a9a5c2b3ddb3b,05_resultados\revisao_operacional\campanha_v1\j00891.mat
j00892,05_resultados\revisao_operacional\campanha_v1\j00892.mat,85b855e764b3bbe36115282fc46361dd0f89a681305884cb92466cf6a9013772,
j00893,05_resultados\revisao_operacional\campanha_v1\j00893.mat,0f82ad27684d1e5ac8bb58969531618ad39448039bdf138c510c1e387c874ff8,
j00894,05_resultados\revisao_operacional\campanha_v1\j00894.mat,e518fd6d614ae61ffbab90d312f7866375a752587cb85f5e6e9142b7ce8aca02,
j00895,05_resultados\revisao_operacional\campanha_v1\j00895.mat,ff34ef0d11bb093914a8fd46a650cc82cf59c3b7b5d55ba66d72169e02cd9d65,
j00896,05_resultados\revisao_operacional\evento_adiantado_corrigido_v1\j00896.mat,bc053f929ead6e54ba7564363c95a7a5b173c74f9f1f1ab4674b360a755022dd,05_resultados\revisao_operacional\campanha_v1\j00896.mat
j00897,05_resultados\revisao_operacional\campanha_v1\j00897.mat,d91fd020665f5cb4468f31e59b505197a8febdff3406149aa729f1b4aa434788,
j00898,05_resultados\revisao_operacional\campanha_v1\j00898.mat,b3e48416f5d9c4d394b37a1af62b2c6b9eda8e80d8d133a0166a9354263ef490,
j00899,05_resultados\revisao_operacional\campanha_v1\j00899.mat,fb335ba4cddfcdcb5094f46e98e11f62d7a8653b15c58cf360fa9ca8e8ecc2b0,
j00900,05_resultados\revisao_operacional\campanha_v1\j00900.mat,be02b2f99e425a3ed67bd3ea4d3eab64f4883eceec733e4183eb80e093576bed,
j00901,05_resultados\revisao_operacional\evento_adiantado_corrigido_v1\j00901.mat,7c022c0d3b749445d6730b1955d688444f2d2161d879ff4a0089d7515a29133a,05_resultados\revisao_operacional\campanha_v1\j00901.mat
j00902,05_resultados\revisao_operacional\campanha_v1\j00902.mat,aff489abe17daa0d3f03bc89358ccb27dad5c4355d639404f0eb360204e32f4e,
j00903,05_resultados\revisao_operacional\campanha_v1\j00903.mat,f48de61944df5563e6b42212431dbb34ca79fa52b06353a936508577ec6a7f22,
j00904,05_resultados\revisao_operacional\campanha_v1\j00904.mat,b1d664e7431306a3f80b1e1681942a609bae336e812831e70769f2e058235334,
j00905,05_resultados\revisao_operacional\campanha_v1\j00905.mat,fd11a0ab00189d285d963f74c906325c210d9782233261d335e2a7c3e89fc8b1,
j00906,05_resultados\revisao_operacional\evento_adiantado_corrigido_v1\j00906.mat,a9094591b2fce2609651d8bf23327a31356029ceb2a706904d34338ac01118c9,05_resultados\revisao_operacional\campanha_v1\j00906.mat
j00907,05_resultados\revisao_operacional\campanha_v1\j00907.mat,7514e2176d5ecd3c7417bb1c0c02cf04bf5340b997b2da5b05a0b8ab1f7bbf52,
j00908,05_resultados\revisao_operacional\campanha_v1\j00908.mat,5929a03bc8922199834f70de1493c85dd1eb4dac14e1d395be4c919bb437068a,
j00909,05_resultados\revisao_operacional\campanha_v1\j00909.mat,a4dbf86072256d49c22e9313c2811aeada45f7402ba04cee27ee17742e0264ea,
j00910,05_resultados\revisao_operacional\campanha_v1\j00910.mat,f0f609de72ca09ea60bd3e709f243b38f99a81603f1f18bbc92c1976cd16efbf,
j00911,05_resultados\revisao_operacional\evento_adiantado_corrigido_v1\j00911.mat,8d001f9ef83a36e8da991980b02afd5693f8375397492a89563db1e32526b33c,05_resultados\revisao_operacional\campanha_v1\j00911.mat
j00912,05_resultados\revisao_operacional\campanha_v1\j00912.mat,98ac9a31fe25f1f709ef2455f8f37f4c999fa19b830ff61aea2e08b1e80728b3,
j00913,05_resultados\revisao_operacional\campanha_v1\j00913.mat,eb2c3dc793feed8877cc56decf5b92000512a09cd1c06aa73f1b4a1d1b2bf6e5,
j00914,05_resultados\revisao_operacional\campanha_v1\j00914.mat,862823bad944d02775ab13913d3ef320a0e00fe00feb6207db409abde118ca02,
j00915,05_resultados\revisao_operacional\campanha_v1\j00915.mat,ace5263af94a64a3cf2d6c231580356d1f3c07e59c8610ec4ce5f337f1fca94c,
j00916,05_resultados\revisao_operacional\evento_adiantado_corrigido_v1\j00916.mat,0f05aa35aa87a908df5a264422858dd9817f7f88d9f1ee8275a11f34189f418a,05_resultados\revisao_operacional\campanha_v1\j00916.mat
j00917,05_resultados\revisao_operacional\campanha_v1\j00917.mat,3312f57e47e084c277748c41dc5be92ae6fbc3674ffc37ec605670b356e31a69,
j00918,05_resultados\revisao_operacional\campanha_v1\j00918.mat,a5265f85bad58e94a3164b74268fe582e67a98fda041c031a527de60c3810d6c,
j00919,05_resultados\revisao_operacional\campanha_v1\j00919.mat,77ec4abf6fcf5437c35ab10013acc1ca49a9d3ac3ebfb4dcd5d84fac5755ceef,
j00920,05_resultados\revisao_operacional\campanha_v1\j00920.mat,2cdf8928b1163514787048ec4362843be19bba2c1f4a2dff6941a8dbb3685c54,
j00921,05_resultados\revisao_operacional\evento_adiantado_corrigido_v1\j00921.mat,7062dc94e20606ac7238b84ae1df4124880081ca4befa1d9315fed2ad3569855,05_resultados\revisao_operacional\campanha_v1\j00921.mat
j00922,05_resultados\revisao_operacional\campanha_v1\j00922.mat,4beb7d22ac4b4fd4cd25d5b9a88c495818b643c9d1974ff6ef03a867a0356fd2,
j00923,05_resultados\revisao_operacional\campanha_v1\j00923.mat,de77b701e9af18eed08695d7a4603e9fddddb2767b838146a244ae0150d12b52,
j00924,05_resultados\revisao_operacional\campanha_v1\j00924.mat,22043c40215439f43a25f721816a483b47ab5e1530f980bacb141dd80172cebb,
j00925,05_resultados\revisao_operacional\campanha_v1\j00925.mat,03c8bb3f88f4dd4950a913c3e5039a7431694e45de9d28d5261f195f3ae525f7,
j00926,05_resultados\revisao_operacional\evento_adiantado_corrigido_v1\j00926.mat,2c514e7d0e189bfa446936d631a703adf73f0519cbeab351443dc1397c57a473,05_resultados\revisao_operacional\campanha_v1\j00926.mat
j00927,05_resultados\revisao_operacional\campanha_v1\j00927.mat,e5d42f1ef961b85667442ff8f51fc1a07b1fc1f4ca037b461b36380453c8cd11,
j00928,05_resultados\revisao_operacional\campanha_v1\j00928.mat,8e420877bdf70d66a7c9766d538c49dda1f7abc5f4a97e415f37c6d17f930068,
j00929,05_resultados\revisao_operacional\campanha_v1\j00929.mat,74d03c1d94f645c14db76f08952c365024f0f40e692d26c7c86a7adb307b65eb,
j00930,05_resultados\revisao_operacional\campanha_v1\j00930.mat,782cb1935da8ac0fe132908ebf01e810bed107f8b6460e7107adab9f96cbf683,
j00931,05_resultados\revisao_operacional\evento_adiantado_corrigido_v1\j00931.mat,ba0afe72a83368636d8e8347f2719fc9897cab9fa1d5ca25cda3b8dbf019c030,05_resultados\revisao_operacional\campanha_v1\j00931.mat
j00932,05_resultados\revisao_operacional\campanha_v1\j00932.mat,25fe62e2261af12179062eee3817dd39567d3fd0480d283777b2282b800a9d6e,
j00933,05_resultados\revisao_operacional\campanha_v1\j00933.mat,d4ffd2845f71f13925c5b56945db17622974329fd1c651097a7aee05a526b7f3,
j00934,05_resultados\revisao_operacional\campanha_v1\j00934.mat,e51bae7dac41adf2e64e5eabe839d701cfeb4fa4bca1b75bd14e58eb3b53b5ee,
j00935,05_resultados\revisao_operacional\campanha_v1\j00935.mat,71f18d76be6be6d92d6fcff135ced74cb361504c40c1358ac6ef9cf1c3bbd5c5,
j00936,05_resultados\revisao_operacional\evento_adiantado_corrigido_v1\j00936.mat,362c39cc03c87f8c9b8ead9e20eceb124c94b638dd94ad17d09c5a9ea84ec0c5,05_resultados\revisao_operacional\campanha_v1\j00936.mat
j00937,05_resultados\revisao_operacional\campanha_v1\j00937.mat,7a4e0ec706d70b0871ddd63c45045365ae2e3b116b6f95e8f137c9a4cdd26362,
j00938,05_resultados\revisao_operacional\campanha_v1\j00938.mat,9bdc55e298dc8e1d6fcef72adb5e28fb34c0f194ea26a3aeb99c4b50f90da36a,
j00939,05_resultados\revisao_operacional\campanha_v1\j00939.mat,e94b985c099b8c3e5272fcb54fe0def8aa3af7040a69d2d169565408e1a4fa54,
j00940,05_resultados\revisao_operacional\campanha_v1\j00940.mat,17a5aaacc17b58da4d870f45843ff08c43d3c1ebc3ca41222b07a846fe0fad4a,
j00941,05_resultados\revisao_operacional\evento_adiantado_corrigido_v1\j00941.mat,734c52490c142bb77cc34a1ae8773391127d43b6ea0fc8128670620da1f1d32b,05_resultados\revisao_operacional\campanha_v1\j00941.mat
j00942,05_resultados\revisao_operacional\campanha_v1\j00942.mat,7562457c5d25b76800b497a9fc9837069ee5f994bda8b8208e518a22fae35a73,
j00943,05_resultados\revisao_operacional\campanha_v1\j00943.mat,ff983773156ec14e176738c1a9671d922dfcedf576930e8f613f86d694ebde36,
j00944,05_resultados\revisao_operacional\campanha_v1\j00944.mat,32ab7d06f40a47b2e3d7c8e0053e3988d53fe9ea1b72dcc9fda2c9452e66c694,
j00945,05_resultados\revisao_operacional\campanha_v1\j00945.mat,e5332f62e37106b3c413fe46d3869a515b8af03c1ae5f1fd9592c9f2de353f2e,
j00946,05_resultados\revisao_operacional\evento_adiantado_corrigido_v1\j00946.mat,8d5f222581e7020c0d8b44c3b0f5ff1461add50c57112155ae4889c0e9aeef49,05_resultados\revisao_operacional\campanha_v1\j00946.mat
j00947,05_resultados\revisao_operacional\campanha_v1\j00947.mat,878d7ee301896a57ccd20df5b40a02eb7981d95d78aa2ea4f3ad74723c9425ee,
j00948,05_resultados\revisao_operacional\campanha_v1\j00948.mat,6934c2f5578421d3619399cf6509f442ce62159e7a3198e2cc43a066d19848bf,
j00949,05_resultados\revisao_operacional\campanha_v1\j00949.mat,4b465e901efb6c549108ead230622e7dcced7f297f0da8f40dd65588439960a3,
j00950,05_resultados\revisao_operacional\campanha_v1\j00950.mat,dffcde80ab99526e84620ae8ae31740cd48df2d03566c89176aecc7376be453c,
j00951,05_resultados\revisao_operacional\evento_adiantado_corrigido_v1\j00951.mat,636b1aec5b3cd3d60a301af036a77ac6149d525b9f4b679f35b200f26563fe31,05_resultados\revisao_operacional\campanha_v1\j00951.mat
j00952,05_resultados\revisao_operacional\campanha_v1\j00952.mat,2e13d67e14e0addab1fe08b3be9e423520b6696455695e3ef27dc66d77aeeecd,
j00953,05_resultados\revisao_operacional\campanha_v1\j00953.mat,f4040334179c933f91aa7f1cf761fe6eae9dacaaac5ab87dda5a70bec2cd2c63,
j00954,05_resultados\revisao_operacional\campanha_v1\j00954.mat,e47b5b2496cbf34f0ea70077feb9a0f2d311b0cab4ecdef70a13b68b75497b66,
j00955,05_resultados\revisao_operacional\campanha_v1\j00955.mat,989a1c1823ff2742a3dcb46ea09ba25c432f576720dddfa6671bceea11d5dcb1,
j00956,05_resultados\revisao_operacional\evento_adiantado_corrigido_v1\j00956.mat,a310e0b41ff172ea6617dac260080288a1fcaaa6f3d826ad5ca23062feec6593,05_resultados\revisao_operacional\campanha_v1\j00956.mat
j00957,05_resultados\revisao_operacional\campanha_v1\j00957.mat,5a2b115fb9c007e48ff5a8d7f4311d1e22097b57c50aa4f015c635c846e11570,
j00958,05_resultados\revisao_operacional\campanha_v1\j00958.mat,386b4fa1a862ee2b5fd2c9479222fd22fceaf51a2455ae562307f84fcf840c93,
j00959,05_resultados\revisao_operacional\campanha_v1\j00959.mat,a8370ff2a0598017c9096dcd79cab4edfa88247fe7f6401037cc0f1328d97ccc,
j00960,05_resultados\revisao_operacional\campanha_v1\j00960.mat,9d41ff4dacffbb75500018fa35a8650c1510b82439427a254f7eaa4f77948520,
j00961,05_resultados\revisao_operacional\evento_adiantado_corrigido_v1\j00961.mat,7a8de744ddb98e57b147893fa05c7a88270ee1bee42a04c0cdaed109b99b2c72,05_resultados\revisao_operacional\campanha_v1\j00961.mat
j00962,05_resultados\revisao_operacional\campanha_v1\j00962.mat,a4105563f44fca9c44d85692a244f15bccbf414126a6cae602da5d2aaea725c0,
j00963,05_resultados\revisao_operacional\campanha_v1\j00963.mat,8913da598a6e55f6f63cfc0ba05789e20c1808c005c7d77e13d7006e45b05c86,
j00964,05_resultados\revisao_operacional\campanha_v1\j00964.mat,18c4d574c1a089867b87030c62f079d5ee5911fbacb8b50efc698b1904a299ed,
j00965,05_resultados\revisao_operacional\campanha_v1\j00965.mat,ca44f0eb35fccedd8f603e217f688a69ca0f79a8e488e4939b5138839dcb06a9,
j00966,05_resultados\revisao_operacional\evento_adiantado_corrigido_v1\j00966.mat,3850eaed03c957a0b7a556e2e2d75729ed6d92cf70722eaeb0425f22d72db4aa,05_resultados\revisao_operacional\campanha_v1\j00966.mat
j00967,05_resultados\revisao_operacional\campanha_v1\j00967.mat,1564d3d2f230899f3d61580aeab659b6bca42aff2cd29f86823576a413279e3b,
j00968,05_resultados\revisao_operacional\campanha_v1\j00968.mat,1ed3257d96d6bf79c48bdc204e100e93150d98cbcdc7c9d48044a53ed850149f,
j00969,05_resultados\revisao_operacional\campanha_v1\j00969.mat,a0f1835987fbe1b236c7de9f9f3186e3336a96d2365aac8250cb5e861d519ba5,
j00970,05_resultados\revisao_operacional\campanha_v1\j00970.mat,4214d31c8740952c9419a2a7a7ab0ce6891e66f71845479b4c7cc9b867e5a95c,
j00971,05_resultados\revisao_operacional\evento_adiantado_corrigido_v1\j00971.mat,0fbcc8b36072b3b82a0ee119d6f8160269d7147be4eecabf93923bdf124e7f62,05_resultados\revisao_operacional\campanha_v1\j00971.mat
j00972,05_resultados\revisao_operacional\campanha_v1\j00972.mat,6df35493c637a4b30d8d9b20ff3eb1c2dac42ecc048f348badd3a4d2d3a9397c,
j00973,05_resultados\revisao_operacional\campanha_v1\j00973.mat,8e719fd3e09eb3bf9df336aa190628a3399a0eee864af2ac0a37d477e35eabc7,
j00974,05_resultados\revisao_operacional\campanha_v1\j00974.mat,70114b94e6f6ef42d8c2d01a74c7846bb614ec5c6edf13ae795ad12ea7f826a1,
j00975,05_resultados\revisao_operacional\campanha_v1\j00975.mat,fdf748b29a696c8cc35f6f636c611e47a3713f7cad3f49f00ff99615016497c1,
j00976,05_resultados\revisao_operacional\evento_adiantado_corrigido_v1\j00976.mat,000f2cc0a36dc426a0f47e5ac26647204159b5b26cb6c3745e0be4faceca40cc,05_resultados\revisao_operacional\campanha_v1\j00976.mat
j00977,05_resultados\revisao_operacional\campanha_v1\j00977.mat,63e9d88abd215d00251244dcbd4d5fca0a07acb7eb5abd33170ab944541d3e24,
j00978,05_resultados\revisao_operacional\campanha_v1\j00978.mat,666abe68c6a83fe8bf5a9bb6d8511fc1995cfc62bb71be322d3d2940a25922cc,
j00979,05_resultados\revisao_operacional\campanha_v1\j00979.mat,b62a47e4550f2558f334501e936a70e378b56cb25524cae7c589f0392758e3e9,
j00980,05_resultados\revisao_operacional\campanha_v1\j00980.mat,4f6229c23c7d0ab03992bc445e03d1e80c64a9b763fbdf38f2b90d3168bb4578,
j00981,05_resultados\revisao_operacional\evento_adiantado_corrigido_v1\j00981.mat,98e47c76aacc122977f1ca140d0abe3fb64a6eccfd16d3043a662e44bf1a5f7f,05_resultados\revisao_operacional\campanha_v1\j00981.mat
j00982,05_resultados\revisao_operacional\campanha_v1\j00982.mat,52dd1ba9d5b02f4d7b5fe1270a44a73a5882df525f231161683a4d2b34c0bf38,
j00983,05_resultados\revisao_operacional\campanha_v1\j00983.mat,d0276103018de12be718bf843e192e5396188c445caf23ed2e418b0945b283cd,
j00984,05_resultados\revisao_operacional\campanha_v1\j00984.mat,1b77b1f5e41ba98664d5e122b7dbc4e256e52c7f6ec0008a41231fdeb2792e5d,
j00985,05_resultados\revisao_operacional\campanha_v1\j00985.mat,c3e343e270b48a193a530fc9c67218e3f61ce479ae43f61d0b82a9e574df2159,
j00986,05_resultados\revisao_operacional\evento_adiantado_corrigido_v1\j00986.mat,4296281d6bd9f1aff9cd129e3653c9970a2b09c45a262e2082fa3f560dc1ec33,05_resultados\revisao_operacional\campanha_v1\j00986.mat
j00987,05_resultados\revisao_operacional\campanha_v1\j00987.mat,7f5bb0c0574cceb59bc753aa2c79970cf04dad336ce44d30be9af350ed338c0a,
j00988,05_resultados\revisao_operacional\campanha_v1\j00988.mat,f031f188ed1aa9f1d0d87ed144c7fb6953fca574f0d8ef0cb656f5ae8e8c5b4c,
j00989,05_resultados\revisao_operacional\campanha_v1\j00989.mat,e82af0591249212e8dcdf83349706fdc762046efa8b3b7914489876be22d9b9d,
j00990,05_resultados\revisao_operacional\campanha_v1\j00990.mat,f3b9e23eb82603110512355196298f58682e1aff34c7d66e81719dc99365e8ab,
j00991,05_resultados\revisao_operacional\evento_adiantado_corrigido_v1\j00991.mat,87c37e06d4d7fac51d578a2a58d3d224f8573e56ee934b9a3f5184044eebcc32,05_resultados\revisao_operacional\campanha_v1\j00991.mat
j00992,05_resultados\revisao_operacional\campanha_v1\j00992.mat,4524c6c46142558bb19606db1172764b28ac3b0ddb45a2f11760466eb70b86d0,
j00993,05_resultados\revisao_operacional\campanha_v1\j00993.mat,799562abe621317572cd72a65fee6e00b6bf57d8d46b02f3509088cff758f5ce,
j00994,05_resultados\revisao_operacional\campanha_v1\j00994.mat,6098b6f8e1c7b09b30906cca7857cc0f1f428f28c1daa0a3e8b4837097b96475,
j00995,05_resultados\revisao_operacional\campanha_v1\j00995.mat,0d9ce81498c8e865d882343bbe6131e88e4cac6bbbb97d9fe1786e51476da3cc,
j00996,05_resultados\revisao_operacional\evento_adiantado_corrigido_v1\j00996.mat,db15180054e51998eda9d77ff716cf841522b5445604d497447a85a16430fd4a,05_resultados\revisao_operacional\campanha_v1\j00996.mat
j00997,05_resultados\revisao_operacional\campanha_v1\j00997.mat,5b46bd48dd51f3191b3045887428098336f3ca146f12fd32687bc34e32da64bd,
j00998,05_resultados\revisao_operacional\campanha_v1\j00998.mat,cfc7b893e2ac11485bd890958a8fc43b47efe6775bf3e2895a24df9a33c7bce3,
j00999,05_resultados\revisao_operacional\campanha_v1\j00999.mat,bd854cc24eedae20e0834f28147b7519eaa4fdc97b7fda9bceea6f3203744123,
j01000,05_resultados\revisao_operacional\campanha_v1\j01000.mat,eef293782434c5cf91230c6a5b1276d6bd473982c8ef3186f7b8425624c54fa6,
j01001,05_resultados\revisao_operacional\evento_adiantado_corrigido_v1\j01001.mat,ec03e967b95bfc9bcd3bec5069ef275a6cb51e70d8595d105b2ec98fbfbce325,05_resultados\revisao_operacional\campanha_v1\j01001.mat
j01002,05_resultados\revisao_operacional\campanha_v1\j01002.mat,60673f0bc1bd602103fc5fde64e5bc599ee794e0197d4598492e20ee627a14f4,
j01003,05_resultados\revisao_operacional\campanha_v1\j01003.mat,7c29257b7d4232987ed3a354461decea590fe7d0b6cb4c36d35597e1e63f357b,
j01004,05_resultados\revisao_operacional\campanha_v1\j01004.mat,ff237ddbb34796be407f816378efc9ead9dd3f08834feb89cc8bdd400c9877d8,
j01005,05_resultados\revisao_operacional\campanha_v1\j01005.mat,803699fe5f45686fd5321309cf16e0a30acd7f5ae529b95b65dee20442b4b05b,
j01006,05_resultados\revisao_operacional\evento_adiantado_corrigido_v1\j01006.mat,475450a22918d3e19ac4bf2513c0d11f11e9e935bfd2f522ffa71f5236811e47,05_resultados\revisao_operacional\campanha_v1\j01006.mat
j01007,05_resultados\revisao_operacional\campanha_v1\j01007.mat,c856236f12d953ceb5c6eee5fcc786bf304154a9d957bf2618a5b3fc1eabfc06,
j01008,05_resultados\revisao_operacional\campanha_v1\j01008.mat,975f540629db64f93e927ddfea4560f0a2b4de45ec0924e2ee443b232e32ac27,
j01009,05_resultados\revisao_operacional\campanha_v1\j01009.mat,220f36a013f79a5c192cab7133d53ad25e5adc8830aed6078cdc59f0e9b6bfc8,
j01010,05_resultados\revisao_operacional\campanha_v1\j01010.mat,0c0b4e6cb9b0cdcecb6d1a7cebfadc528707eabc878283a9d996c309e97ef403,
j01011,05_resultados\revisao_operacional\evento_adiantado_corrigido_v1\j01011.mat,84071f64ff306b29d9ec2c4dd6d31e9f42a60c6f45b787a6d441f5ad6d1fadf4,05_resultados\revisao_operacional\campanha_v1\j01011.mat
j01012,05_resultados\revisao_operacional\campanha_v1\j01012.mat,140ba70c4ef7dba18c6dd378f52f497750ad8566310826fd4d9687a889790544,
j01013,05_resultados\revisao_operacional\campanha_v1\j01013.mat,76a0b2c7a591411cbe6e9317840951fb2337ef0af6c989376a02e88cdcb23c6d,
j01014,05_resultados\revisao_operacional\campanha_v1\j01014.mat,fcf9c7c929515fa15d1e0fae923a1f30d2183574c82f187f8ee492f1ce561371,
j01015,05_resultados\revisao_operacional\campanha_v1\j01015.mat,9c8c113ccdc40d2fcceff4b57e950e719ef40d680d00530c93560a4b44ba235a,
j01016,05_resultados\revisao_operacional\evento_adiantado_corrigido_v1\j01016.mat,c95435483ff70760034615bc5f4bbdb57bced0e85b58a7245fc7f423cbf0585b,05_resultados\revisao_operacional\campanha_v1\j01016.mat
j01017,05_resultados\revisao_operacional\campanha_v1\j01017.mat,da177ca360a41555bd69db57253429d212814f0332fe262bb3a3b56b2a298c4d,
j01018,05_resultados\revisao_operacional\campanha_v1\j01018.mat,431563b3a9309054f86ef8f8ae0da432d62646ff9243cc600e081f8672649347,
j01019,05_resultados\revisao_operacional\campanha_v1\j01019.mat,8a69f3e387f655b5532b18b3bc469a72be584271079e4b185cf448fcda3e42a3,
j01020,05_resultados\revisao_operacional\campanha_v1\j01020.mat,48a7e9c21575baf967da427638453c3b8ebeefb8bf087021f8a245e08cc762d9,
j01021,05_resultados\revisao_operacional\evento_adiantado_corrigido_v1\j01021.mat,6c98af8bcfe923ec36904dcbf4d53def01f65c792092bc97f4d1540b5490792a,05_resultados\revisao_operacional\campanha_v1\j01021.mat
j01022,05_resultados\revisao_operacional\campanha_v1\j01022.mat,4e213bf6d1a1ce7321b1c68aad7d1f4defd47d3fc295c50cf719d69d526b810d,
j01023,05_resultados\revisao_operacional\campanha_v1\j01023.mat,b5a14ad743c5682d5c647c7ac363959f5ff49eca83a4a72cd382acadceb0e243,
j01024,05_resultados\revisao_operacional\campanha_v1\j01024.mat,275821685cc52549b26a517ff96da20866bff9e06a9bb9c6be9fee1ecd032407,
j01025,05_resultados\revisao_operacional\campanha_v1\j01025.mat,c55ab14fff23c33ace73ed0dad796e1adab60aacd2de86be51cb830618cea1bc,
j01026,05_resultados\revisao_operacional\evento_adiantado_corrigido_v1\j01026.mat,4318203599091b9d961c2f3ef32fed880ceffcdce5a1d68a018895eafa61f9fc,05_resultados\revisao_operacional\campanha_v1\j01026.mat
j01027,05_resultados\revisao_operacional\campanha_v1\j01027.mat,329efdc06d3d76f3ea6b835d848e1a0395d284b2293dc403e55b00e3712c6c0b,
j01028,05_resultados\revisao_operacional\campanha_v1\j01028.mat,749dc445cd8924b82cad9541f25b5679b8b1ba7c9ec55d05d8f4731665bf198b,
j01029,05_resultados\revisao_operacional\campanha_v1\j01029.mat,327838ab17b16b5988233d4775bd33b601211ffb9d1fe6703c90631d0f10821d,
j01030,05_resultados\revisao_operacional\campanha_v1\j01030.mat,2757a1213604d03274fa642b86518cb5689204a148a48dafba8adf2368a8205e,
j01031,05_resultados\revisao_operacional\evento_adiantado_corrigido_v1\j01031.mat,ffe5a9902f9fb7e792334867ecf3985ed0d687ac5f621847ef75c3a20e299da3,05_resultados\revisao_operacional\campanha_v1\j01031.mat
j01032,05_resultados\revisao_operacional\campanha_v1\j01032.mat,9891d7bbf5ab6697ce06c60525248da09ea59504d9b5f972ab2c90b9d17251f3,
j01033,05_resultados\revisao_operacional\campanha_v1\j01033.mat,594cb2ded8ccc1f23b7fb4b0f51753753f97034908e4bc76c2a0477acafafe61,
j01034,05_resultados\revisao_operacional\campanha_v1\j01034.mat,08b8354d5ed325557d3415a9d5fa439f1caa13cfba4aa4c71732fdad834f4455,
j01035,05_resultados\revisao_operacional\campanha_v1\j01035.mat,4a87f639e26a33d2284cc638982c6f6e45eca9eb2886d2c3e07dabcf015c3801,
j01036,05_resultados\revisao_operacional\evento_adiantado_corrigido_v1\j01036.mat,e434d47f33a2f753ef91d64f80508dc265c665d8fa57f85c658918b71fd738ff,05_resultados\revisao_operacional\campanha_v1\j01036.mat
j01037,05_resultados\revisao_operacional\campanha_v1\j01037.mat,7cc2f42e7e00752500a0cc686769f917475f785aea18d8bcdfacd9fbe91ae7a7,
j01038,05_resultados\revisao_operacional\campanha_v1\j01038.mat,c30613998e756d115735badf9d263ccebcba7f90dbb111a01a3945180c0108b2,
j01039,05_resultados\revisao_operacional\campanha_v1\j01039.mat,9777a311986d55091717e2fe15c7df322418cba9443517d9b40d1123301e3a79,
j01040,05_resultados\revisao_operacional\campanha_v1\j01040.mat,417c34e7a532d5579c5511f40872a944cc412aa6c447f86d2f030e6ae16d9510,
j01041,05_resultados\revisao_operacional\evento_adiantado_corrigido_v1\j01041.mat,4832f9d0d37ed1c1d15642e6023bff103ffe49f4d7ef1e22ffb7e4dbc6ca1d2e,05_resultados\revisao_operacional\campanha_v1\j01041.mat
j01042,05_resultados\revisao_operacional\campanha_v1\j01042.mat,936ae3632df7eb8b905d69fd9fc1d97e276f008e92b5cda8bee0b8613d0da11d,
j01043,05_resultados\revisao_operacional\campanha_v1\j01043.mat,0b0a5434d893f36437abe6f57a6a36d679748448ce968d0d7bc50a27d34790e0,
j01044,05_resultados\revisao_operacional\campanha_v1\j01044.mat,55a9b9fd259bd025a935e7859b3a8a0226681238cb81812b49f4e134854befb3,
j01045,05_resultados\revisao_operacional\campanha_v1\j01045.mat,aa225a3863b7914cc8ad3f8504a2dc85fafb1f1870107552dff1ab80bf7a0055,
j01046,05_resultados\revisao_operacional\evento_adiantado_corrigido_v1\j01046.mat,9536487d1b0c31c35cfc8acab7a700d7c72bb7e24a3786542b2ab0a0954f9a78,05_resultados\revisao_operacional\campanha_v1\j01046.mat
j01047,05_resultados\revisao_operacional\campanha_v1\j01047.mat,2e405bd28419e6192b4e36575fb6d2f189ba8bea1708033e8e6adb41ff99f22f,
j01048,05_resultados\revisao_operacional\campanha_v1\j01048.mat,a3be16c54986267e3b266e467f7b1f653b1a9894125ae2b3feed39ba787c9c2d,
j01049,05_resultados\revisao_operacional\campanha_v1\j01049.mat,ab1a7af7211fb752515843166edd79eda5b479fcc6c19d37692b245eb5b5f021,
j01050,05_resultados\revisao_operacional\campanha_v1\j01050.mat,d8f33271142bbe8e22095dc4d6c785934336f285f11f5f5feb72b9a8c81cac8a,
j01051,05_resultados\revisao_operacional\evento_adiantado_corrigido_v1\j01051.mat,1fc245991410e063795a892e8a2d51c85cbfe655e027c8de7ceea7b41bf338ce,05_resultados\revisao_operacional\campanha_v1\j01051.mat
j01052,05_resultados\revisao_operacional\campanha_v1\j01052.mat,9e9a4b3890479f4c3c5223a12c65dd7f1a3baae45aef6c2ee40eeb857e24dde9,
j01053,05_resultados\revisao_operacional\campanha_v1\j01053.mat,ab2a064a6a084f5ff0b5505a4252ac9bb07da8b12436d9f80305f5f7595a4615,
j01054,05_resultados\revisao_operacional\campanha_v1\j01054.mat,9875fc886ae5a4dd1a92fa0cf6cfb5eb460c39bbfcef7b6353792777043f5657,
j01055,05_resultados\revisao_operacional\campanha_v1\j01055.mat,1bfb2be6808e240d3f4e7a7c7a31879b8103a5cbe47ebe288ad98e958b555acb,
j01056,05_resultados\revisao_operacional\evento_adiantado_corrigido_v1\j01056.mat,49d20a183685284b045a1fbe077de44d6b1a57c51a030373b8a108eb3b0989ab,05_resultados\revisao_operacional\campanha_v1\j01056.mat
j01057,05_resultados\revisao_operacional\campanha_v1\j01057.mat,174bfdbd9bffc78c515848302e6d7314b349b035bc42b936c8dcc87987d50288,
j01058,05_resultados\revisao_operacional\campanha_v1\j01058.mat,546f522985011b97b224198593c8aa8343d0377d3da15676a02791405605e9f5,
j01059,05_resultados\revisao_operacional\campanha_v1\j01059.mat,644888b1573a343d5c8652f4230c2bfc7bdd79a4195cc60616134109fa12c43a,
j01060,05_resultados\revisao_operacional\campanha_v1\j01060.mat,c881b060d63d47fc2bbb53ca21b36b7bfe8742aa5b56cafec8a08e0dda340d5c,
j01061,05_resultados\revisao_operacional\evento_adiantado_corrigido_v1\j01061.mat,0a03416eae96fe28b4a4d8170edb05f56e8287425d65dfeec8fe80d90da11127,05_resultados\revisao_operacional\campanha_v1\j01061.mat
j01062,05_resultados\revisao_operacional\campanha_v1\j01062.mat,e33adbb8a5474606b3a102116b0f98a0fbf6307782069e78c201f599570804ca,
j01063,05_resultados\revisao_operacional\campanha_v1\j01063.mat,a3aaaf1d6ca6fb926cb83055c7c88b090f43e27b8d31b271c18abe08991551a1,
j01064,05_resultados\revisao_operacional\campanha_v1\j01064.mat,c600b0dc7297f8f39f460d260e834cd50978dfd89a33231d00ddb59af922a2fb,
j01065,05_resultados\revisao_operacional\campanha_v1\j01065.mat,ff15a1edebfd9550f6c85cce9cff9b03079793fb57f0221d704fea8caa8b9556,
j01066,05_resultados\revisao_operacional\evento_adiantado_corrigido_v1\j01066.mat,0a699f0121438775f12ab102dce8522f1091ecd533c6e8691233e24a87824743,05_resultados\revisao_operacional\campanha_v1\j01066.mat
j01067,05_resultados\revisao_operacional\campanha_v1\j01067.mat,1af2a0a33ab1104b6c0e48016dda424058676038178d07de984b46fae51e4a33,
j01068,05_resultados\revisao_operacional\campanha_v1\j01068.mat,4241aa226552e2c5a4d0f5490aff62ac207e674ed9f59459c5bf862075d152cf,
j01069,05_resultados\revisao_operacional\campanha_v1\j01069.mat,6fd5ccf7b28d4e8baddf8b148fe61a0ecc74fd3eeeda3e9086930dc0c63c6394,
j01070,05_resultados\revisao_operacional\campanha_v1\j01070.mat,581a70e16f6f8ab2e337cf7d18f6c168f12c7aad47c39fe1313f09aa4ec9f593,
j01071,05_resultados\revisao_operacional\evento_adiantado_corrigido_v1\j01071.mat,87425e2b4726b9cfd7b4405df938296a1b089b3c6051c6aec4c9872324bc3f7f,05_resultados\revisao_operacional\campanha_v1\j01071.mat
j01072,05_resultados\revisao_operacional\campanha_v1\j01072.mat,257705c14875076c5f5841d46c50837c678d1a78f5755449d6599efce81a71a1,
j01073,05_resultados\revisao_operacional\campanha_v1\j01073.mat,60cca108462af9103bb7e2bb40cd642bd90b96493c17bdb4b75b8db0bb90b02e,
j01074,05_resultados\revisao_operacional\campanha_v1\j01074.mat,d6900ad8e85d5971c85f4c5a34a2002a840e13012f53b15005d2cc1929164b17,
j01075,05_resultados\revisao_operacional\campanha_v1\j01075.mat,89fda99ba3589f94bf19b57110a2f6c6ca85e398989e891168fe3a2235ae3da1,
j01076,05_resultados\revisao_operacional\evento_adiantado_corrigido_v1\j01076.mat,1f20f7020927e983be2855de872e8bd44bc9767a6bed86069ba53e734cd823fb,05_resultados\revisao_operacional\campanha_v1\j01076.mat
j01077,05_resultados\revisao_operacional\campanha_v1\j01077.mat,6ae850b2a3c236f0fb4b4620b23943b045af3ddf38fb64a69d697f09ca305f21,
j01078,05_resultados\revisao_operacional\campanha_v1\j01078.mat,9da79858e96b201d4e18c38ee38a24b4d08dceb1c460984aa39d94fba8eecf3e,
j01079,05_resultados\revisao_operacional\campanha_v1\j01079.mat,6f10d330f8a7493698c8cb9d7b26295c588fc387f7402ea927933739b6748d6a,
j01080,05_resultados\revisao_operacional\campanha_v1\j01080.mat,113f3c4d92f1e8d79645a857c0144ad769d8ec5abd0e7a403fcccab4609fed6d,
j01081,05_resultados\revisao_operacional\evento_adiantado_corrigido_v1\j01081.mat,e0e5e2283ef131b99678740a7c1fe315b748ae6f22ff5a3e3df5a40f1c0f933c,05_resultados\revisao_operacional\campanha_v1\j01081.mat
j01082,05_resultados\revisao_operacional\campanha_v1\j01082.mat,b616b9bb3a6f513bfdbb446faa14ff1914606b8bea0d44223072ba13f9fbdac1,
j01083,05_resultados\revisao_operacional\campanha_v1\j01083.mat,3f9f37e93f6e0a009cc2cf3470cbae65850ad971335b8a80e6b42d7bb105f508,
j01084,05_resultados\revisao_operacional\campanha_v1\j01084.mat,894ebc429d51e88b9ab6aa6e4eda82c0cb0e41e81fb99afd250a61b1179dd8bb,
j01085,05_resultados\revisao_operacional\campanha_v1\j01085.mat,f759a7b4c9af59d7e044a3483b3c5319d7456c1934392676c76dc0e63eab963f,
j01086,05_resultados\revisao_operacional\evento_adiantado_corrigido_v1\j01086.mat,55ba9e4c3c387d15c4caa1f33331822c15c83debf63e7fec545319f12a56b7a4,05_resultados\revisao_operacional\campanha_v1\j01086.mat
j01087,05_resultados\revisao_operacional\campanha_v1\j01087.mat,55acd6d26fbea4cc34afeefecdcbb6922cf487019b9519f295e716d13df9bf08,
j01088,05_resultados\revisao_operacional\campanha_v1\j01088.mat,9a665a669158ea3d83ae02b95980c2ddcceaa3568540ef770451cdc5cf2b244d,
j01089,05_resultados\revisao_operacional\campanha_v1\j01089.mat,1fa94fbbfe72b5fa9b594c354d790532102c45a8d95e7d62f0a5860551b4b6ec,
j01090,05_resultados\revisao_operacional\campanha_v1\j01090.mat,0f3aa927acd07267a6ff68056c9b6dc9408513155fe8269bcde65292a05d868c,
j01091,05_resultados\revisao_operacional\evento_adiantado_corrigido_v1\j01091.mat,d0b445782391556aa726f458e7df0ac4f8746dab6130ed01b592c7cfd63d7a3c,05_resultados\revisao_operacional\campanha_v1\j01091.mat
j01092,05_resultados\revisao_operacional\campanha_v1\j01092.mat,c58c78e395d90097f028f906322fc710694714faf2d32b0af217257847513d26,
j01093,05_resultados\revisao_operacional\campanha_v1\j01093.mat,8e03ac29be4225c220acf200d0728ee5fa2e4e917f79fbfe2801f6bff0944249,
j01094,05_resultados\revisao_operacional\campanha_v1\j01094.mat,9eb57ed79729de148038965d4367a8e20c1af0d09911777b51692e5611e5fc26,
j01095,05_resultados\revisao_operacional\campanha_v1\j01095.mat,b90c96f7cdee294edf38469ee7dc94a9f0e72957d698e8d91f70d3a187a0cfd1,
j01096,05_resultados\revisao_operacional\evento_adiantado_corrigido_v1\j01096.mat,47b0932d7ac1846eb3212b0560325bd23e1ef538196a4acd67b181473b0b8d31,05_resultados\revisao_operacional\campanha_v1\j01096.mat
j01097,05_resultados\revisao_operacional\campanha_v1\j01097.mat,8f727f1201f7fe43d91ba77d027103f7e0484df4adf0e90c85dae513432247cc,
j01098,05_resultados\revisao_operacional\campanha_v1\j01098.mat,b307d764bee04fbad227d791cd056619ed24d878bd5cb967956036f115ee5b19,
j01099,05_resultados\revisao_operacional\campanha_v1\j01099.mat,fb3b62843c8973240c12dc6706fd6a10ee7b2c020f7e9e322d3f5c28f27c9aea,
j01100,05_resultados\revisao_operacional\campanha_v1\j01100.mat,803feee20a44164244e62c582460504193d60756d7611709c3c83bf809ff3011,
j01101,05_resultados\revisao_operacional\evento_adiantado_corrigido_v1\j01101.mat,6bb1c88120a78ab2ce2275c7158ac022dcfbe99b7267762739ab1e82a4b45a47,05_resultados\revisao_operacional\campanha_v1\j01101.mat
j01102,05_resultados\revisao_operacional\campanha_v1\j01102.mat,0f57013a85ba56eddc5080d5f50dc6b4c073388970c79b053326673863877c23,
j01103,05_resultados\revisao_operacional\campanha_v1\j01103.mat,fa085179263b7bc9ebdaa761c4bce61e1d8c7f436ef002c02e7f3d9e4fdbe3cb,
j01104,05_resultados\revisao_operacional\campanha_v1\j01104.mat,bb2b9625ea29c31d12dd2164332214933ed9fd0e7e94dcb35c9234dae595e607,
j01105,05_resultados\revisao_operacional\campanha_v1\j01105.mat,8620013b4afff9b8b719a4889fad311a40e4a725332f96031cb412043d966046,
j01106,05_resultados\revisao_operacional\evento_adiantado_corrigido_v1\j01106.mat,3e80ea1ca003a4cd3e18334ce056afd8f671c034db65ebf8f82bbe94bac16912,05_resultados\revisao_operacional\campanha_v1\j01106.mat
j01107,05_resultados\revisao_operacional\campanha_v1\j01107.mat,0ca293b9fc3cefdd9ee01c1e525cf63cbeca18a472297609fc65ff1fc86e8c7e,
j01108,05_resultados\revisao_operacional\campanha_v1\j01108.mat,6873d8c36e8921047fd5717847dc7b80ccc2ecb3765039312a0478ae7ebfbbb9,
j01109,05_resultados\revisao_operacional\campanha_v1\j01109.mat,ab48969fb63df32372117089ae52c1d835a36ba558ec1dd24c7932cb6fb195ae,
j01110,05_resultados\revisao_operacional\campanha_v1\j01110.mat,c162485f8101e07ef17a9e3112e0fbd575892f913b2ad1294ab413289399ebbb,
j01111,05_resultados\revisao_operacional\evento_adiantado_corrigido_v1\j01111.mat,37842a8876fcc3b2de7a0efdd376f5845a1d2a71a9c9455a8b746835a4249461,05_resultados\revisao_operacional\campanha_v1\j01111.mat
j01112,05_resultados\revisao_operacional\campanha_v1\j01112.mat,63a655a194494ef46a214bf8c436c411e51ad85d2dbfcc2a3744e28d72157ef9,
j01113,05_resultados\revisao_operacional\campanha_v1\j01113.mat,65b92087dae5eccbd363a15099d21505581a9f63112f10e77da92360e5cf2d69,
j01114,05_resultados\revisao_operacional\campanha_v1\j01114.mat,314156dced776724b7f14e5dfaa99c8c4f217792a1cd228f6a8caf893c4a057f,
j01115,05_resultados\revisao_operacional\campanha_v1\j01115.mat,7c423281fd3cb7254652f546bd0f9a0faadbbbb999b8c6cf8e5b08c94d2fa30f,
j01116,05_resultados\revisao_operacional\evento_adiantado_corrigido_v1\j01116.mat,03d0053930350f36c0bc7d0a084d78dc1cdb09cd184682d9a55ba3b237763f1d,05_resultados\revisao_operacional\campanha_v1\j01116.mat
j01117,05_resultados\revisao_operacional\campanha_v1\j01117.mat,1b49698af51d1c7529d8524274d6529ff1be76c0f2576bb25f36ac0f3c7e5db1,
j01118,05_resultados\revisao_operacional\campanha_v1\j01118.mat,36fb2589a755334e30483bb19a8371516b0cc63c5e1a2cd4e9c0bbb96ccffffd,
j01119,05_resultados\revisao_operacional\campanha_v1\j01119.mat,88dfea95ad44320698d8fea227671bda0ec7b01b04492956836878489b74dec4,
j01120,05_resultados\revisao_operacional\campanha_v1\j01120.mat,c0a6886283c29d0623f1b7bccd869d2e05031b97698dbb2c05efb530c65ebb44,
j01121,05_resultados\revisao_operacional\evento_adiantado_corrigido_v1\j01121.mat,0adacd7641841803cb66b9ad8ffbb3b08d02111877ec4cb7a7c6dec2e50f4e6b,05_resultados\revisao_operacional\campanha_v1\j01121.mat
j01122,05_resultados\revisao_operacional\campanha_v1\j01122.mat,81dff12bd6a4c90ea34f9cdb2e120eb3c60a1ff20045735583a35f98cb235cba,
j01123,05_resultados\revisao_operacional\campanha_v1\j01123.mat,38cd64e4f55f69c8310822a23596cdd1d1daeed5ec2e668c98c9e737b40d5f8a,
j01124,05_resultados\revisao_operacional\campanha_v1\j01124.mat,8b6b78b4d19a74e4f30b669419dc5975e341ab998e980bb50feed337f348268d,
j01125,05_resultados\revisao_operacional\campanha_v1\j01125.mat,b9399d877958cdd54cf30dc0816a129c2964ba30b4660ca73bd8da80cdabcdc4,
j01126,05_resultados\revisao_operacional\evento_adiantado_corrigido_v1\j01126.mat,5a959eed522b0d636174884470e3f16112dba2299a8ab99ca4cd70fe90ccf131,05_resultados\revisao_operacional\campanha_v1\j01126.mat
j01127,05_resultados\revisao_operacional\campanha_v1\j01127.mat,242722418ad5834aea213a405f13e0e5430c1c9a82d8969ddd9a43b6e678ae81,
j01128,05_resultados\revisao_operacional\campanha_v1\j01128.mat,0c936187dc5aca311d7a5faa10ee0a5b0b8fbe2206bf2ec960ea2c1f4670be9e,
j01129,05_resultados\revisao_operacional\campanha_v1\j01129.mat,96d73e1b951757c73de8081ba0205a8d2933cfaee69ccd0f84ef910b873d8af5,
j01130,05_resultados\revisao_operacional\campanha_v1\j01130.mat,12c307ea49aff72081e4e053923c21d27c5b8edc6351d569be051b99816dcd87,
j01131,05_resultados\revisao_operacional\evento_adiantado_corrigido_v1\j01131.mat,97e16b6736cbf3118df66c59b76311415a4a8309d5b878f72b2b1e8fb25b6953,05_resultados\revisao_operacional\campanha_v1\j01131.mat
j01132,05_resultados\revisao_operacional\campanha_v1\j01132.mat,b20c1ac25de2a39ea0b184c076be52387a6dc4c5b8a0dee34416e6ee48672be8,
j01133,05_resultados\revisao_operacional\campanha_v1\j01133.mat,41061c95519203c4d525a05c090ab640bc039976462bd21a9102132bda8e2552,
j01134,05_resultados\revisao_operacional\campanha_v1\j01134.mat,1747b78d438f3fe795619ee1f08dcc48eb48bf2e323685dabfbff26a67019cf1,
j01135,05_resultados\revisao_operacional\campanha_v1\j01135.mat,65a75fa2be3b81e85d856f83db7517d602f7c758ebbdee9919739f965d9d2abb,
j01136,05_resultados\revisao_operacional\evento_adiantado_corrigido_v1\j01136.mat,928c544d51ef7b08c29b67095436e5ed68ef826a90d331f410cce614fa5abba3,05_resultados\revisao_operacional\campanha_v1\j01136.mat
j01137,05_resultados\revisao_operacional\campanha_v1\j01137.mat,fe03ace482cbfd18c552b9ac5bb5ee459487fcb5654d5df3f08739b33053bc38,
j01138,05_resultados\revisao_operacional\campanha_v1\j01138.mat,ada3ce631d10497a120d803b38f955ef00155b759908b6489678aeceb3891f0f,
j01139,05_resultados\revisao_operacional\campanha_v1\j01139.mat,79943d076b36054d26208dedc52f2a25825e7edd28e9f6179007a793dd72b52e,
j01140,05_resultados\revisao_operacional\campanha_v1\j01140.mat,98e5c91476263cc6485412c66231181b9cdc1791642fa3cb48a7d4575dc796ca,
j01141,05_resultados\revisao_operacional\evento_adiantado_corrigido_v1\j01141.mat,23c3445e6f61a58eae22d0df3662161a9a3072d2a66af77846b121bd6aa85228,05_resultados\revisao_operacional\campanha_v1\j01141.mat
j01142,05_resultados\revisao_operacional\campanha_v1\j01142.mat,94f7346710537acb907f50a73d4d895e56ec2be9508ddf2ea193e58618bed4e2,
j01143,05_resultados\revisao_operacional\campanha_v1\j01143.mat,8e2a29927d276f3dff77c4ce523bcf0d189782bea1248dbf577b8b186cd5573c,
j01144,05_resultados\revisao_operacional\campanha_v1\j01144.mat,b89961252850f69105669a4ddda54a3980df2c22c79dac578bb41644b1881150,
j01145,05_resultados\revisao_operacional\campanha_v1\j01145.mat,187619e910e3d01ebca1dab75dc3ebd427498fe71d4b8654233abbc089644d5a,
j01146,05_resultados\revisao_operacional\evento_adiantado_corrigido_v1\j01146.mat,f73b6012850937d3c0cfd408a5578bc4ccae720ff19298fd64b384089959fb76,05_resultados\revisao_operacional\campanha_v1\j01146.mat
j01147,05_resultados\revisao_operacional\campanha_v1\j01147.mat,2011998e9793434bc680a39a2f1ca3b84fb8e163358c6520f120e16ead886ae4,
j01148,05_resultados\revisao_operacional\campanha_v1\j01148.mat,b8bb7914f2f98fb8d58ba3b23ed8dee65c6c29cf187b726c33159f576113729b,
j01149,05_resultados\revisao_operacional\campanha_v1\j01149.mat,a5e4e9a7fad749c498c235930cdcddebe3adf18a222d261aa89879299029d26b,
j01150,05_resultados\revisao_operacional\campanha_v1\j01150.mat,60d20e748d8ee37a92d319534b3087d5868f67be1a0b47c33e9c228dd237d697,
j01151,05_resultados\revisao_operacional\evento_adiantado_corrigido_v1\j01151.mat,4e655d9f4499a8fa6fb2329c17b5b72342a709f59bbfbe8c48046210daf42e98,05_resultados\revisao_operacional\campanha_v1\j01151.mat
j01152,05_resultados\revisao_operacional\campanha_v1\j01152.mat,b5ad7d01c8b38b63f269d0956d221a576388cbdd8abafb35785013c7026b293d,
j01153,05_resultados\revisao_operacional\campanha_v1\j01153.mat,95b68ac1125361ba77b56f15a274af567cc34f1f7305986535a87ad097c165e0,
j01154,05_resultados\revisao_operacional\campanha_v1\j01154.mat,051d5e3e45cf334d7a2b5d9fe731b6a554726d35b06f3fb18e3dae205a5b6321,
j01155,05_resultados\revisao_operacional\campanha_v1\j01155.mat,dda24a35a0ca9cb49ef22372873ab62bfe852c5b29f5fcfa05294e54eeddc83f,
j01156,05_resultados\revisao_operacional\evento_adiantado_corrigido_v1\j01156.mat,fbe22a1d24a2393d95b8008c55f3d6e0343d5cf5aa7aa75582d01b5df225dae1,05_resultados\revisao_operacional\campanha_v1\j01156.mat
j01157,05_resultados\revisao_operacional\campanha_v1\j01157.mat,0fb1620ca06c811da4cb03cb4b376e4ac14d438ddbaebd20ded6a844bdfaf54b,
j01158,05_resultados\revisao_operacional\campanha_v1\j01158.mat,c9ab86f143b8046daa4f6e7480a28777caf2c0da5981e5903a0bd7b4752955ba,
j01159,05_resultados\revisao_operacional\campanha_v1\j01159.mat,a465ebca454ff24331bbaaf1a25fe532b9e2930ec4bfec0a9f79814a2714eae5,
j01160,05_resultados\revisao_operacional\campanha_v1\j01160.mat,4df28daaca5e51b55655f9e0418042b76a5af8675a7e013f846663ffceebbd8d,
j01161,05_resultados\revisao_operacional\evento_adiantado_corrigido_v1\j01161.mat,9b148d4fc56b117c5421d88ebd1026caa458cbec3f434b85f448439622ec0bd0,05_resultados\revisao_operacional\campanha_v1\j01161.mat
j01162,05_resultados\revisao_operacional\campanha_v1\j01162.mat,2a79c0f7e553b86172895819d2b21ef4c1b182906536e30217570835c312dcb0,
j01163,05_resultados\revisao_operacional\campanha_v1\j01163.mat,78bd1d628684593a03d6bbc9446e2129674633793968fecfe2d3988ef27d2569,
j01164,05_resultados\revisao_operacional\campanha_v1\j01164.mat,6fdb80d602969e5c906bea532bb6f47a91fe22fdd285cebd84ca6b005a31e905,
j01165,05_resultados\revisao_operacional\campanha_v1\j01165.mat,9a13029f3dbf56b483eaf6cbdca418a8b7dcea87e9c29483ea6d4c42462c08ca,
j01166,05_resultados\revisao_operacional\evento_adiantado_corrigido_v1\j01166.mat,9e2c0e596923e68f24bbb622c8611b5c2570a40324408ceba1fd7c321eb75532,05_resultados\revisao_operacional\campanha_v1\j01166.mat
j01167,05_resultados\revisao_operacional\campanha_v1\j01167.mat,42f92a380610e840b107a82be9c3c1c3086b9511da71daa10abe5b1c2d215399,
j01168,05_resultados\revisao_operacional\campanha_v1\j01168.mat,6dc57f144e826b5493b84f3acd1a919178d8b6fc85baf6d1f1bf19b4317733ad,
j01169,05_resultados\revisao_operacional\campanha_v1\j01169.mat,2666c8708801bec28351b7ef00189d29f8185c1fefc379e9c386e55d487a93dd,
j01170,05_resultados\revisao_operacional\campanha_v1\j01170.mat,a9410b9317127967bb14e7f0da7e5a43f2459ccf840c32dd0cbb6a74fd44e18b,
j01171,05_resultados\revisao_operacional\evento_adiantado_corrigido_v1\j01171.mat,2ffc99e2c15ba4a4faf8cf4a6ffa744ff4603b5887258a62c1712d81c64eba79,05_resultados\revisao_operacional\campanha_v1\j01171.mat
j01172,05_resultados\revisao_operacional\campanha_v1\j01172.mat,b4441357c7ae605881f48f98a9c358de29e24f12297bc4b45010b7d8f2729386,
j01173,05_resultados\revisao_operacional\campanha_v1\j01173.mat,7a5ee1baa0f51e2d60b97ba0c6dc476ae807488ac723fc4f2cd8c8f5cb8f13d8,
j01174,05_resultados\revisao_operacional\campanha_v1\j01174.mat,6d0e45c8a9485ec4467ac9bbd0cb4f96e8d0e9f7feb6eb2c951e4a18741fd7db,
j01175,05_resultados\revisao_operacional\campanha_v1\j01175.mat,d570c5fc449e089626fa56b5ceca2e612a66eb19129f091420989ebf61a7b8f9,
j01176,05_resultados\revisao_operacional\evento_adiantado_corrigido_v1\j01176.mat,f9daa4e5a3dacf266e0e28173d95a9cefb425ebc076e3ae086ecb3b5babac16d,05_resultados\revisao_operacional\campanha_v1\j01176.mat
j01177,05_resultados\revisao_operacional\campanha_v1\j01177.mat,877ca8fb7c5e6f0f929a126f0380e135eef01f8a7ff46815d6f1f458b0a4d96c,
j01178,05_resultados\revisao_operacional\campanha_v1\j01178.mat,24abdf58590e6ddb833c317ecbb9cea1f55f9b8f842f870a2818f26bea6c618d,
j01179,05_resultados\revisao_operacional\campanha_v1\j01179.mat,08cb5a8e30966e66b8b12194cae3805f8fdc2f514c9b04f4c5715b8d8ed11615,
j01180,05_resultados\revisao_operacional\campanha_v1\j01180.mat,dc0dcf9f75856c69478255c4d460a6ea8bf1b530f16d09fcf2d792e0e4af7039,
j01181,05_resultados\revisao_operacional\evento_adiantado_corrigido_v1\j01181.mat,e6daa517498d9c544c6966cea56d8b9343a8a10c23d8d85d7cb6d74cdc5daf8c,05_resultados\revisao_operacional\campanha_v1\j01181.mat
j01182,05_resultados\revisao_operacional\campanha_v1\j01182.mat,cedf5878407c676daee93f7ee19d76cbffe07e649d1fe2341dcceb1232c0597b,
j01183,05_resultados\revisao_operacional\campanha_v1\j01183.mat,1185b3e3b1a5adcb84f6c549ecbc6bfb6ad1bbadbe84da253bec4e81d6840b14,
j01184,05_resultados\revisao_operacional\campanha_v1\j01184.mat,9e61c790d6dffdf5d1743f65919fe4ca0b2f63f263e3ff39143fa77cf06955d7,
j01185,05_resultados\revisao_operacional\campanha_v1\j01185.mat,00f50771ee5ce5f9ac0ee6d97323e06e0f14e4710e00331258e6c2e38d3f7973,
j01186,05_resultados\revisao_operacional\evento_adiantado_corrigido_v1\j01186.mat,2d6af29380d19dbbd930e04270420c71ecbccc36bf082819d38cafcde1c87bc7,05_resultados\revisao_operacional\campanha_v1\j01186.mat
j01187,05_resultados\revisao_operacional\campanha_v1\j01187.mat,37471bb15a9971d67a9be80658d5d6e71cf30d5f02181c7c253fd867d5e7df8b,
j01188,05_resultados\revisao_operacional\campanha_v1\j01188.mat,49c1b014e636a3f9cb708da43d8005eb94aa4a2fac394ffa41c320f765ef3af9,
j01189,05_resultados\revisao_operacional\campanha_v1\j01189.mat,e530922d954157d5e43e4c40a4f75cb3d1ba60f65bec85d0a87595f9f4919331,
j01190,05_resultados\revisao_operacional\campanha_v1\j01190.mat,d9eaa1914ccda2cf3c6929681ac37217c1851f049838fe0c87328e66961b0c9a,
j01191,05_resultados\revisao_operacional\evento_adiantado_corrigido_v1\j01191.mat,9efea9bf6113505367311aaff6a6b62df84885fd09e1a5ad1d02b7ce053dd56f,05_resultados\revisao_operacional\campanha_v1\j01191.mat
j01192,05_resultados\revisao_operacional\campanha_v1\j01192.mat,500341ab7a57e71a34f5bd9caf5ec40ff4258cec5a7e1ba8ba2e467b7143bea7,
j01193,05_resultados\revisao_operacional\campanha_v1\j01193.mat,5da565b0e97dcf353ba3d78e1ddfba69332b5fdf86389f41533a01bbc9067885,
j01194,05_resultados\revisao_operacional\campanha_v1\j01194.mat,666f23dd82a2b5f387b5484dfd90b32bd39c218f7a026adb21448d6697363bfd,
j01195,05_resultados\revisao_operacional\campanha_v1\j01195.mat,1b1dae550f68d2ccf2beb52d778de7319fcbfe8501a33c03474049c921033cfa,
j01196,05_resultados\revisao_operacional\evento_adiantado_corrigido_v1\j01196.mat,2c0606eeb67dc8b4cdcd8172eeef1e9131073f5a4b3ff1c15d8e451ed4197590,05_resultados\revisao_operacional\campanha_v1\j01196.mat
j01197,05_resultados\revisao_operacional\campanha_v1\j01197.mat,59a47f94c1a0da408891959221d9b28eddc6144bb48713c33e122f848e0baef9,
j01198,05_resultados\revisao_operacional\campanha_v1\j01198.mat,f5bb6008f43d3b900608c3dc39322b9a9d5deafe3da506f8f3ae55d0a0db2bfd,
j01199,05_resultados\revisao_operacional\campanha_v1\j01199.mat,5c203188aae37be6627d8684bae8bf9f29f236e7eefa42aca6f9096dfe527b80,
j01200,05_resultados\revisao_operacional\campanha_v1\j01200.mat,39f09af64fcf25562a900761060b07832f2aa7f6167e562187bf147a82748c91,
j01201,05_resultados\revisao_operacional\evento_adiantado_corrigido_v1\j01201.mat,342e2a417a514488d8428dba3e57bafc65a17bb8b137b1ed8e0c30df066d86ce,05_resultados\revisao_operacional\campanha_v1\j01201.mat
j01202,05_resultados\revisao_operacional\campanha_v1\j01202.mat,db17c4e8ef10be7c16f36059d0060cf7098fe160480afd461aec773102c876be,
j01203,05_resultados\revisao_operacional\campanha_v1\j01203.mat,1f7052887dfaccf3f376e02a72f41f6ea5087634d2592f2c1d2074d889a4e155,
j01204,05_resultados\revisao_operacional\campanha_v1\j01204.mat,b055f0c7fe0f1cf0097699ff61be1938e64095678b5b4b20b4970f91a6304974,
j01205,05_resultados\revisao_operacional\campanha_v1\j01205.mat,874fb8abddb55d5b09734c7ffbc3e4dd55d75fcfd0e07c8048253ad1322ec932,
j01206,05_resultados\revisao_operacional\evento_adiantado_corrigido_v1\j01206.mat,0c8614551885cb3ffd819e8520047682e40a413179498e473ef414c081b0d54d,05_resultados\revisao_operacional\campanha_v1\j01206.mat
j01207,05_resultados\revisao_operacional\campanha_v1\j01207.mat,42d38c1c5a353c53d1477149095e27421fef248eacf04ff706e3bad38622b9ff,
j01208,05_resultados\revisao_operacional\campanha_v1\j01208.mat,c722ebc4dad9f736bd59f2ca36cab1bb2a0cf4e014dd17ef851ee201e9da1f97,
j01209,05_resultados\revisao_operacional\campanha_v1\j01209.mat,77e1db7e8dcfe2ed51d65acf5fbcb78b2f0d4952b5708b0fb420c3ce5cfe4a9b,
j01210,05_resultados\revisao_operacional\campanha_v1\j01210.mat,ec11afe1885f7b1968daf6596399a189cb0e890bcf858857e718a7a4ebc6ee2c,
j01211,05_resultados\revisao_operacional\evento_adiantado_corrigido_v1\j01211.mat,2cd7de71c20cd038414035fb9170d4a64123328db6d5c79ffff7aa7153cef7b8,05_resultados\revisao_operacional\campanha_v1\j01211.mat
j01212,05_resultados\revisao_operacional\campanha_v1\j01212.mat,11fbff8f1e5e6e2c53e6ceabad1dca861ec8c8af1fc72f0050f2dae976c126f5,
j01213,05_resultados\revisao_operacional\campanha_v1\j01213.mat,26601ba8892be646a6ffefb4eab5e6d5c89aca664b44a2c5549e971b0065a38d,
j01214,05_resultados\revisao_operacional\campanha_v1\j01214.mat,71661153047595eb22d0789cc0eafb9bcc932ae759673c838118a97d5c5242bf,
j01215,05_resultados\revisao_operacional\campanha_v1\j01215.mat,e2de966c26e1a5d46059264821961fc325c0ef52e3e6fd221a755c653805042e,
j01216,05_resultados\revisao_operacional\evento_adiantado_corrigido_v1\j01216.mat,6c70d363f89f39667710f7ee397cf6d1d909bd972a84bc8408b96547a21dcdef,05_resultados\revisao_operacional\campanha_v1\j01216.mat
j01217,05_resultados\revisao_operacional\campanha_v1\j01217.mat,8311ed492bfe9c2d0f310874b1105146025343f345ba558767a62652afac8eb1,
j01218,05_resultados\revisao_operacional\campanha_v1\j01218.mat,711b3e94316e31c9a7fe1759528d9f425782d055bd099e629c73bac00485a6fe,
j01219,05_resultados\revisao_operacional\campanha_v1\j01219.mat,2428cb6ebfb6d00e3cd8c6c646909624aa08b64d4139833bbee44f5f1be2e584,
j01220,05_resultados\revisao_operacional\campanha_v1\j01220.mat,bfbb6098faa18523a221a12fb9431412dfbcb9c3eb97826d74cf8157e8e7fb1e,
j01221,05_resultados\revisao_operacional\evento_adiantado_corrigido_v1\j01221.mat,4c543c7560b1867bf6a96b833a890c9a06147ac31e8d19dd1c57c16b4bbd4c12,05_resultados\revisao_operacional\campanha_v1\j01221.mat
j01222,05_resultados\revisao_operacional\campanha_v1\j01222.mat,48e5f715cba974edf035744b228572bdd0fe3458ecd40ba59c3523e1a87ba909,
j01223,05_resultados\revisao_operacional\campanha_v1\j01223.mat,e80034945d7706abd5d042b8876f238667b247e3f4f5d57122258167cff3a698,
j01224,05_resultados\revisao_operacional\campanha_v1\j01224.mat,660c1620440262410f5f2b1696f6043bb0c215d8bd3bde76e8d77c84b5b1d372,
j01225,05_resultados\revisao_operacional\campanha_v1\j01225.mat,911a66203d932ec9b862095dfe64312db12d66544b423f16d9342636b4571e99,
j01226,05_resultados\revisao_operacional\evento_adiantado_corrigido_v1\j01226.mat,6617eda5263be5e9459fb8e5468258588ebb74d1cf51af0a6ff1f615bd8cb3b3,05_resultados\revisao_operacional\campanha_v1\j01226.mat
j01227,05_resultados\revisao_operacional\campanha_v1\j01227.mat,8f012b93e7ae6618f2334cf073e7e761041dc8368562c31427aa165a565bdebc,
j01228,05_resultados\revisao_operacional\campanha_v1\j01228.mat,f43e0e94d892fcedae15089b62b19cead21e1725a57dfc254e44f35bdc736d23,
j01229,05_resultados\revisao_operacional\campanha_v1\j01229.mat,2e16663f3f3beca6bfa654339882e33f53b6599b81efcd3d891538ad8acdd3e4,
j01230,05_resultados\revisao_operacional\campanha_v1\j01230.mat,8dbbf255a8b61da1cac5e40b5dd3dd65256d9f9f4783ccb273e99cfdcf82d418,
j01231,05_resultados\revisao_operacional\evento_adiantado_corrigido_v1\j01231.mat,aad3c15e3e912355b85d6474d59ca4407927e4ee7a50cd6cc8172d8e3b288cc3,05_resultados\revisao_operacional\campanha_v1\j01231.mat
j01232,05_resultados\revisao_operacional\campanha_v1\j01232.mat,6533a6b782b1f1f99d6217bae0facc0094cbbd8f4ae143dc58d60f80c7155998,
j01233,05_resultados\revisao_operacional\campanha_v1\j01233.mat,a7022174c026c06efb3f5ff627b8596a8534cbaabaae79a85370a903e450c8e0,
j01234,05_resultados\revisao_operacional\campanha_v1\j01234.mat,0e281f34a2fb9ab7a090ca8496511499f4c956fd4d26714a35700c127119a176,
j01235,05_resultados\revisao_operacional\campanha_v1\j01235.mat,5f6ba44e3685df182dc2e73497c8a56fba9c588e15b446a9dc8d7c9d2d939e76,
j01236,05_resultados\revisao_operacional\evento_adiantado_corrigido_v1\j01236.mat,190135e48fac2a2bea2dd636c69763952c427820693abfb2415c9f281bf5a295,05_resultados\revisao_operacional\campanha_v1\j01236.mat
j01237,05_resultados\revisao_operacional\campanha_v1\j01237.mat,7901ec33abaace78935bb4c8ea913c5350312bed226b645878be0d136b1a6867,
j01238,05_resultados\revisao_operacional\campanha_v1\j01238.mat,52757165fda6071eea3e5eb0962fc3d39cf87301c5dbc6a38ba29db8b3fe4ef8,
j01239,05_resultados\revisao_operacional\campanha_v1\j01239.mat,2014642e715494264c67f10f48ac56716a7dee73cb5bcb38c41bd6b25373bc3b,
j01240,05_resultados\revisao_operacional\campanha_v1\j01240.mat,4f229d971ccbdd9a191aaa1f69af34153bba5384cbe563bbb79f65fce94a48c8,
j01241,05_resultados\revisao_operacional\evento_adiantado_corrigido_v1\j01241.mat,d8019c5380cac74992c975000fac49f312a6e28474fa95c741d2d1ef25a53cb4,05_resultados\revisao_operacional\campanha_v1\j01241.mat
j01242,05_resultados\revisao_operacional\campanha_v1\j01242.mat,5fa49cdb39a09dd6d58b4af1939550c786c357ad4fe0db66a1e784a0700e9494,
j01243,05_resultados\revisao_operacional\campanha_v1\j01243.mat,70ea761f70627a595e196c43f94fd6d35a9fdcbc691cde93cd33d97eda1127a9,
j01244,05_resultados\revisao_operacional\campanha_v1\j01244.mat,41cff04fb7269c4c40cfdcf56db9a5929d6a5d96d30ecb7c97a1714c51f9120e,
j01245,05_resultados\revisao_operacional\campanha_v1\j01245.mat,02c46d9ef990501b57ba6c77c8239f57cdeeb7b469222536ac875edf3c5b6945,
j01246,05_resultados\revisao_operacional\evento_adiantado_corrigido_v1\j01246.mat,4b17aa1fa10ce3edc04c97e79f2a2ddab9de06357659adcd45a876ec519d3955,05_resultados\revisao_operacional\campanha_v1\j01246.mat
j01247,05_resultados\revisao_operacional\campanha_v1\j01247.mat,510c550fbb9884794ca9b5640c1730021bc6fc5a130b736f6a6d3c815f68d3d5,
j01248,05_resultados\revisao_operacional\campanha_v1\j01248.mat,7b8101e4c2a8a5d103f33c7f19ec676d419df7810974242905d2b31451b4c774,
j01249,05_resultados\revisao_operacional\campanha_v1\j01249.mat,0160501230aad0617e09d6cbdac1ae68ebe185785d569e8cee4d5ee47e3c7215,
j01250,05_resultados\revisao_operacional\campanha_v1\j01250.mat,f38bde5899189d89d2165cf827cb918403d175adac915689546675737c8afdbf,
j01251,05_resultados\revisao_operacional\evento_adiantado_corrigido_v1\j01251.mat,f836c124665d2773cfb38751aef200dc824ef15ddee3c6743edce87fff197286,05_resultados\revisao_operacional\campanha_v1\j01251.mat
j01252,05_resultados\revisao_operacional\campanha_v1\j01252.mat,f7a47fd6d1e9e070aa73fa74e550125e53f8d52dc4bb844bbde5a6a49c3b8da1,
j01253,05_resultados\revisao_operacional\campanha_v1\j01253.mat,9058cb47a481c49cbf91d0620c6faee06b1ade2b5c3cc1359d36be15b223e84b,
j01254,05_resultados\revisao_operacional\campanha_v1\j01254.mat,c63a11b7481f5d684c801ecb5612158541e1809e91ebff05b502931820422616,
j01255,05_resultados\revisao_operacional\campanha_v1\j01255.mat,dd7076cb6b638815ed040bddb6679ef56b0e6954d8c180af2691c56e240efb85,
j01256,05_resultados\revisao_operacional\evento_adiantado_corrigido_v1\j01256.mat,1b58358e2420287a99d4eff9d8b47dd3df846575acec01651933873af7a4616c,05_resultados\revisao_operacional\campanha_v1\j01256.mat
j01257,05_resultados\revisao_operacional\campanha_v1\j01257.mat,b2c3dfbd6afa8cade97fd2d405b32d230d31dce5f9000d2b9f970dcac533767e,
j01258,05_resultados\revisao_operacional\campanha_v1\j01258.mat,44fd85cdaee873e8252a56a358195aaff30686dbec1c102a688fdccca83236ef,
j01259,05_resultados\revisao_operacional\campanha_v1\j01259.mat,fff3bf7cc6b21e2181dcc4e2703a062f457f18ac4b2babe94afd09f23a17eab5,
j01260,05_resultados\revisao_operacional\campanha_v1\j01260.mat,cb7fdded128067abf194d52d0e3c831b93b07741dcc56bd97904e559ba72d629,
j01261,05_resultados\revisao_operacional\evento_adiantado_corrigido_v1\j01261.mat,2039562166ca38998e6726d57dd36ca6c9681090c98cd44ab3db16687d2febc5,05_resultados\revisao_operacional\campanha_v1\j01261.mat
j01262,05_resultados\revisao_operacional\campanha_v1\j01262.mat,5f9e097ff183d80c8cfacc0736debf5a5982f8b76ed5c68f7ad2c2c270837d1e,
j01263,05_resultados\revisao_operacional\campanha_v1\j01263.mat,83f49234793d6bcd54353af4a176ccf99db8ec7378f6126f855a046722b73198,
j01264,05_resultados\revisao_operacional\campanha_v1\j01264.mat,9fd5412d0f43a59a1bb64c0dbe23518cdfffa186a772ebbdaf95428a4ad6b014,
j01265,05_resultados\revisao_operacional\campanha_v1\j01265.mat,fe0b6cf5e2e6cbb554e141b3a7517165b9acb1135159cbc32a828adaecd043aa,
j01266,05_resultados\revisao_operacional\evento_adiantado_corrigido_v1\j01266.mat,77c165c1958cd0eeb5e5764794f8b40c626cc04511e02ca98c0e1c5d8b00471d,05_resultados\revisao_operacional\campanha_v1\j01266.mat
j01267,05_resultados\revisao_operacional\campanha_v1\j01267.mat,a945b27b2aba3f89b6a4dd77fe4d49c0fd86df6a38e6dee6946b1f5a3a75580d,
j01268,05_resultados\revisao_operacional\campanha_v1\j01268.mat,55af9a9303725650264f7769ca6fe122c78f2a4ceb02da93b84137f55830df0c,
j01269,05_resultados\revisao_operacional\campanha_v1\j01269.mat,ebb63d8c76dc3cf22b43189a1cc30dfeb2d0a2483021a695a8e2ed0030aa71ec,
j01270,05_resultados\revisao_operacional\campanha_v1\j01270.mat,9ecbb9f5e197c2cc66ba6ac0209b65f11ff01ac8e3a806437593695165ddbf06,
j01271,05_resultados\revisao_operacional\evento_adiantado_corrigido_v1\j01271.mat,8665d2e0cc8da69af1a93c3f5f4d4d72b0df3326fba6b849beb0c6986a10ca19,05_resultados\revisao_operacional\campanha_v1\j01271.mat
j01272,05_resultados\revisao_operacional\campanha_v1\j01272.mat,b90d91762a343d990ec722825992b3aca4d8c593167d5a347ccf848b4a0a1eaf,
j01273,05_resultados\revisao_operacional\campanha_v1\j01273.mat,57c7b38b3150c5f3f582e6db368abbb56409a9621f99eeb4929a48410110407c,
j01274,05_resultados\revisao_operacional\campanha_v1\j01274.mat,a6d400ba4efa5b29be501620ba637154e4828b8c19485760f78a914b52e36d2e,
j01275,05_resultados\revisao_operacional\campanha_v1\j01275.mat,0549251b2fd3c689bbd966e52c2721746e554ae6f2d718f20beda2d5881299a9,
j01276,05_resultados\revisao_operacional\evento_adiantado_corrigido_v1\j01276.mat,5b96c4318b37403f865251e913ee4859f0384e136c1b50f05ba28115bb9acc6a,05_resultados\revisao_operacional\campanha_v1\j01276.mat
j01277,05_resultados\revisao_operacional\campanha_v1\j01277.mat,7c510a1d312a4aec6479113643afab3a3e430a3368f3c95f6f2b9f7e373a6cb5,
j01278,05_resultados\revisao_operacional\campanha_v1\j01278.mat,8e1aafc0c3ebd573a84eede68dd97c88047f4f969a3494012d1212c209a434a3,
j01279,05_resultados\revisao_operacional\campanha_v1\j01279.mat,e859385571f092016b70dbd43b78d4b9417df9b8fa4cd004ab23dc2239bc1525,
j01280,05_resultados\revisao_operacional\campanha_v1\j01280.mat,5ee8b5e15812e75a767689e6779e28dc5d6e2393ce27b497023927fbb7435f1a,
j01281,05_resultados\revisao_operacional\evento_adiantado_corrigido_v1\j01281.mat,a9216f180c6fa1addfb98f78d507bd37001b4a1af9571b160eb75ed3777358d9,05_resultados\revisao_operacional\campanha_v1\j01281.mat
j01282,05_resultados\revisao_operacional\campanha_v1\j01282.mat,d99ca9bf934c64c62eb18a1617d7349bbae8072f872249f610a8b6dcb17d6516,
j01283,05_resultados\revisao_operacional\campanha_v1\j01283.mat,079aab76b55d660a7018a82f41a2d52b1e98eda5a4913d6ac8ac8ed30f99a0dc,
j01284,05_resultados\revisao_operacional\campanha_v1\j01284.mat,e5355b106d6c9b7cad059262bf231ae2404b12c62154f9f52478113fed63eff3,
j01285,05_resultados\revisao_operacional\campanha_v1\j01285.mat,3f2c3e74d490faa5d6a96dd1975a8373f0e7f2324768359f97ceae65ba38d48b,
j01286,05_resultados\revisao_operacional\evento_adiantado_corrigido_v1\j01286.mat,527237ae159313ebf4a94529afaa4691d0cfa39afb1afb0177bb9f6c4043b6da,05_resultados\revisao_operacional\campanha_v1\j01286.mat
j01287,05_resultados\revisao_operacional\campanha_v1\j01287.mat,73be676a7fbd4f5ce468b4ce8aa7ce8dffa826aaf7e0f0c6be27f8110cfcb937,
j01288,05_resultados\revisao_operacional\campanha_v1\j01288.mat,632d2243929d879d3ef6694aed75a8c4f7cb75db1a022d781fe11fd716a5d3b6,
j01289,05_resultados\revisao_operacional\campanha_v1\j01289.mat,ea5b31ec55eb4f61e9c58e7bb97a9f7c5faa9d70057382c24744a63f1b845b1e,
j01290,05_resultados\revisao_operacional\campanha_v1\j01290.mat,edd17585f4ed2831de58da5dbc02f419a5b28f7d5dee353db9ea229052922bf8,
j01291,05_resultados\revisao_operacional\evento_adiantado_corrigido_v1\j01291.mat,22fa00202246145ce9c1f3fc7737452cf74a42a1d611a09ee40be3ac861079a7,05_resultados\revisao_operacional\campanha_v1\j01291.mat
j01292,05_resultados\revisao_operacional\campanha_v1\j01292.mat,469b90104d025c658073c34940466b7ed01356ccdfb6d1ed4b0f3b070d32ed44,
j01293,05_resultados\revisao_operacional\campanha_v1\j01293.mat,bef6e11a9843616eb621f018ce467192c2fdc75a96c8db345d0346d4351f4bfd,
j01294,05_resultados\revisao_operacional\campanha_v1\j01294.mat,e04afd2cae7f7375cb73ff58daa3630c6a2db81c06af42fcbabd25b689569551,
j01295,05_resultados\revisao_operacional\campanha_v1\j01295.mat,cb9607e7fef6da3be3c6319d072c70e245ca0b4de9e85bd89599f5f63e199c1b,
j01296,05_resultados\revisao_operacional\evento_adiantado_corrigido_v1\j01296.mat,5e43d8baef685ac288e3837e6ab96b42b16cfaaf52234d4e3a0d4bc3d4fdd247,05_resultados\revisao_operacional\campanha_v1\j01296.mat
j01297,05_resultados\revisao_operacional\campanha_v1\j01297.mat,bf1a05656ec88abbdca4653b6687648ca91c676b27e20d5351a5eec0633f5777,
j01298,05_resultados\revisao_operacional\campanha_v1\j01298.mat,f90e6cfbdbc0539faaa4a62eaf5e63b0d1a34f296554943b292c74a60018e536,
j01299,05_resultados\revisao_operacional\campanha_v1\j01299.mat,7a3d69119c2e360acf0b49d09cbadc9326b45697d41d41be60d9cadf242aca5e,
j01300,05_resultados\revisao_operacional\campanha_v1\j01300.mat,f37a77bb4d7e1b18c65d41178b202262c50d98c5b1dce0b63fb242b1e298c80b,
j01301,05_resultados\revisao_operacional\evento_adiantado_corrigido_v1\j01301.mat,f826f24c2645c9868f2de75cc0bbfd737195b85033b7815585f30c7b9346a80e,05_resultados\revisao_operacional\campanha_v1\j01301.mat
j01302,05_resultados\revisao_operacional\campanha_v1\j01302.mat,d7f4b47b2fbec75fdab89704e54eac9f2a08d6a7ac5ff017747cec99cab9071b,
j01303,05_resultados\revisao_operacional\campanha_v1\j01303.mat,4b6002ba0efd07e088f8849dc06f6644f0656c930eefd2f2a8f0ee7239303a33,
j01304,05_resultados\revisao_operacional\campanha_v1\j01304.mat,13456350d9a4ab3977689de4154464b61f224e891d37c99d2e560be8646abc8b,
j01305,05_resultados\revisao_operacional\campanha_v1\j01305.mat,6788c9c69ff555d34b555769ab43801334ee73495a2acaf1876874fb17160d39,
j01306,05_resultados\revisao_operacional\evento_adiantado_corrigido_v1\j01306.mat,7ff6dde8467d412c59639e89fec605b2a4098ca0e55da31c479fc7538d859909,05_resultados\revisao_operacional\campanha_v1\j01306.mat
j01307,05_resultados\revisao_operacional\campanha_v1\j01307.mat,3486c3b625150fa0373aa5a7f3396a248c9d7cf77e4ff4a4a0ea6c9591e98d89,
j01308,05_resultados\revisao_operacional\campanha_v1\j01308.mat,7495306c47051a3f40e8a3f49d082d9a46eb126cc681f4ffc96bcc3644166d18,
j01309,05_resultados\revisao_operacional\campanha_v1\j01309.mat,cafc9ba9bb7c2c9c48c6b81192a1bac1b7da17eca142f725a9aa58742d2748a3,
j01310,05_resultados\revisao_operacional\campanha_v1\j01310.mat,b2a205146391909c7982409d68fc1467252e6ae64a952ec3368ec6e4b4c0fce3,
j01311,05_resultados\revisao_operacional\evento_adiantado_corrigido_v1\j01311.mat,751f45e494d9c1a66ee0aae5c8fad92df6378c39b9da90ef1d7b8c951727efe5,05_resultados\revisao_operacional\campanha_v1\j01311.mat
j01312,05_resultados\revisao_operacional\campanha_v1\j01312.mat,82b69f6dff90fd76ecd9a88edc0a223bad93b655a5f4f9b635a0663149ae51f5,
j01313,05_resultados\revisao_operacional\campanha_v1\j01313.mat,e99f51cbd12b52c0c04b243213de165dcf47c3d1d0de1df4575a83372d87e22c,
j01314,05_resultados\revisao_operacional\campanha_v1\j01314.mat,e3cb6b1278f77864b954b42038714b085800d97ec7a17b062f7362feaf212bb1,
j01315,05_resultados\revisao_operacional\campanha_v1\j01315.mat,a059becd97f016f6cb9dc4018118b0d17bfc38f434c5692062636f225df56e28,
j01316,05_resultados\revisao_operacional\evento_adiantado_corrigido_v1\j01316.mat,2bc5cbd802e3393b320a622f858db0cd25ec9e27e570a12ee1560942c3244d15,05_resultados\revisao_operacional\campanha_v1\j01316.mat
j01317,05_resultados\revisao_operacional\campanha_v1\j01317.mat,58d9acc5396ca7b96421209e1c05a466099178b1b9fb84adaa4a1071a99bfc16,
j01318,05_resultados\revisao_operacional\campanha_v1\j01318.mat,a31d78c4ee5804a347366c6e061babf1f1b70666cd32257c1fc8cc6addd8e856,
j01319,05_resultados\revisao_operacional\campanha_v1\j01319.mat,4708cbe8f8c414fd40755bbdd3a9d087ea814a86cd5068c57b7d5164bb8f639c,
j01320,05_resultados\revisao_operacional\campanha_v1\j01320.mat,0d273cf25f2a7d7f0ab12667f0650c46195d8507bd2a5d1a185ac8319ef3847c,
j01321,05_resultados\revisao_operacional\evento_adiantado_corrigido_v1\j01321.mat,5056a53de2794bf793de362e7ff2e54df0f614e588bede79656b43f9ef6b67ea,05_resultados\revisao_operacional\campanha_v1\j01321.mat
j01322,05_resultados\revisao_operacional\campanha_v1\j01322.mat,3db4a2ad83750936a87c0f5dd1b9db0d987fd7e58687495ecf119c87e0589703,
j01323,05_resultados\revisao_operacional\campanha_v1\j01323.mat,af3a76b6355767aa3c5fcb9756cf5d5433198df4a2bd111ce51834d7ebff1f9e,
j01324,05_resultados\revisao_operacional\campanha_v1\j01324.mat,d64ccc43c437c9f1af0fbe691c92f3b0be76497f10494a98325f606d4a0e3edf,
j01325,05_resultados\revisao_operacional\campanha_v1\j01325.mat,12ab0779718224678e54c89040d848dcf06bb7fb788878260feda649733a2280,
j01326,05_resultados\revisao_operacional\evento_adiantado_corrigido_v1\j01326.mat,fd88f9a0bd488ddf480b33da167fb3940f8d2cee4849912f1ff7b70569133363,05_resultados\revisao_operacional\campanha_v1\j01326.mat
j01327,05_resultados\revisao_operacional\campanha_v1\j01327.mat,10f38a5f81ec67019708ffdadcf5066e8f064f746e0b39a2f58d61a051f5f809,
j01328,05_resultados\revisao_operacional\campanha_v1\j01328.mat,25b52eb7440d86e77b3f38b30f887fd88c01869e6599208ee49ea6d95e99c481,
j01329,05_resultados\revisao_operacional\campanha_v1\j01329.mat,211e9ad9654421b8530443865326114bedb67508ab3c0beede8d774b234f1459,
j01330,05_resultados\revisao_operacional\campanha_v1\j01330.mat,5d3165a94e58c7bff056ee92031d7f5db9e6922867030079e6c76a0056553627,
j01331,05_resultados\revisao_operacional\evento_adiantado_corrigido_v1\j01331.mat,fa423ce9107238cd8efbfc75cce367b6e721472d3acb892861653bce603a164c,05_resultados\revisao_operacional\campanha_v1\j01331.mat
j01332,05_resultados\revisao_operacional\campanha_v1\j01332.mat,138e9ad3fb63e49c3b4d29e935385514b1ca401faa655be241e8a10508efb962,
j01333,05_resultados\revisao_operacional\campanha_v1\j01333.mat,e4600fff83be2a5b93f4ffd5f151571ab7a447ec19b0c9e9d0730d690f44b5d7,
j01334,05_resultados\revisao_operacional\campanha_v1\j01334.mat,1b2759126c50d6f3fe582ed2b767074a591db5c8e309f5bd834f1c04023a0907,
j01335,05_resultados\revisao_operacional\campanha_v1\j01335.mat,735af5f8b9c3784e27d53bf0f8c59ea8cae9522cf388af064a707ce734aa79cb,
j01336,05_resultados\revisao_operacional\evento_adiantado_corrigido_v1\j01336.mat,a92b62fe72197971e4250a2507fb1858fe35afa9cf53fe65842bace92f930d06,05_resultados\revisao_operacional\campanha_v1\j01336.mat
j01337,05_resultados\revisao_operacional\campanha_v1\j01337.mat,5b904fd3650739e565e6fe60352173b3f4ed45fdb4c6be98855193d5f7bba32a,
j01338,05_resultados\revisao_operacional\campanha_v1\j01338.mat,7c684ef920a58cf6b09eb081584253d8fec847bcf76c4f307c62f0258dd5fceb,
j01339,05_resultados\revisao_operacional\campanha_v1\j01339.mat,96e2affaee42b52803f5265c6e96c844a5a59afc7b878e4a3c62c784e9cbddfa,
j01340,05_resultados\revisao_operacional\campanha_v1\j01340.mat,7a3d93791fe9923c552672a56cd79117b9d6ae03e1a0a375202d40257d256b3b,
j01341,05_resultados\revisao_operacional\evento_adiantado_corrigido_v1\j01341.mat,ef784d2992898c94784476794862ae123c1715ca55075064abc17a502bfa5ddc,05_resultados\revisao_operacional\campanha_v1\j01341.mat
j01342,05_resultados\revisao_operacional\campanha_v1\j01342.mat,d14a92e559e9db658790f3272b715089433ba5fb3f89e164c5e9e7a633c2ac02,
j01343,05_resultados\revisao_operacional\campanha_v1\j01343.mat,34a2015a0ffbd7d9f610d3b85b5eeb9504494a1cc5659b74030910bdd98ed0b7,
j01344,05_resultados\revisao_operacional\campanha_v1\j01344.mat,8c55c2cd30f5461c50ee714c80ff71fb85b54c1883215a94cf73ce54484dd551,
j01345,05_resultados\revisao_operacional\campanha_v1\j01345.mat,bf308cd9af5aec5e163a314356531b671881082bef3ea09af80122cb142a6b87,
j01346,05_resultados\revisao_operacional\evento_adiantado_corrigido_v1\j01346.mat,e3d39b76954811aeef01d0fa2e3b33dca23ed3c3b2d15b774b760abf1e289f1f,05_resultados\revisao_operacional\campanha_v1\j01346.mat
j01347,05_resultados\revisao_operacional\campanha_v1\j01347.mat,b91c77e4ae35c1a728f1081e65bb4a4697f2dd9180fc9e788ffb005babc6c18b,
j01348,05_resultados\revisao_operacional\campanha_v1\j01348.mat,1eaf6a83825d2911a946997668b976895ab393b01429e0d25a0d4870d2e9adcb,
j01349,05_resultados\revisao_operacional\campanha_v1\j01349.mat,cc3344d7532540d66c22cbec78cd4c4df0f2da463660d86a514d765f5ac5d692,
j01350,05_resultados\revisao_operacional\campanha_v1\j01350.mat,d02d2a6ff32dbb8f3814169000dffded600bd81c2d6ccfa770fe3d9315aaa749,
j01351,05_resultados\revisao_operacional\evento_adiantado_corrigido_v1\j01351.mat,a44a73cabc884b365b056be50bee64de218f0a37003c8ab0a8cae76b4b44c9a2,05_resultados\revisao_operacional\campanha_v1\j01351.mat
j01352,05_resultados\revisao_operacional\campanha_v1\j01352.mat,3988d1db87de472b30781153ebe58532e94ff9b15772c6035c3608e908a6de73,
j01353,05_resultados\revisao_operacional\campanha_v1\j01353.mat,74453798777ac333be1b5f2375ddd5245ff5ff937b1dc690e4de93a96dd208f4,
j01354,05_resultados\revisao_operacional\campanha_v1\j01354.mat,a0ff8cdcf81eac13cc642f00272b47a38f93f80e4e162284225b845e41beae39,
j01355,05_resultados\revisao_operacional\campanha_v1\j01355.mat,d133e6ff6029dbe1f1ece9fb8964588f31714d0cf5b537d8d0f5cf0de6f8506d,
j01356,05_resultados\revisao_operacional\evento_adiantado_corrigido_v1\j01356.mat,0f6262c88a8a23f7f267c854b7db472472da579dc09d9fe2e93db0e907b393dd,05_resultados\revisao_operacional\campanha_v1\j01356.mat
j01357,05_resultados\revisao_operacional\campanha_v1\j01357.mat,61a84d190274d58eadf36eded1cdfbcc7f7f6f19ca3b83fb0964020a2e34a8e6,
j01358,05_resultados\revisao_operacional\campanha_v1\j01358.mat,36bc6def67144ded759db4ea4c9df234e6d8a4168b6d9130c731b737a2bacce1,
j01359,05_resultados\revisao_operacional\campanha_v1\j01359.mat,1e57a8e28858a65912f965bad56ab1e23138cee634954f52a615c76799f93f39,
j01360,05_resultados\revisao_operacional\campanha_v1\j01360.mat,2c1e3cde711fa1624a87945d96b3164e4c1886f30af77335d775680dcbeac2d3,
j01361,05_resultados\revisao_operacional\evento_adiantado_corrigido_v1\j01361.mat,9cfae19b90d8de7432a763761df19bf39061cbe2d6075d868a652c5505a755c1,05_resultados\revisao_operacional\campanha_v1\j01361.mat
j01362,05_resultados\revisao_operacional\campanha_v1\j01362.mat,12c7cdd8dd8dc7d134367900aa8fb753de8cc1f9a8a93b8c0f37e3f8b5d42303,
j01363,05_resultados\revisao_operacional\campanha_v1\j01363.mat,2d7e7c30e531c8f1c4bfd75615c6899a496ced65e90f57e3b2dd01aa1dc123c6,
j01364,05_resultados\revisao_operacional\campanha_v1\j01364.mat,ef3d3672399fadb34c4f6c0c9fdab8f65ad01e40010049c5594146940bd7a76a,
j01365,05_resultados\revisao_operacional\campanha_v1\j01365.mat,35eb3134e4d306feb6d1d94555234239af3f9547bb23c6a2d43beae1c81ae2cd,
j01366,05_resultados\revisao_operacional\evento_adiantado_corrigido_v1\j01366.mat,83714ce32cf000a391eff25a82a1f46f198706eb8dd2888ac79ca588c90102cb,05_resultados\revisao_operacional\campanha_v1\j01366.mat
j01367,05_resultados\revisao_operacional\campanha_v1\j01367.mat,31f5df5814b9a284bdcc6bf84798c60e702035e434106f8d35932f7774ff04fc,
j01368,05_resultados\revisao_operacional\campanha_v1\j01368.mat,86b5ee7fed99b80bc81b030e36e65d2014c1e200bb27ba6b092817f145f6fb2e,
j01369,05_resultados\revisao_operacional\campanha_v1\j01369.mat,2e65be11bc2b4843070d3645283c04c344100bebe96018092e92268d8db8152e,
j01370,05_resultados\revisao_operacional\campanha_v1\j01370.mat,7f9c1c32ed35e9e230a3836a6b20690df08227ca25482a8dc0000cb4a6636be0,
j01371,05_resultados\revisao_operacional\evento_adiantado_corrigido_v1\j01371.mat,24c1ee9fd6a8cf9e02a70251a49e2295519d7f618c74dae656a0050565f09c6d,05_resultados\revisao_operacional\campanha_v1\j01371.mat
j01372,05_resultados\revisao_operacional\campanha_v1\j01372.mat,5fd66592e5ca3056d9fd81f9f7c69f64c282b420829fe9deaa5bd4d7cb7a49fd,
j01373,05_resultados\revisao_operacional\campanha_v1\j01373.mat,3d8627c3ddc024896f645c2ef99f2add4cbb03f855d54d794670642391b332fd,
j01374,05_resultados\revisao_operacional\campanha_v1\j01374.mat,4391394d559f3df098d9f459a30994886506837fedc76c9cb2b378fad05028ab,
j01375,05_resultados\revisao_operacional\campanha_v1\j01375.mat,8ce386a921fac01f276ba3350e76b0f0df82119fc2641762f416d28012f433b1,
j01376,05_resultados\revisao_operacional\evento_adiantado_corrigido_v1\j01376.mat,bfac9acfd03095063a3fbfd8afc5d361ece09e4236902709e4fb26d2d32a1fdd,05_resultados\revisao_operacional\campanha_v1\j01376.mat
j01377,05_resultados\revisao_operacional\campanha_v1\j01377.mat,c20011451f5836ed630ae972a1a223649f0dec236450f597713825b70b08f3af,
j01378,05_resultados\revisao_operacional\campanha_v1\j01378.mat,b1539b386344b0239326584f154e523616fbaee4a3fa474eed5cad821918dd13,
j01379,05_resultados\revisao_operacional\campanha_v1\j01379.mat,ddc62a88bae68aa5162902375f84d326785b90d00e15914e55ea33ff110ecbb4,
j01380,05_resultados\revisao_operacional\campanha_v1\j01380.mat,fbb9a37f18722804d597375eecd70340b96262055e5325793d9994d2f6593838,
j01381,05_resultados\revisao_operacional\evento_adiantado_corrigido_v1\j01381.mat,b7aa16f70937607618ef3babf252bb1c6ce1e364a2c2f9b60fe33168e5e63b8d,05_resultados\revisao_operacional\campanha_v1\j01381.mat
j01382,05_resultados\revisao_operacional\campanha_v1\j01382.mat,945c73ac6a7911e2f2bea08ad4b57aaeb26bfc0863eb238a164c3d5a4b4e7a0d,
j01383,05_resultados\revisao_operacional\campanha_v1\j01383.mat,3854343ebdd5c60770f492dc14278c9cb7279e85359ef026faa7c12d03b9e8c3,
j01384,05_resultados\revisao_operacional\campanha_v1\j01384.mat,7963d08db93f66f7c74efe18a7a88af8c1fa1f21ba8c601dad3ab798d048a4d0,
j01385,05_resultados\revisao_operacional\campanha_v1\j01385.mat,7f2817aeeb6906f7dbcfeb1f01f23fa3f8ca395b7c1570794ac4366bd34f0e31,
j01386,05_resultados\revisao_operacional\evento_adiantado_corrigido_v1\j01386.mat,966d2438d65da340379b0b9aad6ab308d5364ffc2c59c48881032335bc8f5417,05_resultados\revisao_operacional\campanha_v1\j01386.mat
j01387,05_resultados\revisao_operacional\campanha_v1\j01387.mat,0b29eda13f7e9931be5e92e9e3df157210af8cebc923bdb7734c0c60a3957551,
j01388,05_resultados\revisao_operacional\campanha_v1\j01388.mat,c10df34359d13150c1faa6d8d1c6d3f18374ba035b0d270bf8e20a88de023ee7,
j01389,05_resultados\revisao_operacional\campanha_v1\j01389.mat,45dc1dd5d5b98ae2cb167bb6e1f91ea856f4f5e162f2ab59e3fd549e2d0e084c,
j01390,05_resultados\revisao_operacional\campanha_v1\j01390.mat,ab358afde959b26096bda19ddb91af4093d23313c8fefca6dedebd12a4b43804,
j01391,05_resultados\revisao_operacional\evento_adiantado_corrigido_v1\j01391.mat,dbc5e60da4f930dbe305eead37811e1be878db82b04509dacd4f58e96947a72c,05_resultados\revisao_operacional\campanha_v1\j01391.mat
j01392,05_resultados\revisao_operacional\campanha_v1\j01392.mat,31f420501684a88d6016543df3abb6a6af20e1df139d94ff400e712b6d73c4fb,
j01393,05_resultados\revisao_operacional\campanha_v1\j01393.mat,c823b0c219247fa33588541b91eff75f2d8f9701d54f0b94bb1fa6fdbe851c06,
j01394,05_resultados\revisao_operacional\campanha_v1\j01394.mat,e452566e9714c55152a7253ed89da1be4a610ad67e996cc1608f9784944b8ab7,
j01395,05_resultados\revisao_operacional\campanha_v1\j01395.mat,7b15b96ba7cb42bade5cf99f55a4b1a906682980df426f62ac6f98dbc4a66629,
j01396,05_resultados\revisao_operacional\evento_adiantado_corrigido_v1\j01396.mat,589c5c01e0cb331e749b8b461039f6c23e98b5cb57c31dd63ade1f212117a64e,05_resultados\revisao_operacional\campanha_v1\j01396.mat
j01397,05_resultados\revisao_operacional\campanha_v1\j01397.mat,44ebe7439c6b748e93eaacd77ca4a5d44526ab0e28b5da89ca8be434d7d464df,
j01398,05_resultados\revisao_operacional\campanha_v1\j01398.mat,ed5c0a5d5e2fe799b5ecc4698eeb6bf3bcc7ad20fb90d54cfa96297168f740bf,
j01399,05_resultados\revisao_operacional\campanha_v1\j01399.mat,08f1ab8ca1f36748b12d13778cbd49c53a9df7ba52f84e499074fa4a51df69de,
j01400,05_resultados\revisao_operacional\campanha_v1\j01400.mat,4d52b1f46a4ff66f040209a97e41817156d4c0471089e9160141d5a162ea0786,
j01401,05_resultados\revisao_operacional\evento_adiantado_corrigido_v1\j01401.mat,96d43e90044c4d45ce5c87e7e4df3587f03b9a5d243b0337fef91bd52ec67818,05_resultados\revisao_operacional\campanha_v1\j01401.mat
j01402,05_resultados\revisao_operacional\campanha_v1\j01402.mat,3423c820849a277496eea5aa25585434f21e4ee6d4215834d951fd2cdf6e1651,
j01403,05_resultados\revisao_operacional\campanha_v1\j01403.mat,dfcfeea82b0b105c8cd9232e8e701a223b116a19eeb7d32c994a1e2dd2220243,
j01404,05_resultados\revisao_operacional\campanha_v1\j01404.mat,b40dd871233856111cf80894c9a89ef975efd80a9c9c716b8fa2e59f77ba9370,
j01405,05_resultados\revisao_operacional\campanha_v1\j01405.mat,d9b920fd1ad93cabadfb7778e64ff2cf195ded0984c28a5c372bc323e9a2967e,
j01406,05_resultados\revisao_operacional\evento_adiantado_corrigido_v1\j01406.mat,fa21eb73ba6dc5045546b51375a778f322515fb4d80cd9f513d93116409eab7f,05_resultados\revisao_operacional\campanha_v1\j01406.mat
j01407,05_resultados\revisao_operacional\campanha_v1\j01407.mat,9dbabda19761e9aebb101f2f035f133d03eb9cf4b46abbf6da3b18bacc0d4a8b,
j01408,05_resultados\revisao_operacional\campanha_v1\j01408.mat,22bfed147d808cb3729a65f82891014c7e435f4f605eca5db6bf924eb5f31895,
j01409,05_resultados\revisao_operacional\campanha_v1\j01409.mat,7f9e30695e71d3307477a2dc3919cb25194c04aa3f6dfc0b951cf1a9088c7210,
j01410,05_resultados\revisao_operacional\campanha_v1\j01410.mat,2b18561ad1ac386df0da1e84bad94ac6b2eb9f05dbed353076dd3b80df4ca00d,
j01411,05_resultados\revisao_operacional\evento_adiantado_corrigido_v1\j01411.mat,518cec6936aa875060b9c6282d83038350b17d2b2d31e8b170528888cad0a8fe,05_resultados\revisao_operacional\campanha_v1\j01411.mat
j01412,05_resultados\revisao_operacional\campanha_v1\j01412.mat,a1653348d1a44c50f40abb57eb8f6bd38db3d6d325d43ffbdd5c228175a70dca,
j01413,05_resultados\revisao_operacional\campanha_v1\j01413.mat,4195464e6ec039a1efdccff04ad96a3bdd9af40bbc03746894fbde2b6f877222,
j01414,05_resultados\revisao_operacional\campanha_v1\j01414.mat,7f5421043e60b5be635692927eee54689dbda1f88a59757d398c63b67eba82fb,
j01415,05_resultados\revisao_operacional\campanha_v1\j01415.mat,3601bdd4310694f68f5b521bf2d071e49c34415356f6a9c5b915e5eb6682d51b,
j01416,05_resultados\revisao_operacional\evento_adiantado_corrigido_v1\j01416.mat,3d6be599a51a758bb044091a4c8282c5f9f59a3e7e39d149ff9e6ffccb9251c5,05_resultados\revisao_operacional\campanha_v1\j01416.mat
j01417,05_resultados\revisao_operacional\campanha_v1\j01417.mat,fd62bd666d87e716a967764fd3e26025ecc434446aed89e88c8eac3aec81a544,
j01418,05_resultados\revisao_operacional\campanha_v1\j01418.mat,5957a198caad57946a4ea055da07759e6a2209ea340c78073913ceeb790fc88e,
j01419,05_resultados\revisao_operacional\campanha_v1\j01419.mat,596ddfb73ea17f2d00ade2613fe94e4a9ec6a8ef08a73ae10eb7a9daa206934e,
j01420,05_resultados\revisao_operacional\campanha_v1\j01420.mat,742d76130ca736280fe112232b9c2e550ff0af8ddf547071904abf80ddbe3711,
j01421,05_resultados\revisao_operacional\evento_adiantado_corrigido_v1\j01421.mat,c839cddb57055109a8406818b6cc223b42f0d546a02092fa50d412ecdf2cfe3b,05_resultados\revisao_operacional\campanha_v1\j01421.mat
j01422,05_resultados\revisao_operacional\campanha_v1\j01422.mat,c71edd7abe875044087e1126f7fb8ef2bac47b6345313d87f5e3eda45a491bba,
j01423,05_resultados\revisao_operacional\campanha_v1\j01423.mat,534ca9226b9aed59530200ce2328b16cd6adf0d597e69842d8bf4a5be451de46,
j01424,05_resultados\revisao_operacional\campanha_v1\j01424.mat,90b6a244a2ac97a08d471e0461c7a78361fa1811fc4eeb23063a99f528a70f84,
j01425,05_resultados\revisao_operacional\campanha_v1\j01425.mat,85ee5910caefb0d193ed7144275014750f9cc0f0da11b81adebe9292d020e994,
j01426,05_resultados\revisao_operacional\evento_adiantado_corrigido_v1\j01426.mat,55d13ee801f76b22a438905da35bb8cf59700a90f29f3fe266cf369899fc9d0d,05_resultados\revisao_operacional\campanha_v1\j01426.mat
j01427,05_resultados\revisao_operacional\campanha_v1\j01427.mat,144ca52fec4042293cb843f7d315dd04db8571596a9351348c139fd11cf15e22,
j01428,05_resultados\revisao_operacional\campanha_v1\j01428.mat,5dccc08ed846db3eb111acf47c9a2071d71d72b74ff83661227aaa9a327e88f2,
j01429,05_resultados\revisao_operacional\campanha_v1\j01429.mat,6042e46879faf8e613a677890260ac1abfb51dfad57aec32649241a9ec5641c1,
j01430,05_resultados\revisao_operacional\campanha_v1\j01430.mat,70cc15187a6648ed358a290912c56a35ebb504c4248d02af2ac393488d3ae52b,
j01431,05_resultados\revisao_operacional\evento_adiantado_corrigido_v1\j01431.mat,a620de33aa0284c97c96410676b8a262d90f7ade54d2aefbcb75b98f8f32baa0,05_resultados\revisao_operacional\campanha_v1\j01431.mat
j01432,05_resultados\revisao_operacional\campanha_v1\j01432.mat,b11475daaa0b92a0748c50369a0e120d930bf0d66925da913c4e4ec48db86558,
j01433,05_resultados\revisao_operacional\campanha_v1\j01433.mat,8c67be4d5dd832135e8409a8ed63c00ba75fa17aae6a10fa44597b57da0c79a6,
j01434,05_resultados\revisao_operacional\campanha_v1\j01434.mat,8f8ac35455f74611df890c7f59760ddf474a43f2fa9d24912376c8f5b8542cdd,
j01435,05_resultados\revisao_operacional\campanha_v1\j01435.mat,00ba28650a0cb0b124ca7366100f91db6c55a907270fa7ff39dcae635d7b047f,
j01436,05_resultados\revisao_operacional\evento_adiantado_corrigido_v1\j01436.mat,7b4b9a8be3431122982359046f5218496a3fc40621641b2ef6977f183b5f4e44,05_resultados\revisao_operacional\campanha_v1\j01436.mat
j01437,05_resultados\revisao_operacional\campanha_v1\j01437.mat,39081cfec9b2b79652eee220453d8b081bd25a0d8fc096015df4ab8c484473d0,
j01438,05_resultados\revisao_operacional\campanha_v1\j01438.mat,d48f0a6d1329703272fd4e9d5d40b2fffbf2a6692e90e6b14726dbc4ff9ad083,
j01439,05_resultados\revisao_operacional\campanha_v1\j01439.mat,8dbf4bd354ab7d51b7703d0486e9d428ef845676f2aa2833d30d83b679922e17,
j01440,05_resultados\revisao_operacional\campanha_v1\j01440.mat,f6c0614ed1537ab80cc345d30451999a9a497aaad6d50c05b25f2a554fcac354,
j01441,05_resultados\revisao_operacional\evento_adiantado_corrigido_v1\j01441.mat,e059d63e5422e03fdff4becbb204f652ba679b9b6ee1c34fdec7f28dd2213441,05_resultados\revisao_operacional\campanha_v1\j01441.mat
j01442,05_resultados\revisao_operacional\campanha_v1\j01442.mat,677818acc1c43fd84afc2d9b9736d0eb78e13271b39a6b056519e15123b2ce7b,
j01443,05_resultados\revisao_operacional\campanha_v1\j01443.mat,5914993c922b721f5a6f09fe25c8d799fd0830af6c213b1875b847512d24de15,
j01444,05_resultados\revisao_operacional\campanha_v1\j01444.mat,b1b1fe318a84a24d88058e475f156d1d28eafb2a0dcd435bddee9d35e45afd86,
j01445,05_resultados\revisao_operacional\campanha_v1\j01445.mat,61ba0f5fce69e76de4541ea3d26c8c43cc4729e4950ec5edd52ddece2e62086d,
j01446,05_resultados\revisao_operacional\evento_adiantado_corrigido_v1\j01446.mat,42206db33318ccdc0f2a9a1f7bb6d28748a113da28044a0f113ee50528ccfca8,05_resultados\revisao_operacional\campanha_v1\j01446.mat
j01447,05_resultados\revisao_operacional\campanha_v1\j01447.mat,b8ea5a18681ba04f0e1d8a3617a2844377d6d5c46b2b71cca4e662f62e4bdfc5,
j01448,05_resultados\revisao_operacional\campanha_v1\j01448.mat,5ac66cf9dd856f716d8fa5ae6dd71f26cf25cc2645409f6bf6cb34c925d64b82,
j01449,05_resultados\revisao_operacional\campanha_v1\j01449.mat,0fb743b560b7e81f36226c9c0f1561affce95e0069578ba1416260332d6023fb,
j01450,05_resultados\revisao_operacional\campanha_v1\j01450.mat,0e78d8b8d6c929a5d2c13a392d18118d5c989507308f18a61c1ec8dac078c139,
j01451,05_resultados\revisao_operacional\evento_adiantado_corrigido_v1\j01451.mat,15ce6fd4c7a63f25e49558f8cfc266a6f5c0e0e9e7a0d4089d08665ed285a458,05_resultados\revisao_operacional\campanha_v1\j01451.mat
j01452,05_resultados\revisao_operacional\campanha_v1\j01452.mat,88ff00bdde0f1b699983a0be5f5e803ad4de78dd7c86c62ebd073dc5392a8fe8,
j01453,05_resultados\revisao_operacional\campanha_v1\j01453.mat,42a6e3df1e71f026d016bf44b4b671cd8d6919dac0b41264f23e822e01dae862,
j01454,05_resultados\revisao_operacional\campanha_v1\j01454.mat,5a86bd3b8a9652b22faa155f99f8fe1286c0ca8fb17635fc3d743c0333c3cdd8,
j01455,05_resultados\revisao_operacional\campanha_v1\j01455.mat,495b48c5c4e2a09fa0bdcbf5b7ae4430a83ae75c836204b080842b1dad400458,
j01456,05_resultados\revisao_operacional\evento_adiantado_corrigido_v1\j01456.mat,d5040ac730a028903f680b5794a71423417e39e52e9b192b91d665a0ff272714,05_resultados\revisao_operacional\campanha_v1\j01456.mat
j01457,05_resultados\revisao_operacional\campanha_v1\j01457.mat,0c531cd568841570e2a25b1c821c3d5f135ddada9fe7e8893caf6d7106f2af29,
j01458,05_resultados\revisao_operacional\campanha_v1\j01458.mat,10675d08b53f5ae5470ca897345268142f17e6313b5e8bef6bc38d005471a25c,
j01459,05_resultados\revisao_operacional\campanha_v1\j01459.mat,7474b516318820b80f2ea7b0975077f2405b2cc213fa68590629763b5643458c,
j01460,05_resultados\revisao_operacional\campanha_v1\j01460.mat,a82f17e890f0ac3d491ec4e1d6883fadda0e8faa1b9c7339f9a0617600597eae,
j01461,05_resultados\revisao_operacional\evento_adiantado_corrigido_v1\j01461.mat,38593f7802d53b420a8f924d6c39de4d4216a83ca1adc55471db5086cccb4a2f,05_resultados\revisao_operacional\campanha_v1\j01461.mat
j01462,05_resultados\revisao_operacional\campanha_v1\j01462.mat,998d289030f21de2f5e94c5add8a0b5a59d0d0eb278154fdea24650ee00e1c9a,
j01463,05_resultados\revisao_operacional\campanha_v1\j01463.mat,047e1fb633f61230303c68b757a990c9f192ec1c88c8afba8c88012c1ae8a310,
j01464,05_resultados\revisao_operacional\campanha_v1\j01464.mat,b1b80a86dfa3bf3d3f86c3313288d3c9d499c3a7a451b06c61f20658e70a467a,
j01465,05_resultados\revisao_operacional\campanha_v1\j01465.mat,7c69e5996dea65fab6ee348a9526491a37fe3efc9fdcbdb34461796598ab3374,
j01466,05_resultados\revisao_operacional\evento_adiantado_corrigido_v1\j01466.mat,d88824fc82731f79f1d9b896a6ee72a745bc3d01bdf4bd3a4ef525bdc7983b33,05_resultados\revisao_operacional\campanha_v1\j01466.mat
j01467,05_resultados\revisao_operacional\campanha_v1\j01467.mat,106b770348a1889e4f3bb7424f1767341dbc1d4005af05b69bcc866a80811d8f,
j01468,05_resultados\revisao_operacional\campanha_v1\j01468.mat,83a6477ba8e0128ad85b96d8ef9818ef403c84bfdb4c3707986382b16d719a9c,
j01469,05_resultados\revisao_operacional\campanha_v1\j01469.mat,f8f7fe531520bc88224fbd4625ba2314073cbfd7b2f025395a105000407a43d7,
j01470,05_resultados\revisao_operacional\campanha_v1\j01470.mat,976e8b8869309084663d8cf698bf1863857c02d656c2a2921cf33a657c2f2fd7,
j01471,05_resultados\revisao_operacional\evento_adiantado_corrigido_v1\j01471.mat,00c5cde2ccefdfad3b3e3f7343d4b1271551e809fd2330ce0fd209665c8bb56a,05_resultados\revisao_operacional\campanha_v1\j01471.mat
j01472,05_resultados\revisao_operacional\campanha_v1\j01472.mat,4b30ab37fe242522def2254386480fcd9ac2cc4e5ebfce0b2db21242e1cfa3e8,
j01473,05_resultados\revisao_operacional\campanha_v1\j01473.mat,d3ced06b0d5ded1d301d82b583eb718509411b083efc4f26febd808fe9744b7d,
j01474,05_resultados\revisao_operacional\campanha_v1\j01474.mat,7694be8a3a48319fc778000ced8b928e64b227b7e1c2cecb40d7f17128200e1a,
j01475,05_resultados\revisao_operacional\campanha_v1\j01475.mat,a38661e08b60b3e9ae819ebd4dba11378f313dd8e8ea64b1b62c47d1d03b0ee5,
j01476,05_resultados\revisao_operacional\evento_adiantado_corrigido_v1\j01476.mat,a890f6cc8f7c9e98f157f23b17587c3cfb3624d878cbb4a17c50dff59ac6193c,05_resultados\revisao_operacional\campanha_v1\j01476.mat
j01477,05_resultados\revisao_operacional\campanha_v1\j01477.mat,0acdaaf73096bcdfe535812e0ee5b8923bc0f1d770ed846ec460cfb6bd580bdb,
j01478,05_resultados\revisao_operacional\campanha_v1\j01478.mat,3c7ea5cace9970c2e04fc0b59650d6bd72dedbdc4b94a4bffeb0a657d018796c,
j01479,05_resultados\revisao_operacional\campanha_v1\j01479.mat,10a43644e10588499cfdbe3ad3a7a5350083af0fdff5c3db5bfdb8fdb86998ac,
j01480,05_resultados\revisao_operacional\campanha_v1\j01480.mat,edf88555fcc3c69301c48c75e6a199c5060ac160a2ce4f52ac0d85e242cbbd23,
j01481,05_resultados\revisao_operacional\evento_adiantado_corrigido_v1\j01481.mat,2ef504d73f42d7c749264d8b265ef220c7323e4d631475a540399bf6bf7acf46,05_resultados\revisao_operacional\campanha_v1\j01481.mat
j01482,05_resultados\revisao_operacional\campanha_v1\j01482.mat,4b01422a12c211e7d88a28781b257dbe291ddfb5757d5027657e905dc3310d10,
j01483,05_resultados\revisao_operacional\campanha_v1\j01483.mat,0855647f195d8b6763f4270924b2b5d7f0d113ce0c5d300b3793d282066b78bf,
j01484,05_resultados\revisao_operacional\campanha_v1\j01484.mat,3730dc9ac238a80cf08deecbc10e3216004f20612c8153241d94fe22255ad3e6,
j01485,05_resultados\revisao_operacional\campanha_v1\j01485.mat,e2ca0232f5d2cb29460c3c74d3d58c014bc27b4405086d592797c7acf0b18e6d,
j01486,05_resultados\revisao_operacional\evento_adiantado_corrigido_v1\j01486.mat,d1c5b377d855208307e082c2028dedbf3f43405bec66510e7adc84c832b9cccf,05_resultados\revisao_operacional\campanha_v1\j01486.mat
j01487,05_resultados\revisao_operacional\campanha_v1\j01487.mat,56efc8383b0d404745c3321b6c3cfbe802aa9850b9b9ce98c651fc4fe4461117,
j01488,05_resultados\revisao_operacional\campanha_v1\j01488.mat,6a27ecdc455a9c8149e145e5587532a86a2991e8bf874d4ec39bc3176229422e,
j01489,05_resultados\revisao_operacional\campanha_v1\j01489.mat,fcc99c3cd87a485d2536199539a8357dddf84f5a6279207b00353256de417b9b,
j01490,05_resultados\revisao_operacional\campanha_v1\j01490.mat,243bf5d231781f12ffe65d482762cfa16ad2afa08cf5bfeae349231fd1620c16,
j01491,05_resultados\revisao_operacional\evento_adiantado_corrigido_v1\j01491.mat,59e3b7227372b5a37cbe4420c6e5bb69ffcfe7435dfd03eacaed4bdeeca65d22,05_resultados\revisao_operacional\campanha_v1\j01491.mat
j01492,05_resultados\revisao_operacional\campanha_v1\j01492.mat,0ad4eb249a3a1a644e86c3ef1ecd41adb9913233ae6e696ceaae92438568059a,
j01493,05_resultados\revisao_operacional\campanha_v1\j01493.mat,92d206a0ff6dd4da1ed2d2b7fe603f7227ee22227217a23f34b71f83b00e5f18,
j01494,05_resultados\revisao_operacional\campanha_v1\j01494.mat,97e76fc9f32a624742539495c6e7a8c981f1f5ae057e20346b4badbaafa4062c,
j01495,05_resultados\revisao_operacional\campanha_v1\j01495.mat,98cbdfde0f114603301e018a70319ffdf08274f4341eb51ebb8190a35f33788a,
j01496,05_resultados\revisao_operacional\evento_adiantado_corrigido_v1\j01496.mat,0f44747b39b10e5166291a789da8e98a54d8ab3b41e414929002198bf6176da6,05_resultados\revisao_operacional\campanha_v1\j01496.mat
j01497,05_resultados\revisao_operacional\campanha_v1\j01497.mat,fc3895c22688b04818a236404e55f1825226b485149f6ffcec58d94f7eaefaf8,
j01498,05_resultados\revisao_operacional\campanha_v1\j01498.mat,a0531febfc1e129cbea601ec67b37a3b1a9c803769c13d08af3b4171b4a9742e,
j01499,05_resultados\revisao_operacional\campanha_v1\j01499.mat,aa028cd3697aae30f42a72a63dcdce7d0f68dd91062f2aa47764c424745ca3b6,
j01500,05_resultados\revisao_operacional\campanha_v1\j01500.mat,4c76cc735f6ee14972c5650e14c199da02ed626a4300816cb8e644d00dc45fda,
j01501,05_resultados\revisao_operacional\evento_adiantado_corrigido_v1\j01501.mat,c733af496671f487305f0a5faa53e8db3d8e19f4815d730b13298bd53d1eb329,05_resultados\revisao_operacional\campanha_v1\j01501.mat
j01502,05_resultados\revisao_operacional\campanha_v1\j01502.mat,f98afd992a4864b9bcd224778d5f679c14c617dd7f93ead301fd82b442ac9b11,
j01503,05_resultados\revisao_operacional\campanha_v1\j01503.mat,d09fe922db7781e076a92b3b8e33b619ef8bacd9a54b68593b670a04ea7ebba1,
j01504,05_resultados\revisao_operacional\campanha_v1\j01504.mat,0b16e4bb12c6d6afb64b2c1695d400d2d23947e4b7b2438fe07dba71e1de4090,
j01505,05_resultados\revisao_operacional\campanha_v1\j01505.mat,da3a84766ecbf0ef3fd7cc76d2923efa72e22c30286e32048061990f4f3f5506,
j01506,05_resultados\revisao_operacional\evento_adiantado_corrigido_v1\j01506.mat,735558dd066c48b2949d4ca56b8d76afc391c5816f754184d0c1792e9a4788cc,05_resultados\revisao_operacional\campanha_v1\j01506.mat
j01507,05_resultados\revisao_operacional\campanha_v1\j01507.mat,d68a0a9ed833eda58a81fd0fa9cd1e55082c2bcaa78fcded1ed19ab4c88d61d1,
j01508,05_resultados\revisao_operacional\campanha_v1\j01508.mat,c10f0a47e31537532f57de491324bc037e0506223bcaa095e9359f2f706ccd0f,
j01509,05_resultados\revisao_operacional\campanha_v1\j01509.mat,df64cfec7487c93049ce4b22cad1949e0a694007e38155b783350a3535178841,
j01510,05_resultados\revisao_operacional\campanha_v1\j01510.mat,33dce29beef4c16a582f8462714c446889e543db911d0869b1106f9653cb0172,
j01511,05_resultados\revisao_operacional\evento_adiantado_corrigido_v1\j01511.mat,1df61ae9d2b3289579704579fed8c23b8290a883c9235dec885c141352aeec3b,05_resultados\revisao_operacional\campanha_v1\j01511.mat
j01512,05_resultados\revisao_operacional\campanha_v1\j01512.mat,253cbfe990b87edd9a3750c4182712c75b81e058f66aac2b25f461e269dc9ce2,
j01513,05_resultados\revisao_operacional\campanha_v1\j01513.mat,749079d97c8825ce856d92b4630dd7e1f22f8d1d9ad54a3d51702ae7bf247afe,
j01514,05_resultados\revisao_operacional\campanha_v1\j01514.mat,cbf21d4bcc7a3ec361728f0a26dbed7367a0a1666a0927ce15116f82023cd20e,
j01515,05_resultados\revisao_operacional\campanha_v1\j01515.mat,62bf0fbd852db2b53be80b5afc219131dff3237104d6c16d55c8931c53a127dd,
j01516,05_resultados\revisao_operacional\evento_adiantado_corrigido_v1\j01516.mat,df0b870a202286cf7392b67b2aa536e3e055b15000d701ba0e3e7fc9b516843b,05_resultados\revisao_operacional\campanha_v1\j01516.mat
j01517,05_resultados\revisao_operacional\campanha_v1\j01517.mat,2fd9492ac2e260bd34272c9e5d6c7b63e0115680b095c0ea26f9283dc6fb7dd5,
j01518,05_resultados\revisao_operacional\campanha_v1\j01518.mat,151779ca841f27b118ad6c91f8fa8c28ee6a63663abe8c935cb220fa296f5a03,
j01519,05_resultados\revisao_operacional\campanha_v1\j01519.mat,6b3b7e7defc7a9ecfacbaf45c94aea4046f530eacbc9e8001934192eae81ce82,
j01520,05_resultados\revisao_operacional\campanha_v1\j01520.mat,24d64b23c3ec21b201c4e97d3b972de3d74bc0207eefb818078858815370f277,
j01521,05_resultados\revisao_operacional\evento_adiantado_corrigido_v1\j01521.mat,a7e1937535fcfce47cec7ff93f73bc31b0e7dccd40688ae884ae5c17b5eb7bd1,05_resultados\revisao_operacional\campanha_v1\j01521.mat
j01522,05_resultados\revisao_operacional\campanha_v1\j01522.mat,3ef05988a2bf2bae153a255cdc323866d89c2887ce8f885e8d275d391cf313a2,
j01523,05_resultados\revisao_operacional\campanha_v1\j01523.mat,a89b1b24e078fef65e4249ea99739f1fab6e79c770c5016b34ac149252a198ab,
j01524,05_resultados\revisao_operacional\campanha_v1\j01524.mat,6b2e9b2ef23a7bc2307551d47cb4a4a2a9b6f5763cac34710c536bf39bcf24c6,
j01525,05_resultados\revisao_operacional\campanha_v1\j01525.mat,f05ae9e1aed76c81e06c8decc1bf07e1c3abcc91979cab620e743c8bce47a22f,
j01526,05_resultados\revisao_operacional\evento_adiantado_corrigido_v1\j01526.mat,3bc7904add00f14282d11a8450eccbe0a634519146821221b8b2a72d575cbc31,05_resultados\revisao_operacional\campanha_v1\j01526.mat
j01527,05_resultados\revisao_operacional\campanha_v1\j01527.mat,ba6d471bae958043dd102e735e9e26c335d01e8099d473bb12e713c080029d27,
j01528,05_resultados\revisao_operacional\campanha_v1\j01528.mat,500f7dee9c3a2573890740f905fd0f674e7c51d4f2f0863ffda08b13b56822cb,
j01529,05_resultados\revisao_operacional\campanha_v1\j01529.mat,9a0a3a299514fae61f9b83e7cb08e688849aaed7f775b382b51f77364be2acb8,
j01530,05_resultados\revisao_operacional\campanha_v1\j01530.mat,25c7ce4828ca2f696714ee00442d9bdc96842dccbf7759b78a209260a80d343b,
j01531,05_resultados\revisao_operacional\evento_adiantado_corrigido_v1\j01531.mat,73d81b322fa51598d046418a053e36e427fec051a25740226dd2ce985b29c54e,05_resultados\revisao_operacional\campanha_v1\j01531.mat
j01532,05_resultados\revisao_operacional\campanha_v1\j01532.mat,147262511fc93952a2590295ac48efe6e6faaefac7cd3197c98bc3c6f37eaa88,
j01533,05_resultados\revisao_operacional\campanha_v1\j01533.mat,694cf4bdbc33de4a330e2743f4761f6164731c78abbfdf4be3e86e6e7f42218b,
j01534,05_resultados\revisao_operacional\campanha_v1\j01534.mat,645a141bd02cdbcd57a4d69db7d0eec89ca9a44048e195d768f0209b47a14cd2,
j01535,05_resultados\revisao_operacional\campanha_v1\j01535.mat,4fe46b88801021ead0bfac890a2b6646acd51e5642be081347c33b2e01badfbf,
j01536,05_resultados\revisao_operacional\evento_adiantado_corrigido_v1\j01536.mat,b48702587859c042a994324623df1447ea2770763fbca0318a1e27b75436aabf,05_resultados\revisao_operacional\campanha_v1\j01536.mat
j01537,05_resultados\revisao_operacional\campanha_v1\j01537.mat,fad2a6997261a8f8c47bed0a2811d692157007c6e1ae68107aabf63987785778,
j01538,05_resultados\revisao_operacional\campanha_v1\j01538.mat,7cc923728ea0f3f92e2b3f99872948d12f3150225d997c9ab7b86879c1bda23d,
j01539,05_resultados\revisao_operacional\campanha_v1\j01539.mat,015ed61c1628bf5323fb4c02a66b724013d1074ef77a2bc5c071f94a3ab4383a,
j01540,05_resultados\revisao_operacional\campanha_v1\j01540.mat,acbd816722bbe709a5e08b87863f1c46f543ea2f4e4e90f58b92cfa16567861e,
j01541,05_resultados\revisao_operacional\evento_adiantado_corrigido_v1\j01541.mat,91e0a7cec0510f1e3d3d919444a6c68fea424216d26591f4050a0e82d2fd8994,05_resultados\revisao_operacional\campanha_v1\j01541.mat
j01542,05_resultados\revisao_operacional\campanha_v1\j01542.mat,30f9ec057f9a63520087ad0075522c0eb88caf93e20f5f7b2bbf7fd2b1c53b34,
j01543,05_resultados\revisao_operacional\campanha_v1\j01543.mat,5c53bbbab6f398c1e08e2111aa8ceff6d710c6f3cfe7c6368e80c9aa8b18be0a,
j01544,05_resultados\revisao_operacional\campanha_v1\j01544.mat,8e7ae881a978a00b0ce09070310b708c15a380cfa7e7b913624b9451b26ba0c0,
j01545,05_resultados\revisao_operacional\campanha_v1\j01545.mat,6b710fff99275a55eb44cb05a98d8220fe7356a5091e8ab2fab53dd9babf9b41,
j01546,05_resultados\revisao_operacional\evento_adiantado_corrigido_v1\j01546.mat,e371654fc4a10806a0afe59364937438debcdedb6872e4d411ea4f10bc9850f3,05_resultados\revisao_operacional\campanha_v1\j01546.mat
j01547,05_resultados\revisao_operacional\campanha_v1\j01547.mat,eccde05a5b5afee02d9341736488e16768de1c4fa34dc38b01de91bb7ed49022,
j01548,05_resultados\revisao_operacional\campanha_v1\j01548.mat,1556e8cfef6732c6a8febee5d48a05452f7e856bcd5e719ae92c6e2b50260407,
j01549,05_resultados\revisao_operacional\campanha_v1\j01549.mat,e346ca170740a590b3ab8e30c930918ed26ceb6061c6663b531ca0902b16e132,
j01550,05_resultados\revisao_operacional\campanha_v1\j01550.mat,6539a3439059e5508156c7a9dc123668c22df56f88368aa91b97c9de29813a0f,
j01551,05_resultados\revisao_operacional\evento_adiantado_corrigido_v1\j01551.mat,5552fb22d95d7d9ca8ac853df03c9e87573db5a41f13e2ca549148c0bf1bdbf9,05_resultados\revisao_operacional\campanha_v1\j01551.mat
j01552,05_resultados\revisao_operacional\campanha_v1\j01552.mat,cc433d4d4348e2244b00b9f02e1bb1eb7a9b06a683f316224ba5e0d7bc3966c0,
j01553,05_resultados\revisao_operacional\campanha_v1\j01553.mat,269bdf23bcbca1d4347b8db5d9635707f67174e45a1837460ee66c6503643ac1,
j01554,05_resultados\revisao_operacional\campanha_v1\j01554.mat,d50d3661c7ca148d3b4b4873230e9a93b3c6e296877a747cef07370e22845674,
j01555,05_resultados\revisao_operacional\campanha_v1\j01555.mat,8affd2d80457f0e5176a7b1de37fa6f087fd920358f8d9284163c33ff2d9bee7,
j01556,05_resultados\revisao_operacional\evento_adiantado_corrigido_v1\j01556.mat,8747b8f40d6e1626b4a734123a36a51f0c759303a4546a3e74d2976ce8ad4b02,05_resultados\revisao_operacional\campanha_v1\j01556.mat
j01557,05_resultados\revisao_operacional\campanha_v1\j01557.mat,6c8233910d37ea0f0685c66eed559e5a772504607ae361ef219bbfb90d719467,
j01558,05_resultados\revisao_operacional\campanha_v1\j01558.mat,4d1b8e9ac660fa72d4d241aab4d8d37e1359d8a2da4c580da3fe9494c13efc47,
j01559,05_resultados\revisao_operacional\campanha_v1\j01559.mat,b6fd6c49e4eb039fbd5ddb091b32e6dac5c6df4bd56d11144ee9bfda8190f759,
j01560,05_resultados\revisao_operacional\campanha_v1\j01560.mat,232b5eb3de15c2f6aae045d54da6c465ec73dbcf4a649129168810f3ec7889cb,
j01561,05_resultados\revisao_operacional\evento_adiantado_corrigido_v1\j01561.mat,557dece0cd02aed2e44d162daffaff14ff050bf40ac71f25b0b2710c2afd519f,05_resultados\revisao_operacional\campanha_v1\j01561.mat
j01562,05_resultados\revisao_operacional\campanha_v1\j01562.mat,4aae3fbe992969a924ade0937120eb8c5a5bf3d080ec6b7c45dab4c2a2eb6a4c,
j01563,05_resultados\revisao_operacional\campanha_v1\j01563.mat,09e11f8d586a9f9879d643aa98244db56257196182561f389681176bc32275c6,
j01564,05_resultados\revisao_operacional\campanha_v1\j01564.mat,b3707dc90c27267a2282880636adb101d72edbf07dea5381e4482e36b10109cf,
j01565,05_resultados\revisao_operacional\campanha_v1\j01565.mat,5eb67d47e44908903e7e91bacca4340de0a7cd98d6e940f8563e517b4e0106b2,
j01566,05_resultados\revisao_operacional\evento_adiantado_corrigido_v1\j01566.mat,feb4d121b5831189f50fee5ab2c4da15cf388b01ba2d22d8eceaf3dba7231cc3,05_resultados\revisao_operacional\campanha_v1\j01566.mat
j01567,05_resultados\revisao_operacional\campanha_v1\j01567.mat,d09a34bb335dcbd0160e6c19490e26f3bfd330b16c0f09ffcd0af774a0f27986,
j01568,05_resultados\revisao_operacional\campanha_v1\j01568.mat,bf82e47f89526b6fdc795720ab1cda5ecd632ac541f54a48a42a1c79ec83a951,
j01569,05_resultados\revisao_operacional\campanha_v1\j01569.mat,33df8c500fd780302bf0e72b9a0c587ce178f9d7b5d3557f0fdd80b39c7c0b33,
j01570,05_resultados\revisao_operacional\campanha_v1\j01570.mat,43a6d86c44fc3c89abf94ee525b539e75666177addd933d720b0832c685f4a5c,
j01571,05_resultados\revisao_operacional\evento_adiantado_corrigido_v1\j01571.mat,792f1c820909629a752c633c9ca55bd22e606c6cd19305a08292efe778073257,05_resultados\revisao_operacional\campanha_v1\j01571.mat
j01572,05_resultados\revisao_operacional\campanha_v1\j01572.mat,4f4cea238d0a403fc1f704bcbd1b87dbd5edc491a49a63cbcc5fafca2c0f3eaa,
j01573,05_resultados\revisao_operacional\campanha_v1\j01573.mat,cfa3be79acac99657b9822aa82ddb1d3a231ab81e081620feb91c1202f55645e,
j01574,05_resultados\revisao_operacional\campanha_v1\j01574.mat,0eaa760aa5d96705ab90bf8e143cfc6ef5e8ef18eec31a530324b83e1b1ae525,
j01575,05_resultados\revisao_operacional\campanha_v1\j01575.mat,24dfd4c0b97d574a2643951570860d870d82a44288c9c82f5a3ff312d3d9887a,
j01576,05_resultados\revisao_operacional\evento_adiantado_corrigido_v1\j01576.mat,9a6242d5f8c6a5e074273cf28c55c2fdf007ae1ff71258ec2c7ba57772b9699f,05_resultados\revisao_operacional\campanha_v1\j01576.mat
j01577,05_resultados\revisao_operacional\campanha_v1\j01577.mat,a3a70f7714d12edc9c937841d1a14f5ba2f377111c303043b42cfa06a67166d3,
j01578,05_resultados\revisao_operacional\campanha_v1\j01578.mat,655463d5871d3f5d94e5b7744cb134890278719c52e09f8b73f000744f6159b0,
j01579,05_resultados\revisao_operacional\campanha_v1\j01579.mat,10033e244ce25ab1be6e8e44ca8213383eb8d2b9c0bc8df61e29508ab95a3b58,
j01580,05_resultados\revisao_operacional\campanha_v1\j01580.mat,0498f5ad15698d44e88ec85354eedcc0d627817e4f425618a24a7febea09d27b,
j01581,05_resultados\revisao_operacional\evento_adiantado_corrigido_v1\j01581.mat,a451e47f410b8bc8a638986c1004f8741dfe4ecade288bb78af41ef0d84ced39,05_resultados\revisao_operacional\campanha_v1\j01581.mat
j01582,05_resultados\revisao_operacional\campanha_v1\j01582.mat,7365e9f812f15abdfd9564981637aaf6b82d60763e2fcd16ef7a54f9b3c8999b,
j01583,05_resultados\revisao_operacional\campanha_v1\j01583.mat,f1eda23eb78dc9c4e60e0118e4e5b7f0b4b0798570dc0996a10ecb0886b230d4,
j01584,05_resultados\revisao_operacional\campanha_v1\j01584.mat,4dc17a2093b42a742e187dd09ee5dc68a93cd5239968f0686082766819eb5108,
j01585,05_resultados\revisao_operacional\campanha_v1\j01585.mat,66fbbb6404bb6d3869fff009871d2d618f48f1e0096d9f4eb83d1eff01be4400,
j01586,05_resultados\revisao_operacional\evento_adiantado_corrigido_v1\j01586.mat,cb4669f83a3efebd7a55fc9036d32b7a5ff2c92b30fbbd161050d40c3c7f0bb5,05_resultados\revisao_operacional\campanha_v1\j01586.mat
j01587,05_resultados\revisao_operacional\campanha_v1\j01587.mat,2066cb383cb119eb85e416a5ddb3b5dfc04d0f34d630debe45c9316653ad9d20,
j01588,05_resultados\revisao_operacional\campanha_v1\j01588.mat,6523a533cfb2d8f86b5c3c9653d7d5db86c2628e40bf35bec5e6fe1dfead52ea,
j01589,05_resultados\revisao_operacional\campanha_v1\j01589.mat,10a8efcf9616c0486ac366191392d9d089f148f00ee63857142bc80f9bf4dd17,
j01590,05_resultados\revisao_operacional\campanha_v1\j01590.mat,953ed58ff213020c7fed0332af89aa74af3609927d1bd459292fdf69c4c37db2,
j01591,05_resultados\revisao_operacional\evento_adiantado_corrigido_v1\j01591.mat,4870c4cd656a615d175c5dad42ccd7d4de7d9a78d4b035339f3b0e03460c68c0,05_resultados\revisao_operacional\campanha_v1\j01591.mat
j01592,05_resultados\revisao_operacional\campanha_v1\j01592.mat,22dfba5f2229929b6d78a9e54383b05ccb6a9a4a980f31c1b53e55043cc29e2e,
j01593,05_resultados\revisao_operacional\campanha_v1\j01593.mat,9384662810efa104a84ee636a22d2740fe08fb3d71d0010d03fe71f5fd27cdea,
j01594,05_resultados\revisao_operacional\campanha_v1\j01594.mat,dae031bde9948fb34badec17899fbe9404c2ee4dd58fd093492b8e5af21b34b5,
j01595,05_resultados\revisao_operacional\campanha_v1\j01595.mat,3ce68649008b3f4a6cf2ee260fdce5525c5daa2c20ac0fcf1ee874e17f33d581,
j01596,05_resultados\revisao_operacional\evento_adiantado_corrigido_v1\j01596.mat,0f842113f1bf2d4c9399c770a9c0d29c61a7c582a0922e926eb0e4c80b85af6e,05_resultados\revisao_operacional\campanha_v1\j01596.mat
j01597,05_resultados\revisao_operacional\campanha_v1\j01597.mat,2e67b5917cdac8bf60b761b16c84164939f6fb3a21f9c7bdd41116ac610e46e2,
j01598,05_resultados\revisao_operacional\campanha_v1\j01598.mat,91c59fa65bd15ff9c7b1f2653c8f1312a4aad3bd71afc59d77ae6b9beff7e183,
j01599,05_resultados\revisao_operacional\campanha_v1\j01599.mat,133af0df438b4078025f422f11abae9e16d4482db56f0b1ea127eaa7d281dd1a,
j01600,05_resultados\revisao_operacional\campanha_v1\j01600.mat,50c4e95b3742ab3e63e1eb80c59fd58e7096864b8e45cff1794f36355032a620,
j01601,05_resultados\revisao_operacional\evento_adiantado_corrigido_v1\j01601.mat,c2c9e2be276990166387fe22517ea7c08b0415541b2638b6068d8957659a7fdf,05_resultados\revisao_operacional\campanha_v1\j01601.mat
j01602,05_resultados\revisao_operacional\campanha_v1\j01602.mat,851d69919ac174a249e00a7c9ffdce0d95a09ebe100029315c72a6f21fb29e9c,
j01603,05_resultados\revisao_operacional\campanha_v1\j01603.mat,facdb5d9ce4606f6b3ae449f141bb787514215744443b1ca5d9491e42a293173,
j01604,05_resultados\revisao_operacional\campanha_v1\j01604.mat,c6f2df348062e2098cbfaff269d944d607645b317f685689d7482fd73197e6c5,
j01605,05_resultados\revisao_operacional\campanha_v1\j01605.mat,e174bd22e4a1f1d4ec10f0f77d02a03143564ff3340269b7781e9040f8f52b27,
j01606,05_resultados\revisao_operacional\evento_adiantado_corrigido_v1\j01606.mat,a271145cdc2938dfbf66d29dc40919d7ad73051533cb2c510868281a8a28e257,05_resultados\revisao_operacional\campanha_v1\j01606.mat
j01607,05_resultados\revisao_operacional\campanha_v1\j01607.mat,9476f3b0818210cbc14cdb335d387cc2a61c5df33896740fae77d5a21c526b7c,
j01608,05_resultados\revisao_operacional\campanha_v1\j01608.mat,d31a7e82e7a964dc5f89cb7fc10b647dedc7c8060cb59e57a6ee63cc8d44475a,
j01609,05_resultados\revisao_operacional\campanha_v1\j01609.mat,d877cb1ef216e7306bccf2ec5027bb6360a85e91c075d97a0f7caa4a532bc6e4,
j01610,05_resultados\revisao_operacional\campanha_v1\j01610.mat,9859abc5a1049814683281e70b97f31ae02da06d58ce9ec5f7819586363e574a,
j01611,05_resultados\revisao_operacional\evento_adiantado_corrigido_v1\j01611.mat,fe651d633f7baa7f1732adc851d8f7cfaf904abf9aa54a7295718dca65d12115,05_resultados\revisao_operacional\campanha_v1\j01611.mat
j01612,05_resultados\revisao_operacional\campanha_v1\j01612.mat,ec3993b3f15d881cac5dcfda70d7a109fede223952682ffc905eb7f44f33c2ae,
j01613,05_resultados\revisao_operacional\campanha_v1\j01613.mat,8464a8cb3c8b66b48e46b07c77cc6d0fda0f0eced0fb389e22c43f00937dd574,
j01614,05_resultados\revisao_operacional\campanha_v1\j01614.mat,40942121e3c7ad2b36019637d13a6922ee8ede6f81edbb5937ad8a6dda16451e,
j01615,05_resultados\revisao_operacional\campanha_v1\j01615.mat,d448742d3b152888efb0fdfd8362f1347b3bf2a2294105187cc9849d35c33561,
j01616,05_resultados\revisao_operacional\evento_adiantado_corrigido_v1\j01616.mat,769ee09f700a9677dfa33fb5809b13231c67e1b1f502f25e271040d52315c4f1,05_resultados\revisao_operacional\campanha_v1\j01616.mat
j01617,05_resultados\revisao_operacional\campanha_v1\j01617.mat,0f54b38e353ab24544e0d103ffb369a1baac2c0c3713273c27a268f75c128ce7,
j01618,05_resultados\revisao_operacional\campanha_v1\j01618.mat,2b5885bd2069965dec79f76d0be04a28455710f5cdc9afac9905e3a0f7cbd2e7,
j01619,05_resultados\revisao_operacional\campanha_v1\j01619.mat,113480001ddaaac8f6a43fe143b7828ba0f3d17a398f51d6856c138a8703e518,
j01620,05_resultados\revisao_operacional\campanha_v1\j01620.mat,3f3926f13dadd82d2dd17805c9743c060549398a4926b35fe9dc35f16ce71a33,
j01621,05_resultados\revisao_operacional\evento_adiantado_corrigido_v1\j01621.mat,1caa484cf6d997f17f5a039785797e741455a1700bd940120d4f247211bb3b81,05_resultados\revisao_operacional\campanha_v1\j01621.mat
j01622,05_resultados\revisao_operacional\campanha_v1\j01622.mat,ff8951a93c418628acdd238a1ad4a12a3308085524cc3b372fae8038695d6de4,
j01623,05_resultados\revisao_operacional\campanha_v1\j01623.mat,79ae88e33b2b870ae32cbde6c1a27b6bb7f49dad181fb69a63ebf4afbd780fe7,
j01624,05_resultados\revisao_operacional\campanha_v1\j01624.mat,2ac3c89bb18a60c283a8d4174524461591e8cdbcf54c50a510948234b1c125bb,
j01625,05_resultados\revisao_operacional\campanha_v1\j01625.mat,94ab0e02d0eca1f47422c4fb0c3bae50db5547e5b7977761eb4ec06e06d7a6e1,
j01626,05_resultados\revisao_operacional\evento_adiantado_corrigido_v1\j01626.mat,32953ba964210db91ea0f2446f9454ea38848ffdb49934259a26c45dcf2de471,05_resultados\revisao_operacional\campanha_v1\j01626.mat
j01627,05_resultados\revisao_operacional\campanha_v1\j01627.mat,a3847d09740f76676c6496762639833c104549236dd85fc4e009b4ccd72ed46f,
j01628,05_resultados\revisao_operacional\campanha_v1\j01628.mat,de00588b586a849679d6c8529ce875355fcd475c9415d2518287010c24ed9f11,
j01629,05_resultados\revisao_operacional\campanha_v1\j01629.mat,a3bd77b948ab158b0955323e10202e95830971c0cd089163120c895f8b9c223d,
j01630,05_resultados\revisao_operacional\campanha_v1\j01630.mat,8f864a46fa4189006103cb95de462430ce28cec312c5589ceb58a7f8baf22ebb,
j01631,05_resultados\revisao_operacional\evento_adiantado_corrigido_v1\j01631.mat,835101737ddf0375fd7f179cffb447f61a16573627429dc7f74107c5b737fe53,05_resultados\revisao_operacional\campanha_v1\j01631.mat
j01632,05_resultados\revisao_operacional\campanha_v1\j01632.mat,b157e7a953a4e37a975a5548fe48b835a95cfbaa730e6d62bc0717084845e94a,
j01633,05_resultados\revisao_operacional\campanha_v1\j01633.mat,56b8c34317a388d0ef6e85a67bc9518c24ed63ce0b6b8d1dcf4ad3636847299b,
j01634,05_resultados\revisao_operacional\campanha_v1\j01634.mat,7d9c1253a25cec2f2bf22e8c8f77eb641f5f7dfae7caacc4853bb516e2e5859c,
j01635,05_resultados\revisao_operacional\campanha_v1\j01635.mat,df01bb9ddf7f69d9eb5f2b5ddf7978320134f78e3b3812420147a9412135ba0a,
j01636,05_resultados\revisao_operacional\evento_adiantado_corrigido_v1\j01636.mat,31744f576fd507d79f3eb9b878e6ebc760ce85eff2e45d8b28e1e9750e280968,05_resultados\revisao_operacional\campanha_v1\j01636.mat
j01637,05_resultados\revisao_operacional\campanha_v1\j01637.mat,24c09b83abacaf728b6735454345b8100156e4f563ec69cc45e13daf03ccc4af,
j01638,05_resultados\revisao_operacional\campanha_v1\j01638.mat,a380a797728edc845bd44413f8632196fdcbd012e155917286c74bad435dcb9a,
j01639,05_resultados\revisao_operacional\campanha_v1\j01639.mat,21ba3db916e3aeffd5dfeef924d3a854bd77ff26227ce297b1b68d2e723ed31b,
j01640,05_resultados\revisao_operacional\campanha_v1\j01640.mat,39eb6d16fa49be24f1182a37a36b9a42694a26bc79cfd19e2b0af8cd1068ad3f,
j01641,05_resultados\revisao_operacional\evento_adiantado_corrigido_v1\j01641.mat,4cf27b21c983cd8bb88a7eac89d311747132323db83128e4f7437d521b6a976a,05_resultados\revisao_operacional\campanha_v1\j01641.mat
j01642,05_resultados\revisao_operacional\campanha_v1\j01642.mat,12b6df7d888438d618dc4c9f3843b7bdd64e53a3b0646f91209b71fdaccc90ce,
j01643,05_resultados\revisao_operacional\campanha_v1\j01643.mat,cbafef167e4872e784bef2c0f1e179cb48fba548baca1f3f303cfb24a84696f7,
j01644,05_resultados\revisao_operacional\campanha_v1\j01644.mat,1638523d9bc02850d3deb4f8ffd9ff6d86d92db3135b251dad1932ecc984cfbb,
j01645,05_resultados\revisao_operacional\campanha_v1\j01645.mat,4d32d5ad740fb2d5c9fed7704ec0fcaf35a67b56ac1a4360cb785438af3f0518,
j01646,05_resultados\revisao_operacional\evento_adiantado_corrigido_v1\j01646.mat,03292ed006c2b9e771b314953087b87478f7b91040537f72640575c269562c36,05_resultados\revisao_operacional\campanha_v1\j01646.mat
j01647,05_resultados\revisao_operacional\campanha_v1\j01647.mat,caff0de8d9132a9485c41e611e305f3080209948f313c28e238f39290864ea64,
j01648,05_resultados\revisao_operacional\campanha_v1\j01648.mat,47bfe2146119dd2f81e60ded58eb51566348719b49cc6769ab6316a8f2d0014c,
j01649,05_resultados\revisao_operacional\campanha_v1\j01649.mat,2894b91075cbf40ad263262663b95344dbf5604763bb561f3e4d481ac0f140fb,
j01650,05_resultados\revisao_operacional\campanha_v1\j01650.mat,db2f1d267f67a93f5e83f9df6170ab5114d0659d053e49474b8270fa82d49aff,
j01651,05_resultados\revisao_operacional\evento_adiantado_corrigido_v1\j01651.mat,b0db3549c85b3e50160976be46900a27b59b908e7b536de15e04dc745e192731,05_resultados\revisao_operacional\campanha_v1\j01651.mat
j01652,05_resultados\revisao_operacional\campanha_v1\j01652.mat,1e7d8a00387f64de21fcb6dd9e6ebe8410e110ff02279c6758b4eb484dbbd3b5,
j01653,05_resultados\revisao_operacional\campanha_v1\j01653.mat,016f51b6b7eaa929bfcbcd6f7eacd330659d0eed080ecf2f1c3ca1512a1e462e,
j01654,05_resultados\revisao_operacional\campanha_v1\j01654.mat,c3a864867ab0dda4da3029a4ed3a66107b56d1e215d5926bc47738b92f63a9cb,
j01655,05_resultados\revisao_operacional\campanha_v1\j01655.mat,bb264986917462adbb70b7393486767f688cf52f61c27eb0f0e7886dd1e3c9f2,
j01656,05_resultados\revisao_operacional\evento_adiantado_corrigido_v1\j01656.mat,b11a20c2eb933ed80e85f1bae68c640d4f6169e8ee1fe3d4e967461bd521f59d,05_resultados\revisao_operacional\campanha_v1\j01656.mat
j01657,05_resultados\revisao_operacional\campanha_v1\j01657.mat,34efb3148d54ee7230af1e32b7e5f784bd64dc4ff8177ee5bfe9c507a0c2f9a4,
j01658,05_resultados\revisao_operacional\campanha_v1\j01658.mat,d74a1f9c5ea0faaf5cc49c7cdc1b100730a1592da1eea08eda01a6321ba9b212,
j01659,05_resultados\revisao_operacional\campanha_v1\j01659.mat,34bac53726f91ca9b84305641bc5c74100b989408b591c9bd9a150ec3b3295ec,
j01660,05_resultados\revisao_operacional\campanha_v1\j01660.mat,5a640f8f51be5e4db326b1ef11e07df1ccf49639ecd4f4ee9e4eeeaed65ff665,
j01661,05_resultados\revisao_operacional\evento_adiantado_corrigido_v1\j01661.mat,5fbb1ffca038bd7e0c36b144358908c17a7f6b795425e329135105efa1360fae,05_resultados\revisao_operacional\campanha_v1\j01661.mat
j01662,05_resultados\revisao_operacional\campanha_v1\j01662.mat,c9ed3f161e7c846b94eaf2144f0888c6606eab21b79cb588cacb4021e5e2fd8c,
j01663,05_resultados\revisao_operacional\campanha_v1\j01663.mat,caa4acbbdedc7c876f8b7bad29422fa494658a955dd0d31de0c3a43a711eba81,
j01664,05_resultados\revisao_operacional\campanha_v1\j01664.mat,6d7bd83e68321876940c96c54cf87632e0de31c2baa3b1be011c89943652a247,
j01665,05_resultados\revisao_operacional\campanha_v1\j01665.mat,805655290ba344414f09bb7b06605c47fc8bca0ac426df30db0ff68fbe487858,
j01666,05_resultados\revisao_operacional\evento_adiantado_corrigido_v1\j01666.mat,d1366a21758a7eea41719168d73f2df1969bf63f1c6845b808f3cfb97d3f903a,05_resultados\revisao_operacional\campanha_v1\j01666.mat
j01667,05_resultados\revisao_operacional\campanha_v1\j01667.mat,6bbc10d4fd0c61343a1bf9129dcd7fefc5e8c0292cd1d7dafa928d3522ab29e3,
j01668,05_resultados\revisao_operacional\campanha_v1\j01668.mat,da7181c838d03b2ec32eccb57899aac6b3f8601ba17c188b0cd1a94c5b86489c,
j01669,05_resultados\revisao_operacional\campanha_v1\j01669.mat,4f6cc4c4e3849aefcbb3c47318dbcc776bdd708bffa38fdec732b0a1a5091628,
j01670,05_resultados\revisao_operacional\campanha_v1\j01670.mat,fa2407e876cfe832fad23af7bfd29f37fb23b781c99f7312af98ebcf6f54670f,
j01671,05_resultados\revisao_operacional\evento_adiantado_corrigido_v1\j01671.mat,b7e26b5bed584ea22144f3aa06f7cd15d4a5c06e22d2547515d54a5f175b59ca,05_resultados\revisao_operacional\campanha_v1\j01671.mat
j01672,05_resultados\revisao_operacional\campanha_v1\j01672.mat,a2b4860fb7502748917f73295e1ec36c44b2ef495203a111e8738a97082d2333,
j01673,05_resultados\revisao_operacional\campanha_v1\j01673.mat,bcdc0b1591790803d86c9098329f583f98e3a2d51ef268373bf9dc54c842158d,
j01674,05_resultados\revisao_operacional\campanha_v1\j01674.mat,d866b312abf5427b192456db41b119acd35a94826b222dcac4e5f09cdcd9834b,
j01675,05_resultados\revisao_operacional\campanha_v1\j01675.mat,ac3b5db37ca059df637eb49d7531bfc37a1e8ee973b69f3a97ee2a939a66e37d,
j01676,05_resultados\revisao_operacional\evento_adiantado_corrigido_v1\j01676.mat,55864915faff7e9e17fedb4801fd1af885b77fe5a11a0a66b34b6c1e4b85dc39,05_resultados\revisao_operacional\campanha_v1\j01676.mat
j01677,05_resultados\revisao_operacional\campanha_v1\j01677.mat,77624d442955f17e6f7cff1fd5deb749b2ff1ae496b4a3349e3fdf8933d194fb,
j01678,05_resultados\revisao_operacional\campanha_v1\j01678.mat,7d87ef633224998087a8d20bf03b63bcf803bf08dc90826dbe7e4568964db136,
j01679,05_resultados\revisao_operacional\campanha_v1\j01679.mat,ae74f5b18f7076ab266348c95714ffa78b402479a6f50bbacc5773c487785007,
j01680,05_resultados\revisao_operacional\campanha_v1\j01680.mat,a6739dff48a8e74556c8394c3b880b6ea3f40020efa88ca80161379511d5ec80,
j01681,05_resultados\revisao_operacional\evento_adiantado_corrigido_v1\j01681.mat,863e970e08b2802b8afc2bb4ec8dcc93830ba2643df4859431f8fcba0e1eab13,05_resultados\revisao_operacional\campanha_v1\j01681.mat
j01682,05_resultados\revisao_operacional\campanha_v1\j01682.mat,6ab406fa827f824f573bc0c9fdbca8a51d12f3b9819a0316136ae50125b400a6,
j01683,05_resultados\revisao_operacional\campanha_v1\j01683.mat,70344ea5c08cde233b2d48da584ee8d5c26e60da9d910ba09aaf5c85f7ea9300,
j01684,05_resultados\revisao_operacional\campanha_v1\j01684.mat,1787a448949f9a3f41abbc872b290f36e246ce9919839742439c875e0a0a63b4,
j01685,05_resultados\revisao_operacional\campanha_v1\j01685.mat,6f315ebca949d6e1c0a813fddd79cc5dddadaf97d9d51a5270760a4fe14e3807,
j01686,05_resultados\revisao_operacional\evento_adiantado_corrigido_v1\j01686.mat,4f3ebdb5b26ce359086cdb9afac4a3d62dbe3cf3e451169394a5523a8f4d08be,05_resultados\revisao_operacional\campanha_v1\j01686.mat
j01687,05_resultados\revisao_operacional\campanha_v1\j01687.mat,b67f5c1cdeed624b5d13816b4410a15ed865b60eb71f7139333c6eeaf2f6a6ca,
j01688,05_resultados\revisao_operacional\campanha_v1\j01688.mat,1df7e6fda8dcea2a5bed93be9f2d50649e7848ff515fa8d5dd06e338b43c5c9c,
j01689,05_resultados\revisao_operacional\campanha_v1\j01689.mat,9728c444b2e8074023068e1da2d3cbb2eab9a9e344edc3b90c13ed58ed69face,
j01690,05_resultados\revisao_operacional\campanha_v1\j01690.mat,8ed75f124b3b6b31e4318e0852016f8b73ce9d71c1c3f9b322a4d7e5f4c6a6f9,
j01691,05_resultados\revisao_operacional\evento_adiantado_corrigido_v1\j01691.mat,2dd85fccf627dace5a65ffc2aa90cd15bece073f00d67e59872d4bb7e96d561c,05_resultados\revisao_operacional\campanha_v1\j01691.mat
j01692,05_resultados\revisao_operacional\campanha_v1\j01692.mat,237663430a6dd4bdaef6786567873bb37a66999c5bf4277233d110296ab5a807,
j01693,05_resultados\revisao_operacional\campanha_v1\j01693.mat,d89f7c37525f5906e570b37dc1d981e6620965f7d0528b2aef8c845f14950941,
j01694,05_resultados\revisao_operacional\campanha_v1\j01694.mat,93c2ea7cae39db1871def6ca7d17631b20dbedeefcfaab9f4f569b5060b3af69,
j01695,05_resultados\revisao_operacional\campanha_v1\j01695.mat,2fb386597cbee398590ea43506911dc7f3f3db04c151a6944bec4b13f149550f,
j01696,05_resultados\revisao_operacional\evento_adiantado_corrigido_v1\j01696.mat,390d6acb61b36896b25be863a21aae2b697a066f385b64403993524c1e05882c,05_resultados\revisao_operacional\campanha_v1\j01696.mat
j01697,05_resultados\revisao_operacional\campanha_v1\j01697.mat,ba186fcbcde2ce7d58b7581e000814dbc468c39c2ad89ef2af164a5d04d4e7af,
j01698,05_resultados\revisao_operacional\campanha_v1\j01698.mat,cb00a07c8ac68b421d2c72cfdbf5cb0b1c4c8d55ddb0b09b87f174f1d0823c15,
j01699,05_resultados\revisao_operacional\campanha_v1\j01699.mat,a0f60c09add889829886d0819847a5fb95df451e60490a5e09f1a03ab15cffce,
j01700,05_resultados\revisao_operacional\campanha_v1\j01700.mat,56cff0342bdaeb2c117397930f62863ed8ca88eb7faa0e5e6ca4f7a97df61c29,
j01701,05_resultados\revisao_operacional\evento_adiantado_corrigido_v1\j01701.mat,53e139a70303e5e9e02ca8dd055bcbefef729018738a805d05fbc37db7971aec,05_resultados\revisao_operacional\campanha_v1\j01701.mat
j01702,05_resultados\revisao_operacional\campanha_v1\j01702.mat,b304473a76d3cf7da0578e97872e3cc2a763674bfa2a95e638fdaecaf8e00b97,
j01703,05_resultados\revisao_operacional\campanha_v1\j01703.mat,97f330475466a4e19012a8d27a4a0f98e2c8fcd12fdb2998f5f52c88c84a9de5,
j01704,05_resultados\revisao_operacional\campanha_v1\j01704.mat,20389c6cef66eb6606ba6124e366dfea5cc37dce3c4fa67d97e39d908b8f52b1,
j01705,05_resultados\revisao_operacional\campanha_v1\j01705.mat,3cce9af05e5becc13a1aae13c1048f31953efe4336497be0a1116a45615d4f5f,
j01706,05_resultados\revisao_operacional\evento_adiantado_corrigido_v1\j01706.mat,2d76effba2bfd04d32d3acda01e2e160dfdf239f741699efbd067cab008f7981,05_resultados\revisao_operacional\campanha_v1\j01706.mat
j01707,05_resultados\revisao_operacional\campanha_v1\j01707.mat,f4c01db5622569d027130fde71010c09712057516667717ebc3073980386073c,
j01708,05_resultados\revisao_operacional\campanha_v1\j01708.mat,da523340db2ca58ec91410c504a47c1384eccd6f74b3a8b0234e5827f88c0178,
j01709,05_resultados\revisao_operacional\campanha_v1\j01709.mat,22fd2f63eb289589dcb2e3a5e84f62f79e603fa2da113e309f73d02e09d296aa,
j01710,05_resultados\revisao_operacional\campanha_v1\j01710.mat,3712bc12e1c96ec49360e8c8a7486ec9b2923af7075b92823df3400aff03646e,
j01711,05_resultados\revisao_operacional\evento_adiantado_corrigido_v1\j01711.mat,af86507d581d346a2c440eee91b5cc1c805093b66c791d982fe8e606a32de9aa,05_resultados\revisao_operacional\campanha_v1\j01711.mat
j01712,05_resultados\revisao_operacional\campanha_v1\j01712.mat,a9d5329ce638b6c1ab5993ed13a2457c9a7413d8b935c26f6e8412ac72a749cf,
j01713,05_resultados\revisao_operacional\campanha_v1\j01713.mat,ba9a68a5b320dfea54fe05b98db7b4f47afac6cc3b7a122889304d21fc1be9a7,
j01714,05_resultados\revisao_operacional\campanha_v1\j01714.mat,7de46ab372021be5fb7018120d333acaaaf9f697ecd8166eaed9b794e8b954dc,
j01715,05_resultados\revisao_operacional\campanha_v1\j01715.mat,a9839fe04963d50e3c8f1e326c8781c6e8314bb58ba0c07fac6e719d198f41f8,
j01716,05_resultados\revisao_operacional\evento_adiantado_corrigido_v1\j01716.mat,4a6b3d8bdf015c02b737d206ff6ef32358f00c33b89b4b78e53f6f5bab300ffe,05_resultados\revisao_operacional\campanha_v1\j01716.mat
j01717,05_resultados\revisao_operacional\campanha_v1\j01717.mat,920a299cf6875bf98e65f398b97c1805c34e85fc5ef5bc92270cdc4e5e57d1d4,
j01718,05_resultados\revisao_operacional\campanha_v1\j01718.mat,07b7eb5eb260a63f9babfe441242bf002c0a722c54991e0062455d8858cf783a,
j01719,05_resultados\revisao_operacional\campanha_v1\j01719.mat,13125eb9eac247a4b62f7b986ae416a695a149c9728309625140f448ce92b7f6,
j01720,05_resultados\revisao_operacional\campanha_v1\j01720.mat,4f97b4c4b3e7e24eefb6ed02e05711c71cfe9540a9082675c4b647070b77c8ee,
j01721,05_resultados\revisao_operacional\evento_adiantado_corrigido_v1\j01721.mat,3e216ca07f3824df75e6d8f4cd9dd736347202ba98014b4d6001144751a330c6,05_resultados\revisao_operacional\campanha_v1\j01721.mat
j01722,05_resultados\revisao_operacional\campanha_v1\j01722.mat,ecae9cf73e93d1d6bc88b423a9349e6b3d1dfb3c00c1f9e830be2b80fbb1b539,
j01723,05_resultados\revisao_operacional\campanha_v1\j01723.mat,d2c64e8b41bd64bbb3ad9bbcb94e61fce32b18004d076d02e1670b4f110b8882,
j01724,05_resultados\revisao_operacional\campanha_v1\j01724.mat,9ce290a1d57816c1202117511c482e1e8bd3e8ed38f41b437ac6ad17edb897d4,
j01725,05_resultados\revisao_operacional\campanha_v1\j01725.mat,1ae642d78832c9040bd8d1bfc1973253596bac5f47eaf0ef3af95fc6910d53ca,
j01726,05_resultados\revisao_operacional\evento_adiantado_corrigido_v1\j01726.mat,8908da9df9eda200dd9c8625ae57f81107a7a23aa79a2c32bedb89bf8b7ee95e,05_resultados\revisao_operacional\campanha_v1\j01726.mat
j01727,05_resultados\revisao_operacional\campanha_v1\j01727.mat,b7746c697d6cdfd138674d4e80f047207398946be94143e625de1c4dc21057d9,
j01728,05_resultados\revisao_operacional\campanha_v1\j01728.mat,e492a4e25bb6649f095ce0b0995cb19963e16c8f4135ae74296c7065e17a2f94,
j01729,05_resultados\revisao_operacional\campanha_v1\j01729.mat,505f20bf99015a453154835851b49d133498c726ec0683cf95bb68bfc0cd1b67,
j01730,05_resultados\revisao_operacional\campanha_v1\j01730.mat,3cfc236b8acfe9a33d1680ec4536be6ead73b7dc9bca59b2b5cae27be4715270,
j01731,05_resultados\revisao_operacional\evento_adiantado_corrigido_v1\j01731.mat,9750cbd9f7aabc9318d24bf988e34724ad4bdeff658cb63b6076e05bc9ea6fa5,05_resultados\revisao_operacional\campanha_v1\j01731.mat
j01732,05_resultados\revisao_operacional\campanha_v1\j01732.mat,27a40ffc8d297d35d6a838fc7233648b4ece83932251ae9945f84e00711df3b6,
j01733,05_resultados\revisao_operacional\campanha_v1\j01733.mat,3ea6636a93386ec59d0fdb18b479e4dfb5fcb3c13f712a94647cff022494c437,
j01734,05_resultados\revisao_operacional\campanha_v1\j01734.mat,a3cf954c8c1cdae69c7f2218c2662acbd34bc06431ea0a53e7cca31fbc275b8b,
j01735,05_resultados\revisao_operacional\campanha_v1\j01735.mat,bf7189e13fb7cc229e765f1360eeddf46f0b2128987077368c5e1c11beb3ee52,
j01736,05_resultados\revisao_operacional\evento_adiantado_corrigido_v1\j01736.mat,c6144446d792de9c4e55a48b445eae7fcc0d548e5587f91cb8d7c69e745ca291,05_resultados\revisao_operacional\campanha_v1\j01736.mat
j01737,05_resultados\revisao_operacional\campanha_v1\j01737.mat,f11017c505f8d40f1575fad9b3806367eaec93f87cd2dd25d1eefb0644e43be3,
j01738,05_resultados\revisao_operacional\campanha_v1\j01738.mat,baa209fd4c20224e2f791f16efdfbaed66c7a8514d56f3849a2de59a090f4313,
j01739,05_resultados\revisao_operacional\campanha_v1\j01739.mat,afaf219573c315eb79be0505345833e1676470e3a0151757b9be1d8aabf30263,
j01740,05_resultados\revisao_operacional\campanha_v1\j01740.mat,d2a35442322c8b72005794ecff8c996a20acbd3b6b056d43262319d81412dd80,
j01741,05_resultados\revisao_operacional\evento_adiantado_corrigido_v1\j01741.mat,70e66f41a8d2525ff8a0bd28251c0bc5767b1ed7576a03b4d2be0990e6fff5c2,05_resultados\revisao_operacional\campanha_v1\j01741.mat
j01742,05_resultados\revisao_operacional\campanha_v1\j01742.mat,c48a10c3abf054308fbdd9b0ace6cf727e5ac71759f19746da94477660a6681e,
j01743,05_resultados\revisao_operacional\campanha_v1\j01743.mat,797be5d2c1f94dc91497d5b0d2d2174da75c7e157959a73f6c8c839dc88a936e,
j01744,05_resultados\revisao_operacional\campanha_v1\j01744.mat,dcd191d3a3cfebbe1778ea67f1d0ec63f38dbf233e0c2a8b3d6bfbef89731a38,
j01745,05_resultados\revisao_operacional\campanha_v1\j01745.mat,eac54aa6d76d406487cc9dd570b61186f22dc0b1a10d68fa1734261f25f033ae,
j01746,05_resultados\revisao_operacional\evento_adiantado_corrigido_v1\j01746.mat,b04a6d5688d62e13e49102fa77d08f3c3bd13ab1bb57f256ca20b1d65f914765,05_resultados\revisao_operacional\campanha_v1\j01746.mat
j01747,05_resultados\revisao_operacional\campanha_v1\j01747.mat,ced323a73cfb84883ddab4006ceff95127b34ab3e832f45cbc258913039f09ba,
j01748,05_resultados\revisao_operacional\campanha_v1\j01748.mat,081c52afb4e5b71a677845f2e531b6e3a13c815372be9e51100846609ab5990b,
j01749,05_resultados\revisao_operacional\evento_adiantado_corrigido_v1\j01749.mat,34960c88882c32e3109fbf4211ec1a1c3b54d1c21991bb9bb197c3ab36429048,05_resultados\revisao_operacional\campanha_v1\j01749.mat
j01750,05_resultados\revisao_operacional\evento_adiantado_corrigido_v1\j01750.mat,cab13a6b58a83d2fd1194deba66f90b9df6ba6e32c01e312eb756adbd7d52af3,05_resultados\revisao_operacional\campanha_v1\j01750.mat
j01751,05_resultados\revisao_operacional\campanha_v1\j01751.mat,c12e2b481c75151eaa865bad68f45534e24dc7f30e1969c950fc7d4ce9e11826,
j01752,05_resultados\revisao_operacional\campanha_v1\j01752.mat,a822c41fe4e06c4eae8e2f0cd5355b4a520dd1dd95625ae8f1d890d0a507ed73,
j01753,05_resultados\revisao_operacional\campanha_v1\j01753.mat,39eed965574119e0f996aadc4aefcc3de7b9e668979cb01459936262ad2ce4e1,
j01754,05_resultados\revisao_operacional\campanha_v1\j01754.mat,28c91f4431f1e6812af3dbf18ec5233f9623c9db8ca3759347a7abe61f828841,
j01755,05_resultados\revisao_operacional\campanha_v1\j01755.mat,4f6bf09a385d71bb3417c8393cd8b0a09d3baa76ec665c3a9aed8459c8ae6b98,
